4416
Building 4 5 0.062
33.000 26.750
33.250 26.750
33.250 26.500
33.000 26.500
Building 4 5 0.062
33.000 27.000
33.250 27.000
33.250 26.750
33.000 26.750
Building 4 5 0.062
33.000 27.250
33.250 27.250
33.250 27.000
33.000 27.000
Building 4 5 0.062
33.000 27.500
33.250 27.500
33.250 27.250
33.000 27.250
Building 4 5 0.062
33.000 27.750
33.250 27.750
33.250 27.500
33.000 27.500
Building 4 5 0.062
33.000 28.000
33.250 28.000
33.250 27.750
33.000 27.750
Building 4 5 0.062
33.000 28.250
33.250 28.250
33.250 28.000
33.000 28.000
Building 4 5 0.062
33.000 28.500
33.250 28.500
33.250 28.250
33.000 28.250
Building 4 5 0.062
33.000 28.750
33.250 28.750
33.250 28.500
33.000 28.500
Building 4 5 0.062
33.000 29.000
33.250 29.000
33.250 28.750
33.000 28.750
Building 4 5 0.062
33.000 29.250
33.250 29.250
33.250 29.000
33.000 29.000
Building 4 5 0.062
33.000 29.500
33.250 29.500
33.250 29.250
33.000 29.250
Building 4 5 0.062
33.000 29.750
33.250 29.750
33.250 29.500
33.000 29.500
Building 4 5 0.062
33.000 30.000
33.250 30.000
33.250 29.750
33.000 29.750
Building 4 5 0.062
33.000 30.250
33.250 30.250
33.250 30.000
33.000 30.000
Building 4 5 0.062
33.000 30.500
33.250 30.500
33.250 30.250
33.000 30.250
Building 4 5 0.062
33.000 30.750
33.250 30.750
33.250 30.500
33.000 30.500
Building 4 5 0.062
33.000 31.000
33.250 31.000
33.250 30.750
33.000 30.750
Building 4 5 0.062
33.000 31.250
33.250 31.250
33.250 31.000
33.000 31.000
Building 4 5 0.062
33.000 31.500
33.250 31.500
33.250 31.250
33.000 31.250
Building 4 5 0.062
33.000 31.750
33.250 31.750
33.250 31.500
33.000 31.500
Building 4 5 0.062
33.000 32.000
33.250 32.000
33.250 31.750
33.000 31.750
Building 4 5 0.062
33.000 32.250
33.250 32.250
33.250 32.000
33.000 32.000
Building 4 5 0.062
33.000 32.500
33.250 32.500
33.250 32.250
33.000 32.250
Building 4 5 0.062
33.000 32.750
33.250 32.750
33.250 32.500
33.000 32.500
Building 4 5 0.062
33.000 33.000
33.250 33.000
33.250 32.750
33.000 32.750
Building 4 5 0.062
33.000 33.250
33.250 33.250
33.250 33.000
33.000 33.000
Building 4 5 0.062
33.000 33.500
33.250 33.500
33.250 33.250
33.000 33.250
Building 4 5 0.062
33.250 26.500
33.250 26.750
33.500 26.750
33.500 26.500
Building 4 5 0.062
33.250 26.750
33.250 27.000
33.500 27.000
33.500 26.750
Building 4 5 0.062
33.250 27.000
33.250 27.250
33.500 27.250
33.500 27.000
Building 4 5 0.062
33.250 27.250
33.250 27.500
33.500 27.500
33.500 27.250
Building 4 5 0.062
33.250 27.500
33.250 27.750
33.500 27.750
33.500 27.500
Building 4 5 0.062
33.250 27.750
33.250 28.000
33.500 28.000
33.500 27.750
Building 4 5 0.062
33.250 28.000
33.250 28.250
33.500 28.250
33.500 28.000
Building 4 5 0.062
33.250 28.250
33.250 28.500
33.500 28.500
33.500 28.250
Building 4 5 0.062
33.250 28.500
33.250 28.750
33.500 28.750
33.500 28.500
Building 4 5 0.062
33.250 28.750
33.250 29.000
33.500 29.000
33.500 28.750
Building 4 5 0.062
33.250 29.000
33.250 29.250
33.500 29.250
33.500 29.000
Building 4 5 0.062
33.250 29.250
33.250 29.500
33.500 29.500
33.500 29.250
Building 4 5 0.062
33.250 29.500
33.250 29.750
33.500 29.750
33.500 29.500
Building 4 5 0.062
33.250 29.750
33.250 30.000
33.500 30.000
33.500 29.750
Building 4 5 0.062
33.250 30.000
33.250 30.250
33.500 30.250
33.500 30.000
Building 4 5 0.062
33.250 30.250
33.250 30.500
33.500 30.500
33.500 30.250
Building 4 5 0.062
33.250 30.500
33.250 30.750
33.500 30.750
33.500 30.500
Building 4 5 0.062
33.250 30.750
33.250 31.000
33.500 31.000
33.500 30.750
Building 4 5 0.062
33.250 31.000
33.250 31.250
33.500 31.250
33.500 31.000
Building 4 5 0.062
33.250 31.250
33.250 31.500
33.500 31.500
33.500 31.250
Building 4 5 0.062
33.250 31.500
33.250 31.750
33.500 31.750
33.500 31.500
Building 4 5 0.062
33.250 31.750
33.250 32.000
33.500 32.000
33.500 31.750
Building 4 5 0.062
33.250 32.000
33.250 32.250
33.500 32.250
33.500 32.000
Building 4 5 0.062
33.250 32.250
33.250 32.500
33.500 32.500
33.500 32.250
Building 4 5 0.062
33.250 32.500
33.250 32.750
33.500 32.750
33.500 32.500
Building 4 5 0.062
33.250 32.750
33.250 33.000
33.500 33.000
33.500 32.750
Building 4 5 0.062
33.250 33.000
33.250 33.250
33.500 33.250
33.500 33.000
Building 4 5 0.062
33.500 33.500
33.500 33.250
33.250 33.250
33.250 33.500
Building 4 5 0.062
33.500 26.500
33.500 26.750
33.750 26.750
33.750 26.500
Building 4 5 0.062
33.500 26.750
33.500 27.000
33.750 27.000
33.750 26.750
Building 4 5 0.062
33.500 27.000
33.500 27.250
33.750 27.250
33.750 27.000
Building 4 5 0.062
33.500 27.250
33.500 27.500
33.750 27.500
33.750 27.250
Building 4 5 0.062
33.500 27.500
33.500 27.750
33.750 27.750
33.750 27.500
Building 4 5 0.062
33.500 27.750
33.500 28.000
33.750 28.000
33.750 27.750
Building 4 5 0.062
33.500 28.000
33.500 28.250
33.750 28.250
33.750 28.000
Building 4 5 0.062
33.500 28.250
33.500 28.500
33.750 28.500
33.750 28.250
Building 4 5 0.062
33.500 28.500
33.500 28.750
33.750 28.750
33.750 28.500
Building 4 5 0.062
33.500 28.750
33.500 29.000
33.750 29.000
33.750 28.750
Building 4 5 0.062
33.500 29.000
33.500 29.250
33.750 29.250
33.750 29.000
Building 4 5 0.062
33.500 29.250
33.500 29.500
33.750 29.500
33.750 29.250
Building 4 5 0.062
33.500 29.500
33.500 29.750
33.750 29.750
33.750 29.500
Building 4 5 0.062
33.500 29.750
33.500 30.000
33.750 30.000
33.750 29.750
Building 4 5 0.062
33.500 30.000
33.500 30.250
33.750 30.250
33.750 30.000
Building 4 5 0.062
33.500 30.250
33.500 30.500
33.750 30.500
33.750 30.250
Building 4 5 0.062
33.500 30.500
33.500 30.750
33.750 30.750
33.750 30.500
Building 4 5 0.062
33.500 30.750
33.500 31.000
33.750 31.000
33.750 30.750
Building 4 5 0.062
33.500 31.000
33.500 31.250
33.750 31.250
33.750 31.000
Building 4 5 0.062
33.500 31.250
33.500 31.500
33.750 31.500
33.750 31.250
Building 4 5 0.062
33.500 31.500
33.500 31.750
33.750 31.750
33.750 31.500
Building 4 5 0.062
33.500 31.750
33.500 32.000
33.750 32.000
33.750 31.750
Building 4 5 0.062
33.500 32.000
33.500 32.250
33.750 32.250
33.750 32.000
Building 4 5 0.062
33.500 32.250
33.500 32.500
33.750 32.500
33.750 32.250
Building 4 5 0.062
33.500 32.500
33.500 32.750
33.750 32.750
33.750 32.500
Building 4 5 0.062
33.500 32.750
33.500 33.000
33.750 33.000
33.750 32.750
Building 4 5 0.062
33.500 33.000
33.500 33.250
33.750 33.250
33.750 33.000
Building 4 5 0.062
33.750 33.500
33.750 33.250
33.500 33.250
33.500 33.500
Building 4 5 0.062
33.750 26.500
33.750 26.750
34.000 26.750
34.000 26.500
Building 4 5 0.062
33.750 26.750
33.750 27.000
34.000 27.000
34.000 26.750
Building 4 5 0.062
33.750 27.000
33.750 27.250
34.000 27.250
34.000 27.000
Building 4 5 0.062
33.750 27.250
33.750 27.500
34.000 27.500
34.000 27.250
Building 4 5 0.062
33.750 27.500
33.750 27.750
34.000 27.750
34.000 27.500
Building 4 5 0.062
33.750 27.750
33.750 28.000
34.000 28.000
34.000 27.750
Building 4 5 0.062
33.750 28.000
33.750 28.250
34.000 28.250
34.000 28.000
Building 4 5 0.062
33.750 28.250
33.750 28.500
34.000 28.500
34.000 28.250
Building 4 5 0.062
33.750 28.500
33.750 28.750
34.000 28.750
34.000 28.500
Building 4 5 0.062
33.750 28.750
33.750 29.000
34.000 29.000
34.000 28.750
Building 4 5 0.062
33.750 29.000
33.750 29.250
34.000 29.250
34.000 29.000
Building 4 5 0.062
33.750 29.250
33.750 29.500
34.000 29.500
34.000 29.250
Building 4 5 0.062
33.750 29.500
33.750 29.750
34.000 29.750
34.000 29.500
Building 4 5 0.062
33.750 29.750
33.750 30.000
34.000 30.000
34.000 29.750
Building 4 5 0.062
33.750 30.000
33.750 30.250
34.000 30.250
34.000 30.000
Building 4 5 0.062
33.750 30.250
33.750 30.500
34.000 30.500
34.000 30.250
Building 4 5 0.062
33.750 30.500
33.750 30.750
34.000 30.750
34.000 30.500
Building 4 5 0.062
33.750 30.750
33.750 31.000
34.000 31.000
34.000 30.750
Building 4 5 0.062
33.750 31.000
33.750 31.250
34.000 31.250
34.000 31.000
Building 4 5 0.062
33.750 31.250
33.750 31.500
34.000 31.500
34.000 31.250
Building 4 5 0.062
33.750 31.500
33.750 31.750
34.000 31.750
34.000 31.500
Building 4 5 0.062
33.750 31.750
33.750 32.000
34.000 32.000
34.000 31.750
Building 4 5 0.062
33.750 32.000
33.750 32.250
34.000 32.250
34.000 32.000
Building 4 5 0.062
33.750 32.250
33.750 32.500
34.000 32.500
34.000 32.250
Building 4 5 0.062
33.750 32.500
33.750 32.750
34.000 32.750
34.000 32.500
Building 4 5 0.062
33.750 32.750
33.750 33.000
34.000 33.000
34.000 32.750
Building 4 5 0.062
33.750 33.000
33.750 33.250
34.000 33.250
34.000 33.000
Building 4 5 0.062
34.000 33.500
34.000 33.250
33.750 33.250
33.750 33.500
Building 4 5 0.062
34.000 26.500
34.000 26.750
34.250 26.750
34.250 26.500
Building 4 5 0.062
34.000 26.750
34.000 27.000
34.250 27.000
34.250 26.750
Building 4 5 0.062
34.000 27.000
34.000 27.250
34.250 27.250
34.250 27.000
Building 4 5 0.062
34.000 27.250
34.000 27.500
34.250 27.500
34.250 27.250
Building 4 5 0.062
34.000 27.500
34.000 27.750
34.250 27.750
34.250 27.500
Building 4 5 0.062
34.000 27.750
34.000 28.000
34.250 28.000
34.250 27.750
Building 4 5 0.062
34.000 28.000
34.000 28.250
34.250 28.250
34.250 28.000
Building 4 5 0.062
34.000 28.250
34.000 28.500
34.250 28.500
34.250 28.250
Building 4 5 0.062
34.000 28.500
34.000 28.750
34.250 28.750
34.250 28.500
Building 4 5 0.062
34.000 28.750
34.000 29.000
34.250 29.000
34.250 28.750
Building 4 5 0.062
34.000 29.000
34.000 29.250
34.250 29.250
34.250 29.000
Building 4 5 0.062
34.000 29.250
34.000 29.500
34.250 29.500
34.250 29.250
Building 4 5 0.062
34.000 29.500
34.000 29.750
34.250 29.750
34.250 29.500
Building 4 5 0.062
34.000 29.750
34.000 30.000
34.250 30.000
34.250 29.750
Building 4 5 0.062
34.000 30.000
34.000 30.250
34.250 30.250
34.250 30.000
Building 4 5 0.062
34.000 30.250
34.000 30.500
34.250 30.500
34.250 30.250
Building 4 5 0.062
34.000 30.500
34.000 30.750
34.250 30.750
34.250 30.500
Building 4 5 0.062
34.000 30.750
34.000 31.000
34.250 31.000
34.250 30.750
Building 4 5 0.062
34.000 31.000
34.000 31.250
34.250 31.250
34.250 31.000
Building 4 5 0.062
34.000 31.250
34.000 31.500
34.250 31.500
34.250 31.250
Building 4 5 0.062
34.000 31.500
34.000 31.750
34.250 31.750
34.250 31.500
Building 4 5 0.062
34.000 31.750
34.000 32.000
34.250 32.000
34.250 31.750
Building 4 5 0.062
34.000 32.000
34.000 32.250
34.250 32.250
34.250 32.000
Building 4 5 0.062
34.000 32.250
34.000 32.500
34.250 32.500
34.250 32.250
Building 4 5 0.062
34.000 32.500
34.000 32.750
34.250 32.750
34.250 32.500
Building 4 5 0.062
34.000 32.750
34.000 33.000
34.250 33.000
34.250 32.750
Building 4 5 0.062
34.000 33.000
34.000 33.250
34.250 33.250
34.250 33.000
Building 4 5 0.062
34.250 33.500
34.250 33.250
34.000 33.250
34.000 33.500
Building 4 5 0.062
34.250 26.500
34.250 26.750
34.500 26.750
34.500 26.500
Building 4 5 0.062
34.250 26.750
34.250 27.000
34.500 27.000
34.500 26.750
Building 4 5 0.062
34.250 27.000
34.250 27.250
34.500 27.250
34.500 27.000
Building 4 5 0.062
34.250 27.250
34.250 27.500
34.500 27.500
34.500 27.250
Building 4 5 0.062
34.250 27.500
34.250 27.750
34.500 27.750
34.500 27.500
Building 4 5 0.062
34.250 27.750
34.250 28.000
34.500 28.000
34.500 27.750
Building 4 5 0.062
34.250 28.000
34.250 28.250
34.500 28.250
34.500 28.000
Building 4 5 0.062
34.250 28.250
34.250 28.500
34.500 28.500
34.500 28.250
Building 4 5 0.062
34.250 28.500
34.250 28.750
34.500 28.750
34.500 28.500
Building 4 5 0.062
34.250 28.750
34.250 29.000
34.500 29.000
34.500 28.750
Building 4 5 0.062
34.250 29.000
34.250 29.250
34.500 29.250
34.500 29.000
Building 4 5 0.062
34.250 29.250
34.250 29.500
34.500 29.500
34.500 29.250
Building 4 5 0.062
34.250 29.500
34.250 29.750
34.500 29.750
34.500 29.500
Building 4 5 0.062
34.250 29.750
34.250 30.000
34.500 30.000
34.500 29.750
Building 4 5 0.062
34.250 30.000
34.250 30.250
34.500 30.250
34.500 30.000
Building 4 5 0.062
34.250 30.250
34.250 30.500
34.500 30.500
34.500 30.250
Building 4 5 0.062
34.250 30.500
34.250 30.750
34.500 30.750
34.500 30.500
Building 4 5 0.062
34.250 30.750
34.250 31.000
34.500 31.000
34.500 30.750
Building 4 5 0.062
34.250 31.000
34.250 31.250
34.500 31.250
34.500 31.000
Building 4 5 0.062
34.250 31.250
34.250 31.500
34.500 31.500
34.500 31.250
Building 4 5 0.062
34.250 31.500
34.250 31.750
34.500 31.750
34.500 31.500
Building 4 5 0.062
34.250 31.750
34.250 32.000
34.500 32.000
34.500 31.750
Building 4 5 0.062
34.250 32.000
34.250 32.250
34.500 32.250
34.500 32.000
Building 4 5 0.062
34.250 32.250
34.250 32.500
34.500 32.500
34.500 32.250
Building 4 5 0.062
34.250 32.500
34.250 32.750
34.500 32.750
34.500 32.500
Building 4 5 0.062
34.250 32.750
34.250 33.000
34.500 33.000
34.500 32.750
Building 4 5 0.062
34.250 33.000
34.250 33.250
34.500 33.250
34.500 33.000
Building 4 5 0.062
34.500 33.500
34.500 33.250
34.250 33.250
34.250 33.500
Building 4 5 0.062
34.500 26.500
34.500 26.750
34.750 26.750
34.750 26.500
Building 4 5 0.062
34.500 26.750
34.500 27.000
34.750 27.000
34.750 26.750
Building 4 5 0.062
34.500 27.000
34.500 27.250
34.750 27.250
34.750 27.000
Building 4 5 0.062
34.500 27.250
34.500 27.500
34.750 27.500
34.750 27.250
Building 4 5 0.062
34.500 27.500
34.500 27.750
34.750 27.750
34.750 27.500
Building 4 5 0.062
34.500 27.750
34.500 28.000
34.750 28.000
34.750 27.750
Building 4 5 0.062
34.500 28.000
34.500 28.250
34.750 28.250
34.750 28.000
Building 4 5 0.062
34.500 28.250
34.500 28.500
34.750 28.500
34.750 28.250
Building 4 5 0.062
34.500 28.500
34.500 28.750
34.750 28.750
34.750 28.500
Building 4 5 0.062
34.500 28.750
34.500 29.000
34.750 29.000
34.750 28.750
Building 4 5 0.062
34.500 29.000
34.500 29.250
34.750 29.250
34.750 29.000
Building 4 5 0.062
34.500 29.250
34.500 29.500
34.750 29.500
34.750 29.250
Building 4 5 0.062
34.500 29.500
34.500 29.750
34.750 29.750
34.750 29.500
Building 4 5 0.062
34.500 29.750
34.500 30.000
34.750 30.000
34.750 29.750
Building 4 5 0.062
34.500 30.000
34.500 30.250
34.750 30.250
34.750 30.000
Building 4 5 0.062
34.500 30.250
34.500 30.500
34.750 30.500
34.750 30.250
Building 4 5 0.062
34.500 30.500
34.500 30.750
34.750 30.750
34.750 30.500
Building 4 5 0.062
34.500 30.750
34.500 31.000
34.750 31.000
34.750 30.750
Building 4 5 0.062
34.500 31.000
34.500 31.250
34.750 31.250
34.750 31.000
Building 4 5 0.062
34.500 31.250
34.500 31.500
34.750 31.500
34.750 31.250
Building 4 5 0.062
34.500 31.500
34.500 31.750
34.750 31.750
34.750 31.500
Building 4 5 0.062
34.500 31.750
34.500 32.000
34.750 32.000
34.750 31.750
Building 4 5 0.062
34.500 32.000
34.500 32.250
34.750 32.250
34.750 32.000
Building 4 5 0.062
34.500 32.250
34.500 32.500
34.750 32.500
34.750 32.250
Building 4 5 0.062
34.500 32.500
34.500 32.750
34.750 32.750
34.750 32.500
Building 4 5 0.062
34.500 32.750
34.500 33.000
34.750 33.000
34.750 32.750
Building 4 5 0.062
34.500 33.000
34.500 33.250
34.750 33.250
34.750 33.000
Building 4 5 0.062
34.750 33.500
34.750 33.250
34.500 33.250
34.500 33.500
Building 4 5 0.062
34.750 26.500
34.750 26.750
35.000 26.750
35.000 26.500
Building 4 5 0.062
34.750 26.750
34.750 27.000
35.000 27.000
35.000 26.750
Building 4 5 0.062
34.750 27.000
34.750 27.250
35.000 27.250
35.000 27.000
Building 4 5 0.062
34.750 27.250
34.750 27.500
35.000 27.500
35.000 27.250
Building 4 5 0.062
34.750 27.500
34.750 27.750
35.000 27.750
35.000 27.500
Building 4 5 0.062
34.750 27.750
34.750 28.000
35.000 28.000
35.000 27.750
Building 4 5 0.062
34.750 28.000
34.750 28.250
35.000 28.250
35.000 28.000
Building 4 5 0.062
35.000 28.250
34.750 28.250
34.750 28.500
35.000 28.500
Building 4 5 0.062
35.000 28.500
34.750 28.500
34.750 28.750
35.000 28.750
Building 4 5 0.062
35.000 28.750
34.750 28.750
34.750 29.000
35.000 29.000
Building 4 5 0.062
35.000 29.000
34.750 29.000
34.750 29.250
35.000 29.250
Building 4 5 0.062
35.000 29.250
34.750 29.250
34.750 29.500
35.000 29.500
Building 4 5 0.062
35.000 29.500
34.750 29.500
34.750 29.750
35.000 29.750
Building 4 5 0.062
35.000 29.750
34.750 29.750
34.750 30.000
35.000 30.000
Building 4 5 0.062
35.000 30.000
34.750 30.000
34.750 30.250
35.000 30.250
Building 4 5 0.062
35.000 30.250
34.750 30.250
34.750 30.500
35.000 30.500
Building 4 5 0.062
35.000 30.500
34.750 30.500
34.750 30.750
35.000 30.750
Building 4 5 0.062
35.000 30.750
34.750 30.750
34.750 31.000
35.000 31.000
Building 4 5 0.062
35.000 31.000
34.750 31.000
34.750 31.250
35.000 31.250
Building 4 5 0.062
35.000 31.250
34.750 31.250
34.750 31.500
35.000 31.500
Building 4 5 0.062
34.750 31.500
34.750 31.750
35.000 31.750
35.000 31.500
Building 4 5 0.062
34.750 31.750
34.750 32.000
35.000 32.000
35.000 31.750
Building 4 5 0.062
34.750 32.000
34.750 32.250
35.000 32.250
35.000 32.000
Building 4 5 0.062
34.750 32.250
34.750 32.500
35.000 32.500
35.000 32.250
Building 4 5 0.062
34.750 32.500
34.750 32.750
35.000 32.750
35.000 32.500
Building 4 5 0.062
34.750 32.750
34.750 33.000
35.000 33.000
35.000 32.750
Building 4 5 0.062
34.750 33.000
34.750 33.250
35.000 33.250
35.000 33.000
Building 4 5 0.062
35.000 33.500
35.000 33.250
34.750 33.250
34.750 33.500
Building 4 5 0.062
35.000 26.500
35.000 26.750
35.250 26.750
35.250 26.500
Building 4 5 0.062
35.000 26.750
35.000 27.000
35.250 27.000
35.250 26.750
Building 4 5 0.062
35.000 27.000
35.000 27.250
35.250 27.250
35.250 27.000
Building 4 5 0.062
35.000 27.250
35.000 27.500
35.250 27.500
35.250 27.250
Building 4 5 0.062
35.000 27.500
35.000 27.750
35.250 27.750
35.250 27.500
Building 4 5 0.062
35.000 27.750
35.000 28.000
35.250 28.000
35.250 27.750
Building 4 5 0.062
35.000 28.000
35.000 28.250
35.250 28.250
35.250 28.000
Building 4 5 0.062
35.250 28.500
35.250 28.250
35.000 28.250
35.000 28.500
Building 4 5 0.062
35.000 31.500
35.000 31.750
35.250 31.750
35.250 31.500
Building 4 5 0.062
35.000 31.750
35.000 32.000
35.250 32.000
35.250 31.750
Building 4 5 0.062
35.000 32.000
35.000 32.250
35.250 32.250
35.250 32.000
Building 4 5 0.062
35.000 32.250
35.000 32.500
35.250 32.500
35.250 32.250
Building 4 5 0.062
35.000 32.500
35.000 32.750
35.250 32.750
35.250 32.500
Building 4 5 0.062
35.000 32.750
35.000 33.000
35.250 33.000
35.250 32.750
Building 4 5 0.062
35.000 33.000
35.000 33.250
35.250 33.250
35.250 33.000
Building 4 5 0.062
35.250 33.500
35.250 33.250
35.000 33.250
35.000 33.500
Building 4 5 0.062
35.250 26.500
35.250 26.750
35.500 26.750
35.500 26.500
Building 4 5 0.062
35.250 26.750
35.250 27.000
35.500 27.000
35.500 26.750
Building 4 5 0.062
35.250 27.000
35.250 27.250
35.500 27.250
35.500 27.000
Building 4 5 0.062
35.250 27.250
35.250 27.500
35.500 27.500
35.500 27.250
Building 4 5 0.062
35.250 27.500
35.250 27.750
35.500 27.750
35.500 27.500
Building 4 5 0.062
35.250 27.750
35.250 28.000
35.500 28.000
35.500 27.750
Building 4 5 0.062
35.250 28.000
35.250 28.250
35.500 28.250
35.500 28.000
Building 4 5 0.062
35.500 28.500
35.500 28.250
35.250 28.250
35.250 28.500
Building 4 5 0.062
35.250 31.500
35.250 31.750
35.500 31.750
35.500 31.500
Building 4 5 0.062
35.250 31.750
35.250 32.000
35.500 32.000
35.500 31.750
Building 4 5 0.062
35.250 32.000
35.250 32.250
35.500 32.250
35.500 32.000
Building 4 5 0.062
35.250 32.250
35.250 32.500
35.500 32.500
35.500 32.250
Building 4 5 0.062
35.250 32.500
35.250 32.750
35.500 32.750
35.500 32.500
Building 4 5 0.062
35.250 32.750
35.250 33.000
35.500 33.000
35.500 32.750
Building 4 5 0.062
35.250 33.000
35.250 33.250
35.500 33.250
35.500 33.000
Building 4 5 0.062
35.500 33.500
35.500 33.250
35.250 33.250
35.250 33.500
Building 4 5 0.062
35.500 26.500
35.500 26.750
35.750 26.750
35.750 26.500
Building 4 5 0.062
35.500 26.750
35.500 27.000
35.750 27.000
35.750 26.750
Building 4 5 0.062
35.500 27.000
35.500 27.250
35.750 27.250
35.750 27.000
Building 4 5 0.062
35.500 27.250
35.500 27.500
35.750 27.500
35.750 27.250
Building 4 5 0.062
35.500 27.500
35.500 27.750
35.750 27.750
35.750 27.500
Building 4 5 0.062
35.500 27.750
35.500 28.000
35.750 28.000
35.750 27.750
Building 4 5 0.062
35.500 28.000
35.500 28.250
35.750 28.250
35.750 28.000
Building 4 5 0.062
35.750 28.500
35.750 28.250
35.500 28.250
35.500 28.500
Building 4 5 0.062
35.500 31.500
35.500 31.750
35.750 31.750
35.750 31.500
Building 4 5 0.062
35.500 31.750
35.500 32.000
35.750 32.000
35.750 31.750
Building 4 5 0.062
35.500 32.000
35.500 32.250
35.750 32.250
35.750 32.000
Building 4 5 0.062
35.500 32.250
35.500 32.500
35.750 32.500
35.750 32.250
Building 4 5 0.062
35.500 32.500
35.500 32.750
35.750 32.750
35.750 32.500
Building 4 5 0.062
35.500 32.750
35.500 33.000
35.750 33.000
35.750 32.750
Building 4 5 0.062
35.500 33.000
35.500 33.250
35.750 33.250
35.750 33.000
Building 4 5 0.062
35.750 33.500
35.750 33.250
35.500 33.250
35.500 33.500
Building 4 5 0.062
35.750 26.500
35.750 26.750
36.000 26.750
36.000 26.500
Building 4 5 0.062
35.750 26.750
35.750 27.000
36.000 27.000
36.000 26.750
Building 4 5 0.062
35.750 27.000
35.750 27.250
36.000 27.250
36.000 27.000
Building 4 5 0.062
35.750 27.250
35.750 27.500
36.000 27.500
36.000 27.250
Building 4 5 0.062
35.750 27.500
35.750 27.750
36.000 27.750
36.000 27.500
Building 4 5 0.062
35.750 27.750
35.750 28.000
36.000 28.000
36.000 27.750
Building 4 5 0.062
35.750 28.000
35.750 28.250
36.000 28.250
36.000 28.000
Building 4 5 0.062
36.000 28.500
36.000 28.250
35.750 28.250
35.750 28.500
Building 4 5 0.062
35.750 31.500
35.750 31.750
36.000 31.750
36.000 31.500
Building 4 5 0.062
35.750 31.750
35.750 32.000
36.000 32.000
36.000 31.750
Building 4 5 0.062
35.750 32.000
35.750 32.250
36.000 32.250
36.000 32.000
Building 4 5 0.062
35.750 32.250
35.750 32.500
36.000 32.500
36.000 32.250
Building 4 5 0.062
35.750 32.500
35.750 32.750
36.000 32.750
36.000 32.500
Building 4 5 0.062
35.750 32.750
35.750 33.000
36.000 33.000
36.000 32.750
Building 4 5 0.062
35.750 33.000
35.750 33.250
36.000 33.250
36.000 33.000
Building 4 5 0.062
36.000 33.500
36.000 33.250
35.750 33.250
35.750 33.500
Building 4 5 0.062
36.000 26.500
36.000 26.750
36.250 26.750
36.250 26.500
Building 4 5 0.062
36.000 26.750
36.000 27.000
36.250 27.000
36.250 26.750
Building 4 5 0.062
36.000 27.000
36.000 27.250
36.250 27.250
36.250 27.000
Building 4 5 0.062
36.000 27.250
36.000 27.500
36.250 27.500
36.250 27.250
Building 4 5 0.062
36.000 27.500
36.000 27.750
36.250 27.750
36.250 27.500
Building 4 5 0.062
36.000 27.750
36.000 28.000
36.250 28.000
36.250 27.750
Building 4 5 0.062
36.000 28.000
36.000 28.250
36.250 28.250
36.250 28.000
Building 4 5 0.062
36.250 28.500
36.250 28.250
36.000 28.250
36.000 28.500
Building 4 5 0.062
36.000 31.500
36.000 31.750
36.250 31.750
36.250 31.500
Building 4 5 0.062
36.000 31.750
36.000 32.000
36.250 32.000
36.250 31.750
Building 4 5 0.062
36.000 32.000
36.000 32.250
36.250 32.250
36.250 32.000
Building 4 5 0.062
36.000 32.250
36.000 32.500
36.250 32.500
36.250 32.250
Building 4 5 0.062
36.000 32.500
36.000 32.750
36.250 32.750
36.250 32.500
Building 4 5 0.062
36.000 32.750
36.000 33.000
36.250 33.000
36.250 32.750
Building 4 5 0.062
36.000 33.000
36.000 33.250
36.250 33.250
36.250 33.000
Building 4 5 0.062
36.250 33.500
36.250 33.250
36.000 33.250
36.000 33.500
Building 4 5 0.062
36.250 26.500
36.250 26.750
36.500 26.750
36.500 26.500
Building 4 5 0.062
36.250 26.750
36.250 27.000
36.500 27.000
36.500 26.750
Building 4 5 0.062
36.250 27.000
36.250 27.250
36.500 27.250
36.500 27.000
Building 4 5 0.062
36.250 27.250
36.250 27.500
36.500 27.500
36.500 27.250
Building 4 5 0.062
36.250 27.500
36.250 27.750
36.500 27.750
36.500 27.500
Building 4 5 0.062
36.250 27.750
36.250 28.000
36.500 28.000
36.500 27.750
Building 4 5 0.062
36.250 28.000
36.250 28.250
36.500 28.250
36.500 28.000
Building 4 5 0.062
36.500 28.500
36.500 28.250
36.250 28.250
36.250 28.500
Building 4 5 0.062
36.250 31.500
36.250 31.750
36.500 31.750
36.500 31.500
Building 4 5 0.062
36.250 31.750
36.250 32.000
36.500 32.000
36.500 31.750
Building 4 5 0.062
36.250 32.000
36.250 32.250
36.500 32.250
36.500 32.000
Building 4 5 0.062
36.250 32.250
36.250 32.500
36.500 32.500
36.500 32.250
Building 4 5 0.062
36.250 32.500
36.250 32.750
36.500 32.750
36.500 32.500
Building 4 5 0.062
36.250 32.750
36.250 33.000
36.500 33.000
36.500 32.750
Building 4 5 0.062
36.250 33.000
36.250 33.250
36.500 33.250
36.500 33.000
Building 4 5 0.062
36.500 33.500
36.500 33.250
36.250 33.250
36.250 33.500
Building 4 5 0.062
36.500 26.500
36.500 26.750
36.750 26.750
36.750 26.500
Building 4 5 0.062
36.500 26.750
36.500 27.000
36.750 27.000
36.750 26.750
Building 4 5 0.062
36.500 27.000
36.500 27.250
36.750 27.250
36.750 27.000
Building 4 5 0.062
36.500 27.250
36.500 27.500
36.750 27.500
36.750 27.250
Building 4 5 0.062
36.500 27.500
36.500 27.750
36.750 27.750
36.750 27.500
Building 4 5 0.062
36.500 27.750
36.500 28.000
36.750 28.000
36.750 27.750
Building 4 5 0.062
36.500 28.000
36.500 28.250
36.750 28.250
36.750 28.000
Building 4 5 0.062
36.750 28.500
36.750 28.250
36.500 28.250
36.500 28.500
Building 4 5 0.062
36.500 31.500
36.500 31.750
36.750 31.750
36.750 31.500
Building 4 5 0.062
36.500 31.750
36.500 32.000
36.750 32.000
36.750 31.750
Building 4 5 0.062
36.500 32.000
36.500 32.250
36.750 32.250
36.750 32.000
Building 4 5 0.062
36.500 32.250
36.500 32.500
36.750 32.500
36.750 32.250
Building 4 5 0.062
36.500 32.500
36.500 32.750
36.750 32.750
36.750 32.500
Building 4 5 0.062
36.500 32.750
36.500 33.000
36.750 33.000
36.750 32.750
Building 4 5 0.062
36.500 33.000
36.500 33.250
36.750 33.250
36.750 33.000
Building 4 5 0.062
36.750 33.500
36.750 33.250
36.500 33.250
36.500 33.500
Building 4 5 0.062
36.750 26.500
36.750 26.750
37.000 26.750
37.000 26.500
Building 4 5 0.062
36.750 26.750
36.750 27.000
37.000 27.000
37.000 26.750
Building 4 5 0.062
36.750 27.000
36.750 27.250
37.000 27.250
37.000 27.000
Building 4 5 0.062
36.750 27.250
36.750 27.500
37.000 27.500
37.000 27.250
Building 4 5 0.062
36.750 27.500
36.750 27.750
37.000 27.750
37.000 27.500
Building 4 5 0.062
36.750 27.750
36.750 28.000
37.000 28.000
37.000 27.750
Building 4 5 0.062
36.750 28.000
36.750 28.250
37.000 28.250
37.000 28.000
Building 4 5 0.062
37.000 28.500
37.000 28.250
36.750 28.250
36.750 28.500
Building 4 5 0.062
36.750 31.500
36.750 31.750
37.000 31.750
37.000 31.500
Building 4 5 0.062
36.750 31.750
36.750 32.000
37.000 32.000
37.000 31.750
Building 4 5 0.062
36.750 32.000
36.750 32.250
37.000 32.250
37.000 32.000
Building 4 5 0.062
36.750 32.250
36.750 32.500
37.000 32.500
37.000 32.250
Building 4 5 0.062
36.750 32.500
36.750 32.750
37.000 32.750
37.000 32.500
Building 4 5 0.062
36.750 32.750
36.750 33.000
37.000 33.000
37.000 32.750
Building 4 5 0.062
36.750 33.000
36.750 33.250
37.000 33.250
37.000 33.000
Building 4 5 0.062
37.000 33.500
37.000 33.250
36.750 33.250
36.750 33.500
Building 4 5 0.062
37.000 26.500
37.000 26.750
37.250 26.750
37.250 26.500
Building 4 5 0.062
37.000 26.750
37.000 27.000
37.250 27.000
37.250 26.750
Building 4 5 0.062
37.000 27.000
37.000 27.250
37.250 27.250
37.250 27.000
Building 4 5 0.062
37.000 27.250
37.000 27.500
37.250 27.500
37.250 27.250
Building 4 5 0.062
37.000 27.500
37.000 27.750
37.250 27.750
37.250 27.500
Building 4 5 0.062
37.000 27.750
37.000 28.000
37.250 28.000
37.250 27.750
Building 4 5 0.062
37.000 28.000
37.000 28.250
37.250 28.250
37.250 28.000
Building 4 5 0.062
37.250 28.500
37.250 28.250
37.000 28.250
37.000 28.500
Building 4 5 0.062
37.000 31.500
37.000 31.750
37.250 31.750
37.250 31.500
Building 4 5 0.062
37.000 31.750
37.000 32.000
37.250 32.000
37.250 31.750
Building 4 5 0.062
37.000 32.000
37.000 32.250
37.250 32.250
37.250 32.000
Building 4 5 0.062
37.000 32.250
37.000 32.500
37.250 32.500
37.250 32.250
Building 4 5 0.062
37.000 32.500
37.000 32.750
37.250 32.750
37.250 32.500
Building 4 5 0.062
37.000 32.750
37.000 33.000
37.250 33.000
37.250 32.750
Building 4 5 0.062
37.000 33.000
37.000 33.250
37.250 33.250
37.250 33.000
Building 4 5 0.062
37.250 33.500
37.250 33.250
37.000 33.250
37.000 33.500
Building 4 5 0.062
37.250 26.500
37.250 26.750
37.500 26.750
37.500 26.500
Building 4 5 0.062
37.250 26.750
37.250 27.000
37.500 27.000
37.500 26.750
Building 4 5 0.062
37.250 27.000
37.250 27.250
37.500 27.250
37.500 27.000
Building 4 5 0.062
37.250 27.250
37.250 27.500
37.500 27.500
37.500 27.250
Building 4 5 0.062
37.250 27.500
37.250 27.750
37.500 27.750
37.500 27.500
Building 4 5 0.062
37.250 27.750
37.250 28.000
37.500 28.000
37.500 27.750
Building 4 5 0.062
37.250 28.000
37.250 28.250
37.500 28.250
37.500 28.000
Building 4 5 0.062
37.500 28.500
37.500 28.250
37.250 28.250
37.250 28.500
Building 4 5 0.062
37.250 31.500
37.250 31.750
37.500 31.750
37.500 31.500
Building 4 5 0.062
37.250 31.750
37.250 32.000
37.500 32.000
37.500 31.750
Building 4 5 0.062
37.250 32.000
37.250 32.250
37.500 32.250
37.500 32.000
Building 4 5 0.062
37.250 32.250
37.250 32.500
37.500 32.500
37.500 32.250
Building 4 5 0.062
37.250 32.500
37.250 32.750
37.500 32.750
37.500 32.500
Building 4 5 0.062
37.250 32.750
37.250 33.000
37.500 33.000
37.500 32.750
Building 4 5 0.062
37.250 33.000
37.250 33.250
37.500 33.250
37.500 33.000
Building 4 5 0.062
37.500 33.500
37.500 33.250
37.250 33.250
37.250 33.500
Building 4 5 0.062
37.500 26.500
37.500 26.750
37.750 26.750
37.750 26.500
Building 4 5 0.062
37.500 26.750
37.500 27.000
37.750 27.000
37.750 26.750
Building 4 5 0.062
37.500 27.000
37.500 27.250
37.750 27.250
37.750 27.000
Building 4 5 0.062
37.500 27.250
37.500 27.500
37.750 27.500
37.750 27.250
Building 4 5 0.062
37.500 27.500
37.500 27.750
37.750 27.750
37.750 27.500
Building 4 5 0.062
37.500 27.750
37.500 28.000
37.750 28.000
37.750 27.750
Building 4 5 0.062
37.500 28.000
37.500 28.250
37.750 28.250
37.750 28.000
Building 4 5 0.062
37.750 28.500
37.750 28.250
37.500 28.250
37.500 28.500
Building 4 5 0.062
37.500 31.500
37.500 31.750
37.750 31.750
37.750 31.500
Building 4 5 0.062
37.500 31.750
37.500 32.000
37.750 32.000
37.750 31.750
Building 4 5 0.062
37.500 32.000
37.500 32.250
37.750 32.250
37.750 32.000
Building 4 5 0.062
37.500 32.250
37.500 32.500
37.750 32.500
37.750 32.250
Building 4 5 0.062
37.500 32.500
37.500 32.750
37.750 32.750
37.750 32.500
Building 4 5 0.062
37.500 32.750
37.500 33.000
37.750 33.000
37.750 32.750
Building 4 5 0.062
37.500 33.000
37.500 33.250
37.750 33.250
37.750 33.000
Building 4 5 0.062
37.750 33.500
37.750 33.250
37.500 33.250
37.500 33.500
Building 4 5 0.062
37.750 26.500
37.750 26.750
38.000 26.750
38.000 26.500
Building 4 5 0.062
37.750 26.750
37.750 27.000
38.000 27.000
38.000 26.750
Building 4 5 0.062
37.750 27.000
37.750 27.250
38.000 27.250
38.000 27.000
Building 4 5 0.062
37.750 27.250
37.750 27.500
38.000 27.500
38.000 27.250
Building 4 5 0.062
37.750 27.500
37.750 27.750
38.000 27.750
38.000 27.500
Building 4 5 0.062
37.750 27.750
37.750 28.000
38.000 28.000
38.000 27.750
Building 4 5 0.062
37.750 28.000
37.750 28.250
38.000 28.250
38.000 28.000
Building 4 5 0.062
38.000 28.500
38.000 28.250
37.750 28.250
37.750 28.500
Building 4 5 0.062
37.750 31.500
37.750 31.750
38.000 31.750
38.000 31.500
Building 4 5 0.062
37.750 31.750
37.750 32.000
38.000 32.000
38.000 31.750
Building 4 5 0.062
37.750 32.000
37.750 32.250
38.000 32.250
38.000 32.000
Building 4 5 0.062
37.750 32.250
37.750 32.500
38.000 32.500
38.000 32.250
Building 4 5 0.062
37.750 32.500
37.750 32.750
38.000 32.750
38.000 32.500
Building 4 5 0.062
37.750 32.750
37.750 33.000
38.000 33.000
38.000 32.750
Building 4 5 0.062
37.750 33.000
37.750 33.250
38.000 33.250
38.000 33.000
Building 4 5 0.062
38.000 33.500
38.000 33.250
37.750 33.250
37.750 33.500
Building 4 5 0.062
38.000 26.500
38.000 26.750
38.250 26.750
38.250 26.500
Building 4 5 0.062
38.000 26.750
38.000 27.000
38.250 27.000
38.250 26.750
Building 4 5 0.062
38.000 27.000
38.000 27.250
38.250 27.250
38.250 27.000
Building 4 5 0.062
38.000 27.250
38.000 27.500
38.250 27.500
38.250 27.250
Building 4 5 0.062
38.000 27.500
38.000 27.750
38.250 27.750
38.250 27.500
Building 4 5 0.062
38.000 27.750
38.000 28.000
38.250 28.000
38.250 27.750
Building 4 5 0.062
38.000 28.000
38.000 28.250
38.250 28.250
38.250 28.000
Building 4 5 0.062
38.250 28.500
38.250 28.250
38.000 28.250
38.000 28.500
Building 4 5 0.062
38.000 31.500
38.000 31.750
38.250 31.750
38.250 31.500
Building 4 5 0.062
38.000 31.750
38.000 32.000
38.250 32.000
38.250 31.750
Building 4 5 0.062
38.000 32.000
38.000 32.250
38.250 32.250
38.250 32.000
Building 4 5 0.062
38.000 32.250
38.000 32.500
38.250 32.500
38.250 32.250
Building 4 5 0.062
38.000 32.500
38.000 32.750
38.250 32.750
38.250 32.500
Building 4 5 0.062
38.000 32.750
38.000 33.000
38.250 33.000
38.250 32.750
Building 4 5 0.062
38.000 33.000
38.000 33.250
38.250 33.250
38.250 33.000
Building 4 5 0.062
38.250 33.500
38.250 33.250
38.000 33.250
38.000 33.500
Building 4 5 0.062
38.250 26.500
38.250 26.750
38.500 26.750
38.500 26.500
Building 4 5 0.062
38.250 26.750
38.250 27.000
38.500 27.000
38.500 26.750
Building 4 5 0.062
38.250 27.000
38.250 27.250
38.500 27.250
38.500 27.000
Building 4 5 0.062
38.250 27.250
38.250 27.500
38.500 27.500
38.500 27.250
Building 4 5 0.062
38.250 27.500
38.250 27.750
38.500 27.750
38.500 27.500
Building 4 5 0.062
38.250 27.750
38.250 28.000
38.500 28.000
38.500 27.750
Building 4 5 0.062
38.250 28.000
38.250 28.250
38.500 28.250
38.500 28.000
Building 4 5 0.062
38.500 28.500
38.500 28.250
38.250 28.250
38.250 28.500
Building 4 5 0.062
38.250 31.500
38.250 31.750
38.500 31.750
38.500 31.500
Building 4 5 0.062
38.250 31.750
38.250 32.000
38.500 32.000
38.500 31.750
Building 4 5 0.062
38.250 32.000
38.250 32.250
38.500 32.250
38.500 32.000
Building 4 5 0.062
38.250 32.250
38.250 32.500
38.500 32.500
38.500 32.250
Building 4 5 0.062
38.250 32.500
38.250 32.750
38.500 32.750
38.500 32.500
Building 4 5 0.062
38.250 32.750
38.250 33.000
38.500 33.000
38.500 32.750
Building 4 5 0.062
38.250 33.000
38.250 33.250
38.500 33.250
38.500 33.000
Building 4 5 0.062
38.500 33.500
38.500 33.250
38.250 33.250
38.250 33.500
Building 4 5 0.062
38.500 26.500
38.500 26.750
38.750 26.750
38.750 26.500
Building 4 5 0.062
38.500 26.750
38.500 27.000
38.750 27.000
38.750 26.750
Building 4 5 0.062
38.500 27.000
38.500 27.250
38.750 27.250
38.750 27.000
Building 4 5 0.062
38.500 27.250
38.500 27.500
38.750 27.500
38.750 27.250
Building 4 5 0.062
38.500 27.500
38.500 27.750
38.750 27.750
38.750 27.500
Building 4 5 0.062
38.500 27.750
38.500 28.000
38.750 28.000
38.750 27.750
Building 4 5 0.062
38.500 28.000
38.500 28.250
38.750 28.250
38.750 28.000
Building 4 5 0.062
38.750 28.500
38.750 28.250
38.500 28.250
38.500 28.500
Building 4 5 0.062
38.500 31.500
38.500 31.750
38.750 31.750
38.750 31.500
Building 4 5 0.062
38.500 31.750
38.500 32.000
38.750 32.000
38.750 31.750
Building 4 5 0.062
38.500 32.000
38.500 32.250
38.750 32.250
38.750 32.000
Building 4 5 0.062
38.500 32.250
38.500 32.500
38.750 32.500
38.750 32.250
Building 4 5 0.062
38.500 32.500
38.500 32.750
38.750 32.750
38.750 32.500
Building 4 5 0.062
38.500 32.750
38.500 33.000
38.750 33.000
38.750 32.750
Building 4 5 0.062
38.500 33.000
38.500 33.250
38.750 33.250
38.750 33.000
Building 4 5 0.062
38.750 33.500
38.750 33.250
38.500 33.250
38.500 33.500
Building 4 5 0.062
38.750 26.500
38.750 26.750
39.000 26.750
39.000 26.500
Building 4 5 0.062
38.750 26.750
38.750 27.000
39.000 27.000
39.000 26.750
Building 4 5 0.062
38.750 27.000
38.750 27.250
39.000 27.250
39.000 27.000
Building 4 5 0.062
38.750 27.250
38.750 27.500
39.000 27.500
39.000 27.250
Building 4 5 0.062
38.750 27.500
38.750 27.750
39.000 27.750
39.000 27.500
Building 4 5 0.062
38.750 27.750
38.750 28.000
39.000 28.000
39.000 27.750
Building 4 5 0.062
38.750 28.000
38.750 28.250
39.000 28.250
39.000 28.000
Building 4 5 0.062
39.000 28.500
39.000 28.250
38.750 28.250
38.750 28.500
Building 4 5 0.062
38.750 31.500
38.750 31.750
39.000 31.750
39.000 31.500
Building 4 5 0.062
38.750 31.750
38.750 32.000
39.000 32.000
39.000 31.750
Building 4 5 0.062
38.750 32.000
38.750 32.250
39.000 32.250
39.000 32.000
Building 4 5 0.062
38.750 32.250
38.750 32.500
39.000 32.500
39.000 32.250
Building 4 5 0.062
38.750 32.500
38.750 32.750
39.000 32.750
39.000 32.500
Building 4 5 0.062
38.750 32.750
38.750 33.000
39.000 33.000
39.000 32.750
Building 4 5 0.062
38.750 33.000
38.750 33.250
39.000 33.250
39.000 33.000
Building 4 5 0.062
39.000 33.500
39.000 33.250
38.750 33.250
38.750 33.500
Building 4 5 0.062
39.000 26.500
39.000 26.750
39.250 26.750
39.250 26.500
Building 4 5 0.062
39.000 26.750
39.000 27.000
39.250 27.000
39.250 26.750
Building 4 5 0.062
39.000 27.000
39.000 27.250
39.250 27.250
39.250 27.000
Building 4 5 0.062
39.000 27.250
39.000 27.500
39.250 27.500
39.250 27.250
Building 4 5 0.062
39.000 27.500
39.000 27.750
39.250 27.750
39.250 27.500
Building 4 5 0.062
39.000 27.750
39.000 28.000
39.250 28.000
39.250 27.750
Building 4 5 0.062
39.000 28.000
39.000 28.250
39.250 28.250
39.250 28.000
Building 4 5 0.062
39.250 28.500
39.250 28.250
39.000 28.250
39.000 28.500
Building 4 5 0.062
39.000 31.500
39.000 31.750
39.250 31.750
39.250 31.500
Building 4 5 0.062
39.000 31.750
39.000 32.000
39.250 32.000
39.250 31.750
Building 4 5 0.062
39.000 32.000
39.000 32.250
39.250 32.250
39.250 32.000
Building 4 5 0.062
39.000 32.250
39.000 32.500
39.250 32.500
39.250 32.250
Building 4 5 0.062
39.000 32.500
39.000 32.750
39.250 32.750
39.250 32.500
Building 4 5 0.062
39.000 32.750
39.000 33.000
39.250 33.000
39.250 32.750
Building 4 5 0.062
39.000 33.000
39.000 33.250
39.250 33.250
39.250 33.000
Building 4 5 0.062
39.250 33.500
39.250 33.250
39.000 33.250
39.000 33.500
Building 4 5 0.062
39.250 26.500
39.250 26.750
39.500 26.750
39.500 26.500
Building 4 5 0.062
39.250 26.750
39.250 27.000
39.500 27.000
39.500 26.750
Building 4 5 0.062
39.250 27.000
39.250 27.250
39.500 27.250
39.500 27.000
Building 4 5 0.062
39.250 27.250
39.250 27.500
39.500 27.500
39.500 27.250
Building 4 5 0.062
39.250 27.500
39.250 27.750
39.500 27.750
39.500 27.500
Building 4 5 0.062
39.250 27.750
39.250 28.000
39.500 28.000
39.500 27.750
Building 4 5 0.062
39.250 28.000
39.250 28.250
39.500 28.250
39.500 28.000
Building 4 5 0.062
39.500 28.500
39.500 28.250
39.250 28.250
39.250 28.500
Building 4 5 0.062
39.250 31.500
39.250 31.750
39.500 31.750
39.500 31.500
Building 4 5 0.062
39.250 31.750
39.250 32.000
39.500 32.000
39.500 31.750
Building 4 5 0.062
39.250 32.000
39.250 32.250
39.500 32.250
39.500 32.000
Building 4 5 0.062
39.250 32.250
39.250 32.500
39.500 32.500
39.500 32.250
Building 4 5 0.062
39.250 32.500
39.250 32.750
39.500 32.750
39.500 32.500
Building 4 5 0.062
39.250 32.750
39.250 33.000
39.500 33.000
39.500 32.750
Building 4 5 0.062
39.250 33.000
39.250 33.250
39.500 33.250
39.500 33.000
Building 4 5 0.062
39.500 33.500
39.500 33.250
39.250 33.250
39.250 33.500
Building 4 5 0.062
39.500 26.500
39.500 26.750
39.750 26.750
39.750 26.500
Building 4 5 0.062
39.500 26.750
39.500 27.000
39.750 27.000
39.750 26.750
Building 4 5 0.062
39.500 27.000
39.500 27.250
39.750 27.250
39.750 27.000
Building 4 5 0.062
39.500 27.250
39.500 27.500
39.750 27.500
39.750 27.250
Building 4 5 0.062
39.500 27.500
39.500 27.750
39.750 27.750
39.750 27.500
Building 4 5 0.062
39.500 27.750
39.500 28.000
39.750 28.000
39.750 27.750
Building 4 5 0.062
39.500 28.000
39.500 28.250
39.750 28.250
39.750 28.000
Building 4 5 0.062
39.750 28.500
39.750 28.250
39.500 28.250
39.500 28.500
Building 4 5 0.062
39.500 31.500
39.500 31.750
39.750 31.750
39.750 31.500
Building 4 5 0.062
39.500 31.750
39.500 32.000
39.750 32.000
39.750 31.750
Building 4 5 0.062
39.500 32.000
39.500 32.250
39.750 32.250
39.750 32.000
Building 4 5 0.062
39.500 32.250
39.500 32.500
39.750 32.500
39.750 32.250
Building 4 5 0.062
39.500 32.500
39.500 32.750
39.750 32.750
39.750 32.500
Building 4 5 0.062
39.500 32.750
39.500 33.000
39.750 33.000
39.750 32.750
Building 4 5 0.062
39.500 33.000
39.500 33.250
39.750 33.250
39.750 33.000
Building 4 5 0.062
39.750 33.500
39.750 33.250
39.500 33.250
39.500 33.500
Building 4 5 0.062
39.750 26.500
39.750 26.750
40.000 26.750
40.000 26.500
Building 4 5 0.062
39.750 26.750
39.750 27.000
40.000 27.000
40.000 26.750
Building 4 5 0.062
39.750 27.000
39.750 27.250
40.000 27.250
40.000 27.000
Building 4 5 0.062
39.750 27.250
39.750 27.500
40.000 27.500
40.000 27.250
Building 4 5 0.062
39.750 27.500
39.750 27.750
40.000 27.750
40.000 27.500
Building 4 5 0.062
39.750 27.750
39.750 28.000
40.000 28.000
40.000 27.750
Building 4 5 0.062
39.750 28.000
39.750 28.250
40.000 28.250
40.000 28.000
Building 4 5 0.062
40.000 28.500
40.000 28.250
39.750 28.250
39.750 28.500
Building 4 5 0.062
39.750 31.500
39.750 31.750
40.000 31.750
40.000 31.500
Building 4 5 0.062
39.750 31.750
39.750 32.000
40.000 32.000
40.000 31.750
Building 4 5 0.062
39.750 32.000
39.750 32.250
40.000 32.250
40.000 32.000
Building 4 5 0.062
39.750 32.250
39.750 32.500
40.000 32.500
40.000 32.250
Building 4 5 0.062
39.750 32.500
39.750 32.750
40.000 32.750
40.000 32.500
Building 4 5 0.062
39.750 32.750
39.750 33.000
40.000 33.000
40.000 32.750
Building 4 5 0.062
39.750 33.000
39.750 33.250
40.000 33.250
40.000 33.000
Building 4 5 0.062
40.000 33.500
40.000 33.250
39.750 33.250
39.750 33.500
Building 4 5 0.062
40.000 26.500
40.000 26.750
40.250 26.750
40.250 26.500
Building 4 5 0.062
40.000 26.750
40.000 27.000
40.250 27.000
40.250 26.750
Building 4 5 0.062
40.000 27.000
40.000 27.250
40.250 27.250
40.250 27.000
Building 4 5 0.062
40.000 27.250
40.000 27.500
40.250 27.500
40.250 27.250
Building 4 5 0.062
40.000 27.500
40.000 27.750
40.250 27.750
40.250 27.500
Building 4 5 0.062
40.000 27.750
40.000 28.000
40.250 28.000
40.250 27.750
Building 4 5 0.062
40.000 28.000
40.000 28.250
40.250 28.250
40.250 28.000
Building 4 5 0.062
40.250 28.500
40.250 28.250
40.000 28.250
40.000 28.500
Building 4 5 0.062
40.000 31.500
40.000 31.750
40.250 31.750
40.250 31.500
Building 4 5 0.062
40.000 31.750
40.000 32.000
40.250 32.000
40.250 31.750
Building 4 5 0.062
40.000 32.000
40.000 32.250
40.250 32.250
40.250 32.000
Building 4 5 0.062
40.000 32.250
40.000 32.500
40.250 32.500
40.250 32.250
Building 4 5 0.062
40.000 32.500
40.000 32.750
40.250 32.750
40.250 32.500
Building 4 5 0.062
40.000 32.750
40.000 33.000
40.250 33.000
40.250 32.750
Building 4 5 0.062
40.000 33.000
40.000 33.250
40.250 33.250
40.250 33.000
Building 4 5 0.062
40.250 33.500
40.250 33.250
40.000 33.250
40.000 33.500
Building 4 5 0.062
40.250 26.500
40.250 26.750
40.500 26.750
40.500 26.500
Building 4 5 0.062
40.250 26.750
40.250 27.000
40.500 27.000
40.500 26.750
Building 4 5 0.062
40.250 27.000
40.250 27.250
40.500 27.250
40.500 27.000
Building 4 5 0.062
40.250 27.250
40.250 27.500
40.500 27.500
40.500 27.250
Building 4 5 0.062
40.250 27.500
40.250 27.750
40.500 27.750
40.500 27.500
Building 4 5 0.062
40.250 27.750
40.250 28.000
40.500 28.000
40.500 27.750
Building 4 5 0.062
40.250 28.000
40.250 28.250
40.500 28.250
40.500 28.000
Building 4 5 0.062
40.500 28.500
40.500 28.250
40.250 28.250
40.250 28.500
Building 4 5 0.062
40.250 31.500
40.250 31.750
40.500 31.750
40.500 31.500
Building 4 5 0.062
40.250 31.750
40.250 32.000
40.500 32.000
40.500 31.750
Building 4 5 0.062
40.250 32.000
40.250 32.250
40.500 32.250
40.500 32.000
Building 4 5 0.062
40.250 32.250
40.250 32.500
40.500 32.500
40.500 32.250
Building 4 5 0.062
40.250 32.500
40.250 32.750
40.500 32.750
40.500 32.500
Building 4 5 0.062
40.250 32.750
40.250 33.000
40.500 33.000
40.500 32.750
Building 4 5 0.062
40.250 33.000
40.250 33.250
40.500 33.250
40.500 33.000
Building 4 5 0.062
40.500 33.500
40.500 33.250
40.250 33.250
40.250 33.500
Building 4 5 0.062
40.500 26.500
40.500 26.750
40.750 26.750
40.750 26.500
Building 4 5 0.062
40.500 26.750
40.500 27.000
40.750 27.000
40.750 26.750
Building 4 5 0.062
40.500 27.000
40.500 27.250
40.750 27.250
40.750 27.000
Building 4 5 0.062
40.500 27.250
40.500 27.500
40.750 27.500
40.750 27.250
Building 4 5 0.062
40.500 27.500
40.500 27.750
40.750 27.750
40.750 27.500
Building 4 5 0.062
40.500 27.750
40.500 28.000
40.750 28.000
40.750 27.750
Building 4 5 0.062
40.500 28.000
40.500 28.250
40.750 28.250
40.750 28.000
Building 4 5 0.062
40.750 28.500
40.750 28.250
40.500 28.250
40.500 28.500
Building 4 5 0.062
40.500 31.500
40.500 31.750
40.750 31.750
40.750 31.500
Building 4 5 0.062
40.500 31.750
40.500 32.000
40.750 32.000
40.750 31.750
Building 4 5 0.062
40.500 32.000
40.500 32.250
40.750 32.250
40.750 32.000
Building 4 5 0.062
40.500 32.250
40.500 32.500
40.750 32.500
40.750 32.250
Building 4 5 0.062
40.500 32.500
40.500 32.750
40.750 32.750
40.750 32.500
Building 4 5 0.062
40.500 32.750
40.500 33.000
40.750 33.000
40.750 32.750
Building 4 5 0.062
40.500 33.000
40.500 33.250
40.750 33.250
40.750 33.000
Building 4 5 0.062
40.750 33.500
40.750 33.250
40.500 33.250
40.500 33.500
Building 4 5 0.062
40.750 26.500
40.750 26.750
41.000 26.750
41.000 26.500
Building 4 5 0.062
40.750 26.750
40.750 27.000
41.000 27.000
41.000 26.750
Building 4 5 0.062
40.750 27.000
40.750 27.250
41.000 27.250
41.000 27.000
Building 4 5 0.062
40.750 27.250
40.750 27.500
41.000 27.500
41.000 27.250
Building 4 5 0.062
40.750 27.500
40.750 27.750
41.000 27.750
41.000 27.500
Building 4 5 0.062
40.750 27.750
40.750 28.000
41.000 28.000
41.000 27.750
Building 4 5 0.062
40.750 28.000
40.750 28.250
41.000 28.250
41.000 28.000
Building 4 5 0.062
41.000 28.500
41.000 28.250
40.750 28.250
40.750 28.500
Building 4 5 0.062
40.750 31.500
40.750 31.750
41.000 31.750
41.000 31.500
Building 4 5 0.062
40.750 31.750
40.750 32.000
41.000 32.000
41.000 31.750
Building 4 5 0.062
40.750 32.000
40.750 32.250
41.000 32.250
41.000 32.000
Building 4 5 0.062
40.750 32.250
40.750 32.500
41.000 32.500
41.000 32.250
Building 4 5 0.062
40.750 32.500
40.750 32.750
41.000 32.750
41.000 32.500
Building 4 5 0.062
40.750 32.750
40.750 33.000
41.000 33.000
41.000 32.750
Building 4 5 0.062
40.750 33.000
40.750 33.250
41.000 33.250
41.000 33.000
Building 4 5 0.062
41.000 33.500
41.000 33.250
40.750 33.250
40.750 33.500
Building 4 5 0.062
41.000 26.500
41.000 26.750
41.250 26.750
41.250 26.500
Building 4 5 0.062
41.000 26.750
41.000 27.000
41.250 27.000
41.250 26.750
Building 4 5 0.062
41.000 27.000
41.000 27.250
41.250 27.250
41.250 27.000
Building 4 5 0.062
41.000 27.250
41.000 27.500
41.250 27.500
41.250 27.250
Building 4 5 0.062
41.000 27.500
41.000 27.750
41.250 27.750
41.250 27.500
Building 4 5 0.062
41.000 27.750
41.000 28.000
41.250 28.000
41.250 27.750
Building 4 5 0.062
41.000 28.000
41.000 28.250
41.250 28.250
41.250 28.000
Building 4 5 0.062
41.250 28.500
41.250 28.250
41.000 28.250
41.000 28.500
Building 4 5 0.062
41.000 31.500
41.000 31.750
41.250 31.750
41.250 31.500
Building 4 5 0.062
41.000 31.750
41.000 32.000
41.250 32.000
41.250 31.750
Building 4 5 0.062
41.000 32.000
41.000 32.250
41.250 32.250
41.250 32.000
Building 4 5 0.062
41.000 32.250
41.000 32.500
41.250 32.500
41.250 32.250
Building 4 5 0.062
41.000 32.500
41.000 32.750
41.250 32.750
41.250 32.500
Building 4 5 0.062
41.000 32.750
41.000 33.000
41.250 33.000
41.250 32.750
Building 4 5 0.062
41.000 33.000
41.000 33.250
41.250 33.250
41.250 33.000
Building 4 5 0.062
41.250 33.500
41.250 33.250
41.000 33.250
41.000 33.500
Building 4 5 0.062
41.250 26.500
41.250 26.750
41.500 26.750
41.500 26.500
Building 4 5 0.062
41.250 26.750
41.250 27.000
41.500 27.000
41.500 26.750
Building 4 5 0.062
41.250 27.000
41.250 27.250
41.500 27.250
41.500 27.000
Building 4 5 0.062
41.250 27.250
41.250 27.500
41.500 27.500
41.500 27.250
Building 4 5 0.062
41.250 27.500
41.250 27.750
41.500 27.750
41.500 27.500
Building 4 5 0.062
41.250 27.750
41.250 28.000
41.500 28.000
41.500 27.750
Building 4 5 0.062
41.250 28.000
41.250 28.250
41.500 28.250
41.500 28.000
Building 4 5 0.062
41.500 28.500
41.500 28.250
41.250 28.250
41.250 28.500
Building 4 5 0.062
41.250 31.500
41.250 31.750
41.500 31.750
41.500 31.500
Building 4 5 0.062
41.250 31.750
41.250 32.000
41.500 32.000
41.500 31.750
Building 4 5 0.062
41.250 32.000
41.250 32.250
41.500 32.250
41.500 32.000
Building 4 5 0.062
41.250 32.250
41.250 32.500
41.500 32.500
41.500 32.250
Building 4 5 0.062
41.250 32.500
41.250 32.750
41.500 32.750
41.500 32.500
Building 4 5 0.062
41.250 32.750
41.250 33.000
41.500 33.000
41.500 32.750
Building 4 5 0.062
41.250 33.000
41.250 33.250
41.500 33.250
41.500 33.000
Building 4 5 0.062
41.500 33.500
41.500 33.250
41.250 33.250
41.250 33.500
Building 4 5 0.062
41.500 26.500
41.500 26.750
41.750 26.750
41.750 26.500
Building 4 5 0.062
41.500 26.750
41.500 27.000
41.750 27.000
41.750 26.750
Building 4 5 0.062
41.500 27.000
41.500 27.250
41.750 27.250
41.750 27.000
Building 4 5 0.062
41.500 27.250
41.500 27.500
41.750 27.500
41.750 27.250
Building 4 5 0.062
41.500 27.500
41.500 27.750
41.750 27.750
41.750 27.500
Building 4 5 0.062
41.500 27.750
41.500 28.000
41.750 28.000
41.750 27.750
Building 4 5 0.062
41.500 28.000
41.500 28.250
41.750 28.250
41.750 28.000
Building 4 5 0.062
41.750 28.500
41.750 28.250
41.500 28.250
41.500 28.500
Building 4 5 0.062
41.500 31.500
41.500 31.750
41.750 31.750
41.750 31.500
Building 4 5 0.062
41.500 31.750
41.500 32.000
41.750 32.000
41.750 31.750
Building 4 5 0.062
41.500 32.000
41.500 32.250
41.750 32.250
41.750 32.000
Building 4 5 0.062
41.500 32.250
41.500 32.500
41.750 32.500
41.750 32.250
Building 4 5 0.062
41.500 32.500
41.500 32.750
41.750 32.750
41.750 32.500
Building 4 5 0.062
41.500 32.750
41.500 33.000
41.750 33.000
41.750 32.750
Building 4 5 0.062
41.500 33.000
41.500 33.250
41.750 33.250
41.750 33.000
Building 4 5 0.062
41.750 33.500
41.750 33.250
41.500 33.250
41.500 33.500
Building 4 5 0.062
41.750 26.500
41.750 26.750
42.000 26.750
42.000 26.500
Building 4 5 0.062
41.750 26.750
41.750 27.000
42.000 27.000
42.000 26.750
Building 4 5 0.062
41.750 27.000
41.750 27.250
42.000 27.250
42.000 27.000
Building 4 5 0.062
41.750 27.250
41.750 27.500
42.000 27.500
42.000 27.250
Building 4 5 0.062
41.750 27.500
41.750 27.750
42.000 27.750
42.000 27.500
Building 4 5 0.062
41.750 27.750
41.750 28.000
42.000 28.000
42.000 27.750
Building 4 5 0.062
41.750 28.000
41.750 28.250
42.000 28.250
42.000 28.000
Building 4 5 0.062
42.000 28.500
42.000 28.250
41.750 28.250
41.750 28.500
Building 4 5 0.062
41.750 31.500
41.750 31.750
42.000 31.750
42.000 31.500
Building 4 5 0.062
41.750 31.750
41.750 32.000
42.000 32.000
42.000 31.750
Building 4 5 0.062
41.750 32.000
41.750 32.250
42.000 32.250
42.000 32.000
Building 4 5 0.062
41.750 32.250
41.750 32.500
42.000 32.500
42.000 32.250
Building 4 5 0.062
41.750 32.500
41.750 32.750
42.000 32.750
42.000 32.500
Building 4 5 0.062
41.750 32.750
41.750 33.000
42.000 33.000
42.000 32.750
Building 4 5 0.062
41.750 33.000
41.750 33.250
42.000 33.250
42.000 33.000
Building 4 5 0.062
42.000 33.500
42.000 33.250
41.750 33.250
41.750 33.500
Building 4 5 0.062
42.000 26.500
42.000 26.750
42.250 26.750
42.250 26.500
Building 4 5 0.062
42.000 26.750
42.000 27.000
42.250 27.000
42.250 26.750
Building 4 5 0.062
42.000 27.000
42.000 27.250
42.250 27.250
42.250 27.000
Building 4 5 0.062
42.000 27.250
42.000 27.500
42.250 27.500
42.250 27.250
Building 4 5 0.062
42.000 27.500
42.000 27.750
42.250 27.750
42.250 27.500
Building 4 5 0.062
42.000 27.750
42.000 28.000
42.250 28.000
42.250 27.750
Building 4 5 0.062
42.000 28.000
42.000 28.250
42.250 28.250
42.250 28.000
Building 4 5 0.062
42.250 28.500
42.250 28.250
42.000 28.250
42.000 28.500
Building 4 5 0.062
42.000 31.500
42.000 31.750
42.250 31.750
42.250 31.500
Building 4 5 0.062
42.000 31.750
42.000 32.000
42.250 32.000
42.250 31.750
Building 4 5 0.062
42.000 32.000
42.000 32.250
42.250 32.250
42.250 32.000
Building 4 5 0.062
42.000 32.250
42.000 32.500
42.250 32.500
42.250 32.250
Building 4 5 0.062
42.000 32.500
42.000 32.750
42.250 32.750
42.250 32.500
Building 4 5 0.062
42.000 32.750
42.000 33.000
42.250 33.000
42.250 32.750
Building 4 5 0.062
42.000 33.000
42.000 33.250
42.250 33.250
42.250 33.000
Building 4 5 0.062
42.250 33.500
42.250 33.250
42.000 33.250
42.000 33.500
Building 4 5 0.062
42.250 26.500
42.250 26.750
42.500 26.750
42.500 26.500
Building 4 5 0.062
42.250 26.750
42.250 27.000
42.500 27.000
42.500 26.750
Building 4 5 0.062
42.250 27.000
42.250 27.250
42.500 27.250
42.500 27.000
Building 4 5 0.062
42.250 27.250
42.250 27.500
42.500 27.500
42.500 27.250
Building 4 5 0.062
42.250 27.500
42.250 27.750
42.500 27.750
42.500 27.500
Building 4 5 0.062
42.250 27.750
42.250 28.000
42.500 28.000
42.500 27.750
Building 4 5 0.062
42.250 28.000
42.250 28.250
42.500 28.250
42.500 28.000
Building 4 5 0.062
42.500 28.500
42.500 28.250
42.250 28.250
42.250 28.500
Building 4 5 0.062
42.250 31.500
42.250 31.750
42.500 31.750
42.500 31.500
Building 4 5 0.062
42.250 31.750
42.250 32.000
42.500 32.000
42.500 31.750
Building 4 5 0.062
42.250 32.000
42.250 32.250
42.500 32.250
42.500 32.000
Building 4 5 0.062
42.250 32.250
42.250 32.500
42.500 32.500
42.500 32.250
Building 4 5 0.062
42.250 32.500
42.250 32.750
42.500 32.750
42.500 32.500
Building 4 5 0.062
42.250 32.750
42.250 33.000
42.500 33.000
42.500 32.750
Building 4 5 0.062
42.250 33.000
42.250 33.250
42.500 33.250
42.500 33.000
Building 4 5 0.062
42.500 33.500
42.500 33.250
42.250 33.250
42.250 33.500
Building 4 5 0.062
42.500 26.500
42.500 26.750
42.750 26.750
42.750 26.500
Building 4 5 0.062
42.500 26.750
42.500 27.000
42.750 27.000
42.750 26.750
Building 4 5 0.062
42.500 27.000
42.500 27.250
42.750 27.250
42.750 27.000
Building 4 5 0.062
42.500 27.250
42.500 27.500
42.750 27.500
42.750 27.250
Building 4 5 0.062
42.500 27.500
42.500 27.750
42.750 27.750
42.750 27.500
Building 4 5 0.062
42.500 27.750
42.500 28.000
42.750 28.000
42.750 27.750
Building 4 5 0.062
42.500 28.000
42.500 28.250
42.750 28.250
42.750 28.000
Building 4 5 0.062
42.750 28.500
42.750 28.250
42.500 28.250
42.500 28.500
Building 4 5 0.062
42.500 31.500
42.500 31.750
42.750 31.750
42.750 31.500
Building 4 5 0.062
42.500 31.750
42.500 32.000
42.750 32.000
42.750 31.750
Building 4 5 0.062
42.500 32.000
42.500 32.250
42.750 32.250
42.750 32.000
Building 4 5 0.062
42.500 32.250
42.500 32.500
42.750 32.500
42.750 32.250
Building 4 5 0.062
42.500 32.500
42.500 32.750
42.750 32.750
42.750 32.500
Building 4 5 0.062
42.500 32.750
42.500 33.000
42.750 33.000
42.750 32.750
Building 4 5 0.062
42.500 33.000
42.500 33.250
42.750 33.250
42.750 33.000
Building 4 5 0.062
42.750 33.500
42.750 33.250
42.500 33.250
42.500 33.500
Building 4 5 0.062
42.750 26.500
42.750 26.750
43.000 26.750
43.000 26.500
Building 4 5 0.062
42.750 26.750
42.750 27.000
43.000 27.000
43.000 26.750
Building 4 5 0.062
42.750 27.000
42.750 27.250
43.000 27.250
43.000 27.000
Building 4 5 0.062
42.750 27.250
42.750 27.500
43.000 27.500
43.000 27.250
Building 4 5 0.062
42.750 27.500
42.750 27.750
43.000 27.750
43.000 27.500
Building 4 5 0.062
42.750 27.750
42.750 28.000
43.000 28.000
43.000 27.750
Building 4 5 0.062
42.750 28.000
42.750 28.250
43.000 28.250
43.000 28.000
Building 4 5 0.062
43.000 28.500
43.000 28.250
42.750 28.250
42.750 28.500
Building 4 5 0.062
42.750 31.500
42.750 31.750
43.000 31.750
43.000 31.500
Building 4 5 0.062
42.750 31.750
42.750 32.000
43.000 32.000
43.000 31.750
Building 4 5 0.062
42.750 32.000
42.750 32.250
43.000 32.250
43.000 32.000
Building 4 5 0.062
42.750 32.250
42.750 32.500
43.000 32.500
43.000 32.250
Building 4 5 0.062
42.750 32.500
42.750 32.750
43.000 32.750
43.000 32.500
Building 4 5 0.062
42.750 32.750
42.750 33.000
43.000 33.000
43.000 32.750
Building 4 5 0.062
42.750 33.000
42.750 33.250
43.000 33.250
43.000 33.000
Building 4 5 0.062
43.000 33.500
43.000 33.250
42.750 33.250
42.750 33.500
Building 4 5 0.062
43.000 26.500
43.000 26.750
43.250 26.750
43.250 26.500
Building 4 5 0.062
43.000 26.750
43.000 27.000
43.250 27.000
43.250 26.750
Building 4 5 0.062
43.000 27.000
43.000 27.250
43.250 27.250
43.250 27.000
Building 4 5 0.062
43.000 27.250
43.000 27.500
43.250 27.500
43.250 27.250
Building 4 5 0.062
43.000 27.500
43.000 27.750
43.250 27.750
43.250 27.500
Building 4 5 0.062
43.000 27.750
43.000 28.000
43.250 28.000
43.250 27.750
Building 4 5 0.062
43.000 28.000
43.000 28.250
43.250 28.250
43.250 28.000
Building 4 5 0.062
43.250 28.500
43.250 28.250
43.000 28.250
43.000 28.500
Building 4 5 0.062
43.000 31.500
43.000 31.750
43.250 31.750
43.250 31.500
Building 4 5 0.062
43.000 31.750
43.000 32.000
43.250 32.000
43.250 31.750
Building 4 5 0.062
43.000 32.000
43.000 32.250
43.250 32.250
43.250 32.000
Building 4 5 0.062
43.000 32.250
43.000 32.500
43.250 32.500
43.250 32.250
Building 4 5 0.062
43.000 32.500
43.000 32.750
43.250 32.750
43.250 32.500
Building 4 5 0.062
43.000 32.750
43.000 33.000
43.250 33.000
43.250 32.750
Building 4 5 0.062
43.000 33.000
43.000 33.250
43.250 33.250
43.250 33.000
Building 4 5 0.062
43.250 33.500
43.250 33.250
43.000 33.250
43.000 33.500
Building 4 5 0.062
43.250 26.500
43.250 26.750
43.500 26.750
43.500 26.500
Building 4 5 0.062
43.250 26.750
43.250 27.000
43.500 27.000
43.500 26.750
Building 4 5 0.062
43.250 27.000
43.250 27.250
43.500 27.250
43.500 27.000
Building 4 5 0.062
43.250 27.250
43.250 27.500
43.500 27.500
43.500 27.250
Building 4 5 0.062
43.250 27.500
43.250 27.750
43.500 27.750
43.500 27.500
Building 4 5 0.062
43.250 27.750
43.250 28.000
43.500 28.000
43.500 27.750
Building 4 5 0.062
43.250 28.000
43.250 28.250
43.500 28.250
43.500 28.000
Building 4 5 0.062
43.500 28.500
43.500 28.250
43.250 28.250
43.250 28.500
Building 4 5 0.062
43.250 31.500
43.250 31.750
43.500 31.750
43.500 31.500
Building 4 5 0.062
43.250 31.750
43.250 32.000
43.500 32.000
43.500 31.750
Building 4 5 0.062
43.250 32.000
43.250 32.250
43.500 32.250
43.500 32.000
Building 4 5 0.062
43.250 32.250
43.250 32.500
43.500 32.500
43.500 32.250
Building 4 5 0.062
43.250 32.500
43.250 32.750
43.500 32.750
43.500 32.500
Building 4 5 0.062
43.250 32.750
43.250 33.000
43.500 33.000
43.500 32.750
Building 4 5 0.062
43.250 33.000
43.250 33.250
43.500 33.250
43.500 33.000
Building 4 5 0.062
43.500 33.500
43.500 33.250
43.250 33.250
43.250 33.500
Building 4 5 0.062
43.500 26.500
43.500 26.750
43.750 26.750
43.750 26.500
Building 4 5 0.062
43.500 26.750
43.500 27.000
43.750 27.000
43.750 26.750
Building 4 5 0.062
43.500 27.000
43.500 27.250
43.750 27.250
43.750 27.000
Building 4 5 0.062
43.500 27.250
43.500 27.500
43.750 27.500
43.750 27.250
Building 4 5 0.062
43.500 27.500
43.500 27.750
43.750 27.750
43.750 27.500
Building 4 5 0.062
43.500 27.750
43.500 28.000
43.750 28.000
43.750 27.750
Building 4 5 0.062
43.500 28.000
43.500 28.250
43.750 28.250
43.750 28.000
Building 4 5 0.062
43.750 28.500
43.750 28.250
43.500 28.250
43.500 28.500
Building 4 5 0.062
43.500 31.500
43.500 31.750
43.750 31.750
43.750 31.500
Building 4 5 0.062
43.500 31.750
43.500 32.000
43.750 32.000
43.750 31.750
Building 4 5 0.062
43.500 32.000
43.500 32.250
43.750 32.250
43.750 32.000
Building 4 5 0.062
43.500 32.250
43.500 32.500
43.750 32.500
43.750 32.250
Building 4 5 0.062
43.500 32.500
43.500 32.750
43.750 32.750
43.750 32.500
Building 4 5 0.062
43.500 32.750
43.500 33.000
43.750 33.000
43.750 32.750
Building 4 5 0.062
43.500 33.000
43.500 33.250
43.750 33.250
43.750 33.000
Building 4 5 0.062
43.750 33.500
43.750 33.250
43.500 33.250
43.500 33.500
Building 4 5 0.062
43.750 26.500
43.750 26.750
44.000 26.750
44.000 26.500
Building 4 5 0.062
43.750 26.750
43.750 27.000
44.000 27.000
44.000 26.750
Building 4 5 0.062
43.750 27.000
43.750 27.250
44.000 27.250
44.000 27.000
Building 4 5 0.062
43.750 27.250
43.750 27.500
44.000 27.500
44.000 27.250
Building 4 5 0.062
43.750 27.500
43.750 27.750
44.000 27.750
44.000 27.500
Building 4 5 0.062
43.750 27.750
43.750 28.000
44.000 28.000
44.000 27.750
Building 4 5 0.062
43.750 28.000
43.750 28.250
44.000 28.250
44.000 28.000
Building 4 5 0.062
44.000 28.500
44.000 28.250
43.750 28.250
43.750 28.500
Building 4 5 0.062
43.750 31.500
43.750 31.750
44.000 31.750
44.000 31.500
Building 4 5 0.062
43.750 31.750
43.750 32.000
44.000 32.000
44.000 31.750
Building 4 5 0.062
43.750 32.000
43.750 32.250
44.000 32.250
44.000 32.000
Building 4 5 0.062
43.750 32.250
43.750 32.500
44.000 32.500
44.000 32.250
Building 4 5 0.062
43.750 32.500
43.750 32.750
44.000 32.750
44.000 32.500
Building 4 5 0.062
43.750 32.750
43.750 33.000
44.000 33.000
44.000 32.750
Building 4 5 0.062
43.750 33.000
43.750 33.250
44.000 33.250
44.000 33.000
Building 4 5 0.062
44.000 33.500
44.000 33.250
43.750 33.250
43.750 33.500
Building 4 5 0.062
44.000 26.500
44.000 26.750
44.250 26.750
44.250 26.500
Building 4 5 0.062
44.000 26.750
44.000 27.000
44.250 27.000
44.250 26.750
Building 4 5 0.062
44.000 27.000
44.000 27.250
44.250 27.250
44.250 27.000
Building 4 5 0.062
44.000 27.250
44.000 27.500
44.250 27.500
44.250 27.250
Building 4 5 0.062
44.000 27.500
44.000 27.750
44.250 27.750
44.250 27.500
Building 4 5 0.062
44.000 27.750
44.000 28.000
44.250 28.000
44.250 27.750
Building 4 5 0.062
44.000 28.000
44.000 28.250
44.250 28.250
44.250 28.000
Building 4 5 0.062
44.250 28.500
44.250 28.250
44.000 28.250
44.000 28.500
Building 4 5 0.062
44.000 31.500
44.000 31.750
44.250 31.750
44.250 31.500
Building 4 5 0.062
44.000 31.750
44.000 32.000
44.250 32.000
44.250 31.750
Building 4 5 0.062
44.000 32.000
44.000 32.250
44.250 32.250
44.250 32.000
Building 4 5 0.062
44.000 32.250
44.000 32.500
44.250 32.500
44.250 32.250
Building 4 5 0.062
44.000 32.500
44.000 32.750
44.250 32.750
44.250 32.500
Building 4 5 0.062
44.000 32.750
44.000 33.000
44.250 33.000
44.250 32.750
Building 4 5 0.062
44.000 33.000
44.000 33.250
44.250 33.250
44.250 33.000
Building 4 5 0.062
44.250 33.500
44.250 33.250
44.000 33.250
44.000 33.500
Building 4 5 0.062
44.250 26.500
44.250 26.750
44.500 26.750
44.500 26.500
Building 4 5 0.062
44.250 26.750
44.250 27.000
44.500 27.000
44.500 26.750
Building 4 5 0.062
44.250 27.000
44.250 27.250
44.500 27.250
44.500 27.000
Building 4 5 0.062
44.250 27.250
44.250 27.500
44.500 27.500
44.500 27.250
Building 4 5 0.062
44.250 27.500
44.250 27.750
44.500 27.750
44.500 27.500
Building 4 5 0.062
44.250 27.750
44.250 28.000
44.500 28.000
44.500 27.750
Building 4 5 0.062
44.250 28.000
44.250 28.250
44.500 28.250
44.500 28.000
Building 4 5 0.062
44.500 28.500
44.500 28.250
44.250 28.250
44.250 28.500
Building 4 5 0.062
44.250 31.500
44.250 31.750
44.500 31.750
44.500 31.500
Building 4 5 0.062
44.250 31.750
44.250 32.000
44.500 32.000
44.500 31.750
Building 4 5 0.062
44.250 32.000
44.250 32.250
44.500 32.250
44.500 32.000
Building 4 5 0.062
44.250 32.250
44.250 32.500
44.500 32.500
44.500 32.250
Building 4 5 0.062
44.250 32.500
44.250 32.750
44.500 32.750
44.500 32.500
Building 4 5 0.062
44.250 32.750
44.250 33.000
44.500 33.000
44.500 32.750
Building 4 5 0.062
44.250 33.000
44.250 33.250
44.500 33.250
44.500 33.000
Building 4 5 0.062
44.500 33.500
44.500 33.250
44.250 33.250
44.250 33.500
Building 4 5 0.062
44.500 26.500
44.500 26.750
44.750 26.750
44.750 26.500
Building 4 5 0.062
44.500 26.750
44.500 27.000
44.750 27.000
44.750 26.750
Building 4 5 0.062
44.500 27.000
44.500 27.250
44.750 27.250
44.750 27.000
Building 4 5 0.062
44.500 27.250
44.500 27.500
44.750 27.500
44.750 27.250
Building 4 5 0.062
44.500 27.500
44.500 27.750
44.750 27.750
44.750 27.500
Building 4 5 0.062
44.500 27.750
44.500 28.000
44.750 28.000
44.750 27.750
Building 4 5 0.062
44.500 28.000
44.500 28.250
44.750 28.250
44.750 28.000
Building 4 5 0.062
44.750 28.500
44.750 28.250
44.500 28.250
44.500 28.500
Building 4 5 0.062
44.500 31.500
44.500 31.750
44.750 31.750
44.750 31.500
Building 4 5 0.062
44.500 31.750
44.500 32.000
44.750 32.000
44.750 31.750
Building 4 5 0.062
44.500 32.000
44.500 32.250
44.750 32.250
44.750 32.000
Building 4 5 0.062
44.500 32.250
44.500 32.500
44.750 32.500
44.750 32.250
Building 4 5 0.062
44.500 32.500
44.500 32.750
44.750 32.750
44.750 32.500
Building 4 5 0.062
44.500 32.750
44.500 33.000
44.750 33.000
44.750 32.750
Building 4 5 0.062
44.500 33.000
44.500 33.250
44.750 33.250
44.750 33.000
Building 4 5 0.062
44.750 33.500
44.750 33.250
44.500 33.250
44.500 33.500
Building 4 5 0.062
44.750 26.500
44.750 26.750
45.000 26.750
45.000 26.500
Building 4 5 0.062
44.750 26.750
44.750 27.000
45.000 27.000
45.000 26.750
Building 4 5 0.062
44.750 27.000
44.750 27.250
45.000 27.250
45.000 27.000
Building 4 5 0.062
44.750 27.250
44.750 27.500
45.000 27.500
45.000 27.250
Building 4 5 0.062
44.750 27.500
44.750 27.750
45.000 27.750
45.000 27.500
Building 4 5 0.062
44.750 27.750
44.750 28.000
45.000 28.000
45.000 27.750
Building 4 5 0.062
44.750 28.000
44.750 28.250
45.000 28.250
45.000 28.000
Building 4 5 0.062
45.000 28.500
45.000 28.250
44.750 28.250
44.750 28.500
Building 4 5 0.062
44.750 31.500
44.750 31.750
45.000 31.750
45.000 31.500
Building 4 5 0.062
44.750 31.750
44.750 32.000
45.000 32.000
45.000 31.750
Building 4 5 0.062
44.750 32.000
44.750 32.250
45.000 32.250
45.000 32.000
Building 4 5 0.062
44.750 32.250
44.750 32.500
45.000 32.500
45.000 32.250
Building 4 5 0.062
44.750 32.500
44.750 32.750
45.000 32.750
45.000 32.500
Building 4 5 0.062
44.750 32.750
44.750 33.000
45.000 33.000
45.000 32.750
Building 4 5 0.062
44.750 33.000
44.750 33.250
45.000 33.250
45.000 33.000
Building 4 5 0.062
45.000 33.500
45.000 33.250
44.750 33.250
44.750 33.500
Building 4 5 0.062
45.000 26.500
45.000 26.750
45.250 26.750
45.250 26.500
Building 4 5 0.062
45.000 26.750
45.000 27.000
45.250 27.000
45.250 26.750
Building 4 5 0.062
45.000 27.000
45.000 27.250
45.250 27.250
45.250 27.000
Building 4 5 0.062
45.000 27.250
45.000 27.500
45.250 27.500
45.250 27.250
Building 4 5 0.062
45.000 27.500
45.000 27.750
45.250 27.750
45.250 27.500
Building 4 5 0.062
45.000 27.750
45.000 28.000
45.250 28.000
45.250 27.750
Building 4 5 0.062
45.000 28.000
45.000 28.250
45.250 28.250
45.250 28.000
Building 4 5 0.062
45.250 28.500
45.250 28.250
45.000 28.250
45.000 28.500
Building 4 5 0.062
45.000 31.500
45.000 31.750
45.250 31.750
45.250 31.500
Building 4 5 0.062
45.000 31.750
45.000 32.000
45.250 32.000
45.250 31.750
Building 4 5 0.062
45.000 32.000
45.000 32.250
45.250 32.250
45.250 32.000
Building 4 5 0.062
45.000 32.250
45.000 32.500
45.250 32.500
45.250 32.250
Building 4 5 0.062
45.000 32.500
45.000 32.750
45.250 32.750
45.250 32.500
Building 4 5 0.062
45.000 32.750
45.000 33.000
45.250 33.000
45.250 32.750
Building 4 5 0.062
45.000 33.000
45.000 33.250
45.250 33.250
45.250 33.000
Building 4 5 0.062
45.250 33.500
45.250 33.250
45.000 33.250
45.000 33.500
Building 4 5 0.062
45.250 26.500
45.250 26.750
45.500 26.750
45.500 26.500
Building 4 5 0.062
45.250 26.750
45.250 27.000
45.500 27.000
45.500 26.750
Building 4 5 0.062
45.250 27.000
45.250 27.250
45.500 27.250
45.500 27.000
Building 4 5 0.062
45.250 27.250
45.250 27.500
45.500 27.500
45.500 27.250
Building 4 5 0.062
45.250 27.500
45.250 27.750
45.500 27.750
45.500 27.500
Building 4 5 0.062
45.250 27.750
45.250 28.000
45.500 28.000
45.500 27.750
Building 4 5 0.062
45.250 28.000
45.250 28.250
45.500 28.250
45.500 28.000
Building 4 5 0.062
45.500 28.500
45.500 28.250
45.250 28.250
45.250 28.500
Building 4 5 0.062
45.250 31.500
45.250 31.750
45.500 31.750
45.500 31.500
Building 4 5 0.062
45.250 31.750
45.250 32.000
45.500 32.000
45.500 31.750
Building 4 5 0.062
45.250 32.000
45.250 32.250
45.500 32.250
45.500 32.000
Building 4 5 0.062
45.250 32.250
45.250 32.500
45.500 32.500
45.500 32.250
Building 4 5 0.062
45.250 32.500
45.250 32.750
45.500 32.750
45.500 32.500
Building 4 5 0.062
45.250 32.750
45.250 33.000
45.500 33.000
45.500 32.750
Building 4 5 0.062
45.250 33.000
45.250 33.250
45.500 33.250
45.500 33.000
Building 4 5 0.062
45.500 33.500
45.500 33.250
45.250 33.250
45.250 33.500
Building 4 5 0.062
45.500 26.500
45.500 26.750
45.750 26.750
45.750 26.500
Building 4 5 0.062
45.500 26.750
45.500 27.000
45.750 27.000
45.750 26.750
Building 4 5 0.062
45.500 27.000
45.500 27.250
45.750 27.250
45.750 27.000
Building 4 5 0.062
45.500 27.250
45.500 27.500
45.750 27.500
45.750 27.250
Building 4 5 0.062
45.500 27.500
45.500 27.750
45.750 27.750
45.750 27.500
Building 4 5 0.062
45.500 27.750
45.500 28.000
45.750 28.000
45.750 27.750
Building 4 5 0.062
45.500 28.000
45.500 28.250
45.750 28.250
45.750 28.000
Building 4 5 0.062
45.750 28.500
45.750 28.250
45.500 28.250
45.500 28.500
Building 4 5 0.062
45.500 31.500
45.500 31.750
45.750 31.750
45.750 31.500
Building 4 5 0.062
45.500 31.750
45.500 32.000
45.750 32.000
45.750 31.750
Building 4 5 0.062
45.500 32.000
45.500 32.250
45.750 32.250
45.750 32.000
Building 4 5 0.062
45.500 32.250
45.500 32.500
45.750 32.500
45.750 32.250
Building 4 5 0.062
45.500 32.500
45.500 32.750
45.750 32.750
45.750 32.500
Building 4 5 0.062
45.500 32.750
45.500 33.000
45.750 33.000
45.750 32.750
Building 4 5 0.062
45.500 33.000
45.500 33.250
45.750 33.250
45.750 33.000
Building 4 5 0.062
45.750 33.500
45.750 33.250
45.500 33.250
45.500 33.500
Building 4 5 0.062
45.750 26.500
45.750 26.750
46.000 26.750
46.000 26.500
Building 4 5 0.062
45.750 26.750
45.750 27.000
46.000 27.000
46.000 26.750
Building 4 5 0.062
45.750 27.000
45.750 27.250
46.000 27.250
46.000 27.000
Building 4 5 0.062
45.750 27.250
45.750 27.500
46.000 27.500
46.000 27.250
Building 4 5 0.062
45.750 27.500
45.750 27.750
46.000 27.750
46.000 27.500
Building 4 5 0.062
45.750 27.750
45.750 28.000
46.000 28.000
46.000 27.750
Building 4 5 0.062
45.750 28.000
45.750 28.250
46.000 28.250
46.000 28.000
Building 4 5 0.062
46.000 28.500
46.000 28.250
45.750 28.250
45.750 28.500
Building 4 5 0.062
45.750 31.500
45.750 31.750
46.000 31.750
46.000 31.500
Building 4 5 0.062
45.750 31.750
45.750 32.000
46.000 32.000
46.000 31.750
Building 4 5 0.062
45.750 32.000
45.750 32.250
46.000 32.250
46.000 32.000
Building 4 5 0.062
45.750 32.250
45.750 32.500
46.000 32.500
46.000 32.250
Building 4 5 0.062
45.750 32.500
45.750 32.750
46.000 32.750
46.000 32.500
Building 4 5 0.062
45.750 32.750
45.750 33.000
46.000 33.000
46.000 32.750
Building 4 5 0.062
45.750 33.000
45.750 33.250
46.000 33.250
46.000 33.000
Building 4 5 0.062
46.000 33.500
46.000 33.250
45.750 33.250
45.750 33.500
Building 4 5 0.062
46.000 26.500
46.000 26.750
46.250 26.750
46.250 26.500
Building 4 5 0.062
46.000 26.750
46.000 27.000
46.250 27.000
46.250 26.750
Building 4 5 0.062
46.000 27.000
46.000 27.250
46.250 27.250
46.250 27.000
Building 4 5 0.062
46.000 27.250
46.000 27.500
46.250 27.500
46.250 27.250
Building 4 5 0.062
46.000 27.500
46.000 27.750
46.250 27.750
46.250 27.500
Building 4 5 0.062
46.000 27.750
46.000 28.000
46.250 28.000
46.250 27.750
Building 4 5 0.062
46.000 28.000
46.000 28.250
46.250 28.250
46.250 28.000
Building 4 5 0.062
46.250 28.500
46.250 28.250
46.000 28.250
46.000 28.500
Building 4 5 0.062
46.000 31.500
46.000 31.750
46.250 31.750
46.250 31.500
Building 4 5 0.062
46.000 31.750
46.000 32.000
46.250 32.000
46.250 31.750
Building 4 5 0.062
46.000 32.000
46.000 32.250
46.250 32.250
46.250 32.000
Building 4 5 0.062
46.000 32.250
46.000 32.500
46.250 32.500
46.250 32.250
Building 4 5 0.062
46.000 32.500
46.000 32.750
46.250 32.750
46.250 32.500
Building 4 5 0.062
46.000 32.750
46.000 33.000
46.250 33.000
46.250 32.750
Building 4 5 0.062
46.000 33.000
46.000 33.250
46.250 33.250
46.250 33.000
Building 4 5 0.062
46.250 33.500
46.250 33.250
46.000 33.250
46.000 33.500
Building 4 5 0.062
46.250 26.500
46.250 26.750
46.500 26.750
46.500 26.500
Building 4 5 0.062
46.250 26.750
46.250 27.000
46.500 27.000
46.500 26.750
Building 4 5 0.062
46.250 27.000
46.250 27.250
46.500 27.250
46.500 27.000
Building 4 5 0.062
46.250 27.250
46.250 27.500
46.500 27.500
46.500 27.250
Building 4 5 0.062
46.250 27.500
46.250 27.750
46.500 27.750
46.500 27.500
Building 4 5 0.062
46.250 27.750
46.250 28.000
46.500 28.000
46.500 27.750
Building 4 5 0.062
46.250 28.000
46.250 28.250
46.500 28.250
46.500 28.000
Building 4 5 0.062
46.500 28.500
46.500 28.250
46.250 28.250
46.250 28.500
Building 4 5 0.062
46.250 31.500
46.250 31.750
46.500 31.750
46.500 31.500
Building 4 5 0.062
46.250 31.750
46.250 32.000
46.500 32.000
46.500 31.750
Building 4 5 0.062
46.250 32.000
46.250 32.250
46.500 32.250
46.500 32.000
Building 4 5 0.062
46.250 32.250
46.250 32.500
46.500 32.500
46.500 32.250
Building 4 5 0.062
46.250 32.500
46.250 32.750
46.500 32.750
46.500 32.500
Building 4 5 0.062
46.250 32.750
46.250 33.000
46.500 33.000
46.500 32.750
Building 4 5 0.062
46.250 33.000
46.250 33.250
46.500 33.250
46.500 33.000
Building 4 5 0.062
46.500 33.500
46.500 33.250
46.250 33.250
46.250 33.500
Building 4 5 0.062
46.500 26.500
46.500 26.750
46.750 26.750
46.750 26.500
Building 4 5 0.062
46.500 26.750
46.500 27.000
46.750 27.000
46.750 26.750
Building 4 5 0.062
46.500 27.000
46.500 27.250
46.750 27.250
46.750 27.000
Building 4 5 0.062
46.500 27.250
46.500 27.500
46.750 27.500
46.750 27.250
Building 4 5 0.062
46.500 27.500
46.500 27.750
46.750 27.750
46.750 27.500
Building 4 5 0.062
46.500 27.750
46.500 28.000
46.750 28.000
46.750 27.750
Building 4 5 0.062
46.500 28.000
46.500 28.250
46.750 28.250
46.750 28.000
Building 4 5 0.062
46.750 28.500
46.750 28.250
46.500 28.250
46.500 28.500
Building 4 5 0.062
46.500 31.500
46.500 31.750
46.750 31.750
46.750 31.500
Building 4 5 0.062
46.500 31.750
46.500 32.000
46.750 32.000
46.750 31.750
Building 4 5 0.062
46.500 32.000
46.500 32.250
46.750 32.250
46.750 32.000
Building 4 5 0.062
46.500 32.250
46.500 32.500
46.750 32.500
46.750 32.250
Building 4 5 0.062
46.500 32.500
46.500 32.750
46.750 32.750
46.750 32.500
Building 4 5 0.062
46.500 32.750
46.500 33.000
46.750 33.000
46.750 32.750
Building 4 5 0.062
46.500 33.000
46.500 33.250
46.750 33.250
46.750 33.000
Building 4 5 0.062
46.750 33.500
46.750 33.250
46.500 33.250
46.500 33.500
Building 4 5 0.062
46.750 26.500
46.750 26.750
47.000 26.750
47.000 26.500
Building 4 5 0.062
46.750 26.750
46.750 27.000
47.000 27.000
47.000 26.750
Building 4 5 0.062
46.750 27.000
46.750 27.250
47.000 27.250
47.000 27.000
Building 4 5 0.062
46.750 27.250
46.750 27.500
47.000 27.500
47.000 27.250
Building 4 5 0.062
46.750 27.500
46.750 27.750
47.000 27.750
47.000 27.500
Building 4 5 0.062
46.750 27.750
46.750 28.000
47.000 28.000
47.000 27.750
Building 4 5 0.062
46.750 28.000
46.750 28.250
47.000 28.250
47.000 28.000
Building 4 5 0.062
47.000 28.500
47.000 28.250
46.750 28.250
46.750 28.500
Building 4 5 0.062
46.750 31.500
46.750 31.750
47.000 31.750
47.000 31.500
Building 4 5 0.062
46.750 31.750
46.750 32.000
47.000 32.000
47.000 31.750
Building 4 5 0.062
46.750 32.000
46.750 32.250
47.000 32.250
47.000 32.000
Building 4 5 0.062
46.750 32.250
46.750 32.500
47.000 32.500
47.000 32.250
Building 4 5 0.062
46.750 32.500
46.750 32.750
47.000 32.750
47.000 32.500
Building 4 5 0.062
46.750 32.750
46.750 33.000
47.000 33.000
47.000 32.750
Building 4 5 0.062
46.750 33.000
46.750 33.250
47.000 33.250
47.000 33.000
Building 4 5 0.062
47.000 33.500
47.000 33.250
46.750 33.250
46.750 33.500
Building 4 5 0.062
47.000 26.500
47.000 26.750
47.250 26.750
47.250 26.500
Building 4 5 0.062
47.000 26.750
47.000 27.000
47.250 27.000
47.250 26.750
Building 4 5 0.062
47.000 27.000
47.000 27.250
47.250 27.250
47.250 27.000
Building 4 5 0.062
47.000 27.250
47.000 27.500
47.250 27.500
47.250 27.250
Building 4 5 0.062
47.000 27.500
47.000 27.750
47.250 27.750
47.250 27.500
Building 4 5 0.062
47.000 27.750
47.000 28.000
47.250 28.000
47.250 27.750
Building 4 5 0.062
47.000 28.000
47.000 28.250
47.250 28.250
47.250 28.000
Building 4 5 0.062
47.250 28.500
47.250 28.250
47.000 28.250
47.000 28.500
Building 4 5 0.062
47.000 31.500
47.000 31.750
47.250 31.750
47.250 31.500
Building 4 5 0.062
47.000 31.750
47.000 32.000
47.250 32.000
47.250 31.750
Building 4 5 0.062
47.000 32.000
47.000 32.250
47.250 32.250
47.250 32.000
Building 4 5 0.062
47.000 32.250
47.000 32.500
47.250 32.500
47.250 32.250
Building 4 5 0.062
47.000 32.500
47.000 32.750
47.250 32.750
47.250 32.500
Building 4 5 0.062
47.000 32.750
47.000 33.000
47.250 33.000
47.250 32.750
Building 4 5 0.062
47.000 33.000
47.000 33.250
47.250 33.250
47.250 33.000
Building 4 5 0.062
47.250 33.500
47.250 33.250
47.000 33.250
47.000 33.500
Building 4 5 0.062
47.250 26.500
47.250 26.750
47.500 26.750
47.500 26.500
Building 4 5 0.062
47.250 26.750
47.250 27.000
47.500 27.000
47.500 26.750
Building 4 5 0.062
47.250 27.000
47.250 27.250
47.500 27.250
47.500 27.000
Building 4 5 0.062
47.250 27.250
47.250 27.500
47.500 27.500
47.500 27.250
Building 4 5 0.062
47.250 27.500
47.250 27.750
47.500 27.750
47.500 27.500
Building 4 5 0.062
47.250 27.750
47.250 28.000
47.500 28.000
47.500 27.750
Building 4 5 0.062
47.250 28.000
47.250 28.250
47.500 28.250
47.500 28.000
Building 4 5 0.062
47.500 28.500
47.500 28.250
47.250 28.250
47.250 28.500
Building 4 5 0.062
47.250 31.500
47.250 31.750
47.500 31.750
47.500 31.500
Building 4 5 0.062
47.250 31.750
47.250 32.000
47.500 32.000
47.500 31.750
Building 4 5 0.062
47.250 32.000
47.250 32.250
47.500 32.250
47.500 32.000
Building 4 5 0.062
47.250 32.250
47.250 32.500
47.500 32.500
47.500 32.250
Building 4 5 0.062
47.250 32.500
47.250 32.750
47.500 32.750
47.500 32.500
Building 4 5 0.062
47.250 32.750
47.250 33.000
47.500 33.000
47.500 32.750
Building 4 5 0.062
47.250 33.000
47.250 33.250
47.500 33.250
47.500 33.000
Building 4 5 0.062
47.500 33.500
47.500 33.250
47.250 33.250
47.250 33.500
Building 4 5 0.062
47.500 26.500
47.500 26.750
47.750 26.750
47.750 26.500
Building 4 5 0.062
47.500 26.750
47.500 27.000
47.750 27.000
47.750 26.750
Building 4 5 0.062
47.500 27.000
47.500 27.250
47.750 27.250
47.750 27.000
Building 4 5 0.062
47.500 27.250
47.500 27.500
47.750 27.500
47.750 27.250
Building 4 5 0.062
47.500 27.500
47.500 27.750
47.750 27.750
47.750 27.500
Building 4 5 0.062
47.500 27.750
47.500 28.000
47.750 28.000
47.750 27.750
Building 4 5 0.062
47.500 28.000
47.500 28.250
47.750 28.250
47.750 28.000
Building 4 5 0.062
47.750 28.500
47.750 28.250
47.500 28.250
47.500 28.500
Building 4 5 0.062
47.500 31.500
47.500 31.750
47.750 31.750
47.750 31.500
Building 4 5 0.062
47.500 31.750
47.500 32.000
47.750 32.000
47.750 31.750
Building 4 5 0.062
47.500 32.000
47.500 32.250
47.750 32.250
47.750 32.000
Building 4 5 0.062
47.500 32.250
47.500 32.500
47.750 32.500
47.750 32.250
Building 4 5 0.062
47.500 32.500
47.500 32.750
47.750 32.750
47.750 32.500
Building 4 5 0.062
47.500 32.750
47.500 33.000
47.750 33.000
47.750 32.750
Building 4 5 0.062
47.500 33.000
47.500 33.250
47.750 33.250
47.750 33.000
Building 4 5 0.062
47.750 33.500
47.750 33.250
47.500 33.250
47.500 33.500
Building 4 5 0.062
47.750 26.500
47.750 26.750
48.000 26.750
48.000 26.500
Building 4 5 0.062
47.750 26.750
47.750 27.000
48.000 27.000
48.000 26.750
Building 4 5 0.062
47.750 27.000
47.750 27.250
48.000 27.250
48.000 27.000
Building 4 5 0.062
47.750 27.250
47.750 27.500
48.000 27.500
48.000 27.250
Building 4 5 0.062
47.750 27.500
47.750 27.750
48.000 27.750
48.000 27.500
Building 4 5 0.062
47.750 27.750
47.750 28.000
48.000 28.000
48.000 27.750
Building 4 5 0.062
47.750 28.000
47.750 28.250
48.000 28.250
48.000 28.000
Building 4 5 0.062
48.000 28.500
48.000 28.250
47.750 28.250
47.750 28.500
Building 4 5 0.062
47.750 31.500
47.750 31.750
48.000 31.750
48.000 31.500
Building 4 5 0.062
47.750 31.750
47.750 32.000
48.000 32.000
48.000 31.750
Building 4 5 0.062
47.750 32.000
47.750 32.250
48.000 32.250
48.000 32.000
Building 4 5 0.062
47.750 32.250
47.750 32.500
48.000 32.500
48.000 32.250
Building 4 5 0.062
47.750 32.500
47.750 32.750
48.000 32.750
48.000 32.500
Building 4 5 0.062
47.750 32.750
47.750 33.000
48.000 33.000
48.000 32.750
Building 4 5 0.062
47.750 33.000
47.750 33.250
48.000 33.250
48.000 33.000
Building 4 5 0.062
48.000 33.500
48.000 33.250
47.750 33.250
47.750 33.500
Building 4 5 0.062
48.000 26.500
48.000 26.750
48.250 26.750
48.250 26.500
Building 4 5 0.062
48.000 26.750
48.000 27.000
48.250 27.000
48.250 26.750
Building 4 5 0.062
48.000 27.000
48.000 27.250
48.250 27.250
48.250 27.000
Building 4 5 0.062
48.000 27.250
48.000 27.500
48.250 27.500
48.250 27.250
Building 4 5 0.062
48.000 27.500
48.000 27.750
48.250 27.750
48.250 27.500
Building 4 5 0.062
48.000 27.750
48.000 28.000
48.250 28.000
48.250 27.750
Building 4 5 0.062
48.000 28.000
48.000 28.250
48.250 28.250
48.250 28.000
Building 4 5 0.062
48.250 28.500
48.250 28.250
48.000 28.250
48.000 28.500
Building 4 5 0.062
48.000 31.500
48.000 31.750
48.250 31.750
48.250 31.500
Building 4 5 0.062
48.000 31.750
48.000 32.000
48.250 32.000
48.250 31.750
Building 4 5 0.062
48.000 32.000
48.000 32.250
48.250 32.250
48.250 32.000
Building 4 5 0.062
48.000 32.250
48.000 32.500
48.250 32.500
48.250 32.250
Building 4 5 0.062
48.000 32.500
48.000 32.750
48.250 32.750
48.250 32.500
Building 4 5 0.062
48.000 32.750
48.000 33.000
48.250 33.000
48.250 32.750
Building 4 5 0.062
48.000 33.000
48.000 33.250
48.250 33.250
48.250 33.000
Building 4 5 0.062
48.250 33.500
48.250 33.250
48.000 33.250
48.000 33.500
Building 4 5 0.062
48.250 26.500
48.250 26.750
48.500 26.750
48.500 26.500
Building 4 5 0.062
48.250 26.750
48.250 27.000
48.500 27.000
48.500 26.750
Building 4 5 0.062
48.250 27.000
48.250 27.250
48.500 27.250
48.500 27.000
Building 4 5 0.062
48.250 27.250
48.250 27.500
48.500 27.500
48.500 27.250
Building 4 5 0.062
48.250 27.500
48.250 27.750
48.500 27.750
48.500 27.500
Building 4 5 0.062
48.250 27.750
48.250 28.000
48.500 28.000
48.500 27.750
Building 4 5 0.062
48.250 28.000
48.250 28.250
48.500 28.250
48.500 28.000
Building 4 5 0.062
48.500 28.500
48.500 28.250
48.250 28.250
48.250 28.500
Building 4 5 0.062
48.250 31.500
48.250 31.750
48.500 31.750
48.500 31.500
Building 4 5 0.062
48.250 31.750
48.250 32.000
48.500 32.000
48.500 31.750
Building 4 5 0.062
48.250 32.000
48.250 32.250
48.500 32.250
48.500 32.000
Building 4 5 0.062
48.250 32.250
48.250 32.500
48.500 32.500
48.500 32.250
Building 4 5 0.062
48.250 32.500
48.250 32.750
48.500 32.750
48.500 32.500
Building 4 5 0.062
48.250 32.750
48.250 33.000
48.500 33.000
48.500 32.750
Building 4 5 0.062
48.250 33.000
48.250 33.250
48.500 33.250
48.500 33.000
Building 4 5 0.062
48.500 33.500
48.500 33.250
48.250 33.250
48.250 33.500
Building 4 5 0.062
48.500 26.500
48.500 26.750
48.750 26.750
48.750 26.500
Building 4 5 0.062
48.500 26.750
48.500 27.000
48.750 27.000
48.750 26.750
Building 4 5 0.062
48.500 27.000
48.500 27.250
48.750 27.250
48.750 27.000
Building 4 5 0.062
48.500 27.250
48.500 27.500
48.750 27.500
48.750 27.250
Building 4 5 0.062
48.500 27.500
48.500 27.750
48.750 27.750
48.750 27.500
Building 4 5 0.062
48.500 27.750
48.500 28.000
48.750 28.000
48.750 27.750
Building 4 5 0.062
48.500 28.000
48.500 28.250
48.750 28.250
48.750 28.000
Building 4 5 0.062
48.750 28.500
48.750 28.250
48.500 28.250
48.500 28.500
Building 4 5 0.062
48.500 31.500
48.500 31.750
48.750 31.750
48.750 31.500
Building 4 5 0.062
48.500 31.750
48.500 32.000
48.750 32.000
48.750 31.750
Building 4 5 0.062
48.500 32.000
48.500 32.250
48.750 32.250
48.750 32.000
Building 4 5 0.062
48.500 32.250
48.500 32.500
48.750 32.500
48.750 32.250
Building 4 5 0.062
48.500 32.500
48.500 32.750
48.750 32.750
48.750 32.500
Building 4 5 0.062
48.500 32.750
48.500 33.000
48.750 33.000
48.750 32.750
Building 4 5 0.062
48.500 33.000
48.500 33.250
48.750 33.250
48.750 33.000
Building 4 5 0.062
48.750 33.500
48.750 33.250
48.500 33.250
48.500 33.500
Building 4 5 0.062
48.750 26.500
48.750 26.750
49.000 26.750
49.000 26.500
Building 4 5 0.062
48.750 26.750
48.750 27.000
49.000 27.000
49.000 26.750
Building 4 5 0.062
48.750 27.000
48.750 27.250
49.000 27.250
49.000 27.000
Building 4 5 0.062
48.750 27.250
48.750 27.500
49.000 27.500
49.000 27.250
Building 4 5 0.062
48.750 27.500
48.750 27.750
49.000 27.750
49.000 27.500
Building 4 5 0.062
48.750 27.750
48.750 28.000
49.000 28.000
49.000 27.750
Building 4 5 0.062
48.750 28.000
48.750 28.250
49.000 28.250
49.000 28.000
Building 4 5 0.062
49.000 28.500
49.000 28.250
48.750 28.250
48.750 28.500
Building 4 5 0.062
48.750 31.500
48.750 31.750
49.000 31.750
49.000 31.500
Building 4 5 0.062
48.750 31.750
48.750 32.000
49.000 32.000
49.000 31.750
Building 4 5 0.062
48.750 32.000
48.750 32.250
49.000 32.250
49.000 32.000
Building 4 5 0.062
48.750 32.250
48.750 32.500
49.000 32.500
49.000 32.250
Building 4 5 0.062
48.750 32.500
48.750 32.750
49.000 32.750
49.000 32.500
Building 4 5 0.062
48.750 32.750
48.750 33.000
49.000 33.000
49.000 32.750
Building 4 5 0.062
48.750 33.000
48.750 33.250
49.000 33.250
49.000 33.000
Building 4 5 0.062
49.000 33.500
49.000 33.250
48.750 33.250
48.750 33.500
Building 4 5 0.062
49.000 26.500
49.000 26.750
49.250 26.750
49.250 26.500
Building 4 5 0.062
49.000 26.750
49.000 27.000
49.250 27.000
49.250 26.750
Building 4 5 0.062
49.000 27.000
49.000 27.250
49.250 27.250
49.250 27.000
Building 4 5 0.062
49.000 27.250
49.000 27.500
49.250 27.500
49.250 27.250
Building 4 5 0.062
49.000 27.500
49.000 27.750
49.250 27.750
49.250 27.500
Building 4 5 0.062
49.000 27.750
49.000 28.000
49.250 28.000
49.250 27.750
Building 4 5 0.062
49.000 28.000
49.000 28.250
49.250 28.250
49.250 28.000
Building 4 5 0.062
49.250 28.500
49.250 28.250
49.000 28.250
49.000 28.500
Building 4 5 0.062
49.000 31.500
49.000 31.750
49.250 31.750
49.250 31.500
Building 4 5 0.062
49.000 31.750
49.000 32.000
49.250 32.000
49.250 31.750
Building 4 5 0.062
49.000 32.000
49.000 32.250
49.250 32.250
49.250 32.000
Building 4 5 0.062
49.000 32.250
49.000 32.500
49.250 32.500
49.250 32.250
Building 4 5 0.062
49.000 32.500
49.000 32.750
49.250 32.750
49.250 32.500
Building 4 5 0.062
49.000 32.750
49.000 33.000
49.250 33.000
49.250 32.750
Building 4 5 0.062
49.000 33.000
49.000 33.250
49.250 33.250
49.250 33.000
Building 4 5 0.062
49.250 33.500
49.250 33.250
49.000 33.250
49.000 33.500
Building 4 5 0.062
49.250 26.500
49.250 26.750
49.500 26.750
49.500 26.500
Building 4 5 0.062
49.250 26.750
49.250 27.000
49.500 27.000
49.500 26.750
Building 4 5 0.062
49.250 27.000
49.250 27.250
49.500 27.250
49.500 27.000
Building 4 5 0.062
49.250 27.250
49.250 27.500
49.500 27.500
49.500 27.250
Building 4 5 0.062
49.250 27.500
49.250 27.750
49.500 27.750
49.500 27.500
Building 4 5 0.062
49.250 27.750
49.250 28.000
49.500 28.000
49.500 27.750
Building 4 5 0.062
49.250 28.000
49.250 28.250
49.500 28.250
49.500 28.000
Building 4 5 0.062
49.500 28.500
49.500 28.250
49.250 28.250
49.250 28.500
Building 4 5 0.062
49.250 31.500
49.250 31.750
49.500 31.750
49.500 31.500
Building 4 5 0.062
49.250 31.750
49.250 32.000
49.500 32.000
49.500 31.750
Building 4 5 0.062
49.250 32.000
49.250 32.250
49.500 32.250
49.500 32.000
Building 4 5 0.062
49.250 32.250
49.250 32.500
49.500 32.500
49.500 32.250
Building 4 5 0.062
49.250 32.500
49.250 32.750
49.500 32.750
49.500 32.500
Building 4 5 0.062
49.250 32.750
49.250 33.000
49.500 33.000
49.500 32.750
Building 4 5 0.062
49.250 33.000
49.250 33.250
49.500 33.250
49.500 33.000
Building 4 5 0.062
49.500 33.500
49.500 33.250
49.250 33.250
49.250 33.500
Building 4 5 0.062
49.500 26.500
49.500 26.750
49.750 26.750
49.750 26.500
Building 4 5 0.062
49.500 26.750
49.500 27.000
49.750 27.000
49.750 26.750
Building 4 5 0.062
49.500 27.000
49.500 27.250
49.750 27.250
49.750 27.000
Building 4 5 0.062
49.500 27.250
49.500 27.500
49.750 27.500
49.750 27.250
Building 4 5 0.062
49.500 27.500
49.500 27.750
49.750 27.750
49.750 27.500
Building 4 5 0.062
49.500 27.750
49.500 28.000
49.750 28.000
49.750 27.750
Building 4 5 0.062
49.500 28.000
49.500 28.250
49.750 28.250
49.750 28.000
Building 4 5 0.062
49.750 28.500
49.750 28.250
49.500 28.250
49.500 28.500
Building 4 5 0.062
49.500 31.500
49.500 31.750
49.750 31.750
49.750 31.500
Building 4 5 0.062
49.500 31.750
49.500 32.000
49.750 32.000
49.750 31.750
Building 4 5 0.062
49.500 32.000
49.500 32.250
49.750 32.250
49.750 32.000
Building 4 5 0.062
49.500 32.250
49.500 32.500
49.750 32.500
49.750 32.250
Building 4 5 0.062
49.500 32.500
49.500 32.750
49.750 32.750
49.750 32.500
Building 4 5 0.062
49.500 32.750
49.500 33.000
49.750 33.000
49.750 32.750
Building 4 5 0.062
49.500 33.000
49.500 33.250
49.750 33.250
49.750 33.000
Building 4 5 0.062
49.750 33.500
49.750 33.250
49.500 33.250
49.500 33.500
Building 4 5 0.062
49.750 26.500
49.750 26.750
50.000 26.750
50.000 26.500
Building 4 5 0.062
49.750 26.750
49.750 27.000
50.000 27.000
50.000 26.750
Building 4 5 0.062
49.750 27.000
49.750 27.250
50.000 27.250
50.000 27.000
Building 4 5 0.062
49.750 27.250
49.750 27.500
50.000 27.500
50.000 27.250
Building 4 5 0.062
49.750 27.500
49.750 27.750
50.000 27.750
50.000 27.500
Building 4 5 0.062
49.750 27.750
49.750 28.000
50.000 28.000
50.000 27.750
Building 4 5 0.062
49.750 28.000
49.750 28.250
50.000 28.250
50.000 28.000
Building 4 5 0.062
50.000 28.500
50.000 28.250
49.750 28.250
49.750 28.500
Building 4 5 0.062
49.750 31.500
49.750 31.750
50.000 31.750
50.000 31.500
Building 4 5 0.062
49.750 31.750
49.750 32.000
50.000 32.000
50.000 31.750
Building 4 5 0.062
49.750 32.000
49.750 32.250
50.000 32.250
50.000 32.000
Building 4 5 0.062
49.750 32.250
49.750 32.500
50.000 32.500
50.000 32.250
Building 4 5 0.062
49.750 32.500
49.750 32.750
50.000 32.750
50.000 32.500
Building 4 5 0.062
49.750 32.750
49.750 33.000
50.000 33.000
50.000 32.750
Building 4 5 0.062
49.750 33.000
49.750 33.250
50.000 33.250
50.000 33.000
Building 4 5 0.062
50.000 33.500
50.000 33.250
49.750 33.250
49.750 33.500
Building 4 5 0.062
50.000 26.500
50.000 26.750
50.250 26.750
50.250 26.500
Building 4 5 0.062
50.000 26.750
50.000 27.000
50.250 27.000
50.250 26.750
Building 4 5 0.062
50.000 27.000
50.000 27.250
50.250 27.250
50.250 27.000
Building 4 5 0.062
50.000 27.250
50.000 27.500
50.250 27.500
50.250 27.250
Building 4 5 0.062
50.000 27.500
50.000 27.750
50.250 27.750
50.250 27.500
Building 4 5 0.062
50.000 27.750
50.000 28.000
50.250 28.000
50.250 27.750
Building 4 5 0.062
50.000 28.000
50.000 28.250
50.250 28.250
50.250 28.000
Building 4 5 0.062
50.250 28.500
50.250 28.250
50.000 28.250
50.000 28.500
Building 4 5 0.062
50.000 31.500
50.000 31.750
50.250 31.750
50.250 31.500
Building 4 5 0.062
50.000 31.750
50.000 32.000
50.250 32.000
50.250 31.750
Building 4 5 0.062
50.000 32.000
50.000 32.250
50.250 32.250
50.250 32.000
Building 4 5 0.062
50.000 32.250
50.000 32.500
50.250 32.500
50.250 32.250
Building 4 5 0.062
50.000 32.500
50.000 32.750
50.250 32.750
50.250 32.500
Building 4 5 0.062
50.000 32.750
50.000 33.000
50.250 33.000
50.250 32.750
Building 4 5 0.062
50.000 33.000
50.000 33.250
50.250 33.250
50.250 33.000
Building 4 5 0.062
50.250 33.500
50.250 33.250
50.000 33.250
50.000 33.500
Building 4 5 0.062
50.250 26.500
50.250 26.750
50.500 26.750
50.500 26.500
Building 4 5 0.062
50.250 26.750
50.250 27.000
50.500 27.000
50.500 26.750
Building 4 5 0.062
50.250 27.000
50.250 27.250
50.500 27.250
50.500 27.000
Building 4 5 0.062
50.250 27.250
50.250 27.500
50.500 27.500
50.500 27.250
Building 4 5 0.062
50.250 27.500
50.250 27.750
50.500 27.750
50.500 27.500
Building 4 5 0.062
50.250 27.750
50.250 28.000
50.500 28.000
50.500 27.750
Building 4 5 0.062
50.250 28.000
50.250 28.250
50.500 28.250
50.500 28.000
Building 4 5 0.062
50.500 28.500
50.500 28.250
50.250 28.250
50.250 28.500
Building 4 5 0.062
50.250 31.500
50.250 31.750
50.500 31.750
50.500 31.500
Building 4 5 0.062
50.250 31.750
50.250 32.000
50.500 32.000
50.500 31.750
Building 4 5 0.062
50.250 32.000
50.250 32.250
50.500 32.250
50.500 32.000
Building 4 5 0.062
50.250 32.250
50.250 32.500
50.500 32.500
50.500 32.250
Building 4 5 0.062
50.250 32.500
50.250 32.750
50.500 32.750
50.500 32.500
Building 4 5 0.062
50.250 32.750
50.250 33.000
50.500 33.000
50.500 32.750
Building 4 5 0.062
50.250 33.000
50.250 33.250
50.500 33.250
50.500 33.000
Building 4 5 0.062
50.500 33.500
50.500 33.250
50.250 33.250
50.250 33.500
Building 4 5 0.062
50.500 26.500
50.500 26.750
50.750 26.750
50.750 26.500
Building 4 5 0.062
50.500 26.750
50.500 27.000
50.750 27.000
50.750 26.750
Building 4 5 0.062
50.500 27.000
50.500 27.250
50.750 27.250
50.750 27.000
Building 4 5 0.062
50.500 27.250
50.500 27.500
50.750 27.500
50.750 27.250
Building 4 5 0.062
50.500 27.500
50.500 27.750
50.750 27.750
50.750 27.500
Building 4 5 0.062
50.500 27.750
50.500 28.000
50.750 28.000
50.750 27.750
Building 4 5 0.062
50.500 28.000
50.500 28.250
50.750 28.250
50.750 28.000
Building 4 5 0.062
50.750 28.500
50.750 28.250
50.500 28.250
50.500 28.500
Building 4 5 0.062
50.500 31.500
50.500 31.750
50.750 31.750
50.750 31.500
Building 4 5 0.062
50.500 31.750
50.500 32.000
50.750 32.000
50.750 31.750
Building 4 5 0.062
50.500 32.000
50.500 32.250
50.750 32.250
50.750 32.000
Building 4 5 0.062
50.500 32.250
50.500 32.500
50.750 32.500
50.750 32.250
Building 4 5 0.062
50.500 32.500
50.500 32.750
50.750 32.750
50.750 32.500
Building 4 5 0.062
50.500 32.750
50.500 33.000
50.750 33.000
50.750 32.750
Building 4 5 0.062
50.500 33.000
50.500 33.250
50.750 33.250
50.750 33.000
Building 4 5 0.062
50.750 33.500
50.750 33.250
50.500 33.250
50.500 33.500
Building 4 5 0.062
50.750 26.500
50.750 26.750
51.000 26.750
51.000 26.500
Building 4 5 0.062
50.750 26.750
50.750 27.000
51.000 27.000
51.000 26.750
Building 4 5 0.062
50.750 27.000
50.750 27.250
51.000 27.250
51.000 27.000
Building 4 5 0.062
50.750 27.250
50.750 27.500
51.000 27.500
51.000 27.250
Building 4 5 0.062
50.750 27.500
50.750 27.750
51.000 27.750
51.000 27.500
Building 4 5 0.062
50.750 27.750
50.750 28.000
51.000 28.000
51.000 27.750
Building 4 5 0.062
50.750 28.000
50.750 28.250
51.000 28.250
51.000 28.000
Building 4 5 0.062
51.000 28.500
51.000 28.250
50.750 28.250
50.750 28.500
Building 4 5 0.062
50.750 31.500
50.750 31.750
51.000 31.750
51.000 31.500
Building 4 5 0.062
50.750 31.750
50.750 32.000
51.000 32.000
51.000 31.750
Building 4 5 0.062
50.750 32.000
50.750 32.250
51.000 32.250
51.000 32.000
Building 4 5 0.062
50.750 32.250
50.750 32.500
51.000 32.500
51.000 32.250
Building 4 5 0.062
50.750 32.500
50.750 32.750
51.000 32.750
51.000 32.500
Building 4 5 0.062
50.750 32.750
50.750 33.000
51.000 33.000
51.000 32.750
Building 4 5 0.062
50.750 33.000
50.750 33.250
51.000 33.250
51.000 33.000
Building 4 5 0.062
51.000 33.500
51.000 33.250
50.750 33.250
50.750 33.500
Building 4 5 0.062
51.000 26.500
51.000 26.750
51.250 26.750
51.250 26.500
Building 4 5 0.062
51.000 26.750
51.000 27.000
51.250 27.000
51.250 26.750
Building 4 5 0.062
51.000 27.000
51.000 27.250
51.250 27.250
51.250 27.000
Building 4 5 0.062
51.000 27.250
51.000 27.500
51.250 27.500
51.250 27.250
Building 4 5 0.062
51.000 27.500
51.000 27.750
51.250 27.750
51.250 27.500
Building 4 5 0.062
51.000 27.750
51.000 28.000
51.250 28.000
51.250 27.750
Building 4 5 0.062
51.000 28.000
51.000 28.250
51.250 28.250
51.250 28.000
Building 4 5 0.062
51.250 28.500
51.250 28.250
51.000 28.250
51.000 28.500
Building 4 5 0.062
51.000 31.500
51.000 31.750
51.250 31.750
51.250 31.500
Building 4 5 0.062
51.000 31.750
51.000 32.000
51.250 32.000
51.250 31.750
Building 4 5 0.062
51.000 32.000
51.000 32.250
51.250 32.250
51.250 32.000
Building 4 5 0.062
51.000 32.250
51.000 32.500
51.250 32.500
51.250 32.250
Building 4 5 0.062
51.000 32.500
51.000 32.750
51.250 32.750
51.250 32.500
Building 4 5 0.062
51.000 32.750
51.000 33.000
51.250 33.000
51.250 32.750
Building 4 5 0.062
51.000 33.000
51.000 33.250
51.250 33.250
51.250 33.000
Building 4 5 0.062
51.250 33.500
51.250 33.250
51.000 33.250
51.000 33.500
Building 4 5 0.062
51.250 26.500
51.250 26.750
51.500 26.750
51.500 26.500
Building 4 5 0.062
51.250 26.750
51.250 27.000
51.500 27.000
51.500 26.750
Building 4 5 0.062
51.250 27.000
51.250 27.250
51.500 27.250
51.500 27.000
Building 4 5 0.062
51.250 27.250
51.250 27.500
51.500 27.500
51.500 27.250
Building 4 5 0.062
51.250 27.500
51.250 27.750
51.500 27.750
51.500 27.500
Building 4 5 0.062
51.250 27.750
51.250 28.000
51.500 28.000
51.500 27.750
Building 4 5 0.062
51.250 28.000
51.250 28.250
51.500 28.250
51.500 28.000
Building 4 5 0.062
51.500 28.500
51.500 28.250
51.250 28.250
51.250 28.500
Building 4 5 0.062
51.250 31.500
51.250 31.750
51.500 31.750
51.500 31.500
Building 4 5 0.062
51.250 31.750
51.250 32.000
51.500 32.000
51.500 31.750
Building 4 5 0.062
51.250 32.000
51.250 32.250
51.500 32.250
51.500 32.000
Building 4 5 0.062
51.250 32.250
51.250 32.500
51.500 32.500
51.500 32.250
Building 4 5 0.062
51.250 32.500
51.250 32.750
51.500 32.750
51.500 32.500
Building 4 5 0.062
51.250 32.750
51.250 33.000
51.500 33.000
51.500 32.750
Building 4 5 0.062
51.250 33.000
51.250 33.250
51.500 33.250
51.500 33.000
Building 4 5 0.062
51.500 33.500
51.500 33.250
51.250 33.250
51.250 33.500
Building 4 5 0.062
51.500 26.500
51.500 26.750
51.750 26.750
51.750 26.500
Building 4 5 0.062
51.500 26.750
51.500 27.000
51.750 27.000
51.750 26.750
Building 4 5 0.062
51.500 27.000
51.500 27.250
51.750 27.250
51.750 27.000
Building 4 5 0.062
51.500 27.250
51.500 27.500
51.750 27.500
51.750 27.250
Building 4 5 0.062
51.500 27.500
51.500 27.750
51.750 27.750
51.750 27.500
Building 4 5 0.062
51.500 27.750
51.500 28.000
51.750 28.000
51.750 27.750
Building 4 5 0.062
51.500 28.000
51.500 28.250
51.750 28.250
51.750 28.000
Building 4 5 0.062
51.750 28.500
51.750 28.250
51.500 28.250
51.500 28.500
Building 4 5 0.062
51.500 31.500
51.500 31.750
51.750 31.750
51.750 31.500
Building 4 5 0.062
51.500 31.750
51.500 32.000
51.750 32.000
51.750 31.750
Building 4 5 0.062
51.500 32.000
51.500 32.250
51.750 32.250
51.750 32.000
Building 4 5 0.062
51.500 32.250
51.500 32.500
51.750 32.500
51.750 32.250
Building 4 5 0.062
51.500 32.500
51.500 32.750
51.750 32.750
51.750 32.500
Building 4 5 0.062
51.500 32.750
51.500 33.000
51.750 33.000
51.750 32.750
Building 4 5 0.062
51.500 33.000
51.500 33.250
51.750 33.250
51.750 33.000
Building 4 5 0.062
51.750 33.500
51.750 33.250
51.500 33.250
51.500 33.500
Building 4 5 0.062
51.750 26.500
51.750 26.750
52.000 26.750
52.000 26.500
Building 4 5 0.062
51.750 26.750
51.750 27.000
52.000 27.000
52.000 26.750
Building 4 5 0.062
51.750 27.000
51.750 27.250
52.000 27.250
52.000 27.000
Building 4 5 0.062
51.750 27.250
51.750 27.500
52.000 27.500
52.000 27.250
Building 4 5 0.062
51.750 27.500
51.750 27.750
52.000 27.750
52.000 27.500
Building 4 5 0.062
51.750 27.750
51.750 28.000
52.000 28.000
52.000 27.750
Building 4 5 0.062
51.750 28.000
51.750 28.250
52.000 28.250
52.000 28.000
Building 4 5 0.062
52.000 28.500
52.000 28.250
51.750 28.250
51.750 28.500
Building 4 5 0.062
51.750 31.500
51.750 31.750
52.000 31.750
52.000 31.500
Building 4 5 0.062
51.750 31.750
51.750 32.000
52.000 32.000
52.000 31.750
Building 4 5 0.062
51.750 32.000
51.750 32.250
52.000 32.250
52.000 32.000
Building 4 5 0.062
51.750 32.250
51.750 32.500
52.000 32.500
52.000 32.250
Building 4 5 0.062
51.750 32.500
51.750 32.750
52.000 32.750
52.000 32.500
Building 4 5 0.062
51.750 32.750
51.750 33.000
52.000 33.000
52.000 32.750
Building 4 5 0.062
51.750 33.000
51.750 33.250
52.000 33.250
52.000 33.000
Building 4 5 0.062
52.000 33.500
52.000 33.250
51.750 33.250
51.750 33.500
Building 4 5 0.062
52.000 26.500
52.000 26.750
52.250 26.750
52.250 26.500
Building 4 5 0.062
52.000 26.750
52.000 27.000
52.250 27.000
52.250 26.750
Building 4 5 0.062
52.000 27.000
52.000 27.250
52.250 27.250
52.250 27.000
Building 4 5 0.062
52.000 27.250
52.000 27.500
52.250 27.500
52.250 27.250
Building 4 5 0.062
52.000 27.500
52.000 27.750
52.250 27.750
52.250 27.500
Building 4 5 0.062
52.000 27.750
52.000 28.000
52.250 28.000
52.250 27.750
Building 4 5 0.062
52.000 28.000
52.000 28.250
52.250 28.250
52.250 28.000
Building 4 5 0.062
52.250 28.500
52.250 28.250
52.000 28.250
52.000 28.500
Building 4 5 0.062
52.000 31.500
52.000 31.750
52.250 31.750
52.250 31.500
Building 4 5 0.062
52.000 31.750
52.000 32.000
52.250 32.000
52.250 31.750
Building 4 5 0.062
52.000 32.000
52.000 32.250
52.250 32.250
52.250 32.000
Building 4 5 0.062
52.000 32.250
52.000 32.500
52.250 32.500
52.250 32.250
Building 4 5 0.062
52.000 32.500
52.000 32.750
52.250 32.750
52.250 32.500
Building 4 5 0.062
52.000 32.750
52.000 33.000
52.250 33.000
52.250 32.750
Building 4 5 0.062
52.000 33.000
52.000 33.250
52.250 33.250
52.250 33.000
Building 4 5 0.062
52.250 33.500
52.250 33.250
52.000 33.250
52.000 33.500
Building 4 5 0.062
52.250 26.500
52.250 26.750
52.500 26.750
52.500 26.500
Building 4 5 0.062
52.250 26.750
52.250 27.000
52.500 27.000
52.500 26.750
Building 4 5 0.062
52.250 27.000
52.250 27.250
52.500 27.250
52.500 27.000
Building 4 5 0.062
52.250 27.250
52.250 27.500
52.500 27.500
52.500 27.250
Building 4 5 0.062
52.250 27.500
52.250 27.750
52.500 27.750
52.500 27.500
Building 4 5 0.062
52.250 27.750
52.250 28.000
52.500 28.000
52.500 27.750
Building 4 5 0.062
52.250 28.000
52.250 28.250
52.500 28.250
52.500 28.000
Building 4 5 0.062
52.500 28.500
52.500 28.250
52.250 28.250
52.250 28.500
Building 4 5 0.062
52.250 31.500
52.250 31.750
52.500 31.750
52.500 31.500
Building 4 5 0.062
52.250 31.750
52.250 32.000
52.500 32.000
52.500 31.750
Building 4 5 0.062
52.250 32.000
52.250 32.250
52.500 32.250
52.500 32.000
Building 4 5 0.062
52.250 32.250
52.250 32.500
52.500 32.500
52.500 32.250
Building 4 5 0.062
52.250 32.500
52.250 32.750
52.500 32.750
52.500 32.500
Building 4 5 0.062
52.250 32.750
52.250 33.000
52.500 33.000
52.500 32.750
Building 4 5 0.062
52.250 33.000
52.250 33.250
52.500 33.250
52.500 33.000
Building 4 5 0.062
52.500 33.500
52.500 33.250
52.250 33.250
52.250 33.500
Building 4 5 0.062
52.500 26.500
52.500 26.750
52.750 26.750
52.750 26.500
Building 4 5 0.062
52.500 26.750
52.500 27.000
52.750 27.000
52.750 26.750
Building 4 5 0.062
52.500 27.000
52.500 27.250
52.750 27.250
52.750 27.000
Building 4 5 0.062
52.500 27.250
52.500 27.500
52.750 27.500
52.750 27.250
Building 4 5 0.062
52.500 27.500
52.500 27.750
52.750 27.750
52.750 27.500
Building 4 5 0.062
52.500 27.750
52.500 28.000
52.750 28.000
52.750 27.750
Building 4 5 0.062
52.500 28.000
52.500 28.250
52.750 28.250
52.750 28.000
Building 4 5 0.062
52.750 28.500
52.750 28.250
52.500 28.250
52.500 28.500
Building 4 5 0.062
52.500 31.500
52.500 31.750
52.750 31.750
52.750 31.500
Building 4 5 0.062
52.500 31.750
52.500 32.000
52.750 32.000
52.750 31.750
Building 4 5 0.062
52.500 32.000
52.500 32.250
52.750 32.250
52.750 32.000
Building 4 5 0.062
52.500 32.250
52.500 32.500
52.750 32.500
52.750 32.250
Building 4 5 0.062
52.500 32.500
52.500 32.750
52.750 32.750
52.750 32.500
Building 4 5 0.062
52.500 32.750
52.500 33.000
52.750 33.000
52.750 32.750
Building 4 5 0.062
52.500 33.000
52.500 33.250
52.750 33.250
52.750 33.000
Building 4 5 0.062
52.750 33.500
52.750 33.250
52.500 33.250
52.500 33.500
Building 4 5 0.062
52.750 26.500
52.750 26.750
53.000 26.750
53.000 26.500
Building 4 5 0.062
52.750 26.750
52.750 27.000
53.000 27.000
53.000 26.750
Building 4 5 0.062
52.750 27.000
52.750 27.250
53.000 27.250
53.000 27.000
Building 4 5 0.062
52.750 27.250
52.750 27.500
53.000 27.500
53.000 27.250
Building 4 5 0.062
52.750 27.500
52.750 27.750
53.000 27.750
53.000 27.500
Building 4 5 0.062
52.750 27.750
52.750 28.000
53.000 28.000
53.000 27.750
Building 4 5 0.062
52.750 28.000
52.750 28.250
53.000 28.250
53.000 28.000
Building 4 5 0.062
53.000 28.500
53.000 28.250
52.750 28.250
52.750 28.500
Building 4 5 0.062
52.750 31.500
52.750 31.750
53.000 31.750
53.000 31.500
Building 4 5 0.062
52.750 31.750
52.750 32.000
53.000 32.000
53.000 31.750
Building 4 5 0.062
52.750 32.000
52.750 32.250
53.000 32.250
53.000 32.000
Building 4 5 0.062
52.750 32.250
52.750 32.500
53.000 32.500
53.000 32.250
Building 4 5 0.062
52.750 32.500
52.750 32.750
53.000 32.750
53.000 32.500
Building 4 5 0.062
52.750 32.750
52.750 33.000
53.000 33.000
53.000 32.750
Building 4 5 0.062
52.750 33.000
52.750 33.250
53.000 33.250
53.000 33.000
Building 4 5 0.062
53.000 33.500
53.000 33.250
52.750 33.250
52.750 33.500
Building 4 5 0.062
53.000 26.500
53.000 26.750
53.250 26.750
53.250 26.500
Building 4 5 0.062
53.000 26.750
53.000 27.000
53.250 27.000
53.250 26.750
Building 4 5 0.062
53.000 27.000
53.000 27.250
53.250 27.250
53.250 27.000
Building 4 5 0.062
53.000 27.250
53.000 27.500
53.250 27.500
53.250 27.250
Building 4 5 0.062
53.000 27.500
53.000 27.750
53.250 27.750
53.250 27.500
Building 4 5 0.062
53.000 27.750
53.000 28.000
53.250 28.000
53.250 27.750
Building 4 5 0.062
53.000 28.000
53.000 28.250
53.250 28.250
53.250 28.000
Building 4 5 0.062
53.250 28.500
53.250 28.250
53.000 28.250
53.000 28.500
Building 4 5 0.062
53.000 31.500
53.000 31.750
53.250 31.750
53.250 31.500
Building 4 5 0.062
53.000 31.750
53.000 32.000
53.250 32.000
53.250 31.750
Building 4 5 0.062
53.000 32.000
53.000 32.250
53.250 32.250
53.250 32.000
Building 4 5 0.062
53.000 32.250
53.000 32.500
53.250 32.500
53.250 32.250
Building 4 5 0.062
53.000 32.500
53.000 32.750
53.250 32.750
53.250 32.500
Building 4 5 0.062
53.000 32.750
53.000 33.000
53.250 33.000
53.250 32.750
Building 4 5 0.062
53.000 33.000
53.000 33.250
53.250 33.250
53.250 33.000
Building 4 5 0.062
53.250 33.500
53.250 33.250
53.000 33.250
53.000 33.500
Building 4 5 0.062
53.250 26.500
53.250 26.750
53.500 26.750
53.500 26.500
Building 4 5 0.062
53.250 26.750
53.250 27.000
53.500 27.000
53.500 26.750
Building 4 5 0.062
53.250 27.000
53.250 27.250
53.500 27.250
53.500 27.000
Building 4 5 0.062
53.250 27.250
53.250 27.500
53.500 27.500
53.500 27.250
Building 4 5 0.062
53.250 27.500
53.250 27.750
53.500 27.750
53.500 27.500
Building 4 5 0.062
53.250 27.750
53.250 28.000
53.500 28.000
53.500 27.750
Building 4 5 0.062
53.250 28.000
53.250 28.250
53.500 28.250
53.500 28.000
Building 4 5 0.062
53.500 28.500
53.500 28.250
53.250 28.250
53.250 28.500
Building 4 5 0.062
53.250 31.500
53.250 31.750
53.500 31.750
53.500 31.500
Building 4 5 0.062
53.250 31.750
53.250 32.000
53.500 32.000
53.500 31.750
Building 4 5 0.062
53.250 32.000
53.250 32.250
53.500 32.250
53.500 32.000
Building 4 5 0.062
53.250 32.250
53.250 32.500
53.500 32.500
53.500 32.250
Building 4 5 0.062
53.250 32.500
53.250 32.750
53.500 32.750
53.500 32.500
Building 4 5 0.062
53.250 32.750
53.250 33.000
53.500 33.000
53.500 32.750
Building 4 5 0.062
53.250 33.000
53.250 33.250
53.500 33.250
53.500 33.000
Building 4 5 0.062
53.500 33.500
53.500 33.250
53.250 33.250
53.250 33.500
Building 4 5 0.062
53.500 26.500
53.500 26.750
53.750 26.750
53.750 26.500
Building 4 5 0.062
53.500 26.750
53.500 27.000
53.750 27.000
53.750 26.750
Building 4 5 0.062
53.500 27.000
53.500 27.250
53.750 27.250
53.750 27.000
Building 4 5 0.062
53.500 27.250
53.500 27.500
53.750 27.500
53.750 27.250
Building 4 5 0.062
53.500 27.500
53.500 27.750
53.750 27.750
53.750 27.500
Building 4 5 0.062
53.500 27.750
53.500 28.000
53.750 28.000
53.750 27.750
Building 4 5 0.062
53.500 28.000
53.500 28.250
53.750 28.250
53.750 28.000
Building 4 5 0.062
53.750 28.500
53.750 28.250
53.500 28.250
53.500 28.500
Building 4 5 0.062
53.500 31.500
53.500 31.750
53.750 31.750
53.750 31.500
Building 4 5 0.062
53.500 31.750
53.500 32.000
53.750 32.000
53.750 31.750
Building 4 5 0.062
53.500 32.000
53.500 32.250
53.750 32.250
53.750 32.000
Building 4 5 0.062
53.500 32.250
53.500 32.500
53.750 32.500
53.750 32.250
Building 4 5 0.062
53.500 32.500
53.500 32.750
53.750 32.750
53.750 32.500
Building 4 5 0.062
53.500 32.750
53.500 33.000
53.750 33.000
53.750 32.750
Building 4 5 0.062
53.500 33.000
53.500 33.250
53.750 33.250
53.750 33.000
Building 4 5 0.062
53.750 33.500
53.750 33.250
53.500 33.250
53.500 33.500
Building 4 5 0.062
53.750 26.500
53.750 26.750
54.000 26.750
54.000 26.500
Building 4 5 0.062
53.750 26.750
53.750 27.000
54.000 27.000
54.000 26.750
Building 4 5 0.062
53.750 27.000
53.750 27.250
54.000 27.250
54.000 27.000
Building 4 5 0.062
53.750 27.250
53.750 27.500
54.000 27.500
54.000 27.250
Building 4 5 0.062
53.750 27.500
53.750 27.750
54.000 27.750
54.000 27.500
Building 4 5 0.062
53.750 27.750
53.750 28.000
54.000 28.000
54.000 27.750
Building 4 5 0.062
53.750 28.000
53.750 28.250
54.000 28.250
54.000 28.000
Building 4 5 0.062
54.000 28.500
54.000 28.250
53.750 28.250
53.750 28.500
Building 4 5 0.062
53.750 31.500
53.750 31.750
54.000 31.750
54.000 31.500
Building 4 5 0.062
53.750 31.750
53.750 32.000
54.000 32.000
54.000 31.750
Building 4 5 0.062
53.750 32.000
53.750 32.250
54.000 32.250
54.000 32.000
Building 4 5 0.062
53.750 32.250
53.750 32.500
54.000 32.500
54.000 32.250
Building 4 5 0.062
53.750 32.500
53.750 32.750
54.000 32.750
54.000 32.500
Building 4 5 0.062
53.750 32.750
53.750 33.000
54.000 33.000
54.000 32.750
Building 4 5 0.062
53.750 33.000
53.750 33.250
54.000 33.250
54.000 33.000
Building 4 5 0.062
54.000 33.500
54.000 33.250
53.750 33.250
53.750 33.500
Building 4 5 0.062
54.000 26.500
54.000 26.750
54.250 26.750
54.250 26.500
Building 4 5 0.062
54.000 26.750
54.000 27.000
54.250 27.000
54.250 26.750
Building 4 5 0.062
54.000 27.000
54.000 27.250
54.250 27.250
54.250 27.000
Building 4 5 0.062
54.000 27.250
54.000 27.500
54.250 27.500
54.250 27.250
Building 4 5 0.062
54.000 27.500
54.000 27.750
54.250 27.750
54.250 27.500
Building 4 5 0.062
54.000 27.750
54.000 28.000
54.250 28.000
54.250 27.750
Building 4 5 0.062
54.000 28.000
54.000 28.250
54.250 28.250
54.250 28.000
Building 4 5 0.062
54.250 28.500
54.250 28.250
54.000 28.250
54.000 28.500
Building 4 5 0.062
54.000 31.500
54.000 31.750
54.250 31.750
54.250 31.500
Building 4 5 0.062
54.000 31.750
54.000 32.000
54.250 32.000
54.250 31.750
Building 4 5 0.062
54.000 32.000
54.000 32.250
54.250 32.250
54.250 32.000
Building 4 5 0.062
54.000 32.250
54.000 32.500
54.250 32.500
54.250 32.250
Building 4 5 0.062
54.000 32.500
54.000 32.750
54.250 32.750
54.250 32.500
Building 4 5 0.062
54.000 32.750
54.000 33.000
54.250 33.000
54.250 32.750
Building 4 5 0.062
54.000 33.000
54.000 33.250
54.250 33.250
54.250 33.000
Building 4 5 0.062
54.250 33.500
54.250 33.250
54.000 33.250
54.000 33.500
Building 4 5 0.062
54.250 26.500
54.250 26.750
54.500 26.750
54.500 26.500
Building 4 5 0.062
54.250 26.750
54.250 27.000
54.500 27.000
54.500 26.750
Building 4 5 0.062
54.250 27.000
54.250 27.250
54.500 27.250
54.500 27.000
Building 4 5 0.062
54.250 27.250
54.250 27.500
54.500 27.500
54.500 27.250
Building 4 5 0.062
54.250 27.500
54.250 27.750
54.500 27.750
54.500 27.500
Building 4 5 0.062
54.250 27.750
54.250 28.000
54.500 28.000
54.500 27.750
Building 4 5 0.062
54.250 28.000
54.250 28.250
54.500 28.250
54.500 28.000
Building 4 5 0.062
54.500 28.500
54.500 28.250
54.250 28.250
54.250 28.500
Building 4 5 0.062
54.250 31.500
54.250 31.750
54.500 31.750
54.500 31.500
Building 4 5 0.062
54.250 31.750
54.250 32.000
54.500 32.000
54.500 31.750
Building 4 5 0.062
54.250 32.000
54.250 32.250
54.500 32.250
54.500 32.000
Building 4 5 0.062
54.250 32.250
54.250 32.500
54.500 32.500
54.500 32.250
Building 4 5 0.062
54.250 32.500
54.250 32.750
54.500 32.750
54.500 32.500
Building 4 5 0.062
54.250 32.750
54.250 33.000
54.500 33.000
54.500 32.750
Building 4 5 0.062
54.250 33.000
54.250 33.250
54.500 33.250
54.500 33.000
Building 4 5 0.062
54.500 33.500
54.500 33.250
54.250 33.250
54.250 33.500
Building 4 5 0.062
54.500 26.500
54.500 26.750
54.750 26.750
54.750 26.500
Building 4 5 0.062
54.500 26.750
54.500 27.000
54.750 27.000
54.750 26.750
Building 4 5 0.062
54.500 27.000
54.500 27.250
54.750 27.250
54.750 27.000
Building 4 5 0.062
54.500 27.250
54.500 27.500
54.750 27.500
54.750 27.250
Building 4 5 0.062
54.500 27.500
54.500 27.750
54.750 27.750
54.750 27.500
Building 4 5 0.062
54.500 27.750
54.500 28.000
54.750 28.000
54.750 27.750
Building 4 5 0.062
54.500 28.000
54.500 28.250
54.750 28.250
54.750 28.000
Building 4 5 0.062
54.750 28.500
54.750 28.250
54.500 28.250
54.500 28.500
Building 4 5 0.062
54.500 31.500
54.500 31.750
54.750 31.750
54.750 31.500
Building 4 5 0.062
54.500 31.750
54.500 32.000
54.750 32.000
54.750 31.750
Building 4 5 0.062
54.500 32.000
54.500 32.250
54.750 32.250
54.750 32.000
Building 4 5 0.062
54.500 32.250
54.500 32.500
54.750 32.500
54.750 32.250
Building 4 5 0.062
54.500 32.500
54.500 32.750
54.750 32.750
54.750 32.500
Building 4 5 0.062
54.500 32.750
54.500 33.000
54.750 33.000
54.750 32.750
Building 4 5 0.062
54.500 33.000
54.500 33.250
54.750 33.250
54.750 33.000
Building 4 5 0.062
54.750 33.500
54.750 33.250
54.500 33.250
54.500 33.500
Building 4 5 0.062
54.750 26.500
54.750 26.750
55.000 26.750
55.000 26.500
Building 4 5 0.062
54.750 26.750
54.750 27.000
55.000 27.000
55.000 26.750
Building 4 5 0.062
54.750 27.000
54.750 27.250
55.000 27.250
55.000 27.000
Building 4 5 0.062
54.750 27.250
54.750 27.500
55.000 27.500
55.000 27.250
Building 4 5 0.062
54.750 27.500
54.750 27.750
55.000 27.750
55.000 27.500
Building 4 5 0.062
54.750 27.750
54.750 28.000
55.000 28.000
55.000 27.750
Building 4 5 0.062
54.750 28.000
54.750 28.250
55.000 28.250
55.000 28.000
Building 4 5 0.062
55.000 28.500
55.000 28.250
54.750 28.250
54.750 28.500
Building 4 5 0.062
54.750 31.500
54.750 31.750
55.000 31.750
55.000 31.500
Building 4 5 0.062
54.750 31.750
54.750 32.000
55.000 32.000
55.000 31.750
Building 4 5 0.062
54.750 32.000
54.750 32.250
55.000 32.250
55.000 32.000
Building 4 5 0.062
54.750 32.250
54.750 32.500
55.000 32.500
55.000 32.250
Building 4 5 0.062
54.750 32.500
54.750 32.750
55.000 32.750
55.000 32.500
Building 4 5 0.062
54.750 32.750
54.750 33.000
55.000 33.000
55.000 32.750
Building 4 5 0.062
54.750 33.000
54.750 33.250
55.000 33.250
55.000 33.000
Building 4 5 0.062
55.000 33.500
55.000 33.250
54.750 33.250
54.750 33.500
Building 4 5 0.062
55.000 26.500
55.000 26.750
55.250 26.750
55.250 26.500
Building 4 5 0.062
55.000 26.750
55.000 27.000
55.250 27.000
55.250 26.750
Building 4 5 0.062
55.000 27.000
55.000 27.250
55.250 27.250
55.250 27.000
Building 4 5 0.062
55.000 27.250
55.000 27.500
55.250 27.500
55.250 27.250
Building 4 5 0.062
55.000 27.500
55.000 27.750
55.250 27.750
55.250 27.500
Building 4 5 0.062
55.000 27.750
55.000 28.000
55.250 28.000
55.250 27.750
Building 4 5 0.062
55.000 28.000
55.000 28.250
55.250 28.250
55.250 28.000
Building 4 5 0.062
55.250 28.500
55.250 28.250
55.000 28.250
55.000 28.500
Building 4 5 0.062
55.000 31.500
55.000 31.750
55.250 31.750
55.250 31.500
Building 4 5 0.062
55.000 31.750
55.000 32.000
55.250 32.000
55.250 31.750
Building 4 5 0.062
55.000 32.000
55.000 32.250
55.250 32.250
55.250 32.000
Building 4 5 0.062
55.000 32.250
55.000 32.500
55.250 32.500
55.250 32.250
Building 4 5 0.062
55.000 32.500
55.000 32.750
55.250 32.750
55.250 32.500
Building 4 5 0.062
55.000 32.750
55.000 33.000
55.250 33.000
55.250 32.750
Building 4 5 0.062
55.000 33.000
55.000 33.250
55.250 33.250
55.250 33.000
Building 4 5 0.062
55.250 33.500
55.250 33.250
55.000 33.250
55.000 33.500
Building 4 5 0.062
55.250 26.500
55.250 26.750
55.500 26.750
55.500 26.500
Building 4 5 0.062
55.250 26.750
55.250 27.000
55.500 27.000
55.500 26.750
Building 4 5 0.062
55.250 27.000
55.250 27.250
55.500 27.250
55.500 27.000
Building 4 5 0.062
55.250 27.250
55.250 27.500
55.500 27.500
55.500 27.250
Building 4 5 0.062
55.250 27.500
55.250 27.750
55.500 27.750
55.500 27.500
Building 4 5 0.062
55.250 27.750
55.250 28.000
55.500 28.000
55.500 27.750
Building 4 5 0.062
55.250 28.000
55.250 28.250
55.500 28.250
55.500 28.000
Building 4 5 0.062
55.500 28.500
55.500 28.250
55.250 28.250
55.250 28.500
Building 4 5 0.062
55.250 31.500
55.250 31.750
55.500 31.750
55.500 31.500
Building 4 5 0.062
55.250 31.750
55.250 32.000
55.500 32.000
55.500 31.750
Building 4 5 0.062
55.250 32.000
55.250 32.250
55.500 32.250
55.500 32.000
Building 4 5 0.062
55.250 32.250
55.250 32.500
55.500 32.500
55.500 32.250
Building 4 5 0.062
55.250 32.500
55.250 32.750
55.500 32.750
55.500 32.500
Building 4 5 0.062
55.250 32.750
55.250 33.000
55.500 33.000
55.500 32.750
Building 4 5 0.062
55.250 33.000
55.250 33.250
55.500 33.250
55.500 33.000
Building 4 5 0.062
55.500 33.500
55.500 33.250
55.250 33.250
55.250 33.500
Building 4 5 0.062
55.500 26.500
55.500 26.750
55.750 26.750
55.750 26.500
Building 4 5 0.062
55.500 26.750
55.500 27.000
55.750 27.000
55.750 26.750
Building 4 5 0.062
55.500 27.000
55.500 27.250
55.750 27.250
55.750 27.000
Building 4 5 0.062
55.500 27.250
55.500 27.500
55.750 27.500
55.750 27.250
Building 4 5 0.062
55.500 27.500
55.500 27.750
55.750 27.750
55.750 27.500
Building 4 5 0.062
55.500 27.750
55.500 28.000
55.750 28.000
55.750 27.750
Building 4 5 0.062
55.500 28.000
55.500 28.250
55.750 28.250
55.750 28.000
Building 4 5 0.062
55.750 28.500
55.750 28.250
55.500 28.250
55.500 28.500
Building 4 5 0.062
55.500 31.500
55.500 31.750
55.750 31.750
55.750 31.500
Building 4 5 0.062
55.500 31.750
55.500 32.000
55.750 32.000
55.750 31.750
Building 4 5 0.062
55.500 32.000
55.500 32.250
55.750 32.250
55.750 32.000
Building 4 5 0.062
55.500 32.250
55.500 32.500
55.750 32.500
55.750 32.250
Building 4 5 0.062
55.500 32.500
55.500 32.750
55.750 32.750
55.750 32.500
Building 4 5 0.062
55.500 32.750
55.500 33.000
55.750 33.000
55.750 32.750
Building 4 5 0.062
55.500 33.000
55.500 33.250
55.750 33.250
55.750 33.000
Building 4 5 0.062
55.750 33.500
55.750 33.250
55.500 33.250
55.500 33.500
Building 4 5 0.062
55.750 26.500
55.750 26.750
56.000 26.750
56.000 26.500
Building 4 5 0.062
55.750 26.750
55.750 27.000
56.000 27.000
56.000 26.750
Building 4 5 0.062
55.750 27.000
55.750 27.250
56.000 27.250
56.000 27.000
Building 4 5 0.062
55.750 27.250
55.750 27.500
56.000 27.500
56.000 27.250
Building 4 5 0.062
55.750 27.500
55.750 27.750
56.000 27.750
56.000 27.500
Building 4 5 0.062
55.750 27.750
55.750 28.000
56.000 28.000
56.000 27.750
Building 4 5 0.062
55.750 28.000
55.750 28.250
56.000 28.250
56.000 28.000
Building 4 5 0.062
56.000 28.500
56.000 28.250
55.750 28.250
55.750 28.500
Building 4 5 0.062
55.750 31.500
55.750 31.750
56.000 31.750
56.000 31.500
Building 4 5 0.062
55.750 31.750
55.750 32.000
56.000 32.000
56.000 31.750
Building 4 5 0.062
55.750 32.000
55.750 32.250
56.000 32.250
56.000 32.000
Building 4 5 0.062
55.750 32.250
55.750 32.500
56.000 32.500
56.000 32.250
Building 4 5 0.062
55.750 32.500
55.750 32.750
56.000 32.750
56.000 32.500
Building 4 5 0.062
55.750 32.750
55.750 33.000
56.000 33.000
56.000 32.750
Building 4 5 0.062
55.750 33.000
55.750 33.250
56.000 33.250
56.000 33.000
Building 4 5 0.062
56.000 33.500
56.000 33.250
55.750 33.250
55.750 33.500
Building 4 5 0.062
56.000 26.500
56.000 26.750
56.250 26.750
56.250 26.500
Building 4 5 0.062
56.000 26.750
56.000 27.000
56.250 27.000
56.250 26.750
Building 4 5 0.062
56.000 27.000
56.000 27.250
56.250 27.250
56.250 27.000
Building 4 5 0.062
56.000 27.250
56.000 27.500
56.250 27.500
56.250 27.250
Building 4 5 0.062
56.000 27.500
56.000 27.750
56.250 27.750
56.250 27.500
Building 4 5 0.062
56.000 27.750
56.000 28.000
56.250 28.000
56.250 27.750
Building 4 5 0.062
56.000 28.000
56.000 28.250
56.250 28.250
56.250 28.000
Building 4 5 0.062
56.250 28.500
56.250 28.250
56.000 28.250
56.000 28.500
Building 4 5 0.062
56.000 31.500
56.000 31.750
56.250 31.750
56.250 31.500
Building 4 5 0.062
56.000 31.750
56.000 32.000
56.250 32.000
56.250 31.750
Building 4 5 0.062
56.000 32.000
56.000 32.250
56.250 32.250
56.250 32.000
Building 4 5 0.062
56.000 32.250
56.000 32.500
56.250 32.500
56.250 32.250
Building 4 5 0.062
56.000 32.500
56.000 32.750
56.250 32.750
56.250 32.500
Building 4 5 0.062
56.000 32.750
56.000 33.000
56.250 33.000
56.250 32.750
Building 4 5 0.062
56.000 33.000
56.000 33.250
56.250 33.250
56.250 33.000
Building 4 5 0.062
56.250 33.500
56.250 33.250
56.000 33.250
56.000 33.500
Building 4 5 0.062
56.250 26.500
56.250 26.750
56.500 26.750
56.500 26.500
Building 4 5 0.062
56.250 26.750
56.250 27.000
56.500 27.000
56.500 26.750
Building 4 5 0.062
56.250 27.000
56.250 27.250
56.500 27.250
56.500 27.000
Building 4 5 0.062
56.250 27.250
56.250 27.500
56.500 27.500
56.500 27.250
Building 4 5 0.062
56.250 27.500
56.250 27.750
56.500 27.750
56.500 27.500
Building 4 5 0.062
56.250 27.750
56.250 28.000
56.500 28.000
56.500 27.750
Building 4 5 0.062
56.250 28.000
56.250 28.250
56.500 28.250
56.500 28.000
Building 4 5 0.062
56.500 28.500
56.500 28.250
56.250 28.250
56.250 28.500
Building 4 5 0.062
56.250 31.500
56.250 31.750
56.500 31.750
56.500 31.500
Building 4 5 0.062
56.250 31.750
56.250 32.000
56.500 32.000
56.500 31.750
Building 4 5 0.062
56.250 32.000
56.250 32.250
56.500 32.250
56.500 32.000
Building 4 5 0.062
56.250 32.250
56.250 32.500
56.500 32.500
56.500 32.250
Building 4 5 0.062
56.250 32.500
56.250 32.750
56.500 32.750
56.500 32.500
Building 4 5 0.062
56.250 32.750
56.250 33.000
56.500 33.000
56.500 32.750
Building 4 5 0.062
56.250 33.000
56.250 33.250
56.500 33.250
56.500 33.000
Building 4 5 0.062
56.500 33.500
56.500 33.250
56.250 33.250
56.250 33.500
Building 4 5 0.062
56.500 26.500
56.500 26.750
56.750 26.750
56.750 26.500
Building 4 5 0.062
56.500 26.750
56.500 27.000
56.750 27.000
56.750 26.750
Building 4 5 0.062
56.500 27.000
56.500 27.250
56.750 27.250
56.750 27.000
Building 4 5 0.062
56.500 27.250
56.500 27.500
56.750 27.500
56.750 27.250
Building 4 5 0.062
56.500 27.500
56.500 27.750
56.750 27.750
56.750 27.500
Building 4 5 0.062
56.500 27.750
56.500 28.000
56.750 28.000
56.750 27.750
Building 4 5 0.062
56.500 28.000
56.500 28.250
56.750 28.250
56.750 28.000
Building 4 5 0.062
56.750 28.500
56.750 28.250
56.500 28.250
56.500 28.500
Building 4 5 0.062
56.500 31.500
56.500 31.750
56.750 31.750
56.750 31.500
Building 4 5 0.062
56.500 31.750
56.500 32.000
56.750 32.000
56.750 31.750
Building 4 5 0.062
56.500 32.000
56.500 32.250
56.750 32.250
56.750 32.000
Building 4 5 0.062
56.500 32.250
56.500 32.500
56.750 32.500
56.750 32.250
Building 4 5 0.062
56.500 32.500
56.500 32.750
56.750 32.750
56.750 32.500
Building 4 5 0.062
56.500 32.750
56.500 33.000
56.750 33.000
56.750 32.750
Building 4 5 0.062
56.500 33.000
56.500 33.250
56.750 33.250
56.750 33.000
Building 4 5 0.062
56.750 33.500
56.750 33.250
56.500 33.250
56.500 33.500
Building 4 5 0.062
56.750 26.500
56.750 26.750
57.000 26.750
57.000 26.500
Building 4 5 0.062
56.750 26.750
56.750 27.000
57.000 27.000
57.000 26.750
Building 4 5 0.062
56.750 27.000
56.750 27.250
57.000 27.250
57.000 27.000
Building 4 5 0.062
56.750 27.250
56.750 27.500
57.000 27.500
57.000 27.250
Building 4 5 0.062
56.750 27.500
56.750 27.750
57.000 27.750
57.000 27.500
Building 4 5 0.062
56.750 27.750
56.750 28.000
57.000 28.000
57.000 27.750
Building 4 5 0.062
56.750 28.000
56.750 28.250
57.000 28.250
57.000 28.000
Building 4 5 0.062
57.000 28.500
57.000 28.250
56.750 28.250
56.750 28.500
Building 4 5 0.062
56.750 31.500
56.750 31.750
57.000 31.750
57.000 31.500
Building 4 5 0.062
56.750 31.750
56.750 32.000
57.000 32.000
57.000 31.750
Building 4 5 0.062
56.750 32.000
56.750 32.250
57.000 32.250
57.000 32.000
Building 4 5 0.062
56.750 32.250
56.750 32.500
57.000 32.500
57.000 32.250
Building 4 5 0.062
56.750 32.500
56.750 32.750
57.000 32.750
57.000 32.500
Building 4 5 0.062
56.750 32.750
56.750 33.000
57.000 33.000
57.000 32.750
Building 4 5 0.062
56.750 33.000
56.750 33.250
57.000 33.250
57.000 33.000
Building 4 5 0.062
57.000 33.500
57.000 33.250
56.750 33.250
56.750 33.500
Building 4 5 0.062
57.000 26.500
57.000 26.750
57.250 26.750
57.250 26.500
Building 4 5 0.062
57.000 26.750
57.000 27.000
57.250 27.000
57.250 26.750
Building 4 5 0.062
57.000 27.000
57.000 27.250
57.250 27.250
57.250 27.000
Building 4 5 0.062
57.000 27.250
57.000 27.500
57.250 27.500
57.250 27.250
Building 4 5 0.062
57.000 27.500
57.000 27.750
57.250 27.750
57.250 27.500
Building 4 5 0.062
57.000 27.750
57.000 28.000
57.250 28.000
57.250 27.750
Building 4 5 0.062
57.000 28.000
57.000 28.250
57.250 28.250
57.250 28.000
Building 4 5 0.062
57.250 28.500
57.250 28.250
57.000 28.250
57.000 28.500
Building 4 5 0.062
57.000 31.500
57.000 31.750
57.250 31.750
57.250 31.500
Building 4 5 0.062
57.000 31.750
57.000 32.000
57.250 32.000
57.250 31.750
Building 4 5 0.062
57.000 32.000
57.000 32.250
57.250 32.250
57.250 32.000
Building 4 5 0.062
57.000 32.250
57.000 32.500
57.250 32.500
57.250 32.250
Building 4 5 0.062
57.000 32.500
57.000 32.750
57.250 32.750
57.250 32.500
Building 4 5 0.062
57.000 32.750
57.000 33.000
57.250 33.000
57.250 32.750
Building 4 5 0.062
57.000 33.000
57.000 33.250
57.250 33.250
57.250 33.000
Building 4 5 0.062
57.250 33.500
57.250 33.250
57.000 33.250
57.000 33.500
Building 4 5 0.062
57.250 26.500
57.250 26.750
57.500 26.750
57.500 26.500
Building 4 5 0.062
57.250 26.750
57.250 27.000
57.500 27.000
57.500 26.750
Building 4 5 0.062
57.250 27.000
57.250 27.250
57.500 27.250
57.500 27.000
Building 4 5 0.062
57.250 27.250
57.250 27.500
57.500 27.500
57.500 27.250
Building 4 5 0.062
57.250 27.500
57.250 27.750
57.500 27.750
57.500 27.500
Building 4 5 0.062
57.250 27.750
57.250 28.000
57.500 28.000
57.500 27.750
Building 4 5 0.062
57.250 28.000
57.250 28.250
57.500 28.250
57.500 28.000
Building 4 5 0.062
57.500 28.500
57.500 28.250
57.250 28.250
57.250 28.500
Building 4 5 0.062
57.250 31.500
57.250 31.750
57.500 31.750
57.500 31.500
Building 4 5 0.062
57.250 31.750
57.250 32.000
57.500 32.000
57.500 31.750
Building 4 5 0.062
57.250 32.000
57.250 32.250
57.500 32.250
57.500 32.000
Building 4 5 0.062
57.250 32.250
57.250 32.500
57.500 32.500
57.500 32.250
Building 4 5 0.062
57.250 32.500
57.250 32.750
57.500 32.750
57.500 32.500
Building 4 5 0.062
57.250 32.750
57.250 33.000
57.500 33.000
57.500 32.750
Building 4 5 0.062
57.250 33.000
57.250 33.250
57.500 33.250
57.500 33.000
Building 4 5 0.062
57.500 33.500
57.500 33.250
57.250 33.250
57.250 33.500
Building 4 5 0.062
57.500 26.500
57.500 26.750
57.750 26.750
57.750 26.500
Building 4 5 0.062
57.500 26.750
57.500 27.000
57.750 27.000
57.750 26.750
Building 4 5 0.062
57.500 27.000
57.500 27.250
57.750 27.250
57.750 27.000
Building 4 5 0.062
57.500 27.250
57.500 27.500
57.750 27.500
57.750 27.250
Building 4 5 0.062
57.500 27.500
57.500 27.750
57.750 27.750
57.750 27.500
Building 4 5 0.062
57.500 27.750
57.500 28.000
57.750 28.000
57.750 27.750
Building 4 5 0.062
57.500 28.000
57.500 28.250
57.750 28.250
57.750 28.000
Building 4 5 0.062
57.750 28.500
57.750 28.250
57.500 28.250
57.500 28.500
Building 4 5 0.062
57.500 31.500
57.500 31.750
57.750 31.750
57.750 31.500
Building 4 5 0.062
57.500 31.750
57.500 32.000
57.750 32.000
57.750 31.750
Building 4 5 0.062
57.500 32.000
57.500 32.250
57.750 32.250
57.750 32.000
Building 4 5 0.062
57.500 32.250
57.500 32.500
57.750 32.500
57.750 32.250
Building 4 5 0.062
57.500 32.500
57.500 32.750
57.750 32.750
57.750 32.500
Building 4 5 0.062
57.500 32.750
57.500 33.000
57.750 33.000
57.750 32.750
Building 4 5 0.062
57.500 33.000
57.500 33.250
57.750 33.250
57.750 33.000
Building 4 5 0.062
57.750 33.500
57.750 33.250
57.500 33.250
57.500 33.500
Building 4 5 0.062
57.750 26.500
57.750 26.750
58.000 26.750
58.000 26.500
Building 4 5 0.062
57.750 26.750
57.750 27.000
58.000 27.000
58.000 26.750
Building 4 5 0.062
57.750 27.000
57.750 27.250
58.000 27.250
58.000 27.000
Building 4 5 0.062
57.750 27.250
57.750 27.500
58.000 27.500
58.000 27.250
Building 4 5 0.062
57.750 27.500
57.750 27.750
58.000 27.750
58.000 27.500
Building 4 5 0.062
57.750 27.750
57.750 28.000
58.000 28.000
58.000 27.750
Building 4 5 0.062
57.750 28.000
57.750 28.250
58.000 28.250
58.000 28.000
Building 4 5 0.062
58.000 28.500
58.000 28.250
57.750 28.250
57.750 28.500
Building 4 5 0.062
57.750 31.500
57.750 31.750
58.000 31.750
58.000 31.500
Building 4 5 0.062
57.750 31.750
57.750 32.000
58.000 32.000
58.000 31.750
Building 4 5 0.062
57.750 32.000
57.750 32.250
58.000 32.250
58.000 32.000
Building 4 5 0.062
57.750 32.250
57.750 32.500
58.000 32.500
58.000 32.250
Building 4 5 0.062
57.750 32.500
57.750 32.750
58.000 32.750
58.000 32.500
Building 4 5 0.062
57.750 32.750
57.750 33.000
58.000 33.000
58.000 32.750
Building 4 5 0.062
57.750 33.000
57.750 33.250
58.000 33.250
58.000 33.000
Building 4 5 0.062
58.000 33.500
58.000 33.250
57.750 33.250
57.750 33.500
Building 4 5 0.062
58.000 26.500
58.000 26.750
58.250 26.750
58.250 26.500
Building 4 5 0.062
58.000 26.750
58.000 27.000
58.250 27.000
58.250 26.750
Building 4 5 0.062
58.000 27.000
58.000 27.250
58.250 27.250
58.250 27.000
Building 4 5 0.062
58.000 27.250
58.000 27.500
58.250 27.500
58.250 27.250
Building 4 5 0.062
58.000 27.500
58.000 27.750
58.250 27.750
58.250 27.500
Building 4 5 0.062
58.000 27.750
58.000 28.000
58.250 28.000
58.250 27.750
Building 4 5 0.062
58.000 28.000
58.000 28.250
58.250 28.250
58.250 28.000
Building 4 5 0.062
58.250 28.500
58.250 28.250
58.000 28.250
58.000 28.500
Building 4 5 0.062
58.000 31.500
58.000 31.750
58.250 31.750
58.250 31.500
Building 4 5 0.062
58.000 31.750
58.000 32.000
58.250 32.000
58.250 31.750
Building 4 5 0.062
58.000 32.000
58.000 32.250
58.250 32.250
58.250 32.000
Building 4 5 0.062
58.000 32.250
58.000 32.500
58.250 32.500
58.250 32.250
Building 4 5 0.062
58.000 32.500
58.000 32.750
58.250 32.750
58.250 32.500
Building 4 5 0.062
58.000 32.750
58.000 33.000
58.250 33.000
58.250 32.750
Building 4 5 0.062
58.000 33.000
58.000 33.250
58.250 33.250
58.250 33.000
Building 4 5 0.062
58.250 33.500
58.250 33.250
58.000 33.250
58.000 33.500
Building 4 5 0.062
58.250 26.500
58.250 26.750
58.500 26.750
58.500 26.500
Building 4 5 0.062
58.250 26.750
58.250 27.000
58.500 27.000
58.500 26.750
Building 4 5 0.062
58.250 27.000
58.250 27.250
58.500 27.250
58.500 27.000
Building 4 5 0.062
58.250 27.250
58.250 27.500
58.500 27.500
58.500 27.250
Building 4 5 0.062
58.250 27.500
58.250 27.750
58.500 27.750
58.500 27.500
Building 4 5 0.062
58.250 27.750
58.250 28.000
58.500 28.000
58.500 27.750
Building 4 5 0.062
58.250 28.000
58.250 28.250
58.500 28.250
58.500 28.000
Building 4 5 0.062
58.500 28.500
58.500 28.250
58.250 28.250
58.250 28.500
Building 4 5 0.062
58.250 31.500
58.250 31.750
58.500 31.750
58.500 31.500
Building 4 5 0.062
58.250 31.750
58.250 32.000
58.500 32.000
58.500 31.750
Building 4 5 0.062
58.250 32.000
58.250 32.250
58.500 32.250
58.500 32.000
Building 4 5 0.062
58.250 32.250
58.250 32.500
58.500 32.500
58.500 32.250
Building 4 5 0.062
58.250 32.500
58.250 32.750
58.500 32.750
58.500 32.500
Building 4 5 0.062
58.250 32.750
58.250 33.000
58.500 33.000
58.500 32.750
Building 4 5 0.062
58.250 33.000
58.250 33.250
58.500 33.250
58.500 33.000
Building 4 5 0.062
58.500 33.500
58.500 33.250
58.250 33.250
58.250 33.500
Building 4 5 0.062
58.500 26.500
58.500 26.750
58.750 26.750
58.750 26.500
Building 4 5 0.062
58.500 26.750
58.500 27.000
58.750 27.000
58.750 26.750
Building 4 5 0.062
58.500 27.000
58.500 27.250
58.750 27.250
58.750 27.000
Building 4 5 0.062
58.500 27.250
58.500 27.500
58.750 27.500
58.750 27.250
Building 4 5 0.062
58.500 27.500
58.500 27.750
58.750 27.750
58.750 27.500
Building 4 5 0.062
58.500 27.750
58.500 28.000
58.750 28.000
58.750 27.750
Building 4 5 0.062
58.500 28.000
58.500 28.250
58.750 28.250
58.750 28.000
Building 4 5 0.062
58.750 28.500
58.750 28.250
58.500 28.250
58.500 28.500
Building 4 5 0.062
58.500 31.500
58.500 31.750
58.750 31.750
58.750 31.500
Building 4 5 0.062
58.500 31.750
58.500 32.000
58.750 32.000
58.750 31.750
Building 4 5 0.062
58.500 32.000
58.500 32.250
58.750 32.250
58.750 32.000
Building 4 5 0.062
58.500 32.250
58.500 32.500
58.750 32.500
58.750 32.250
Building 4 5 0.062
58.500 32.500
58.500 32.750
58.750 32.750
58.750 32.500
Building 4 5 0.062
58.500 32.750
58.500 33.000
58.750 33.000
58.750 32.750
Building 4 5 0.062
58.500 33.000
58.500 33.250
58.750 33.250
58.750 33.000
Building 4 5 0.062
58.750 33.500
58.750 33.250
58.500 33.250
58.500 33.500
Building 4 5 0.062
58.750 26.500
58.750 26.750
59.000 26.750
59.000 26.500
Building 4 5 0.062
58.750 26.750
58.750 27.000
59.000 27.000
59.000 26.750
Building 4 5 0.062
58.750 27.000
58.750 27.250
59.000 27.250
59.000 27.000
Building 4 5 0.062
58.750 27.250
58.750 27.500
59.000 27.500
59.000 27.250
Building 4 5 0.062
58.750 27.500
58.750 27.750
59.000 27.750
59.000 27.500
Building 4 5 0.062
58.750 27.750
58.750 28.000
59.000 28.000
59.000 27.750
Building 4 5 0.062
58.750 28.000
58.750 28.250
59.000 28.250
59.000 28.000
Building 4 5 0.062
59.000 28.500
59.000 28.250
58.750 28.250
58.750 28.500
Building 4 5 0.062
58.750 31.500
58.750 31.750
59.000 31.750
59.000 31.500
Building 4 5 0.062
58.750 31.750
58.750 32.000
59.000 32.000
59.000 31.750
Building 4 5 0.062
58.750 32.000
58.750 32.250
59.000 32.250
59.000 32.000
Building 4 5 0.062
58.750 32.250
58.750 32.500
59.000 32.500
59.000 32.250
Building 4 5 0.062
58.750 32.500
58.750 32.750
59.000 32.750
59.000 32.500
Building 4 5 0.062
58.750 32.750
58.750 33.000
59.000 33.000
59.000 32.750
Building 4 5 0.062
58.750 33.000
58.750 33.250
59.000 33.250
59.000 33.000
Building 4 5 0.062
59.000 33.500
59.000 33.250
58.750 33.250
58.750 33.500
Building 4 5 0.062
59.000 26.500
59.000 26.750
59.250 26.750
59.250 26.500
Building 4 5 0.062
59.000 26.750
59.000 27.000
59.250 27.000
59.250 26.750
Building 4 5 0.062
59.000 27.000
59.000 27.250
59.250 27.250
59.250 27.000
Building 4 5 0.062
59.000 27.250
59.000 27.500
59.250 27.500
59.250 27.250
Building 4 5 0.062
59.000 27.500
59.000 27.750
59.250 27.750
59.250 27.500
Building 4 5 0.062
59.000 27.750
59.000 28.000
59.250 28.000
59.250 27.750
Building 4 5 0.062
59.000 28.000
59.000 28.250
59.250 28.250
59.250 28.000
Building 4 5 0.062
59.250 28.500
59.250 28.250
59.000 28.250
59.000 28.500
Building 4 5 0.062
59.000 31.500
59.000 31.750
59.250 31.750
59.250 31.500
Building 4 5 0.062
59.000 31.750
59.000 32.000
59.250 32.000
59.250 31.750
Building 4 5 0.062
59.000 32.000
59.000 32.250
59.250 32.250
59.250 32.000
Building 4 5 0.062
59.000 32.250
59.000 32.500
59.250 32.500
59.250 32.250
Building 4 5 0.062
59.000 32.500
59.000 32.750
59.250 32.750
59.250 32.500
Building 4 5 0.062
59.000 32.750
59.000 33.000
59.250 33.000
59.250 32.750
Building 4 5 0.062
59.000 33.000
59.000 33.250
59.250 33.250
59.250 33.000
Building 4 5 0.062
59.250 33.500
59.250 33.250
59.000 33.250
59.000 33.500
Building 4 5 0.062
59.250 26.500
59.250 26.750
59.500 26.750
59.500 26.500
Building 4 5 0.062
59.250 26.750
59.250 27.000
59.500 27.000
59.500 26.750
Building 4 5 0.062
59.250 27.000
59.250 27.250
59.500 27.250
59.500 27.000
Building 4 5 0.062
59.250 27.250
59.250 27.500
59.500 27.500
59.500 27.250
Building 4 5 0.062
59.250 27.500
59.250 27.750
59.500 27.750
59.500 27.500
Building 4 5 0.062
59.250 27.750
59.250 28.000
59.500 28.000
59.500 27.750
Building 4 5 0.062
59.250 28.000
59.250 28.250
59.500 28.250
59.500 28.000
Building 4 5 0.062
59.500 28.500
59.500 28.250
59.250 28.250
59.250 28.500
Building 4 5 0.062
59.250 31.500
59.250 31.750
59.500 31.750
59.500 31.500
Building 4 5 0.062
59.250 31.750
59.250 32.000
59.500 32.000
59.500 31.750
Building 4 5 0.062
59.250 32.000
59.250 32.250
59.500 32.250
59.500 32.000
Building 4 5 0.062
59.250 32.250
59.250 32.500
59.500 32.500
59.500 32.250
Building 4 5 0.062
59.250 32.500
59.250 32.750
59.500 32.750
59.500 32.500
Building 4 5 0.062
59.250 32.750
59.250 33.000
59.500 33.000
59.500 32.750
Building 4 5 0.062
59.250 33.000
59.250 33.250
59.500 33.250
59.500 33.000
Building 4 5 0.062
59.500 33.500
59.500 33.250
59.250 33.250
59.250 33.500
Building 4 5 0.062
59.500 26.500
59.500 26.750
59.750 26.750
59.750 26.500
Building 4 5 0.062
59.500 26.750
59.500 27.000
59.750 27.000
59.750 26.750
Building 4 5 0.062
59.500 27.000
59.500 27.250
59.750 27.250
59.750 27.000
Building 4 5 0.062
59.500 27.250
59.500 27.500
59.750 27.500
59.750 27.250
Building 4 5 0.062
59.500 27.500
59.500 27.750
59.750 27.750
59.750 27.500
Building 4 5 0.062
59.500 27.750
59.500 28.000
59.750 28.000
59.750 27.750
Building 4 5 0.062
59.500 28.000
59.500 28.250
59.750 28.250
59.750 28.000
Building 4 5 0.062
59.750 28.500
59.750 28.250
59.500 28.250
59.500 28.500
Building 4 5 0.062
59.500 31.500
59.500 31.750
59.750 31.750
59.750 31.500
Building 4 5 0.062
59.500 31.750
59.500 32.000
59.750 32.000
59.750 31.750
Building 4 5 0.062
59.500 32.000
59.500 32.250
59.750 32.250
59.750 32.000
Building 4 5 0.062
59.500 32.250
59.500 32.500
59.750 32.500
59.750 32.250
Building 4 5 0.062
59.500 32.500
59.500 32.750
59.750 32.750
59.750 32.500
Building 4 5 0.062
59.500 32.750
59.500 33.000
59.750 33.000
59.750 32.750
Building 4 5 0.062
59.500 33.000
59.500 33.250
59.750 33.250
59.750 33.000
Building 4 5 0.062
59.750 33.500
59.750 33.250
59.500 33.250
59.500 33.500
Building 4 5 0.062
59.750 26.500
59.750 26.750
60.000 26.750
60.000 26.500
Building 4 5 0.062
59.750 26.750
59.750 27.000
60.000 27.000
60.000 26.750
Building 4 5 0.062
59.750 27.000
59.750 27.250
60.000 27.250
60.000 27.000
Building 4 5 0.062
59.750 27.250
59.750 27.500
60.000 27.500
60.000 27.250
Building 4 5 0.062
59.750 27.500
59.750 27.750
60.000 27.750
60.000 27.500
Building 4 5 0.062
59.750 27.750
59.750 28.000
60.000 28.000
60.000 27.750
Building 4 5 0.062
59.750 28.000
59.750 28.250
60.000 28.250
60.000 28.000
Building 4 5 0.062
60.000 28.500
60.000 28.250
59.750 28.250
59.750 28.500
Building 4 5 0.062
59.750 31.500
59.750 31.750
60.000 31.750
60.000 31.500
Building 4 5 0.062
59.750 31.750
59.750 32.000
60.000 32.000
60.000 31.750
Building 4 5 0.062
59.750 32.000
59.750 32.250
60.000 32.250
60.000 32.000
Building 4 5 0.062
59.750 32.250
59.750 32.500
60.000 32.500
60.000 32.250
Building 4 5 0.062
59.750 32.500
59.750 32.750
60.000 32.750
60.000 32.500
Building 4 5 0.062
59.750 32.750
59.750 33.000
60.000 33.000
60.000 32.750
Building 4 5 0.062
59.750 33.000
59.750 33.250
60.000 33.250
60.000 33.000
Building 4 5 0.062
60.000 33.500
60.000 33.250
59.750 33.250
59.750 33.500
Building 4 5 0.062
60.000 26.500
60.000 26.750
60.250 26.750
60.250 26.500
Building 4 5 0.062
60.000 26.750
60.000 27.000
60.250 27.000
60.250 26.750
Building 4 5 0.062
60.000 27.000
60.000 27.250
60.250 27.250
60.250 27.000
Building 4 5 0.062
60.000 27.250
60.000 27.500
60.250 27.500
60.250 27.250
Building 4 5 0.062
60.000 27.500
60.000 27.750
60.250 27.750
60.250 27.500
Building 4 5 0.062
60.000 27.750
60.000 28.000
60.250 28.000
60.250 27.750
Building 4 5 0.062
60.000 28.000
60.000 28.250
60.250 28.250
60.250 28.000
Building 4 5 0.062
60.250 28.500
60.250 28.250
60.000 28.250
60.000 28.500
Building 4 5 0.062
60.000 31.500
60.000 31.750
60.250 31.750
60.250 31.500
Building 4 5 0.062
60.000 31.750
60.000 32.000
60.250 32.000
60.250 31.750
Building 4 5 0.062
60.000 32.000
60.000 32.250
60.250 32.250
60.250 32.000
Building 4 5 0.062
60.000 32.250
60.000 32.500
60.250 32.500
60.250 32.250
Building 4 5 0.062
60.000 32.500
60.000 32.750
60.250 32.750
60.250 32.500
Building 4 5 0.062
60.000 32.750
60.000 33.000
60.250 33.000
60.250 32.750
Building 4 5 0.062
60.000 33.000
60.000 33.250
60.250 33.250
60.250 33.000
Building 4 5 0.062
60.250 33.500
60.250 33.250
60.000 33.250
60.000 33.500
Building 4 5 0.062
60.250 26.500
60.250 26.750
60.500 26.750
60.500 26.500
Building 4 5 0.062
60.250 26.750
60.250 27.000
60.500 27.000
60.500 26.750
Building 4 5 0.062
60.250 27.000
60.250 27.250
60.500 27.250
60.500 27.000
Building 4 5 0.062
60.250 27.250
60.250 27.500
60.500 27.500
60.500 27.250
Building 4 5 0.062
60.250 27.500
60.250 27.750
60.500 27.750
60.500 27.500
Building 4 5 0.062
60.250 27.750
60.250 28.000
60.500 28.000
60.500 27.750
Building 4 5 0.062
60.250 28.000
60.250 28.250
60.500 28.250
60.500 28.000
Building 4 5 0.062
60.500 28.500
60.500 28.250
60.250 28.250
60.250 28.500
Building 4 5 0.062
60.250 31.500
60.250 31.750
60.500 31.750
60.500 31.500
Building 4 5 0.062
60.250 31.750
60.250 32.000
60.500 32.000
60.500 31.750
Building 4 5 0.062
60.250 32.000
60.250 32.250
60.500 32.250
60.500 32.000
Building 4 5 0.062
60.250 32.250
60.250 32.500
60.500 32.500
60.500 32.250
Building 4 5 0.062
60.250 32.500
60.250 32.750
60.500 32.750
60.500 32.500
Building 4 5 0.062
60.250 32.750
60.250 33.000
60.500 33.000
60.500 32.750
Building 4 5 0.062
60.250 33.000
60.250 33.250
60.500 33.250
60.500 33.000
Building 4 5 0.062
60.500 33.500
60.500 33.250
60.250 33.250
60.250 33.500
Building 4 5 0.062
60.500 26.500
60.500 26.750
60.750 26.750
60.750 26.500
Building 4 5 0.062
60.500 26.750
60.500 27.000
60.750 27.000
60.750 26.750
Building 4 5 0.062
60.500 27.000
60.500 27.250
60.750 27.250
60.750 27.000
Building 4 5 0.062
60.500 27.250
60.500 27.500
60.750 27.500
60.750 27.250
Building 4 5 0.062
60.500 27.500
60.500 27.750
60.750 27.750
60.750 27.500
Building 4 5 0.062
60.500 27.750
60.500 28.000
60.750 28.000
60.750 27.750
Building 4 5 0.062
60.500 28.000
60.500 28.250
60.750 28.250
60.750 28.000
Building 4 5 0.062
60.750 28.500
60.750 28.250
60.500 28.250
60.500 28.500
Building 4 5 0.062
60.500 31.500
60.500 31.750
60.750 31.750
60.750 31.500
Building 4 5 0.062
60.500 31.750
60.500 32.000
60.750 32.000
60.750 31.750
Building 4 5 0.062
60.500 32.000
60.500 32.250
60.750 32.250
60.750 32.000
Building 4 5 0.062
60.500 32.250
60.500 32.500
60.750 32.500
60.750 32.250
Building 4 5 0.062
60.500 32.500
60.500 32.750
60.750 32.750
60.750 32.500
Building 4 5 0.062
60.500 32.750
60.500 33.000
60.750 33.000
60.750 32.750
Building 4 5 0.062
60.500 33.000
60.500 33.250
60.750 33.250
60.750 33.000
Building 4 5 0.062
60.750 33.500
60.750 33.250
60.500 33.250
60.500 33.500
Building 4 5 0.062
60.750 26.500
60.750 26.750
61.000 26.750
61.000 26.500
Building 4 5 0.062
60.750 26.750
60.750 27.000
61.000 27.000
61.000 26.750
Building 4 5 0.062
60.750 27.000
60.750 27.250
61.000 27.250
61.000 27.000
Building 4 5 0.062
60.750 27.250
60.750 27.500
61.000 27.500
61.000 27.250
Building 4 5 0.062
60.750 27.500
60.750 27.750
61.000 27.750
61.000 27.500
Building 4 5 0.062
60.750 27.750
60.750 28.000
61.000 28.000
61.000 27.750
Building 4 5 0.062
60.750 28.000
60.750 28.250
61.000 28.250
61.000 28.000
Building 4 5 0.062
61.000 28.500
61.000 28.250
60.750 28.250
60.750 28.500
Building 4 5 0.062
60.750 31.500
60.750 31.750
61.000 31.750
61.000 31.500
Building 4 5 0.062
60.750 31.750
60.750 32.000
61.000 32.000
61.000 31.750
Building 4 5 0.062
60.750 32.000
60.750 32.250
61.000 32.250
61.000 32.000
Building 4 5 0.062
60.750 32.250
60.750 32.500
61.000 32.500
61.000 32.250
Building 4 5 0.062
60.750 32.500
60.750 32.750
61.000 32.750
61.000 32.500
Building 4 5 0.062
60.750 32.750
60.750 33.000
61.000 33.000
61.000 32.750
Building 4 5 0.062
60.750 33.000
60.750 33.250
61.000 33.250
61.000 33.000
Building 4 5 0.062
61.000 33.500
61.000 33.250
60.750 33.250
60.750 33.500
Building 4 5 0.062
61.000 26.500
61.000 26.750
61.250 26.750
61.250 26.500
Building 4 5 0.062
61.000 26.750
61.000 27.000
61.250 27.000
61.250 26.750
Building 4 5 0.062
61.000 27.000
61.000 27.250
61.250 27.250
61.250 27.000
Building 4 5 0.062
61.000 27.250
61.000 27.500
61.250 27.500
61.250 27.250
Building 4 5 0.062
61.000 27.500
61.000 27.750
61.250 27.750
61.250 27.500
Building 4 5 0.062
61.000 27.750
61.000 28.000
61.250 28.000
61.250 27.750
Building 4 5 0.062
61.000 28.000
61.000 28.250
61.250 28.250
61.250 28.000
Building 4 5 0.062
61.250 28.500
61.250 28.250
61.000 28.250
61.000 28.500
Building 4 5 0.062
61.000 31.500
61.000 31.750
61.250 31.750
61.250 31.500
Building 4 5 0.062
61.000 31.750
61.000 32.000
61.250 32.000
61.250 31.750
Building 4 5 0.062
61.000 32.000
61.000 32.250
61.250 32.250
61.250 32.000
Building 4 5 0.062
61.000 32.250
61.000 32.500
61.250 32.500
61.250 32.250
Building 4 5 0.062
61.000 32.500
61.000 32.750
61.250 32.750
61.250 32.500
Building 4 5 0.062
61.000 32.750
61.000 33.000
61.250 33.000
61.250 32.750
Building 4 5 0.062
61.000 33.000
61.000 33.250
61.250 33.250
61.250 33.000
Building 4 5 0.062
61.250 33.500
61.250 33.250
61.000 33.250
61.000 33.500
Building 4 5 0.062
61.250 26.500
61.250 26.750
61.500 26.750
61.500 26.500
Building 4 5 0.062
61.250 26.750
61.250 27.000
61.500 27.000
61.500 26.750
Building 4 5 0.062
61.250 27.000
61.250 27.250
61.500 27.250
61.500 27.000
Building 4 5 0.062
61.250 27.250
61.250 27.500
61.500 27.500
61.500 27.250
Building 4 5 0.062
61.250 27.500
61.250 27.750
61.500 27.750
61.500 27.500
Building 4 5 0.062
61.250 27.750
61.250 28.000
61.500 28.000
61.500 27.750
Building 4 5 0.062
61.250 28.000
61.250 28.250
61.500 28.250
61.500 28.000
Building 4 5 0.062
61.500 28.500
61.500 28.250
61.250 28.250
61.250 28.500
Building 4 5 0.062
61.250 31.500
61.250 31.750
61.500 31.750
61.500 31.500
Building 4 5 0.062
61.250 31.750
61.250 32.000
61.500 32.000
61.500 31.750
Building 4 5 0.062
61.250 32.000
61.250 32.250
61.500 32.250
61.500 32.000
Building 4 5 0.062
61.250 32.250
61.250 32.500
61.500 32.500
61.500 32.250
Building 4 5 0.062
61.250 32.500
61.250 32.750
61.500 32.750
61.500 32.500
Building 4 5 0.062
61.250 32.750
61.250 33.000
61.500 33.000
61.500 32.750
Building 4 5 0.062
61.250 33.000
61.250 33.250
61.500 33.250
61.500 33.000
Building 4 5 0.062
61.500 33.500
61.500 33.250
61.250 33.250
61.250 33.500
Building 4 5 0.062
61.500 26.500
61.500 26.750
61.750 26.750
61.750 26.500
Building 4 5 0.062
61.500 26.750
61.500 27.000
61.750 27.000
61.750 26.750
Building 4 5 0.062
61.500 27.000
61.500 27.250
61.750 27.250
61.750 27.000
Building 4 5 0.062
61.500 27.250
61.500 27.500
61.750 27.500
61.750 27.250
Building 4 5 0.062
61.500 27.500
61.500 27.750
61.750 27.750
61.750 27.500
Building 4 5 0.062
61.500 27.750
61.500 28.000
61.750 28.000
61.750 27.750
Building 4 5 0.062
61.500 28.000
61.500 28.250
61.750 28.250
61.750 28.000
Building 4 5 0.062
61.750 28.500
61.750 28.250
61.500 28.250
61.500 28.500
Building 4 5 0.062
61.500 31.500
61.500 31.750
61.750 31.750
61.750 31.500
Building 4 5 0.062
61.500 31.750
61.500 32.000
61.750 32.000
61.750 31.750
Building 4 5 0.062
61.500 32.000
61.500 32.250
61.750 32.250
61.750 32.000
Building 4 5 0.062
61.500 32.250
61.500 32.500
61.750 32.500
61.750 32.250
Building 4 5 0.062
61.500 32.500
61.500 32.750
61.750 32.750
61.750 32.500
Building 4 5 0.062
61.500 32.750
61.500 33.000
61.750 33.000
61.750 32.750
Building 4 5 0.062
61.500 33.000
61.500 33.250
61.750 33.250
61.750 33.000
Building 4 5 0.062
61.750 33.500
61.750 33.250
61.500 33.250
61.500 33.500
Building 4 5 0.062
61.750 26.500
61.750 26.750
62.000 26.750
62.000 26.500
Building 4 5 0.062
61.750 26.750
61.750 27.000
62.000 27.000
62.000 26.750
Building 4 5 0.062
61.750 27.000
61.750 27.250
62.000 27.250
62.000 27.000
Building 4 5 0.062
61.750 27.250
61.750 27.500
62.000 27.500
62.000 27.250
Building 4 5 0.062
61.750 27.500
61.750 27.750
62.000 27.750
62.000 27.500
Building 4 5 0.062
61.750 27.750
61.750 28.000
62.000 28.000
62.000 27.750
Building 4 5 0.062
61.750 28.000
61.750 28.250
62.000 28.250
62.000 28.000
Building 4 5 0.062
62.000 28.500
62.000 28.250
61.750 28.250
61.750 28.500
Building 4 5 0.062
61.750 31.500
61.750 31.750
62.000 31.750
62.000 31.500
Building 4 5 0.062
61.750 31.750
61.750 32.000
62.000 32.000
62.000 31.750
Building 4 5 0.062
61.750 32.000
61.750 32.250
62.000 32.250
62.000 32.000
Building 4 5 0.062
61.750 32.250
61.750 32.500
62.000 32.500
62.000 32.250
Building 4 5 0.062
61.750 32.500
61.750 32.750
62.000 32.750
62.000 32.500
Building 4 5 0.062
61.750 32.750
61.750 33.000
62.000 33.000
62.000 32.750
Building 4 5 0.062
61.750 33.000
61.750 33.250
62.000 33.250
62.000 33.000
Building 4 5 0.062
62.000 33.500
62.000 33.250
61.750 33.250
61.750 33.500
Building 4 5 0.062
62.000 26.500
62.000 26.750
62.250 26.750
62.250 26.500
Building 4 5 0.062
62.000 26.750
62.000 27.000
62.250 27.000
62.250 26.750
Building 4 5 0.062
62.000 27.000
62.000 27.250
62.250 27.250
62.250 27.000
Building 4 5 0.062
62.000 27.250
62.000 27.500
62.250 27.500
62.250 27.250
Building 4 5 0.062
62.000 27.500
62.000 27.750
62.250 27.750
62.250 27.500
Building 4 5 0.062
62.000 27.750
62.000 28.000
62.250 28.000
62.250 27.750
Building 4 5 0.062
62.000 28.000
62.000 28.250
62.250 28.250
62.250 28.000
Building 4 5 0.062
62.250 28.500
62.250 28.250
62.000 28.250
62.000 28.500
Building 4 5 0.062
62.000 31.500
62.000 31.750
62.250 31.750
62.250 31.500
Building 4 5 0.062
62.000 31.750
62.000 32.000
62.250 32.000
62.250 31.750
Building 4 5 0.062
62.000 32.000
62.000 32.250
62.250 32.250
62.250 32.000
Building 4 5 0.062
62.000 32.250
62.000 32.500
62.250 32.500
62.250 32.250
Building 4 5 0.062
62.000 32.500
62.000 32.750
62.250 32.750
62.250 32.500
Building 4 5 0.062
62.000 32.750
62.000 33.000
62.250 33.000
62.250 32.750
Building 4 5 0.062
62.000 33.000
62.000 33.250
62.250 33.250
62.250 33.000
Building 4 5 0.062
62.250 33.500
62.250 33.250
62.000 33.250
62.000 33.500
Building 4 5 0.062
62.250 26.500
62.250 26.750
62.500 26.750
62.500 26.500
Building 4 5 0.062
62.250 26.750
62.250 27.000
62.500 27.000
62.500 26.750
Building 4 5 0.062
62.250 27.000
62.250 27.250
62.500 27.250
62.500 27.000
Building 4 5 0.062
62.250 27.250
62.250 27.500
62.500 27.500
62.500 27.250
Building 4 5 0.062
62.250 27.500
62.250 27.750
62.500 27.750
62.500 27.500
Building 4 5 0.062
62.250 27.750
62.250 28.000
62.500 28.000
62.500 27.750
Building 4 5 0.062
62.250 28.000
62.250 28.250
62.500 28.250
62.500 28.000
Building 4 5 0.062
62.500 28.500
62.500 28.250
62.250 28.250
62.250 28.500
Building 4 5 0.062
62.250 31.500
62.250 31.750
62.500 31.750
62.500 31.500
Building 4 5 0.062
62.250 31.750
62.250 32.000
62.500 32.000
62.500 31.750
Building 4 5 0.062
62.250 32.000
62.250 32.250
62.500 32.250
62.500 32.000
Building 4 5 0.062
62.250 32.250
62.250 32.500
62.500 32.500
62.500 32.250
Building 4 5 0.062
62.250 32.500
62.250 32.750
62.500 32.750
62.500 32.500
Building 4 5 0.062
62.250 32.750
62.250 33.000
62.500 33.000
62.500 32.750
Building 4 5 0.062
62.250 33.000
62.250 33.250
62.500 33.250
62.500 33.000
Building 4 5 0.062
62.500 33.500
62.500 33.250
62.250 33.250
62.250 33.500
Building 4 5 0.062
62.500 26.500
62.500 26.750
62.750 26.750
62.750 26.500
Building 4 5 0.062
62.500 26.750
62.500 27.000
62.750 27.000
62.750 26.750
Building 4 5 0.062
62.500 27.000
62.500 27.250
62.750 27.250
62.750 27.000
Building 4 5 0.062
62.500 27.250
62.500 27.500
62.750 27.500
62.750 27.250
Building 4 5 0.062
62.500 27.500
62.500 27.750
62.750 27.750
62.750 27.500
Building 4 5 0.062
62.500 27.750
62.500 28.000
62.750 28.000
62.750 27.750
Building 4 5 0.062
62.500 28.000
62.500 28.250
62.750 28.250
62.750 28.000
Building 4 5 0.062
62.750 28.500
62.750 28.250
62.500 28.250
62.500 28.500
Building 4 5 0.062
62.500 31.500
62.500 31.750
62.750 31.750
62.750 31.500
Building 4 5 0.062
62.500 31.750
62.500 32.000
62.750 32.000
62.750 31.750
Building 4 5 0.062
62.500 32.000
62.500 32.250
62.750 32.250
62.750 32.000
Building 4 5 0.062
62.500 32.250
62.500 32.500
62.750 32.500
62.750 32.250
Building 4 5 0.062
62.500 32.500
62.500 32.750
62.750 32.750
62.750 32.500
Building 4 5 0.062
62.500 32.750
62.500 33.000
62.750 33.000
62.750 32.750
Building 4 5 0.062
62.500 33.000
62.500 33.250
62.750 33.250
62.750 33.000
Building 4 5 0.062
62.750 33.500
62.750 33.250
62.500 33.250
62.500 33.500
Building 4 5 0.062
62.750 26.500
62.750 26.750
63.000 26.750
63.000 26.500
Building 4 5 0.062
62.750 26.750
62.750 27.000
63.000 27.000
63.000 26.750
Building 4 5 0.062
62.750 27.000
62.750 27.250
63.000 27.250
63.000 27.000
Building 4 5 0.062
62.750 27.250
62.750 27.500
63.000 27.500
63.000 27.250
Building 4 5 0.062
62.750 27.500
62.750 27.750
63.000 27.750
63.000 27.500
Building 4 5 0.062
62.750 27.750
62.750 28.000
63.000 28.000
63.000 27.750
Building 4 5 0.062
62.750 28.000
62.750 28.250
63.000 28.250
63.000 28.000
Building 4 5 0.062
63.000 28.500
63.000 28.250
62.750 28.250
62.750 28.500
Building 4 5 0.062
62.750 31.500
62.750 31.750
63.000 31.750
63.000 31.500
Building 4 5 0.062
62.750 31.750
62.750 32.000
63.000 32.000
63.000 31.750
Building 4 5 0.062
62.750 32.000
62.750 32.250
63.000 32.250
63.000 32.000
Building 4 5 0.062
62.750 32.250
62.750 32.500
63.000 32.500
63.000 32.250
Building 4 5 0.062
62.750 32.500
62.750 32.750
63.000 32.750
63.000 32.500
Building 4 5 0.062
62.750 32.750
62.750 33.000
63.000 33.000
63.000 32.750
Building 4 5 0.062
62.750 33.000
62.750 33.250
63.000 33.250
63.000 33.000
Building 4 5 0.062
63.000 33.500
63.000 33.250
62.750 33.250
62.750 33.500
Building 4 5 0.062
63.000 26.500
63.000 26.750
63.250 26.750
63.250 26.500
Building 4 5 0.062
63.000 26.750
63.000 27.000
63.250 27.000
63.250 26.750
Building 4 5 0.062
63.000 27.000
63.000 27.250
63.250 27.250
63.250 27.000
Building 4 5 0.062
63.000 27.250
63.000 27.500
63.250 27.500
63.250 27.250
Building 4 5 0.062
63.000 27.500
63.000 27.750
63.250 27.750
63.250 27.500
Building 4 5 0.062
63.000 27.750
63.000 28.000
63.250 28.000
63.250 27.750
Building 4 5 0.062
63.000 28.000
63.000 28.250
63.250 28.250
63.250 28.000
Building 4 5 0.062
63.250 28.500
63.250 28.250
63.000 28.250
63.000 28.500
Building 4 5 0.062
63.000 31.500
63.000 31.750
63.250 31.750
63.250 31.500
Building 4 5 0.062
63.000 31.750
63.000 32.000
63.250 32.000
63.250 31.750
Building 4 5 0.062
63.000 32.000
63.000 32.250
63.250 32.250
63.250 32.000
Building 4 5 0.062
63.000 32.250
63.000 32.500
63.250 32.500
63.250 32.250
Building 4 5 0.062
63.000 32.500
63.000 32.750
63.250 32.750
63.250 32.500
Building 4 5 0.062
63.000 32.750
63.000 33.000
63.250 33.000
63.250 32.750
Building 4 5 0.062
63.000 33.000
63.000 33.250
63.250 33.250
63.250 33.000
Building 4 5 0.062
63.250 33.500
63.250 33.250
63.000 33.250
63.000 33.500
Building 4 5 0.062
63.250 26.500
63.250 26.750
63.500 26.750
63.500 26.500
Building 4 5 0.062
63.250 26.750
63.250 27.000
63.500 27.000
63.500 26.750
Building 4 5 0.062
63.250 27.000
63.250 27.250
63.500 27.250
63.500 27.000
Building 4 5 0.062
63.250 27.250
63.250 27.500
63.500 27.500
63.500 27.250
Building 4 5 0.062
63.250 27.500
63.250 27.750
63.500 27.750
63.500 27.500
Building 4 5 0.062
63.250 27.750
63.250 28.000
63.500 28.000
63.500 27.750
Building 4 5 0.062
63.250 28.000
63.250 28.250
63.500 28.250
63.500 28.000
Building 4 5 0.062
63.500 28.500
63.500 28.250
63.250 28.250
63.250 28.500
Building 4 5 0.062
63.250 31.500
63.250 31.750
63.500 31.750
63.500 31.500
Building 4 5 0.062
63.250 31.750
63.250 32.000
63.500 32.000
63.500 31.750
Building 4 5 0.062
63.250 32.000
63.250 32.250
63.500 32.250
63.500 32.000
Building 4 5 0.062
63.250 32.250
63.250 32.500
63.500 32.500
63.500 32.250
Building 4 5 0.062
63.250 32.500
63.250 32.750
63.500 32.750
63.500 32.500
Building 4 5 0.062
63.250 32.750
63.250 33.000
63.500 33.000
63.500 32.750
Building 4 5 0.062
63.250 33.000
63.250 33.250
63.500 33.250
63.500 33.000
Building 4 5 0.062
63.500 33.500
63.500 33.250
63.250 33.250
63.250 33.500
Building 4 5 0.062
63.500 26.500
63.500 26.750
63.750 26.750
63.750 26.500
Building 4 5 0.062
63.500 26.750
63.500 27.000
63.750 27.000
63.750 26.750
Building 4 5 0.062
63.500 27.000
63.500 27.250
63.750 27.250
63.750 27.000
Building 4 5 0.062
63.500 27.250
63.500 27.500
63.750 27.500
63.750 27.250
Building 4 5 0.062
63.500 27.500
63.500 27.750
63.750 27.750
63.750 27.500
Building 4 5 0.062
63.500 27.750
63.500 28.000
63.750 28.000
63.750 27.750
Building 4 5 0.062
63.500 28.000
63.500 28.250
63.750 28.250
63.750 28.000
Building 4 5 0.062
63.750 28.500
63.750 28.250
63.500 28.250
63.500 28.500
Building 4 5 0.062
63.500 31.500
63.500 31.750
63.750 31.750
63.750 31.500
Building 4 5 0.062
63.500 31.750
63.500 32.000
63.750 32.000
63.750 31.750
Building 4 5 0.062
63.500 32.000
63.500 32.250
63.750 32.250
63.750 32.000
Building 4 5 0.062
63.500 32.250
63.500 32.500
63.750 32.500
63.750 32.250
Building 4 5 0.062
63.500 32.500
63.500 32.750
63.750 32.750
63.750 32.500
Building 4 5 0.062
63.500 32.750
63.500 33.000
63.750 33.000
63.750 32.750
Building 4 5 0.062
63.500 33.000
63.500 33.250
63.750 33.250
63.750 33.000
Building 4 5 0.062
63.750 33.500
63.750 33.250
63.500 33.250
63.500 33.500
Building 4 5 0.062
63.750 26.500
63.750 26.750
64.000 26.750
64.000 26.500
Building 4 5 0.062
63.750 26.750
63.750 27.000
64.000 27.000
64.000 26.750
Building 4 5 0.062
63.750 27.000
63.750 27.250
64.000 27.250
64.000 27.000
Building 4 5 0.062
63.750 27.250
63.750 27.500
64.000 27.500
64.000 27.250
Building 4 5 0.062
63.750 27.500
63.750 27.750
64.000 27.750
64.000 27.500
Building 4 5 0.062
63.750 27.750
63.750 28.000
64.000 28.000
64.000 27.750
Building 4 5 0.062
63.750 28.000
63.750 28.250
64.000 28.250
64.000 28.000
Building 4 5 0.062
64.000 28.500
64.000 28.250
63.750 28.250
63.750 28.500
Building 4 5 0.062
63.750 31.500
63.750 31.750
64.000 31.750
64.000 31.500
Building 4 5 0.062
63.750 31.750
63.750 32.000
64.000 32.000
64.000 31.750
Building 4 5 0.062
63.750 32.000
63.750 32.250
64.000 32.250
64.000 32.000
Building 4 5 0.062
63.750 32.250
63.750 32.500
64.000 32.500
64.000 32.250
Building 4 5 0.062
63.750 32.500
63.750 32.750
64.000 32.750
64.000 32.500
Building 4 5 0.062
63.750 32.750
63.750 33.000
64.000 33.000
64.000 32.750
Building 4 5 0.062
63.750 33.000
63.750 33.250
64.000 33.250
64.000 33.000
Building 4 5 0.062
64.000 33.500
64.000 33.250
63.750 33.250
63.750 33.500
Building 4 5 0.062
64.000 26.500
64.000 26.750
64.250 26.750
64.250 26.500
Building 4 5 0.062
64.000 26.750
64.000 27.000
64.250 27.000
64.250 26.750
Building 4 5 0.062
64.000 27.000
64.000 27.250
64.250 27.250
64.250 27.000
Building 4 5 0.062
64.000 27.250
64.000 27.500
64.250 27.500
64.250 27.250
Building 4 5 0.062
64.000 27.500
64.000 27.750
64.250 27.750
64.250 27.500
Building 4 5 0.062
64.000 27.750
64.000 28.000
64.250 28.000
64.250 27.750
Building 4 5 0.062
64.000 28.000
64.000 28.250
64.250 28.250
64.250 28.000
Building 4 5 0.062
64.250 28.500
64.250 28.250
64.000 28.250
64.000 28.500
Building 4 5 0.062
64.000 31.500
64.000 31.750
64.250 31.750
64.250 31.500
Building 4 5 0.062
64.000 31.750
64.000 32.000
64.250 32.000
64.250 31.750
Building 4 5 0.062
64.000 32.000
64.000 32.250
64.250 32.250
64.250 32.000
Building 4 5 0.062
64.000 32.250
64.000 32.500
64.250 32.500
64.250 32.250
Building 4 5 0.062
64.000 32.500
64.000 32.750
64.250 32.750
64.250 32.500
Building 4 5 0.062
64.000 32.750
64.000 33.000
64.250 33.000
64.250 32.750
Building 4 5 0.062
64.000 33.000
64.000 33.250
64.250 33.250
64.250 33.000
Building 4 5 0.062
64.250 33.500
64.250 33.250
64.000 33.250
64.000 33.500
Building 4 5 0.062
64.250 26.500
64.250 26.750
64.500 26.750
64.500 26.500
Building 4 5 0.062
64.250 26.750
64.250 27.000
64.500 27.000
64.500 26.750
Building 4 5 0.062
64.250 27.000
64.250 27.250
64.500 27.250
64.500 27.000
Building 4 5 0.062
64.250 27.250
64.250 27.500
64.500 27.500
64.500 27.250
Building 4 5 0.062
64.250 27.500
64.250 27.750
64.500 27.750
64.500 27.500
Building 4 5 0.062
64.250 27.750
64.250 28.000
64.500 28.000
64.500 27.750
Building 4 5 0.062
64.250 28.000
64.250 28.250
64.500 28.250
64.500 28.000
Building 4 5 0.062
64.500 28.500
64.500 28.250
64.250 28.250
64.250 28.500
Building 4 5 0.062
64.250 31.500
64.250 31.750
64.500 31.750
64.500 31.500
Building 4 5 0.062
64.250 31.750
64.250 32.000
64.500 32.000
64.500 31.750
Building 4 5 0.062
64.250 32.000
64.250 32.250
64.500 32.250
64.500 32.000
Building 4 5 0.062
64.250 32.250
64.250 32.500
64.500 32.500
64.500 32.250
Building 4 5 0.062
64.250 32.500
64.250 32.750
64.500 32.750
64.500 32.500
Building 4 5 0.062
64.250 32.750
64.250 33.000
64.500 33.000
64.500 32.750
Building 4 5 0.062
64.250 33.000
64.250 33.250
64.500 33.250
64.500 33.000
Building 4 5 0.062
64.500 33.500
64.500 33.250
64.250 33.250
64.250 33.500
Building 4 5 0.062
64.500 26.500
64.500 26.750
64.750 26.750
64.750 26.500
Building 4 5 0.062
64.500 26.750
64.500 27.000
64.750 27.000
64.750 26.750
Building 4 5 0.062
64.500 27.000
64.500 27.250
64.750 27.250
64.750 27.000
Building 4 5 0.062
64.500 27.250
64.500 27.500
64.750 27.500
64.750 27.250
Building 4 5 0.062
64.500 27.500
64.500 27.750
64.750 27.750
64.750 27.500
Building 4 5 0.062
64.500 27.750
64.500 28.000
64.750 28.000
64.750 27.750
Building 4 5 0.062
64.500 28.000
64.500 28.250
64.750 28.250
64.750 28.000
Building 4 5 0.062
64.750 28.500
64.750 28.250
64.500 28.250
64.500 28.500
Building 4 5 0.062
64.500 31.500
64.500 31.750
64.750 31.750
64.750 31.500
Building 4 5 0.062
64.500 31.750
64.500 32.000
64.750 32.000
64.750 31.750
Building 4 5 0.062
64.500 32.000
64.500 32.250
64.750 32.250
64.750 32.000
Building 4 5 0.062
64.500 32.250
64.500 32.500
64.750 32.500
64.750 32.250
Building 4 5 0.062
64.500 32.500
64.500 32.750
64.750 32.750
64.750 32.500
Building 4 5 0.062
64.500 32.750
64.500 33.000
64.750 33.000
64.750 32.750
Building 4 5 0.062
64.500 33.000
64.500 33.250
64.750 33.250
64.750 33.000
Building 4 5 0.062
64.750 33.500
64.750 33.250
64.500 33.250
64.500 33.500
Building 4 5 0.062
64.750 26.500
64.750 26.750
65.000 26.750
65.000 26.500
Building 4 5 0.062
64.750 26.750
64.750 27.000
65.000 27.000
65.000 26.750
Building 4 5 0.062
64.750 27.000
64.750 27.250
65.000 27.250
65.000 27.000
Building 4 5 0.062
64.750 27.250
64.750 27.500
65.000 27.500
65.000 27.250
Building 4 5 0.062
64.750 27.500
64.750 27.750
65.000 27.750
65.000 27.500
Building 4 5 0.062
64.750 27.750
64.750 28.000
65.000 28.000
65.000 27.750
Building 4 5 0.062
64.750 28.000
64.750 28.250
65.000 28.250
65.000 28.000
Building 4 5 0.062
65.000 28.500
65.000 28.250
64.750 28.250
64.750 28.500
Building 4 5 0.062
64.750 31.500
64.750 31.750
65.000 31.750
65.000 31.500
Building 4 5 0.062
64.750 31.750
64.750 32.000
65.000 32.000
65.000 31.750
Building 4 5 0.062
64.750 32.000
64.750 32.250
65.000 32.250
65.000 32.000
Building 4 5 0.062
64.750 32.250
64.750 32.500
65.000 32.500
65.000 32.250
Building 4 5 0.062
64.750 32.500
64.750 32.750
65.000 32.750
65.000 32.500
Building 4 5 0.062
64.750 32.750
64.750 33.000
65.000 33.000
65.000 32.750
Building 4 5 0.062
64.750 33.000
64.750 33.250
65.000 33.250
65.000 33.000
Building 4 5 0.062
65.000 33.500
65.000 33.250
64.750 33.250
64.750 33.500
Building 4 5 0.062
65.000 26.500
65.000 26.750
65.250 26.750
65.250 26.500
Building 4 5 0.062
65.000 26.750
65.000 27.000
65.250 27.000
65.250 26.750
Building 4 5 0.062
65.000 27.000
65.000 27.250
65.250 27.250
65.250 27.000
Building 4 5 0.062
65.000 27.250
65.000 27.500
65.250 27.500
65.250 27.250
Building 4 5 0.062
65.000 27.500
65.000 27.750
65.250 27.750
65.250 27.500
Building 4 5 0.062
65.000 27.750
65.000 28.000
65.250 28.000
65.250 27.750
Building 4 5 0.062
65.000 28.000
65.000 28.250
65.250 28.250
65.250 28.000
Building 4 5 0.062
65.250 28.500
65.250 28.250
65.000 28.250
65.000 28.500
Building 4 5 0.062
65.000 31.500
65.000 31.750
65.250 31.750
65.250 31.500
Building 4 5 0.062
65.000 31.750
65.000 32.000
65.250 32.000
65.250 31.750
Building 4 5 0.062
65.000 32.000
65.000 32.250
65.250 32.250
65.250 32.000
Building 4 5 0.062
65.000 32.250
65.000 32.500
65.250 32.500
65.250 32.250
Building 4 5 0.062
65.000 32.500
65.000 32.750
65.250 32.750
65.250 32.500
Building 4 5 0.062
65.000 32.750
65.000 33.000
65.250 33.000
65.250 32.750
Building 4 5 0.062
65.000 33.000
65.000 33.250
65.250 33.250
65.250 33.000
Building 4 5 0.062
65.250 33.500
65.250 33.250
65.000 33.250
65.000 33.500
Building 4 5 0.062
65.250 26.500
65.250 26.750
65.500 26.750
65.500 26.500
Building 4 5 0.062
65.250 26.750
65.250 27.000
65.500 27.000
65.500 26.750
Building 4 5 0.062
65.250 27.000
65.250 27.250
65.500 27.250
65.500 27.000
Building 4 5 0.062
65.250 27.250
65.250 27.500
65.500 27.500
65.500 27.250
Building 4 5 0.062
65.250 27.500
65.250 27.750
65.500 27.750
65.500 27.500
Building 4 5 0.062
65.250 27.750
65.250 28.000
65.500 28.000
65.500 27.750
Building 4 5 0.062
65.250 28.000
65.250 28.250
65.500 28.250
65.500 28.000
Building 4 5 0.062
65.500 28.500
65.500 28.250
65.250 28.250
65.250 28.500
Building 4 5 0.062
65.250 31.500
65.250 31.750
65.500 31.750
65.500 31.500
Building 4 5 0.062
65.250 31.750
65.250 32.000
65.500 32.000
65.500 31.750
Building 4 5 0.062
65.250 32.000
65.250 32.250
65.500 32.250
65.500 32.000
Building 4 5 0.062
65.250 32.250
65.250 32.500
65.500 32.500
65.500 32.250
Building 4 5 0.062
65.250 32.500
65.250 32.750
65.500 32.750
65.500 32.500
Building 4 5 0.062
65.250 32.750
65.250 33.000
65.500 33.000
65.500 32.750
Building 4 5 0.062
65.250 33.000
65.250 33.250
65.500 33.250
65.500 33.000
Building 4 5 0.062
65.500 33.500
65.500 33.250
65.250 33.250
65.250 33.500
Building 4 5 0.062
65.500 26.500
65.500 26.750
65.750 26.750
65.750 26.500
Building 4 5 0.062
65.500 26.750
65.500 27.000
65.750 27.000
65.750 26.750
Building 4 5 0.062
65.500 27.000
65.500 27.250
65.750 27.250
65.750 27.000
Building 4 5 0.062
65.500 27.250
65.500 27.500
65.750 27.500
65.750 27.250
Building 4 5 0.062
65.500 27.500
65.500 27.750
65.750 27.750
65.750 27.500
Building 4 5 0.062
65.500 27.750
65.500 28.000
65.750 28.000
65.750 27.750
Building 4 5 0.062
65.500 28.000
65.500 28.250
65.750 28.250
65.750 28.000
Building 4 5 0.062
65.750 28.500
65.750 28.250
65.500 28.250
65.500 28.500
Building 4 5 0.062
65.500 31.500
65.500 31.750
65.750 31.750
65.750 31.500
Building 4 5 0.062
65.500 31.750
65.500 32.000
65.750 32.000
65.750 31.750
Building 4 5 0.062
65.500 32.000
65.500 32.250
65.750 32.250
65.750 32.000
Building 4 5 0.062
65.500 32.250
65.500 32.500
65.750 32.500
65.750 32.250
Building 4 5 0.062
65.500 32.500
65.500 32.750
65.750 32.750
65.750 32.500
Building 4 5 0.062
65.500 32.750
65.500 33.000
65.750 33.000
65.750 32.750
Building 4 5 0.062
65.500 33.000
65.500 33.250
65.750 33.250
65.750 33.000
Building 4 5 0.062
65.750 33.500
65.750 33.250
65.500 33.250
65.500 33.500
Building 4 5 0.062
65.750 26.500
65.750 26.750
66.000 26.750
66.000 26.500
Building 4 5 0.062
65.750 26.750
65.750 27.000
66.000 27.000
66.000 26.750
Building 4 5 0.062
65.750 27.000
65.750 27.250
66.000 27.250
66.000 27.000
Building 4 5 0.062
65.750 27.250
65.750 27.500
66.000 27.500
66.000 27.250
Building 4 5 0.062
65.750 27.500
65.750 27.750
66.000 27.750
66.000 27.500
Building 4 5 0.062
65.750 27.750
65.750 28.000
66.000 28.000
66.000 27.750
Building 4 5 0.062
65.750 28.000
65.750 28.250
66.000 28.250
66.000 28.000
Building 4 5 0.062
66.000 28.500
66.000 28.250
65.750 28.250
65.750 28.500
Building 4 5 0.062
65.750 31.500
65.750 31.750
66.000 31.750
66.000 31.500
Building 4 5 0.062
65.750 31.750
65.750 32.000
66.000 32.000
66.000 31.750
Building 4 5 0.062
65.750 32.000
65.750 32.250
66.000 32.250
66.000 32.000
Building 4 5 0.062
65.750 32.250
65.750 32.500
66.000 32.500
66.000 32.250
Building 4 5 0.062
65.750 32.500
65.750 32.750
66.000 32.750
66.000 32.500
Building 4 5 0.062
65.750 32.750
65.750 33.000
66.000 33.000
66.000 32.750
Building 4 5 0.062
65.750 33.000
65.750 33.250
66.000 33.250
66.000 33.000
Building 4 5 0.062
66.000 33.500
66.000 33.250
65.750 33.250
65.750 33.500
Building 4 5 0.062
66.000 26.500
66.000 26.750
66.250 26.750
66.250 26.500
Building 4 5 0.062
66.000 26.750
66.000 27.000
66.250 27.000
66.250 26.750
Building 4 5 0.062
66.000 27.000
66.000 27.250
66.250 27.250
66.250 27.000
Building 4 5 0.062
66.000 27.250
66.000 27.500
66.250 27.500
66.250 27.250
Building 4 5 0.062
66.000 27.500
66.000 27.750
66.250 27.750
66.250 27.500
Building 4 5 0.062
66.000 27.750
66.000 28.000
66.250 28.000
66.250 27.750
Building 4 5 0.062
66.000 28.000
66.000 28.250
66.250 28.250
66.250 28.000
Building 4 5 0.062
66.250 28.500
66.250 28.250
66.000 28.250
66.000 28.500
Building 4 5 0.062
66.000 31.500
66.000 31.750
66.250 31.750
66.250 31.500
Building 4 5 0.062
66.000 31.750
66.000 32.000
66.250 32.000
66.250 31.750
Building 4 5 0.062
66.000 32.000
66.000 32.250
66.250 32.250
66.250 32.000
Building 4 5 0.062
66.000 32.250
66.000 32.500
66.250 32.500
66.250 32.250
Building 4 5 0.062
66.000 32.500
66.000 32.750
66.250 32.750
66.250 32.500
Building 4 5 0.062
66.000 32.750
66.000 33.000
66.250 33.000
66.250 32.750
Building 4 5 0.062
66.000 33.000
66.000 33.250
66.250 33.250
66.250 33.000
Building 4 5 0.062
66.250 33.500
66.250 33.250
66.000 33.250
66.000 33.500
Building 4 5 0.062
66.250 26.500
66.250 26.750
66.500 26.750
66.500 26.500
Building 4 5 0.062
66.250 26.750
66.250 27.000
66.500 27.000
66.500 26.750
Building 4 5 0.062
66.250 27.000
66.250 27.250
66.500 27.250
66.500 27.000
Building 4 5 0.062
66.250 27.250
66.250 27.500
66.500 27.500
66.500 27.250
Building 4 5 0.062
66.250 27.500
66.250 27.750
66.500 27.750
66.500 27.500
Building 4 5 0.062
66.250 27.750
66.250 28.000
66.500 28.000
66.500 27.750
Building 4 5 0.062
66.250 28.000
66.250 28.250
66.500 28.250
66.500 28.000
Building 4 5 0.062
66.500 28.500
66.500 28.250
66.250 28.250
66.250 28.500
Building 4 5 0.062
66.250 31.500
66.250 31.750
66.500 31.750
66.500 31.500
Building 4 5 0.062
66.250 31.750
66.250 32.000
66.500 32.000
66.500 31.750
Building 4 5 0.062
66.250 32.000
66.250 32.250
66.500 32.250
66.500 32.000
Building 4 5 0.062
66.250 32.250
66.250 32.500
66.500 32.500
66.500 32.250
Building 4 5 0.062
66.250 32.500
66.250 32.750
66.500 32.750
66.500 32.500
Building 4 5 0.062
66.250 32.750
66.250 33.000
66.500 33.000
66.500 32.750
Building 4 5 0.062
66.250 33.000
66.250 33.250
66.500 33.250
66.500 33.000
Building 4 5 0.062
66.500 33.500
66.500 33.250
66.250 33.250
66.250 33.500
Building 4 5 0.062
66.500 26.500
66.500 26.750
66.750 26.750
66.750 26.500
Building 4 5 0.062
66.500 26.750
66.500 27.000
66.750 27.000
66.750 26.750
Building 4 5 0.062
66.500 27.000
66.500 27.250
66.750 27.250
66.750 27.000
Building 4 5 0.062
66.500 27.250
66.500 27.500
66.750 27.500
66.750 27.250
Building 4 5 0.062
66.500 27.500
66.500 27.750
66.750 27.750
66.750 27.500
Building 4 5 0.062
66.500 27.750
66.500 28.000
66.750 28.000
66.750 27.750
Building 4 5 0.062
66.500 28.000
66.500 28.250
66.750 28.250
66.750 28.000
Building 4 5 0.062
66.750 28.500
66.750 28.250
66.500 28.250
66.500 28.500
Building 4 5 0.062
66.500 31.500
66.500 31.750
66.750 31.750
66.750 31.500
Building 4 5 0.062
66.500 31.750
66.500 32.000
66.750 32.000
66.750 31.750
Building 4 5 0.062
66.500 32.000
66.500 32.250
66.750 32.250
66.750 32.000
Building 4 5 0.062
66.500 32.250
66.500 32.500
66.750 32.500
66.750 32.250
Building 4 5 0.062
66.500 32.500
66.500 32.750
66.750 32.750
66.750 32.500
Building 4 5 0.062
66.500 32.750
66.500 33.000
66.750 33.000
66.750 32.750
Building 4 5 0.062
66.500 33.000
66.500 33.250
66.750 33.250
66.750 33.000
Building 4 5 0.062
66.750 33.500
66.750 33.250
66.500 33.250
66.500 33.500
Building 4 5 0.062
66.750 26.500
66.750 26.750
67.000 26.750
67.000 26.500
Building 4 5 0.062
66.750 26.750
66.750 27.000
67.000 27.000
67.000 26.750
Building 4 5 0.062
66.750 27.000
66.750 27.250
67.000 27.250
67.000 27.000
Building 4 5 0.062
66.750 27.250
66.750 27.500
67.000 27.500
67.000 27.250
Building 4 5 0.062
66.750 27.500
66.750 27.750
67.000 27.750
67.000 27.500
Building 4 5 0.062
66.750 27.750
66.750 28.000
67.000 28.000
67.000 27.750
Building 4 5 0.062
66.750 28.000
66.750 28.250
67.000 28.250
67.000 28.000
Building 4 5 0.062
67.000 28.500
67.000 28.250
66.750 28.250
66.750 28.500
Building 4 5 0.062
66.750 31.500
66.750 31.750
67.000 31.750
67.000 31.500
Building 4 5 0.062
66.750 31.750
66.750 32.000
67.000 32.000
67.000 31.750
Building 4 5 0.062
66.750 32.000
66.750 32.250
67.000 32.250
67.000 32.000
Building 4 5 0.062
66.750 32.250
66.750 32.500
67.000 32.500
67.000 32.250
Building 4 5 0.062
66.750 32.500
66.750 32.750
67.000 32.750
67.000 32.500
Building 4 5 0.062
66.750 32.750
66.750 33.000
67.000 33.000
67.000 32.750
Building 4 5 0.062
66.750 33.000
66.750 33.250
67.000 33.250
67.000 33.000
Building 4 5 0.062
67.000 33.500
67.000 33.250
66.750 33.250
66.750 33.500
Building 4 5 0.062
67.000 26.500
67.000 26.750
67.250 26.750
67.250 26.500
Building 4 5 0.062
67.000 26.750
67.000 27.000
67.250 27.000
67.250 26.750
Building 4 5 0.062
67.000 27.000
67.000 27.250
67.250 27.250
67.250 27.000
Building 4 5 0.062
67.000 27.250
67.000 27.500
67.250 27.500
67.250 27.250
Building 4 5 0.062
67.000 27.500
67.000 27.750
67.250 27.750
67.250 27.500
Building 4 5 0.062
67.000 27.750
67.000 28.000
67.250 28.000
67.250 27.750
Building 4 5 0.062
67.000 28.000
67.000 28.250
67.250 28.250
67.250 28.000
Building 4 5 0.062
67.250 28.500
67.250 28.250
67.000 28.250
67.000 28.500
Building 4 5 0.062
67.000 31.500
67.000 31.750
67.250 31.750
67.250 31.500
Building 4 5 0.062
67.000 31.750
67.000 32.000
67.250 32.000
67.250 31.750
Building 4 5 0.062
67.000 32.000
67.000 32.250
67.250 32.250
67.250 32.000
Building 4 5 0.062
67.000 32.250
67.000 32.500
67.250 32.500
67.250 32.250
Building 4 5 0.062
67.000 32.500
67.000 32.750
67.250 32.750
67.250 32.500
Building 4 5 0.062
67.000 32.750
67.000 33.000
67.250 33.000
67.250 32.750
Building 4 5 0.062
67.000 33.000
67.000 33.250
67.250 33.250
67.250 33.000
Building 4 5 0.062
67.250 33.500
67.250 33.250
67.000 33.250
67.000 33.500
Building 4 5 0.062
67.250 26.500
67.250 26.750
67.500 26.750
67.500 26.500
Building 4 5 0.062
67.250 26.750
67.250 27.000
67.500 27.000
67.500 26.750
Building 4 5 0.062
67.250 27.000
67.250 27.250
67.500 27.250
67.500 27.000
Building 4 5 0.062
67.250 27.250
67.250 27.500
67.500 27.500
67.500 27.250
Building 4 5 0.062
67.250 27.500
67.250 27.750
67.500 27.750
67.500 27.500
Building 4 5 0.062
67.250 27.750
67.250 28.000
67.500 28.000
67.500 27.750
Building 4 5 0.062
67.250 28.000
67.250 28.250
67.500 28.250
67.500 28.000
Building 4 5 0.062
67.500 28.500
67.500 28.250
67.250 28.250
67.250 28.500
Building 4 5 0.062
67.250 31.500
67.250 31.750
67.500 31.750
67.500 31.500
Building 4 5 0.062
67.250 31.750
67.250 32.000
67.500 32.000
67.500 31.750
Building 4 5 0.062
67.250 32.000
67.250 32.250
67.500 32.250
67.500 32.000
Building 4 5 0.062
67.250 32.250
67.250 32.500
67.500 32.500
67.500 32.250
Building 4 5 0.062
67.250 32.500
67.250 32.750
67.500 32.750
67.500 32.500
Building 4 5 0.062
67.250 32.750
67.250 33.000
67.500 33.000
67.500 32.750
Building 4 5 0.062
67.250 33.000
67.250 33.250
67.500 33.250
67.500 33.000
Building 4 5 0.062
67.500 33.500
67.500 33.250
67.250 33.250
67.250 33.500
Building 4 5 0.062
67.500 26.500
67.500 26.750
67.750 26.750
67.750 26.500
Building 4 5 0.062
67.500 26.750
67.500 27.000
67.750 27.000
67.750 26.750
Building 4 5 0.062
67.500 27.000
67.500 27.250
67.750 27.250
67.750 27.000
Building 4 5 0.062
67.500 27.250
67.500 27.500
67.750 27.500
67.750 27.250
Building 4 5 0.062
67.500 27.500
67.500 27.750
67.750 27.750
67.750 27.500
Building 4 5 0.062
67.500 27.750
67.500 28.000
67.750 28.000
67.750 27.750
Building 4 5 0.062
67.500 28.000
67.500 28.250
67.750 28.250
67.750 28.000
Building 4 5 0.062
67.750 28.500
67.750 28.250
67.500 28.250
67.500 28.500
Building 4 5 0.062
67.500 31.500
67.500 31.750
67.750 31.750
67.750 31.500
Building 4 5 0.062
67.500 31.750
67.500 32.000
67.750 32.000
67.750 31.750
Building 4 5 0.062
67.500 32.000
67.500 32.250
67.750 32.250
67.750 32.000
Building 4 5 0.062
67.500 32.250
67.500 32.500
67.750 32.500
67.750 32.250
Building 4 5 0.062
67.500 32.500
67.500 32.750
67.750 32.750
67.750 32.500
Building 4 5 0.062
67.500 32.750
67.500 33.000
67.750 33.000
67.750 32.750
Building 4 5 0.062
67.500 33.000
67.500 33.250
67.750 33.250
67.750 33.000
Building 4 5 0.062
67.750 33.500
67.750 33.250
67.500 33.250
67.500 33.500
Building 4 5 0.062
67.750 26.500
67.750 26.750
68.000 26.750
68.000 26.500
Building 4 5 0.062
67.750 26.750
67.750 27.000
68.000 27.000
68.000 26.750
Building 4 5 0.062
67.750 27.000
67.750 27.250
68.000 27.250
68.000 27.000
Building 4 5 0.062
67.750 27.250
67.750 27.500
68.000 27.500
68.000 27.250
Building 4 5 0.062
67.750 27.500
67.750 27.750
68.000 27.750
68.000 27.500
Building 4 5 0.062
67.750 27.750
67.750 28.000
68.000 28.000
68.000 27.750
Building 4 5 0.062
67.750 28.000
67.750 28.250
68.000 28.250
68.000 28.000
Building 4 5 0.062
68.000 28.500
68.000 28.250
67.750 28.250
67.750 28.500
Building 4 5 0.062
67.750 31.500
67.750 31.750
68.000 31.750
68.000 31.500
Building 4 5 0.062
67.750 31.750
67.750 32.000
68.000 32.000
68.000 31.750
Building 4 5 0.062
67.750 32.000
67.750 32.250
68.000 32.250
68.000 32.000
Building 4 5 0.062
67.750 32.250
67.750 32.500
68.000 32.500
68.000 32.250
Building 4 5 0.062
67.750 32.500
67.750 32.750
68.000 32.750
68.000 32.500
Building 4 5 0.062
67.750 32.750
67.750 33.000
68.000 33.000
68.000 32.750
Building 4 5 0.062
67.750 33.000
67.750 33.250
68.000 33.250
68.000 33.000
Building 4 5 0.062
68.000 33.500
68.000 33.250
67.750 33.250
67.750 33.500
Building 4 5 0.062
68.000 26.500
68.000 26.750
68.250 26.750
68.250 26.500
Building 4 5 0.062
68.000 26.750
68.000 27.000
68.250 27.000
68.250 26.750
Building 4 5 0.062
68.000 27.000
68.000 27.250
68.250 27.250
68.250 27.000
Building 4 5 0.062
68.000 27.250
68.000 27.500
68.250 27.500
68.250 27.250
Building 4 5 0.062
68.000 27.500
68.000 27.750
68.250 27.750
68.250 27.500
Building 4 5 0.062
68.000 27.750
68.000 28.000
68.250 28.000
68.250 27.750
Building 4 5 0.062
68.000 28.000
68.000 28.250
68.250 28.250
68.250 28.000
Building 4 5 0.062
68.250 28.500
68.250 28.250
68.000 28.250
68.000 28.500
Building 4 5 0.062
68.000 31.500
68.000 31.750
68.250 31.750
68.250 31.500
Building 4 5 0.062
68.000 31.750
68.000 32.000
68.250 32.000
68.250 31.750
Building 4 5 0.062
68.000 32.000
68.000 32.250
68.250 32.250
68.250 32.000
Building 4 5 0.062
68.000 32.250
68.000 32.500
68.250 32.500
68.250 32.250
Building 4 5 0.062
68.000 32.500
68.000 32.750
68.250 32.750
68.250 32.500
Building 4 5 0.062
68.000 32.750
68.000 33.000
68.250 33.000
68.250 32.750
Building 4 5 0.062
68.000 33.000
68.000 33.250
68.250 33.250
68.250 33.000
Building 4 5 0.062
68.250 33.500
68.250 33.250
68.000 33.250
68.000 33.500
Building 4 5 0.062
68.250 26.500
68.250 26.750
68.500 26.750
68.500 26.500
Building 4 5 0.062
68.250 26.750
68.250 27.000
68.500 27.000
68.500 26.750
Building 4 5 0.062
68.250 27.000
68.250 27.250
68.500 27.250
68.500 27.000
Building 4 5 0.062
68.250 27.250
68.250 27.500
68.500 27.500
68.500 27.250
Building 4 5 0.062
68.250 27.500
68.250 27.750
68.500 27.750
68.500 27.500
Building 4 5 0.062
68.250 27.750
68.250 28.000
68.500 28.000
68.500 27.750
Building 4 5 0.062
68.250 28.000
68.250 28.250
68.500 28.250
68.500 28.000
Building 4 5 0.062
68.500 28.500
68.500 28.250
68.250 28.250
68.250 28.500
Building 4 5 0.062
68.250 31.500
68.250 31.750
68.500 31.750
68.500 31.500
Building 4 5 0.062
68.250 31.750
68.250 32.000
68.500 32.000
68.500 31.750
Building 4 5 0.062
68.250 32.000
68.250 32.250
68.500 32.250
68.500 32.000
Building 4 5 0.062
68.250 32.250
68.250 32.500
68.500 32.500
68.500 32.250
Building 4 5 0.062
68.250 32.500
68.250 32.750
68.500 32.750
68.500 32.500
Building 4 5 0.062
68.250 32.750
68.250 33.000
68.500 33.000
68.500 32.750
Building 4 5 0.062
68.250 33.000
68.250 33.250
68.500 33.250
68.500 33.000
Building 4 5 0.062
68.500 33.500
68.500 33.250
68.250 33.250
68.250 33.500
Building 4 5 0.062
68.500 26.500
68.500 26.750
68.750 26.750
68.750 26.500
Building 4 5 0.062
68.500 26.750
68.500 27.000
68.750 27.000
68.750 26.750
Building 4 5 0.062
68.500 27.000
68.500 27.250
68.750 27.250
68.750 27.000
Building 4 5 0.062
68.500 27.250
68.500 27.500
68.750 27.500
68.750 27.250
Building 4 5 0.062
68.500 27.500
68.500 27.750
68.750 27.750
68.750 27.500
Building 4 5 0.062
68.500 27.750
68.500 28.000
68.750 28.000
68.750 27.750
Building 4 5 0.062
68.500 28.000
68.500 28.250
68.750 28.250
68.750 28.000
Building 4 5 0.062
68.750 28.500
68.750 28.250
68.500 28.250
68.500 28.500
Building 4 5 0.062
68.500 31.500
68.500 31.750
68.750 31.750
68.750 31.500
Building 4 5 0.062
68.500 31.750
68.500 32.000
68.750 32.000
68.750 31.750
Building 4 5 0.062
68.500 32.000
68.500 32.250
68.750 32.250
68.750 32.000
Building 4 5 0.062
68.500 32.250
68.500 32.500
68.750 32.500
68.750 32.250
Building 4 5 0.062
68.500 32.500
68.500 32.750
68.750 32.750
68.750 32.500
Building 4 5 0.062
68.500 32.750
68.500 33.000
68.750 33.000
68.750 32.750
Building 4 5 0.062
68.500 33.000
68.500 33.250
68.750 33.250
68.750 33.000
Building 4 5 0.062
68.750 33.500
68.750 33.250
68.500 33.250
68.500 33.500
Building 4 5 0.062
68.750 26.500
68.750 26.750
69.000 26.750
69.000 26.500
Building 4 5 0.062
68.750 26.750
68.750 27.000
69.000 27.000
69.000 26.750
Building 4 5 0.062
68.750 27.000
68.750 27.250
69.000 27.250
69.000 27.000
Building 4 5 0.062
68.750 27.250
68.750 27.500
69.000 27.500
69.000 27.250
Building 4 5 0.062
68.750 27.500
68.750 27.750
69.000 27.750
69.000 27.500
Building 4 5 0.062
68.750 27.750
68.750 28.000
69.000 28.000
69.000 27.750
Building 4 5 0.062
68.750 28.000
68.750 28.250
69.000 28.250
69.000 28.000
Building 4 5 0.062
69.000 28.500
69.000 28.250
68.750 28.250
68.750 28.500
Building 4 5 0.062
68.750 31.500
68.750 31.750
69.000 31.750
69.000 31.500
Building 4 5 0.062
68.750 31.750
68.750 32.000
69.000 32.000
69.000 31.750
Building 4 5 0.062
68.750 32.000
68.750 32.250
69.000 32.250
69.000 32.000
Building 4 5 0.062
68.750 32.250
68.750 32.500
69.000 32.500
69.000 32.250
Building 4 5 0.062
68.750 32.500
68.750 32.750
69.000 32.750
69.000 32.500
Building 4 5 0.062
68.750 32.750
68.750 33.000
69.000 33.000
69.000 32.750
Building 4 5 0.062
68.750 33.000
68.750 33.250
69.000 33.250
69.000 33.000
Building 4 5 0.062
69.000 33.500
69.000 33.250
68.750 33.250
68.750 33.500
Building 4 5 0.062
69.000 26.500
69.000 26.750
69.250 26.750
69.250 26.500
Building 4 5 0.062
69.000 26.750
69.000 27.000
69.250 27.000
69.250 26.750
Building 4 5 0.062
69.000 27.000
69.000 27.250
69.250 27.250
69.250 27.000
Building 4 5 0.062
69.000 27.250
69.000 27.500
69.250 27.500
69.250 27.250
Building 4 5 0.062
69.000 27.500
69.000 27.750
69.250 27.750
69.250 27.500
Building 4 5 0.062
69.000 27.750
69.000 28.000
69.250 28.000
69.250 27.750
Building 4 5 0.062
69.000 28.000
69.000 28.250
69.250 28.250
69.250 28.000
Building 4 5 0.062
69.250 28.500
69.250 28.250
69.000 28.250
69.000 28.500
Building 4 5 0.062
69.000 31.500
69.000 31.750
69.250 31.750
69.250 31.500
Building 4 5 0.062
69.000 31.750
69.000 32.000
69.250 32.000
69.250 31.750
Building 4 5 0.062
69.000 32.000
69.000 32.250
69.250 32.250
69.250 32.000
Building 4 5 0.062
69.000 32.250
69.000 32.500
69.250 32.500
69.250 32.250
Building 4 5 0.062
69.000 32.500
69.000 32.750
69.250 32.750
69.250 32.500
Building 4 5 0.062
69.000 32.750
69.000 33.000
69.250 33.000
69.250 32.750
Building 4 5 0.062
69.000 33.000
69.000 33.250
69.250 33.250
69.250 33.000
Building 4 5 0.062
69.250 33.500
69.250 33.250
69.000 33.250
69.000 33.500
Building 4 5 0.062
69.250 26.500
69.250 26.750
69.500 26.750
69.500 26.500
Building 4 5 0.062
69.250 26.750
69.250 27.000
69.500 27.000
69.500 26.750
Building 4 5 0.062
69.250 27.000
69.250 27.250
69.500 27.250
69.500 27.000
Building 4 5 0.062
69.250 27.250
69.250 27.500
69.500 27.500
69.500 27.250
Building 4 5 0.062
69.250 27.500
69.250 27.750
69.500 27.750
69.500 27.500
Building 4 5 0.062
69.250 27.750
69.250 28.000
69.500 28.000
69.500 27.750
Building 4 5 0.062
69.250 28.000
69.250 28.250
69.500 28.250
69.500 28.000
Building 4 5 0.062
69.500 28.500
69.500 28.250
69.250 28.250
69.250 28.500
Building 4 5 0.062
69.250 31.500
69.250 31.750
69.500 31.750
69.500 31.500
Building 4 5 0.062
69.250 31.750
69.250 32.000
69.500 32.000
69.500 31.750
Building 4 5 0.062
69.250 32.000
69.250 32.250
69.500 32.250
69.500 32.000
Building 4 5 0.062
69.250 32.250
69.250 32.500
69.500 32.500
69.500 32.250
Building 4 5 0.062
69.250 32.500
69.250 32.750
69.500 32.750
69.500 32.500
Building 4 5 0.062
69.250 32.750
69.250 33.000
69.500 33.000
69.500 32.750
Building 4 5 0.062
69.250 33.000
69.250 33.250
69.500 33.250
69.500 33.000
Building 4 5 0.062
69.500 33.500
69.500 33.250
69.250 33.250
69.250 33.500
Building 4 5 0.062
69.500 26.500
69.500 26.750
69.750 26.750
69.750 26.500
Building 4 5 0.062
69.500 26.750
69.500 27.000
69.750 27.000
69.750 26.750
Building 4 5 0.062
69.500 27.000
69.500 27.250
69.750 27.250
69.750 27.000
Building 4 5 0.062
69.500 27.250
69.500 27.500
69.750 27.500
69.750 27.250
Building 4 5 0.062
69.500 27.500
69.500 27.750
69.750 27.750
69.750 27.500
Building 4 5 0.062
69.500 27.750
69.500 28.000
69.750 28.000
69.750 27.750
Building 4 5 0.062
69.500 28.000
69.500 28.250
69.750 28.250
69.750 28.000
Building 4 5 0.062
69.750 28.500
69.750 28.250
69.500 28.250
69.500 28.500
Building 4 5 0.062
69.500 31.500
69.500 31.750
69.750 31.750
69.750 31.500
Building 4 5 0.062
69.500 31.750
69.500 32.000
69.750 32.000
69.750 31.750
Building 4 5 0.062
69.500 32.000
69.500 32.250
69.750 32.250
69.750 32.000
Building 4 5 0.062
69.500 32.250
69.500 32.500
69.750 32.500
69.750 32.250
Building 4 5 0.062
69.500 32.500
69.500 32.750
69.750 32.750
69.750 32.500
Building 4 5 0.062
69.500 32.750
69.500 33.000
69.750 33.000
69.750 32.750
Building 4 5 0.062
69.500 33.000
69.500 33.250
69.750 33.250
69.750 33.000
Building 4 5 0.062
69.750 33.500
69.750 33.250
69.500 33.250
69.500 33.500
Building 4 5 0.062
69.750 26.500
69.750 26.750
70.000 26.750
70.000 26.500
Building 4 5 0.062
69.750 26.750
69.750 27.000
70.000 27.000
70.000 26.750
Building 4 5 0.062
69.750 27.000
69.750 27.250
70.000 27.250
70.000 27.000
Building 4 5 0.062
69.750 27.250
69.750 27.500
70.000 27.500
70.000 27.250
Building 4 5 0.062
69.750 27.500
69.750 27.750
70.000 27.750
70.000 27.500
Building 4 5 0.062
69.750 27.750
69.750 28.000
70.000 28.000
70.000 27.750
Building 4 5 0.062
69.750 28.000
69.750 28.250
70.000 28.250
70.000 28.000
Building 4 5 0.062
70.000 28.500
70.000 28.250
69.750 28.250
69.750 28.500
Building 4 5 0.062
69.750 31.500
69.750 31.750
70.000 31.750
70.000 31.500
Building 4 5 0.062
69.750 31.750
69.750 32.000
70.000 32.000
70.000 31.750
Building 4 5 0.062
69.750 32.000
69.750 32.250
70.000 32.250
70.000 32.000
Building 4 5 0.062
69.750 32.250
69.750 32.500
70.000 32.500
70.000 32.250
Building 4 5 0.062
69.750 32.500
69.750 32.750
70.000 32.750
70.000 32.500
Building 4 5 0.062
69.750 32.750
69.750 33.000
70.000 33.000
70.000 32.750
Building 4 5 0.062
69.750 33.000
69.750 33.250
70.000 33.250
70.000 33.000
Building 4 5 0.062
70.000 33.500
70.000 33.250
69.750 33.250
69.750 33.500
Building 4 5 0.062
70.000 26.500
70.000 26.750
70.250 26.750
70.250 26.500
Building 4 5 0.062
70.000 26.750
70.000 27.000
70.250 27.000
70.250 26.750
Building 4 5 0.062
70.000 27.000
70.000 27.250
70.250 27.250
70.250 27.000
Building 4 5 0.062
70.000 27.250
70.000 27.500
70.250 27.500
70.250 27.250
Building 4 5 0.062
70.000 27.500
70.000 27.750
70.250 27.750
70.250 27.500
Building 4 5 0.062
70.000 27.750
70.000 28.000
70.250 28.000
70.250 27.750
Building 4 5 0.062
70.000 28.000
70.000 28.250
70.250 28.250
70.250 28.000
Building 4 5 0.062
70.250 28.500
70.250 28.250
70.000 28.250
70.000 28.500
Building 4 5 0.062
70.000 31.500
70.000 31.750
70.250 31.750
70.250 31.500
Building 4 5 0.062
70.000 31.750
70.000 32.000
70.250 32.000
70.250 31.750
Building 4 5 0.062
70.000 32.000
70.000 32.250
70.250 32.250
70.250 32.000
Building 4 5 0.062
70.000 32.250
70.000 32.500
70.250 32.500
70.250 32.250
Building 4 5 0.062
70.000 32.500
70.000 32.750
70.250 32.750
70.250 32.500
Building 4 5 0.062
70.000 32.750
70.000 33.000
70.250 33.000
70.250 32.750
Building 4 5 0.062
70.000 33.000
70.000 33.250
70.250 33.250
70.250 33.000
Building 4 5 0.062
70.250 33.500
70.250 33.250
70.000 33.250
70.000 33.500
Building 4 5 0.062
70.250 26.500
70.250 26.750
70.500 26.750
70.500 26.500
Building 4 5 0.062
70.250 26.750
70.250 27.000
70.500 27.000
70.500 26.750
Building 4 5 0.062
70.250 27.000
70.250 27.250
70.500 27.250
70.500 27.000
Building 4 5 0.062
70.250 27.250
70.250 27.500
70.500 27.500
70.500 27.250
Building 4 5 0.062
70.250 27.500
70.250 27.750
70.500 27.750
70.500 27.500
Building 4 5 0.062
70.250 27.750
70.250 28.000
70.500 28.000
70.500 27.750
Building 4 5 0.062
70.250 28.000
70.250 28.250
70.500 28.250
70.500 28.000
Building 4 5 0.062
70.500 28.500
70.500 28.250
70.250 28.250
70.250 28.500
Building 4 5 0.062
70.250 31.500
70.250 31.750
70.500 31.750
70.500 31.500
Building 4 5 0.062
70.250 31.750
70.250 32.000
70.500 32.000
70.500 31.750
Building 4 5 0.062
70.250 32.000
70.250 32.250
70.500 32.250
70.500 32.000
Building 4 5 0.062
70.250 32.250
70.250 32.500
70.500 32.500
70.500 32.250
Building 4 5 0.062
70.250 32.500
70.250 32.750
70.500 32.750
70.500 32.500
Building 4 5 0.062
70.250 32.750
70.250 33.000
70.500 33.000
70.500 32.750
Building 4 5 0.062
70.250 33.000
70.250 33.250
70.500 33.250
70.500 33.000
Building 4 5 0.062
70.500 33.500
70.500 33.250
70.250 33.250
70.250 33.500
Building 4 5 0.062
70.500 26.500
70.500 26.750
70.750 26.750
70.750 26.500
Building 4 5 0.062
70.500 26.750
70.500 27.000
70.750 27.000
70.750 26.750
Building 4 5 0.062
70.500 27.000
70.500 27.250
70.750 27.250
70.750 27.000
Building 4 5 0.062
70.500 27.250
70.500 27.500
70.750 27.500
70.750 27.250
Building 4 5 0.062
70.500 27.500
70.500 27.750
70.750 27.750
70.750 27.500
Building 4 5 0.062
70.500 27.750
70.500 28.000
70.750 28.000
70.750 27.750
Building 4 5 0.062
70.500 28.000
70.500 28.250
70.750 28.250
70.750 28.000
Building 4 5 0.062
70.750 28.500
70.750 28.250
70.500 28.250
70.500 28.500
Building 4 5 0.062
70.500 31.500
70.500 31.750
70.750 31.750
70.750 31.500
Building 4 5 0.062
70.500 31.750
70.500 32.000
70.750 32.000
70.750 31.750
Building 4 5 0.062
70.500 32.000
70.500 32.250
70.750 32.250
70.750 32.000
Building 4 5 0.062
70.500 32.250
70.500 32.500
70.750 32.500
70.750 32.250
Building 4 5 0.062
70.500 32.500
70.500 32.750
70.750 32.750
70.750 32.500
Building 4 5 0.062
70.500 32.750
70.500 33.000
70.750 33.000
70.750 32.750
Building 4 5 0.062
70.500 33.000
70.500 33.250
70.750 33.250
70.750 33.000
Building 4 5 0.062
70.750 33.500
70.750 33.250
70.500 33.250
70.500 33.500
Building 4 5 0.062
70.750 26.500
70.750 26.750
71.000 26.750
71.000 26.500
Building 4 5 0.062
70.750 26.750
70.750 27.000
71.000 27.000
71.000 26.750
Building 4 5 0.062
70.750 27.000
70.750 27.250
71.000 27.250
71.000 27.000
Building 4 5 0.062
70.750 27.250
70.750 27.500
71.000 27.500
71.000 27.250
Building 4 5 0.062
70.750 27.500
70.750 27.750
71.000 27.750
71.000 27.500
Building 4 5 0.062
70.750 27.750
70.750 28.000
71.000 28.000
71.000 27.750
Building 4 5 0.062
70.750 28.000
70.750 28.250
71.000 28.250
71.000 28.000
Building 4 5 0.062
71.000 28.500
71.000 28.250
70.750 28.250
70.750 28.500
Building 4 5 0.062
70.750 31.500
70.750 31.750
71.000 31.750
71.000 31.500
Building 4 5 0.062
70.750 31.750
70.750 32.000
71.000 32.000
71.000 31.750
Building 4 5 0.062
70.750 32.000
70.750 32.250
71.000 32.250
71.000 32.000
Building 4 5 0.062
70.750 32.250
70.750 32.500
71.000 32.500
71.000 32.250
Building 4 5 0.062
70.750 32.500
70.750 32.750
71.000 32.750
71.000 32.500
Building 4 5 0.062
70.750 32.750
70.750 33.000
71.000 33.000
71.000 32.750
Building 4 5 0.062
70.750 33.000
70.750 33.250
71.000 33.250
71.000 33.000
Building 4 5 0.062
71.000 33.500
71.000 33.250
70.750 33.250
70.750 33.500
Building 4 5 0.062
71.000 26.500
71.000 26.750
71.250 26.750
71.250 26.500
Building 4 5 0.062
71.000 26.750
71.000 27.000
71.250 27.000
71.250 26.750
Building 4 5 0.062
71.000 27.000
71.000 27.250
71.250 27.250
71.250 27.000
Building 4 5 0.062
71.000 27.250
71.000 27.500
71.250 27.500
71.250 27.250
Building 4 5 0.062
71.000 27.500
71.000 27.750
71.250 27.750
71.250 27.500
Building 4 5 0.062
71.000 27.750
71.000 28.000
71.250 28.000
71.250 27.750
Building 4 5 0.062
71.000 28.000
71.000 28.250
71.250 28.250
71.250 28.000
Building 4 5 0.062
71.250 28.500
71.250 28.250
71.000 28.250
71.000 28.500
Building 4 5 0.062
71.000 31.500
71.000 31.750
71.250 31.750
71.250 31.500
Building 4 5 0.062
71.000 31.750
71.000 32.000
71.250 32.000
71.250 31.750
Building 4 5 0.062
71.000 32.000
71.000 32.250
71.250 32.250
71.250 32.000
Building 4 5 0.062
71.000 32.250
71.000 32.500
71.250 32.500
71.250 32.250
Building 4 5 0.062
71.000 32.500
71.000 32.750
71.250 32.750
71.250 32.500
Building 4 5 0.062
71.000 32.750
71.000 33.000
71.250 33.000
71.250 32.750
Building 4 5 0.062
71.000 33.000
71.000 33.250
71.250 33.250
71.250 33.000
Building 4 5 0.062
71.250 33.500
71.250 33.250
71.000 33.250
71.000 33.500
Building 4 5 0.062
71.250 26.500
71.250 26.750
71.500 26.750
71.500 26.500
Building 4 5 0.062
71.250 26.750
71.250 27.000
71.500 27.000
71.500 26.750
Building 4 5 0.062
71.250 27.000
71.250 27.250
71.500 27.250
71.500 27.000
Building 4 5 0.062
71.250 27.250
71.250 27.500
71.500 27.500
71.500 27.250
Building 4 5 0.062
71.250 27.500
71.250 27.750
71.500 27.750
71.500 27.500
Building 4 5 0.062
71.250 27.750
71.250 28.000
71.500 28.000
71.500 27.750
Building 4 5 0.062
71.250 28.000
71.250 28.250
71.500 28.250
71.500 28.000
Building 4 5 0.062
71.500 28.500
71.500 28.250
71.250 28.250
71.250 28.500
Building 4 5 0.062
71.250 31.500
71.250 31.750
71.500 31.750
71.500 31.500
Building 4 5 0.062
71.250 31.750
71.250 32.000
71.500 32.000
71.500 31.750
Building 4 5 0.062
71.250 32.000
71.250 32.250
71.500 32.250
71.500 32.000
Building 4 5 0.062
71.250 32.250
71.250 32.500
71.500 32.500
71.500 32.250
Building 4 5 0.062
71.250 32.500
71.250 32.750
71.500 32.750
71.500 32.500
Building 4 5 0.062
71.250 32.750
71.250 33.000
71.500 33.000
71.500 32.750
Building 4 5 0.062
71.250 33.000
71.250 33.250
71.500 33.250
71.500 33.000
Building 4 5 0.062
71.500 33.500
71.500 33.250
71.250 33.250
71.250 33.500
Building 4 5 0.062
71.500 26.500
71.500 26.750
71.750 26.750
71.750 26.500
Building 4 5 0.062
71.500 26.750
71.500 27.000
71.750 27.000
71.750 26.750
Building 4 5 0.062
71.500 27.000
71.500 27.250
71.750 27.250
71.750 27.000
Building 4 5 0.062
71.500 27.250
71.500 27.500
71.750 27.500
71.750 27.250
Building 4 5 0.062
71.500 27.500
71.500 27.750
71.750 27.750
71.750 27.500
Building 4 5 0.062
71.500 27.750
71.500 28.000
71.750 28.000
71.750 27.750
Building 4 5 0.062
71.500 28.000
71.500 28.250
71.750 28.250
71.750 28.000
Building 4 5 0.062
71.750 28.500
71.750 28.250
71.500 28.250
71.500 28.500
Building 4 5 0.062
71.500 31.500
71.500 31.750
71.750 31.750
71.750 31.500
Building 4 5 0.062
71.500 31.750
71.500 32.000
71.750 32.000
71.750 31.750
Building 4 5 0.062
71.500 32.000
71.500 32.250
71.750 32.250
71.750 32.000
Building 4 5 0.062
71.500 32.250
71.500 32.500
71.750 32.500
71.750 32.250
Building 4 5 0.062
71.500 32.500
71.500 32.750
71.750 32.750
71.750 32.500
Building 4 5 0.062
71.500 32.750
71.500 33.000
71.750 33.000
71.750 32.750
Building 4 5 0.062
71.500 33.000
71.500 33.250
71.750 33.250
71.750 33.000
Building 4 5 0.062
71.750 33.500
71.750 33.250
71.500 33.250
71.500 33.500
Building 4 5 0.062
71.750 26.500
71.750 26.750
72.000 26.750
72.000 26.500
Building 4 5 0.062
71.750 26.750
71.750 27.000
72.000 27.000
72.000 26.750
Building 4 5 0.062
71.750 27.000
71.750 27.250
72.000 27.250
72.000 27.000
Building 4 5 0.062
71.750 27.250
71.750 27.500
72.000 27.500
72.000 27.250
Building 4 5 0.062
71.750 27.500
71.750 27.750
72.000 27.750
72.000 27.500
Building 4 5 0.062
71.750 27.750
71.750 28.000
72.000 28.000
72.000 27.750
Building 4 5 0.062
71.750 28.000
71.750 28.250
72.000 28.250
72.000 28.000
Building 4 5 0.062
72.000 28.500
72.000 28.250
71.750 28.250
71.750 28.500
Building 4 5 0.062
71.750 31.500
71.750 31.750
72.000 31.750
72.000 31.500
Building 4 5 0.062
71.750 31.750
71.750 32.000
72.000 32.000
72.000 31.750
Building 4 5 0.062
71.750 32.000
71.750 32.250
72.000 32.250
72.000 32.000
Building 4 5 0.062
71.750 32.250
71.750 32.500
72.000 32.500
72.000 32.250
Building 4 5 0.062
71.750 32.500
71.750 32.750
72.000 32.750
72.000 32.500
Building 4 5 0.062
71.750 32.750
71.750 33.000
72.000 33.000
72.000 32.750
Building 4 5 0.062
71.750 33.000
71.750 33.250
72.000 33.250
72.000 33.000
Building 4 5 0.062
72.000 33.500
72.000 33.250
71.750 33.250
71.750 33.500
Building 4 5 0.062
72.000 26.500
72.000 26.750
72.250 26.750
72.250 26.500
Building 4 5 0.062
72.000 26.750
72.000 27.000
72.250 27.000
72.250 26.750
Building 4 5 0.062
72.000 27.000
72.000 27.250
72.250 27.250
72.250 27.000
Building 4 5 0.062
72.000 27.250
72.000 27.500
72.250 27.500
72.250 27.250
Building 4 5 0.062
72.000 27.500
72.000 27.750
72.250 27.750
72.250 27.500
Building 4 5 0.062
72.000 27.750
72.000 28.000
72.250 28.000
72.250 27.750
Building 4 5 0.062
72.000 28.000
72.000 28.250
72.250 28.250
72.250 28.000
Building 4 5 0.062
72.250 28.500
72.250 28.250
72.000 28.250
72.000 28.500
Building 4 5 0.062
72.000 31.500
72.000 31.750
72.250 31.750
72.250 31.500
Building 4 5 0.062
72.000 31.750
72.000 32.000
72.250 32.000
72.250 31.750
Building 4 5 0.062
72.000 32.000
72.000 32.250
72.250 32.250
72.250 32.000
Building 4 5 0.062
72.000 32.250
72.000 32.500
72.250 32.500
72.250 32.250
Building 4 5 0.062
72.000 32.500
72.000 32.750
72.250 32.750
72.250 32.500
Building 4 5 0.062
72.000 32.750
72.000 33.000
72.250 33.000
72.250 32.750
Building 4 5 0.062
72.000 33.000
72.000 33.250
72.250 33.250
72.250 33.000
Building 4 5 0.062
72.250 33.500
72.250 33.250
72.000 33.250
72.000 33.500
Building 4 5 0.062
72.250 26.500
72.250 26.750
72.500 26.750
72.500 26.500
Building 4 5 0.062
72.250 26.750
72.250 27.000
72.500 27.000
72.500 26.750
Building 4 5 0.062
72.250 27.000
72.250 27.250
72.500 27.250
72.500 27.000
Building 4 5 0.062
72.250 27.250
72.250 27.500
72.500 27.500
72.500 27.250
Building 4 5 0.062
72.250 27.500
72.250 27.750
72.500 27.750
72.500 27.500
Building 4 5 0.062
72.250 27.750
72.250 28.000
72.500 28.000
72.500 27.750
Building 4 5 0.062
72.250 28.000
72.250 28.250
72.500 28.250
72.500 28.000
Building 4 5 0.062
72.500 28.500
72.500 28.250
72.250 28.250
72.250 28.500
Building 4 5 0.062
72.250 31.500
72.250 31.750
72.500 31.750
72.500 31.500
Building 4 5 0.062
72.250 31.750
72.250 32.000
72.500 32.000
72.500 31.750
Building 4 5 0.062
72.250 32.000
72.250 32.250
72.500 32.250
72.500 32.000
Building 4 5 0.062
72.250 32.250
72.250 32.500
72.500 32.500
72.500 32.250
Building 4 5 0.062
72.250 32.500
72.250 32.750
72.500 32.750
72.500 32.500
Building 4 5 0.062
72.250 32.750
72.250 33.000
72.500 33.000
72.500 32.750
Building 4 5 0.062
72.250 33.000
72.250 33.250
72.500 33.250
72.500 33.000
Building 4 5 0.062
72.500 33.500
72.500 33.250
72.250 33.250
72.250 33.500
Building 4 5 0.062
72.500 26.500
72.500 26.750
72.750 26.750
72.750 26.500
Building 4 5 0.062
72.500 26.750
72.500 27.000
72.750 27.000
72.750 26.750
Building 4 5 0.062
72.500 27.000
72.500 27.250
72.750 27.250
72.750 27.000
Building 4 5 0.062
72.500 27.250
72.500 27.500
72.750 27.500
72.750 27.250
Building 4 5 0.062
72.500 27.500
72.500 27.750
72.750 27.750
72.750 27.500
Building 4 5 0.062
72.500 27.750
72.500 28.000
72.750 28.000
72.750 27.750
Building 4 5 0.062
72.500 28.000
72.500 28.250
72.750 28.250
72.750 28.000
Building 4 5 0.062
72.750 28.500
72.750 28.250
72.500 28.250
72.500 28.500
Building 4 5 0.062
72.500 31.500
72.500 31.750
72.750 31.750
72.750 31.500
Building 4 5 0.062
72.500 31.750
72.500 32.000
72.750 32.000
72.750 31.750
Building 4 5 0.062
72.500 32.000
72.500 32.250
72.750 32.250
72.750 32.000
Building 4 5 0.062
72.500 32.250
72.500 32.500
72.750 32.500
72.750 32.250
Building 4 5 0.062
72.500 32.500
72.500 32.750
72.750 32.750
72.750 32.500
Building 4 5 0.062
72.500 32.750
72.500 33.000
72.750 33.000
72.750 32.750
Building 4 5 0.062
72.500 33.000
72.500 33.250
72.750 33.250
72.750 33.000
Building 4 5 0.062
72.750 33.500
72.750 33.250
72.500 33.250
72.500 33.500
Building 4 5 0.062
72.750 26.500
72.750 26.750
73.000 26.750
73.000 26.500
Building 4 5 0.062
72.750 26.750
72.750 27.000
73.000 27.000
73.000 26.750
Building 4 5 0.062
72.750 27.000
72.750 27.250
73.000 27.250
73.000 27.000
Building 4 5 0.062
72.750 27.250
72.750 27.500
73.000 27.500
73.000 27.250
Building 4 5 0.062
72.750 27.500
72.750 27.750
73.000 27.750
73.000 27.500
Building 4 5 0.062
72.750 27.750
72.750 28.000
73.000 28.000
73.000 27.750
Building 4 5 0.062
72.750 28.000
72.750 28.250
73.000 28.250
73.000 28.000
Building 4 5 0.062
73.000 28.500
73.000 28.250
72.750 28.250
72.750 28.500
Building 4 5 0.062
72.750 31.500
72.750 31.750
73.000 31.750
73.000 31.500
Building 4 5 0.062
72.750 31.750
72.750 32.000
73.000 32.000
73.000 31.750
Building 4 5 0.062
72.750 32.000
72.750 32.250
73.000 32.250
73.000 32.000
Building 4 5 0.062
72.750 32.250
72.750 32.500
73.000 32.500
73.000 32.250
Building 4 5 0.062
72.750 32.500
72.750 32.750
73.000 32.750
73.000 32.500
Building 4 5 0.062
72.750 32.750
72.750 33.000
73.000 33.000
73.000 32.750
Building 4 5 0.062
72.750 33.000
72.750 33.250
73.000 33.250
73.000 33.000
Building 4 5 0.062
73.000 33.500
73.000 33.250
72.750 33.250
72.750 33.500
Building 4 5 0.062
73.000 26.500
73.000 26.750
73.250 26.750
73.250 26.500
Building 4 5 0.062
73.000 26.750
73.000 27.000
73.250 27.000
73.250 26.750
Building 4 5 0.062
73.000 27.000
73.000 27.250
73.250 27.250
73.250 27.000
Building 4 5 0.062
73.000 27.250
73.000 27.500
73.250 27.500
73.250 27.250
Building 4 5 0.062
73.000 27.500
73.000 27.750
73.250 27.750
73.250 27.500
Building 4 5 0.062
73.000 27.750
73.000 28.000
73.250 28.000
73.250 27.750
Building 4 5 0.062
73.000 28.000
73.000 28.250
73.250 28.250
73.250 28.000
Building 4 5 0.062
73.250 28.500
73.250 28.250
73.000 28.250
73.000 28.500
Building 4 5 0.062
73.000 31.500
73.000 31.750
73.250 31.750
73.250 31.500
Building 4 5 0.062
73.000 31.750
73.000 32.000
73.250 32.000
73.250 31.750
Building 4 5 0.062
73.000 32.000
73.000 32.250
73.250 32.250
73.250 32.000
Building 4 5 0.062
73.000 32.250
73.000 32.500
73.250 32.500
73.250 32.250
Building 4 5 0.062
73.000 32.500
73.000 32.750
73.250 32.750
73.250 32.500
Building 4 5 0.062
73.000 32.750
73.000 33.000
73.250 33.000
73.250 32.750
Building 4 5 0.062
73.000 33.000
73.000 33.250
73.250 33.250
73.250 33.000
Building 4 5 0.062
73.250 33.500
73.250 33.250
73.000 33.250
73.000 33.500
Building 4 5 0.062
73.250 26.500
73.250 26.750
73.500 26.750
73.500 26.500
Building 4 5 0.062
73.250 26.750
73.250 27.000
73.500 27.000
73.500 26.750
Building 4 5 0.062
73.250 27.000
73.250 27.250
73.500 27.250
73.500 27.000
Building 4 5 0.062
73.250 27.250
73.250 27.500
73.500 27.500
73.500 27.250
Building 4 5 0.062
73.250 27.500
73.250 27.750
73.500 27.750
73.500 27.500
Building 4 5 0.062
73.250 27.750
73.250 28.000
73.500 28.000
73.500 27.750
Building 4 5 0.062
73.250 28.000
73.250 28.250
73.500 28.250
73.500 28.000
Building 4 5 0.062
73.500 28.500
73.500 28.250
73.250 28.250
73.250 28.500
Building 4 5 0.062
73.250 31.500
73.250 31.750
73.500 31.750
73.500 31.500
Building 4 5 0.062
73.250 31.750
73.250 32.000
73.500 32.000
73.500 31.750
Building 4 5 0.062
73.250 32.000
73.250 32.250
73.500 32.250
73.500 32.000
Building 4 5 0.062
73.250 32.250
73.250 32.500
73.500 32.500
73.500 32.250
Building 4 5 0.062
73.250 32.500
73.250 32.750
73.500 32.750
73.500 32.500
Building 4 5 0.062
73.250 32.750
73.250 33.000
73.500 33.000
73.500 32.750
Building 4 5 0.062
73.250 33.000
73.250 33.250
73.500 33.250
73.500 33.000
Building 4 5 0.062
73.500 33.500
73.500 33.250
73.250 33.250
73.250 33.500
Building 4 5 0.062
73.500 26.500
73.500 26.750
73.750 26.750
73.750 26.500
Building 4 5 0.062
73.500 26.750
73.500 27.000
73.750 27.000
73.750 26.750
Building 4 5 0.062
73.500 27.000
73.500 27.250
73.750 27.250
73.750 27.000
Building 4 5 0.062
73.500 27.250
73.500 27.500
73.750 27.500
73.750 27.250
Building 4 5 0.062
73.500 27.500
73.500 27.750
73.750 27.750
73.750 27.500
Building 4 5 0.062
73.500 27.750
73.500 28.000
73.750 28.000
73.750 27.750
Building 4 5 0.062
73.500 28.000
73.500 28.250
73.750 28.250
73.750 28.000
Building 4 5 0.062
73.750 28.500
73.750 28.250
73.500 28.250
73.500 28.500
Building 4 5 0.062
73.500 31.500
73.500 31.750
73.750 31.750
73.750 31.500
Building 4 5 0.062
73.500 31.750
73.500 32.000
73.750 32.000
73.750 31.750
Building 4 5 0.062
73.500 32.000
73.500 32.250
73.750 32.250
73.750 32.000
Building 4 5 0.062
73.500 32.250
73.500 32.500
73.750 32.500
73.750 32.250
Building 4 5 0.062
73.500 32.500
73.500 32.750
73.750 32.750
73.750 32.500
Building 4 5 0.062
73.500 32.750
73.500 33.000
73.750 33.000
73.750 32.750
Building 4 5 0.062
73.500 33.000
73.500 33.250
73.750 33.250
73.750 33.000
Building 4 5 0.062
73.750 33.500
73.750 33.250
73.500 33.250
73.500 33.500
Building 4 5 0.062
73.750 26.500
73.750 26.750
74.000 26.750
74.000 26.500
Building 4 5 0.062
73.750 26.750
73.750 27.000
74.000 27.000
74.000 26.750
Building 4 5 0.062
73.750 27.000
73.750 27.250
74.000 27.250
74.000 27.000
Building 4 5 0.062
73.750 27.250
73.750 27.500
74.000 27.500
74.000 27.250
Building 4 5 0.062
73.750 27.500
73.750 27.750
74.000 27.750
74.000 27.500
Building 4 5 0.062
73.750 27.750
73.750 28.000
74.000 28.000
74.000 27.750
Building 4 5 0.062
73.750 28.000
73.750 28.250
74.000 28.250
74.000 28.000
Building 4 5 0.062
74.000 28.500
74.000 28.250
73.750 28.250
73.750 28.500
Building 4 5 0.062
73.750 31.500
73.750 31.750
74.000 31.750
74.000 31.500
Building 4 5 0.062
73.750 31.750
73.750 32.000
74.000 32.000
74.000 31.750
Building 4 5 0.062
73.750 32.000
73.750 32.250
74.000 32.250
74.000 32.000
Building 4 5 0.062
73.750 32.250
73.750 32.500
74.000 32.500
74.000 32.250
Building 4 5 0.062
73.750 32.500
73.750 32.750
74.000 32.750
74.000 32.500
Building 4 5 0.062
73.750 32.750
73.750 33.000
74.000 33.000
74.000 32.750
Building 4 5 0.062
73.750 33.000
73.750 33.250
74.000 33.250
74.000 33.000
Building 4 5 0.062
74.000 33.500
74.000 33.250
73.750 33.250
73.750 33.500
Building 4 5 0.062
74.000 26.500
74.000 26.750
74.250 26.750
74.250 26.500
Building 4 5 0.062
74.000 26.750
74.000 27.000
74.250 27.000
74.250 26.750
Building 4 5 0.062
74.000 27.000
74.000 27.250
74.250 27.250
74.250 27.000
Building 4 5 0.062
74.000 27.250
74.000 27.500
74.250 27.500
74.250 27.250
Building 4 5 0.062
74.000 27.500
74.000 27.750
74.250 27.750
74.250 27.500
Building 4 5 0.062
74.000 27.750
74.000 28.000
74.250 28.000
74.250 27.750
Building 4 5 0.062
74.000 28.000
74.000 28.250
74.250 28.250
74.250 28.000
Building 4 5 0.062
74.250 28.500
74.250 28.250
74.000 28.250
74.000 28.500
Building 4 5 0.062
74.000 31.500
74.000 31.750
74.250 31.750
74.250 31.500
Building 4 5 0.062
74.000 31.750
74.000 32.000
74.250 32.000
74.250 31.750
Building 4 5 0.062
74.000 32.000
74.000 32.250
74.250 32.250
74.250 32.000
Building 4 5 0.062
74.000 32.250
74.000 32.500
74.250 32.500
74.250 32.250
Building 4 5 0.062
74.000 32.500
74.000 32.750
74.250 32.750
74.250 32.500
Building 4 5 0.062
74.000 32.750
74.000 33.000
74.250 33.000
74.250 32.750
Building 4 5 0.062
74.000 33.000
74.000 33.250
74.250 33.250
74.250 33.000
Building 4 5 0.062
74.250 33.500
74.250 33.250
74.000 33.250
74.000 33.500
Building 4 5 0.062
74.250 26.500
74.250 26.750
74.500 26.750
74.500 26.500
Building 4 5 0.062
74.250 26.750
74.250 27.000
74.500 27.000
74.500 26.750
Building 4 5 0.062
74.250 27.000
74.250 27.250
74.500 27.250
74.500 27.000
Building 4 5 0.062
74.250 27.250
74.250 27.500
74.500 27.500
74.500 27.250
Building 4 5 0.062
74.250 27.500
74.250 27.750
74.500 27.750
74.500 27.500
Building 4 5 0.062
74.250 27.750
74.250 28.000
74.500 28.000
74.500 27.750
Building 4 5 0.062
74.250 28.000
74.250 28.250
74.500 28.250
74.500 28.000
Building 4 5 0.062
74.500 28.500
74.500 28.250
74.250 28.250
74.250 28.500
Building 4 5 0.062
74.250 31.500
74.250 31.750
74.500 31.750
74.500 31.500
Building 4 5 0.062
74.250 31.750
74.250 32.000
74.500 32.000
74.500 31.750
Building 4 5 0.062
74.250 32.000
74.250 32.250
74.500 32.250
74.500 32.000
Building 4 5 0.062
74.250 32.250
74.250 32.500
74.500 32.500
74.500 32.250
Building 4 5 0.062
74.250 32.500
74.250 32.750
74.500 32.750
74.500 32.500
Building 4 5 0.062
74.250 32.750
74.250 33.000
74.500 33.000
74.500 32.750
Building 4 5 0.062
74.250 33.000
74.250 33.250
74.500 33.250
74.500 33.000
Building 4 5 0.062
74.500 33.500
74.500 33.250
74.250 33.250
74.250 33.500
Building 4 5 0.062
74.500 26.500
74.500 26.750
74.750 26.750
74.750 26.500
Building 4 5 0.062
74.500 26.750
74.500 27.000
74.750 27.000
74.750 26.750
Building 4 5 0.062
74.500 27.000
74.500 27.250
74.750 27.250
74.750 27.000
Building 4 5 0.062
74.500 27.250
74.500 27.500
74.750 27.500
74.750 27.250
Building 4 5 0.062
74.500 27.500
74.500 27.750
74.750 27.750
74.750 27.500
Building 4 5 0.062
74.500 27.750
74.500 28.000
74.750 28.000
74.750 27.750
Building 4 5 0.062
74.500 28.000
74.500 28.250
74.750 28.250
74.750 28.000
Building 4 5 0.062
74.750 28.500
74.750 28.250
74.500 28.250
74.500 28.500
Building 4 5 0.062
74.500 31.500
74.500 31.750
74.750 31.750
74.750 31.500
Building 4 5 0.062
74.500 31.750
74.500 32.000
74.750 32.000
74.750 31.750
Building 4 5 0.062
74.500 32.000
74.500 32.250
74.750 32.250
74.750 32.000
Building 4 5 0.062
74.500 32.250
74.500 32.500
74.750 32.500
74.750 32.250
Building 4 5 0.062
74.500 32.500
74.500 32.750
74.750 32.750
74.750 32.500
Building 4 5 0.062
74.500 32.750
74.500 33.000
74.750 33.000
74.750 32.750
Building 4 5 0.062
74.500 33.000
74.500 33.250
74.750 33.250
74.750 33.000
Building 4 5 0.062
74.750 33.500
74.750 33.250
74.500 33.250
74.500 33.500
Building 4 5 0.062
74.750 26.500
74.750 26.750
75.000 26.750
75.000 26.500
Building 4 5 0.062
74.750 26.750
74.750 27.000
75.000 27.000
75.000 26.750
Building 4 5 0.062
74.750 27.000
74.750 27.250
75.000 27.250
75.000 27.000
Building 4 5 0.062
74.750 27.250
74.750 27.500
75.000 27.500
75.000 27.250
Building 4 5 0.062
74.750 27.500
74.750 27.750
75.000 27.750
75.000 27.500
Building 4 5 0.062
74.750 27.750
74.750 28.000
75.000 28.000
75.000 27.750
Building 4 5 0.062
74.750 28.000
74.750 28.250
75.000 28.250
75.000 28.000
Building 4 5 0.062
75.000 28.500
75.000 28.250
74.750 28.250
74.750 28.500
Building 4 5 0.062
74.750 31.500
74.750 31.750
75.000 31.750
75.000 31.500
Building 4 5 0.062
74.750 31.750
74.750 32.000
75.000 32.000
75.000 31.750
Building 4 5 0.062
74.750 32.000
74.750 32.250
75.000 32.250
75.000 32.000
Building 4 5 0.062
74.750 32.250
74.750 32.500
75.000 32.500
75.000 32.250
Building 4 5 0.062
74.750 32.500
74.750 32.750
75.000 32.750
75.000 32.500
Building 4 5 0.062
74.750 32.750
74.750 33.000
75.000 33.000
75.000 32.750
Building 4 5 0.062
74.750 33.000
74.750 33.250
75.000 33.250
75.000 33.000
Building 4 5 0.062
75.000 33.500
75.000 33.250
74.750 33.250
74.750 33.500
Building 4 5 0.062
75.000 26.500
75.000 26.750
75.250 26.750
75.250 26.500
Building 4 5 0.062
75.000 26.750
75.000 27.000
75.250 27.000
75.250 26.750
Building 4 5 0.062
75.000 27.000
75.000 27.250
75.250 27.250
75.250 27.000
Building 4 5 0.062
75.000 27.250
75.000 27.500
75.250 27.500
75.250 27.250
Building 4 5 0.062
75.000 27.500
75.000 27.750
75.250 27.750
75.250 27.500
Building 4 5 0.062
75.000 27.750
75.000 28.000
75.250 28.000
75.250 27.750
Building 4 5 0.062
75.000 28.000
75.000 28.250
75.250 28.250
75.250 28.000
Building 4 5 0.062
75.250 28.500
75.250 28.250
75.000 28.250
75.000 28.500
Building 4 5 0.062
75.000 31.500
75.000 31.750
75.250 31.750
75.250 31.500
Building 4 5 0.062
75.000 31.750
75.000 32.000
75.250 32.000
75.250 31.750
Building 4 5 0.062
75.000 32.000
75.000 32.250
75.250 32.250
75.250 32.000
Building 4 5 0.062
75.000 32.250
75.000 32.500
75.250 32.500
75.250 32.250
Building 4 5 0.062
75.000 32.500
75.000 32.750
75.250 32.750
75.250 32.500
Building 4 5 0.062
75.000 32.750
75.000 33.000
75.250 33.000
75.250 32.750
Building 4 5 0.062
75.000 33.000
75.000 33.250
75.250 33.250
75.250 33.000
Building 4 5 0.062
75.250 33.500
75.250 33.250
75.000 33.250
75.000 33.500
Building 4 5 0.062
75.250 26.500
75.250 26.750
75.500 26.750
75.500 26.500
Building 4 5 0.062
75.250 26.750
75.250 27.000
75.500 27.000
75.500 26.750
Building 4 5 0.062
75.250 27.000
75.250 27.250
75.500 27.250
75.500 27.000
Building 4 5 0.062
75.250 27.250
75.250 27.500
75.500 27.500
75.500 27.250
Building 4 5 0.062
75.250 27.500
75.250 27.750
75.500 27.750
75.500 27.500
Building 4 5 0.062
75.250 27.750
75.250 28.000
75.500 28.000
75.500 27.750
Building 4 5 0.062
75.250 28.000
75.250 28.250
75.500 28.250
75.500 28.000
Building 4 5 0.062
75.500 28.500
75.500 28.250
75.250 28.250
75.250 28.500
Building 4 5 0.062
75.250 31.500
75.250 31.750
75.500 31.750
75.500 31.500
Building 4 5 0.062
75.250 31.750
75.250 32.000
75.500 32.000
75.500 31.750
Building 4 5 0.062
75.250 32.000
75.250 32.250
75.500 32.250
75.500 32.000
Building 4 5 0.062
75.250 32.250
75.250 32.500
75.500 32.500
75.500 32.250
Building 4 5 0.062
75.250 32.500
75.250 32.750
75.500 32.750
75.500 32.500
Building 4 5 0.062
75.250 32.750
75.250 33.000
75.500 33.000
75.500 32.750
Building 4 5 0.062
75.250 33.000
75.250 33.250
75.500 33.250
75.500 33.000
Building 4 5 0.062
75.500 33.500
75.500 33.250
75.250 33.250
75.250 33.500
Building 4 5 0.062
75.500 26.500
75.500 26.750
75.750 26.750
75.750 26.500
Building 4 5 0.062
75.500 26.750
75.500 27.000
75.750 27.000
75.750 26.750
Building 4 5 0.062
75.500 27.000
75.500 27.250
75.750 27.250
75.750 27.000
Building 4 5 0.062
75.500 27.250
75.500 27.500
75.750 27.500
75.750 27.250
Building 4 5 0.062
75.500 27.500
75.500 27.750
75.750 27.750
75.750 27.500
Building 4 5 0.062
75.500 27.750
75.500 28.000
75.750 28.000
75.750 27.750
Building 4 5 0.062
75.500 28.000
75.500 28.250
75.750 28.250
75.750 28.000
Building 4 5 0.062
75.750 28.500
75.750 28.250
75.500 28.250
75.500 28.500
Building 4 5 0.062
75.500 31.500
75.500 31.750
75.750 31.750
75.750 31.500
Building 4 5 0.062
75.500 31.750
75.500 32.000
75.750 32.000
75.750 31.750
Building 4 5 0.062
75.500 32.000
75.500 32.250
75.750 32.250
75.750 32.000
Building 4 5 0.062
75.500 32.250
75.500 32.500
75.750 32.500
75.750 32.250
Building 4 5 0.062
75.500 32.500
75.500 32.750
75.750 32.750
75.750 32.500
Building 4 5 0.062
75.500 32.750
75.500 33.000
75.750 33.000
75.750 32.750
Building 4 5 0.062
75.500 33.000
75.500 33.250
75.750 33.250
75.750 33.000
Building 4 5 0.062
75.750 33.500
75.750 33.250
75.500 33.250
75.500 33.500
Building 4 5 0.062
75.750 26.500
75.750 26.750
76.000 26.750
76.000 26.500
Building 4 5 0.062
75.750 26.750
75.750 27.000
76.000 27.000
76.000 26.750
Building 4 5 0.062
75.750 27.000
75.750 27.250
76.000 27.250
76.000 27.000
Building 4 5 0.062
75.750 27.250
75.750 27.500
76.000 27.500
76.000 27.250
Building 4 5 0.062
75.750 27.500
75.750 27.750
76.000 27.750
76.000 27.500
Building 4 5 0.062
75.750 27.750
75.750 28.000
76.000 28.000
76.000 27.750
Building 4 5 0.062
75.750 28.000
75.750 28.250
76.000 28.250
76.000 28.000
Building 4 5 0.062
76.000 28.500
76.000 28.250
75.750 28.250
75.750 28.500
Building 4 5 0.062
75.750 31.500
75.750 31.750
76.000 31.750
76.000 31.500
Building 4 5 0.062
75.750 31.750
75.750 32.000
76.000 32.000
76.000 31.750
Building 4 5 0.062
75.750 32.000
75.750 32.250
76.000 32.250
76.000 32.000
Building 4 5 0.062
75.750 32.250
75.750 32.500
76.000 32.500
76.000 32.250
Building 4 5 0.062
75.750 32.500
75.750 32.750
76.000 32.750
76.000 32.500
Building 4 5 0.062
75.750 32.750
75.750 33.000
76.000 33.000
76.000 32.750
Building 4 5 0.062
75.750 33.000
75.750 33.250
76.000 33.250
76.000 33.000
Building 4 5 0.062
76.000 33.500
76.000 33.250
75.750 33.250
75.750 33.500
Building 4 5 0.062
76.000 26.500
76.000 26.750
76.250 26.750
76.250 26.500
Building 4 5 0.062
76.000 26.750
76.000 27.000
76.250 27.000
76.250 26.750
Building 4 5 0.062
76.000 27.000
76.000 27.250
76.250 27.250
76.250 27.000
Building 4 5 0.062
76.000 27.250
76.000 27.500
76.250 27.500
76.250 27.250
Building 4 5 0.062
76.000 27.500
76.000 27.750
76.250 27.750
76.250 27.500
Building 4 5 0.062
76.000 27.750
76.000 28.000
76.250 28.000
76.250 27.750
Building 4 5 0.062
76.000 28.000
76.000 28.250
76.250 28.250
76.250 28.000
Building 4 5 0.062
76.250 28.500
76.250 28.250
76.000 28.250
76.000 28.500
Building 4 5 0.062
76.000 31.500
76.000 31.750
76.250 31.750
76.250 31.500
Building 4 5 0.062
76.000 31.750
76.000 32.000
76.250 32.000
76.250 31.750
Building 4 5 0.062
76.000 32.000
76.000 32.250
76.250 32.250
76.250 32.000
Building 4 5 0.062
76.000 32.250
76.000 32.500
76.250 32.500
76.250 32.250
Building 4 5 0.062
76.000 32.500
76.000 32.750
76.250 32.750
76.250 32.500
Building 4 5 0.062
76.000 32.750
76.000 33.000
76.250 33.000
76.250 32.750
Building 4 5 0.062
76.000 33.000
76.000 33.250
76.250 33.250
76.250 33.000
Building 4 5 0.062
76.250 33.500
76.250 33.250
76.000 33.250
76.000 33.500
Building 4 5 0.062
76.250 26.500
76.250 26.750
76.500 26.750
76.500 26.500
Building 4 5 0.062
76.250 26.750
76.250 27.000
76.500 27.000
76.500 26.750
Building 4 5 0.062
76.250 27.000
76.250 27.250
76.500 27.250
76.500 27.000
Building 4 5 0.062
76.250 27.250
76.250 27.500
76.500 27.500
76.500 27.250
Building 4 5 0.062
76.250 27.500
76.250 27.750
76.500 27.750
76.500 27.500
Building 4 5 0.062
76.250 27.750
76.250 28.000
76.500 28.000
76.500 27.750
Building 4 5 0.062
76.250 28.000
76.250 28.250
76.500 28.250
76.500 28.000
Building 4 5 0.062
76.500 28.500
76.500 28.250
76.250 28.250
76.250 28.500
Building 4 5 0.062
76.250 31.500
76.250 31.750
76.500 31.750
76.500 31.500
Building 4 5 0.062
76.250 31.750
76.250 32.000
76.500 32.000
76.500 31.750
Building 4 5 0.062
76.250 32.000
76.250 32.250
76.500 32.250
76.500 32.000
Building 4 5 0.062
76.250 32.250
76.250 32.500
76.500 32.500
76.500 32.250
Building 4 5 0.062
76.250 32.500
76.250 32.750
76.500 32.750
76.500 32.500
Building 4 5 0.062
76.250 32.750
76.250 33.000
76.500 33.000
76.500 32.750
Building 4 5 0.062
76.250 33.000
76.250 33.250
76.500 33.250
76.500 33.000
Building 4 5 0.062
76.500 33.500
76.500 33.250
76.250 33.250
76.250 33.500
Building 4 5 0.062
76.500 26.500
76.500 26.750
76.750 26.750
76.750 26.500
Building 4 5 0.062
76.500 26.750
76.500 27.000
76.750 27.000
76.750 26.750
Building 4 5 0.062
76.500 27.000
76.500 27.250
76.750 27.250
76.750 27.000
Building 4 5 0.062
76.500 27.250
76.500 27.500
76.750 27.500
76.750 27.250
Building 4 5 0.062
76.500 27.500
76.500 27.750
76.750 27.750
76.750 27.500
Building 4 5 0.062
76.500 27.750
76.500 28.000
76.750 28.000
76.750 27.750
Building 4 5 0.062
76.500 28.000
76.500 28.250
76.750 28.250
76.750 28.000
Building 4 5 0.062
76.750 28.500
76.750 28.250
76.500 28.250
76.500 28.500
Building 4 5 0.062
76.500 31.500
76.500 31.750
76.750 31.750
76.750 31.500
Building 4 5 0.062
76.500 31.750
76.500 32.000
76.750 32.000
76.750 31.750
Building 4 5 0.062
76.500 32.000
76.500 32.250
76.750 32.250
76.750 32.000
Building 4 5 0.062
76.500 32.250
76.500 32.500
76.750 32.500
76.750 32.250
Building 4 5 0.062
76.500 32.500
76.500 32.750
76.750 32.750
76.750 32.500
Building 4 5 0.062
76.500 32.750
76.500 33.000
76.750 33.000
76.750 32.750
Building 4 5 0.062
76.500 33.000
76.500 33.250
76.750 33.250
76.750 33.000
Building 4 5 0.062
76.750 33.500
76.750 33.250
76.500 33.250
76.500 33.500
Building 4 5 0.062
76.750 26.500
76.750 26.750
77.000 26.750
77.000 26.500
Building 4 5 0.062
76.750 26.750
76.750 27.000
77.000 27.000
77.000 26.750
Building 4 5 0.062
76.750 27.000
76.750 27.250
77.000 27.250
77.000 27.000
Building 4 5 0.062
76.750 27.250
76.750 27.500
77.000 27.500
77.000 27.250
Building 4 5 0.062
76.750 27.500
76.750 27.750
77.000 27.750
77.000 27.500
Building 4 5 0.062
76.750 27.750
76.750 28.000
77.000 28.000
77.000 27.750
Building 4 5 0.062
76.750 28.000
76.750 28.250
77.000 28.250
77.000 28.000
Building 4 5 0.062
77.000 28.500
77.000 28.250
76.750 28.250
76.750 28.500
Building 4 5 0.062
76.750 31.500
76.750 31.750
77.000 31.750
77.000 31.500
Building 4 5 0.062
76.750 31.750
76.750 32.000
77.000 32.000
77.000 31.750
Building 4 5 0.062
76.750 32.000
76.750 32.250
77.000 32.250
77.000 32.000
Building 4 5 0.062
76.750 32.250
76.750 32.500
77.000 32.500
77.000 32.250
Building 4 5 0.062
76.750 32.500
76.750 32.750
77.000 32.750
77.000 32.500
Building 4 5 0.062
76.750 32.750
76.750 33.000
77.000 33.000
77.000 32.750
Building 4 5 0.062
76.750 33.000
76.750 33.250
77.000 33.250
77.000 33.000
Building 4 5 0.062
77.000 33.500
77.000 33.250
76.750 33.250
76.750 33.500
Building 4 5 0.062
77.000 26.500
77.000 26.750
77.250 26.750
77.250 26.500
Building 4 5 0.062
77.000 26.750
77.000 27.000
77.250 27.000
77.250 26.750
Building 4 5 0.062
77.000 27.000
77.000 27.250
77.250 27.250
77.250 27.000
Building 4 5 0.062
77.000 27.250
77.000 27.500
77.250 27.500
77.250 27.250
Building 4 5 0.062
77.000 27.500
77.000 27.750
77.250 27.750
77.250 27.500
Building 4 5 0.062
77.000 27.750
77.000 28.000
77.250 28.000
77.250 27.750
Building 4 5 0.062
77.000 28.000
77.000 28.250
77.250 28.250
77.250 28.000
Building 4 5 0.062
77.250 28.500
77.250 28.250
77.000 28.250
77.000 28.500
Building 4 5 0.062
77.000 31.500
77.000 31.750
77.250 31.750
77.250 31.500
Building 4 5 0.062
77.000 31.750
77.000 32.000
77.250 32.000
77.250 31.750
Building 4 5 0.062
77.000 32.000
77.000 32.250
77.250 32.250
77.250 32.000
Building 4 5 0.062
77.000 32.250
77.000 32.500
77.250 32.500
77.250 32.250
Building 4 5 0.062
77.000 32.500
77.000 32.750
77.250 32.750
77.250 32.500
Building 4 5 0.062
77.000 32.750
77.000 33.000
77.250 33.000
77.250 32.750
Building 4 5 0.062
77.000 33.000
77.000 33.250
77.250 33.250
77.250 33.000
Building 4 5 0.062
77.250 33.500
77.250 33.250
77.000 33.250
77.000 33.500
Building 4 5 0.062
77.250 26.500
77.250 26.750
77.500 26.750
77.500 26.500
Building 4 5 0.062
77.250 26.750
77.250 27.000
77.500 27.000
77.500 26.750
Building 4 5 0.062
77.250 27.000
77.250 27.250
77.500 27.250
77.500 27.000
Building 4 5 0.062
77.250 27.250
77.250 27.500
77.500 27.500
77.500 27.250
Building 4 5 0.062
77.250 27.500
77.250 27.750
77.500 27.750
77.500 27.500
Building 4 5 0.062
77.250 27.750
77.250 28.000
77.500 28.000
77.500 27.750
Building 4 5 0.062
77.250 28.000
77.250 28.250
77.500 28.250
77.500 28.000
Building 4 5 0.062
77.500 28.500
77.500 28.250
77.250 28.250
77.250 28.500
Building 4 5 0.062
77.250 31.500
77.250 31.750
77.500 31.750
77.500 31.500
Building 4 5 0.062
77.250 31.750
77.250 32.000
77.500 32.000
77.500 31.750
Building 4 5 0.062
77.250 32.000
77.250 32.250
77.500 32.250
77.500 32.000
Building 4 5 0.062
77.250 32.250
77.250 32.500
77.500 32.500
77.500 32.250
Building 4 5 0.062
77.250 32.500
77.250 32.750
77.500 32.750
77.500 32.500
Building 4 5 0.062
77.250 32.750
77.250 33.000
77.500 33.000
77.500 32.750
Building 4 5 0.062
77.250 33.000
77.250 33.250
77.500 33.250
77.500 33.000
Building 4 5 0.062
77.500 33.500
77.500 33.250
77.250 33.250
77.250 33.500
Building 4 5 0.062
77.500 26.500
77.500 26.750
77.750 26.750
77.750 26.500
Building 4 5 0.062
77.500 26.750
77.500 27.000
77.750 27.000
77.750 26.750
Building 4 5 0.062
77.500 27.000
77.500 27.250
77.750 27.250
77.750 27.000
Building 4 5 0.062
77.500 27.250
77.500 27.500
77.750 27.500
77.750 27.250
Building 4 5 0.062
77.500 27.500
77.500 27.750
77.750 27.750
77.750 27.500
Building 4 5 0.062
77.500 27.750
77.500 28.000
77.750 28.000
77.750 27.750
Building 4 5 0.062
77.500 28.000
77.500 28.250
77.750 28.250
77.750 28.000
Building 4 5 0.062
77.750 28.500
77.750 28.250
77.500 28.250
77.500 28.500
Building 4 5 0.062
77.500 31.500
77.500 31.750
77.750 31.750
77.750 31.500
Building 4 5 0.062
77.500 31.750
77.500 32.000
77.750 32.000
77.750 31.750
Building 4 5 0.062
77.500 32.000
77.500 32.250
77.750 32.250
77.750 32.000
Building 4 5 0.062
77.500 32.250
77.500 32.500
77.750 32.500
77.750 32.250
Building 4 5 0.062
77.500 32.500
77.500 32.750
77.750 32.750
77.750 32.500
Building 4 5 0.062
77.500 32.750
77.500 33.000
77.750 33.000
77.750 32.750
Building 4 5 0.062
77.500 33.000
77.500 33.250
77.750 33.250
77.750 33.000
Building 4 5 0.062
77.750 33.500
77.750 33.250
77.500 33.250
77.500 33.500
Building 4 5 0.062
77.750 26.500
77.750 26.750
78.000 26.750
78.000 26.500
Building 4 5 0.062
77.750 26.750
77.750 27.000
78.000 27.000
78.000 26.750
Building 4 5 0.062
77.750 27.000
77.750 27.250
78.000 27.250
78.000 27.000
Building 4 5 0.062
77.750 27.250
77.750 27.500
78.000 27.500
78.000 27.250
Building 4 5 0.062
77.750 27.500
77.750 27.750
78.000 27.750
78.000 27.500
Building 4 5 0.062
77.750 27.750
77.750 28.000
78.000 28.000
78.000 27.750
Building 4 5 0.062
77.750 28.000
77.750 28.250
78.000 28.250
78.000 28.000
Building 4 5 0.062
78.000 28.500
78.000 28.250
77.750 28.250
77.750 28.500
Building 4 5 0.062
77.750 31.500
77.750 31.750
78.000 31.750
78.000 31.500
Building 4 5 0.062
77.750 31.750
77.750 32.000
78.000 32.000
78.000 31.750
Building 4 5 0.062
77.750 32.000
77.750 32.250
78.000 32.250
78.000 32.000
Building 4 5 0.062
77.750 32.250
77.750 32.500
78.000 32.500
78.000 32.250
Building 4 5 0.062
77.750 32.500
77.750 32.750
78.000 32.750
78.000 32.500
Building 4 5 0.062
77.750 32.750
77.750 33.000
78.000 33.000
78.000 32.750
Building 4 5 0.062
77.750 33.000
77.750 33.250
78.000 33.250
78.000 33.000
Building 4 5 0.062
78.000 33.500
78.000 33.250
77.750 33.250
77.750 33.500
Building 4 5 0.062
78.000 26.500
78.000 26.750
78.250 26.750
78.250 26.500
Building 4 5 0.062
78.000 26.750
78.000 27.000
78.250 27.000
78.250 26.750
Building 4 5 0.062
78.000 27.000
78.000 27.250
78.250 27.250
78.250 27.000
Building 4 5 0.062
78.000 27.250
78.000 27.500
78.250 27.500
78.250 27.250
Building 4 5 0.062
78.000 27.500
78.000 27.750
78.250 27.750
78.250 27.500
Building 4 5 0.062
78.000 27.750
78.000 28.000
78.250 28.000
78.250 27.750
Building 4 5 0.062
78.000 28.000
78.000 28.250
78.250 28.250
78.250 28.000
Building 4 5 0.062
78.250 28.500
78.250 28.250
78.000 28.250
78.000 28.500
Building 4 5 0.062
78.000 31.500
78.000 31.750
78.250 31.750
78.250 31.500
Building 4 5 0.062
78.000 31.750
78.000 32.000
78.250 32.000
78.250 31.750
Building 4 5 0.062
78.000 32.000
78.000 32.250
78.250 32.250
78.250 32.000
Building 4 5 0.062
78.000 32.250
78.000 32.500
78.250 32.500
78.250 32.250
Building 4 5 0.062
78.000 32.500
78.000 32.750
78.250 32.750
78.250 32.500
Building 4 5 0.062
78.000 32.750
78.000 33.000
78.250 33.000
78.250 32.750
Building 4 5 0.062
78.000 33.000
78.000 33.250
78.250 33.250
78.250 33.000
Building 4 5 0.062
78.250 33.500
78.250 33.250
78.000 33.250
78.000 33.500
Building 4 5 0.062
78.250 26.500
78.250 26.750
78.500 26.750
78.500 26.500
Building 4 5 0.062
78.250 26.750
78.250 27.000
78.500 27.000
78.500 26.750
Building 4 5 0.062
78.250 27.000
78.250 27.250
78.500 27.250
78.500 27.000
Building 4 5 0.062
78.250 27.250
78.250 27.500
78.500 27.500
78.500 27.250
Building 4 5 0.062
78.250 27.500
78.250 27.750
78.500 27.750
78.500 27.500
Building 4 5 0.062
78.250 27.750
78.250 28.000
78.500 28.000
78.500 27.750
Building 4 5 0.062
78.250 28.000
78.250 28.250
78.500 28.250
78.500 28.000
Building 4 5 0.062
78.500 28.500
78.500 28.250
78.250 28.250
78.250 28.500
Building 4 5 0.062
78.250 31.500
78.250 31.750
78.500 31.750
78.500 31.500
Building 4 5 0.062
78.250 31.750
78.250 32.000
78.500 32.000
78.500 31.750
Building 4 5 0.062
78.250 32.000
78.250 32.250
78.500 32.250
78.500 32.000
Building 4 5 0.062
78.250 32.250
78.250 32.500
78.500 32.500
78.500 32.250
Building 4 5 0.062
78.250 32.500
78.250 32.750
78.500 32.750
78.500 32.500
Building 4 5 0.062
78.250 32.750
78.250 33.000
78.500 33.000
78.500 32.750
Building 4 5 0.062
78.250 33.000
78.250 33.250
78.500 33.250
78.500 33.000
Building 4 5 0.062
78.500 33.500
78.500 33.250
78.250 33.250
78.250 33.500
Building 4 5 0.062
78.500 26.500
78.500 26.750
78.750 26.750
78.750 26.500
Building 4 5 0.062
78.500 26.750
78.500 27.000
78.750 27.000
78.750 26.750
Building 4 5 0.062
78.500 27.000
78.500 27.250
78.750 27.250
78.750 27.000
Building 4 5 0.062
78.500 27.250
78.500 27.500
78.750 27.500
78.750 27.250
Building 4 5 0.062
78.500 27.500
78.500 27.750
78.750 27.750
78.750 27.500
Building 4 5 0.062
78.500 27.750
78.500 28.000
78.750 28.000
78.750 27.750
Building 4 5 0.062
78.500 28.000
78.500 28.250
78.750 28.250
78.750 28.000
Building 4 5 0.062
78.750 28.500
78.750 28.250
78.500 28.250
78.500 28.500
Building 4 5 0.062
78.500 31.500
78.500 31.750
78.750 31.750
78.750 31.500
Building 4 5 0.062
78.500 31.750
78.500 32.000
78.750 32.000
78.750 31.750
Building 4 5 0.062
78.500 32.000
78.500 32.250
78.750 32.250
78.750 32.000
Building 4 5 0.062
78.500 32.250
78.500 32.500
78.750 32.500
78.750 32.250
Building 4 5 0.062
78.500 32.500
78.500 32.750
78.750 32.750
78.750 32.500
Building 4 5 0.062
78.500 32.750
78.500 33.000
78.750 33.000
78.750 32.750
Building 4 5 0.062
78.500 33.000
78.500 33.250
78.750 33.250
78.750 33.000
Building 4 5 0.062
78.750 33.500
78.750 33.250
78.500 33.250
78.500 33.500
Building 4 5 0.062
78.750 26.500
78.750 26.750
79.000 26.750
79.000 26.500
Building 4 5 0.062
78.750 26.750
78.750 27.000
79.000 27.000
79.000 26.750
Building 4 5 0.062
78.750 27.000
78.750 27.250
79.000 27.250
79.000 27.000
Building 4 5 0.062
78.750 27.250
78.750 27.500
79.000 27.500
79.000 27.250
Building 4 5 0.062
78.750 27.500
78.750 27.750
79.000 27.750
79.000 27.500
Building 4 5 0.062
78.750 27.750
78.750 28.000
79.000 28.000
79.000 27.750
Building 4 5 0.062
78.750 28.000
78.750 28.250
79.000 28.250
79.000 28.000
Building 4 5 0.062
79.000 28.500
79.000 28.250
78.750 28.250
78.750 28.500
Building 4 5 0.062
78.750 31.500
78.750 31.750
79.000 31.750
79.000 31.500
Building 4 5 0.062
78.750 31.750
78.750 32.000
79.000 32.000
79.000 31.750
Building 4 5 0.062
78.750 32.000
78.750 32.250
79.000 32.250
79.000 32.000
Building 4 5 0.062
78.750 32.250
78.750 32.500
79.000 32.500
79.000 32.250
Building 4 5 0.062
78.750 32.500
78.750 32.750
79.000 32.750
79.000 32.500
Building 4 5 0.062
78.750 32.750
78.750 33.000
79.000 33.000
79.000 32.750
Building 4 5 0.062
78.750 33.000
78.750 33.250
79.000 33.250
79.000 33.000
Building 4 5 0.062
79.000 33.500
79.000 33.250
78.750 33.250
78.750 33.500
Building 4 5 0.062
79.000 26.500
79.000 26.750
79.250 26.750
79.250 26.500
Building 4 5 0.062
79.000 26.750
79.000 27.000
79.250 27.000
79.250 26.750
Building 4 5 0.062
79.000 27.000
79.000 27.250
79.250 27.250
79.250 27.000
Building 4 5 0.062
79.000 27.250
79.000 27.500
79.250 27.500
79.250 27.250
Building 4 5 0.062
79.000 27.500
79.000 27.750
79.250 27.750
79.250 27.500
Building 4 5 0.062
79.000 27.750
79.000 28.000
79.250 28.000
79.250 27.750
Building 4 5 0.062
79.000 28.000
79.000 28.250
79.250 28.250
79.250 28.000
Building 4 5 0.062
79.250 28.500
79.250 28.250
79.000 28.250
79.000 28.500
Building 4 5 0.062
79.000 31.500
79.000 31.750
79.250 31.750
79.250 31.500
Building 4 5 0.062
79.000 31.750
79.000 32.000
79.250 32.000
79.250 31.750
Building 4 5 0.062
79.000 32.000
79.000 32.250
79.250 32.250
79.250 32.000
Building 4 5 0.062
79.000 32.250
79.000 32.500
79.250 32.500
79.250 32.250
Building 4 5 0.062
79.000 32.500
79.000 32.750
79.250 32.750
79.250 32.500
Building 4 5 0.062
79.000 32.750
79.000 33.000
79.250 33.000
79.250 32.750
Building 4 5 0.062
79.000 33.000
79.000 33.250
79.250 33.250
79.250 33.000
Building 4 5 0.062
79.250 33.500
79.250 33.250
79.000 33.250
79.000 33.500
Building 4 5 0.062
79.250 26.500
79.250 26.750
79.500 26.750
79.500 26.500
Building 4 5 0.062
79.250 26.750
79.250 27.000
79.500 27.000
79.500 26.750
Building 4 5 0.062
79.250 27.000
79.250 27.250
79.500 27.250
79.500 27.000
Building 4 5 0.062
79.250 27.250
79.250 27.500
79.500 27.500
79.500 27.250
Building 4 5 0.062
79.250 27.500
79.250 27.750
79.500 27.750
79.500 27.500
Building 4 5 0.062
79.250 27.750
79.250 28.000
79.500 28.000
79.500 27.750
Building 4 5 0.062
79.250 28.000
79.250 28.250
79.500 28.250
79.500 28.000
Building 4 5 0.062
79.500 28.500
79.500 28.250
79.250 28.250
79.250 28.500
Building 4 5 0.062
79.250 31.500
79.250 31.750
79.500 31.750
79.500 31.500
Building 4 5 0.062
79.250 31.750
79.250 32.000
79.500 32.000
79.500 31.750
Building 4 5 0.062
79.250 32.000
79.250 32.250
79.500 32.250
79.500 32.000
Building 4 5 0.062
79.250 32.250
79.250 32.500
79.500 32.500
79.500 32.250
Building 4 5 0.062
79.250 32.500
79.250 32.750
79.500 32.750
79.500 32.500
Building 4 5 0.062
79.250 32.750
79.250 33.000
79.500 33.000
79.500 32.750
Building 4 5 0.062
79.250 33.000
79.250 33.250
79.500 33.250
79.500 33.000
Building 4 5 0.062
79.500 33.500
79.500 33.250
79.250 33.250
79.250 33.500
Building 4 5 0.062
79.500 26.500
79.500 26.750
79.750 26.750
79.750 26.500
Building 4 5 0.062
79.500 26.750
79.500 27.000
79.750 27.000
79.750 26.750
Building 4 5 0.062
79.500 27.000
79.500 27.250
79.750 27.250
79.750 27.000
Building 4 5 0.062
79.500 27.250
79.500 27.500
79.750 27.500
79.750 27.250
Building 4 5 0.062
79.500 27.500
79.500 27.750
79.750 27.750
79.750 27.500
Building 4 5 0.062
79.500 27.750
79.500 28.000
79.750 28.000
79.750 27.750
Building 4 5 0.062
79.500 28.000
79.500 28.250
79.750 28.250
79.750 28.000
Building 4 5 0.062
79.750 28.500
79.750 28.250
79.500 28.250
79.500 28.500
Building 4 5 0.062
79.500 31.500
79.500 31.750
79.750 31.750
79.750 31.500
Building 4 5 0.062
79.500 31.750
79.500 32.000
79.750 32.000
79.750 31.750
Building 4 5 0.062
79.500 32.000
79.500 32.250
79.750 32.250
79.750 32.000
Building 4 5 0.062
79.500 32.250
79.500 32.500
79.750 32.500
79.750 32.250
Building 4 5 0.062
79.500 32.500
79.500 32.750
79.750 32.750
79.750 32.500
Building 4 5 0.062
79.500 32.750
79.500 33.000
79.750 33.000
79.750 32.750
Building 4 5 0.062
79.500 33.000
79.500 33.250
79.750 33.250
79.750 33.000
Building 4 5 0.062
79.750 33.500
79.750 33.250
79.500 33.250
79.500 33.500
Building 4 5 0.062
79.750 26.500
79.750 26.750
80.000 26.750
80.000 26.500
Building 4 5 0.062
79.750 26.750
79.750 27.000
80.000 27.000
80.000 26.750
Building 4 5 0.062
79.750 27.000
79.750 27.250
80.000 27.250
80.000 27.000
Building 4 5 0.062
79.750 27.250
79.750 27.500
80.000 27.500
80.000 27.250
Building 4 5 0.062
79.750 27.500
79.750 27.750
80.000 27.750
80.000 27.500
Building 4 5 0.062
79.750 27.750
79.750 28.000
80.000 28.000
80.000 27.750
Building 4 5 0.062
79.750 28.000
79.750 28.250
80.000 28.250
80.000 28.000
Building 4 5 0.062
80.000 28.500
80.000 28.250
79.750 28.250
79.750 28.500
Building 4 5 0.062
79.750 31.500
79.750 31.750
80.000 31.750
80.000 31.500
Building 4 5 0.062
79.750 31.750
79.750 32.000
80.000 32.000
80.000 31.750
Building 4 5 0.062
79.750 32.000
79.750 32.250
80.000 32.250
80.000 32.000
Building 4 5 0.062
79.750 32.250
79.750 32.500
80.000 32.500
80.000 32.250
Building 4 5 0.062
79.750 32.500
79.750 32.750
80.000 32.750
80.000 32.500
Building 4 5 0.062
79.750 32.750
79.750 33.000
80.000 33.000
80.000 32.750
Building 4 5 0.062
79.750 33.000
79.750 33.250
80.000 33.250
80.000 33.000
Building 4 5 0.062
80.000 33.500
80.000 33.250
79.750 33.250
79.750 33.500
Building 4 5 0.062
80.000 26.500
80.000 26.750
80.250 26.750
80.250 26.500
Building 4 5 0.062
80.000 26.750
80.000 27.000
80.250 27.000
80.250 26.750
Building 4 5 0.062
80.000 27.000
80.000 27.250
80.250 27.250
80.250 27.000
Building 4 5 0.062
80.000 27.250
80.000 27.500
80.250 27.500
80.250 27.250
Building 4 5 0.062
80.000 27.500
80.000 27.750
80.250 27.750
80.250 27.500
Building 4 5 0.062
80.000 27.750
80.000 28.000
80.250 28.000
80.250 27.750
Building 4 5 0.062
80.000 28.000
80.000 28.250
80.250 28.250
80.250 28.000
Building 4 5 0.062
80.250 28.500
80.250 28.250
80.000 28.250
80.000 28.500
Building 4 5 0.062
80.000 31.500
80.000 31.750
80.250 31.750
80.250 31.500
Building 4 5 0.062
80.000 31.750
80.000 32.000
80.250 32.000
80.250 31.750
Building 4 5 0.062
80.000 32.000
80.000 32.250
80.250 32.250
80.250 32.000
Building 4 5 0.062
80.000 32.250
80.000 32.500
80.250 32.500
80.250 32.250
Building 4 5 0.062
80.000 32.500
80.000 32.750
80.250 32.750
80.250 32.500
Building 4 5 0.062
80.000 32.750
80.000 33.000
80.250 33.000
80.250 32.750
Building 4 5 0.062
80.000 33.000
80.000 33.250
80.250 33.250
80.250 33.000
Building 4 5 0.062
80.250 33.500
80.250 33.250
80.000 33.250
80.000 33.500
Building 4 5 0.062
80.250 26.500
80.250 26.750
80.500 26.750
80.500 26.500
Building 4 5 0.062
80.250 26.750
80.250 27.000
80.500 27.000
80.500 26.750
Building 4 5 0.062
80.250 27.000
80.250 27.250
80.500 27.250
80.500 27.000
Building 4 5 0.062
80.250 27.250
80.250 27.500
80.500 27.500
80.500 27.250
Building 4 5 0.062
80.250 27.500
80.250 27.750
80.500 27.750
80.500 27.500
Building 4 5 0.062
80.250 27.750
80.250 28.000
80.500 28.000
80.500 27.750
Building 4 5 0.062
80.250 28.000
80.250 28.250
80.500 28.250
80.500 28.000
Building 4 5 0.062
80.500 28.500
80.500 28.250
80.250 28.250
80.250 28.500
Building 4 5 0.062
80.250 31.500
80.250 31.750
80.500 31.750
80.500 31.500
Building 4 5 0.062
80.250 31.750
80.250 32.000
80.500 32.000
80.500 31.750
Building 4 5 0.062
80.250 32.000
80.250 32.250
80.500 32.250
80.500 32.000
Building 4 5 0.062
80.250 32.250
80.250 32.500
80.500 32.500
80.500 32.250
Building 4 5 0.062
80.250 32.500
80.250 32.750
80.500 32.750
80.500 32.500
Building 4 5 0.062
80.250 32.750
80.250 33.000
80.500 33.000
80.500 32.750
Building 4 5 0.062
80.250 33.000
80.250 33.250
80.500 33.250
80.500 33.000
Building 4 5 0.062
80.500 33.500
80.500 33.250
80.250 33.250
80.250 33.500
Building 4 5 0.062
80.500 26.500
80.500 26.750
80.750 26.750
80.750 26.500
Building 4 5 0.062
80.500 26.750
80.500 27.000
80.750 27.000
80.750 26.750
Building 4 5 0.062
80.500 27.000
80.500 27.250
80.750 27.250
80.750 27.000
Building 4 5 0.062
80.500 27.250
80.500 27.500
80.750 27.500
80.750 27.250
Building 4 5 0.062
80.500 27.500
80.500 27.750
80.750 27.750
80.750 27.500
Building 4 5 0.062
80.500 27.750
80.500 28.000
80.750 28.000
80.750 27.750
Building 4 5 0.062
80.500 28.000
80.500 28.250
80.750 28.250
80.750 28.000
Building 4 5 0.062
80.750 28.500
80.750 28.250
80.500 28.250
80.500 28.500
Building 4 5 0.062
80.500 31.500
80.500 31.750
80.750 31.750
80.750 31.500
Building 4 5 0.062
80.500 31.750
80.500 32.000
80.750 32.000
80.750 31.750
Building 4 5 0.062
80.500 32.000
80.500 32.250
80.750 32.250
80.750 32.000
Building 4 5 0.062
80.500 32.250
80.500 32.500
80.750 32.500
80.750 32.250
Building 4 5 0.062
80.500 32.500
80.500 32.750
80.750 32.750
80.750 32.500
Building 4 5 0.062
80.500 32.750
80.500 33.000
80.750 33.000
80.750 32.750
Building 4 5 0.062
80.500 33.000
80.500 33.250
80.750 33.250
80.750 33.000
Building 4 5 0.062
80.750 33.500
80.750 33.250
80.500 33.250
80.500 33.500
Building 4 5 0.062
80.750 26.500
80.750 26.750
81.000 26.750
81.000 26.500
Building 4 5 0.062
80.750 26.750
80.750 27.000
81.000 27.000
81.000 26.750
Building 4 5 0.062
80.750 27.000
80.750 27.250
81.000 27.250
81.000 27.000
Building 4 5 0.062
80.750 27.250
80.750 27.500
81.000 27.500
81.000 27.250
Building 4 5 0.062
80.750 27.500
80.750 27.750
81.000 27.750
81.000 27.500
Building 4 5 0.062
80.750 27.750
80.750 28.000
81.000 28.000
81.000 27.750
Building 4 5 0.062
80.750 28.000
80.750 28.250
81.000 28.250
81.000 28.000
Building 4 5 0.062
81.000 28.500
81.000 28.250
80.750 28.250
80.750 28.500
Building 4 5 0.062
80.750 31.500
80.750 31.750
81.000 31.750
81.000 31.500
Building 4 5 0.062
80.750 31.750
80.750 32.000
81.000 32.000
81.000 31.750
Building 4 5 0.062
80.750 32.000
80.750 32.250
81.000 32.250
81.000 32.000
Building 4 5 0.062
80.750 32.250
80.750 32.500
81.000 32.500
81.000 32.250
Building 4 5 0.062
80.750 32.500
80.750 32.750
81.000 32.750
81.000 32.500
Building 4 5 0.062
80.750 32.750
80.750 33.000
81.000 33.000
81.000 32.750
Building 4 5 0.062
80.750 33.000
80.750 33.250
81.000 33.250
81.000 33.000
Building 4 5 0.062
81.000 33.500
81.000 33.250
80.750 33.250
80.750 33.500
Building 4 5 0.062
81.000 26.500
81.000 26.750
81.250 26.750
81.250 26.500
Building 4 5 0.062
81.000 26.750
81.000 27.000
81.250 27.000
81.250 26.750
Building 4 5 0.062
81.000 27.000
81.000 27.250
81.250 27.250
81.250 27.000
Building 4 5 0.062
81.000 27.250
81.000 27.500
81.250 27.500
81.250 27.250
Building 4 5 0.062
81.000 27.500
81.000 27.750
81.250 27.750
81.250 27.500
Building 4 5 0.062
81.000 27.750
81.000 28.000
81.250 28.000
81.250 27.750
Building 4 5 0.062
81.000 28.000
81.000 28.250
81.250 28.250
81.250 28.000
Building 4 5 0.062
81.250 28.500
81.250 28.250
81.000 28.250
81.000 28.500
Building 4 5 0.062
81.000 31.500
81.000 31.750
81.250 31.750
81.250 31.500
Building 4 5 0.062
81.000 31.750
81.000 32.000
81.250 32.000
81.250 31.750
Building 4 5 0.062
81.000 32.000
81.000 32.250
81.250 32.250
81.250 32.000
Building 4 5 0.062
81.000 32.250
81.000 32.500
81.250 32.500
81.250 32.250
Building 4 5 0.062
81.000 32.500
81.000 32.750
81.250 32.750
81.250 32.500
Building 4 5 0.062
81.000 32.750
81.000 33.000
81.250 33.000
81.250 32.750
Building 4 5 0.062
81.000 33.000
81.000 33.250
81.250 33.250
81.250 33.000
Building 4 5 0.062
81.250 33.500
81.250 33.250
81.000 33.250
81.000 33.500
Building 4 5 0.062
81.250 26.500
81.250 26.750
81.500 26.750
81.500 26.500
Building 4 5 0.062
81.250 26.750
81.250 27.000
81.500 27.000
81.500 26.750
Building 4 5 0.062
81.250 27.000
81.250 27.250
81.500 27.250
81.500 27.000
Building 4 5 0.062
81.250 27.250
81.250 27.500
81.500 27.500
81.500 27.250
Building 4 5 0.062
81.250 27.500
81.250 27.750
81.500 27.750
81.500 27.500
Building 4 5 0.062
81.250 27.750
81.250 28.000
81.500 28.000
81.500 27.750
Building 4 5 0.062
81.250 28.000
81.250 28.250
81.500 28.250
81.500 28.000
Building 4 5 0.062
81.500 28.500
81.500 28.250
81.250 28.250
81.250 28.500
Building 4 5 0.062
81.250 31.500
81.250 31.750
81.500 31.750
81.500 31.500
Building 4 5 0.062
81.250 31.750
81.250 32.000
81.500 32.000
81.500 31.750
Building 4 5 0.062
81.250 32.000
81.250 32.250
81.500 32.250
81.500 32.000
Building 4 5 0.062
81.250 32.250
81.250 32.500
81.500 32.500
81.500 32.250
Building 4 5 0.062
81.250 32.500
81.250 32.750
81.500 32.750
81.500 32.500
Building 4 5 0.062
81.250 32.750
81.250 33.000
81.500 33.000
81.500 32.750
Building 4 5 0.062
81.250 33.000
81.250 33.250
81.500 33.250
81.500 33.000
Building 4 5 0.062
81.500 33.500
81.500 33.250
81.250 33.250
81.250 33.500
Building 4 5 0.062
81.500 26.500
81.500 26.750
81.750 26.750
81.750 26.500
Building 4 5 0.062
81.500 26.750
81.500 27.000
81.750 27.000
81.750 26.750
Building 4 5 0.062
81.500 27.000
81.500 27.250
81.750 27.250
81.750 27.000
Building 4 5 0.062
81.500 27.250
81.500 27.500
81.750 27.500
81.750 27.250
Building 4 5 0.062
81.500 27.500
81.500 27.750
81.750 27.750
81.750 27.500
Building 4 5 0.062
81.500 27.750
81.500 28.000
81.750 28.000
81.750 27.750
Building 4 5 0.062
81.500 28.000
81.500 28.250
81.750 28.250
81.750 28.000
Building 4 5 0.062
81.750 28.500
81.750 28.250
81.500 28.250
81.500 28.500
Building 4 5 0.062
81.500 31.500
81.500 31.750
81.750 31.750
81.750 31.500
Building 4 5 0.062
81.500 31.750
81.500 32.000
81.750 32.000
81.750 31.750
Building 4 5 0.062
81.500 32.000
81.500 32.250
81.750 32.250
81.750 32.000
Building 4 5 0.062
81.500 32.250
81.500 32.500
81.750 32.500
81.750 32.250
Building 4 5 0.062
81.500 32.500
81.500 32.750
81.750 32.750
81.750 32.500
Building 4 5 0.062
81.500 32.750
81.500 33.000
81.750 33.000
81.750 32.750
Building 4 5 0.062
81.500 33.000
81.500 33.250
81.750 33.250
81.750 33.000
Building 4 5 0.062
81.750 33.500
81.750 33.250
81.500 33.250
81.500 33.500
Building 4 5 0.062
81.750 26.500
81.750 26.750
82.000 26.750
82.000 26.500
Building 4 5 0.062
81.750 26.750
81.750 27.000
82.000 27.000
82.000 26.750
Building 4 5 0.062
81.750 27.000
81.750 27.250
82.000 27.250
82.000 27.000
Building 4 5 0.062
81.750 27.250
81.750 27.500
82.000 27.500
82.000 27.250
Building 4 5 0.062
81.750 27.500
81.750 27.750
82.000 27.750
82.000 27.500
Building 4 5 0.062
81.750 27.750
81.750 28.000
82.000 28.000
82.000 27.750
Building 4 5 0.062
81.750 28.000
81.750 28.250
82.000 28.250
82.000 28.000
Building 4 5 0.062
82.000 28.500
82.000 28.250
81.750 28.250
81.750 28.500
Building 4 5 0.062
81.750 31.500
81.750 31.750
82.000 31.750
82.000 31.500
Building 4 5 0.062
81.750 31.750
81.750 32.000
82.000 32.000
82.000 31.750
Building 4 5 0.062
81.750 32.000
81.750 32.250
82.000 32.250
82.000 32.000
Building 4 5 0.062
81.750 32.250
81.750 32.500
82.000 32.500
82.000 32.250
Building 4 5 0.062
81.750 32.500
81.750 32.750
82.000 32.750
82.000 32.500
Building 4 5 0.062
81.750 32.750
81.750 33.000
82.000 33.000
82.000 32.750
Building 4 5 0.062
81.750 33.000
81.750 33.250
82.000 33.250
82.000 33.000
Building 4 5 0.062
82.000 33.500
82.000 33.250
81.750 33.250
81.750 33.500
Building 4 5 0.062
82.000 26.500
82.000 26.750
82.250 26.750
82.250 26.500
Building 4 5 0.062
82.000 26.750
82.000 27.000
82.250 27.000
82.250 26.750
Building 4 5 0.062
82.000 27.000
82.000 27.250
82.250 27.250
82.250 27.000
Building 4 5 0.062
82.000 27.250
82.000 27.500
82.250 27.500
82.250 27.250
Building 4 5 0.062
82.000 27.500
82.000 27.750
82.250 27.750
82.250 27.500
Building 4 5 0.062
82.000 27.750
82.000 28.000
82.250 28.000
82.250 27.750
Building 4 5 0.062
82.000 28.000
82.000 28.250
82.250 28.250
82.250 28.000
Building 4 5 0.062
82.250 28.500
82.250 28.250
82.000 28.250
82.000 28.500
Building 4 5 0.062
82.000 31.500
82.000 31.750
82.250 31.750
82.250 31.500
Building 4 5 0.062
82.000 31.750
82.000 32.000
82.250 32.000
82.250 31.750
Building 4 5 0.062
82.000 32.000
82.000 32.250
82.250 32.250
82.250 32.000
Building 4 5 0.062
82.000 32.250
82.000 32.500
82.250 32.500
82.250 32.250
Building 4 5 0.062
82.000 32.500
82.000 32.750
82.250 32.750
82.250 32.500
Building 4 5 0.062
82.000 32.750
82.000 33.000
82.250 33.000
82.250 32.750
Building 4 5 0.062
82.000 33.000
82.000 33.250
82.250 33.250
82.250 33.000
Building 4 5 0.062
82.250 33.500
82.250 33.250
82.000 33.250
82.000 33.500
Building 4 5 0.062
82.250 26.500
82.250 26.750
82.500 26.750
82.500 26.500
Building 4 5 0.062
82.250 26.750
82.250 27.000
82.500 27.000
82.500 26.750
Building 4 5 0.062
82.250 27.000
82.250 27.250
82.500 27.250
82.500 27.000
Building 4 5 0.062
82.250 27.250
82.250 27.500
82.500 27.500
82.500 27.250
Building 4 5 0.062
82.250 27.500
82.250 27.750
82.500 27.750
82.500 27.500
Building 4 5 0.062
82.250 27.750
82.250 28.000
82.500 28.000
82.500 27.750
Building 4 5 0.062
82.250 28.000
82.250 28.250
82.500 28.250
82.500 28.000
Building 4 5 0.062
82.500 28.500
82.500 28.250
82.250 28.250
82.250 28.500
Building 4 5 0.062
82.250 31.500
82.250 31.750
82.500 31.750
82.500 31.500
Building 4 5 0.062
82.250 31.750
82.250 32.000
82.500 32.000
82.500 31.750
Building 4 5 0.062
82.250 32.000
82.250 32.250
82.500 32.250
82.500 32.000
Building 4 5 0.062
82.250 32.250
82.250 32.500
82.500 32.500
82.500 32.250
Building 4 5 0.062
82.250 32.500
82.250 32.750
82.500 32.750
82.500 32.500
Building 4 5 0.062
82.250 32.750
82.250 33.000
82.500 33.000
82.500 32.750
Building 4 5 0.062
82.250 33.000
82.250 33.250
82.500 33.250
82.500 33.000
Building 4 5 0.062
82.500 33.500
82.500 33.250
82.250 33.250
82.250 33.500
Building 4 5 0.062
82.500 26.500
82.500 26.750
82.750 26.750
82.750 26.500
Building 4 5 0.062
82.500 26.750
82.500 27.000
82.750 27.000
82.750 26.750
Building 4 5 0.062
82.500 27.000
82.500 27.250
82.750 27.250
82.750 27.000
Building 4 5 0.062
82.500 27.250
82.500 27.500
82.750 27.500
82.750 27.250
Building 4 5 0.062
82.500 27.500
82.500 27.750
82.750 27.750
82.750 27.500
Building 4 5 0.062
82.500 27.750
82.500 28.000
82.750 28.000
82.750 27.750
Building 4 5 0.062
82.500 28.000
82.500 28.250
82.750 28.250
82.750 28.000
Building 4 5 0.062
82.750 28.500
82.750 28.250
82.500 28.250
82.500 28.500
Building 4 5 0.062
82.500 31.500
82.500 31.750
82.750 31.750
82.750 31.500
Building 4 5 0.062
82.500 31.750
82.500 32.000
82.750 32.000
82.750 31.750
Building 4 5 0.062
82.500 32.000
82.500 32.250
82.750 32.250
82.750 32.000
Building 4 5 0.062
82.500 32.250
82.500 32.500
82.750 32.500
82.750 32.250
Building 4 5 0.062
82.500 32.500
82.500 32.750
82.750 32.750
82.750 32.500
Building 4 5 0.062
82.500 32.750
82.500 33.000
82.750 33.000
82.750 32.750
Building 4 5 0.062
82.500 33.000
82.500 33.250
82.750 33.250
82.750 33.000
Building 4 5 0.062
82.750 33.500
82.750 33.250
82.500 33.250
82.500 33.500
Building 4 5 0.062
82.750 26.500
82.750 26.750
83.000 26.750
83.000 26.500
Building 4 5 0.062
82.750 26.750
82.750 27.000
83.000 27.000
83.000 26.750
Building 4 5 0.062
82.750 27.000
82.750 27.250
83.000 27.250
83.000 27.000
Building 4 5 0.062
82.750 27.250
82.750 27.500
83.000 27.500
83.000 27.250
Building 4 5 0.062
82.750 27.500
82.750 27.750
83.000 27.750
83.000 27.500
Building 4 5 0.062
82.750 27.750
82.750 28.000
83.000 28.000
83.000 27.750
Building 4 5 0.062
82.750 28.000
82.750 28.250
83.000 28.250
83.000 28.000
Building 4 5 0.062
83.000 28.500
83.000 28.250
82.750 28.250
82.750 28.500
Building 4 5 0.062
82.750 31.500
82.750 31.750
83.000 31.750
83.000 31.500
Building 4 5 0.062
82.750 31.750
82.750 32.000
83.000 32.000
83.000 31.750
Building 4 5 0.062
82.750 32.000
82.750 32.250
83.000 32.250
83.000 32.000
Building 4 5 0.062
82.750 32.250
82.750 32.500
83.000 32.500
83.000 32.250
Building 4 5 0.062
82.750 32.500
82.750 32.750
83.000 32.750
83.000 32.500
Building 4 5 0.062
82.750 32.750
82.750 33.000
83.000 33.000
83.000 32.750
Building 4 5 0.062
82.750 33.000
82.750 33.250
83.000 33.250
83.000 33.000
Building 4 5 0.062
83.000 33.500
83.000 33.250
82.750 33.250
82.750 33.500
Building 4 5 0.062
83.000 26.500
83.000 26.750
83.250 26.750
83.250 26.500
Building 4 5 0.062
83.000 26.750
83.000 27.000
83.250 27.000
83.250 26.750
Building 4 5 0.062
83.000 27.000
83.000 27.250
83.250 27.250
83.250 27.000
Building 4 5 0.062
83.000 27.250
83.000 27.500
83.250 27.500
83.250 27.250
Building 4 5 0.062
83.000 27.500
83.000 27.750
83.250 27.750
83.250 27.500
Building 4 5 0.062
83.000 27.750
83.000 28.000
83.250 28.000
83.250 27.750
Building 4 5 0.062
83.000 28.000
83.000 28.250
83.250 28.250
83.250 28.000
Building 4 5 0.062
83.250 28.500
83.250 28.250
83.000 28.250
83.000 28.500
Building 4 5 0.062
83.000 31.500
83.000 31.750
83.250 31.750
83.250 31.500
Building 4 5 0.062
83.000 31.750
83.000 32.000
83.250 32.000
83.250 31.750
Building 4 5 0.062
83.000 32.000
83.000 32.250
83.250 32.250
83.250 32.000
Building 4 5 0.062
83.000 32.250
83.000 32.500
83.250 32.500
83.250 32.250
Building 4 5 0.062
83.000 32.500
83.000 32.750
83.250 32.750
83.250 32.500
Building 4 5 0.062
83.000 32.750
83.000 33.000
83.250 33.000
83.250 32.750
Building 4 5 0.062
83.000 33.000
83.000 33.250
83.250 33.250
83.250 33.000
Building 4 5 0.062
83.250 33.500
83.250 33.250
83.000 33.250
83.000 33.500
Building 4 5 0.062
83.250 26.500
83.250 26.750
83.500 26.750
83.500 26.500
Building 4 5 0.062
83.250 26.750
83.250 27.000
83.500 27.000
83.500 26.750
Building 4 5 0.062
83.250 27.000
83.250 27.250
83.500 27.250
83.500 27.000
Building 4 5 0.062
83.250 27.250
83.250 27.500
83.500 27.500
83.500 27.250
Building 4 5 0.062
83.250 27.500
83.250 27.750
83.500 27.750
83.500 27.500
Building 4 5 0.062
83.250 27.750
83.250 28.000
83.500 28.000
83.500 27.750
Building 4 5 0.062
83.250 28.000
83.250 28.250
83.500 28.250
83.500 28.000
Building 4 5 0.062
83.500 28.500
83.500 28.250
83.250 28.250
83.250 28.500
Building 4 5 0.062
83.250 31.500
83.250 31.750
83.500 31.750
83.500 31.500
Building 4 5 0.062
83.250 31.750
83.250 32.000
83.500 32.000
83.500 31.750
Building 4 5 0.062
83.250 32.000
83.250 32.250
83.500 32.250
83.500 32.000
Building 4 5 0.062
83.250 32.250
83.250 32.500
83.500 32.500
83.500 32.250
Building 4 5 0.062
83.250 32.500
83.250 32.750
83.500 32.750
83.500 32.500
Building 4 5 0.062
83.250 32.750
83.250 33.000
83.500 33.000
83.500 32.750
Building 4 5 0.062
83.250 33.000
83.250 33.250
83.500 33.250
83.500 33.000
Building 4 5 0.062
83.500 33.500
83.500 33.250
83.250 33.250
83.250 33.500
Building 4 5 0.062
83.500 26.500
83.500 26.750
83.750 26.750
83.750 26.500
Building 4 5 0.062
83.500 26.750
83.500 27.000
83.750 27.000
83.750 26.750
Building 4 5 0.062
83.500 27.000
83.500 27.250
83.750 27.250
83.750 27.000
Building 4 5 0.062
83.500 27.250
83.500 27.500
83.750 27.500
83.750 27.250
Building 4 5 0.062
83.500 27.500
83.500 27.750
83.750 27.750
83.750 27.500
Building 4 5 0.062
83.500 27.750
83.500 28.000
83.750 28.000
83.750 27.750
Building 4 5 0.062
83.500 28.000
83.500 28.250
83.750 28.250
83.750 28.000
Building 4 5 0.062
83.750 28.500
83.750 28.250
83.500 28.250
83.500 28.500
Building 4 5 0.062
83.500 31.500
83.500 31.750
83.750 31.750
83.750 31.500
Building 4 5 0.062
83.500 31.750
83.500 32.000
83.750 32.000
83.750 31.750
Building 4 5 0.062
83.500 32.000
83.500 32.250
83.750 32.250
83.750 32.000
Building 4 5 0.062
83.500 32.250
83.500 32.500
83.750 32.500
83.750 32.250
Building 4 5 0.062
83.500 32.500
83.500 32.750
83.750 32.750
83.750 32.500
Building 4 5 0.062
83.500 32.750
83.500 33.000
83.750 33.000
83.750 32.750
Building 4 5 0.062
83.500 33.000
83.500 33.250
83.750 33.250
83.750 33.000
Building 4 5 0.062
83.750 33.500
83.750 33.250
83.500 33.250
83.500 33.500
Building 4 5 0.062
83.750 26.500
83.750 26.750
84.000 26.750
84.000 26.500
Building 4 5 0.062
83.750 26.750
83.750 27.000
84.000 27.000
84.000 26.750
Building 4 5 0.062
83.750 27.000
83.750 27.250
84.000 27.250
84.000 27.000
Building 4 5 0.062
83.750 27.250
83.750 27.500
84.000 27.500
84.000 27.250
Building 4 5 0.062
83.750 27.500
83.750 27.750
84.000 27.750
84.000 27.500
Building 4 5 0.062
83.750 27.750
83.750 28.000
84.000 28.000
84.000 27.750
Building 4 5 0.062
83.750 28.000
83.750 28.250
84.000 28.250
84.000 28.000
Building 4 5 0.062
84.000 28.500
84.000 28.250
83.750 28.250
83.750 28.500
Building 4 5 0.062
83.750 31.500
83.750 31.750
84.000 31.750
84.000 31.500
Building 4 5 0.062
83.750 31.750
83.750 32.000
84.000 32.000
84.000 31.750
Building 4 5 0.062
83.750 32.000
83.750 32.250
84.000 32.250
84.000 32.000
Building 4 5 0.062
83.750 32.250
83.750 32.500
84.000 32.500
84.000 32.250
Building 4 5 0.062
83.750 32.500
83.750 32.750
84.000 32.750
84.000 32.500
Building 4 5 0.062
83.750 32.750
83.750 33.000
84.000 33.000
84.000 32.750
Building 4 5 0.062
83.750 33.000
83.750 33.250
84.000 33.250
84.000 33.000
Building 4 5 0.062
84.000 33.500
84.000 33.250
83.750 33.250
83.750 33.500
Building 4 5 0.062
84.000 26.500
84.000 26.750
84.250 26.750
84.250 26.500
Building 4 5 0.062
84.000 26.750
84.000 27.000
84.250 27.000
84.250 26.750
Building 4 5 0.062
84.000 27.000
84.000 27.250
84.250 27.250
84.250 27.000
Building 4 5 0.062
84.000 27.250
84.000 27.500
84.250 27.500
84.250 27.250
Building 4 5 0.062
84.000 27.500
84.000 27.750
84.250 27.750
84.250 27.500
Building 4 5 0.062
84.000 27.750
84.000 28.000
84.250 28.000
84.250 27.750
Building 4 5 0.062
84.000 28.000
84.000 28.250
84.250 28.250
84.250 28.000
Building 4 5 0.062
84.250 28.500
84.250 28.250
84.000 28.250
84.000 28.500
Building 4 5 0.062
84.000 31.500
84.000 31.750
84.250 31.750
84.250 31.500
Building 4 5 0.062
84.000 31.750
84.000 32.000
84.250 32.000
84.250 31.750
Building 4 5 0.062
84.000 32.000
84.000 32.250
84.250 32.250
84.250 32.000
Building 4 5 0.062
84.000 32.250
84.000 32.500
84.250 32.500
84.250 32.250
Building 4 5 0.062
84.000 32.500
84.000 32.750
84.250 32.750
84.250 32.500
Building 4 5 0.062
84.000 32.750
84.000 33.000
84.250 33.000
84.250 32.750
Building 4 5 0.062
84.000 33.000
84.000 33.250
84.250 33.250
84.250 33.000
Building 4 5 0.062
84.250 33.500
84.250 33.250
84.000 33.250
84.000 33.500
Building 4 5 0.062
84.250 26.500
84.250 26.750
84.500 26.750
84.500 26.500
Building 4 5 0.062
84.250 26.750
84.250 27.000
84.500 27.000
84.500 26.750
Building 4 5 0.062
84.250 27.000
84.250 27.250
84.500 27.250
84.500 27.000
Building 4 5 0.062
84.250 27.250
84.250 27.500
84.500 27.500
84.500 27.250
Building 4 5 0.062
84.250 27.500
84.250 27.750
84.500 27.750
84.500 27.500
Building 4 5 0.062
84.250 27.750
84.250 28.000
84.500 28.000
84.500 27.750
Building 4 5 0.062
84.250 28.000
84.250 28.250
84.500 28.250
84.500 28.000
Building 4 5 0.062
84.500 28.500
84.500 28.250
84.250 28.250
84.250 28.500
Building 4 5 0.062
84.250 31.500
84.250 31.750
84.500 31.750
84.500 31.500
Building 4 5 0.062
84.250 31.750
84.250 32.000
84.500 32.000
84.500 31.750
Building 4 5 0.062
84.250 32.000
84.250 32.250
84.500 32.250
84.500 32.000
Building 4 5 0.062
84.250 32.250
84.250 32.500
84.500 32.500
84.500 32.250
Building 4 5 0.062
84.250 32.500
84.250 32.750
84.500 32.750
84.500 32.500
Building 4 5 0.062
84.250 32.750
84.250 33.000
84.500 33.000
84.500 32.750
Building 4 5 0.062
84.250 33.000
84.250 33.250
84.500 33.250
84.500 33.000
Building 4 5 0.062
84.500 33.500
84.500 33.250
84.250 33.250
84.250 33.500
Building 4 5 0.062
84.500 26.500
84.500 26.750
84.750 26.750
84.750 26.500
Building 4 5 0.062
84.500 26.750
84.500 27.000
84.750 27.000
84.750 26.750
Building 4 5 0.062
84.500 27.000
84.500 27.250
84.750 27.250
84.750 27.000
Building 4 5 0.062
84.500 27.250
84.500 27.500
84.750 27.500
84.750 27.250
Building 4 5 0.062
84.500 27.500
84.500 27.750
84.750 27.750
84.750 27.500
Building 4 5 0.062
84.500 27.750
84.500 28.000
84.750 28.000
84.750 27.750
Building 4 5 0.062
84.500 28.000
84.500 28.250
84.750 28.250
84.750 28.000
Building 4 5 0.062
84.750 28.500
84.750 28.250
84.500 28.250
84.500 28.500
Building 4 5 0.062
84.500 31.500
84.500 31.750
84.750 31.750
84.750 31.500
Building 4 5 0.062
84.500 31.750
84.500 32.000
84.750 32.000
84.750 31.750
Building 4 5 0.062
84.500 32.000
84.500 32.250
84.750 32.250
84.750 32.000
Building 4 5 0.062
84.500 32.250
84.500 32.500
84.750 32.500
84.750 32.250
Building 4 5 0.062
84.500 32.500
84.500 32.750
84.750 32.750
84.750 32.500
Building 4 5 0.062
84.500 32.750
84.500 33.000
84.750 33.000
84.750 32.750
Building 4 5 0.062
84.500 33.000
84.500 33.250
84.750 33.250
84.750 33.000
Building 4 5 0.062
84.750 33.500
84.750 33.250
84.500 33.250
84.500 33.500
Building 4 5 0.062
84.750 26.500
84.750 26.750
85.000 26.750
85.000 26.500
Building 4 5 0.062
84.750 26.750
84.750 27.000
85.000 27.000
85.000 26.750
Building 4 5 0.062
84.750 27.000
84.750 27.250
85.000 27.250
85.000 27.000
Building 4 5 0.062
84.750 27.250
84.750 27.500
85.000 27.500
85.000 27.250
Building 4 5 0.062
84.750 27.500
84.750 27.750
85.000 27.750
85.000 27.500
Building 4 5 0.062
84.750 27.750
84.750 28.000
85.000 28.000
85.000 27.750
Building 4 5 0.062
84.750 28.000
84.750 28.250
85.000 28.250
85.000 28.000
Building 4 5 0.062
85.000 28.500
85.000 28.250
84.750 28.250
84.750 28.500
Building 4 5 0.062
84.750 31.500
84.750 31.750
85.000 31.750
85.000 31.500
Building 4 5 0.062
84.750 31.750
84.750 32.000
85.000 32.000
85.000 31.750
Building 4 5 0.062
84.750 32.000
84.750 32.250
85.000 32.250
85.000 32.000
Building 4 5 0.062
84.750 32.250
84.750 32.500
85.000 32.500
85.000 32.250
Building 4 5 0.062
84.750 32.500
84.750 32.750
85.000 32.750
85.000 32.500
Building 4 5 0.062
84.750 32.750
84.750 33.000
85.000 33.000
85.000 32.750
Building 4 5 0.062
84.750 33.000
84.750 33.250
85.000 33.250
85.000 33.000
Building 4 5 0.062
85.000 33.500
85.000 33.250
84.750 33.250
84.750 33.500
Building 4 5 0.062
85.000 26.500
85.000 26.750
85.250 26.750
85.250 26.500
Building 4 5 0.062
85.000 26.750
85.000 27.000
85.250 27.000
85.250 26.750
Building 4 5 0.062
85.000 27.000
85.000 27.250
85.250 27.250
85.250 27.000
Building 4 5 0.062
85.000 27.250
85.000 27.500
85.250 27.500
85.250 27.250
Building 4 5 0.062
85.000 27.500
85.000 27.750
85.250 27.750
85.250 27.500
Building 4 5 0.062
85.000 27.750
85.000 28.000
85.250 28.000
85.250 27.750
Building 4 5 0.062
85.000 28.000
85.000 28.250
85.250 28.250
85.250 28.000
Building 4 5 0.062
85.250 28.500
85.250 28.250
85.000 28.250
85.000 28.500
Building 4 5 0.062
85.000 31.500
85.000 31.750
85.250 31.750
85.250 31.500
Building 4 5 0.062
85.000 31.750
85.000 32.000
85.250 32.000
85.250 31.750
Building 4 5 0.062
85.000 32.000
85.000 32.250
85.250 32.250
85.250 32.000
Building 4 5 0.062
85.000 32.250
85.000 32.500
85.250 32.500
85.250 32.250
Building 4 5 0.062
85.000 32.500
85.000 32.750
85.250 32.750
85.250 32.500
Building 4 5 0.062
85.000 32.750
85.000 33.000
85.250 33.000
85.250 32.750
Building 4 5 0.062
85.000 33.000
85.000 33.250
85.250 33.250
85.250 33.000
Building 4 5 0.062
85.250 33.500
85.250 33.250
85.000 33.250
85.000 33.500
Building 4 5 0.062
85.250 26.500
85.250 26.750
85.500 26.750
85.500 26.500
Building 4 5 0.062
85.250 26.750
85.250 27.000
85.500 27.000
85.500 26.750
Building 4 5 0.062
85.250 27.000
85.250 27.250
85.500 27.250
85.500 27.000
Building 4 5 0.062
85.250 27.250
85.250 27.500
85.500 27.500
85.500 27.250
Building 4 5 0.062
85.250 27.500
85.250 27.750
85.500 27.750
85.500 27.500
Building 4 5 0.062
85.250 27.750
85.250 28.000
85.500 28.000
85.500 27.750
Building 4 5 0.062
85.250 28.000
85.250 28.250
85.500 28.250
85.500 28.000
Building 4 5 0.062
85.500 28.500
85.500 28.250
85.250 28.250
85.250 28.500
Building 4 5 0.062
85.250 31.500
85.250 31.750
85.500 31.750
85.500 31.500
Building 4 5 0.062
85.250 31.750
85.250 32.000
85.500 32.000
85.500 31.750
Building 4 5 0.062
85.250 32.000
85.250 32.250
85.500 32.250
85.500 32.000
Building 4 5 0.062
85.250 32.250
85.250 32.500
85.500 32.500
85.500 32.250
Building 4 5 0.062
85.250 32.500
85.250 32.750
85.500 32.750
85.500 32.500
Building 4 5 0.062
85.250 32.750
85.250 33.000
85.500 33.000
85.500 32.750
Building 4 5 0.062
85.250 33.000
85.250 33.250
85.500 33.250
85.500 33.000
Building 4 5 0.062
85.500 33.500
85.500 33.250
85.250 33.250
85.250 33.500
Building 4 5 0.062
85.500 26.500
85.500 26.750
85.750 26.750
85.750 26.500
Building 4 5 0.062
85.500 26.750
85.500 27.000
85.750 27.000
85.750 26.750
Building 4 5 0.062
85.500 27.000
85.500 27.250
85.750 27.250
85.750 27.000
Building 4 5 0.062
85.500 27.250
85.500 27.500
85.750 27.500
85.750 27.250
Building 4 5 0.062
85.500 27.500
85.500 27.750
85.750 27.750
85.750 27.500
Building 4 5 0.062
85.500 27.750
85.500 28.000
85.750 28.000
85.750 27.750
Building 4 5 0.062
85.500 28.000
85.500 28.250
85.750 28.250
85.750 28.000
Building 4 5 0.062
85.750 28.500
85.750 28.250
85.500 28.250
85.500 28.500
Building 4 5 0.062
85.500 31.500
85.500 31.750
85.750 31.750
85.750 31.500
Building 4 5 0.062
85.500 31.750
85.500 32.000
85.750 32.000
85.750 31.750
Building 4 5 0.062
85.500 32.000
85.500 32.250
85.750 32.250
85.750 32.000
Building 4 5 0.062
85.500 32.250
85.500 32.500
85.750 32.500
85.750 32.250
Building 4 5 0.062
85.500 32.500
85.500 32.750
85.750 32.750
85.750 32.500
Building 4 5 0.062
85.500 32.750
85.500 33.000
85.750 33.000
85.750 32.750
Building 4 5 0.062
85.500 33.000
85.500 33.250
85.750 33.250
85.750 33.000
Building 4 5 0.062
85.750 33.500
85.750 33.250
85.500 33.250
85.500 33.500
Building 4 5 0.062
85.750 26.500
85.750 26.750
86.000 26.750
86.000 26.500
Building 4 5 0.062
85.750 26.750
85.750 27.000
86.000 27.000
86.000 26.750
Building 4 5 0.062
85.750 27.000
85.750 27.250
86.000 27.250
86.000 27.000
Building 4 5 0.062
85.750 27.250
85.750 27.500
86.000 27.500
86.000 27.250
Building 4 5 0.062
85.750 27.500
85.750 27.750
86.000 27.750
86.000 27.500
Building 4 5 0.062
85.750 27.750
85.750 28.000
86.000 28.000
86.000 27.750
Building 4 5 0.062
85.750 28.000
85.750 28.250
86.000 28.250
86.000 28.000
Building 4 5 0.062
86.000 28.500
86.000 28.250
85.750 28.250
85.750 28.500
Building 4 5 0.062
85.750 31.500
85.750 31.750
86.000 31.750
86.000 31.500
Building 4 5 0.062
85.750 31.750
85.750 32.000
86.000 32.000
86.000 31.750
Building 4 5 0.062
85.750 32.000
85.750 32.250
86.000 32.250
86.000 32.000
Building 4 5 0.062
85.750 32.250
85.750 32.500
86.000 32.500
86.000 32.250
Building 4 5 0.062
85.750 32.500
85.750 32.750
86.000 32.750
86.000 32.500
Building 4 5 0.062
85.750 32.750
85.750 33.000
86.000 33.000
86.000 32.750
Building 4 5 0.062
85.750 33.000
85.750 33.250
86.000 33.250
86.000 33.000
Building 4 5 0.062
86.000 33.500
86.000 33.250
85.750 33.250
85.750 33.500
Building 4 5 0.062
86.000 26.500
86.000 26.750
86.250 26.750
86.250 26.500
Building 4 5 0.062
86.000 26.750
86.000 27.000
86.250 27.000
86.250 26.750
Building 4 5 0.062
86.000 27.000
86.000 27.250
86.250 27.250
86.250 27.000
Building 4 5 0.062
86.000 27.250
86.000 27.500
86.250 27.500
86.250 27.250
Building 4 5 0.062
86.000 27.500
86.000 27.750
86.250 27.750
86.250 27.500
Building 4 5 0.062
86.000 27.750
86.000 28.000
86.250 28.000
86.250 27.750
Building 4 5 0.062
86.000 28.000
86.000 28.250
86.250 28.250
86.250 28.000
Building 4 5 0.062
86.250 28.500
86.250 28.250
86.000 28.250
86.000 28.500
Building 4 5 0.062
86.000 31.500
86.000 31.750
86.250 31.750
86.250 31.500
Building 4 5 0.062
86.000 31.750
86.000 32.000
86.250 32.000
86.250 31.750
Building 4 5 0.062
86.000 32.000
86.000 32.250
86.250 32.250
86.250 32.000
Building 4 5 0.062
86.000 32.250
86.000 32.500
86.250 32.500
86.250 32.250
Building 4 5 0.062
86.000 32.500
86.000 32.750
86.250 32.750
86.250 32.500
Building 4 5 0.062
86.000 32.750
86.000 33.000
86.250 33.000
86.250 32.750
Building 4 5 0.062
86.000 33.000
86.000 33.250
86.250 33.250
86.250 33.000
Building 4 5 0.062
86.250 33.500
86.250 33.250
86.000 33.250
86.000 33.500
Building 4 5 0.062
86.250 26.500
86.250 26.750
86.500 26.750
86.500 26.500
Building 4 5 0.062
86.250 26.750
86.250 27.000
86.500 27.000
86.500 26.750
Building 4 5 0.062
86.250 27.000
86.250 27.250
86.500 27.250
86.500 27.000
Building 4 5 0.062
86.250 27.250
86.250 27.500
86.500 27.500
86.500 27.250
Building 4 5 0.062
86.250 27.500
86.250 27.750
86.500 27.750
86.500 27.500
Building 4 5 0.062
86.250 27.750
86.250 28.000
86.500 28.000
86.500 27.750
Building 4 5 0.062
86.250 28.000
86.250 28.250
86.500 28.250
86.500 28.000
Building 4 5 0.062
86.500 28.500
86.500 28.250
86.250 28.250
86.250 28.500
Building 4 5 0.062
86.250 31.500
86.250 31.750
86.500 31.750
86.500 31.500
Building 4 5 0.062
86.250 31.750
86.250 32.000
86.500 32.000
86.500 31.750
Building 4 5 0.062
86.250 32.000
86.250 32.250
86.500 32.250
86.500 32.000
Building 4 5 0.062
86.250 32.250
86.250 32.500
86.500 32.500
86.500 32.250
Building 4 5 0.062
86.250 32.500
86.250 32.750
86.500 32.750
86.500 32.500
Building 4 5 0.062
86.250 32.750
86.250 33.000
86.500 33.000
86.500 32.750
Building 4 5 0.062
86.250 33.000
86.250 33.250
86.500 33.250
86.500 33.000
Building 4 5 0.062
86.500 33.500
86.500 33.250
86.250 33.250
86.250 33.500
Building 4 5 0.062
86.500 26.500
86.500 26.750
86.750 26.750
86.750 26.500
Building 4 5 0.062
86.500 26.750
86.500 27.000
86.750 27.000
86.750 26.750
Building 4 5 0.062
86.500 27.000
86.500 27.250
86.750 27.250
86.750 27.000
Building 4 5 0.062
86.500 27.250
86.500 27.500
86.750 27.500
86.750 27.250
Building 4 5 0.062
86.500 27.500
86.500 27.750
86.750 27.750
86.750 27.500
Building 4 5 0.062
86.500 27.750
86.500 28.000
86.750 28.000
86.750 27.750
Building 4 5 0.062
86.500 28.000
86.500 28.250
86.750 28.250
86.750 28.000
Building 4 5 0.062
86.750 28.500
86.750 28.250
86.500 28.250
86.500 28.500
Building 4 5 0.062
86.500 31.500
86.500 31.750
86.750 31.750
86.750 31.500
Building 4 5 0.062
86.500 31.750
86.500 32.000
86.750 32.000
86.750 31.750
Building 4 5 0.062
86.500 32.000
86.500 32.250
86.750 32.250
86.750 32.000
Building 4 5 0.062
86.500 32.250
86.500 32.500
86.750 32.500
86.750 32.250
Building 4 5 0.062
86.500 32.500
86.500 32.750
86.750 32.750
86.750 32.500
Building 4 5 0.062
86.500 32.750
86.500 33.000
86.750 33.000
86.750 32.750
Building 4 5 0.062
86.500 33.000
86.500 33.250
86.750 33.250
86.750 33.000
Building 4 5 0.062
86.750 33.500
86.750 33.250
86.500 33.250
86.500 33.500
Building 4 5 0.062
86.750 26.500
86.750 26.750
87.000 26.750
87.000 26.500
Building 4 5 0.062
86.750 26.750
86.750 27.000
87.000 27.000
87.000 26.750
Building 4 5 0.062
86.750 27.000
86.750 27.250
87.000 27.250
87.000 27.000
Building 4 5 0.062
86.750 27.250
86.750 27.500
87.000 27.500
87.000 27.250
Building 4 5 0.062
86.750 27.500
86.750 27.750
87.000 27.750
87.000 27.500
Building 4 5 0.062
86.750 27.750
86.750 28.000
87.000 28.000
87.000 27.750
Building 4 5 0.062
86.750 28.000
86.750 28.250
87.000 28.250
87.000 28.000
Building 4 5 0.062
87.000 28.500
87.000 28.250
86.750 28.250
86.750 28.500
Building 4 5 0.062
86.750 31.500
86.750 31.750
87.000 31.750
87.000 31.500
Building 4 5 0.062
86.750 31.750
86.750 32.000
87.000 32.000
87.000 31.750
Building 4 5 0.062
86.750 32.000
86.750 32.250
87.000 32.250
87.000 32.000
Building 4 5 0.062
86.750 32.250
86.750 32.500
87.000 32.500
87.000 32.250
Building 4 5 0.062
86.750 32.500
86.750 32.750
87.000 32.750
87.000 32.500
Building 4 5 0.062
86.750 32.750
86.750 33.000
87.000 33.000
87.000 32.750
Building 4 5 0.062
86.750 33.000
86.750 33.250
87.000 33.250
87.000 33.000
Building 4 5 0.062
87.000 33.500
87.000 33.250
86.750 33.250
86.750 33.500
Building 4 5 0.062
87.000 26.500
87.000 26.750
87.250 26.750
87.250 26.500
Building 4 5 0.062
87.000 26.750
87.000 27.000
87.250 27.000
87.250 26.750
Building 4 5 0.062
87.000 27.000
87.000 27.250
87.250 27.250
87.250 27.000
Building 4 5 0.062
87.000 27.250
87.000 27.500
87.250 27.500
87.250 27.250
Building 4 5 0.062
87.000 27.500
87.000 27.750
87.250 27.750
87.250 27.500
Building 4 5 0.062
87.000 27.750
87.000 28.000
87.250 28.000
87.250 27.750
Building 4 5 0.062
87.000 28.000
87.000 28.250
87.250 28.250
87.250 28.000
Building 4 5 0.062
87.250 28.500
87.250 28.250
87.000 28.250
87.000 28.500
Building 4 5 0.062
87.000 31.500
87.000 31.750
87.250 31.750
87.250 31.500
Building 4 5 0.062
87.000 31.750
87.000 32.000
87.250 32.000
87.250 31.750
Building 4 5 0.062
87.000 32.000
87.000 32.250
87.250 32.250
87.250 32.000
Building 4 5 0.062
87.000 32.250
87.000 32.500
87.250 32.500
87.250 32.250
Building 4 5 0.062
87.000 32.500
87.000 32.750
87.250 32.750
87.250 32.500
Building 4 5 0.062
87.000 32.750
87.000 33.000
87.250 33.000
87.250 32.750
Building 4 5 0.062
87.000 33.000
87.000 33.250
87.250 33.250
87.250 33.000
Building 4 5 0.062
87.250 33.500
87.250 33.250
87.000 33.250
87.000 33.500
Building 4 5 0.062
87.250 26.500
87.250 26.750
87.500 26.750
87.500 26.500
Building 4 5 0.062
87.250 26.750
87.250 27.000
87.500 27.000
87.500 26.750
Building 4 5 0.062
87.250 27.000
87.250 27.250
87.500 27.250
87.500 27.000
Building 4 5 0.062
87.250 27.250
87.250 27.500
87.500 27.500
87.500 27.250
Building 4 5 0.062
87.250 27.500
87.250 27.750
87.500 27.750
87.500 27.500
Building 4 5 0.062
87.250 27.750
87.250 28.000
87.500 28.000
87.500 27.750
Building 4 5 0.062
87.250 28.000
87.250 28.250
87.500 28.250
87.500 28.000
Building 4 5 0.062
87.500 28.500
87.500 28.250
87.250 28.250
87.250 28.500
Building 4 5 0.062
87.250 31.500
87.250 31.750
87.500 31.750
87.500 31.500
Building 4 5 0.062
87.250 31.750
87.250 32.000
87.500 32.000
87.500 31.750
Building 4 5 0.062
87.250 32.000
87.250 32.250
87.500 32.250
87.500 32.000
Building 4 5 0.062
87.250 32.250
87.250 32.500
87.500 32.500
87.500 32.250
Building 4 5 0.062
87.250 32.500
87.250 32.750
87.500 32.750
87.500 32.500
Building 4 5 0.062
87.250 32.750
87.250 33.000
87.500 33.000
87.500 32.750
Building 4 5 0.062
87.250 33.000
87.250 33.250
87.500 33.250
87.500 33.000
Building 4 5 0.062
87.500 33.500
87.500 33.250
87.250 33.250
87.250 33.500
Building 4 5 0.062
87.500 26.500
87.500 26.750
87.750 26.750
87.750 26.500
Building 4 5 0.062
87.500 26.750
87.500 27.000
87.750 27.000
87.750 26.750
Building 4 5 0.062
87.500 27.000
87.500 27.250
87.750 27.250
87.750 27.000
Building 4 5 0.062
87.500 27.250
87.500 27.500
87.750 27.500
87.750 27.250
Building 4 5 0.062
87.500 27.500
87.500 27.750
87.750 27.750
87.750 27.500
Building 4 5 0.062
87.500 27.750
87.500 28.000
87.750 28.000
87.750 27.750
Building 4 5 0.062
87.500 28.000
87.500 28.250
87.750 28.250
87.750 28.000
Building 4 5 0.062
87.750 28.500
87.750 28.250
87.500 28.250
87.500 28.500
Building 4 5 0.062
87.500 31.500
87.500 31.750
87.750 31.750
87.750 31.500
Building 4 5 0.062
87.500 31.750
87.500 32.000
87.750 32.000
87.750 31.750
Building 4 5 0.062
87.500 32.000
87.500 32.250
87.750 32.250
87.750 32.000
Building 4 5 0.062
87.500 32.250
87.500 32.500
87.750 32.500
87.750 32.250
Building 4 5 0.062
87.500 32.500
87.500 32.750
87.750 32.750
87.750 32.500
Building 4 5 0.062
87.500 32.750
87.500 33.000
87.750 33.000
87.750 32.750
Building 4 5 0.062
87.500 33.000
87.500 33.250
87.750 33.250
87.750 33.000
Building 4 5 0.062
87.750 33.500
87.750 33.250
87.500 33.250
87.500 33.500
Building 4 5 0.062
87.750 26.500
87.750 26.750
88.000 26.750
88.000 26.500
Building 4 5 0.062
87.750 26.750
87.750 27.000
88.000 27.000
88.000 26.750
Building 4 5 0.062
87.750 27.000
87.750 27.250
88.000 27.250
88.000 27.000
Building 4 5 0.062
87.750 27.250
87.750 27.500
88.000 27.500
88.000 27.250
Building 4 5 0.062
87.750 27.500
87.750 27.750
88.000 27.750
88.000 27.500
Building 4 5 0.062
87.750 27.750
87.750 28.000
88.000 28.000
88.000 27.750
Building 4 5 0.062
87.750 28.000
87.750 28.250
88.000 28.250
88.000 28.000
Building 4 5 0.062
88.000 28.500
88.000 28.250
87.750 28.250
87.750 28.500
Building 4 5 0.062
87.750 31.500
87.750 31.750
88.000 31.750
88.000 31.500
Building 4 5 0.062
87.750 31.750
87.750 32.000
88.000 32.000
88.000 31.750
Building 4 5 0.062
87.750 32.000
87.750 32.250
88.000 32.250
88.000 32.000
Building 4 5 0.062
87.750 32.250
87.750 32.500
88.000 32.500
88.000 32.250
Building 4 5 0.062
87.750 32.500
87.750 32.750
88.000 32.750
88.000 32.500
Building 4 5 0.062
87.750 32.750
87.750 33.000
88.000 33.000
88.000 32.750
Building 4 5 0.062
87.750 33.000
87.750 33.250
88.000 33.250
88.000 33.000
Building 4 5 0.062
88.000 33.500
88.000 33.250
87.750 33.250
87.750 33.500
Building 4 5 0.062
88.000 26.500
88.000 26.750
88.250 26.750
88.250 26.500
Building 4 5 0.062
88.000 26.750
88.000 27.000
88.250 27.000
88.250 26.750
Building 4 5 0.062
88.000 27.000
88.000 27.250
88.250 27.250
88.250 27.000
Building 4 5 0.062
88.000 27.250
88.000 27.500
88.250 27.500
88.250 27.250
Building 4 5 0.062
88.000 27.500
88.000 27.750
88.250 27.750
88.250 27.500
Building 4 5 0.062
88.000 27.750
88.000 28.000
88.250 28.000
88.250 27.750
Building 4 5 0.062
88.000 28.000
88.000 28.250
88.250 28.250
88.250 28.000
Building 4 5 0.062
88.250 28.500
88.250 28.250
88.000 28.250
88.000 28.500
Building 4 5 0.062
88.000 31.500
88.000 31.750
88.250 31.750
88.250 31.500
Building 4 5 0.062
88.000 31.750
88.000 32.000
88.250 32.000
88.250 31.750
Building 4 5 0.062
88.000 32.000
88.000 32.250
88.250 32.250
88.250 32.000
Building 4 5 0.062
88.000 32.250
88.000 32.500
88.250 32.500
88.250 32.250
Building 4 5 0.062
88.000 32.500
88.000 32.750
88.250 32.750
88.250 32.500
Building 4 5 0.062
88.000 32.750
88.000 33.000
88.250 33.000
88.250 32.750
Building 4 5 0.062
88.000 33.000
88.000 33.250
88.250 33.250
88.250 33.000
Building 4 5 0.062
88.250 33.500
88.250 33.250
88.000 33.250
88.000 33.500
Building 4 5 0.062
88.250 26.500
88.250 26.750
88.500 26.750
88.500 26.500
Building 4 5 0.062
88.250 26.750
88.250 27.000
88.500 27.000
88.500 26.750
Building 4 5 0.062
88.250 27.000
88.250 27.250
88.500 27.250
88.500 27.000
Building 4 5 0.062
88.250 27.250
88.250 27.500
88.500 27.500
88.500 27.250
Building 4 5 0.062
88.250 27.500
88.250 27.750
88.500 27.750
88.500 27.500
Building 4 5 0.062
88.250 27.750
88.250 28.000
88.500 28.000
88.500 27.750
Building 4 5 0.062
88.250 28.000
88.250 28.250
88.500 28.250
88.500 28.000
Building 4 5 0.062
88.500 28.500
88.500 28.250
88.250 28.250
88.250 28.500
Building 4 5 0.062
88.250 31.500
88.250 31.750
88.500 31.750
88.500 31.500
Building 4 5 0.062
88.250 31.750
88.250 32.000
88.500 32.000
88.500 31.750
Building 4 5 0.062
88.250 32.000
88.250 32.250
88.500 32.250
88.500 32.000
Building 4 5 0.062
88.250 32.250
88.250 32.500
88.500 32.500
88.500 32.250
Building 4 5 0.062
88.250 32.500
88.250 32.750
88.500 32.750
88.500 32.500
Building 4 5 0.062
88.250 32.750
88.250 33.000
88.500 33.000
88.500 32.750
Building 4 5 0.062
88.250 33.000
88.250 33.250
88.500 33.250
88.500 33.000
Building 4 5 0.062
88.500 33.500
88.500 33.250
88.250 33.250
88.250 33.500
Building 4 5 0.062
88.500 26.500
88.500 26.750
88.750 26.750
88.750 26.500
Building 4 5 0.062
88.500 26.750
88.500 27.000
88.750 27.000
88.750 26.750
Building 4 5 0.062
88.500 27.000
88.500 27.250
88.750 27.250
88.750 27.000
Building 4 5 0.062
88.500 27.250
88.500 27.500
88.750 27.500
88.750 27.250
Building 4 5 0.062
88.500 27.500
88.500 27.750
88.750 27.750
88.750 27.500
Building 4 5 0.062
88.500 27.750
88.500 28.000
88.750 28.000
88.750 27.750
Building 4 5 0.062
88.500 28.000
88.500 28.250
88.750 28.250
88.750 28.000
Building 4 5 0.062
88.750 28.500
88.750 28.250
88.500 28.250
88.500 28.500
Building 4 5 0.062
88.500 31.500
88.500 31.750
88.750 31.750
88.750 31.500
Building 4 5 0.062
88.500 31.750
88.500 32.000
88.750 32.000
88.750 31.750
Building 4 5 0.062
88.500 32.000
88.500 32.250
88.750 32.250
88.750 32.000
Building 4 5 0.062
88.500 32.250
88.500 32.500
88.750 32.500
88.750 32.250
Building 4 5 0.062
88.500 32.500
88.500 32.750
88.750 32.750
88.750 32.500
Building 4 5 0.062
88.500 32.750
88.500 33.000
88.750 33.000
88.750 32.750
Building 4 5 0.062
88.500 33.000
88.500 33.250
88.750 33.250
88.750 33.000
Building 4 5 0.062
88.750 33.500
88.750 33.250
88.500 33.250
88.500 33.500
Building 4 5 0.062
88.750 26.500
88.750 26.750
89.000 26.750
89.000 26.500
Building 4 5 0.062
88.750 26.750
88.750 27.000
89.000 27.000
89.000 26.750
Building 4 5 0.062
88.750 27.000
88.750 27.250
89.000 27.250
89.000 27.000
Building 4 5 0.062
88.750 27.250
88.750 27.500
89.000 27.500
89.000 27.250
Building 4 5 0.062
88.750 27.500
88.750 27.750
89.000 27.750
89.000 27.500
Building 4 5 0.062
88.750 27.750
88.750 28.000
89.000 28.000
89.000 27.750
Building 4 5 0.062
88.750 28.000
88.750 28.250
89.000 28.250
89.000 28.000
Building 4 5 0.062
89.000 28.500
89.000 28.250
88.750 28.250
88.750 28.500
Building 4 5 0.062
88.750 31.500
88.750 31.750
89.000 31.750
89.000 31.500
Building 4 5 0.062
88.750 31.750
88.750 32.000
89.000 32.000
89.000 31.750
Building 4 5 0.062
88.750 32.000
88.750 32.250
89.000 32.250
89.000 32.000
Building 4 5 0.062
88.750 32.250
88.750 32.500
89.000 32.500
89.000 32.250
Building 4 5 0.062
88.750 32.500
88.750 32.750
89.000 32.750
89.000 32.500
Building 4 5 0.062
88.750 32.750
88.750 33.000
89.000 33.000
89.000 32.750
Building 4 5 0.062
88.750 33.000
88.750 33.250
89.000 33.250
89.000 33.000
Building 4 5 0.062
89.000 33.500
89.000 33.250
88.750 33.250
88.750 33.500
Building 4 5 0.062
89.000 26.500
89.000 26.750
89.250 26.750
89.250 26.500
Building 4 5 0.062
89.000 26.750
89.000 27.000
89.250 27.000
89.250 26.750
Building 4 5 0.062
89.000 27.000
89.000 27.250
89.250 27.250
89.250 27.000
Building 4 5 0.062
89.000 27.250
89.000 27.500
89.250 27.500
89.250 27.250
Building 4 5 0.062
89.000 27.500
89.000 27.750
89.250 27.750
89.250 27.500
Building 4 5 0.062
89.000 27.750
89.000 28.000
89.250 28.000
89.250 27.750
Building 4 5 0.062
89.000 28.000
89.000 28.250
89.250 28.250
89.250 28.000
Building 4 5 0.062
89.250 28.500
89.250 28.250
89.000 28.250
89.000 28.500
Building 4 5 0.062
89.000 31.500
89.000 31.750
89.250 31.750
89.250 31.500
Building 4 5 0.062
89.000 31.750
89.000 32.000
89.250 32.000
89.250 31.750
Building 4 5 0.062
89.000 32.000
89.000 32.250
89.250 32.250
89.250 32.000
Building 4 5 0.062
89.000 32.250
89.000 32.500
89.250 32.500
89.250 32.250
Building 4 5 0.062
89.000 32.500
89.000 32.750
89.250 32.750
89.250 32.500
Building 4 5 0.062
89.000 32.750
89.000 33.000
89.250 33.000
89.250 32.750
Building 4 5 0.062
89.000 33.000
89.000 33.250
89.250 33.250
89.250 33.000
Building 4 5 0.062
89.250 33.500
89.250 33.250
89.000 33.250
89.000 33.500
Building 4 5 0.062
89.250 26.500
89.250 26.750
89.500 26.750
89.500 26.500
Building 4 5 0.062
89.250 26.750
89.250 27.000
89.500 27.000
89.500 26.750
Building 4 5 0.062
89.250 27.000
89.250 27.250
89.500 27.250
89.500 27.000
Building 4 5 0.062
89.250 27.250
89.250 27.500
89.500 27.500
89.500 27.250
Building 4 5 0.062
89.250 27.500
89.250 27.750
89.500 27.750
89.500 27.500
Building 4 5 0.062
89.250 27.750
89.250 28.000
89.500 28.000
89.500 27.750
Building 4 5 0.062
89.250 28.000
89.250 28.250
89.500 28.250
89.500 28.000
Building 4 5 0.062
89.500 28.500
89.500 28.250
89.250 28.250
89.250 28.500
Building 4 5 0.062
89.250 31.500
89.250 31.750
89.500 31.750
89.500 31.500
Building 4 5 0.062
89.250 31.750
89.250 32.000
89.500 32.000
89.500 31.750
Building 4 5 0.062
89.250 32.000
89.250 32.250
89.500 32.250
89.500 32.000
Building 4 5 0.062
89.250 32.250
89.250 32.500
89.500 32.500
89.500 32.250
Building 4 5 0.062
89.250 32.500
89.250 32.750
89.500 32.750
89.500 32.500
Building 4 5 0.062
89.250 32.750
89.250 33.000
89.500 33.000
89.500 32.750
Building 4 5 0.062
89.250 33.000
89.250 33.250
89.500 33.250
89.500 33.000
Building 4 5 0.062
89.500 33.500
89.500 33.250
89.250 33.250
89.250 33.500
Building 4 5 0.062
89.500 26.500
89.500 26.750
89.750 26.750
89.750 26.500
Building 4 5 0.062
89.500 26.750
89.500 27.000
89.750 27.000
89.750 26.750
Building 4 5 0.062
89.500 27.000
89.500 27.250
89.750 27.250
89.750 27.000
Building 4 5 0.062
89.500 27.250
89.500 27.500
89.750 27.500
89.750 27.250
Building 4 5 0.062
89.500 27.500
89.500 27.750
89.750 27.750
89.750 27.500
Building 4 5 0.062
89.500 27.750
89.500 28.000
89.750 28.000
89.750 27.750
Building 4 5 0.062
89.500 28.000
89.500 28.250
89.750 28.250
89.750 28.000
Building 4 5 0.062
89.750 28.500
89.750 28.250
89.500 28.250
89.500 28.500
Building 4 5 0.062
89.500 31.500
89.500 31.750
89.750 31.750
89.750 31.500
Building 4 5 0.062
89.500 31.750
89.500 32.000
89.750 32.000
89.750 31.750
Building 4 5 0.062
89.500 32.000
89.500 32.250
89.750 32.250
89.750 32.000
Building 4 5 0.062
89.500 32.250
89.500 32.500
89.750 32.500
89.750 32.250
Building 4 5 0.062
89.500 32.500
89.500 32.750
89.750 32.750
89.750 32.500
Building 4 5 0.062
89.500 32.750
89.500 33.000
89.750 33.000
89.750 32.750
Building 4 5 0.062
89.500 33.000
89.500 33.250
89.750 33.250
89.750 33.000
Building 4 5 0.062
89.750 33.500
89.750 33.250
89.500 33.250
89.500 33.500
Building 4 5 0.062
89.750 26.500
89.750 26.750
90.000 26.750
90.000 26.500
Building 4 5 0.062
89.750 26.750
89.750 27.000
90.000 27.000
90.000 26.750
Building 4 5 0.062
89.750 27.000
89.750 27.250
90.000 27.250
90.000 27.000
Building 4 5 0.062
89.750 27.250
89.750 27.500
90.000 27.500
90.000 27.250
Building 4 5 0.062
89.750 27.500
89.750 27.750
90.000 27.750
90.000 27.500
Building 4 5 0.062
89.750 27.750
89.750 28.000
90.000 28.000
90.000 27.750
Building 4 5 0.062
89.750 28.000
89.750 28.250
90.000 28.250
90.000 28.000
Building 4 5 0.062
90.000 28.500
90.000 28.250
89.750 28.250
89.750 28.500
Building 4 5 0.062
89.750 31.500
89.750 31.750
90.000 31.750
90.000 31.500
Building 4 5 0.062
89.750 31.750
89.750 32.000
90.000 32.000
90.000 31.750
Building 4 5 0.062
89.750 32.000
89.750 32.250
90.000 32.250
90.000 32.000
Building 4 5 0.062
89.750 32.250
89.750 32.500
90.000 32.500
90.000 32.250
Building 4 5 0.062
89.750 32.500
89.750 32.750
90.000 32.750
90.000 32.500
Building 4 5 0.062
89.750 32.750
89.750 33.000
90.000 33.000
90.000 32.750
Building 4 5 0.062
89.750 33.000
89.750 33.250
90.000 33.250
90.000 33.000
Building 4 5 0.062
90.000 33.500
90.000 33.250
89.750 33.250
89.750 33.500
Building 4 5 0.062
90.000 26.500
90.000 26.750
90.250 26.750
90.250 26.500
Building 4 5 0.062
90.000 26.750
90.000 27.000
90.250 27.000
90.250 26.750
Building 4 5 0.062
90.000 27.000
90.000 27.250
90.250 27.250
90.250 27.000
Building 4 5 0.062
90.000 27.250
90.000 27.500
90.250 27.500
90.250 27.250
Building 4 5 0.062
90.000 27.500
90.000 27.750
90.250 27.750
90.250 27.500
Building 4 5 0.062
90.000 27.750
90.000 28.000
90.250 28.000
90.250 27.750
Building 4 5 0.062
90.000 28.000
90.000 28.250
90.250 28.250
90.250 28.000
Building 4 5 0.062
90.250 28.500
90.250 28.250
90.000 28.250
90.000 28.500
Building 4 5 0.062
90.000 31.500
90.000 31.750
90.250 31.750
90.250 31.500
Building 4 5 0.062
90.000 31.750
90.000 32.000
90.250 32.000
90.250 31.750
Building 4 5 0.062
90.000 32.000
90.000 32.250
90.250 32.250
90.250 32.000
Building 4 5 0.062
90.000 32.250
90.000 32.500
90.250 32.500
90.250 32.250
Building 4 5 0.062
90.000 32.500
90.000 32.750
90.250 32.750
90.250 32.500
Building 4 5 0.062
90.000 32.750
90.000 33.000
90.250 33.000
90.250 32.750
Building 4 5 0.062
90.000 33.000
90.000 33.250
90.250 33.250
90.250 33.000
Building 4 5 0.062
90.250 33.500
90.250 33.250
90.000 33.250
90.000 33.500
Building 4 5 0.062
90.250 26.500
90.250 26.750
90.500 26.750
90.500 26.500
Building 4 5 0.062
90.250 26.750
90.250 27.000
90.500 27.000
90.500 26.750
Building 4 5 0.062
90.250 27.000
90.250 27.250
90.500 27.250
90.500 27.000
Building 4 5 0.062
90.250 27.250
90.250 27.500
90.500 27.500
90.500 27.250
Building 4 5 0.062
90.250 27.500
90.250 27.750
90.500 27.750
90.500 27.500
Building 4 5 0.062
90.250 27.750
90.250 28.000
90.500 28.000
90.500 27.750
Building 4 5 0.062
90.250 28.000
90.250 28.250
90.500 28.250
90.500 28.000
Building 4 5 0.062
90.500 28.500
90.500 28.250
90.250 28.250
90.250 28.500
Building 4 5 0.062
90.250 31.500
90.250 31.750
90.500 31.750
90.500 31.500
Building 4 5 0.062
90.250 31.750
90.250 32.000
90.500 32.000
90.500 31.750
Building 4 5 0.062
90.250 32.000
90.250 32.250
90.500 32.250
90.500 32.000
Building 4 5 0.062
90.250 32.250
90.250 32.500
90.500 32.500
90.500 32.250
Building 4 5 0.062
90.250 32.500
90.250 32.750
90.500 32.750
90.500 32.500
Building 4 5 0.062
90.250 32.750
90.250 33.000
90.500 33.000
90.500 32.750
Building 4 5 0.062
90.250 33.000
90.250 33.250
90.500 33.250
90.500 33.000
Building 4 5 0.062
90.500 33.500
90.500 33.250
90.250 33.250
90.250 33.500
Building 4 5 0.062
90.500 26.500
90.500 26.750
90.750 26.750
90.750 26.500
Building 4 5 0.062
90.500 26.750
90.500 27.000
90.750 27.000
90.750 26.750
Building 4 5 0.062
90.500 27.000
90.500 27.250
90.750 27.250
90.750 27.000
Building 4 5 0.062
90.500 27.250
90.500 27.500
90.750 27.500
90.750 27.250
Building 4 5 0.062
90.500 27.500
90.500 27.750
90.750 27.750
90.750 27.500
Building 4 5 0.062
90.500 27.750
90.500 28.000
90.750 28.000
90.750 27.750
Building 4 5 0.062
90.500 28.000
90.500 28.250
90.750 28.250
90.750 28.000
Building 4 5 0.062
90.750 28.500
90.750 28.250
90.500 28.250
90.500 28.500
Building 4 5 0.062
90.500 31.500
90.500 31.750
90.750 31.750
90.750 31.500
Building 4 5 0.062
90.500 31.750
90.500 32.000
90.750 32.000
90.750 31.750
Building 4 5 0.062
90.500 32.000
90.500 32.250
90.750 32.250
90.750 32.000
Building 4 5 0.062
90.500 32.250
90.500 32.500
90.750 32.500
90.750 32.250
Building 4 5 0.062
90.500 32.500
90.500 32.750
90.750 32.750
90.750 32.500
Building 4 5 0.062
90.500 32.750
90.500 33.000
90.750 33.000
90.750 32.750
Building 4 5 0.062
90.500 33.000
90.500 33.250
90.750 33.250
90.750 33.000
Building 4 5 0.062
90.750 33.500
90.750 33.250
90.500 33.250
90.500 33.500
Building 4 5 0.062
90.750 26.500
90.750 26.750
91.000 26.750
91.000 26.500
Building 4 5 0.062
90.750 26.750
90.750 27.000
91.000 27.000
91.000 26.750
Building 4 5 0.062
90.750 27.000
90.750 27.250
91.000 27.250
91.000 27.000
Building 4 5 0.062
90.750 27.250
90.750 27.500
91.000 27.500
91.000 27.250
Building 4 5 0.062
90.750 27.500
90.750 27.750
91.000 27.750
91.000 27.500
Building 4 5 0.062
90.750 27.750
90.750 28.000
91.000 28.000
91.000 27.750
Building 4 5 0.062
90.750 28.000
90.750 28.250
91.000 28.250
91.000 28.000
Building 4 5 0.062
91.000 28.500
91.000 28.250
90.750 28.250
90.750 28.500
Building 4 5 0.062
90.750 31.500
90.750 31.750
91.000 31.750
91.000 31.500
Building 4 5 0.062
90.750 31.750
90.750 32.000
91.000 32.000
91.000 31.750
Building 4 5 0.062
90.750 32.000
90.750 32.250
91.000 32.250
91.000 32.000
Building 4 5 0.062
90.750 32.250
90.750 32.500
91.000 32.500
91.000 32.250
Building 4 5 0.062
90.750 32.500
90.750 32.750
91.000 32.750
91.000 32.500
Building 4 5 0.062
90.750 32.750
90.750 33.000
91.000 33.000
91.000 32.750
Building 4 5 0.062
90.750 33.000
90.750 33.250
91.000 33.250
91.000 33.000
Building 4 5 0.062
91.000 33.500
91.000 33.250
90.750 33.250
90.750 33.500
Building 4 5 0.062
91.000 26.500
91.000 26.750
91.250 26.750
91.250 26.500
Building 4 5 0.062
91.000 26.750
91.000 27.000
91.250 27.000
91.250 26.750
Building 4 5 0.062
91.000 27.000
91.000 27.250
91.250 27.250
91.250 27.000
Building 4 5 0.062
91.000 27.250
91.000 27.500
91.250 27.500
91.250 27.250
Building 4 5 0.062
91.000 27.500
91.000 27.750
91.250 27.750
91.250 27.500
Building 4 5 0.062
91.000 27.750
91.000 28.000
91.250 28.000
91.250 27.750
Building 4 5 0.062
91.000 28.000
91.000 28.250
91.250 28.250
91.250 28.000
Building 4 5 0.062
91.250 28.500
91.250 28.250
91.000 28.250
91.000 28.500
Building 4 5 0.062
91.000 31.500
91.000 31.750
91.250 31.750
91.250 31.500
Building 4 5 0.062
91.000 31.750
91.000 32.000
91.250 32.000
91.250 31.750
Building 4 5 0.062
91.000 32.000
91.000 32.250
91.250 32.250
91.250 32.000
Building 4 5 0.062
91.000 32.250
91.000 32.500
91.250 32.500
91.250 32.250
Building 4 5 0.062
91.000 32.500
91.000 32.750
91.250 32.750
91.250 32.500
Building 4 5 0.062
91.000 32.750
91.000 33.000
91.250 33.000
91.250 32.750
Building 4 5 0.062
91.000 33.000
91.000 33.250
91.250 33.250
91.250 33.000
Building 4 5 0.062
91.250 33.500
91.250 33.250
91.000 33.250
91.000 33.500
Building 4 5 0.062
91.250 26.500
91.250 26.750
91.500 26.750
91.500 26.500
Building 4 5 0.062
91.250 26.750
91.250 27.000
91.500 27.000
91.500 26.750
Building 4 5 0.062
91.250 27.000
91.250 27.250
91.500 27.250
91.500 27.000
Building 4 5 0.062
91.250 27.250
91.250 27.500
91.500 27.500
91.500 27.250
Building 4 5 0.062
91.250 27.500
91.250 27.750
91.500 27.750
91.500 27.500
Building 4 5 0.062
91.250 27.750
91.250 28.000
91.500 28.000
91.500 27.750
Building 4 5 0.062
91.250 28.000
91.250 28.250
91.500 28.250
91.500 28.000
Building 4 5 0.062
91.500 28.500
91.500 28.250
91.250 28.250
91.250 28.500
Building 4 5 0.062
91.250 31.500
91.250 31.750
91.500 31.750
91.500 31.500
Building 4 5 0.062
91.250 31.750
91.250 32.000
91.500 32.000
91.500 31.750
Building 4 5 0.062
91.250 32.000
91.250 32.250
91.500 32.250
91.500 32.000
Building 4 5 0.062
91.250 32.250
91.250 32.500
91.500 32.500
91.500 32.250
Building 4 5 0.062
91.250 32.500
91.250 32.750
91.500 32.750
91.500 32.500
Building 4 5 0.062
91.250 32.750
91.250 33.000
91.500 33.000
91.500 32.750
Building 4 5 0.062
91.250 33.000
91.250 33.250
91.500 33.250
91.500 33.000
Building 4 5 0.062
91.500 33.500
91.500 33.250
91.250 33.250
91.250 33.500
Building 4 5 0.062
91.500 26.500
91.500 26.750
91.750 26.750
91.750 26.500
Building 4 5 0.062
91.500 26.750
91.500 27.000
91.750 27.000
91.750 26.750
Building 4 5 0.062
91.500 27.000
91.500 27.250
91.750 27.250
91.750 27.000
Building 4 5 0.062
91.500 27.250
91.500 27.500
91.750 27.500
91.750 27.250
Building 4 5 0.062
91.500 27.500
91.500 27.750
91.750 27.750
91.750 27.500
Building 4 5 0.062
91.500 27.750
91.500 28.000
91.750 28.000
91.750 27.750
Building 4 5 0.062
91.500 28.000
91.500 28.250
91.750 28.250
91.750 28.000
Building 4 5 0.062
91.750 28.500
91.750 28.250
91.500 28.250
91.500 28.500
Building 4 5 0.062
91.500 31.500
91.500 31.750
91.750 31.750
91.750 31.500
Building 4 5 0.062
91.500 31.750
91.500 32.000
91.750 32.000
91.750 31.750
Building 4 5 0.062
91.500 32.000
91.500 32.250
91.750 32.250
91.750 32.000
Building 4 5 0.062
91.500 32.250
91.500 32.500
91.750 32.500
91.750 32.250
Building 4 5 0.062
91.500 32.500
91.500 32.750
91.750 32.750
91.750 32.500
Building 4 5 0.062
91.500 32.750
91.500 33.000
91.750 33.000
91.750 32.750
Building 4 5 0.062
91.500 33.000
91.500 33.250
91.750 33.250
91.750 33.000
Building 4 5 0.062
91.750 33.500
91.750 33.250
91.500 33.250
91.500 33.500
Building 4 5 0.062
91.750 26.500
91.750 26.750
92.000 26.750
92.000 26.500
Building 4 5 0.062
91.750 26.750
91.750 27.000
92.000 27.000
92.000 26.750
Building 4 5 0.062
91.750 27.000
91.750 27.250
92.000 27.250
92.000 27.000
Building 4 5 0.062
91.750 27.250
91.750 27.500
92.000 27.500
92.000 27.250
Building 4 5 0.062
91.750 27.500
91.750 27.750
92.000 27.750
92.000 27.500
Building 4 5 0.062
91.750 27.750
91.750 28.000
92.000 28.000
92.000 27.750
Building 4 5 0.062
91.750 28.000
91.750 28.250
92.000 28.250
92.000 28.000
Building 4 5 0.062
92.000 28.500
92.000 28.250
91.750 28.250
91.750 28.500
Building 4 5 0.062
91.750 31.500
91.750 31.750
92.000 31.750
92.000 31.500
Building 4 5 0.062
91.750 31.750
91.750 32.000
92.000 32.000
92.000 31.750
Building 4 5 0.062
91.750 32.000
91.750 32.250
92.000 32.250
92.000 32.000
Building 4 5 0.062
91.750 32.250
91.750 32.500
92.000 32.500
92.000 32.250
Building 4 5 0.062
91.750 32.500
91.750 32.750
92.000 32.750
92.000 32.500
Building 4 5 0.062
91.750 32.750
91.750 33.000
92.000 33.000
92.000 32.750
Building 4 5 0.062
91.750 33.000
91.750 33.250
92.000 33.250
92.000 33.000
Building 4 5 0.062
92.000 33.500
92.000 33.250
91.750 33.250
91.750 33.500
Building 4 5 0.062
92.000 26.500
92.000 26.750
92.250 26.750
92.250 26.500
Building 4 5 0.062
92.000 26.750
92.000 27.000
92.250 27.000
92.250 26.750
Building 4 5 0.062
92.000 27.000
92.000 27.250
92.250 27.250
92.250 27.000
Building 4 5 0.062
92.000 27.250
92.000 27.500
92.250 27.500
92.250 27.250
Building 4 5 0.062
92.000 27.500
92.000 27.750
92.250 27.750
92.250 27.500
Building 4 5 0.062
92.000 27.750
92.000 28.000
92.250 28.000
92.250 27.750
Building 4 5 0.062
92.000 28.000
92.000 28.250
92.250 28.250
92.250 28.000
Building 4 5 0.062
92.250 28.500
92.250 28.250
92.000 28.250
92.000 28.500
Building 4 5 0.062
92.000 31.500
92.000 31.750
92.250 31.750
92.250 31.500
Building 4 5 0.062
92.000 31.750
92.000 32.000
92.250 32.000
92.250 31.750
Building 4 5 0.062
92.000 32.000
92.000 32.250
92.250 32.250
92.250 32.000
Building 4 5 0.062
92.000 32.250
92.000 32.500
92.250 32.500
92.250 32.250
Building 4 5 0.062
92.000 32.500
92.000 32.750
92.250 32.750
92.250 32.500
Building 4 5 0.062
92.000 32.750
92.000 33.000
92.250 33.000
92.250 32.750
Building 4 5 0.062
92.000 33.000
92.000 33.250
92.250 33.250
92.250 33.000
Building 4 5 0.062
92.250 33.500
92.250 33.250
92.000 33.250
92.000 33.500
Building 4 5 0.062
92.250 26.500
92.250 26.750
92.500 26.750
92.500 26.500
Building 4 5 0.062
92.250 26.750
92.250 27.000
92.500 27.000
92.500 26.750
Building 4 5 0.062
92.250 27.000
92.250 27.250
92.500 27.250
92.500 27.000
Building 4 5 0.062
92.250 27.250
92.250 27.500
92.500 27.500
92.500 27.250
Building 4 5 0.062
92.250 27.500
92.250 27.750
92.500 27.750
92.500 27.500
Building 4 5 0.062
92.250 27.750
92.250 28.000
92.500 28.000
92.500 27.750
Building 4 5 0.062
92.250 28.000
92.250 28.250
92.500 28.250
92.500 28.000
Building 4 5 0.062
92.500 28.500
92.500 28.250
92.250 28.250
92.250 28.500
Building 4 5 0.062
92.250 31.500
92.250 31.750
92.500 31.750
92.500 31.500
Building 4 5 0.062
92.250 31.750
92.250 32.000
92.500 32.000
92.500 31.750
Building 4 5 0.062
92.250 32.000
92.250 32.250
92.500 32.250
92.500 32.000
Building 4 5 0.062
92.250 32.250
92.250 32.500
92.500 32.500
92.500 32.250
Building 4 5 0.062
92.250 32.500
92.250 32.750
92.500 32.750
92.500 32.500
Building 4 5 0.062
92.250 32.750
92.250 33.000
92.500 33.000
92.500 32.750
Building 4 5 0.062
92.250 33.000
92.250 33.250
92.500 33.250
92.500 33.000
Building 4 5 0.062
92.500 33.500
92.500 33.250
92.250 33.250
92.250 33.500
Building 4 5 0.062
92.500 26.500
92.500 26.750
92.750 26.750
92.750 26.500
Building 4 5 0.062
92.500 26.750
92.500 27.000
92.750 27.000
92.750 26.750
Building 4 5 0.062
92.500 27.000
92.500 27.250
92.750 27.250
92.750 27.000
Building 4 5 0.062
92.500 27.250
92.500 27.500
92.750 27.500
92.750 27.250
Building 4 5 0.062
92.500 27.500
92.500 27.750
92.750 27.750
92.750 27.500
Building 4 5 0.062
92.500 27.750
92.500 28.000
92.750 28.000
92.750 27.750
Building 4 5 0.062
92.500 28.000
92.500 28.250
92.750 28.250
92.750 28.000
Building 4 5 0.062
92.750 28.500
92.750 28.250
92.500 28.250
92.500 28.500
Building 4 5 0.062
92.500 31.500
92.500 31.750
92.750 31.750
92.750 31.500
Building 4 5 0.062
92.500 31.750
92.500 32.000
92.750 32.000
92.750 31.750
Building 4 5 0.062
92.500 32.000
92.500 32.250
92.750 32.250
92.750 32.000
Building 4 5 0.062
92.500 32.250
92.500 32.500
92.750 32.500
92.750 32.250
Building 4 5 0.062
92.500 32.500
92.500 32.750
92.750 32.750
92.750 32.500
Building 4 5 0.062
92.500 32.750
92.500 33.000
92.750 33.000
92.750 32.750
Building 4 5 0.062
92.500 33.000
92.500 33.250
92.750 33.250
92.750 33.000
Building 4 5 0.062
92.750 33.500
92.750 33.250
92.500 33.250
92.500 33.500
Building 4 5 0.062
92.750 26.500
92.750 26.750
93.000 26.750
93.000 26.500
Building 4 5 0.062
92.750 26.750
92.750 27.000
93.000 27.000
93.000 26.750
Building 4 5 0.062
92.750 27.000
92.750 27.250
93.000 27.250
93.000 27.000
Building 4 5 0.062
92.750 27.250
92.750 27.500
93.000 27.500
93.000 27.250
Building 4 5 0.062
92.750 27.500
92.750 27.750
93.000 27.750
93.000 27.500
Building 4 5 0.062
92.750 27.750
92.750 28.000
93.000 28.000
93.000 27.750
Building 4 5 0.062
92.750 28.000
92.750 28.250
93.000 28.250
93.000 28.000
Building 4 5 0.062
93.000 28.500
93.000 28.250
92.750 28.250
92.750 28.500
Building 4 5 0.062
92.750 31.500
92.750 31.750
93.000 31.750
93.000 31.500
Building 4 5 0.062
92.750 31.750
92.750 32.000
93.000 32.000
93.000 31.750
Building 4 5 0.062
92.750 32.000
92.750 32.250
93.000 32.250
93.000 32.000
Building 4 5 0.062
92.750 32.250
92.750 32.500
93.000 32.500
93.000 32.250
Building 4 5 0.062
92.750 32.500
92.750 32.750
93.000 32.750
93.000 32.500
Building 4 5 0.062
92.750 32.750
92.750 33.000
93.000 33.000
93.000 32.750
Building 4 5 0.062
92.750 33.000
92.750 33.250
93.000 33.250
93.000 33.000
Building 4 5 0.062
93.000 33.500
93.000 33.250
92.750 33.250
92.750 33.500
Building 4 5 0.062
93.000 26.500
93.000 26.750
93.250 26.750
93.250 26.500
Building 4 5 0.062
93.000 26.750
93.000 27.000
93.250 27.000
93.250 26.750
Building 4 5 0.062
93.000 27.000
93.000 27.250
93.250 27.250
93.250 27.000
Building 4 5 0.062
93.000 27.250
93.000 27.500
93.250 27.500
93.250 27.250
Building 4 5 0.062
93.000 27.500
93.000 27.750
93.250 27.750
93.250 27.500
Building 4 5 0.062
93.000 27.750
93.000 28.000
93.250 28.000
93.250 27.750
Building 4 5 0.062
93.000 28.000
93.000 28.250
93.250 28.250
93.250 28.000
Building 4 5 0.062
93.250 28.500
93.250 28.250
93.000 28.250
93.000 28.500
Building 4 5 0.062
93.000 31.500
93.000 31.750
93.250 31.750
93.250 31.500
Building 4 5 0.062
93.000 31.750
93.000 32.000
93.250 32.000
93.250 31.750
Building 4 5 0.062
93.000 32.000
93.000 32.250
93.250 32.250
93.250 32.000
Building 4 5 0.062
93.000 32.250
93.000 32.500
93.250 32.500
93.250 32.250
Building 4 5 0.062
93.000 32.500
93.000 32.750
93.250 32.750
93.250 32.500
Building 4 5 0.062
93.000 32.750
93.000 33.000
93.250 33.000
93.250 32.750
Building 4 5 0.062
93.000 33.000
93.000 33.250
93.250 33.250
93.250 33.000
Building 4 5 0.062
93.250 33.500
93.250 33.250
93.000 33.250
93.000 33.500
Building 4 5 0.062
93.250 26.500
93.250 26.750
93.500 26.750
93.500 26.500
Building 4 5 0.062
93.250 26.750
93.250 27.000
93.500 27.000
93.500 26.750
Building 4 5 0.062
93.250 27.000
93.250 27.250
93.500 27.250
93.500 27.000
Building 4 5 0.062
93.250 27.250
93.250 27.500
93.500 27.500
93.500 27.250
Building 4 5 0.062
93.250 27.500
93.250 27.750
93.500 27.750
93.500 27.500
Building 4 5 0.062
93.250 27.750
93.250 28.000
93.500 28.000
93.500 27.750
Building 4 5 0.062
93.250 28.000
93.250 28.250
93.500 28.250
93.500 28.000
Building 4 5 0.062
93.500 28.500
93.500 28.250
93.250 28.250
93.250 28.500
Building 4 5 0.062
93.250 31.500
93.250 31.750
93.500 31.750
93.500 31.500
Building 4 5 0.062
93.250 31.750
93.250 32.000
93.500 32.000
93.500 31.750
Building 4 5 0.062
93.250 32.000
93.250 32.250
93.500 32.250
93.500 32.000
Building 4 5 0.062
93.250 32.250
93.250 32.500
93.500 32.500
93.500 32.250
Building 4 5 0.062
93.250 32.500
93.250 32.750
93.500 32.750
93.500 32.500
Building 4 5 0.062
93.250 32.750
93.250 33.000
93.500 33.000
93.500 32.750
Building 4 5 0.062
93.250 33.000
93.250 33.250
93.500 33.250
93.500 33.000
Building 4 5 0.062
93.500 33.500
93.500 33.250
93.250 33.250
93.250 33.500
Building 4 5 0.062
93.500 26.500
93.500 26.750
93.750 26.750
93.750 26.500
Building 4 5 0.062
93.500 26.750
93.500 27.000
93.750 27.000
93.750 26.750
Building 4 5 0.062
93.500 27.000
93.500 27.250
93.750 27.250
93.750 27.000
Building 4 5 0.062
93.500 27.250
93.500 27.500
93.750 27.500
93.750 27.250
Building 4 5 0.062
93.500 27.500
93.500 27.750
93.750 27.750
93.750 27.500
Building 4 5 0.062
93.500 27.750
93.500 28.000
93.750 28.000
93.750 27.750
Building 4 5 0.062
93.500 28.000
93.500 28.250
93.750 28.250
93.750 28.000
Building 4 5 0.062
93.750 28.500
93.750 28.250
93.500 28.250
93.500 28.500
Building 4 5 0.062
93.500 31.500
93.500 31.750
93.750 31.750
93.750 31.500
Building 4 5 0.062
93.500 31.750
93.500 32.000
93.750 32.000
93.750 31.750
Building 4 5 0.062
93.500 32.000
93.500 32.250
93.750 32.250
93.750 32.000
Building 4 5 0.062
93.500 32.250
93.500 32.500
93.750 32.500
93.750 32.250
Building 4 5 0.062
93.500 32.500
93.500 32.750
93.750 32.750
93.750 32.500
Building 4 5 0.062
93.500 32.750
93.500 33.000
93.750 33.000
93.750 32.750
Building 4 5 0.062
93.500 33.000
93.500 33.250
93.750 33.250
93.750 33.000
Building 4 5 0.062
93.750 33.500
93.750 33.250
93.500 33.250
93.500 33.500
Building 4 5 0.062
93.750 26.500
93.750 26.750
94.000 26.750
94.000 26.500
Building 4 5 0.062
93.750 26.750
93.750 27.000
94.000 27.000
94.000 26.750
Building 4 5 0.062
93.750 27.000
93.750 27.250
94.000 27.250
94.000 27.000
Building 4 5 0.062
93.750 27.250
93.750 27.500
94.000 27.500
94.000 27.250
Building 4 5 0.062
93.750 27.500
93.750 27.750
94.000 27.750
94.000 27.500
Building 4 5 0.062
93.750 27.750
93.750 28.000
94.000 28.000
94.000 27.750
Building 4 5 0.062
93.750 28.000
93.750 28.250
94.000 28.250
94.000 28.000
Building 4 5 0.062
94.000 28.500
94.000 28.250
93.750 28.250
93.750 28.500
Building 4 5 0.062
93.750 31.500
93.750 31.750
94.000 31.750
94.000 31.500
Building 4 5 0.062
93.750 31.750
93.750 32.000
94.000 32.000
94.000 31.750
Building 4 5 0.062
93.750 32.000
93.750 32.250
94.000 32.250
94.000 32.000
Building 4 5 0.062
93.750 32.250
93.750 32.500
94.000 32.500
94.000 32.250
Building 4 5 0.062
93.750 32.500
93.750 32.750
94.000 32.750
94.000 32.500
Building 4 5 0.062
93.750 32.750
93.750 33.000
94.000 33.000
94.000 32.750
Building 4 5 0.062
93.750 33.000
93.750 33.250
94.000 33.250
94.000 33.000
Building 4 5 0.062
94.000 33.500
94.000 33.250
93.750 33.250
93.750 33.500
Building 4 5 0.062
94.000 26.500
94.000 26.750
94.250 26.750
94.250 26.500
Building 4 5 0.062
94.000 26.750
94.000 27.000
94.250 27.000
94.250 26.750
Building 4 5 0.062
94.000 27.000
94.000 27.250
94.250 27.250
94.250 27.000
Building 4 5 0.062
94.000 27.250
94.000 27.500
94.250 27.500
94.250 27.250
Building 4 5 0.062
94.000 27.500
94.000 27.750
94.250 27.750
94.250 27.500
Building 4 5 0.062
94.000 27.750
94.000 28.000
94.250 28.000
94.250 27.750
Building 4 5 0.062
94.000 28.000
94.000 28.250
94.250 28.250
94.250 28.000
Building 4 5 0.062
94.250 28.500
94.250 28.250
94.000 28.250
94.000 28.500
Building 4 5 0.062
94.000 31.500
94.000 31.750
94.250 31.750
94.250 31.500
Building 4 5 0.062
94.000 31.750
94.000 32.000
94.250 32.000
94.250 31.750
Building 4 5 0.062
94.000 32.000
94.000 32.250
94.250 32.250
94.250 32.000
Building 4 5 0.062
94.000 32.250
94.000 32.500
94.250 32.500
94.250 32.250
Building 4 5 0.062
94.000 32.500
94.000 32.750
94.250 32.750
94.250 32.500
Building 4 5 0.062
94.000 32.750
94.000 33.000
94.250 33.000
94.250 32.750
Building 4 5 0.062
94.000 33.000
94.000 33.250
94.250 33.250
94.250 33.000
Building 4 5 0.062
94.250 33.500
94.250 33.250
94.000 33.250
94.000 33.500
Building 4 5 0.062
94.250 26.500
94.250 26.750
94.500 26.750
94.500 26.500
Building 4 5 0.062
94.250 26.750
94.250 27.000
94.500 27.000
94.500 26.750
Building 4 5 0.062
94.250 27.000
94.250 27.250
94.500 27.250
94.500 27.000
Building 4 5 0.062
94.250 27.250
94.250 27.500
94.500 27.500
94.500 27.250
Building 4 5 0.062
94.250 27.500
94.250 27.750
94.500 27.750
94.500 27.500
Building 4 5 0.062
94.250 27.750
94.250 28.000
94.500 28.000
94.500 27.750
Building 4 5 0.062
94.250 28.000
94.250 28.250
94.500 28.250
94.500 28.000
Building 4 5 0.062
94.500 28.500
94.500 28.250
94.250 28.250
94.250 28.500
Building 4 5 0.062
94.250 31.500
94.250 31.750
94.500 31.750
94.500 31.500
Building 4 5 0.062
94.250 31.750
94.250 32.000
94.500 32.000
94.500 31.750
Building 4 5 0.062
94.250 32.000
94.250 32.250
94.500 32.250
94.500 32.000
Building 4 5 0.062
94.250 32.250
94.250 32.500
94.500 32.500
94.500 32.250
Building 4 5 0.062
94.250 32.500
94.250 32.750
94.500 32.750
94.500 32.500
Building 4 5 0.062
94.250 32.750
94.250 33.000
94.500 33.000
94.500 32.750
Building 4 5 0.062
94.250 33.000
94.250 33.250
94.500 33.250
94.500 33.000
Building 4 5 0.062
94.500 33.500
94.500 33.250
94.250 33.250
94.250 33.500
Building 4 5 0.062
94.500 26.500
94.500 26.750
94.750 26.750
94.750 26.500
Building 4 5 0.062
94.500 26.750
94.500 27.000
94.750 27.000
94.750 26.750
Building 4 5 0.062
94.500 27.000
94.500 27.250
94.750 27.250
94.750 27.000
Building 4 5 0.062
94.500 27.250
94.500 27.500
94.750 27.500
94.750 27.250
Building 4 5 0.062
94.500 27.500
94.500 27.750
94.750 27.750
94.750 27.500
Building 4 5 0.062
94.500 27.750
94.500 28.000
94.750 28.000
94.750 27.750
Building 4 5 0.062
94.500 28.000
94.500 28.250
94.750 28.250
94.750 28.000
Building 4 5 0.062
94.750 28.500
94.750 28.250
94.500 28.250
94.500 28.500
Building 4 5 0.062
94.500 31.500
94.500 31.750
94.750 31.750
94.750 31.500
Building 4 5 0.062
94.500 31.750
94.500 32.000
94.750 32.000
94.750 31.750
Building 4 5 0.062
94.500 32.000
94.500 32.250
94.750 32.250
94.750 32.000
Building 4 5 0.062
94.500 32.250
94.500 32.500
94.750 32.500
94.750 32.250
Building 4 5 0.062
94.500 32.500
94.500 32.750
94.750 32.750
94.750 32.500
Building 4 5 0.062
94.500 32.750
94.500 33.000
94.750 33.000
94.750 32.750
Building 4 5 0.062
94.500 33.000
94.500 33.250
94.750 33.250
94.750 33.000
Building 4 5 0.062
94.750 33.500
94.750 33.250
94.500 33.250
94.500 33.500
Building 4 5 0.062
94.750 26.500
94.750 26.750
95.000 26.750
95.000 26.500
Building 4 5 0.062
94.750 26.750
94.750 27.000
95.000 27.000
95.000 26.750
Building 4 5 0.062
94.750 27.000
94.750 27.250
95.000 27.250
95.000 27.000
Building 4 5 0.062
94.750 27.250
94.750 27.500
95.000 27.500
95.000 27.250
Building 4 5 0.062
94.750 27.500
94.750 27.750
95.000 27.750
95.000 27.500
Building 4 5 0.062
94.750 27.750
94.750 28.000
95.000 28.000
95.000 27.750
Building 4 5 0.062
94.750 28.000
94.750 28.250
95.000 28.250
95.000 28.000
Building 4 5 0.062
95.000 28.500
95.000 28.250
94.750 28.250
94.750 28.500
Building 4 5 0.062
94.750 31.500
94.750 31.750
95.000 31.750
95.000 31.500
Building 4 5 0.062
94.750 31.750
94.750 32.000
95.000 32.000
95.000 31.750
Building 4 5 0.062
94.750 32.000
94.750 32.250
95.000 32.250
95.000 32.000
Building 4 5 0.062
94.750 32.250
94.750 32.500
95.000 32.500
95.000 32.250
Building 4 5 0.062
94.750 32.500
94.750 32.750
95.000 32.750
95.000 32.500
Building 4 5 0.062
94.750 32.750
94.750 33.000
95.000 33.000
95.000 32.750
Building 4 5 0.062
94.750 33.000
94.750 33.250
95.000 33.250
95.000 33.000
Building 4 5 0.062
95.000 33.500
95.000 33.250
94.750 33.250
94.750 33.500
Building 4 5 0.062
95.000 26.500
95.000 26.750
95.250 26.750
95.250 26.500
Building 4 5 0.062
95.000 26.750
95.000 27.000
95.250 27.000
95.250 26.750
Building 4 5 0.062
95.000 27.000
95.000 27.250
95.250 27.250
95.250 27.000
Building 4 5 0.062
95.000 27.250
95.000 27.500
95.250 27.500
95.250 27.250
Building 4 5 0.062
95.000 27.500
95.000 27.750
95.250 27.750
95.250 27.500
Building 4 5 0.062
95.000 27.750
95.000 28.000
95.250 28.000
95.250 27.750
Building 4 5 0.062
95.000 28.000
95.000 28.250
95.250 28.250
95.250 28.000
Building 4 5 0.062
95.250 28.500
95.250 28.250
95.000 28.250
95.000 28.500
Building 4 5 0.062
95.000 31.500
95.000 31.750
95.250 31.750
95.250 31.500
Building 4 5 0.062
95.000 31.750
95.000 32.000
95.250 32.000
95.250 31.750
Building 4 5 0.062
95.000 32.000
95.000 32.250
95.250 32.250
95.250 32.000
Building 4 5 0.062
95.000 32.250
95.000 32.500
95.250 32.500
95.250 32.250
Building 4 5 0.062
95.000 32.500
95.000 32.750
95.250 32.750
95.250 32.500
Building 4 5 0.062
95.000 32.750
95.000 33.000
95.250 33.000
95.250 32.750
Building 4 5 0.062
95.000 33.000
95.000 33.250
95.250 33.250
95.250 33.000
Building 4 5 0.062
95.250 33.500
95.250 33.250
95.000 33.250
95.000 33.500
Building 4 5 0.062
95.250 26.500
95.250 26.750
95.500 26.750
95.500 26.500
Building 4 5 0.062
95.250 26.750
95.250 27.000
95.500 27.000
95.500 26.750
Building 4 5 0.062
95.250 27.000
95.250 27.250
95.500 27.250
95.500 27.000
Building 4 5 0.062
95.250 27.250
95.250 27.500
95.500 27.500
95.500 27.250
Building 4 5 0.062
95.250 27.500
95.250 27.750
95.500 27.750
95.500 27.500
Building 4 5 0.062
95.250 27.750
95.250 28.000
95.500 28.000
95.500 27.750
Building 4 5 0.062
95.250 28.000
95.250 28.250
95.500 28.250
95.500 28.000
Building 4 5 0.062
95.500 28.500
95.500 28.250
95.250 28.250
95.250 28.500
Building 4 5 0.062
95.250 31.500
95.250 31.750
95.500 31.750
95.500 31.500
Building 4 5 0.062
95.250 31.750
95.250 32.000
95.500 32.000
95.500 31.750
Building 4 5 0.062
95.250 32.000
95.250 32.250
95.500 32.250
95.500 32.000
Building 4 5 0.062
95.250 32.250
95.250 32.500
95.500 32.500
95.500 32.250
Building 4 5 0.062
95.250 32.500
95.250 32.750
95.500 32.750
95.500 32.500
Building 4 5 0.062
95.250 32.750
95.250 33.000
95.500 33.000
95.500 32.750
Building 4 5 0.062
95.250 33.000
95.250 33.250
95.500 33.250
95.500 33.000
Building 4 5 0.062
95.500 33.500
95.500 33.250
95.250 33.250
95.250 33.500
Building 4 5 0.062
95.500 26.500
95.500 26.750
95.750 26.750
95.750 26.500
Building 4 5 0.062
95.500 26.750
95.500 27.000
95.750 27.000
95.750 26.750
Building 4 5 0.062
95.500 27.000
95.500 27.250
95.750 27.250
95.750 27.000
Building 4 5 0.062
95.500 27.250
95.500 27.500
95.750 27.500
95.750 27.250
Building 4 5 0.062
95.500 27.500
95.500 27.750
95.750 27.750
95.750 27.500
Building 4 5 0.062
95.500 27.750
95.500 28.000
95.750 28.000
95.750 27.750
Building 4 5 0.062
95.500 28.000
95.500 28.250
95.750 28.250
95.750 28.000
Building 4 5 0.062
95.750 28.500
95.750 28.250
95.500 28.250
95.500 28.500
Building 4 5 0.062
95.500 31.500
95.500 31.750
95.750 31.750
95.750 31.500
Building 4 5 0.062
95.500 31.750
95.500 32.000
95.750 32.000
95.750 31.750
Building 4 5 0.062
95.500 32.000
95.500 32.250
95.750 32.250
95.750 32.000
Building 4 5 0.062
95.500 32.250
95.500 32.500
95.750 32.500
95.750 32.250
Building 4 5 0.062
95.500 32.500
95.500 32.750
95.750 32.750
95.750 32.500
Building 4 5 0.062
95.500 32.750
95.500 33.000
95.750 33.000
95.750 32.750
Building 4 5 0.062
95.500 33.000
95.500 33.250
95.750 33.250
95.750 33.000
Building 4 5 0.062
95.750 33.500
95.750 33.250
95.500 33.250
95.500 33.500
Building 4 5 0.062
95.750 26.500
95.750 26.750
96.000 26.750
96.000 26.500
Building 4 5 0.062
95.750 26.750
95.750 27.000
96.000 27.000
96.000 26.750
Building 4 5 0.062
95.750 27.000
95.750 27.250
96.000 27.250
96.000 27.000
Building 4 5 0.062
95.750 27.250
95.750 27.500
96.000 27.500
96.000 27.250
Building 4 5 0.062
95.750 27.500
95.750 27.750
96.000 27.750
96.000 27.500
Building 4 5 0.062
95.750 27.750
95.750 28.000
96.000 28.000
96.000 27.750
Building 4 5 0.062
95.750 28.000
95.750 28.250
96.000 28.250
96.000 28.000
Building 4 5 0.062
96.000 28.500
96.000 28.250
95.750 28.250
95.750 28.500
Building 4 5 0.062
95.750 31.500
95.750 31.750
96.000 31.750
96.000 31.500
Building 4 5 0.062
95.750 31.750
95.750 32.000
96.000 32.000
96.000 31.750
Building 4 5 0.062
95.750 32.000
95.750 32.250
96.000 32.250
96.000 32.000
Building 4 5 0.062
95.750 32.250
95.750 32.500
96.000 32.500
96.000 32.250
Building 4 5 0.062
95.750 32.500
95.750 32.750
96.000 32.750
96.000 32.500
Building 4 5 0.062
95.750 32.750
95.750 33.000
96.000 33.000
96.000 32.750
Building 4 5 0.062
95.750 33.000
95.750 33.250
96.000 33.250
96.000 33.000
Building 4 5 0.062
96.000 33.500
96.000 33.250
95.750 33.250
95.750 33.500
Building 4 5 0.062
96.000 26.500
96.000 26.750
96.250 26.750
96.250 26.500
Building 4 5 0.062
96.000 26.750
96.000 27.000
96.250 27.000
96.250 26.750
Building 4 5 0.062
96.000 27.000
96.000 27.250
96.250 27.250
96.250 27.000
Building 4 5 0.062
96.000 27.250
96.000 27.500
96.250 27.500
96.250 27.250
Building 4 5 0.062
96.000 27.500
96.000 27.750
96.250 27.750
96.250 27.500
Building 4 5 0.062
96.000 27.750
96.000 28.000
96.250 28.000
96.250 27.750
Building 4 5 0.062
96.000 28.000
96.000 28.250
96.250 28.250
96.250 28.000
Building 4 5 0.062
96.250 28.500
96.250 28.250
96.000 28.250
96.000 28.500
Building 4 5 0.062
96.000 31.500
96.000 31.750
96.250 31.750
96.250 31.500
Building 4 5 0.062
96.000 31.750
96.000 32.000
96.250 32.000
96.250 31.750
Building 4 5 0.062
96.000 32.000
96.000 32.250
96.250 32.250
96.250 32.000
Building 4 5 0.062
96.000 32.250
96.000 32.500
96.250 32.500
96.250 32.250
Building 4 5 0.062
96.000 32.500
96.000 32.750
96.250 32.750
96.250 32.500
Building 4 5 0.062
96.000 32.750
96.000 33.000
96.250 33.000
96.250 32.750
Building 4 5 0.062
96.000 33.000
96.000 33.250
96.250 33.250
96.250 33.000
Building 4 5 0.062
96.250 33.500
96.250 33.250
96.000 33.250
96.000 33.500
Building 4 5 0.062
96.250 26.500
96.250 26.750
96.500 26.750
96.500 26.500
Building 4 5 0.062
96.250 26.750
96.250 27.000
96.500 27.000
96.500 26.750
Building 4 5 0.062
96.250 27.000
96.250 27.250
96.500 27.250
96.500 27.000
Building 4 5 0.062
96.250 27.250
96.250 27.500
96.500 27.500
96.500 27.250
Building 4 5 0.062
96.250 27.500
96.250 27.750
96.500 27.750
96.500 27.500
Building 4 5 0.062
96.250 27.750
96.250 28.000
96.500 28.000
96.500 27.750
Building 4 5 0.062
96.250 28.000
96.250 28.250
96.500 28.250
96.500 28.000
Building 4 5 0.062
96.500 28.500
96.500 28.250
96.250 28.250
96.250 28.500
Building 4 5 0.062
96.250 31.500
96.250 31.750
96.500 31.750
96.500 31.500
Building 4 5 0.062
96.250 31.750
96.250 32.000
96.500 32.000
96.500 31.750
Building 4 5 0.062
96.250 32.000
96.250 32.250
96.500 32.250
96.500 32.000
Building 4 5 0.062
96.250 32.250
96.250 32.500
96.500 32.500
96.500 32.250
Building 4 5 0.062
96.250 32.500
96.250 32.750
96.500 32.750
96.500 32.500
Building 4 5 0.062
96.250 32.750
96.250 33.000
96.500 33.000
96.500 32.750
Building 4 5 0.062
96.250 33.000
96.250 33.250
96.500 33.250
96.500 33.000
Building 4 5 0.062
96.500 33.500
96.500 33.250
96.250 33.250
96.250 33.500
Building 4 5 0.062
96.500 26.500
96.500 26.750
96.750 26.750
96.750 26.500
Building 4 5 0.062
96.500 26.750
96.500 27.000
96.750 27.000
96.750 26.750
Building 4 5 0.062
96.500 27.000
96.500 27.250
96.750 27.250
96.750 27.000
Building 4 5 0.062
96.500 27.250
96.500 27.500
96.750 27.500
96.750 27.250
Building 4 5 0.062
96.500 27.500
96.500 27.750
96.750 27.750
96.750 27.500
Building 4 5 0.062
96.500 27.750
96.500 28.000
96.750 28.000
96.750 27.750
Building 4 5 0.062
96.500 28.000
96.500 28.250
96.750 28.250
96.750 28.000
Building 4 5 0.062
96.750 28.500
96.750 28.250
96.500 28.250
96.500 28.500
Building 4 5 0.062
96.500 31.500
96.500 31.750
96.750 31.750
96.750 31.500
Building 4 5 0.062
96.500 31.750
96.500 32.000
96.750 32.000
96.750 31.750
Building 4 5 0.062
96.500 32.000
96.500 32.250
96.750 32.250
96.750 32.000
Building 4 5 0.062
96.500 32.250
96.500 32.500
96.750 32.500
96.750 32.250
Building 4 5 0.062
96.500 32.500
96.500 32.750
96.750 32.750
96.750 32.500
Building 4 5 0.062
96.500 32.750
96.500 33.000
96.750 33.000
96.750 32.750
Building 4 5 0.062
96.500 33.000
96.500 33.250
96.750 33.250
96.750 33.000
Building 4 5 0.062
96.750 33.500
96.750 33.250
96.500 33.250
96.500 33.500
Building 4 5 0.062
96.750 26.500
96.750 26.750
97.000 26.750
97.000 26.500
Building 4 5 0.062
96.750 26.750
96.750 27.000
97.000 27.000
97.000 26.750
Building 4 5 0.062
96.750 27.000
96.750 27.250
97.000 27.250
97.000 27.000
Building 4 5 0.062
96.750 27.250
96.750 27.500
97.000 27.500
97.000 27.250
Building 4 5 0.062
96.750 27.500
96.750 27.750
97.000 27.750
97.000 27.500
Building 4 5 0.062
96.750 27.750
96.750 28.000
97.000 28.000
97.000 27.750
Building 4 5 0.062
96.750 28.000
96.750 28.250
97.000 28.250
97.000 28.000
Building 4 5 0.062
97.000 28.500
97.000 28.250
96.750 28.250
96.750 28.500
Building 4 5 0.062
96.750 31.500
96.750 31.750
97.000 31.750
97.000 31.500
Building 4 5 0.062
96.750 31.750
96.750 32.000
97.000 32.000
97.000 31.750
Building 4 5 0.062
96.750 32.000
96.750 32.250
97.000 32.250
97.000 32.000
Building 4 5 0.062
96.750 32.250
96.750 32.500
97.000 32.500
97.000 32.250
Building 4 5 0.062
96.750 32.500
96.750 32.750
97.000 32.750
97.000 32.500
Building 4 5 0.062
96.750 32.750
96.750 33.000
97.000 33.000
97.000 32.750
Building 4 5 0.062
96.750 33.000
96.750 33.250
97.000 33.250
97.000 33.000
Building 4 5 0.062
97.000 33.500
97.000 33.250
96.750 33.250
96.750 33.500
Building 4 5 0.062
97.000 26.500
97.000 26.750
97.250 26.750
97.250 26.500
Building 4 5 0.062
97.000 26.750
97.000 27.000
97.250 27.000
97.250 26.750
Building 4 5 0.062
97.000 27.000
97.000 27.250
97.250 27.250
97.250 27.000
Building 4 5 0.062
97.000 27.250
97.000 27.500
97.250 27.500
97.250 27.250
Building 4 5 0.062
97.000 27.500
97.000 27.750
97.250 27.750
97.250 27.500
Building 4 5 0.062
97.000 27.750
97.000 28.000
97.250 28.000
97.250 27.750
Building 4 5 0.062
97.000 28.000
97.000 28.250
97.250 28.250
97.250 28.000
Building 4 5 0.062
97.250 28.500
97.250 28.250
97.000 28.250
97.000 28.500
Building 4 5 0.062
97.000 28.750
97.250 28.750
97.250 28.500
97.000 28.500
Building 4 5 0.062
97.000 29.000
97.250 29.000
97.250 28.750
97.000 28.750
Building 4 5 0.062
97.000 29.250
97.250 29.250
97.250 29.000
97.000 29.000
Building 4 5 0.062
97.000 29.500
97.250 29.500
97.250 29.250
97.000 29.250
Building 4 5 0.062
97.000 29.750
97.250 29.750
97.250 29.500
97.000 29.500
Building 4 5 0.062
97.000 30.000
97.250 30.000
97.250 29.750
97.000 29.750
Building 4 5 0.062
97.000 30.250
97.250 30.250
97.250 30.000
97.000 30.000
Building 4 5 0.062
97.000 30.500
97.250 30.500
97.250 30.250
97.000 30.250
Building 4 5 0.062
97.000 30.750
97.250 30.750
97.250 30.500
97.000 30.500
Building 4 5 0.062
97.000 31.000
97.250 31.000
97.250 30.750
97.000 30.750
Building 4 5 0.062
97.000 31.250
97.250 31.250
97.250 31.000
97.000 31.000
Building 4 5 0.062
97.000 31.500
97.250 31.500
97.250 31.250
97.000 31.250
Building 4 5 0.062
97.000 31.750
97.250 31.750
97.250 31.500
97.000 31.500
Building 4 5 0.062
97.000 31.750
97.000 32.000
97.250 32.000
97.250 31.750
Building 4 5 0.062
97.000 32.000
97.000 32.250
97.250 32.250
97.250 32.000
Building 4 5 0.062
97.000 32.250
97.000 32.500
97.250 32.500
97.250 32.250
Building 4 5 0.062
97.000 32.500
97.000 32.750
97.250 32.750
97.250 32.500
Building 4 5 0.062
97.000 32.750
97.000 33.000
97.250 33.000
97.250 32.750
Building 4 5 0.062
97.000 33.000
97.000 33.250
97.250 33.250
97.250 33.000
Building 4 5 0.062
97.250 33.500
97.250 33.250
97.000 33.250
97.000 33.500
Building 4 5 0.062
97.250 26.500
97.250 26.750
97.500 26.750
97.500 26.500
Building 4 5 0.062
97.250 26.750
97.250 27.000
97.500 27.000
97.500 26.750
Building 4 5 0.062
97.250 27.000
97.250 27.250
97.500 27.250
97.500 27.000
Building 4 5 0.062
97.250 27.250
97.250 27.500
97.500 27.500
97.500 27.250
Building 4 5 0.062
97.250 27.500
97.250 27.750
97.500 27.750
97.500 27.500
Building 4 5 0.062
97.250 27.750
97.250 28.000
97.500 28.000
97.500 27.750
Building 4 5 0.062
97.250 28.000
97.250 28.250
97.500 28.250
97.500 28.000
Building 4 5 0.062
97.250 28.250
97.250 28.500
97.500 28.500
97.500 28.250
Building 4 5 0.062
97.250 28.500
97.250 28.750
97.500 28.750
97.500 28.500
Building 4 5 0.062
97.250 28.750
97.250 29.000
97.500 29.000
97.500 28.750
Building 4 5 0.062
97.250 29.000
97.250 29.250
97.500 29.250
97.500 29.000
Building 4 5 0.062
97.250 29.250
97.250 29.500
97.500 29.500
97.500 29.250
Building 4 5 0.062
97.250 29.500
97.250 29.750
97.500 29.750
97.500 29.500
Building 4 5 0.062
97.250 29.750
97.250 30.000
97.500 30.000
97.500 29.750
Building 4 5 0.062
97.250 30.000
97.250 30.250
97.500 30.250
97.500 30.000
Building 4 5 0.062
97.250 30.250
97.250 30.500
97.500 30.500
97.500 30.250
Building 4 5 0.062
97.250 30.500
97.250 30.750
97.500 30.750
97.500 30.500
Building 4 5 0.062
97.250 30.750
97.250 31.000
97.500 31.000
97.500 30.750
Building 4 5 0.062
97.250 31.000
97.250 31.250
97.500 31.250
97.500 31.000
Building 4 5 0.062
97.250 31.250
97.250 31.500
97.500 31.500
97.500 31.250
Building 4 5 0.062
97.250 31.500
97.250 31.750
97.500 31.750
97.500 31.500
Building 4 5 0.062
97.250 31.750
97.250 32.000
97.500 32.000
97.500 31.750
Building 4 5 0.062
97.250 32.000
97.250 32.250
97.500 32.250
97.500 32.000
Building 4 5 0.062
97.250 32.250
97.250 32.500
97.500 32.500
97.500 32.250
Building 4 5 0.062
97.250 32.500
97.250 32.750
97.500 32.750
97.500 32.500
Building 4 5 0.062
97.250 32.750
97.250 33.000
97.500 33.000
97.500 32.750
Building 4 5 0.062
97.250 33.000
97.250 33.250
97.500 33.250
97.500 33.000
Building 4 5 0.062
97.500 33.500
97.500 33.250
97.250 33.250
97.250 33.500
Building 4 5 0.062
97.500 26.500
97.500 26.750
97.750 26.750
97.750 26.500
Building 4 5 0.062
97.500 26.750
97.500 27.000
97.750 27.000
97.750 26.750
Building 4 5 0.062
97.500 27.000
97.500 27.250
97.750 27.250
97.750 27.000
Building 4 5 0.062
97.500 27.250
97.500 27.500
97.750 27.500
97.750 27.250
Building 4 5 0.062
97.500 27.500
97.500 27.750
97.750 27.750
97.750 27.500
Building 4 5 0.062
97.500 27.750
97.500 28.000
97.750 28.000
97.750 27.750
Building 4 5 0.062
97.500 28.000
97.500 28.250
97.750 28.250
97.750 28.000
Building 4 5 0.062
97.500 28.250
97.500 28.500
97.750 28.500
97.750 28.250
Building 4 5 0.062
97.500 28.500
97.500 28.750
97.750 28.750
97.750 28.500
Building 4 5 0.062
97.500 28.750
97.500 29.000
97.750 29.000
97.750 28.750
Building 4 5 0.062
97.500 29.000
97.500 29.250
97.750 29.250
97.750 29.000
Building 4 5 0.062
97.500 29.250
97.500 29.500
97.750 29.500
97.750 29.250
Building 4 5 0.062
97.500 29.500
97.500 29.750
97.750 29.750
97.750 29.500
Building 4 5 0.062
97.500 29.750
97.500 30.000
97.750 30.000
97.750 29.750
Building 4 5 0.062
97.500 30.000
97.500 30.250
97.750 30.250
97.750 30.000
Building 4 5 0.062
97.500 30.250
97.500 30.500
97.750 30.500
97.750 30.250
Building 4 5 0.062
97.500 30.500
97.500 30.750
97.750 30.750
97.750 30.500
Building 4 5 0.062
97.500 30.750
97.500 31.000
97.750 31.000
97.750 30.750
Building 4 5 0.062
97.500 31.000
97.500 31.250
97.750 31.250
97.750 31.000
Building 4 5 0.062
97.500 31.250
97.500 31.500
97.750 31.500
97.750 31.250
Building 4 5 0.062
97.500 31.500
97.500 31.750
97.750 31.750
97.750 31.500
Building 4 5 0.062
97.500 31.750
97.500 32.000
97.750 32.000
97.750 31.750
Building 4 5 0.062
97.500 32.000
97.500 32.250
97.750 32.250
97.750 32.000
Building 4 5 0.062
97.500 32.250
97.500 32.500
97.750 32.500
97.750 32.250
Building 4 5 0.062
97.500 32.500
97.500 32.750
97.750 32.750
97.750 32.500
Building 4 5 0.062
97.500 32.750
97.500 33.000
97.750 33.000
97.750 32.750
Building 4 5 0.062
97.500 33.000
97.500 33.250
97.750 33.250
97.750 33.000
Building 4 5 0.062
97.750 33.500
97.750 33.250
97.500 33.250
97.500 33.500
Building 4 5 0.062
97.750 26.500
97.750 26.750
98.000 26.750
98.000 26.500
Building 4 5 0.062
97.750 26.750
97.750 27.000
98.000 27.000
98.000 26.750
Building 4 5 0.062
97.750 27.000
97.750 27.250
98.000 27.250
98.000 27.000
Building 4 5 0.062
97.750 27.250
97.750 27.500
98.000 27.500
98.000 27.250
Building 4 5 0.062
97.750 27.500
97.750 27.750
98.000 27.750
98.000 27.500
Building 4 5 0.062
97.750 27.750
97.750 28.000
98.000 28.000
98.000 27.750
Building 4 5 0.062
97.750 28.000
97.750 28.250
98.000 28.250
98.000 28.000
Building 4 5 0.062
97.750 28.250
97.750 28.500
98.000 28.500
98.000 28.250
Building 4 5 0.062
97.750 28.500
97.750 28.750
98.000 28.750
98.000 28.500
Building 4 5 0.062
97.750 28.750
97.750 29.000
98.000 29.000
98.000 28.750
Building 4 5 0.062
97.750 29.000
97.750 29.250
98.000 29.250
98.000 29.000
Building 4 5 0.062
97.750 29.250
97.750 29.500
98.000 29.500
98.000 29.250
Building 4 5 0.062
97.750 29.500
97.750 29.750
98.000 29.750
98.000 29.500
Building 4 5 0.062
97.750 29.750
97.750 30.000
98.000 30.000
98.000 29.750
Building 4 5 0.062
97.750 30.000
97.750 30.250
98.000 30.250
98.000 30.000
Building 4 5 0.062
97.750 30.250
97.750 30.500
98.000 30.500
98.000 30.250
Building 4 5 0.062
97.750 30.500
97.750 30.750
98.000 30.750
98.000 30.500
Building 4 5 0.062
97.750 30.750
97.750 31.000
98.000 31.000
98.000 30.750
Building 4 5 0.062
97.750 31.000
97.750 31.250
98.000 31.250
98.000 31.000
Building 4 5 0.062
97.750 31.250
97.750 31.500
98.000 31.500
98.000 31.250
Building 4 5 0.062
97.750 31.500
97.750 31.750
98.000 31.750
98.000 31.500
Building 4 5 0.062
97.750 31.750
97.750 32.000
98.000 32.000
98.000 31.750
Building 4 5 0.062
97.750 32.000
97.750 32.250
98.000 32.250
98.000 32.000
Building 4 5 0.062
97.750 32.250
97.750 32.500
98.000 32.500
98.000 32.250
Building 4 5 0.062
97.750 32.500
97.750 32.750
98.000 32.750
98.000 32.500
Building 4 5 0.062
97.750 32.750
97.750 33.000
98.000 33.000
98.000 32.750
Building 4 5 0.062
97.750 33.000
97.750 33.250
98.000 33.250
98.000 33.000
Building 4 5 0.062
98.000 33.500
98.000 33.250
97.750 33.250
97.750 33.500
Building 4 5 0.062
98.000 26.500
98.000 26.750
98.250 26.750
98.250 26.500
Building 4 5 0.062
98.000 26.750
98.000 27.000
98.250 27.000
98.250 26.750
Building 4 5 0.062
98.000 27.000
98.000 27.250
98.250 27.250
98.250 27.000
Building 4 5 0.062
98.000 27.250
98.000 27.500
98.250 27.500
98.250 27.250
Building 4 5 0.062
98.000 27.500
98.000 27.750
98.250 27.750
98.250 27.500
Building 4 5 0.062
98.000 27.750
98.000 28.000
98.250 28.000
98.250 27.750
Building 4 5 0.062
98.000 28.000
98.000 28.250
98.250 28.250
98.250 28.000
Building 4 5 0.062
98.000 28.250
98.000 28.500
98.250 28.500
98.250 28.250
Building 4 5 0.062
98.000 28.500
98.000 28.750
98.250 28.750
98.250 28.500
Building 4 5 0.062
98.000 28.750
98.000 29.000
98.250 29.000
98.250 28.750
Building 4 5 0.062
98.000 29.000
98.000 29.250
98.250 29.250
98.250 29.000
Building 4 5 0.062
98.000 29.250
98.000 29.500
98.250 29.500
98.250 29.250
Building 4 5 0.062
98.000 29.500
98.000 29.750
98.250 29.750
98.250 29.500
Building 4 5 0.062
98.000 29.750
98.000 30.000
98.250 30.000
98.250 29.750
Building 4 5 0.062
98.000 30.000
98.000 30.250
98.250 30.250
98.250 30.000
Building 4 5 0.062
98.000 30.250
98.000 30.500
98.250 30.500
98.250 30.250
Building 4 5 0.062
98.000 30.500
98.000 30.750
98.250 30.750
98.250 30.500
Building 4 5 0.062
98.000 30.750
98.000 31.000
98.250 31.000
98.250 30.750
Building 4 5 0.062
98.000 31.000
98.000 31.250
98.250 31.250
98.250 31.000
Building 4 5 0.062
98.000 31.250
98.000 31.500
98.250 31.500
98.250 31.250
Building 4 5 0.062
98.000 31.500
98.000 31.750
98.250 31.750
98.250 31.500
Building 4 5 0.062
98.000 31.750
98.000 32.000
98.250 32.000
98.250 31.750
Building 4 5 0.062
98.000 32.000
98.000 32.250
98.250 32.250
98.250 32.000
Building 4 5 0.062
98.000 32.250
98.000 32.500
98.250 32.500
98.250 32.250
Building 4 5 0.062
98.000 32.500
98.000 32.750
98.250 32.750
98.250 32.500
Building 4 5 0.062
98.000 32.750
98.000 33.000
98.250 33.000
98.250 32.750
Building 4 5 0.062
98.000 33.000
98.000 33.250
98.250 33.250
98.250 33.000
Building 4 5 0.062
98.250 33.500
98.250 33.250
98.000 33.250
98.000 33.500
Building 4 5 0.062
98.250 26.500
98.250 26.750
98.500 26.750
98.500 26.500
Building 4 5 0.062
98.250 26.750
98.250 27.000
98.500 27.000
98.500 26.750
Building 4 5 0.062
98.250 27.000
98.250 27.250
98.500 27.250
98.500 27.000
Building 4 5 0.062
98.250 27.250
98.250 27.500
98.500 27.500
98.500 27.250
Building 4 5 0.062
98.250 27.500
98.250 27.750
98.500 27.750
98.500 27.500
Building 4 5 0.062
98.250 27.750
98.250 28.000
98.500 28.000
98.500 27.750
Building 4 5 0.062
98.250 28.000
98.250 28.250
98.500 28.250
98.500 28.000
Building 4 5 0.062
98.250 28.250
98.250 28.500
98.500 28.500
98.500 28.250
Building 4 5 0.062
98.250 28.500
98.250 28.750
98.500 28.750
98.500 28.500
Building 4 5 0.062
98.250 28.750
98.250 29.000
98.500 29.000
98.500 28.750
Building 4 5 0.062
98.250 29.000
98.250 29.250
98.500 29.250
98.500 29.000
Building 4 5 0.062
98.250 29.250
98.250 29.500
98.500 29.500
98.500 29.250
Building 4 5 0.062
98.250 29.500
98.250 29.750
98.500 29.750
98.500 29.500
Building 4 5 0.062
98.250 29.750
98.250 30.000
98.500 30.000
98.500 29.750
Building 4 5 0.062
98.250 30.000
98.250 30.250
98.500 30.250
98.500 30.000
Building 4 5 0.062
98.250 30.250
98.250 30.500
98.500 30.500
98.500 30.250
Building 4 5 0.062
98.250 30.500
98.250 30.750
98.500 30.750
98.500 30.500
Building 4 5 0.062
98.250 30.750
98.250 31.000
98.500 31.000
98.500 30.750
Building 4 5 0.062
98.250 31.000
98.250 31.250
98.500 31.250
98.500 31.000
Building 4 5 0.062
98.250 31.250
98.250 31.500
98.500 31.500
98.500 31.250
Building 4 5 0.062
98.250 31.500
98.250 31.750
98.500 31.750
98.500 31.500
Building 4 5 0.062
98.250 31.750
98.250 32.000
98.500 32.000
98.500 31.750
Building 4 5 0.062
98.250 32.000
98.250 32.250
98.500 32.250
98.500 32.000
Building 4 5 0.062
98.250 32.250
98.250 32.500
98.500 32.500
98.500 32.250
Building 4 5 0.062
98.250 32.500
98.250 32.750
98.500 32.750
98.500 32.500
Building 4 5 0.062
98.250 32.750
98.250 33.000
98.500 33.000
98.500 32.750
Building 4 5 0.062
98.250 33.000
98.250 33.250
98.500 33.250
98.500 33.000
Building 4 5 0.062
98.500 33.500
98.500 33.250
98.250 33.250
98.250 33.500
Building 4 5 0.062
98.500 26.500
98.500 26.750
98.750 26.750
98.750 26.500
Building 4 5 0.062
98.500 26.750
98.500 27.000
98.750 27.000
98.750 26.750
Building 4 5 0.062
98.500 27.000
98.500 27.250
98.750 27.250
98.750 27.000
Building 4 5 0.062
98.500 27.250
98.500 27.500
98.750 27.500
98.750 27.250
Building 4 5 0.062
98.500 27.500
98.500 27.750
98.750 27.750
98.750 27.500
Building 4 5 0.062
98.500 27.750
98.500 28.000
98.750 28.000
98.750 27.750
Building 4 5 0.062
98.500 28.000
98.500 28.250
98.750 28.250
98.750 28.000
Building 4 5 0.062
98.500 28.250
98.500 28.500
98.750 28.500
98.750 28.250
Building 4 5 0.062
98.500 28.500
98.500 28.750
98.750 28.750
98.750 28.500
Building 4 5 0.062
98.500 28.750
98.500 29.000
98.750 29.000
98.750 28.750
Building 4 5 0.062
98.500 29.000
98.500 29.250
98.750 29.250
98.750 29.000
Building 4 5 0.062
98.500 29.250
98.500 29.500
98.750 29.500
98.750 29.250
Building 4 5 0.062
98.500 29.500
98.500 29.750
98.750 29.750
98.750 29.500
Building 4 5 0.062
98.500 29.750
98.500 30.000
98.750 30.000
98.750 29.750
Building 4 5 0.062
98.500 30.000
98.500 30.250
98.750 30.250
98.750 30.000
Building 4 5 0.062
98.500 30.250
98.500 30.500
98.750 30.500
98.750 30.250
Building 4 5 0.062
98.500 30.500
98.500 30.750
98.750 30.750
98.750 30.500
Building 4 5 0.062
98.500 30.750
98.500 31.000
98.750 31.000
98.750 30.750
Building 4 5 0.062
98.500 31.000
98.500 31.250
98.750 31.250
98.750 31.000
Building 4 5 0.062
98.500 31.250
98.500 31.500
98.750 31.500
98.750 31.250
Building 4 5 0.062
98.500 31.500
98.500 31.750
98.750 31.750
98.750 31.500
Building 4 5 0.062
98.500 31.750
98.500 32.000
98.750 32.000
98.750 31.750
Building 4 5 0.062
98.500 32.000
98.500 32.250
98.750 32.250
98.750 32.000
Building 4 5 0.062
98.500 32.250
98.500 32.500
98.750 32.500
98.750 32.250
Building 4 5 0.062
98.500 32.500
98.500 32.750
98.750 32.750
98.750 32.500
Building 4 5 0.062
98.500 32.750
98.500 33.000
98.750 33.000
98.750 32.750
Building 4 5 0.062
98.500 33.000
98.500 33.250
98.750 33.250
98.750 33.000
Building 4 5 0.062
98.750 33.500
98.750 33.250
98.500 33.250
98.500 33.500
Building 4 5 0.062
99.000 26.500
98.750 26.500
98.750 26.750
99.000 26.750
Building 4 5 0.062
99.000 26.750
98.750 26.750
98.750 27.000
99.000 27.000
Building 4 5 0.062
99.000 27.000
98.750 27.000
98.750 27.250
99.000 27.250
Building 4 5 0.062
99.000 27.250
98.750 27.250
98.750 27.500
99.000 27.500
Building 4 5 0.062
99.000 27.500
98.750 27.500
98.750 27.750
99.000 27.750
Building 4 5 0.062
99.000 27.750
98.750 27.750
98.750 28.000
99.000 28.000
Building 4 5 0.062
99.000 28.000
98.750 28.000
98.750 28.250
99.000 28.250
Building 4 5 0.062
99.000 28.250
98.750 28.250
98.750 28.500
99.000 28.500
Building 4 5 0.062
99.000 28.500
98.750 28.500
98.750 28.750
99.000 28.750
Building 4 5 0.062
99.000 28.750
98.750 28.750
98.750 29.000
99.000 29.000
Building 4 5 0.062
99.000 29.000
98.750 29.000
98.750 29.250
99.000 29.250
Building 4 5 0.062
99.000 29.250
98.750 29.250
98.750 29.500
99.000 29.500
Building 4 5 0.062
99.000 29.500
98.750 29.500
98.750 29.750
99.000 29.750
Building 4 5 0.062
99.000 29.750
98.750 29.750
98.750 30.000
99.000 30.000
Building 4 5 0.062
99.000 30.000
98.750 30.000
98.750 30.250
99.000 30.250
Building 4 5 0.062
99.000 30.250
98.750 30.250
98.750 30.500
99.000 30.500
Building 4 5 0.062
99.000 30.500
98.750 30.500
98.750 30.750
99.000 30.750
Building 4 5 0.062
99.000 30.750
98.750 30.750
98.750 31.000
99.000 31.000
Building 4 5 0.062
99.000 31.000
98.750 31.000
98.750 31.250
99.000 31.250
Building 4 5 0.062
99.000 31.250
98.750 31.250
98.750 31.500
99.000 31.500
Building 4 5 0.062
99.000 31.500
98.750 31.500
98.750 31.750
99.000 31.750
Building 4 5 0.062
99.000 31.750
98.750 31.750
98.750 32.000
99.000 32.000
Building 4 5 0.062
99.000 32.000
98.750 32.000
98.750 32.250
99.000 32.250
Building 4 5 0.062
99.000 32.250
98.750 32.250
98.750 32.500
99.000 32.500
Building 4 5 0.062
99.000 32.500
98.750 32.500
98.750 32.750
99.000 32.750
Building 4 5 0.062
99.000 32.750
98.750 32.750
98.750 33.000
99.000 33.000
Building 4 5 0.062
99.000 33.000
98.750 33.000
98.750 33.250
99.000 33.250
Building 4 5 0.062
99.000 33.500
99.000 33.250
98.750 33.250
98.750 33.500
