static_1,1,static,42,43,4555,2,center,3,far_from_exit_and_main_road,12,86.4655145779252,206.66192820994183,0.8,13,14,"[1, 1, 1, 1, 1, 1, 1, 1, 1, 1, 1, 0, 1, 1]","{""0"": 1, ""1"": 1, ""2"": 1, ""3"": 1, ""4"": 1, ""5"": 1, ""6"": 1, ""7"": 1, ""8"": 1, ""9"": 1, ""10"": 1, ""11"": 0, ""12"": 1, ""13"": 1}",15,"[0.0, 0.0, 0.0, 0.0, 0.0, 0.0, 0.0, 0.0, 0.0, 0.0, 0.0, 0.0, 0.0, 0.0, 0.0]",0.0,0.0,0.0,0.0,0.0,0.0,0.0,0.0,0.0,0.0,0.0,0.0,0.0,0.0,0.0
static_2,2,static,42,44,3671,1,uniform,1,near_exit,6,26.251288073137403,149.61036271601915,0.8,12,14,"[1, 1, 0, 1, 1, 1, 1, 1, 1, 1, 0, 1, 1, 1]","{""0"": 1, ""1"": 1, ""2"": 0, ""3"": 1, ""4"": 1, ""5"": 1, ""6"": 1, ""7"": 1, ""8"": 1, ""9"": 1, ""10"": 0, ""11"": 1, ""12"": 1, ""13"": 1}",15,"[0.0, 0.0, 0.0, 0.0, 0.0, 0.0, 0.0, 0.0, 0.0, 0.0, 0.0, 0.0, 0.0, 0.0, 0.0]",0.0,0.0,0.0,0.0,0.0,0.0,0.0,0.0,0.0,0.0,0.0,0.0,0.0,0.0,0.0
static_3,3,static,42,45,2262,1,uniform,3,far_from_exit_and_main_road,2,135.2143654283136,374.6006386834197,0.8,14,14,"[1, 1, 1, 1, 1, 1, 1, 1, 1, 1, 1, 1, 1, 1]","{""0"": 1, ""1"": 1, ""2"": 1, ""3"": 1, ""4"": 1, ""5"": 1, ""6"": 1, ""7"": 1, ""8"": 1, ""9"": 1, ""10"": 1, ""11"": 1, ""12"": 1, ""13"": 1}",15,"[0.0, 0.0, 0.0, 0.0, 0.0, 0.0, 0.0, 0.0, 0.0, 0.0, 0.0, 0.0, 0.0, 0.0, 0.0]",0.0,0.0,0.0,0.0,0.0,0.0,0.0,0.0,0.0,0.0,0.0,0.0,0.0,0.0,0.0
static_4,4,static,42,46,3419,3,ring,2,near_main_road,16,134.70201228372753,258.9657045942731,0.8,9,14,"[0, 1, 1, 0, 1, 1, 1, 0, 1, 1, 1, 0, 0, 1]","{""0"": 0, ""1"": 1, ""2"": 1, ""3"": 0, ""4"": 1, ""5"": 1, ""6"": 1, ""7"": 0, ""8"": 1, ""9"": 1, ""10"": 1, ""11"": 0, ""12"": 0, ""13"": 1}",15,"[0.0, 0.0, 0.0, 0.0, 0.0, 0.0, 0.0, 0.0, 0.0, 0.0, 0.0, 0.0, 0.0, 0.0, 0.0]",0.0,0.0,0.0,0.0,0.0,0.0,0.0,0.0,0.0,0.0,0.0,0.0,0.0,0.0,0.0
static_5,5,static,42,47,3585,3,ring,1,near_exit,5,34.374810233712196,214.9597699600272,0.8,13,14,"[1, 1, 1, 1, 1, 1, 1, 1, 1, 1, 1, 0, 1, 1]","{""0"": 1, ""1"": 1, ""2"": 1, ""3"": 1, ""4"": 1, ""5"": 1, ""6"": 1, ""7"": 1, ""8"": 1, ""9"": 1, ""10"": 1, ""11"": 0, ""12"": 1, ""13"": 1}",15,"[0.0, 0.0, 0.0, 0.0, 0.0, 0.0, 0.0, 0.0, 0.0, 0.0, 0.0, 0.0, 0.0, 0.0, 0.0]",0.0,0.0,0.0,0.0,0.0,0.0,0.0,0.0,0.0,0.0,0.0,0.0,0.0,0.0,0.0
static_6,6,static,42,48,5166,2,center,2,near_main_road,9,180.08427936211228,352.65582518512383,0.8,11,14,"[1, 1, 1, 1, 0, 1, 1, 1, 0, 0, 1, 1, 1, 1]","{""0"": 1, ""1"": 1, ""2"": 1, ""3"": 1, ""4"": 0, ""5"": 1, ""6"": 1, ""7"": 1, ""8"": 0, ""9"": 0, ""10"": 1, ""11"": 1, ""12"": 1, ""13"": 1}",15,"[0.0, 0.0, 0.0, 0.0, 0.0, 0.0, 0.0, 0.0, 0.0, 0.0, 0.0, 0.0, 0.0, 0.0, 0.0]",0.0,0.0,0.0,0.0,0.0,0.0,0.0,0.0,0.0,0.0,0.0,0.0,0.0,0.0,0.0
static_7,7,static,42,49,5696,3,ring,3,far_from_exit_and_main_road,19,166.7272846736014,178.37646883539855,0.8,13,14,"[1, 1, 1, 1, 1, 1, 1, 1, 1, 1, 1, 1, 0, 1]","{""0"": 1, ""1"": 1, ""2"": 1, ""3"": 1, ""4"": 1, ""5"": 1, ""6"": 1, ""7"": 1, ""8"": 1, ""9"": 1, ""10"": 1, ""11"": 1, ""12"": 0, ""13"": 1}",15,"[0.0, 0.0, 0.0, 0.0, 0.0, 0.0, 0.0, 0.0, 0.0, 0.0, 0.0, 0.0, 0.0, 0.0, 0.0]",0.0,0.0,0.0,0.0,0.0,0.0,0.0,0.0,0.0,0.0,0.0,0.0,0.0,0.0,0.0
static_8,8,static,42,50,2548,3,ring,2,near_main_road,14,65.86150634847581,146.12098523322493,0.8,11,14,"[1, 1, 1, 1, 1, 0, 1, 1, 1, 1, 1, 0, 0, 1]","{""0"": 1, ""1"": 1, ""2"": 1, ""3"": 1, ""4"": 1, ""5"": 0, ""6"": 1, ""7"": 1, ""8"": 1, ""9"": 1, ""10"": 1, ""11"": 0, ""12"": 0, ""13"": 1}",15,"[0.0, 0.0, 0.0, 0.0, 0.0, 0.0, 0.0, 0.0, 0.0, 0.0, 0.0, 0.0, 0.0, 0.0, 0.0]",0.0,0.0,0.0,0.0,0.0,0.0,0.0,0.0,0.0,0.0,0.0,0.0,0.0,0.0,0.0
static_9,9,static,42,51,3274,1,uniform,1,near_exit,11,74.4658822324127,300.26813259813935,0.8,11,14,"[1, 1, 1, 0, 1, 1, 0, 1, 0, 1, 1, 1, 1, 1]","{""0"": 1, ""1"": 1, ""2"": 1, ""3"": 0, ""4"": 1, ""5"": 1, ""6"": 0, ""7"": 1, ""8"": 0, ""9"": 1, ""10"": 1, ""11"": 1, ""12"": 1, ""13"": 1}",15,"[0.0, 0.0, 0.0, 0.0, 0.0, 0.0, 0.0, 0.0, 0.0, 0.0, 0.0, 0.0, 0.0, 0.0, 0.0]",0.0,0.0,0.0,0.0,0.0,0.0,0.0,0.0,0.0,0.0,0.0,0.0,0.0,0.0,0.0
static_10,10,static,42,52,4171,3,ring,1,near_exit,11,74.4658822324127,300.26813259813935,0.8,10,14,"[0, 1, 1, 1, 0, 1, 0, 1, 0, 1, 1, 1, 1, 1]","{""0"": 0, ""1"": 1, ""2"": 1, ""3"": 1, ""4"": 0, ""5"": 1, ""6"": 0, ""7"": 1, ""8"": 0, ""9"": 1, ""10"": 1, ""11"": 1, ""12"": 1, ""13"": 1}",15,"[0.0, 0.0, 0.0, 0.0, 0.0, 0.0, 0.0, 0.0, 0.0, 0.0, 0.0, 0.0, 0.0, 0.0, 0.0]",0.0,0.0,0.0,0.0,0.0,0.0,0.0,0.0,0.0,0.0,0.0,0.0,0.0,0.0,0.0
static_11,11,static,42,53,1459,2,center,2,near_main_road,12,154.97150951996446,181.80336326546967,0.8,10,14,"[1, 0, 1, 1, 0, 1, 1, 1, 0, 1, 1, 0, 1, 1]","{""0"": 1, ""1"": 0, ""2"": 1, ""3"": 1, ""4"": 0, ""5"": 1, ""6"": 1, ""7"": 1, ""8"": 0, ""9"": 1, ""10"": 1, ""11"": 0, ""12"": 1, ""13"": 1}",15,"[0.0, 0.0, 0.0, 0.0, 0.0, 0.0, 0.0, 0.0, 0.0, 0.0, 0.0, 0.0, 0.0, 0.0, 0.0]",0.0,0.0,0.0,0.0,0.0,0.0,0.0,0.0,0.0,0.0,0.0,0.0,0.0,0.0,0.0
static_12,12,static,42,54,5496,1,uniform,1,near_exit,9,99.46174082159996,359.97675951663405,0.8,9,14,"[0, 1, 1, 1, 0, 1, 1, 1, 1, 0, 0, 1, 1, 0]","{""0"": 0, ""1"": 1, ""2"": 1, ""3"": 1, ""4"": 0, ""5"": 1, ""6"": 1, ""7"": 1, ""8"": 1, ""9"": 0, ""10"": 0, ""11"": 1, ""12"": 1, ""13"": 0}",15,"[0.0, 0.0, 0.0, 0.0, 0.0, 0.0, 0.0, 0.0, 0.0, 0.0, 0.0, 0.0, 0.0, 0.0, 0.0]",0.0,0.0,0.0,0.0,0.0,0.0,0.0,0.0,0.0,0.0,0.0,0.0,0.0,0.0,0.0
static_13,13,static,42,55,4513,1,uniform,1,near_exit,2,218.32077577710152,98.24949029041454,0.8,11,14,"[1, 0, 1, 1, 0, 1, 1, 1, 1, 0, 1, 1, 1, 1]","{""0"": 1, ""1"": 0, ""2"": 1, ""3"": 1, ""4"": 0, ""5"": 1, ""6"": 1, ""7"": 1, ""8"": 1, ""9"": 0, ""10"": 1, ""11"": 1, ""12"": 1, ""13"": 1}",15,"[0.0, 0.0, 0.0, 0.0, 0.0, 0.0, 0.0, 0.0, 0.0, 0.0, 0.0, 0.0, 0.0, 0.0, 0.0]",0.0,0.0,0.0,0.0,0.0,0.0,0.0,0.0,0.0,0.0,0.0,0.0,0.0,0.0,0.0
static_14,14,static,42,56,2727,3,ring,1,near_exit,3,266.886261947453,161.88702389178798,0.8,11,14,"[0, 1, 1, 1, 1, 0, 1, 1, 1, 1, 1, 0, 1, 1]","{""0"": 0, ""1"": 1, ""2"": 1, ""3"": 1, ""4"": 1, ""5"": 0, ""6"": 1, ""7"": 1, ""8"": 1, ""9"": 1, ""10"": 1, ""11"": 0, ""12"": 1, ""13"": 1}",15,"[0.0, 0.0, 0.0, 0.0, 0.0, 0.0, 0.0, 0.0, 0.0, 0.0, 0.0, 0.0, 0.0, 0.0, 0.0]",0.0,0.0,0.0,0.0,0.0,0.0,0.0,0.0,0.0,0.0,0.0,0.0,0.0,0.0,0.0
static_15,15,static,42,57,1891,3,ring,3,far_from_exit_and_main_road,18,220.97559298947453,223.2789021898061,0.8,11,14,"[1, 1, 1, 1, 0, 1, 0, 1, 0, 1, 1, 1, 1, 1]","{""0"": 1, ""1"": 1, ""2"": 1, ""3"": 1, ""4"": 0, ""5"": 1, ""6"": 0, ""7"": 1, ""8"": 0, ""9"": 1, ""10"": 1, ""11"": 1, ""12"": 1, ""13"": 1}",15,"[0.0, 0.0, 0.0, 0.0, 0.0, 0.0, 0.0, 0.0, 0.0, 0.0, 0.0, 0.0, 0.0, 0.0, 0.0]",0.0,0.0,0.0,0.0,0.0,0.0,0.0,0.0,0.0,0.0,0.0,0.0,0.0,0.0,0.0
static_16,16,static,42,58,5011,1,uniform,2,near_main_road,5,193.32523366622627,216.92377928225324,0.8,9,14,"[1, 1, 1, 0, 1, 1, 1, 1, 0, 0, 0, 1, 0, 1]","{""0"": 1, ""1"": 1, ""2"": 1, ""3"": 0, ""4"": 1, ""5"": 1, ""6"": 1, ""7"": 1, ""8"": 0, ""9"": 0, ""10"": 0, ""11"": 1, ""12"": 0, ""13"": 1}",15,"[0.0, 0.0, 0.0, 0.0, 0.0, 0.0, 0.0, 0.0, 0.0, 0.0, 0.0, 0.0, 0.0, 0.0, 0.0]",0.0,0.0,0.0,0.0,0.0,0.0,0.0,0.0,0.0,0.0,0.0,0.0,0.0,0.0,0.0
static_17,17,static,42,59,3776,2,center,1,near_exit,2,218.32077577710152,98.24949029041454,0.8,9,14,"[1, 0, 0, 1, 0, 1, 1, 1, 0, 1, 0, 1, 1, 1]","{""0"": 1, ""1"": 0, ""2"": 0, ""3"": 1, ""4"": 0, ""5"": 1, ""6"": 1, ""7"": 1, ""8"": 0, ""9"": 1, ""10"": 0, ""11"": 1, ""12"": 1, ""13"": 1}",15,"[0.0, 0.0, 0.0, 0.0, 0.0, 0.0, 0.0, 0.0, 0.0, 0.0, 0.0, 0.0, 0.0, 0.0, 0.0]",0.0,0.0,0.0,0.0,0.0,0.0,0.0,0.0,0.0,0.0,0.0,0.0,0.0,0.0,0.0
static_18,18,static,42,60,1075,3,ring,1,near_exit,4,253.88965937122703,250.78205533977598,0.8,11,14,"[1, 1, 1, 0, 1, 1, 0, 1, 0, 1, 1, 1, 1, 1]","{""0"": 1, ""1"": 1, ""2"": 1, ""3"": 0, ""4"": 1, ""5"": 1, ""6"": 0, ""7"": 1, ""8"": 0, ""9"": 1, ""10"": 1, ""11"": 1, ""12"": 1, ""13"": 1}",15,"[0.0, 0.0, 0.0, 0.0, 0.0, 0.0, 0.0, 0.0, 0.0, 0.0, 0.0, 0.0, 0.0, 0.0, 0.0]",0.0,0.0,0.0,0.0,0.0,0.0,0.0,0.0,0.0,0.0,0.0,0.0,0.0,0.0,0.0
static_19,19,static,42,61,2427,2,center,3,far_from_exit_and_main_road,11,107.66569153219461,244.24434981588274,0.8,12,14,"[1, 1, 0, 1, 1, 1, 1, 1, 1, 1, 1, 1, 0, 1]","{""0"": 1, ""1"": 1, ""2"": 0, ""3"": 1, ""4"": 1, ""5"": 1, ""6"": 1, ""7"": 1, ""8"": 1, ""9"": 1, ""10"": 1, ""11"": 1, ""12"": 0, ""13"": 1}",15,"[0.0, 0.0, 0.0, 0.0, 0.0, 0.0, 0.0, 0.0, 0.0, 0.0, 0.0, 0.0, 0.0, 0.0, 0.0]",0.0,0.0,0.0,0.0,0.0,0.0,0.0,0.0,0.0,0.0,0.0,0.0,0.0,0.0,0.0
static_20,20,static,42,62,5249,2,center,1,near_exit,4,253.88965937122703,250.78205533977598,0.8,9,14,"[0, 1, 0, 1, 1, 0, 1, 1, 1, 0, 0, 1, 1, 1]","{""0"": 0, ""1"": 1, ""2"": 0, ""3"": 1, ""4"": 1, ""5"": 0, ""6"": 1, ""7"": 1, ""8"": 1, ""9"": 0, ""10"": 0, ""11"": 1, ""12"": 1, ""13"": 1}",15,"[0.0, 0.0, 0.0, 0.0, 0.0, 0.0, 0.0, 0.0, 0.0, 0.0, 0.0, 0.0, 0.0, 0.0, 0.0]",0.0,0.0,0.0,0.0,0.0,0.0,0.0,0.0,0.0,0.0,0.0,0.0,0.0,0.0,0.0
density_1,1,density,42,43,4555,2,center,3,far_from_exit_and_main_road,12,86.4655145779252,206.66192820994183,0.8,13,14,"[1, 1, 1, 1, 1, 1, 1, 1, 1, 1, 1, 0, 1, 1]","{""0"": 1, ""1"": 1, ""2"": 1, ""3"": 1, ""4"": 1, ""5"": 1, ""6"": 1, ""7"": 1, ""8"": 1, ""9"": 1, ""10"": 1, ""11"": 0, ""12"": 1, ""13"": 1}",15,"[0.0, 0.0, 0.0, 0.0, 0.0, 0.0, 0.0, 0.0, 0.0, 0.0, 0.0, 0.0, 0.0, 0.0, 0.0]",0.0,0.0,0.0,0.0,0.0,0.0,0.0,0.0,0.0,0.0,0.0,0.0,0.0,0.0,0.0
density_2,2,density,42,44,3671,1,uniform,1,near_exit,6,26.251288073137403,149.61036271601915,0.8,12,14,"[1, 1, 0, 1, 1, 1, 1, 1, 1, 1, 0, 1, 1, 1]","{""0"": 1, ""1"": 1, ""2"": 0, ""3"": 1, ""4"": 1, ""5"": 1, ""6"": 1, ""7"": 1, ""8"": 1, ""9"": 1, ""10"": 0, ""11"": 1, ""12"": 1, ""13"": 1}",15,"[0.0, 0.0, 0.0, 0.0, 0.0, 0.0, 0.0, 0.0, 0.0, 0.0, 0.0, 0.0, 0.0, 0.0, 0.0]",0.0,0.0,0.0,0.0,0.0,0.0,0.0,0.0,0.0,0.0,0.0,0.0,0.0,0.0,0.0
density_3,3,density,42,45,2262,1,uniform,3,far_from_exit_and_main_road,2,135.2143654283136,374.6006386834197,0.8,14,14,"[1, 1, 1, 1, 1, 1, 1, 1, 1, 1, 1, 1, 1, 1]","{""0"": 1, ""1"": 1, ""2"": 1, ""3"": 1, ""4"": 1, ""5"": 1, ""6"": 1, ""7"": 1, ""8"": 1, ""9"": 1, ""10"": 1, ""11"": 1, ""12"": 1, ""13"": 1}",15,"[0.0, 0.0, 0.0, 0.0, 0.0, 0.0, 0.0, 0.0, 0.0, 0.0, 0.0, 0.0, 0.0, 0.0, 0.0]",0.0,0.0,0.0,0.0,0.0,0.0,0.0,0.0,0.0,0.0,0.0,0.0,0.0,0.0,0.0
density_4,4,density,42,46,3419,3,ring,2,near_main_road,16,134.70201228372753,258.9657045942731,0.8,9,14,"[0, 1, 1, 0, 1, 1, 1, 0, 1, 1, 1, 0, 0, 1]","{""0"": 0, ""1"": 1, ""2"": 1, ""3"": 0, ""4"": 1, ""5"": 1, ""6"": 1, ""7"": 0, ""8"": 1, ""9"": 1, ""10"": 1, ""11"": 0, ""12"": 0, ""13"": 1}",15,"[0.0, 0.0, 0.0, 0.0, 0.0, 0.0, 0.0, 0.0, 0.0, 0.0, 0.0, 0.0, 0.0, 0.0, 0.0]",0.0,0.0,0.0,0.0,0.0,0.0,0.0,0.0,0.0,0.0,0.0,0.0,0.0,0.0,0.0
density_5,5,density,42,47,3585,3,ring,1,near_exit,5,34.374810233712196,214.9597699600272,0.8,13,14,"[1, 1, 1, 1, 1, 1, 1, 1, 1, 1, 1, 0, 1, 1]","{""0"": 1, ""1"": 1, ""2"": 1, ""3"": 1, ""4"": 1, ""5"": 1, ""6"": 1, ""7"": 1, ""8"": 1, ""9"": 1, ""10"": 1, ""11"": 0, ""12"": 1, ""13"": 1}",15,"[0.0, 0.0, 0.0, 0.0, 0.0, 0.0, 0.0, 0.0, 0.0, 0.0, 0.0, 0.0, 0.0, 0.0, 0.0]",0.0,0.0,0.0,0.0,0.0,0.0,0.0,0.0,0.0,0.0,0.0,0.0,0.0,0.0,0.0
density_6,6,density,42,48,5166,2,center,2,near_main_road,9,180.08427936211228,352.65582518512383,0.8,11,14,"[1, 1, 1, 1, 0, 1, 1, 1, 0, 0, 1, 1, 1, 1]","{""0"": 1, ""1"": 1, ""2"": 1, ""3"": 1, ""4"": 0, ""5"": 1, ""6"": 1, ""7"": 1, ""8"": 0, ""9"": 0, ""10"": 1, ""11"": 1, ""12"": 1, ""13"": 1}",15,"[0.0, 0.0, 0.0, 0.0, 0.0, 0.0, 0.0, 0.0, 0.0, 0.0, 0.0, 0.0, 0.0, 0.0, 0.0]",0.0,0.0,0.0,0.0,0.0,0.0,0.0,0.0,0.0,0.0,0.0,0.0,0.0,0.0,0.0
density_7,7,density,42,49,5696,3,ring,3,far_from_exit_and_main_road,19,166.7272846736014,178.37646883539855,0.8,13,14,"[1, 1, 1, 1, 1, 1, 1, 1, 1, 1, 1, 1, 0, 1]","{""0"": 1, ""1"": 1, ""2"": 1, ""3"": 1, ""4"": 1, ""5"": 1, ""6"": 1, ""7"": 1, ""8"": 1, ""9"": 1, ""10"": 1, ""11"": 1, ""12"": 0, ""13"": 1}",15,"[0.0, 0.0, 0.0, 0.0, 0.0, 0.0, 0.0, 0.0, 0.0, 0.0, 0.0, 0.0, 0.0, 0.0, 0.0]",0.0,0.0,0.0,0.0,0.0,0.0,0.0,0.0,0.0,0.0,0.0,0.0,0.0,0.0,0.0
density_8,8,density,42,50,2548,3,ring,2,near_main_road,14,65.86150634847581,146.12098523322493,0.8,11,14,"[1, 1, 1, 1, 1, 0, 1, 1, 1, 1, 1, 0, 0, 1]","{""0"": 1, ""1"": 1, ""2"": 1, ""3"": 1, ""4"": 1, ""5"": 0, ""6"": 1, ""7"": 1, ""8"": 1, ""9"": 1, ""10"": 1, ""11"": 0, ""12"": 0, ""13"": 1}",15,"[0.0, 0.0, 0.0, 0.0, 0.0, 0.0, 0.0, 0.0, 0.0, 0.0, 0.0, 0.0, 0.0, 0.0, 0.0]",0.0,0.0,0.0,0.0,0.0,0.0,0.0,0.0,0.0,0.0,0.0,0.0,0.0,0.0,0.0
density_9,9,density,42,51,3274,1,uniform,1,near_exit,11,74.4658822324127,300.26813259813935,0.8,11,14,"[1, 1, 1, 0, 1, 1, 0, 1, 0, 1, 1, 1, 1, 1]","{""0"": 1, ""1"": 1, ""2"": 1, ""3"": 0, ""4"": 1, ""5"": 1, ""6"": 0, ""7"": 1, ""8"": 0, ""9"": 1, ""10"": 1, ""11"": 1, ""12"": 1, ""13"": 1}",15,"[0.0, 0.0, 0.0, 0.0, 0.0, 0.0, 0.0, 0.0, 0.0, 0.0, 0.0, 0.0, 0.0, 0.0, 0.0]",0.0,0.0,0.0,0.0,0.0,0.0,0.0,0.0,0.0,0.0,0.0,0.0,0.0,0.0,0.0
density_10,10,density,42,52,4171,3,ring,1,near_exit,11,74.4658822324127,300.26813259813935,0.8,10,14,"[0, 1, 1, 1, 0, 1, 0, 1, 0, 1, 1, 1, 1, 1]","{""0"": 0, ""1"": 1, ""2"": 1, ""3"": 1, ""4"": 0, ""5"": 1, ""6"": 0, ""7"": 1, ""8"": 0, ""9"": 1, ""10"": 1, ""11"": 1, ""12"": 1, ""13"": 1}",15,"[0.0, 0.0, 0.0, 0.0, 0.0, 0.0, 0.0, 0.0, 0.0, 0.0, 0.0, 0.0, 0.0, 0.0, 0.0]",0.0,0.0,0.0,0.0,0.0,0.0,0.0,0.0,0.0,0.0,0.0,0.0,0.0,0.0,0.0
density_11,11,density,42,53,1459,2,center,2,near_main_road,12,154.97150951996446,181.80336326546967,0.8,10,14,"[1, 0, 1, 1, 0, 1, 1, 1, 0, 1, 1, 0, 1, 1]","{""0"": 1, ""1"": 0, ""2"": 1, ""3"": 1, ""4"": 0, ""5"": 1, ""6"": 1, ""7"": 1, ""8"": 0, ""9"": 1, ""10"": 1, ""11"": 0, ""12"": 1, ""13"": 1}",15,"[0.0, 0.0, 0.0, 0.0, 0.0, 0.0, 0.0, 0.0, 0.0, 0.0, 0.0, 0.0, 0.0, 0.0, 0.0]",0.0,0.0,0.0,0.0,0.0,0.0,0.0,0.0,0.0,0.0,0.0,0.0,0.0,0.0,0.0
density_12,12,density,42,54,5496,1,uniform,1,near_exit,9,99.46174082159996,359.97675951663405,0.8,9,14,"[0, 1, 1, 1, 0, 1, 1, 1, 1, 0, 0, 1, 1, 0]","{""0"": 0, ""1"": 1, ""2"": 1, ""3"": 1, ""4"": 0, ""5"": 1, ""6"": 1, ""7"": 1, ""8"": 1, ""9"": 0, ""10"": 0, ""11"": 1, ""12"": 1, ""13"": 0}",15,"[0.0, 0.0, 0.0, 0.0, 0.0, 0.0, 0.0, 0.0, 0.0, 0.0, 0.0, 0.0, 0.0, 0.0, 0.0]",0.0,0.0,0.0,0.0,0.0,0.0,0.0,0.0,0.0,0.0,0.0,0.0,0.0,0.0,0.0
density_13,13,density,42,55,4513,1,uniform,1,near_exit,2,218.32077577710152,98.24949029041454,0.8,11,14,"[1, 0, 1, 1, 0, 1, 1, 1, 1, 0, 1, 1, 1, 1]","{""0"": 1, ""1"": 0, ""2"": 1, ""3"": 1, ""4"": 0, ""5"": 1, ""6"": 1, ""7"": 1, ""8"": 1, ""9"": 0, ""10"": 1, ""11"": 1, ""12"": 1, ""13"": 1}",15,"[0.0, 0.0, 0.0, 0.0, 0.0, 0.0, 0.0, 0.0, 0.0, 0.0, 0.0, 0.0, 0.0, 0.0, 0.0]",0.0,0.0,0.0,0.0,0.0,0.0,0.0,0.0,0.0,0.0,0.0,0.0,0.0,0.0,0.0
density_14,14,density,42,56,2727,3,ring,1,near_exit,3,266.886261947453,161.88702389178798,0.8,11,14,"[0, 1, 1, 1, 1, 0, 1, 1, 1, 1, 1, 0, 1, 1]","{""0"": 0, ""1"": 1, ""2"": 1, ""3"": 1, ""4"": 1, ""5"": 0, ""6"": 1, ""7"": 1, ""8"": 1, ""9"": 1, ""10"": 1, ""11"": 0, ""12"": 1, ""13"": 1}",15,"[0.0, 0.0, 0.0, 0.0, 0.0, 0.0, 0.0, 0.0, 0.0, 0.0, 0.0, 0.0, 0.0, 0.0, 0.0]",0.0,0.0,0.0,0.0,0.0,0.0,0.0,0.0,0.0,0.0,0.0,0.0,0.0,0.0,0.0
density_15,15,density,42,57,1891,3,ring,3,far_from_exit_and_main_road,18,220.97559298947453,223.2789021898061,0.8,11,14,"[1, 1, 1, 1, 0, 1, 0, 1, 0, 1, 1, 1, 1, 1]","{""0"": 1, ""1"": 1, ""2"": 1, ""3"": 1, ""4"": 0, ""5"": 1, ""6"": 0, ""7"": 1, ""8"": 0, ""9"": 1, ""10"": 1, ""11"": 1, ""12"": 1, ""13"": 1}",15,"[0.0, 0.0, 0.0, 0.0, 0.0, 0.0, 0.0, 0.0, 0.0, 0.0, 0.0, 0.0, 0.0, 0.0, 0.0]",0.0,0.0,0.0,0.0,0.0,0.0,0.0,0.0,0.0,0.0,0.0,0.0,0.0,0.0,0.0
density_16,16,density,42,58,5011,1,uniform,2,near_main_road,5,193.32523366622627,216.92377928225324,0.8,9,14,"[1, 1, 1, 0, 1, 1, 1, 1, 0, 0, 0, 1, 0, 1]","{""0"": 1, ""1"": 1, ""2"": 1, ""3"": 0, ""4"": 1, ""5"": 1, ""6"": 1, ""7"": 1, ""8"": 0, ""9"": 0, ""10"": 0, ""11"": 1, ""12"": 0, ""13"": 1}",15,"[0.0, 0.0, 0.0, 0.0, 0.0, 0.0, 0.0, 0.0, 0.0, 0.0, 0.0, 0.0, 0.0, 0.0, 0.0]",0.0,0.0,0.0,0.0,0.0,0.0,0.0,0.0,0.0,0.0,0.0,0.0,0.0,0.0,0.0
density_17,17,density,42,59,3776,2,center,1,near_exit,2,218.32077577710152,98.24949029041454,0.8,9,14,"[1, 0, 0, 1, 0, 1, 1, 1, 0, 1, 0, 1, 1, 1]","{""0"": 1, ""1"": 0, ""2"": 0, ""3"": 1, ""4"": 0, ""5"": 1, ""6"": 1, ""7"": 1, ""8"": 0, ""9"": 1, ""10"": 0, ""11"": 1, ""12"": 1, ""13"": 1}",15,"[0.0, 0.0, 0.0, 0.0, 0.0, 0.0, 0.0, 0.0, 0.0, 0.0, 0.0, 0.0, 0.0, 0.0, 0.0]",0.0,0.0,0.0,0.0,0.0,0.0,0.0,0.0,0.0,0.0,0.0,0.0,0.0,0.0,0.0
density_18,18,density,42,60,1075,3,ring,1,near_exit,4,253.88965937122703,250.78205533977598,0.8,11,14,"[1, 1, 1, 0, 1, 1, 0, 1, 0, 1, 1, 1, 1, 1]","{""0"": 1, ""1"": 1, ""2"": 1, ""3"": 0, ""4"": 1, ""5"": 1, ""6"": 0, ""7"": 1, ""8"": 0, ""9"": 1, ""10"": 1, ""11"": 1, ""12"": 1, ""13"": 1}",15,"[0.0, 0.0, 0.0, 0.0, 0.0, 0.0, 0.0, 0.0, 0.0, 0.0, 0.0, 0.0, 0.0, 0.0, 0.0]",0.0,0.0,0.0,0.0,0.0,0.0,0.0,0.0,0.0,0.0,0.0,0.0,0.0,0.0,0.0
density_19,19,density,42,61,2427,2,center,3,far_from_exit_and_main_road,11,107.66569153219461,244.24434981588274,0.8,12,14,"[1, 1, 0, 1, 1, 1, 1, 1, 1, 1, 1, 1, 0, 1]","{""0"": 1, ""1"": 1, ""2"": 0, ""3"": 1, ""4"": 1, ""5"": 1, ""6"": 1, ""7"": 1, ""8"": 1, ""9"": 1, ""10"": 1, ""11"": 1, ""12"": 0, ""13"": 1}",15,"[0.0, 0.0, 0.0, 0.0, 0.0, 0.0, 0.0, 0.0, 0.0, 0.0, 0.0, 0.0, 0.0, 0.0, 0.0]",0.0,0.0,0.0,0.0,0.0,0.0,0.0,0.0,0.0,0.0,0.0,0.0,0.0,0.0,0.0
density_20,20,density,42,62,5249,2,center,1,near_exit,4,253.88965937122703,250.78205533977598,0.8,9,14,"[0, 1, 0, 1, 1, 0, 1, 1, 1, 0, 0, 1, 1, 1]","{""0"": 0, ""1"": 1, ""2"": 0, ""3"": 1, ""4"": 1, ""5"": 0, ""6"": 1, ""7"": 1, ""8"": 1, ""9"": 0, ""10"": 0, ""11"": 1, ""12"": 1, ""13"": 1}",15,"[0.0, 0.0, 0.0, 0.0, 0.0, 0.0, 0.0, 0.0, 0.0, 0.0, 0.0, 0.0, 0.0, 0.0, 0.0]",0.0,0.0,0.0,0.0,0.0,0.0,0.0,0.0,0.0,0.0,0.0,0.0,0.0,0.0,0.0
risk_10_1,1,risk_10,42,43,4555,2,center,3,far_from_exit_and_main_road,12,86.4655145779252,206.66192820994183,0.8,13,14,"[1, 1, 1, 1, 1, 1, 1, 1, 1, 1, 1, 0, 1, 1]","{""0"": 1, ""1"": 1, ""2"": 1, ""3"": 1, ""4"": 1, ""5"": 1, ""6"": 1, ""7"": 1, ""8"": 1, ""9"": 1, ""10"": 1, ""11"": 0, ""12"": 1, ""13"": 1}",15,"[0.0, 0.0, 0.0, 0.0, 0.0, 0.0, 0.0, 0.0, 0.0, 0.0, 0.0, 0.0, 0.0, 0.0, 0.0]",0.0,0.0,0.0,0.0,0.0,0.0,0.0,0.0,0.0,0.0,0.0,0.0,0.0,0.0,0.0
risk_10_2,2,risk_10,42,44,3671,1,uniform,1,near_exit,6,26.251288073137403,149.61036271601915,0.8,12,14,"[1, 1, 0, 1, 1, 1, 1, 1, 1, 1, 0, 1, 1, 1]","{""0"": 1, ""1"": 1, ""2"": 0, ""3"": 1, ""4"": 1, ""5"": 1, ""6"": 1, ""7"": 1, ""8"": 1, ""9"": 1, ""10"": 0, ""11"": 1, ""12"": 1, ""13"": 1}",15,"[0.0, 0.0, 0.0, 0.0, 0.0, 0.0, 0.0, 0.0, 0.0, 0.0, 0.0, 0.0, 0.0, 0.0, 0.0]",0.0,0.0,0.0,0.0,0.0,0.0,0.0,0.0,0.0,0.0,0.0,0.0,0.0,0.0,0.0
risk_10_3,3,risk_10,42,45,2262,1,uniform,3,far_from_exit_and_main_road,2,135.2143654283136,374.6006386834197,0.8,14,14,"[1, 1, 1, 1, 1, 1, 1, 1, 1, 1, 1, 1, 1, 1]","{""0"": 1, ""1"": 1, ""2"": 1, ""3"": 1, ""4"": 1, ""5"": 1, ""6"": 1, ""7"": 1, ""8"": 1, ""9"": 1, ""10"": 1, ""11"": 1, ""12"": 1, ""13"": 1}",15,"[0.0, 0.0, 0.0, 0.0, 0.0, 0.0, 0.0, 0.0, 0.0, 0.0, 0.0, 0.0, 0.0, 0.0, 0.0]",0.0,0.0,0.0,0.0,0.0,0.0,0.0,0.0,0.0,0.0,0.0,0.0,0.0,0.0,0.0
risk_10_4,4,risk_10,42,46,3419,3,ring,2,near_main_road,16,134.70201228372753,258.9657045942731,0.8,9,14,"[0, 1, 1, 0, 1, 1, 1, 0, 1, 1, 1, 0, 0, 1]","{""0"": 0, ""1"": 1, ""2"": 1, ""3"": 0, ""4"": 1, ""5"": 1, ""6"": 1, ""7"": 0, ""8"": 1, ""9"": 1, ""10"": 1, ""11"": 0, ""12"": 0, ""13"": 1}",15,"[0.0, 0.0, 0.0, 0.0, 0.0, 0.0, 0.0, 0.0, 0.0, 0.0, 0.0, 0.0, 0.0, 0.0, 0.0]",0.0,0.0,0.0,0.0,0.0,0.0,0.0,0.0,0.0,0.0,0.0,0.0,0.0,0.0,0.0
risk_10_5,5,risk_10,42,47,3585,3,ring,1,near_exit,5,34.374810233712196,214.9597699600272,0.8,13,14,"[1, 1, 1, 1, 1, 1, 1, 1, 1, 1, 1, 0, 1, 1]","{""0"": 1, ""1"": 1, ""2"": 1, ""3"": 1, ""4"": 1, ""5"": 1, ""6"": 1, ""7"": 1, ""8"": 1, ""9"": 1, ""10"": 1, ""11"": 0, ""12"": 1, ""13"": 1}",15,"[0.0, 0.0, 0.0, 0.0, 0.0, 0.0, 0.0, 0.0, 0.0, 0.0, 0.0, 0.0, 0.0, 0.0, 0.0]",0.0,0.0,0.0,0.0,0.0,0.0,0.0,0.0,0.0,0.0,0.0,0.0,0.0,0.0,0.0
risk_10_6,6,risk_10,42,48,5166,2,center,2,near_main_road,9,180.08427936211228,352.65582518512383,0.8,11,14,"[1, 1, 1, 1, 0, 1, 1, 1, 0, 0, 1, 1, 1, 1]","{""0"": 1, ""1"": 1, ""2"": 1, ""3"": 1, ""4"": 0, ""5"": 1, ""6"": 1, ""7"": 1, ""8"": 0, ""9"": 0, ""10"": 1, ""11"": 1, ""12"": 1, ""13"": 1}",15,"[0.0, 0.0, 0.0, 0.0, 0.0, 0.0, 0.0, 0.0, 0.0, 0.0, 0.0, 0.0, 0.0, 0.0, 0.0]",0.0,0.0,0.0,0.0,0.0,0.0,0.0,0.0,0.0,0.0,0.0,0.0,0.0,0.0,0.0
risk_10_7,7,risk_10,42,49,5696,3,ring,3,far_from_exit_and_main_road,19,166.7272846736014,178.37646883539855,0.8,13,14,"[1, 1, 1, 1, 1, 1, 1, 1, 1, 1, 1, 1, 0, 1]","{""0"": 1, ""1"": 1, ""2"": 1, ""3"": 1, ""4"": 1, ""5"": 1, ""6"": 1, ""7"": 1, ""8"": 1, ""9"": 1, ""10"": 1, ""11"": 1, ""12"": 0, ""13"": 1}",15,"[0.0, 0.0, 0.0, 0.0, 0.0, 0.0, 0.0, 0.0, 0.0, 0.0, 0.0, 0.0, 0.0, 0.0, 0.0]",0.0,0.0,0.0,0.0,0.0,0.0,0.0,0.0,0.0,0.0,0.0,0.0,0.0,0.0,0.0
risk_10_8,8,risk_10,42,50,2548,3,ring,2,near_main_road,14,65.86150634847581,146.12098523322493,0.8,11,14,"[1, 1, 1, 1, 1, 0, 1, 1, 1, 1, 1, 0, 0, 1]","{""0"": 1, ""1"": 1, ""2"": 1, ""3"": 1, ""4"": 1, ""5"": 0, ""6"": 1, ""7"": 1, ""8"": 1, ""9"": 1, ""10"": 1, ""11"": 0, ""12"": 0, ""13"": 1}",15,"[0.0, 0.0, 0.0, 0.0, 0.0, 0.0, 0.0, 0.0, 0.0, 0.0, 0.0, 0.0, 0.0, 0.0, 0.0]",0.0,0.0,0.0,0.0,0.0,0.0,0.0,0.0,0.0,0.0,0.0,0.0,0.0,0.0,0.0
risk_10_9,9,risk_10,42,51,3274,1,uniform,1,near_exit,11,74.4658822324127,300.26813259813935,0.8,11,14,"[1, 1, 1, 0, 1, 1, 0, 1, 0, 1, 1, 1, 1, 1]","{""0"": 1, ""1"": 1, ""2"": 1, ""3"": 0, ""4"": 1, ""5"": 1, ""6"": 0, ""7"": 1, ""8"": 0, ""9"": 1, ""10"": 1, ""11"": 1, ""12"": 1, ""13"": 1}",15,"[0.0, 0.0, 0.0, 0.0, 0.0, 0.0, 0.0, 0.0, 0.0, 0.0, 0.0, 0.0, 0.0, 0.0, 0.0]",0.0,0.0,0.0,0.0,0.0,0.0,0.0,0.0,0.0,0.0,0.0,0.0,0.0,0.0,0.0
risk_10_10,10,risk_10,42,52,4171,3,ring,1,near_exit,11,74.4658822324127,300.26813259813935,0.8,10,14,"[0, 1, 1, 1, 0, 1, 0, 1, 0, 1, 1, 1, 1, 1]","{""0"": 0, ""1"": 1, ""2"": 1, ""3"": 1, ""4"": 0, ""5"": 1, ""6"": 0, ""7"": 1, ""8"": 0, ""9"": 1, ""10"": 1, ""11"": 1, ""12"": 1, ""13"": 1}",15,"[0.0, 0.0, 0.0, 0.0, 0.0, 0.0, 0.0, 0.0, 0.0, 0.0, 0.0, 0.0, 0.0, 0.0, 0.0]",0.0,0.0,0.0,0.0,0.0,0.0,0.0,0.0,0.0,0.0,0.0,0.0,0.0,0.0,0.0
risk_10_11,11,risk_10,42,53,1459,2,center,2,near_main_road,12,154.97150951996446,181.80336326546967,0.8,10,14,"[1, 0, 1, 1, 0, 1, 1, 1, 0, 1, 1, 0, 1, 1]","{""0"": 1, ""1"": 0, ""2"": 1, ""3"": 1, ""4"": 0, ""5"": 1, ""6"": 1, ""7"": 1, ""8"": 0, ""9"": 1, ""10"": 1, ""11"": 0, ""12"": 1, ""13"": 1}",15,"[0.0, 0.0, 0.0, 0.0, 0.0, 0.0, 0.0, 0.0, 0.0, 0.0, 0.0, 0.0, 0.0, 0.0, 0.0]",0.0,0.0,0.0,0.0,0.0,0.0,0.0,0.0,0.0,0.0,0.0,0.0,0.0,0.0,0.0
risk_10_12,12,risk_10,42,54,5496,1,uniform,1,near_exit,9,99.46174082159996,359.97675951663405,0.8,9,14,"[0, 1, 1, 1, 0, 1, 1, 1, 1, 0, 0, 1, 1, 0]","{""0"": 0, ""1"": 1, ""2"": 1, ""3"": 1, ""4"": 0, ""5"": 1, ""6"": 1, ""7"": 1, ""8"": 1, ""9"": 0, ""10"": 0, ""11"": 1, ""12"": 1, ""13"": 0}",15,"[0.0, 0.0, 0.0, 0.0, 0.0, 0.0, 0.0, 0.0, 0.0, 0.0, 0.0, 0.0, 0.0, 0.0, 0.0]",0.0,0.0,0.0,0.0,0.0,0.0,0.0,0.0,0.0,0.0,0.0,0.0,0.0,0.0,0.0
risk_10_13,13,risk_10,42,55,4513,1,uniform,1,near_exit,2,218.32077577710152,98.24949029041454,0.8,11,14,"[1, 0, 1, 1, 0, 1, 1, 1, 1, 0, 1, 1, 1, 1]","{""0"": 1, ""1"": 0, ""2"": 1, ""3"": 1, ""4"": 0, ""5"": 1, ""6"": 1, ""7"": 1, ""8"": 1, ""9"": 0, ""10"": 1, ""11"": 1, ""12"": 1, ""13"": 1}",15,"[0.0, 0.0, 0.0, 0.0, 0.0, 0.0, 0.0, 0.0, 0.0, 0.0, 0.0, 0.0, 0.0, 0.0, 0.0]",0.0,0.0,0.0,0.0,0.0,0.0,0.0,0.0,0.0,0.0,0.0,0.0,0.0,0.0,0.0
risk_10_14,14,risk_10,42,56,2727,3,ring,1,near_exit,3,266.886261947453,161.88702389178798,0.8,11,14,"[0, 1, 1, 1, 1, 0, 1, 1, 1, 1, 1, 0, 1, 1]","{""0"": 0, ""1"": 1, ""2"": 1, ""3"": 1, ""4"": 1, ""5"": 0, ""6"": 1, ""7"": 1, ""8"": 1, ""9"": 1, ""10"": 1, ""11"": 0, ""12"": 1, ""13"": 1}",15,"[0.0, 0.0, 0.0, 0.0, 0.0, 0.0, 0.0, 0.0, 0.0, 0.0, 0.0, 0.0, 0.0, 0.0, 0.0]",0.0,0.0,0.0,0.0,0.0,0.0,0.0,0.0,0.0,0.0,0.0,0.0,0.0,0.0,0.0
risk_10_15,15,risk_10,42,57,1891,3,ring,3,far_from_exit_and_main_road,18,220.97559298947453,223.2789021898061,0.8,11,14,"[1, 1, 1, 1, 0, 1, 0, 1, 0, 1, 1, 1, 1, 1]","{""0"": 1, ""1"": 1, ""2"": 1, ""3"": 1, ""4"": 0, ""5"": 1, ""6"": 0, ""7"": 1, ""8"": 0, ""9"": 1, ""10"": 1, ""11"": 1, ""12"": 1, ""13"": 1}",15,"[0.0, 0.0, 0.0, 0.0, 0.0, 0.0, 0.0, 0.0, 0.0, 0.0, 0.0, 0.0, 0.0, 0.0, 0.0]",0.0,0.0,0.0,0.0,0.0,0.0,0.0,0.0,0.0,0.0,0.0,0.0,0.0,0.0,0.0
risk_10_16,16,risk_10,42,58,5011,1,uniform,2,near_main_road,5,193.32523366622627,216.92377928225324,0.8,9,14,"[1, 1, 1, 0, 1, 1, 1, 1, 0, 0, 0, 1, 0, 1]","{""0"": 1, ""1"": 1, ""2"": 1, ""3"": 0, ""4"": 1, ""5"": 1, ""6"": 1, ""7"": 1, ""8"": 0, ""9"": 0, ""10"": 0, ""11"": 1, ""12"": 0, ""13"": 1}",15,"[0.0, 0.0, 0.0, 0.0, 0.0, 0.0, 0.0, 0.0, 0.0, 0.0, 0.0, 0.0, 0.0, 0.0, 0.0]",0.0,0.0,0.0,0.0,0.0,0.0,0.0,0.0,0.0,0.0,0.0,0.0,0.0,0.0,0.0
risk_10_17,17,risk_10,42,59,3776,2,center,1,near_exit,2,218.32077577710152,98.24949029041454,0.8,9,14,"[1, 0, 0, 1, 0, 1, 1, 1, 0, 1, 0, 1, 1, 1]","{""0"": 1, ""1"": 0, ""2"": 0, ""3"": 1, ""4"": 0, ""5"": 1, ""6"": 1, ""7"": 1, ""8"": 0, ""9"": 1, ""10"": 0, ""11"": 1, ""12"": 1, ""13"": 1}",15,"[0.0, 0.0, 0.0, 0.0, 0.0, 0.0, 0.0, 0.0, 0.0, 0.0, 0.0, 0.0, 0.0, 0.0, 0.0]",0.0,0.0,0.0,0.0,0.0,0.0,0.0,0.0,0.0,0.0,0.0,0.0,0.0,0.0,0.0
risk_10_18,18,risk_10,42,60,1075,3,ring,1,near_exit,4,253.88965937122703,250.78205533977598,0.8,11,14,"[1, 1, 1, 0, 1, 1, 0, 1, 0, 1, 1, 1, 1, 1]","{""0"": 1, ""1"": 1, ""2"": 1, ""3"": 0, ""4"": 1, ""5"": 1, ""6"": 0, ""7"": 1, ""8"": 0, ""9"": 1, ""10"": 1, ""11"": 1, ""12"": 1, ""13"": 1}",15,"[0.0, 0.0, 0.0, 0.0, 0.0, 0.0, 0.0, 0.0, 0.0, 0.0, 0.0, 0.0, 0.0, 0.0, 0.0]",0.0,0.0,0.0,0.0,0.0,0.0,0.0,0.0,0.0,0.0,0.0,0.0,0.0,0.0,0.0
risk_10_19,19,risk_10,42,61,2427,2,center,3,far_from_exit_and_main_road,11,107.66569153219461,244.24434981588274,0.8,12,14,"[1, 1, 0, 1, 1, 1, 1, 1, 1, 1, 1, 1, 0, 1]","{""0"": 1, ""1"": 1, ""2"": 0, ""3"": 1, ""4"": 1, ""5"": 1, ""6"": 1, ""7"": 1, ""8"": 1, ""9"": 1, ""10"": 1, ""11"": 1, ""12"": 0, ""13"": 1}",15,"[0.0, 0.0, 0.0, 0.0, 0.0, 0.0, 0.0, 0.0, 0.0, 0.0, 0.0, 0.0, 0.0, 0.0, 0.0]",0.0,0.0,0.0,0.0,0.0,0.0,0.0,0.0,0.0,0.0,0.0,0.0,0.0,0.0,0.0
risk_10_20,20,risk_10,42,62,5249,2,center,1,near_exit,4,253.88965937122703,250.78205533977598,0.8,9,14,"[0, 1, 0, 1, 1, 0, 1, 1, 1, 0, 0, 1, 1, 1]","{""0"": 0, ""1"": 1, ""2"": 0, ""3"": 1, ""4"": 1, ""5"": 0, ""6"": 1, ""7"": 1, ""8"": 1, ""9"": 0, ""10"": 0, ""11"": 1, ""12"": 1, ""13"": 1}",15,"[0.0, 0.0, 0.0, 0.0, 0.0, 0.0, 0.0, 0.0, 0.0, 0.0, 0.0, 0.0, 0.0, 0.0, 0.0]",0.0,0.0,0.0,0.0,0.0,0.0,0.0,0.0,0.0,0.0,0.0,0.0,0.0,0.0,0.0
static_1,1,static,42,43,4555,2,center,3,far_from_exit_and_main_road,12,86.4655145779252,206.66192820994183,0.8,13,14,"[1, 1, 1, 1, 1, 1, 1, 1, 1, 1, 1, 0, 1, 1]","{""0"": 1, ""1"": 1, ""2"": 1, ""3"": 1, ""4"": 1, ""5"": 1, ""6"": 1, ""7"": 1, ""8"": 1, ""9"": 1, ""10"": 1, ""11"": 0, ""12"": 1, ""13"": 1}",15,"[0.0, 0.0, 0.0, 0.0, 0.0, 0.0, 0.0, 0.0, 0.0, 0.0, 0.0, 0.0, 0.0, 0.0, 0.0]",0.0,0.0,0.0,0.0,0.0,0.0,0.0,0.0,0.0,0.0,0.0,0.0,0.0,0.0,0.0
static_2,2,static,42,44,3671,1,uniform,1,near_exit,6,26.251288073137403,149.61036271601915,0.8,12,14,"[1, 1, 0, 1, 1, 1, 1, 1, 1, 1, 0, 1, 1, 1]","{""0"": 1, ""1"": 1, ""2"": 0, ""3"": 1, ""4"": 1, ""5"": 1, ""6"": 1, ""7"": 1, ""8"": 1, ""9"": 1, ""10"": 0, ""11"": 1, ""12"": 1, ""13"": 1}",15,"[0.0, 0.0, 0.0, 0.0, 0.0, 0.0, 0.0, 0.0, 0.0, 0.0, 0.0, 0.0, 0.0, 0.0, 0.0]",0.0,0.0,0.0,0.0,0.0,0.0,0.0,0.0,0.0,0.0,0.0,0.0,0.0,0.0,0.0
static_3,3,static,42,45,2262,1,uniform,3,far_from_exit_and_main_road,2,135.2143654283136,374.6006386834197,0.8,14,14,"[1, 1, 1, 1, 1, 1, 1, 1, 1, 1, 1, 1, 1, 1]","{""0"": 1, ""1"": 1, ""2"": 1, ""3"": 1, ""4"": 1, ""5"": 1, ""6"": 1, ""7"": 1, ""8"": 1, ""9"": 1, ""10"": 1, ""11"": 1, ""12"": 1, ""13"": 1}",15,"[0.0, 0.0, 0.0, 0.0, 0.0, 0.0, 0.0, 0.0, 0.0, 0.0, 0.0, 0.0, 0.0, 0.0, 0.0]",0.0,0.0,0.0,0.0,0.0,0.0,0.0,0.0,0.0,0.0,0.0,0.0,0.0,0.0,0.0
static_4,4,static,42,46,3419,3,ring,2,near_main_road,16,134.70201228372753,258.9657045942731,0.8,9,14,"[0, 1, 1, 0, 1, 1, 1, 0, 1, 1, 1, 0, 0, 1]","{""0"": 0, ""1"": 1, ""2"": 1, ""3"": 0, ""4"": 1, ""5"": 1, ""6"": 1, ""7"": 0, ""8"": 1, ""9"": 1, ""10"": 1, ""11"": 0, ""12"": 0, ""13"": 1}",15,"[0.0, 0.0, 0.0, 0.0, 0.0, 0.0, 0.0, 0.0, 0.0, 0.0, 0.0, 0.0, 0.0, 0.0, 0.0]",0.0,0.0,0.0,0.0,0.0,0.0,0.0,0.0,0.0,0.0,0.0,0.0,0.0,0.0,0.0
static_5,5,static,42,47,3585,3,ring,1,near_exit,5,34.374810233712196,214.9597699600272,0.8,13,14,"[1, 1, 1, 1, 1, 1, 1, 1, 1, 1, 1, 0, 1, 1]","{""0"": 1, ""1"": 1, ""2"": 1, ""3"": 1, ""4"": 1, ""5"": 1, ""6"": 1, ""7"": 1, ""8"": 1, ""9"": 1, ""10"": 1, ""11"": 0, ""12"": 1, ""13"": 1}",15,"[0.0, 0.0, 0.0, 0.0, 0.0, 0.0, 0.0, 0.0, 0.0, 0.0, 0.0, 0.0, 0.0, 0.0, 0.0]",0.0,0.0,0.0,0.0,0.0,0.0,0.0,0.0,0.0,0.0,0.0,0.0,0.0,0.0,0.0
static_6,6,static,42,48,5166,2,center,2,near_main_road,9,180.08427936211228,352.65582518512383,0.8,11,14,"[1, 1, 1, 1, 0, 1, 1, 1, 0, 0, 1, 1, 1, 1]","{""0"": 1, ""1"": 1, ""2"": 1, ""3"": 1, ""4"": 0, ""5"": 1, ""6"": 1, ""7"": 1, ""8"": 0, ""9"": 0, ""10"": 1, ""11"": 1, ""12"": 1, ""13"": 1}",15,"[0.0, 0.0, 0.0, 0.0, 0.0, 0.0, 0.0, 0.0, 0.0, 0.0, 0.0, 0.0, 0.0, 0.0, 0.0]",0.0,0.0,0.0,0.0,0.0,0.0,0.0,0.0,0.0,0.0,0.0,0.0,0.0,0.0,0.0
static_7,7,static,42,49,5696,3,ring,3,far_from_exit_and_main_road,19,166.7272846736014,178.37646883539855,0.8,13,14,"[1, 1, 1, 1, 1, 1, 1, 1, 1, 1, 1, 1, 0, 1]","{""0"": 1, ""1"": 1, ""2"": 1, ""3"": 1, ""4"": 1, ""5"": 1, ""6"": 1, ""7"": 1, ""8"": 1, ""9"": 1, ""10"": 1, ""11"": 1, ""12"": 0, ""13"": 1}",15,"[0.0, 0.0, 0.0, 0.0, 0.0, 0.0, 0.0, 0.0, 0.0, 0.0, 0.0, 0.0, 0.0, 0.0, 0.0]",0.0,0.0,0.0,0.0,0.0,0.0,0.0,0.0,0.0,0.0,0.0,0.0,0.0,0.0,0.0
static_8,8,static,42,50,2548,3,ring,2,near_main_road,14,65.86150634847581,146.12098523322493,0.8,11,14,"[1, 1, 1, 1, 1, 0, 1, 1, 1, 1, 1, 0, 0, 1]","{""0"": 1, ""1"": 1, ""2"": 1, ""3"": 1, ""4"": 1, ""5"": 0, ""6"": 1, ""7"": 1, ""8"": 1, ""9"": 1, ""10"": 1, ""11"": 0, ""12"": 0, ""13"": 1}",15,"[0.0, 0.0, 0.0, 0.0, 0.0, 0.0, 0.0, 0.0, 0.0, 0.0, 0.0, 0.0, 0.0, 0.0, 0.0]",0.0,0.0,0.0,0.0,0.0,0.0,0.0,0.0,0.0,0.0,0.0,0.0,0.0,0.0,0.0
static_9,9,static,42,51,3274,1,uniform,1,near_exit,11,74.4658822324127,300.26813259813935,0.8,11,14,"[1, 1, 1, 0, 1, 1, 0, 1, 0, 1, 1, 1, 1, 1]","{""0"": 1, ""1"": 1, ""2"": 1, ""3"": 0, ""4"": 1, ""5"": 1, ""6"": 0, ""7"": 1, ""8"": 0, ""9"": 1, ""10"": 1, ""11"": 1, ""12"": 1, ""13"": 1}",15,"[0.0, 0.0, 0.0, 0.0, 0.0, 0.0, 0.0, 0.0, 0.0, 0.0, 0.0, 0.0, 0.0, 0.0, 0.0]",0.0,0.0,0.0,0.0,0.0,0.0,0.0,0.0,0.0,0.0,0.0,0.0,0.0,0.0,0.0
static_10,10,static,42,52,4171,3,ring,1,near_exit,11,74.4658822324127,300.26813259813935,0.8,10,14,"[0, 1, 1, 1, 0, 1, 0, 1, 0, 1, 1, 1, 1, 1]","{""0"": 0, ""1"": 1, ""2"": 1, ""3"": 1, ""4"": 0, ""5"": 1, ""6"": 0, ""7"": 1, ""8"": 0, ""9"": 1, ""10"": 1, ""11"": 1, ""12"": 1, ""13"": 1}",15,"[0.0, 0.0, 0.0, 0.0, 0.0, 0.0, 0.0, 0.0, 0.0, 0.0, 0.0, 0.0, 0.0, 0.0, 0.0]",0.0,0.0,0.0,0.0,0.0,0.0,0.0,0.0,0.0,0.0,0.0,0.0,0.0,0.0,0.0
static_11,11,static,42,53,1459,2,center,2,near_main_road,12,154.97150951996446,181.80336326546967,0.8,10,14,"[1, 0, 1, 1, 0, 1, 1, 1, 0, 1, 1, 0, 1, 1]","{""0"": 1, ""1"": 0, ""2"": 1, ""3"": 1, ""4"": 0, ""5"": 1, ""6"": 1, ""7"": 1, ""8"": 0, ""9"": 1, ""10"": 1, ""11"": 0, ""12"": 1, ""13"": 1}",15,"[0.0, 0.0, 0.0, 0.0, 0.0, 0.0, 0.0, 0.0, 0.0, 0.0, 0.0, 0.0, 0.0, 0.0, 0.0]",0.0,0.0,0.0,0.0,0.0,0.0,0.0,0.0,0.0,0.0,0.0,0.0,0.0,0.0,0.0
static_12,12,static,42,54,5496,1,uniform,1,near_exit,9,99.46174082159996,359.97675951663405,0.8,9,14,"[0, 1, 1, 1, 0, 1, 1, 1, 1, 0, 0, 1, 1, 0]","{""0"": 0, ""1"": 1, ""2"": 1, ""3"": 1, ""4"": 0, ""5"": 1, ""6"": 1, ""7"": 1, ""8"": 1, ""9"": 0, ""10"": 0, ""11"": 1, ""12"": 1, ""13"": 0}",15,"[0.0, 0.0, 0.0, 0.0, 0.0, 0.0, 0.0, 0.0, 0.0, 0.0, 0.0, 0.0, 0.0, 0.0, 0.0]",0.0,0.0,0.0,0.0,0.0,0.0,0.0,0.0,0.0,0.0,0.0,0.0,0.0,0.0,0.0
static_13,13,static,42,55,4513,1,uniform,1,near_exit,2,218.32077577710152,98.24949029041454,0.8,11,14,"[1, 0, 1, 1, 0, 1, 1, 1, 1, 0, 1, 1, 1, 1]","{""0"": 1, ""1"": 0, ""2"": 1, ""3"": 1, ""4"": 0, ""5"": 1, ""6"": 1, ""7"": 1, ""8"": 1, ""9"": 0, ""10"": 1, ""11"": 1, ""12"": 1, ""13"": 1}",15,"[0.0, 0.0, 0.0, 0.0, 0.0, 0.0, 0.0, 0.0, 0.0, 0.0, 0.0, 0.0, 0.0, 0.0, 0.0]",0.0,0.0,0.0,0.0,0.0,0.0,0.0,0.0,0.0,0.0,0.0,0.0,0.0,0.0,0.0
static_14,14,static,42,56,2727,3,ring,1,near_exit,3,266.886261947453,161.88702389178798,0.8,11,14,"[0, 1, 1, 1, 1, 0, 1, 1, 1, 1, 1, 0, 1, 1]","{""0"": 0, ""1"": 1, ""2"": 1, ""3"": 1, ""4"": 1, ""5"": 0, ""6"": 1, ""7"": 1, ""8"": 1, ""9"": 1, ""10"": 1, ""11"": 0, ""12"": 1, ""13"": 1}",15,"[0.0, 0.0, 0.0, 0.0, 0.0, 0.0, 0.0, 0.0, 0.0, 0.0, 0.0, 0.0, 0.0, 0.0, 0.0]",0.0,0.0,0.0,0.0,0.0,0.0,0.0,0.0,0.0,0.0,0.0,0.0,0.0,0.0,0.0
static_15,15,static,42,57,1891,3,ring,3,far_from_exit_and_main_road,18,220.97559298947453,223.2789021898061,0.8,11,14,"[1, 1, 1, 1, 0, 1, 0, 1, 0, 1, 1, 1, 1, 1]","{""0"": 1, ""1"": 1, ""2"": 1, ""3"": 1, ""4"": 0, ""5"": 1, ""6"": 0, ""7"": 1, ""8"": 0, ""9"": 1, ""10"": 1, ""11"": 1, ""12"": 1, ""13"": 1}",15,"[0.0, 0.0, 0.0, 0.0, 0.0, 0.0, 0.0, 0.0, 0.0, 0.0, 0.0, 0.0, 0.0, 0.0, 0.0]",0.0,0.0,0.0,0.0,0.0,0.0,0.0,0.0,0.0,0.0,0.0,0.0,0.0,0.0,0.0
static_16,16,static,42,58,5011,1,uniform,2,near_main_road,5,193.32523366622627,216.92377928225324,0.8,9,14,"[1, 1, 1, 0, 1, 1, 1, 1, 0, 0, 0, 1, 0, 1]","{""0"": 1, ""1"": 1, ""2"": 1, ""3"": 0, ""4"": 1, ""5"": 1, ""6"": 1, ""7"": 1, ""8"": 0, ""9"": 0, ""10"": 0, ""11"": 1, ""12"": 0, ""13"": 1}",15,"[0.0, 0.0, 0.0, 0.0, 0.0, 0.0, 0.0, 0.0, 0.0, 0.0, 0.0, 0.0, 0.0, 0.0, 0.0]",0.0,0.0,0.0,0.0,0.0,0.0,0.0,0.0,0.0,0.0,0.0,0.0,0.0,0.0,0.0
static_17,17,static,42,59,3776,2,center,1,near_exit,2,218.32077577710152,98.24949029041454,0.8,9,14,"[1, 0, 0, 1, 0, 1, 1, 1, 0, 1, 0, 1, 1, 1]","{""0"": 1, ""1"": 0, ""2"": 0, ""3"": 1, ""4"": 0, ""5"": 1, ""6"": 1, ""7"": 1, ""8"": 0, ""9"": 1, ""10"": 0, ""11"": 1, ""12"": 1, ""13"": 1}",15,"[0.0, 0.0, 0.0, 0.0, 0.0, 0.0, 0.0, 0.0, 0.0, 0.0, 0.0, 0.0, 0.0, 0.0, 0.0]",0.0,0.0,0.0,0.0,0.0,0.0,0.0,0.0,0.0,0.0,0.0,0.0,0.0,0.0,0.0
static_18,18,static,42,60,1075,3,ring,1,near_exit,4,253.88965937122703,250.78205533977598,0.8,11,14,"[1, 1, 1, 0, 1, 1, 0, 1, 0, 1, 1, 1, 1, 1]","{""0"": 1, ""1"": 1, ""2"": 1, ""3"": 0, ""4"": 1, ""5"": 1, ""6"": 0, ""7"": 1, ""8"": 0, ""9"": 1, ""10"": 1, ""11"": 1, ""12"": 1, ""13"": 1}",15,"[0.0, 0.0, 0.0, 0.0, 0.0, 0.0, 0.0, 0.0, 0.0, 0.0, 0.0, 0.0, 0.0, 0.0, 0.0]",0.0,0.0,0.0,0.0,0.0,0.0,0.0,0.0,0.0,0.0,0.0,0.0,0.0,0.0,0.0
static_19,19,static,42,61,2427,2,center,3,far_from_exit_and_main_road,11,107.66569153219461,244.24434981588274,0.8,12,14,"[1, 1, 0, 1, 1, 1, 1, 1, 1, 1, 1, 1, 0, 1]","{""0"": 1, ""1"": 1, ""2"": 0, ""3"": 1, ""4"": 1, ""5"": 1, ""6"": 1, ""7"": 1, ""8"": 1, ""9"": 1, ""10"": 1, ""11"": 1, ""12"": 0, ""13"": 1}",15,"[0.0, 0.0, 0.0, 0.0, 0.0, 0.0, 0.0, 0.0, 0.0, 0.0, 0.0, 0.0, 0.0, 0.0, 0.0]",0.0,0.0,0.0,0.0,0.0,0.0,0.0,0.0,0.0,0.0,0.0,0.0,0.0,0.0,0.0
static_20,20,static,42,62,5249,2,center,1,near_exit,4,253.88965937122703,250.78205533977598,0.8,9,14,"[0, 1, 0, 1, 1, 0, 1, 1, 1, 0, 0, 1, 1, 1]","{""0"": 0, ""1"": 1, ""2"": 0, ""3"": 1, ""4"": 1, ""5"": 0, ""6"": 1, ""7"": 1, ""8"": 1, ""9"": 0, ""10"": 0, ""11"": 1, ""12"": 1, ""13"": 1}",15,"[0.0, 0.0, 0.0, 0.0, 0.0, 0.0, 0.0, 0.0, 0.0, 0.0, 0.0, 0.0, 0.0, 0.0, 0.0]",0.0,0.0,0.0,0.0,0.0,0.0,0.0,0.0,0.0,0.0,0.0,0.0,0.0,0.0,0.0
static_10,10,static,42,52,4171,3,ring,1,near_exit,11,74.4658822324127,300.26813259813935,0.8,10,14,"[0, 1, 1, 1, 0, 1, 0, 1, 0, 1, 1, 1, 1, 1]","{""0"": 0, ""1"": 1, ""2"": 1, ""3"": 1, ""4"": 0, ""5"": 1, ""6"": 0, ""7"": 1, ""8"": 0, ""9"": 1, ""10"": 1, ""11"": 1, ""12"": 1, ""13"": 1}",15,"[0.0, 0.0, 0.0, 0.0, 0.0, 0.0, 0.0, 0.0, 0.0, 0.0, 0.0, 0.0, 0.0, 0.0, 0.0]",0.0,0.0,0.0,0.0,0.0,0.0,0.0,0.0,0.0,0.0,0.0,0.0,0.0,0.0,0.0
static_10,10,static,42,52,4171,3,ring,1,near_exit,11,74.4658822324127,300.26813259813935,0.8,10,14,"[0, 1, 1, 1, 0, 1, 0, 1, 0, 1, 1, 1, 1, 1]","{""0"": 0, ""1"": 1, ""2"": 1, ""3"": 1, ""4"": 0, ""5"": 1, ""6"": 0, ""7"": 1, ""8"": 0, ""9"": 1, ""10"": 1, ""11"": 1, ""12"": 1, ""13"": 1}",15,"[0.0, 0.0, 0.0, 0.0, 0.0, 0.0, 0.0, 0.0, 0.0, 0.0, 0.0, 0.0, 0.0, 0.0, 0.0]",0.0,0.0,0.0,0.0,0.0,0.0,0.0,0.0,0.0,0.0,0.0,0.0,0.0,0.0,0.0
static_10,10,static,42,52,3585,3,ring,1,near_exit,11,74.4658822324127,300.26813259813935,0.8,10,14,"[0, 1, 1, 1, 0, 1, 0, 1, 0, 1, 1, 1, 1, 1]","{""0"": 0, ""1"": 1, ""2"": 1, ""3"": 1, ""4"": 0, ""5"": 1, ""6"": 0, ""7"": 1, ""8"": 0, ""9"": 1, ""10"": 1, ""11"": 1, ""12"": 1, ""13"": 1}",15,"[0.0, 0.0, 0.0, 0.0, 0.0, 0.0, 0.0, 0.0, 0.0, 0.0, 0.0, 0.0, 0.0, 0.0, 0.0]",0.0,0.0,0.0,0.0,0.0,0.0,0.0,0.0,0.0,0.0,0.0,0.0,0.0,0.0,0.0
static_1,1,static,42,43,3777,2,center,3,far_from_exit_and_main_road,12,86.4655145779252,206.66192820994183,0.8,13,14,"[1, 1, 1, 1, 1, 1, 1, 1, 1, 1, 1, 0, 1, 1]","{""0"": 1, ""1"": 1, ""2"": 1, ""3"": 1, ""4"": 1, ""5"": 1, ""6"": 1, ""7"": 1, ""8"": 1, ""9"": 1, ""10"": 1, ""11"": 0, ""12"": 1, ""13"": 1}",15,"[0.0, 0.0, 0.0, 0.0, 0.0, 0.0, 0.0, 0.0, 0.0, 0.0, 0.0, 0.0, 0.0, 0.0, 0.0]",0.0,0.0,0.0,0.0,0.0,0.0,0.0,0.0,0.0,0.0,0.0,0.0,0.0,0.0,0.0
static_2,2,static,42,44,4831,1,uniform,1,near_exit,6,26.251288073137403,149.61036271601915,0.8,12,14,"[1, 1, 0, 1, 1, 1, 1, 1, 1, 1, 0, 1, 1, 1]","{""0"": 1, ""1"": 1, ""2"": 0, ""3"": 1, ""4"": 1, ""5"": 1, ""6"": 1, ""7"": 1, ""8"": 1, ""9"": 1, ""10"": 0, ""11"": 1, ""12"": 1, ""13"": 1}",15,"[0.0, 0.0, 0.0, 0.0, 0.0, 0.0, 0.0, 0.0, 0.0, 0.0, 0.0, 0.0, 0.0, 0.0, 0.0]",0.0,0.0,0.0,0.0,0.0,0.0,0.0,0.0,0.0,0.0,0.0,0.0,0.0,0.0,0.0
static_3,3,static,42,45,5018,1,uniform,3,far_from_exit_and_main_road,2,135.2143654283136,374.6006386834197,0.8,14,14,"[1, 1, 1, 1, 1, 1, 1, 1, 1, 1, 1, 1, 1, 1]","{""0"": 1, ""1"": 1, ""2"": 1, ""3"": 1, ""4"": 1, ""5"": 1, ""6"": 1, ""7"": 1, ""8"": 1, ""9"": 1, ""10"": 1, ""11"": 1, ""12"": 1, ""13"": 1}",15,"[0.0, 0.0, 0.0, 0.0, 0.0, 0.0, 0.0, 0.0, 0.0, 0.0, 0.0, 0.0, 0.0, 0.0, 0.0]",0.0,0.0,0.0,0.0,0.0,0.0,0.0,0.0,0.0,0.0,0.0,0.0,0.0,0.0,0.0
static_4,4,static,42,46,5766,3,ring,2,near_main_road,16,134.70201228372753,258.9657045942731,0.8,9,14,"[0, 1, 1, 0, 1, 1, 1, 0, 1, 1, 1, 0, 0, 1]","{""0"": 0, ""1"": 1, ""2"": 1, ""3"": 0, ""4"": 1, ""5"": 1, ""6"": 1, ""7"": 0, ""8"": 1, ""9"": 1, ""10"": 1, ""11"": 0, ""12"": 0, ""13"": 1}",15,"[0.0, 0.0, 0.0, 0.0, 0.0, 0.0, 0.0, 0.0, 0.0, 0.0, 0.0, 0.0, 0.0, 0.0, 0.0]",0.0,0.0,0.0,0.0,0.0,0.0,0.0,0.0,0.0,0.0,0.0,0.0,0.0,0.0,0.0
static_5,5,static,42,47,5757,3,ring,1,near_exit,5,34.374810233712196,214.9597699600272,0.8,13,14,"[1, 1, 1, 1, 1, 1, 1, 1, 1, 1, 1, 0, 1, 1]","{""0"": 1, ""1"": 1, ""2"": 1, ""3"": 1, ""4"": 1, ""5"": 1, ""6"": 1, ""7"": 1, ""8"": 1, ""9"": 1, ""10"": 1, ""11"": 0, ""12"": 1, ""13"": 1}",15,"[0.0, 0.0, 0.0, 0.0, 0.0, 0.0, 0.0, 0.0, 0.0, 0.0, 0.0, 0.0, 0.0, 0.0, 0.0]",0.0,0.0,0.0,0.0,0.0,0.0,0.0,0.0,0.0,0.0,0.0,0.0,0.0,0.0,0.0
static_6,6,static,42,48,5482,2,center,2,near_main_road,9,180.08427936211228,352.65582518512383,0.8,11,14,"[1, 1, 1, 1, 0, 1, 1, 1, 0, 0, 1, 1, 1, 1]","{""0"": 1, ""1"": 1, ""2"": 1, ""3"": 1, ""4"": 0, ""5"": 1, ""6"": 1, ""7"": 1, ""8"": 0, ""9"": 0, ""10"": 1, ""11"": 1, ""12"": 1, ""13"": 1}",15,"[0.0, 0.0, 0.0, 0.0, 0.0, 0.0, 0.0, 0.0, 0.0, 0.0, 0.0, 0.0, 0.0, 0.0, 0.0]",0.0,0.0,0.0,0.0,0.0,0.0,0.0,0.0,0.0,0.0,0.0,0.0,0.0,0.0,0.0
static_7,7,static,42,49,4348,3,ring,3,far_from_exit_and_main_road,19,166.7272846736014,178.37646883539855,0.8,13,14,"[1, 1, 1, 1, 1, 1, 1, 1, 1, 1, 1, 1, 0, 1]","{""0"": 1, ""1"": 1, ""2"": 1, ""3"": 1, ""4"": 1, ""5"": 1, ""6"": 1, ""7"": 1, ""8"": 1, ""9"": 1, ""10"": 1, ""11"": 1, ""12"": 0, ""13"": 1}",15,"[0.0, 0.0, 0.0, 0.0, 0.0, 0.0, 0.0, 0.0, 0.0, 0.0, 0.0, 0.0, 0.0, 0.0, 0.0]",0.0,0.0,0.0,0.0,0.0,0.0,0.0,0.0,0.0,0.0,0.0,0.0,0.0,0.0,0.0
static_8,8,static,42,50,2774,3,ring,2,near_main_road,14,65.86150634847581,146.12098523322493,0.8,11,14,"[1, 1, 1, 1, 1, 0, 1, 1, 1, 1, 1, 0, 0, 1]","{""0"": 1, ""1"": 1, ""2"": 1, ""3"": 1, ""4"": 1, ""5"": 0, ""6"": 1, ""7"": 1, ""8"": 1, ""9"": 1, ""10"": 1, ""11"": 0, ""12"": 0, ""13"": 1}",15,"[0.0, 0.0, 0.0, 0.0, 0.0, 0.0, 0.0, 0.0, 0.0, 0.0, 0.0, 0.0, 0.0, 0.0, 0.0]",0.0,0.0,0.0,0.0,0.0,0.0,0.0,0.0,0.0,0.0,0.0,0.0,0.0,0.0,0.0
static_9,9,static,42,51,3137,1,uniform,1,near_exit,11,74.4658822324127,300.26813259813935,0.8,11,14,"[1, 1, 1, 0, 1, 1, 0, 1, 0, 1, 1, 1, 1, 1]","{""0"": 1, ""1"": 1, ""2"": 1, ""3"": 0, ""4"": 1, ""5"": 1, ""6"": 0, ""7"": 1, ""8"": 0, ""9"": 1, ""10"": 1, ""11"": 1, ""12"": 1, ""13"": 1}",15,"[0.0, 0.0, 0.0, 0.0, 0.0, 0.0, 0.0, 0.0, 0.0, 0.0, 0.0, 0.0, 0.0, 0.0, 0.0]",0.0,0.0,0.0,0.0,0.0,0.0,0.0,0.0,0.0,0.0,0.0,0.0,0.0,0.0,0.0
static_10,10,static,42,52,3585,3,ring,1,near_exit,11,74.4658822324127,300.26813259813935,0.8,10,14,"[0, 1, 1, 1, 0, 1, 0, 1, 0, 1, 1, 1, 1, 1]","{""0"": 0, ""1"": 1, ""2"": 1, ""3"": 1, ""4"": 0, ""5"": 1, ""6"": 0, ""7"": 1, ""8"": 0, ""9"": 1, ""10"": 1, ""11"": 1, ""12"": 1, ""13"": 1}",15,"[0.0, 0.0, 0.0, 0.0, 0.0, 0.0, 0.0, 0.0, 0.0, 0.0, 0.0, 0.0, 0.0, 0.0, 0.0]",0.0,0.0,0.0,0.0,0.0,0.0,0.0,0.0,0.0,0.0,0.0,0.0,0.0,0.0,0.0
static_11,11,static,42,53,5041,2,center,2,near_main_road,12,154.97150951996446,181.80336326546967,0.8,10,14,"[1, 0, 1, 1, 0, 1, 1, 1, 0, 1, 1, 0, 1, 1]","{""0"": 1, ""1"": 0, ""2"": 1, ""3"": 1, ""4"": 0, ""5"": 1, ""6"": 1, ""7"": 1, ""8"": 0, ""9"": 1, ""10"": 1, ""11"": 0, ""12"": 1, ""13"": 1}",15,"[0.0, 0.0, 0.0, 0.0, 0.0, 0.0, 0.0, 0.0, 0.0, 0.0, 0.0, 0.0, 0.0, 0.0, 0.0]",0.0,0.0,0.0,0.0,0.0,0.0,0.0,0.0,0.0,0.0,0.0,0.0,0.0,0.0,0.0
static_12,12,static,42,54,4248,1,uniform,1,near_exit,9,99.46174082159996,359.97675951663405,0.8,9,14,"[0, 1, 1, 1, 0, 1, 1, 1, 1, 0, 0, 1, 1, 0]","{""0"": 0, ""1"": 1, ""2"": 1, ""3"": 1, ""4"": 0, ""5"": 1, ""6"": 1, ""7"": 1, ""8"": 1, ""9"": 0, ""10"": 0, ""11"": 1, ""12"": 1, ""13"": 0}",15,"[0.0, 0.0, 0.0, 0.0, 0.0, 0.0, 0.0, 0.0, 0.0, 0.0, 0.0, 0.0, 0.0, 0.0, 0.0]",0.0,0.0,0.0,0.0,0.0,0.0,0.0,0.0,0.0,0.0,0.0,0.0,0.0,0.0,0.0
static_13,13,static,42,55,4945,1,uniform,1,near_exit,2,218.32077577710152,98.24949029041454,0.8,11,14,"[1, 0, 1, 1, 0, 1, 1, 1, 1, 0, 1, 1, 1, 1]","{""0"": 1, ""1"": 0, ""2"": 1, ""3"": 1, ""4"": 0, ""5"": 1, ""6"": 1, ""7"": 1, ""8"": 1, ""9"": 0, ""10"": 1, ""11"": 1, ""12"": 1, ""13"": 1}",15,"[0.0, 0.0, 0.0, 0.0, 0.0, 0.0, 0.0, 0.0, 0.0, 0.0, 0.0, 0.0, 0.0, 0.0, 0.0]",0.0,0.0,0.0,0.0,0.0,0.0,0.0,0.0,0.0,0.0,0.0,0.0,0.0,0.0,0.0
static_14,14,static,42,56,2863,3,ring,1,near_exit,3,266.886261947453,161.88702389178798,0.8,11,14,"[0, 1, 1, 1, 1, 0, 1, 1, 1, 1, 1, 0, 1, 1]","{""0"": 0, ""1"": 1, ""2"": 1, ""3"": 1, ""4"": 1, ""5"": 0, ""6"": 1, ""7"": 1, ""8"": 1, ""9"": 1, ""10"": 1, ""11"": 0, ""12"": 1, ""13"": 1}",15,"[0.0, 0.0, 0.0, 0.0, 0.0, 0.0, 0.0, 0.0, 0.0, 0.0, 0.0, 0.0, 0.0, 0.0, 0.0]",0.0,0.0,0.0,0.0,0.0,0.0,0.0,0.0,0.0,0.0,0.0,0.0,0.0,0.0,0.0
static_15,15,static,42,57,2445,3,ring,3,far_from_exit_and_main_road,18,220.97559298947453,223.2789021898061,0.8,11,14,"[1, 1, 1, 1, 0, 1, 0, 1, 0, 1, 1, 1, 1, 1]","{""0"": 1, ""1"": 1, ""2"": 1, ""3"": 1, ""4"": 0, ""5"": 1, ""6"": 0, ""7"": 1, ""8"": 0, ""9"": 1, ""10"": 1, ""11"": 1, ""12"": 1, ""13"": 1}",15,"[0.0, 0.0, 0.0, 0.0, 0.0, 0.0, 0.0, 0.0, 0.0, 0.0, 0.0, 0.0, 0.0, 0.0, 0.0]",0.0,0.0,0.0,0.0,0.0,0.0,0.0,0.0,0.0,0.0,0.0,0.0,0.0,0.0,0.0
static_16,16,static,42,58,4005,1,uniform,2,near_main_road,5,193.32523366622627,216.92377928225324,0.8,9,14,"[1, 1, 1, 0, 1, 1, 1, 1, 0, 0, 0, 1, 0, 1]","{""0"": 1, ""1"": 1, ""2"": 1, ""3"": 0, ""4"": 1, ""5"": 1, ""6"": 1, ""7"": 1, ""8"": 0, ""9"": 0, ""10"": 0, ""11"": 1, ""12"": 0, ""13"": 1}",15,"[0.0, 0.0, 0.0, 0.0, 0.0, 0.0, 0.0, 0.0, 0.0, 0.0, 0.0, 0.0, 0.0, 0.0, 0.0]",0.0,0.0,0.0,0.0,0.0,0.0,0.0,0.0,0.0,0.0,0.0,0.0,0.0,0.0,0.0
static_17,17,static,42,59,3388,2,center,1,near_exit,2,218.32077577710152,98.24949029041454,0.8,9,14,"[1, 0, 0, 1, 0, 1, 1, 1, 0, 1, 0, 1, 1, 1]","{""0"": 1, ""1"": 0, ""2"": 0, ""3"": 1, ""4"": 0, ""5"": 1, ""6"": 1, ""7"": 1, ""8"": 0, ""9"": 1, ""10"": 0, ""11"": 1, ""12"": 1, ""13"": 1}",15,"[0.0, 0.0, 0.0, 0.0, 0.0, 0.0, 0.0, 0.0, 0.0, 0.0, 0.0, 0.0, 0.0, 0.0, 0.0]",0.0,0.0,0.0,0.0,0.0,0.0,0.0,0.0,0.0,0.0,0.0,0.0,0.0,0.0,0.0
static_18,18,static,42,60,2037,3,ring,1,near_exit,4,253.88965937122703,250.78205533977598,0.8,11,14,"[1, 1, 1, 0, 1, 1, 0, 1, 0, 1, 1, 1, 1, 1]","{""0"": 1, ""1"": 1, ""2"": 1, ""3"": 0, ""4"": 1, ""5"": 1, ""6"": 0, ""7"": 1, ""8"": 0, ""9"": 1, ""10"": 1, ""11"": 1, ""12"": 1, ""13"": 1}",15,"[0.0, 0.0, 0.0, 0.0, 0.0, 0.0, 0.0, 0.0, 0.0, 0.0, 0.0, 0.0, 0.0, 0.0, 0.0]",0.0,0.0,0.0,0.0,0.0,0.0,0.0,0.0,0.0,0.0,0.0,0.0,0.0,0.0,0.0
static_19,19,static,42,61,4600,2,center,3,far_from_exit_and_main_road,11,107.66569153219461,244.24434981588274,0.8,12,14,"[1, 1, 0, 1, 1, 1, 1, 1, 1, 1, 1, 1, 0, 1]","{""0"": 1, ""1"": 1, ""2"": 0, ""3"": 1, ""4"": 1, ""5"": 1, ""6"": 1, ""7"": 1, ""8"": 1, ""9"": 1, ""10"": 1, ""11"": 1, ""12"": 0, ""13"": 1}",15,"[0.0, 0.0, 0.0, 0.0, 0.0, 0.0, 0.0, 0.0, 0.0, 0.0, 0.0, 0.0, 0.0, 0.0, 0.0]",0.0,0.0,0.0,0.0,0.0,0.0,0.0,0.0,0.0,0.0,0.0,0.0,0.0,0.0,0.0
static_20,20,static,42,62,4124,2,center,1,near_exit,4,253.88965937122703,250.78205533977598,0.8,9,14,"[0, 1, 0, 1, 1, 0, 1, 1, 1, 0, 0, 1, 1, 1]","{""0"": 0, ""1"": 1, ""2"": 0, ""3"": 1, ""4"": 1, ""5"": 0, ""6"": 1, ""7"": 1, ""8"": 1, ""9"": 0, ""10"": 0, ""11"": 1, ""12"": 1, ""13"": 1}",15,"[0.0, 0.0, 0.0, 0.0, 0.0, 0.0, 0.0, 0.0, 0.0, 0.0, 0.0, 0.0, 0.0, 0.0, 0.0]",0.0,0.0,0.0,0.0,0.0,0.0,0.0,0.0,0.0,0.0,0.0,0.0,0.0,0.0,0.0
static_1,1,static,42,43,3777,2,center,3,far_from_exit_and_main_road,12,86.4655145779252,206.66192820994183,0.8,13,14,"[1, 1, 1, 1, 1, 1, 1, 1, 1, 1, 1, 0, 1, 1]","{""0"": 1, ""1"": 1, ""2"": 1, ""3"": 1, ""4"": 1, ""5"": 1, ""6"": 1, ""7"": 1, ""8"": 1, ""9"": 1, ""10"": 1, ""11"": 0, ""12"": 1, ""13"": 1}",15,"[0.0, 0.0, 0.0, 0.0, 0.0, 0.0, 0.0, 0.0, 0.0, 0.0, 0.0, 0.0, 0.0, 0.0, 0.0]",0.0,0.0,0.0,0.0,0.0,0.0,0.0,0.0,0.0,0.0,0.0,0.0,0.0,0.0,0.0
static_2,2,static,42,44,4831,1,uniform,1,near_exit,6,26.251288073137403,149.61036271601915,0.8,12,14,"[1, 1, 0, 1, 1, 1, 1, 1, 1, 1, 0, 1, 1, 1]","{""0"": 1, ""1"": 1, ""2"": 0, ""3"": 1, ""4"": 1, ""5"": 1, ""6"": 1, ""7"": 1, ""8"": 1, ""9"": 1, ""10"": 0, ""11"": 1, ""12"": 1, ""13"": 1}",15,"[0.0, 0.0, 0.0, 0.0, 0.0, 0.0, 0.0, 0.0, 0.0, 0.0, 0.0, 0.0, 0.0, 0.0, 0.0]",0.0,0.0,0.0,0.0,0.0,0.0,0.0,0.0,0.0,0.0,0.0,0.0,0.0,0.0,0.0
density_1,1,density,42,43,3777,2,center,3,far_from_exit_and_main_road,12,86.4655145779252,206.66192820994183,0.8,13,14,"[1, 1, 1, 1, 1, 1, 1, 1, 1, 1, 1, 0, 1, 1]","{""0"": 1, ""1"": 1, ""2"": 1, ""3"": 1, ""4"": 1, ""5"": 1, ""6"": 1, ""7"": 1, ""8"": 1, ""9"": 1, ""10"": 1, ""11"": 0, ""12"": 1, ""13"": 1}",15,"[0.0, 0.0, 0.0, 0.0, 0.0, 0.0, 0.0, 0.0, 0.0, 0.0, 0.0, 0.0, 0.0, 0.0, 0.0]",0.0,0.0,0.0,0.0,0.0,0.0,0.0,0.0,0.0,0.0,0.0,0.0,0.0,0.0,0.0
density_2,2,density,42,44,4831,1,uniform,1,near_exit,6,26.251288073137403,149.61036271601915,0.8,12,14,"[1, 1, 0, 1, 1, 1, 1, 1, 1, 1, 0, 1, 1, 1]","{""0"": 1, ""1"": 1, ""2"": 0, ""3"": 1, ""4"": 1, ""5"": 1, ""6"": 1, ""7"": 1, ""8"": 1, ""9"": 1, ""10"": 0, ""11"": 1, ""12"": 1, ""13"": 1}",15,"[0.0, 0.0, 0.0, 0.0, 0.0, 0.0, 0.0, 0.0, 0.0, 0.0, 0.0, 0.0, 0.0, 0.0, 0.0]",0.0,0.0,0.0,0.0,0.0,0.0,0.0,0.0,0.0,0.0,0.0,0.0,0.0,0.0,0.0
risk_01_1,1,risk_01,42,43,3777,2,center,3,far_from_exit_and_main_road,12,86.4655145779252,206.66192820994183,0.8,13,14,"[1, 1, 1, 1, 1, 1, 1, 1, 1, 1, 1, 0, 1, 1]","{""0"": 1, ""1"": 1, ""2"": 1, ""3"": 1, ""4"": 1, ""5"": 1, ""6"": 1, ""7"": 1, ""8"": 1, ""9"": 1, ""10"": 1, ""11"": 0, ""12"": 1, ""13"": 1}",15,"[0.0, 0.0, 0.0, 0.0, 0.0, 0.0, 0.0, 0.0, 0.0, 0.0, 0.0, 0.0, 0.0, 0.0, 0.0]",0.0,0.0,0.0,0.0,0.0,0.0,0.0,0.0,0.0,0.0,0.0,0.0,0.0,0.0,0.0
risk_01_2,2,risk_01,42,44,4831,1,uniform,1,near_exit,6,26.251288073137403,149.61036271601915,0.8,12,14,"[1, 1, 0, 1, 1, 1, 1, 1, 1, 1, 0, 1, 1, 1]","{""0"": 1, ""1"": 1, ""2"": 0, ""3"": 1, ""4"": 1, ""5"": 1, ""6"": 1, ""7"": 1, ""8"": 1, ""9"": 1, ""10"": 0, ""11"": 1, ""12"": 1, ""13"": 1}",15,"[0.0, 0.0, 0.0, 0.0, 0.0, 0.0, 0.0, 0.0, 0.0, 0.0, 0.0, 0.0, 0.0, 0.0, 0.0]",0.0,0.0,0.0,0.0,0.0,0.0,0.0,0.0,0.0,0.0,0.0,0.0,0.0,0.0,0.0
risk_05_1,1,risk_05,42,43,3777,2,center,3,far_from_exit_and_main_road,12,86.4655145779252,206.66192820994183,0.8,13,14,"[1, 1, 1, 1, 1, 1, 1, 1, 1, 1, 1, 0, 1, 1]","{""0"": 1, ""1"": 1, ""2"": 1, ""3"": 1, ""4"": 1, ""5"": 1, ""6"": 1, ""7"": 1, ""8"": 1, ""9"": 1, ""10"": 1, ""11"": 0, ""12"": 1, ""13"": 1}",15,"[0.0, 0.0, 0.0, 0.0, 0.0, 0.0, 0.0, 0.0, 0.0, 0.0, 0.0, 0.0, 0.0, 0.0, 0.0]",0.0,0.0,0.0,0.0,0.0,0.0,0.0,0.0,0.0,0.0,0.0,0.0,0.0,0.0,0.0
risk_05_2,2,risk_05,42,44,4831,1,uniform,1,near_exit,6,26.251288073137403,149.61036271601915,0.8,12,14,"[1, 1, 0, 1, 1, 1, 1, 1, 1, 1, 0, 1, 1, 1]","{""0"": 1, ""1"": 1, ""2"": 0, ""3"": 1, ""4"": 1, ""5"": 1, ""6"": 1, ""7"": 1, ""8"": 1, ""9"": 1, ""10"": 0, ""11"": 1, ""12"": 1, ""13"": 1}",15,"[0.0, 0.0, 0.0, 0.0, 0.0, 0.0, 0.0, 0.0, 0.0, 0.0, 0.0, 0.0, 0.0, 0.0, 0.0]",0.0,0.0,0.0,0.0,0.0,0.0,0.0,0.0,0.0,0.0,0.0,0.0,0.0,0.0,0.0
risk_10_1,1,risk_10,42,43,3777,2,center,3,far_from_exit_and_main_road,12,86.4655145779252,206.66192820994183,0.8,13,14,"[1, 1, 1, 1, 1, 1, 1, 1, 1, 1, 1, 0, 1, 1]","{""0"": 1, ""1"": 1, ""2"": 1, ""3"": 1, ""4"": 1, ""5"": 1, ""6"": 1, ""7"": 1, ""8"": 1, ""9"": 1, ""10"": 1, ""11"": 0, ""12"": 1, ""13"": 1}",15,"[0.0, 0.0, 0.0, 0.0, 0.0, 0.0, 0.0, 0.0, 0.0, 0.0, 0.0, 0.0, 0.0, 0.0, 0.0]",0.0,0.0,0.0,0.0,0.0,0.0,0.0,0.0,0.0,0.0,0.0,0.0,0.0,0.0,0.0
risk_10_2,2,risk_10,42,44,4831,1,uniform,1,near_exit,6,26.251288073137403,149.61036271601915,0.8,12,14,"[1, 1, 0, 1, 1, 1, 1, 1, 1, 1, 0, 1, 1, 1]","{""0"": 1, ""1"": 1, ""2"": 0, ""3"": 1, ""4"": 1, ""5"": 1, ""6"": 1, ""7"": 1, ""8"": 1, ""9"": 1, ""10"": 0, ""11"": 1, ""12"": 1, ""13"": 1}",15,"[0.0, 0.0, 0.0, 0.0, 0.0, 0.0, 0.0, 0.0, 0.0, 0.0, 0.0, 0.0, 0.0, 0.0, 0.0]",0.0,0.0,0.0,0.0,0.0,0.0,0.0,0.0,0.0,0.0,0.0,0.0,0.0,0.0,0.0
risk_50_1,1,risk_50,42,43,3777,2,center,3,far_from_exit_and_main_road,12,86.4655145779252,206.66192820994183,0.8,13,14,"[1, 1, 1, 1, 1, 1, 1, 1, 1, 1, 1, 0, 1, 1]","{""0"": 1, ""1"": 1, ""2"": 1, ""3"": 1, ""4"": 1, ""5"": 1, ""6"": 1, ""7"": 1, ""8"": 1, ""9"": 1, ""10"": 1, ""11"": 0, ""12"": 1, ""13"": 1}",15,"[0.0, 0.0, 0.0, 0.0, 0.0, 0.0, 0.0, 0.0, 0.0, 0.0, 0.0, 0.0, 0.0, 0.0, 0.0]",0.0,0.0,0.0,0.0,0.0,0.0,0.0,0.0,0.0,0.0,0.0,0.0,0.0,0.0,0.0
risk_50_2,2,risk_50,42,44,4831,1,uniform,1,near_exit,6,26.251288073137403,149.61036271601915,0.8,12,14,"[1, 1, 0, 1, 1, 1, 1, 1, 1, 1, 0, 1, 1, 1]","{""0"": 1, ""1"": 1, ""2"": 0, ""3"": 1, ""4"": 1, ""5"": 1, ""6"": 1, ""7"": 1, ""8"": 1, ""9"": 1, ""10"": 0, ""11"": 1, ""12"": 1, ""13"": 1}",15,"[0.0, 0.0, 0.0, 0.0, 0.0, 0.0, 0.0, 0.0, 0.0, 0.0, 0.0, 0.0, 0.0, 0.0, 0.0]",0.0,0.0,0.0,0.0,0.0,0.0,0.0,0.0,0.0,0.0,0.0,0.0,0.0,0.0,0.0
risk_100_1,1,risk_100,42,43,3777,2,center,3,far_from_exit_and_main_road,12,86.4655145779252,206.66192820994183,0.8,13,14,"[1, 1, 1, 1, 1, 1, 1, 1, 1, 1, 1, 0, 1, 1]","{""0"": 1, ""1"": 1, ""2"": 1, ""3"": 1, ""4"": 1, ""5"": 1, ""6"": 1, ""7"": 1, ""8"": 1, ""9"": 1, ""10"": 1, ""11"": 0, ""12"": 1, ""13"": 1}",15,"[0.0, 0.0, 0.0, 0.0, 0.0, 0.0, 0.0, 0.0, 0.0, 0.0, 0.0, 0.0, 0.0, 0.0, 0.0]",0.0,0.0,0.0,0.0,0.0,0.0,0.0,0.0,0.0,0.0,0.0,0.0,0.0,0.0,0.0
risk_100_2,2,risk_100,42,44,4831,1,uniform,1,near_exit,6,26.251288073137403,149.61036271601915,0.8,12,14,"[1, 1, 0, 1, 1, 1, 1, 1, 1, 1, 0, 1, 1, 1]","{""0"": 1, ""1"": 1, ""2"": 0, ""3"": 1, ""4"": 1, ""5"": 1, ""6"": 1, ""7"": 1, ""8"": 1, ""9"": 1, ""10"": 0, ""11"": 1, ""12"": 1, ""13"": 1}",15,"[0.0, 0.0, 0.0, 0.0, 0.0, 0.0, 0.0, 0.0, 0.0, 0.0, 0.0, 0.0, 0.0, 0.0, 0.0]",0.0,0.0,0.0,0.0,0.0,0.0,0.0,0.0,0.0,0.0,0.0,0.0,0.0,0.0,0.0
static_1,1,static,42,43,3777,2,center,3,far_from_exit_and_main_road,12,86.4655145779252,206.66192820994183,0.8,13,14,"[1, 1, 1, 1, 1, 1, 1, 1, 1, 1, 1, 0, 1, 1]","{""0"": 1, ""1"": 1, ""2"": 1, ""3"": 1, ""4"": 1, ""5"": 1, ""6"": 1, ""7"": 1, ""8"": 1, ""9"": 1, ""10"": 1, ""11"": 0, ""12"": 1, ""13"": 1}",15,"[0.0, 0.0, 0.0, 0.0, 0.0, 0.0, 0.0, 0.0, 0.0, 0.0, 0.0, 0.0, 0.0, 0.0, 0.0]",0.0,0.0,0.0,0.0,0.0,0.0,0.0,0.0,0.0,0.0,0.0,0.0,0.0,0.0,0.0
static_2,2,static,42,44,4831,1,uniform,1,near_exit,6,26.251288073137403,149.61036271601915,0.8,12,14,"[1, 1, 0, 1, 1, 1, 1, 1, 1, 1, 0, 1, 1, 1]","{""0"": 1, ""1"": 1, ""2"": 0, ""3"": 1, ""4"": 1, ""5"": 1, ""6"": 1, ""7"": 1, ""8"": 1, ""9"": 1, ""10"": 0, ""11"": 1, ""12"": 1, ""13"": 1}",15,"[0.0, 0.0, 0.0, 0.0, 0.0, 0.0, 0.0, 0.0, 0.0, 0.0, 0.0, 0.0, 0.0, 0.0, 0.0]",0.0,0.0,0.0,0.0,0.0,0.0,0.0,0.0,0.0,0.0,0.0,0.0,0.0,0.0,0.0
static_3,3,static,42,45,5018,1,uniform,3,far_from_exit_and_main_road,2,135.2143654283136,374.6006386834197,0.8,14,14,"[1, 1, 1, 1, 1, 1, 1, 1, 1, 1, 1, 1, 1, 1]","{""0"": 1, ""1"": 1, ""2"": 1, ""3"": 1, ""4"": 1, ""5"": 1, ""6"": 1, ""7"": 1, ""8"": 1, ""9"": 1, ""10"": 1, ""11"": 1, ""12"": 1, ""13"": 1}",15,"[0.0, 0.0, 0.0, 0.0, 0.0, 0.0, 0.0, 0.0, 0.0, 0.0, 0.0, 0.0, 0.0, 0.0, 0.0]",0.0,0.0,0.0,0.0,0.0,0.0,0.0,0.0,0.0,0.0,0.0,0.0,0.0,0.0,0.0
static_4,4,static,42,46,5766,3,ring,2,near_main_road,16,134.70201228372753,258.9657045942731,0.8,9,14,"[0, 1, 1, 0, 1, 1, 1, 0, 1, 1, 1, 0, 0, 1]","{""0"": 0, ""1"": 1, ""2"": 1, ""3"": 0, ""4"": 1, ""5"": 1, ""6"": 1, ""7"": 0, ""8"": 1, ""9"": 1, ""10"": 1, ""11"": 0, ""12"": 0, ""13"": 1}",15,"[0.0, 0.0, 0.0, 0.0, 0.0, 0.0, 0.0, 0.0, 0.0, 0.0, 0.0, 0.0, 0.0, 0.0, 0.0]",0.0,0.0,0.0,0.0,0.0,0.0,0.0,0.0,0.0,0.0,0.0,0.0,0.0,0.0,0.0
static_5,5,static,42,47,5757,3,ring,1,near_exit,5,34.374810233712196,214.9597699600272,0.8,13,14,"[1, 1, 1, 1, 1, 1, 1, 1, 1, 1, 1, 0, 1, 1]","{""0"": 1, ""1"": 1, ""2"": 1, ""3"": 1, ""4"": 1, ""5"": 1, ""6"": 1, ""7"": 1, ""8"": 1, ""9"": 1, ""10"": 1, ""11"": 0, ""12"": 1, ""13"": 1}",15,"[0.0, 0.0, 0.0, 0.0, 0.0, 0.0, 0.0, 0.0, 0.0, 0.0, 0.0, 0.0, 0.0, 0.0, 0.0]",0.0,0.0,0.0,0.0,0.0,0.0,0.0,0.0,0.0,0.0,0.0,0.0,0.0,0.0,0.0
static_6,6,static,42,48,5482,2,center,2,near_main_road,9,180.08427936211228,352.65582518512383,0.8,11,14,"[1, 1, 1, 1, 0, 1, 1, 1, 0, 0, 1, 1, 1, 1]","{""0"": 1, ""1"": 1, ""2"": 1, ""3"": 1, ""4"": 0, ""5"": 1, ""6"": 1, ""7"": 1, ""8"": 0, ""9"": 0, ""10"": 1, ""11"": 1, ""12"": 1, ""13"": 1}",15,"[0.0, 0.0, 0.0, 0.0, 0.0, 0.0, 0.0, 0.0, 0.0, 0.0, 0.0, 0.0, 0.0, 0.0, 0.0]",0.0,0.0,0.0,0.0,0.0,0.0,0.0,0.0,0.0,0.0,0.0,0.0,0.0,0.0,0.0
static_7,7,static,42,49,4348,3,ring,3,far_from_exit_and_main_road,19,166.7272846736014,178.37646883539855,0.8,13,14,"[1, 1, 1, 1, 1, 1, 1, 1, 1, 1, 1, 1, 0, 1]","{""0"": 1, ""1"": 1, ""2"": 1, ""3"": 1, ""4"": 1, ""5"": 1, ""6"": 1, ""7"": 1, ""8"": 1, ""9"": 1, ""10"": 1, ""11"": 1, ""12"": 0, ""13"": 1}",15,"[0.0, 0.0, 0.0, 0.0, 0.0, 0.0, 0.0, 0.0, 0.0, 0.0, 0.0, 0.0, 0.0, 0.0, 0.0]",0.0,0.0,0.0,0.0,0.0,0.0,0.0,0.0,0.0,0.0,0.0,0.0,0.0,0.0,0.0
static_8,8,static,42,50,2774,3,ring,2,near_main_road,14,65.86150634847581,146.12098523322493,0.8,11,14,"[1, 1, 1, 1, 1, 0, 1, 1, 1, 1, 1, 0, 0, 1]","{""0"": 1, ""1"": 1, ""2"": 1, ""3"": 1, ""4"": 1, ""5"": 0, ""6"": 1, ""7"": 1, ""8"": 1, ""9"": 1, ""10"": 1, ""11"": 0, ""12"": 0, ""13"": 1}",15,"[0.0, 0.0, 0.0, 0.0, 0.0, 0.0, 0.0, 0.0, 0.0, 0.0, 0.0, 0.0, 0.0, 0.0, 0.0]",0.0,0.0,0.0,0.0,0.0,0.0,0.0,0.0,0.0,0.0,0.0,0.0,0.0,0.0,0.0
static_9,9,static,42,51,3137,1,uniform,1,near_exit,11,74.4658822324127,300.26813259813935,0.8,11,14,"[1, 1, 1, 0, 1, 1, 0, 1, 0, 1, 1, 1, 1, 1]","{""0"": 1, ""1"": 1, ""2"": 1, ""3"": 0, ""4"": 1, ""5"": 1, ""6"": 0, ""7"": 1, ""8"": 0, ""9"": 1, ""10"": 1, ""11"": 1, ""12"": 1, ""13"": 1}",15,"[0.0, 0.0, 0.0, 0.0, 0.0, 0.0, 0.0, 0.0, 0.0, 0.0, 0.0, 0.0, 0.0, 0.0, 0.0]",0.0,0.0,0.0,0.0,0.0,0.0,0.0,0.0,0.0,0.0,0.0,0.0,0.0,0.0,0.0
static_10,10,static,42,52,3585,3,ring,1,near_exit,11,74.4658822324127,300.26813259813935,0.8,10,14,"[0, 1, 1, 1, 0, 1, 0, 1, 0, 1, 1, 1, 1, 1]","{""0"": 0, ""1"": 1, ""2"": 1, ""3"": 1, ""4"": 0, ""5"": 1, ""6"": 0, ""7"": 1, ""8"": 0, ""9"": 1, ""10"": 1, ""11"": 1, ""12"": 1, ""13"": 1}",15,"[0.0, 0.0, 0.0, 0.0, 0.0, 0.0, 0.0, 0.0, 0.0, 0.0, 0.0, 0.0, 0.0, 0.0, 0.0]",0.0,0.0,0.0,0.0,0.0,0.0,0.0,0.0,0.0,0.0,0.0,0.0,0.0,0.0,0.0
static_11,11,static,42,53,5041,2,center,2,near_main_road,12,154.97150951996446,181.80336326546967,0.8,10,14,"[1, 0, 1, 1, 0, 1, 1, 1, 0, 1, 1, 0, 1, 1]","{""0"": 1, ""1"": 0, ""2"": 1, ""3"": 1, ""4"": 0, ""5"": 1, ""6"": 1, ""7"": 1, ""8"": 0, ""9"": 1, ""10"": 1, ""11"": 0, ""12"": 1, ""13"": 1}",15,"[0.0, 0.0, 0.0, 0.0, 0.0, 0.0, 0.0, 0.0, 0.0, 0.0, 0.0, 0.0, 0.0, 0.0, 0.0]",0.0,0.0,0.0,0.0,0.0,0.0,0.0,0.0,0.0,0.0,0.0,0.0,0.0,0.0,0.0
static_12,12,static,42,54,4248,1,uniform,1,near_exit,9,99.46174082159996,359.97675951663405,0.8,9,14,"[0, 1, 1, 1, 0, 1, 1, 1, 1, 0, 0, 1, 1, 0]","{""0"": 0, ""1"": 1, ""2"": 1, ""3"": 1, ""4"": 0, ""5"": 1, ""6"": 1, ""7"": 1, ""8"": 1, ""9"": 0, ""10"": 0, ""11"": 1, ""12"": 1, ""13"": 0}",15,"[0.0, 0.0, 0.0, 0.0, 0.0, 0.0, 0.0, 0.0, 0.0, 0.0, 0.0, 0.0, 0.0, 0.0, 0.0]",0.0,0.0,0.0,0.0,0.0,0.0,0.0,0.0,0.0,0.0,0.0,0.0,0.0,0.0,0.0
static_13,13,static,42,55,4945,1,uniform,1,near_exit,2,218.32077577710152,98.24949029041454,0.8,11,14,"[1, 0, 1, 1, 0, 1, 1, 1, 1, 0, 1, 1, 1, 1]","{""0"": 1, ""1"": 0, ""2"": 1, ""3"": 1, ""4"": 0, ""5"": 1, ""6"": 1, ""7"": 1, ""8"": 1, ""9"": 0, ""10"": 1, ""11"": 1, ""12"": 1, ""13"": 1}",15,"[0.0, 0.0, 0.0, 0.0, 0.0, 0.0, 0.0, 0.0, 0.0, 0.0, 0.0, 0.0, 0.0, 0.0, 0.0]",0.0,0.0,0.0,0.0,0.0,0.0,0.0,0.0,0.0,0.0,0.0,0.0,0.0,0.0,0.0
static_14,14,static,42,56,2863,3,ring,1,near_exit,3,266.886261947453,161.88702389178798,0.8,11,14,"[0, 1, 1, 1, 1, 0, 1, 1, 1, 1, 1, 0, 1, 1]","{""0"": 0, ""1"": 1, ""2"": 1, ""3"": 1, ""4"": 1, ""5"": 0, ""6"": 1, ""7"": 1, ""8"": 1, ""9"": 1, ""10"": 1, ""11"": 0, ""12"": 1, ""13"": 1}",15,"[0.0, 0.0, 0.0, 0.0, 0.0, 0.0, 0.0, 0.0, 0.0, 0.0, 0.0, 0.0, 0.0, 0.0, 0.0]",0.0,0.0,0.0,0.0,0.0,0.0,0.0,0.0,0.0,0.0,0.0,0.0,0.0,0.0,0.0
static_15,15,static,42,57,2445,3,ring,3,far_from_exit_and_main_road,18,220.97559298947453,223.2789021898061,0.8,11,14,"[1, 1, 1, 1, 0, 1, 0, 1, 0, 1, 1, 1, 1, 1]","{""0"": 1, ""1"": 1, ""2"": 1, ""3"": 1, ""4"": 0, ""5"": 1, ""6"": 0, ""7"": 1, ""8"": 0, ""9"": 1, ""10"": 1, ""11"": 1, ""12"": 1, ""13"": 1}",15,"[0.0, 0.0, 0.0, 0.0, 0.0, 0.0, 0.0, 0.0, 0.0, 0.0, 0.0, 0.0, 0.0, 0.0, 0.0]",0.0,0.0,0.0,0.0,0.0,0.0,0.0,0.0,0.0,0.0,0.0,0.0,0.0,0.0,0.0
static_16,16,static,42,58,4005,1,uniform,2,near_main_road,5,193.32523366622627,216.92377928225324,0.8,9,14,"[1, 1, 1, 0, 1, 1, 1, 1, 0, 0, 0, 1, 0, 1]","{""0"": 1, ""1"": 1, ""2"": 1, ""3"": 0, ""4"": 1, ""5"": 1, ""6"": 1, ""7"": 1, ""8"": 0, ""9"": 0, ""10"": 0, ""11"": 1, ""12"": 0, ""13"": 1}",15,"[0.0, 0.0, 0.0, 0.0, 0.0, 0.0, 0.0, 0.0, 0.0, 0.0, 0.0, 0.0, 0.0, 0.0, 0.0]",0.0,0.0,0.0,0.0,0.0,0.0,0.0,0.0,0.0,0.0,0.0,0.0,0.0,0.0,0.0
static_17,17,static,42,59,3388,2,center,1,near_exit,2,218.32077577710152,98.24949029041454,0.8,9,14,"[1, 0, 0, 1, 0, 1, 1, 1, 0, 1, 0, 1, 1, 1]","{""0"": 1, ""1"": 0, ""2"": 0, ""3"": 1, ""4"": 0, ""5"": 1, ""6"": 1, ""7"": 1, ""8"": 0, ""9"": 1, ""10"": 0, ""11"": 1, ""12"": 1, ""13"": 1}",15,"[0.0, 0.0, 0.0, 0.0, 0.0, 0.0, 0.0, 0.0, 0.0, 0.0, 0.0, 0.0, 0.0, 0.0, 0.0]",0.0,0.0,0.0,0.0,0.0,0.0,0.0,0.0,0.0,0.0,0.0,0.0,0.0,0.0,0.0
static_18,18,static,42,60,2037,3,ring,1,near_exit,4,253.88965937122703,250.78205533977598,0.8,11,14,"[1, 1, 1, 0, 1, 1, 0, 1, 0, 1, 1, 1, 1, 1]","{""0"": 1, ""1"": 1, ""2"": 1, ""3"": 0, ""4"": 1, ""5"": 1, ""6"": 0, ""7"": 1, ""8"": 0, ""9"": 1, ""10"": 1, ""11"": 1, ""12"": 1, ""13"": 1}",15,"[0.0, 0.0, 0.0, 0.0, 0.0, 0.0, 0.0, 0.0, 0.0, 0.0, 0.0, 0.0, 0.0, 0.0, 0.0]",0.0,0.0,0.0,0.0,0.0,0.0,0.0,0.0,0.0,0.0,0.0,0.0,0.0,0.0,0.0
static_19,19,static,42,61,4600,2,center,3,far_from_exit_and_main_road,11,107.66569153219461,244.24434981588274,0.8,12,14,"[1, 1, 0, 1, 1, 1, 1, 1, 1, 1, 1, 1, 0, 1]","{""0"": 1, ""1"": 1, ""2"": 0, ""3"": 1, ""4"": 1, ""5"": 1, ""6"": 1, ""7"": 1, ""8"": 1, ""9"": 1, ""10"": 1, ""11"": 1, ""12"": 0, ""13"": 1}",15,"[0.0, 0.0, 0.0, 0.0, 0.0, 0.0, 0.0, 0.0, 0.0, 0.0, 0.0, 0.0, 0.0, 0.0, 0.0]",0.0,0.0,0.0,0.0,0.0,0.0,0.0,0.0,0.0,0.0,0.0,0.0,0.0,0.0,0.0
static_20,20,static,42,62,4124,2,center,1,near_exit,4,253.88965937122703,250.78205533977598,0.8,9,14,"[0, 1, 0, 1, 1, 0, 1, 1, 1, 0, 0, 1, 1, 1]","{""0"": 0, ""1"": 1, ""2"": 0, ""3"": 1, ""4"": 1, ""5"": 0, ""6"": 1, ""7"": 1, ""8"": 1, ""9"": 0, ""10"": 0, ""11"": 1, ""12"": 1, ""13"": 1}",15,"[0.0, 0.0, 0.0, 0.0, 0.0, 0.0, 0.0, 0.0, 0.0, 0.0, 0.0, 0.0, 0.0, 0.0, 0.0]",0.0,0.0,0.0,0.0,0.0,0.0,0.0,0.0,0.0,0.0,0.0,0.0,0.0,0.0,0.0
density_1,1,density,42,43,3777,2,center,3,far_from_exit_and_main_road,12,86.4655145779252,206.66192820994183,0.8,13,14,"[1, 1, 1, 1, 1, 1, 1, 1, 1, 1, 1, 0, 1, 1]","{""0"": 1, ""1"": 1, ""2"": 1, ""3"": 1, ""4"": 1, ""5"": 1, ""6"": 1, ""7"": 1, ""8"": 1, ""9"": 1, ""10"": 1, ""11"": 0, ""12"": 1, ""13"": 1}",15,"[0.0, 0.0, 0.0, 0.0, 0.0, 0.0, 0.0, 0.0, 0.0, 0.0, 0.0, 0.0, 0.0, 0.0, 0.0]",0.0,0.0,0.0,0.0,0.0,0.0,0.0,0.0,0.0,0.0,0.0,0.0,0.0,0.0,0.0
density_2,2,density,42,44,4831,1,uniform,1,near_exit,6,26.251288073137403,149.61036271601915,0.8,12,14,"[1, 1, 0, 1, 1, 1, 1, 1, 1, 1, 0, 1, 1, 1]","{""0"": 1, ""1"": 1, ""2"": 0, ""3"": 1, ""4"": 1, ""5"": 1, ""6"": 1, ""7"": 1, ""8"": 1, ""9"": 1, ""10"": 0, ""11"": 1, ""12"": 1, ""13"": 1}",15,"[0.0, 0.0, 0.0, 0.0, 0.0, 0.0, 0.0, 0.0, 0.0, 0.0, 0.0, 0.0, 0.0, 0.0, 0.0]",0.0,0.0,0.0,0.0,0.0,0.0,0.0,0.0,0.0,0.0,0.0,0.0,0.0,0.0,0.0
density_3,3,density,42,45,5018,1,uniform,3,far_from_exit_and_main_road,2,135.2143654283136,374.6006386834197,0.8,14,14,"[1, 1, 1, 1, 1, 1, 1, 1, 1, 1, 1, 1, 1, 1]","{""0"": 1, ""1"": 1, ""2"": 1, ""3"": 1, ""4"": 1, ""5"": 1, ""6"": 1, ""7"": 1, ""8"": 1, ""9"": 1, ""10"": 1, ""11"": 1, ""12"": 1, ""13"": 1}",15,"[0.0, 0.0, 0.0, 0.0, 0.0, 0.0, 0.0, 0.0, 0.0, 0.0, 0.0, 0.0, 0.0, 0.0, 0.0]",0.0,0.0,0.0,0.0,0.0,0.0,0.0,0.0,0.0,0.0,0.0,0.0,0.0,0.0,0.0
density_4,4,density,42,46,5766,3,ring,2,near_main_road,16,134.70201228372753,258.9657045942731,0.8,9,14,"[0, 1, 1, 0, 1, 1, 1, 0, 1, 1, 1, 0, 0, 1]","{""0"": 0, ""1"": 1, ""2"": 1, ""3"": 0, ""4"": 1, ""5"": 1, ""6"": 1, ""7"": 0, ""8"": 1, ""9"": 1, ""10"": 1, ""11"": 0, ""12"": 0, ""13"": 1}",15,"[0.0, 0.0, 0.0, 0.0, 0.0, 0.0, 0.0, 0.0, 0.0, 0.0, 0.0, 0.0, 0.0, 0.0, 0.0]",0.0,0.0,0.0,0.0,0.0,0.0,0.0,0.0,0.0,0.0,0.0,0.0,0.0,0.0,0.0
density_5,5,density,42,47,5757,3,ring,1,near_exit,5,34.374810233712196,214.9597699600272,0.8,13,14,"[1, 1, 1, 1, 1, 1, 1, 1, 1, 1, 1, 0, 1, 1]","{""0"": 1, ""1"": 1, ""2"": 1, ""3"": 1, ""4"": 1, ""5"": 1, ""6"": 1, ""7"": 1, ""8"": 1, ""9"": 1, ""10"": 1, ""11"": 0, ""12"": 1, ""13"": 1}",15,"[0.0, 0.0, 0.0, 0.0, 0.0, 0.0, 0.0, 0.0, 0.0, 0.0, 0.0, 0.0, 0.0, 0.0, 0.0]",0.0,0.0,0.0,0.0,0.0,0.0,0.0,0.0,0.0,0.0,0.0,0.0,0.0,0.0,0.0
density_6,6,density,42,48,5482,2,center,2,near_main_road,9,180.08427936211228,352.65582518512383,0.8,11,14,"[1, 1, 1, 1, 0, 1, 1, 1, 0, 0, 1, 1, 1, 1]","{""0"": 1, ""1"": 1, ""2"": 1, ""3"": 1, ""4"": 0, ""5"": 1, ""6"": 1, ""7"": 1, ""8"": 0, ""9"": 0, ""10"": 1, ""11"": 1, ""12"": 1, ""13"": 1}",15,"[0.0, 0.0, 0.0, 0.0, 0.0, 0.0, 0.0, 0.0, 0.0, 0.0, 0.0, 0.0, 0.0, 0.0, 0.0]",0.0,0.0,0.0,0.0,0.0,0.0,0.0,0.0,0.0,0.0,0.0,0.0,0.0,0.0,0.0
density_7,7,density,42,49,4348,3,ring,3,far_from_exit_and_main_road,19,166.7272846736014,178.37646883539855,0.8,13,14,"[1, 1, 1, 1, 1, 1, 1, 1, 1, 1, 1, 1, 0, 1]","{""0"": 1, ""1"": 1, ""2"": 1, ""3"": 1, ""4"": 1, ""5"": 1, ""6"": 1, ""7"": 1, ""8"": 1, ""9"": 1, ""10"": 1, ""11"": 1, ""12"": 0, ""13"": 1}",15,"[0.0, 0.0, 0.0, 0.0, 0.0, 0.0, 0.0, 0.0, 0.0, 0.0, 0.0, 0.0, 0.0, 0.0, 0.0]",0.0,0.0,0.0,0.0,0.0,0.0,0.0,0.0,0.0,0.0,0.0,0.0,0.0,0.0,0.0
density_8,8,density,42,50,2774,3,ring,2,near_main_road,14,65.86150634847581,146.12098523322493,0.8,11,14,"[1, 1, 1, 1, 1, 0, 1, 1, 1, 1, 1, 0, 0, 1]","{""0"": 1, ""1"": 1, ""2"": 1, ""3"": 1, ""4"": 1, ""5"": 0, ""6"": 1, ""7"": 1, ""8"": 1, ""9"": 1, ""10"": 1, ""11"": 0, ""12"": 0, ""13"": 1}",15,"[0.0, 0.0, 0.0, 0.0, 0.0, 0.0, 0.0, 0.0, 0.0, 0.0, 0.0, 0.0, 0.0, 0.0, 0.0]",0.0,0.0,0.0,0.0,0.0,0.0,0.0,0.0,0.0,0.0,0.0,0.0,0.0,0.0,0.0
density_9,9,density,42,51,3137,1,uniform,1,near_exit,11,74.4658822324127,300.26813259813935,0.8,11,14,"[1, 1, 1, 0, 1, 1, 0, 1, 0, 1, 1, 1, 1, 1]","{""0"": 1, ""1"": 1, ""2"": 1, ""3"": 0, ""4"": 1, ""5"": 1, ""6"": 0, ""7"": 1, ""8"": 0, ""9"": 1, ""10"": 1, ""11"": 1, ""12"": 1, ""13"": 1}",15,"[0.0, 0.0, 0.0, 0.0, 0.0, 0.0, 0.0, 0.0, 0.0, 0.0, 0.0, 0.0, 0.0, 0.0, 0.0]",0.0,0.0,0.0,0.0,0.0,0.0,0.0,0.0,0.0,0.0,0.0,0.0,0.0,0.0,0.0
density_10,10,density,42,52,3585,3,ring,1,near_exit,11,74.4658822324127,300.26813259813935,0.8,10,14,"[0, 1, 1, 1, 0, 1, 0, 1, 0, 1, 1, 1, 1, 1]","{""0"": 0, ""1"": 1, ""2"": 1, ""3"": 1, ""4"": 0, ""5"": 1, ""6"": 0, ""7"": 1, ""8"": 0, ""9"": 1, ""10"": 1, ""11"": 1, ""12"": 1, ""13"": 1}",15,"[0.0, 0.0, 0.0, 0.0, 0.0, 0.0, 0.0, 0.0, 0.0, 0.0, 0.0, 0.0, 0.0, 0.0, 0.0]",0.0,0.0,0.0,0.0,0.0,0.0,0.0,0.0,0.0,0.0,0.0,0.0,0.0,0.0,0.0
density_11,11,density,42,53,5041,2,center,2,near_main_road,12,154.97150951996446,181.80336326546967,0.8,10,14,"[1, 0, 1, 1, 0, 1, 1, 1, 0, 1, 1, 0, 1, 1]","{""0"": 1, ""1"": 0, ""2"": 1, ""3"": 1, ""4"": 0, ""5"": 1, ""6"": 1, ""7"": 1, ""8"": 0, ""9"": 1, ""10"": 1, ""11"": 0, ""12"": 1, ""13"": 1}",15,"[0.0, 0.0, 0.0, 0.0, 0.0, 0.0, 0.0, 0.0, 0.0, 0.0, 0.0, 0.0, 0.0, 0.0, 0.0]",0.0,0.0,0.0,0.0,0.0,0.0,0.0,0.0,0.0,0.0,0.0,0.0,0.0,0.0,0.0
density_12,12,density,42,54,4248,1,uniform,1,near_exit,9,99.46174082159996,359.97675951663405,0.8,9,14,"[0, 1, 1, 1, 0, 1, 1, 1, 1, 0, 0, 1, 1, 0]","{""0"": 0, ""1"": 1, ""2"": 1, ""3"": 1, ""4"": 0, ""5"": 1, ""6"": 1, ""7"": 1, ""8"": 1, ""9"": 0, ""10"": 0, ""11"": 1, ""12"": 1, ""13"": 0}",15,"[0.0, 0.0, 0.0, 0.0, 0.0, 0.0, 0.0, 0.0, 0.0, 0.0, 0.0, 0.0, 0.0, 0.0, 0.0]",0.0,0.0,0.0,0.0,0.0,0.0,0.0,0.0,0.0,0.0,0.0,0.0,0.0,0.0,0.0
density_13,13,density,42,55,4945,1,uniform,1,near_exit,2,218.32077577710152,98.24949029041454,0.8,11,14,"[1, 0, 1, 1, 0, 1, 1, 1, 1, 0, 1, 1, 1, 1]","{""0"": 1, ""1"": 0, ""2"": 1, ""3"": 1, ""4"": 0, ""5"": 1, ""6"": 1, ""7"": 1, ""8"": 1, ""9"": 0, ""10"": 1, ""11"": 1, ""12"": 1, ""13"": 1}",15,"[0.0, 0.0, 0.0, 0.0, 0.0, 0.0, 0.0, 0.0, 0.0, 0.0, 0.0, 0.0, 0.0, 0.0, 0.0]",0.0,0.0,0.0,0.0,0.0,0.0,0.0,0.0,0.0,0.0,0.0,0.0,0.0,0.0,0.0
density_14,14,density,42,56,2863,3,ring,1,near_exit,3,266.886261947453,161.88702389178798,0.8,11,14,"[0, 1, 1, 1, 1, 0, 1, 1, 1, 1, 1, 0, 1, 1]","{""0"": 0, ""1"": 1, ""2"": 1, ""3"": 1, ""4"": 1, ""5"": 0, ""6"": 1, ""7"": 1, ""8"": 1, ""9"": 1, ""10"": 1, ""11"": 0, ""12"": 1, ""13"": 1}",15,"[0.0, 0.0, 0.0, 0.0, 0.0, 0.0, 0.0, 0.0, 0.0, 0.0, 0.0, 0.0, 0.0, 0.0, 0.0]",0.0,0.0,0.0,0.0,0.0,0.0,0.0,0.0,0.0,0.0,0.0,0.0,0.0,0.0,0.0
density_15,15,density,42,57,2445,3,ring,3,far_from_exit_and_main_road,18,220.97559298947453,223.2789021898061,0.8,11,14,"[1, 1, 1, 1, 0, 1, 0, 1, 0, 1, 1, 1, 1, 1]","{""0"": 1, ""1"": 1, ""2"": 1, ""3"": 1, ""4"": 0, ""5"": 1, ""6"": 0, ""7"": 1, ""8"": 0, ""9"": 1, ""10"": 1, ""11"": 1, ""12"": 1, ""13"": 1}",15,"[0.0, 0.0, 0.0, 0.0, 0.0, 0.0, 0.0, 0.0, 0.0, 0.0, 0.0, 0.0, 0.0, 0.0, 0.0]",0.0,0.0,0.0,0.0,0.0,0.0,0.0,0.0,0.0,0.0,0.0,0.0,0.0,0.0,0.0
density_16,16,density,42,58,4005,1,uniform,2,near_main_road,5,193.32523366622627,216.92377928225324,0.8,9,14,"[1, 1, 1, 0, 1, 1, 1, 1, 0, 0, 0, 1, 0, 1]","{""0"": 1, ""1"": 1, ""2"": 1, ""3"": 0, ""4"": 1, ""5"": 1, ""6"": 1, ""7"": 1, ""8"": 0, ""9"": 0, ""10"": 0, ""11"": 1, ""12"": 0, ""13"": 1}",15,"[0.0, 0.0, 0.0, 0.0, 0.0, 0.0, 0.0, 0.0, 0.0, 0.0, 0.0, 0.0, 0.0, 0.0, 0.0]",0.0,0.0,0.0,0.0,0.0,0.0,0.0,0.0,0.0,0.0,0.0,0.0,0.0,0.0,0.0
density_17,17,density,42,59,3388,2,center,1,near_exit,2,218.32077577710152,98.24949029041454,0.8,9,14,"[1, 0, 0, 1, 0, 1, 1, 1, 0, 1, 0, 1, 1, 1]","{""0"": 1, ""1"": 0, ""2"": 0, ""3"": 1, ""4"": 0, ""5"": 1, ""6"": 1, ""7"": 1, ""8"": 0, ""9"": 1, ""10"": 0, ""11"": 1, ""12"": 1, ""13"": 1}",15,"[0.0, 0.0, 0.0, 0.0, 0.0, 0.0, 0.0, 0.0, 0.0, 0.0, 0.0, 0.0, 0.0, 0.0, 0.0]",0.0,0.0,0.0,0.0,0.0,0.0,0.0,0.0,0.0,0.0,0.0,0.0,0.0,0.0,0.0
density_18,18,density,42,60,2037,3,ring,1,near_exit,4,253.88965937122703,250.78205533977598,0.8,11,14,"[1, 1, 1, 0, 1, 1, 0, 1, 0, 1, 1, 1, 1, 1]","{""0"": 1, ""1"": 1, ""2"": 1, ""3"": 0, ""4"": 1, ""5"": 1, ""6"": 0, ""7"": 1, ""8"": 0, ""9"": 1, ""10"": 1, ""11"": 1, ""12"": 1, ""13"": 1}",15,"[0.0, 0.0, 0.0, 0.0, 0.0, 0.0, 0.0, 0.0, 0.0, 0.0, 0.0, 0.0, 0.0, 0.0, 0.0]",0.0,0.0,0.0,0.0,0.0,0.0,0.0,0.0,0.0,0.0,0.0,0.0,0.0,0.0,0.0
density_19,19,density,42,61,4600,2,center,3,far_from_exit_and_main_road,11,107.66569153219461,244.24434981588274,0.8,12,14,"[1, 1, 0, 1, 1, 1, 1, 1, 1, 1, 1, 1, 0, 1]","{""0"": 1, ""1"": 1, ""2"": 0, ""3"": 1, ""4"": 1, ""5"": 1, ""6"": 1, ""7"": 1, ""8"": 1, ""9"": 1, ""10"": 1, ""11"": 1, ""12"": 0, ""13"": 1}",15,"[0.0, 0.0, 0.0, 0.0, 0.0, 0.0, 0.0, 0.0, 0.0, 0.0, 0.0, 0.0, 0.0, 0.0, 0.0]",0.0,0.0,0.0,0.0,0.0,0.0,0.0,0.0,0.0,0.0,0.0,0.0,0.0,0.0,0.0
density_20,20,density,42,62,4124,2,center,1,near_exit,4,253.88965937122703,250.78205533977598,0.8,9,14,"[0, 1, 0, 1, 1, 0, 1, 1, 1, 0, 0, 1, 1, 1]","{""0"": 0, ""1"": 1, ""2"": 0, ""3"": 1, ""4"": 1, ""5"": 0, ""6"": 1, ""7"": 1, ""8"": 1, ""9"": 0, ""10"": 0, ""11"": 1, ""12"": 1, ""13"": 1}",15,"[0.0, 0.0, 0.0, 0.0, 0.0, 0.0, 0.0, 0.0, 0.0, 0.0, 0.0, 0.0, 0.0, 0.0, 0.0]",0.0,0.0,0.0,0.0,0.0,0.0,0.0,0.0,0.0,0.0,0.0,0.0,0.0,0.0,0.0
static_1,1,static,42,43,3777,2,center,3,far_from_exit_and_main_road,12,86.4655145779252,206.66192820994183,0.8,13,14,"[1, 1, 1, 1, 1, 1, 1, 1, 1, 1, 1, 0, 1, 1]","{""0"": 1, ""1"": 1, ""2"": 1, ""3"": 1, ""4"": 1, ""5"": 1, ""6"": 1, ""7"": 1, ""8"": 1, ""9"": 1, ""10"": 1, ""11"": 0, ""12"": 1, ""13"": 1}",15,"[0.0, 0.0, 0.0, 0.0, 0.0, 0.0, 0.0, 0.0, 0.0, 0.0, 0.0, 0.0, 0.0, 0.0, 0.0]",0.0,0.0,0.0,0.0,0.0,0.0,0.0,0.0,0.0,0.0,0.0,0.0,0.0,0.0,0.0
static_2,2,static,42,44,4831,1,uniform,1,near_exit,6,26.251288073137403,149.61036271601915,0.8,12,14,"[1, 1, 0, 1, 1, 1, 1, 1, 1, 1, 0, 1, 1, 1]","{""0"": 1, ""1"": 1, ""2"": 0, ""3"": 1, ""4"": 1, ""5"": 1, ""6"": 1, ""7"": 1, ""8"": 1, ""9"": 1, ""10"": 0, ""11"": 1, ""12"": 1, ""13"": 1}",15,"[0.0, 0.0, 0.0, 0.0, 0.0, 0.0, 0.0, 0.0, 0.0, 0.0, 0.0, 0.0, 0.0, 0.0, 0.0]",0.0,0.0,0.0,0.0,0.0,0.0,0.0,0.0,0.0,0.0,0.0,0.0,0.0,0.0,0.0
static_3,3,static,42,45,5018,1,uniform,3,far_from_exit_and_main_road,2,135.2143654283136,374.6006386834197,0.8,14,14,"[1, 1, 1, 1, 1, 1, 1, 1, 1, 1, 1, 1, 1, 1]","{""0"": 1, ""1"": 1, ""2"": 1, ""3"": 1, ""4"": 1, ""5"": 1, ""6"": 1, ""7"": 1, ""8"": 1, ""9"": 1, ""10"": 1, ""11"": 1, ""12"": 1, ""13"": 1}",15,"[0.0, 0.0, 0.0, 0.0, 0.0, 0.0, 0.0, 0.0, 0.0, 0.0, 0.0, 0.0, 0.0, 0.0, 0.0]",0.0,0.0,0.0,0.0,0.0,0.0,0.0,0.0,0.0,0.0,0.0,0.0,0.0,0.0,0.0
static_4,4,static,42,46,5766,3,ring,2,near_main_road,16,134.70201228372753,258.9657045942731,0.8,9,14,"[0, 1, 1, 0, 1, 1, 1, 0, 1, 1, 1, 0, 0, 1]","{""0"": 0, ""1"": 1, ""2"": 1, ""3"": 0, ""4"": 1, ""5"": 1, ""6"": 1, ""7"": 0, ""8"": 1, ""9"": 1, ""10"": 1, ""11"": 0, ""12"": 0, ""13"": 1}",15,"[0.0, 0.0, 0.0, 0.0, 0.0, 0.0, 0.0, 0.0, 0.0, 0.0, 0.0, 0.0, 0.0, 0.0, 0.0]",0.0,0.0,0.0,0.0,0.0,0.0,0.0,0.0,0.0,0.0,0.0,0.0,0.0,0.0,0.0
static_5,5,static,42,47,5757,3,ring,1,near_exit,5,34.374810233712196,214.9597699600272,0.8,13,14,"[1, 1, 1, 1, 1, 1, 1, 1, 1, 1, 1, 0, 1, 1]","{""0"": 1, ""1"": 1, ""2"": 1, ""3"": 1, ""4"": 1, ""5"": 1, ""6"": 1, ""7"": 1, ""8"": 1, ""9"": 1, ""10"": 1, ""11"": 0, ""12"": 1, ""13"": 1}",15,"[0.0, 0.0, 0.0, 0.0, 0.0, 0.0, 0.0, 0.0, 0.0, 0.0, 0.0, 0.0, 0.0, 0.0, 0.0]",0.0,0.0,0.0,0.0,0.0,0.0,0.0,0.0,0.0,0.0,0.0,0.0,0.0,0.0,0.0
static_6,6,static,42,48,5482,2,center,2,near_main_road,9,180.08427936211228,352.65582518512383,0.8,11,14,"[1, 1, 1, 1, 0, 1, 1, 1, 0, 0, 1, 1, 1, 1]","{""0"": 1, ""1"": 1, ""2"": 1, ""3"": 1, ""4"": 0, ""5"": 1, ""6"": 1, ""7"": 1, ""8"": 0, ""9"": 0, ""10"": 1, ""11"": 1, ""12"": 1, ""13"": 1}",15,"[0.0, 0.0, 0.0, 0.0, 0.0, 0.0, 0.0, 0.0, 0.0, 0.0, 0.0, 0.0, 0.0, 0.0, 0.0]",0.0,0.0,0.0,0.0,0.0,0.0,0.0,0.0,0.0,0.0,0.0,0.0,0.0,0.0,0.0
static_7,7,static,42,49,4348,3,ring,3,far_from_exit_and_main_road,19,166.7272846736014,178.37646883539855,0.8,13,14,"[1, 1, 1, 1, 1, 1, 1, 1, 1, 1, 1, 1, 0, 1]","{""0"": 1, ""1"": 1, ""2"": 1, ""3"": 1, ""4"": 1, ""5"": 1, ""6"": 1, ""7"": 1, ""8"": 1, ""9"": 1, ""10"": 1, ""11"": 1, ""12"": 0, ""13"": 1}",15,"[0.0, 0.0, 0.0, 0.0, 0.0, 0.0, 0.0, 0.0, 0.0, 0.0, 0.0, 0.0, 0.0, 0.0, 0.0]",0.0,0.0,0.0,0.0,0.0,0.0,0.0,0.0,0.0,0.0,0.0,0.0,0.0,0.0,0.0
static_8,8,static,42,50,2774,3,ring,2,near_main_road,14,65.86150634847581,146.12098523322493,0.8,11,14,"[1, 1, 1, 1, 1, 0, 1, 1, 1, 1, 1, 0, 0, 1]","{""0"": 1, ""1"": 1, ""2"": 1, ""3"": 1, ""4"": 1, ""5"": 0, ""6"": 1, ""7"": 1, ""8"": 1, ""9"": 1, ""10"": 1, ""11"": 0, ""12"": 0, ""13"": 1}",15,"[0.0, 0.0, 0.0, 0.0, 0.0, 0.0, 0.0, 0.0, 0.0, 0.0, 0.0, 0.0, 0.0, 0.0, 0.0]",0.0,0.0,0.0,0.0,0.0,0.0,0.0,0.0,0.0,0.0,0.0,0.0,0.0,0.0,0.0
static_9,9,static,42,51,3137,1,uniform,1,near_exit,11,74.4658822324127,300.26813259813935,0.8,11,14,"[1, 1, 1, 0, 1, 1, 0, 1, 0, 1, 1, 1, 1, 1]","{""0"": 1, ""1"": 1, ""2"": 1, ""3"": 0, ""4"": 1, ""5"": 1, ""6"": 0, ""7"": 1, ""8"": 0, ""9"": 1, ""10"": 1, ""11"": 1, ""12"": 1, ""13"": 1}",15,"[0.0, 0.0, 0.0, 0.0, 0.0, 0.0, 0.0, 0.0, 0.0, 0.0, 0.0, 0.0, 0.0, 0.0, 0.0]",0.0,0.0,0.0,0.0,0.0,0.0,0.0,0.0,0.0,0.0,0.0,0.0,0.0,0.0,0.0
static_10,10,static,42,52,3585,3,ring,1,near_exit,11,74.4658822324127,300.26813259813935,0.8,10,14,"[0, 1, 1, 1, 0, 1, 0, 1, 0, 1, 1, 1, 1, 1]","{""0"": 0, ""1"": 1, ""2"": 1, ""3"": 1, ""4"": 0, ""5"": 1, ""6"": 0, ""7"": 1, ""8"": 0, ""9"": 1, ""10"": 1, ""11"": 1, ""12"": 1, ""13"": 1}",15,"[0.0, 0.0, 0.0, 0.0, 0.0, 0.0, 0.0, 0.0, 0.0, 0.0, 0.0, 0.0, 0.0, 0.0, 0.0]",0.0,0.0,0.0,0.0,0.0,0.0,0.0,0.0,0.0,0.0,0.0,0.0,0.0,0.0,0.0
static_11,11,static,42,53,5041,2,center,2,near_main_road,12,154.97150951996446,181.80336326546967,0.8,10,14,"[1, 0, 1, 1, 0, 1, 1, 1, 0, 1, 1, 0, 1, 1]","{""0"": 1, ""1"": 0, ""2"": 1, ""3"": 1, ""4"": 0, ""5"": 1, ""6"": 1, ""7"": 1, ""8"": 0, ""9"": 1, ""10"": 1, ""11"": 0, ""12"": 1, ""13"": 1}",15,"[0.0, 0.0, 0.0, 0.0, 0.0, 0.0, 0.0, 0.0, 0.0, 0.0, 0.0, 0.0, 0.0, 0.0, 0.0]",0.0,0.0,0.0,0.0,0.0,0.0,0.0,0.0,0.0,0.0,0.0,0.0,0.0,0.0,0.0
static_12,12,static,42,54,4248,1,uniform,1,near_exit,9,99.46174082159996,359.97675951663405,0.8,9,14,"[0, 1, 1, 1, 0, 1, 1, 1, 1, 0, 0, 1, 1, 0]","{""0"": 0, ""1"": 1, ""2"": 1, ""3"": 1, ""4"": 0, ""5"": 1, ""6"": 1, ""7"": 1, ""8"": 1, ""9"": 0, ""10"": 0, ""11"": 1, ""12"": 1, ""13"": 0}",15,"[0.0, 0.0, 0.0, 0.0, 0.0, 0.0, 0.0, 0.0, 0.0, 0.0, 0.0, 0.0, 0.0, 0.0, 0.0]",0.0,0.0,0.0,0.0,0.0,0.0,0.0,0.0,0.0,0.0,0.0,0.0,0.0,0.0,0.0
static_13,13,static,42,55,4945,1,uniform,1,near_exit,2,218.32077577710152,98.24949029041454,0.8,11,14,"[1, 0, 1, 1, 0, 1, 1, 1, 1, 0, 1, 1, 1, 1]","{""0"": 1, ""1"": 0, ""2"": 1, ""3"": 1, ""4"": 0, ""5"": 1, ""6"": 1, ""7"": 1, ""8"": 1, ""9"": 0, ""10"": 1, ""11"": 1, ""12"": 1, ""13"": 1}",15,"[0.0, 0.0, 0.0, 0.0, 0.0, 0.0, 0.0, 0.0, 0.0, 0.0, 0.0, 0.0, 0.0, 0.0, 0.0]",0.0,0.0,0.0,0.0,0.0,0.0,0.0,0.0,0.0,0.0,0.0,0.0,0.0,0.0,0.0
static_14,14,static,42,56,2863,3,ring,1,near_exit,3,266.886261947453,161.88702389178798,0.8,11,14,"[0, 1, 1, 1, 1, 0, 1, 1, 1, 1, 1, 0, 1, 1]","{""0"": 0, ""1"": 1, ""2"": 1, ""3"": 1, ""4"": 1, ""5"": 0, ""6"": 1, ""7"": 1, ""8"": 1, ""9"": 1, ""10"": 1, ""11"": 0, ""12"": 1, ""13"": 1}",15,"[0.0, 0.0, 0.0, 0.0, 0.0, 0.0, 0.0, 0.0, 0.0, 0.0, 0.0, 0.0, 0.0, 0.0, 0.0]",0.0,0.0,0.0,0.0,0.0,0.0,0.0,0.0,0.0,0.0,0.0,0.0,0.0,0.0,0.0
static_15,15,static,42,57,2445,3,ring,3,far_from_exit_and_main_road,18,220.97559298947453,223.2789021898061,0.8,11,14,"[1, 1, 1, 1, 0, 1, 0, 1, 0, 1, 1, 1, 1, 1]","{""0"": 1, ""1"": 1, ""2"": 1, ""3"": 1, ""4"": 0, ""5"": 1, ""6"": 0, ""7"": 1, ""8"": 0, ""9"": 1, ""10"": 1, ""11"": 1, ""12"": 1, ""13"": 1}",15,"[0.0, 0.0, 0.0, 0.0, 0.0, 0.0, 0.0, 0.0, 0.0, 0.0, 0.0, 0.0, 0.0, 0.0, 0.0]",0.0,0.0,0.0,0.0,0.0,0.0,0.0,0.0,0.0,0.0,0.0,0.0,0.0,0.0,0.0
static_16,16,static,42,58,4005,1,uniform,2,near_main_road,5,193.32523366622627,216.92377928225324,0.8,9,14,"[1, 1, 1, 0, 1, 1, 1, 1, 0, 0, 0, 1, 0, 1]","{""0"": 1, ""1"": 1, ""2"": 1, ""3"": 0, ""4"": 1, ""5"": 1, ""6"": 1, ""7"": 1, ""8"": 0, ""9"": 0, ""10"": 0, ""11"": 1, ""12"": 0, ""13"": 1}",15,"[0.0, 0.0, 0.0, 0.0, 0.0, 0.0, 0.0, 0.0, 0.0, 0.0, 0.0, 0.0, 0.0, 0.0, 0.0]",0.0,0.0,0.0,0.0,0.0,0.0,0.0,0.0,0.0,0.0,0.0,0.0,0.0,0.0,0.0
static_17,17,static,42,59,3388,2,center,1,near_exit,2,218.32077577710152,98.24949029041454,0.8,9,14,"[1, 0, 0, 1, 0, 1, 1, 1, 0, 1, 0, 1, 1, 1]","{""0"": 1, ""1"": 0, ""2"": 0, ""3"": 1, ""4"": 0, ""5"": 1, ""6"": 1, ""7"": 1, ""8"": 0, ""9"": 1, ""10"": 0, ""11"": 1, ""12"": 1, ""13"": 1}",15,"[0.0, 0.0, 0.0, 0.0, 0.0, 0.0, 0.0, 0.0, 0.0, 0.0, 0.0, 0.0, 0.0, 0.0, 0.0]",0.0,0.0,0.0,0.0,0.0,0.0,0.0,0.0,0.0,0.0,0.0,0.0,0.0,0.0,0.0
static_18,18,static,42,60,2037,3,ring,1,near_exit,4,253.88965937122703,250.78205533977598,0.8,11,14,"[1, 1, 1, 0, 1, 1, 0, 1, 0, 1, 1, 1, 1, 1]","{""0"": 1, ""1"": 1, ""2"": 1, ""3"": 0, ""4"": 1, ""5"": 1, ""6"": 0, ""7"": 1, ""8"": 0, ""9"": 1, ""10"": 1, ""11"": 1, ""12"": 1, ""13"": 1}",15,"[0.0, 0.0, 0.0, 0.0, 0.0, 0.0, 0.0, 0.0, 0.0, 0.0, 0.0, 0.0, 0.0, 0.0, 0.0]",0.0,0.0,0.0,0.0,0.0,0.0,0.0,0.0,0.0,0.0,0.0,0.0,0.0,0.0,0.0
static_19,19,static,42,61,4600,2,center,3,far_from_exit_and_main_road,11,107.66569153219461,244.24434981588274,0.8,12,14,"[1, 1, 0, 1, 1, 1, 1, 1, 1, 1, 1, 1, 0, 1]","{""0"": 1, ""1"": 1, ""2"": 0, ""3"": 1, ""4"": 1, ""5"": 1, ""6"": 1, ""7"": 1, ""8"": 1, ""9"": 1, ""10"": 1, ""11"": 1, ""12"": 0, ""13"": 1}",15,"[0.0, 0.0, 0.0, 0.0, 0.0, 0.0, 0.0, 0.0, 0.0, 0.0, 0.0, 0.0, 0.0, 0.0, 0.0]",0.0,0.0,0.0,0.0,0.0,0.0,0.0,0.0,0.0,0.0,0.0,0.0,0.0,0.0,0.0
static_20,20,static,42,62,4124,2,center,1,near_exit,4,253.88965937122703,250.78205533977598,0.8,9,14,"[0, 1, 0, 1, 1, 0, 1, 1, 1, 0, 0, 1, 1, 1]","{""0"": 0, ""1"": 1, ""2"": 0, ""3"": 1, ""4"": 1, ""5"": 0, ""6"": 1, ""7"": 1, ""8"": 1, ""9"": 0, ""10"": 0, ""11"": 1, ""12"": 1, ""13"": 1}",15,"[0.0, 0.0, 0.0, 0.0, 0.0, 0.0, 0.0, 0.0, 0.0, 0.0, 0.0, 0.0, 0.0, 0.0, 0.0]",0.0,0.0,0.0,0.0,0.0,0.0,0.0,0.0,0.0,0.0,0.0,0.0,0.0,0.0,0.0
density_1,1,density,42,43,3777,2,center,3,far_from_exit_and_main_road,12,86.4655145779252,206.66192820994183,0.8,13,14,"[1, 1, 1, 1, 1, 1, 1, 1, 1, 1, 1, 0, 1, 1]","{""0"": 1, ""1"": 1, ""2"": 1, ""3"": 1, ""4"": 1, ""5"": 1, ""6"": 1, ""7"": 1, ""8"": 1, ""9"": 1, ""10"": 1, ""11"": 0, ""12"": 1, ""13"": 1}",15,"[0.0, 0.0, 0.0, 0.0, 0.0, 0.0, 0.0, 0.0, 0.0, 0.0, 0.0, 0.0, 0.0, 0.0, 0.0]",0.0,0.0,0.0,0.0,0.0,0.0,0.0,0.0,0.0,0.0,0.0,0.0,0.0,0.0,0.0
density_2,2,density,42,44,4831,1,uniform,1,near_exit,6,26.251288073137403,149.61036271601915,0.8,12,14,"[1, 1, 0, 1, 1, 1, 1, 1, 1, 1, 0, 1, 1, 1]","{""0"": 1, ""1"": 1, ""2"": 0, ""3"": 1, ""4"": 1, ""5"": 1, ""6"": 1, ""7"": 1, ""8"": 1, ""9"": 1, ""10"": 0, ""11"": 1, ""12"": 1, ""13"": 1}",15,"[0.0, 0.0, 0.0, 0.0, 0.0, 0.0, 0.0, 0.0, 0.0, 0.0, 0.0, 0.0, 0.0, 0.0, 0.0]",0.0,0.0,0.0,0.0,0.0,0.0,0.0,0.0,0.0,0.0,0.0,0.0,0.0,0.0,0.0
density_3,3,density,42,45,5018,1,uniform,3,far_from_exit_and_main_road,2,135.2143654283136,374.6006386834197,0.8,14,14,"[1, 1, 1, 1, 1, 1, 1, 1, 1, 1, 1, 1, 1, 1]","{""0"": 1, ""1"": 1, ""2"": 1, ""3"": 1, ""4"": 1, ""5"": 1, ""6"": 1, ""7"": 1, ""8"": 1, ""9"": 1, ""10"": 1, ""11"": 1, ""12"": 1, ""13"": 1}",15,"[0.0, 0.0, 0.0, 0.0, 0.0, 0.0, 0.0, 0.0, 0.0, 0.0, 0.0, 0.0, 0.0, 0.0, 0.0]",0.0,0.0,0.0,0.0,0.0,0.0,0.0,0.0,0.0,0.0,0.0,0.0,0.0,0.0,0.0
density_4,4,density,42,46,5766,3,ring,2,near_main_road,16,134.70201228372753,258.9657045942731,0.8,9,14,"[0, 1, 1, 0, 1, 1, 1, 0, 1, 1, 1, 0, 0, 1]","{""0"": 0, ""1"": 1, ""2"": 1, ""3"": 0, ""4"": 1, ""5"": 1, ""6"": 1, ""7"": 0, ""8"": 1, ""9"": 1, ""10"": 1, ""11"": 0, ""12"": 0, ""13"": 1}",15,"[0.0, 0.0, 0.0, 0.0, 0.0, 0.0, 0.0, 0.0, 0.0, 0.0, 0.0, 0.0, 0.0, 0.0, 0.0]",0.0,0.0,0.0,0.0,0.0,0.0,0.0,0.0,0.0,0.0,0.0,0.0,0.0,0.0,0.0
density_5,5,density,42,47,5757,3,ring,1,near_exit,5,34.374810233712196,214.9597699600272,0.8,13,14,"[1, 1, 1, 1, 1, 1, 1, 1, 1, 1, 1, 0, 1, 1]","{""0"": 1, ""1"": 1, ""2"": 1, ""3"": 1, ""4"": 1, ""5"": 1, ""6"": 1, ""7"": 1, ""8"": 1, ""9"": 1, ""10"": 1, ""11"": 0, ""12"": 1, ""13"": 1}",15,"[0.0, 0.0, 0.0, 0.0, 0.0, 0.0, 0.0, 0.0, 0.0, 0.0, 0.0, 0.0, 0.0, 0.0, 0.0]",0.0,0.0,0.0,0.0,0.0,0.0,0.0,0.0,0.0,0.0,0.0,0.0,0.0,0.0,0.0
density_6,6,density,42,48,5482,2,center,2,near_main_road,9,180.08427936211228,352.65582518512383,0.8,11,14,"[1, 1, 1, 1, 0, 1, 1, 1, 0, 0, 1, 1, 1, 1]","{""0"": 1, ""1"": 1, ""2"": 1, ""3"": 1, ""4"": 0, ""5"": 1, ""6"": 1, ""7"": 1, ""8"": 0, ""9"": 0, ""10"": 1, ""11"": 1, ""12"": 1, ""13"": 1}",15,"[0.0, 0.0, 0.0, 0.0, 0.0, 0.0, 0.0, 0.0, 0.0, 0.0, 0.0, 0.0, 0.0, 0.0, 0.0]",0.0,0.0,0.0,0.0,0.0,0.0,0.0,0.0,0.0,0.0,0.0,0.0,0.0,0.0,0.0
density_7,7,density,42,49,4348,3,ring,3,far_from_exit_and_main_road,19,166.7272846736014,178.37646883539855,0.8,13,14,"[1, 1, 1, 1, 1, 1, 1, 1, 1, 1, 1, 1, 0, 1]","{""0"": 1, ""1"": 1, ""2"": 1, ""3"": 1, ""4"": 1, ""5"": 1, ""6"": 1, ""7"": 1, ""8"": 1, ""9"": 1, ""10"": 1, ""11"": 1, ""12"": 0, ""13"": 1}",15,"[0.0, 0.0, 0.0, 0.0, 0.0, 0.0, 0.0, 0.0, 0.0, 0.0, 0.0, 0.0, 0.0, 0.0, 0.0]",0.0,0.0,0.0,0.0,0.0,0.0,0.0,0.0,0.0,0.0,0.0,0.0,0.0,0.0,0.0
density_8,8,density,42,50,2774,3,ring,2,near_main_road,14,65.86150634847581,146.12098523322493,0.8,11,14,"[1, 1, 1, 1, 1, 0, 1, 1, 1, 1, 1, 0, 0, 1]","{""0"": 1, ""1"": 1, ""2"": 1, ""3"": 1, ""4"": 1, ""5"": 0, ""6"": 1, ""7"": 1, ""8"": 1, ""9"": 1, ""10"": 1, ""11"": 0, ""12"": 0, ""13"": 1}",15,"[0.0, 0.0, 0.0, 0.0, 0.0, 0.0, 0.0, 0.0, 0.0, 0.0, 0.0, 0.0, 0.0, 0.0, 0.0]",0.0,0.0,0.0,0.0,0.0,0.0,0.0,0.0,0.0,0.0,0.0,0.0,0.0,0.0,0.0
density_9,9,density,42,51,3137,1,uniform,1,near_exit,11,74.4658822324127,300.26813259813935,0.8,11,14,"[1, 1, 1, 0, 1, 1, 0, 1, 0, 1, 1, 1, 1, 1]","{""0"": 1, ""1"": 1, ""2"": 1, ""3"": 0, ""4"": 1, ""5"": 1, ""6"": 0, ""7"": 1, ""8"": 0, ""9"": 1, ""10"": 1, ""11"": 1, ""12"": 1, ""13"": 1}",15,"[0.0, 0.0, 0.0, 0.0, 0.0, 0.0, 0.0, 0.0, 0.0, 0.0, 0.0, 0.0, 0.0, 0.0, 0.0]",0.0,0.0,0.0,0.0,0.0,0.0,0.0,0.0,0.0,0.0,0.0,0.0,0.0,0.0,0.0
density_10,10,density,42,52,3585,3,ring,1,near_exit,11,74.4658822324127,300.26813259813935,0.8,10,14,"[0, 1, 1, 1, 0, 1, 0, 1, 0, 1, 1, 1, 1, 1]","{""0"": 0, ""1"": 1, ""2"": 1, ""3"": 1, ""4"": 0, ""5"": 1, ""6"": 0, ""7"": 1, ""8"": 0, ""9"": 1, ""10"": 1, ""11"": 1, ""12"": 1, ""13"": 1}",15,"[0.0, 0.0, 0.0, 0.0, 0.0, 0.0, 0.0, 0.0, 0.0, 0.0, 0.0, 0.0, 0.0, 0.0, 0.0]",0.0,0.0,0.0,0.0,0.0,0.0,0.0,0.0,0.0,0.0,0.0,0.0,0.0,0.0,0.0
density_11,11,density,42,53,5041,2,center,2,near_main_road,12,154.97150951996446,181.80336326546967,0.8,10,14,"[1, 0, 1, 1, 0, 1, 1, 1, 0, 1, 1, 0, 1, 1]","{""0"": 1, ""1"": 0, ""2"": 1, ""3"": 1, ""4"": 0, ""5"": 1, ""6"": 1, ""7"": 1, ""8"": 0, ""9"": 1, ""10"": 1, ""11"": 0, ""12"": 1, ""13"": 1}",15,"[0.0, 0.0, 0.0, 0.0, 0.0, 0.0, 0.0, 0.0, 0.0, 0.0, 0.0, 0.0, 0.0, 0.0, 0.0]",0.0,0.0,0.0,0.0,0.0,0.0,0.0,0.0,0.0,0.0,0.0,0.0,0.0,0.0,0.0
density_12,12,density,42,54,4248,1,uniform,1,near_exit,9,99.46174082159996,359.97675951663405,0.8,9,14,"[0, 1, 1, 1, 0, 1, 1, 1, 1, 0, 0, 1, 1, 0]","{""0"": 0, ""1"": 1, ""2"": 1, ""3"": 1, ""4"": 0, ""5"": 1, ""6"": 1, ""7"": 1, ""8"": 1, ""9"": 0, ""10"": 0, ""11"": 1, ""12"": 1, ""13"": 0}",15,"[0.0, 0.0, 0.0, 0.0, 0.0, 0.0, 0.0, 0.0, 0.0, 0.0, 0.0, 0.0, 0.0, 0.0, 0.0]",0.0,0.0,0.0,0.0,0.0,0.0,0.0,0.0,0.0,0.0,0.0,0.0,0.0,0.0,0.0
density_13,13,density,42,55,4945,1,uniform,1,near_exit,2,218.32077577710152,98.24949029041454,0.8,11,14,"[1, 0, 1, 1, 0, 1, 1, 1, 1, 0, 1, 1, 1, 1]","{""0"": 1, ""1"": 0, ""2"": 1, ""3"": 1, ""4"": 0, ""5"": 1, ""6"": 1, ""7"": 1, ""8"": 1, ""9"": 0, ""10"": 1, ""11"": 1, ""12"": 1, ""13"": 1}",15,"[0.0, 0.0, 0.0, 0.0, 0.0, 0.0, 0.0, 0.0, 0.0, 0.0, 0.0, 0.0, 0.0, 0.0, 0.0]",0.0,0.0,0.0,0.0,0.0,0.0,0.0,0.0,0.0,0.0,0.0,0.0,0.0,0.0,0.0
density_14,14,density,42,56,2863,3,ring,1,near_exit,3,266.886261947453,161.88702389178798,0.8,11,14,"[0, 1, 1, 1, 1, 0, 1, 1, 1, 1, 1, 0, 1, 1]","{""0"": 0, ""1"": 1, ""2"": 1, ""3"": 1, ""4"": 1, ""5"": 0, ""6"": 1, ""7"": 1, ""8"": 1, ""9"": 1, ""10"": 1, ""11"": 0, ""12"": 1, ""13"": 1}",15,"[0.0, 0.0, 0.0, 0.0, 0.0, 0.0, 0.0, 0.0, 0.0, 0.0, 0.0, 0.0, 0.0, 0.0, 0.0]",0.0,0.0,0.0,0.0,0.0,0.0,0.0,0.0,0.0,0.0,0.0,0.0,0.0,0.0,0.0
density_15,15,density,42,57,2445,3,ring,3,far_from_exit_and_main_road,18,220.97559298947453,223.2789021898061,0.8,11,14,"[1, 1, 1, 1, 0, 1, 0, 1, 0, 1, 1, 1, 1, 1]","{""0"": 1, ""1"": 1, ""2"": 1, ""3"": 1, ""4"": 0, ""5"": 1, ""6"": 0, ""7"": 1, ""8"": 0, ""9"": 1, ""10"": 1, ""11"": 1, ""12"": 1, ""13"": 1}",15,"[0.0, 0.0, 0.0, 0.0, 0.0, 0.0, 0.0, 0.0, 0.0, 0.0, 0.0, 0.0, 0.0, 0.0, 0.0]",0.0,0.0,0.0,0.0,0.0,0.0,0.0,0.0,0.0,0.0,0.0,0.0,0.0,0.0,0.0
density_16,16,density,42,58,4005,1,uniform,2,near_main_road,5,193.32523366622627,216.92377928225324,0.8,9,14,"[1, 1, 1, 0, 1, 1, 1, 1, 0, 0, 0, 1, 0, 1]","{""0"": 1, ""1"": 1, ""2"": 1, ""3"": 0, ""4"": 1, ""5"": 1, ""6"": 1, ""7"": 1, ""8"": 0, ""9"": 0, ""10"": 0, ""11"": 1, ""12"": 0, ""13"": 1}",15,"[0.0, 0.0, 0.0, 0.0, 0.0, 0.0, 0.0, 0.0, 0.0, 0.0, 0.0, 0.0, 0.0, 0.0, 0.0]",0.0,0.0,0.0,0.0,0.0,0.0,0.0,0.0,0.0,0.0,0.0,0.0,0.0,0.0,0.0
density_17,17,density,42,59,3388,2,center,1,near_exit,2,218.32077577710152,98.24949029041454,0.8,9,14,"[1, 0, 0, 1, 0, 1, 1, 1, 0, 1, 0, 1, 1, 1]","{""0"": 1, ""1"": 0, ""2"": 0, ""3"": 1, ""4"": 0, ""5"": 1, ""6"": 1, ""7"": 1, ""8"": 0, ""9"": 1, ""10"": 0, ""11"": 1, ""12"": 1, ""13"": 1}",15,"[0.0, 0.0, 0.0, 0.0, 0.0, 0.0, 0.0, 0.0, 0.0, 0.0, 0.0, 0.0, 0.0, 0.0, 0.0]",0.0,0.0,0.0,0.0,0.0,0.0,0.0,0.0,0.0,0.0,0.0,0.0,0.0,0.0,0.0
density_18,18,density,42,60,2037,3,ring,1,near_exit,4,253.88965937122703,250.78205533977598,0.8,11,14,"[1, 1, 1, 0, 1, 1, 0, 1, 0, 1, 1, 1, 1, 1]","{""0"": 1, ""1"": 1, ""2"": 1, ""3"": 0, ""4"": 1, ""5"": 1, ""6"": 0, ""7"": 1, ""8"": 0, ""9"": 1, ""10"": 1, ""11"": 1, ""12"": 1, ""13"": 1}",15,"[0.0, 0.0, 0.0, 0.0, 0.0, 0.0, 0.0, 0.0, 0.0, 0.0, 0.0, 0.0, 0.0, 0.0, 0.0]",0.0,0.0,0.0,0.0,0.0,0.0,0.0,0.0,0.0,0.0,0.0,0.0,0.0,0.0,0.0
density_19,19,density,42,61,4600,2,center,3,far_from_exit_and_main_road,11,107.66569153219461,244.24434981588274,0.8,12,14,"[1, 1, 0, 1, 1, 1, 1, 1, 1, 1, 1, 1, 0, 1]","{""0"": 1, ""1"": 1, ""2"": 0, ""3"": 1, ""4"": 1, ""5"": 1, ""6"": 1, ""7"": 1, ""8"": 1, ""9"": 1, ""10"": 1, ""11"": 1, ""12"": 0, ""13"": 1}",15,"[0.0, 0.0, 0.0, 0.0, 0.0, 0.0, 0.0, 0.0, 0.0, 0.0, 0.0, 0.0, 0.0, 0.0, 0.0]",0.0,0.0,0.0,0.0,0.0,0.0,0.0,0.0,0.0,0.0,0.0,0.0,0.0,0.0,0.0
density_20,20,density,42,62,4124,2,center,1,near_exit,4,253.88965937122703,250.78205533977598,0.8,9,14,"[0, 1, 0, 1, 1, 0, 1, 1, 1, 0, 0, 1, 1, 1]","{""0"": 0, ""1"": 1, ""2"": 0, ""3"": 1, ""4"": 1, ""5"": 0, ""6"": 1, ""7"": 1, ""8"": 1, ""9"": 0, ""10"": 0, ""11"": 1, ""12"": 1, ""13"": 1}",15,"[0.0, 0.0, 0.0, 0.0, 0.0, 0.0, 0.0, 0.0, 0.0, 0.0, 0.0, 0.0, 0.0, 0.0, 0.0]",0.0,0.0,0.0,0.0,0.0,0.0,0.0,0.0,0.0,0.0,0.0,0.0,0.0,0.0,0.0
risk_01_1,1,risk_01,42,43,3777,2,center,3,far_from_exit_and_main_road,12,86.4655145779252,206.66192820994183,0.8,13,14,"[1, 1, 1, 1, 1, 1, 1, 1, 1, 1, 1, 0, 1, 1]","{""0"": 1, ""1"": 1, ""2"": 1, ""3"": 1, ""4"": 1, ""5"": 1, ""6"": 1, ""7"": 1, ""8"": 1, ""9"": 1, ""10"": 1, ""11"": 0, ""12"": 1, ""13"": 1}",15,"[0.0, 0.0, 0.0, 0.0, 0.0, 0.0, 0.0, 0.0, 0.0, 0.0, 0.0, 0.0, 0.0, 0.0, 0.0]",0.0,0.0,0.0,0.0,0.0,0.0,0.0,0.0,0.0,0.0,0.0,0.0,0.0,0.0,0.0
risk_01_2,2,risk_01,42,44,4831,1,uniform,1,near_exit,6,26.251288073137403,149.61036271601915,0.8,12,14,"[1, 1, 0, 1, 1, 1, 1, 1, 1, 1, 0, 1, 1, 1]","{""0"": 1, ""1"": 1, ""2"": 0, ""3"": 1, ""4"": 1, ""5"": 1, ""6"": 1, ""7"": 1, ""8"": 1, ""9"": 1, ""10"": 0, ""11"": 1, ""12"": 1, ""13"": 1}",15,"[0.0, 0.0, 0.0, 0.0, 0.0, 0.0, 0.0, 0.0, 0.0, 0.0, 0.0, 0.0, 0.0, 0.0, 0.0]",0.0,0.0,0.0,0.0,0.0,0.0,0.0,0.0,0.0,0.0,0.0,0.0,0.0,0.0,0.0
risk_01_3,3,risk_01,42,45,5018,1,uniform,3,far_from_exit_and_main_road,2,135.2143654283136,374.6006386834197,0.8,14,14,"[1, 1, 1, 1, 1, 1, 1, 1, 1, 1, 1, 1, 1, 1]","{""0"": 1, ""1"": 1, ""2"": 1, ""3"": 1, ""4"": 1, ""5"": 1, ""6"": 1, ""7"": 1, ""8"": 1, ""9"": 1, ""10"": 1, ""11"": 1, ""12"": 1, ""13"": 1}",15,"[0.0, 0.0, 0.0, 0.0, 0.0, 0.0, 0.0, 0.0, 0.0, 0.0, 0.0, 0.0, 0.0, 0.0, 0.0]",0.0,0.0,0.0,0.0,0.0,0.0,0.0,0.0,0.0,0.0,0.0,0.0,0.0,0.0,0.0
risk_01_4,4,risk_01,42,46,5766,3,ring,2,near_main_road,16,134.70201228372753,258.9657045942731,0.8,9,14,"[0, 1, 1, 0, 1, 1, 1, 0, 1, 1, 1, 0, 0, 1]","{""0"": 0, ""1"": 1, ""2"": 1, ""3"": 0, ""4"": 1, ""5"": 1, ""6"": 1, ""7"": 0, ""8"": 1, ""9"": 1, ""10"": 1, ""11"": 0, ""12"": 0, ""13"": 1}",15,"[0.0, 0.0, 0.0, 0.0, 0.0, 0.0, 0.0, 0.0, 0.0, 0.0, 0.0, 0.0, 0.0, 0.0, 0.0]",0.0,0.0,0.0,0.0,0.0,0.0,0.0,0.0,0.0,0.0,0.0,0.0,0.0,0.0,0.0
risk_01_5,5,risk_01,42,47,5757,3,ring,1,near_exit,5,34.374810233712196,214.9597699600272,0.8,13,14,"[1, 1, 1, 1, 1, 1, 1, 1, 1, 1, 1, 0, 1, 1]","{""0"": 1, ""1"": 1, ""2"": 1, ""3"": 1, ""4"": 1, ""5"": 1, ""6"": 1, ""7"": 1, ""8"": 1, ""9"": 1, ""10"": 1, ""11"": 0, ""12"": 1, ""13"": 1}",15,"[0.0, 0.0, 0.0, 0.0, 0.0, 0.0, 0.0, 0.0, 0.0, 0.0, 0.0, 0.0, 0.0, 0.0, 0.0]",0.0,0.0,0.0,0.0,0.0,0.0,0.0,0.0,0.0,0.0,0.0,0.0,0.0,0.0,0.0
risk_01_6,6,risk_01,42,48,5482,2,center,2,near_main_road,9,180.08427936211228,352.65582518512383,0.8,11,14,"[1, 1, 1, 1, 0, 1, 1, 1, 0, 0, 1, 1, 1, 1]","{""0"": 1, ""1"": 1, ""2"": 1, ""3"": 1, ""4"": 0, ""5"": 1, ""6"": 1, ""7"": 1, ""8"": 0, ""9"": 0, ""10"": 1, ""11"": 1, ""12"": 1, ""13"": 1}",15,"[0.0, 0.0, 0.0, 0.0, 0.0, 0.0, 0.0, 0.0, 0.0, 0.0, 0.0, 0.0, 0.0, 0.0, 0.0]",0.0,0.0,0.0,0.0,0.0,0.0,0.0,0.0,0.0,0.0,0.0,0.0,0.0,0.0,0.0
risk_01_7,7,risk_01,42,49,4348,3,ring,3,far_from_exit_and_main_road,19,166.7272846736014,178.37646883539855,0.8,13,14,"[1, 1, 1, 1, 1, 1, 1, 1, 1, 1, 1, 1, 0, 1]","{""0"": 1, ""1"": 1, ""2"": 1, ""3"": 1, ""4"": 1, ""5"": 1, ""6"": 1, ""7"": 1, ""8"": 1, ""9"": 1, ""10"": 1, ""11"": 1, ""12"": 0, ""13"": 1}",15,"[0.0, 0.0, 0.0, 0.0, 0.0, 0.0, 0.0, 0.0, 0.0, 0.0, 0.0, 0.0, 0.0, 0.0, 0.0]",0.0,0.0,0.0,0.0,0.0,0.0,0.0,0.0,0.0,0.0,0.0,0.0,0.0,0.0,0.0
risk_01_8,8,risk_01,42,50,2774,3,ring,2,near_main_road,14,65.86150634847581,146.12098523322493,0.8,11,14,"[1, 1, 1, 1, 1, 0, 1, 1, 1, 1, 1, 0, 0, 1]","{""0"": 1, ""1"": 1, ""2"": 1, ""3"": 1, ""4"": 1, ""5"": 0, ""6"": 1, ""7"": 1, ""8"": 1, ""9"": 1, ""10"": 1, ""11"": 0, ""12"": 0, ""13"": 1}",15,"[0.0, 0.0, 0.0, 0.0, 0.0, 0.0, 0.0, 0.0, 0.0, 0.0, 0.0, 0.0, 0.0, 0.0, 0.0]",0.0,0.0,0.0,0.0,0.0,0.0,0.0,0.0,0.0,0.0,0.0,0.0,0.0,0.0,0.0
risk_01_9,9,risk_01,42,51,3137,1,uniform,1,near_exit,11,74.4658822324127,300.26813259813935,0.8,11,14,"[1, 1, 1, 0, 1, 1, 0, 1, 0, 1, 1, 1, 1, 1]","{""0"": 1, ""1"": 1, ""2"": 1, ""3"": 0, ""4"": 1, ""5"": 1, ""6"": 0, ""7"": 1, ""8"": 0, ""9"": 1, ""10"": 1, ""11"": 1, ""12"": 1, ""13"": 1}",15,"[0.0, 0.0, 0.0, 0.0, 0.0, 0.0, 0.0, 0.0, 0.0, 0.0, 0.0, 0.0, 0.0, 0.0, 0.0]",0.0,0.0,0.0,0.0,0.0,0.0,0.0,0.0,0.0,0.0,0.0,0.0,0.0,0.0,0.0
risk_01_10,10,risk_01,42,52,3585,3,ring,1,near_exit,11,74.4658822324127,300.26813259813935,0.8,10,14,"[0, 1, 1, 1, 0, 1, 0, 1, 0, 1, 1, 1, 1, 1]","{""0"": 0, ""1"": 1, ""2"": 1, ""3"": 1, ""4"": 0, ""5"": 1, ""6"": 0, ""7"": 1, ""8"": 0, ""9"": 1, ""10"": 1, ""11"": 1, ""12"": 1, ""13"": 1}",15,"[0.0, 0.0, 0.0, 0.0, 0.0, 0.0, 0.0, 0.0, 0.0, 0.0, 0.0, 0.0, 0.0, 0.0, 0.0]",0.0,0.0,0.0,0.0,0.0,0.0,0.0,0.0,0.0,0.0,0.0,0.0,0.0,0.0,0.0
risk_01_11,11,risk_01,42,53,5041,2,center,2,near_main_road,12,154.97150951996446,181.80336326546967,0.8,10,14,"[1, 0, 1, 1, 0, 1, 1, 1, 0, 1, 1, 0, 1, 1]","{""0"": 1, ""1"": 0, ""2"": 1, ""3"": 1, ""4"": 0, ""5"": 1, ""6"": 1, ""7"": 1, ""8"": 0, ""9"": 1, ""10"": 1, ""11"": 0, ""12"": 1, ""13"": 1}",15,"[0.0, 0.0, 0.0, 0.0, 0.0, 0.0, 0.0, 0.0, 0.0, 0.0, 0.0, 0.0, 0.0, 0.0, 0.0]",0.0,0.0,0.0,0.0,0.0,0.0,0.0,0.0,0.0,0.0,0.0,0.0,0.0,0.0,0.0
risk_01_12,12,risk_01,42,54,4248,1,uniform,1,near_exit,9,99.46174082159996,359.97675951663405,0.8,9,14,"[0, 1, 1, 1, 0, 1, 1, 1, 1, 0, 0, 1, 1, 0]","{""0"": 0, ""1"": 1, ""2"": 1, ""3"": 1, ""4"": 0, ""5"": 1, ""6"": 1, ""7"": 1, ""8"": 1, ""9"": 0, ""10"": 0, ""11"": 1, ""12"": 1, ""13"": 0}",15,"[0.0, 0.0, 0.0, 0.0, 0.0, 0.0, 0.0, 0.0, 0.0, 0.0, 0.0, 0.0, 0.0, 0.0, 0.0]",0.0,0.0,0.0,0.0,0.0,0.0,0.0,0.0,0.0,0.0,0.0,0.0,0.0,0.0,0.0
risk_01_13,13,risk_01,42,55,4945,1,uniform,1,near_exit,2,218.32077577710152,98.24949029041454,0.8,11,14,"[1, 0, 1, 1, 0, 1, 1, 1, 1, 0, 1, 1, 1, 1]","{""0"": 1, ""1"": 0, ""2"": 1, ""3"": 1, ""4"": 0, ""5"": 1, ""6"": 1, ""7"": 1, ""8"": 1, ""9"": 0, ""10"": 1, ""11"": 1, ""12"": 1, ""13"": 1}",15,"[0.0, 0.0, 0.0, 0.0, 0.0, 0.0, 0.0, 0.0, 0.0, 0.0, 0.0, 0.0, 0.0, 0.0, 0.0]",0.0,0.0,0.0,0.0,0.0,0.0,0.0,0.0,0.0,0.0,0.0,0.0,0.0,0.0,0.0
risk_01_14,14,risk_01,42,56,2863,3,ring,1,near_exit,3,266.886261947453,161.88702389178798,0.8,11,14,"[0, 1, 1, 1, 1, 0, 1, 1, 1, 1, 1, 0, 1, 1]","{""0"": 0, ""1"": 1, ""2"": 1, ""3"": 1, ""4"": 1, ""5"": 0, ""6"": 1, ""7"": 1, ""8"": 1, ""9"": 1, ""10"": 1, ""11"": 0, ""12"": 1, ""13"": 1}",15,"[0.0, 0.0, 0.0, 0.0, 0.0, 0.0, 0.0, 0.0, 0.0, 0.0, 0.0, 0.0, 0.0, 0.0, 0.0]",0.0,0.0,0.0,0.0,0.0,0.0,0.0,0.0,0.0,0.0,0.0,0.0,0.0,0.0,0.0
risk_01_15,15,risk_01,42,57,2445,3,ring,3,far_from_exit_and_main_road,18,220.97559298947453,223.2789021898061,0.8,11,14,"[1, 1, 1, 1, 0, 1, 0, 1, 0, 1, 1, 1, 1, 1]","{""0"": 1, ""1"": 1, ""2"": 1, ""3"": 1, ""4"": 0, ""5"": 1, ""6"": 0, ""7"": 1, ""8"": 0, ""9"": 1, ""10"": 1, ""11"": 1, ""12"": 1, ""13"": 1}",15,"[0.0, 0.0, 0.0, 0.0, 0.0, 0.0, 0.0, 0.0, 0.0, 0.0, 0.0, 0.0, 0.0, 0.0, 0.0]",0.0,0.0,0.0,0.0,0.0,0.0,0.0,0.0,0.0,0.0,0.0,0.0,0.0,0.0,0.0
risk_01_16,16,risk_01,42,58,4005,1,uniform,2,near_main_road,5,193.32523366622627,216.92377928225324,0.8,9,14,"[1, 1, 1, 0, 1, 1, 1, 1, 0, 0, 0, 1, 0, 1]","{""0"": 1, ""1"": 1, ""2"": 1, ""3"": 0, ""4"": 1, ""5"": 1, ""6"": 1, ""7"": 1, ""8"": 0, ""9"": 0, ""10"": 0, ""11"": 1, ""12"": 0, ""13"": 1}",15,"[0.0, 0.0, 0.0, 0.0, 0.0, 0.0, 0.0, 0.0, 0.0, 0.0, 0.0, 0.0, 0.0, 0.0, 0.0]",0.0,0.0,0.0,0.0,0.0,0.0,0.0,0.0,0.0,0.0,0.0,0.0,0.0,0.0,0.0
risk_01_17,17,risk_01,42,59,3388,2,center,1,near_exit,2,218.32077577710152,98.24949029041454,0.8,9,14,"[1, 0, 0, 1, 0, 1, 1, 1, 0, 1, 0, 1, 1, 1]","{""0"": 1, ""1"": 0, ""2"": 0, ""3"": 1, ""4"": 0, ""5"": 1, ""6"": 1, ""7"": 1, ""8"": 0, ""9"": 1, ""10"": 0, ""11"": 1, ""12"": 1, ""13"": 1}",15,"[0.0, 0.0, 0.0, 0.0, 0.0, 0.0, 0.0, 0.0, 0.0, 0.0, 0.0, 0.0, 0.0, 0.0, 0.0]",0.0,0.0,0.0,0.0,0.0,0.0,0.0,0.0,0.0,0.0,0.0,0.0,0.0,0.0,0.0
risk_01_18,18,risk_01,42,60,2037,3,ring,1,near_exit,4,253.88965937122703,250.78205533977598,0.8,11,14,"[1, 1, 1, 0, 1, 1, 0, 1, 0, 1, 1, 1, 1, 1]","{""0"": 1, ""1"": 1, ""2"": 1, ""3"": 0, ""4"": 1, ""5"": 1, ""6"": 0, ""7"": 1, ""8"": 0, ""9"": 1, ""10"": 1, ""11"": 1, ""12"": 1, ""13"": 1}",15,"[0.0, 0.0, 0.0, 0.0, 0.0, 0.0, 0.0, 0.0, 0.0, 0.0, 0.0, 0.0, 0.0, 0.0, 0.0]",0.0,0.0,0.0,0.0,0.0,0.0,0.0,0.0,0.0,0.0,0.0,0.0,0.0,0.0,0.0
risk_01_19,19,risk_01,42,61,4600,2,center,3,far_from_exit_and_main_road,11,107.66569153219461,244.24434981588274,0.8,12,14,"[1, 1, 0, 1, 1, 1, 1, 1, 1, 1, 1, 1, 0, 1]","{""0"": 1, ""1"": 1, ""2"": 0, ""3"": 1, ""4"": 1, ""5"": 1, ""6"": 1, ""7"": 1, ""8"": 1, ""9"": 1, ""10"": 1, ""11"": 1, ""12"": 0, ""13"": 1}",15,"[0.0, 0.0, 0.0, 0.0, 0.0, 0.0, 0.0, 0.0, 0.0, 0.0, 0.0, 0.0, 0.0, 0.0, 0.0]",0.0,0.0,0.0,0.0,0.0,0.0,0.0,0.0,0.0,0.0,0.0,0.0,0.0,0.0,0.0
risk_01_20,20,risk_01,42,62,4124,2,center,1,near_exit,4,253.88965937122703,250.78205533977598,0.8,9,14,"[0, 1, 0, 1, 1, 0, 1, 1, 1, 0, 0, 1, 1, 1]","{""0"": 0, ""1"": 1, ""2"": 0, ""3"": 1, ""4"": 1, ""5"": 0, ""6"": 1, ""7"": 1, ""8"": 1, ""9"": 0, ""10"": 0, ""11"": 1, ""12"": 1, ""13"": 1}",15,"[0.0, 0.0, 0.0, 0.0, 0.0, 0.0, 0.0, 0.0, 0.0, 0.0, 0.0, 0.0, 0.0, 0.0, 0.0]",0.0,0.0,0.0,0.0,0.0,0.0,0.0,0.0,0.0,0.0,0.0,0.0,0.0,0.0,0.0
risk_05_1,1,risk_05,42,43,3777,2,center,3,far_from_exit_and_main_road,12,86.4655145779252,206.66192820994183,0.8,13,14,"[1, 1, 1, 1, 1, 1, 1, 1, 1, 1, 1, 0, 1, 1]","{""0"": 1, ""1"": 1, ""2"": 1, ""3"": 1, ""4"": 1, ""5"": 1, ""6"": 1, ""7"": 1, ""8"": 1, ""9"": 1, ""10"": 1, ""11"": 0, ""12"": 1, ""13"": 1}",15,"[0.0, 0.0, 0.0, 0.0, 0.0, 0.0, 0.0, 0.0, 0.0, 0.0, 0.0, 0.0, 0.0, 0.0, 0.0]",0.0,0.0,0.0,0.0,0.0,0.0,0.0,0.0,0.0,0.0,0.0,0.0,0.0,0.0,0.0
risk_05_2,2,risk_05,42,44,4831,1,uniform,1,near_exit,6,26.251288073137403,149.61036271601915,0.8,12,14,"[1, 1, 0, 1, 1, 1, 1, 1, 1, 1, 0, 1, 1, 1]","{""0"": 1, ""1"": 1, ""2"": 0, ""3"": 1, ""4"": 1, ""5"": 1, ""6"": 1, ""7"": 1, ""8"": 1, ""9"": 1, ""10"": 0, ""11"": 1, ""12"": 1, ""13"": 1}",15,"[0.0, 0.0, 0.0, 0.0, 0.0, 0.0, 0.0, 0.0, 0.0, 0.0, 0.0, 0.0, 0.0, 0.0, 0.0]",0.0,0.0,0.0,0.0,0.0,0.0,0.0,0.0,0.0,0.0,0.0,0.0,0.0,0.0,0.0
risk_05_3,3,risk_05,42,45,5018,1,uniform,3,far_from_exit_and_main_road,2,135.2143654283136,374.6006386834197,0.8,14,14,"[1, 1, 1, 1, 1, 1, 1, 1, 1, 1, 1, 1, 1, 1]","{""0"": 1, ""1"": 1, ""2"": 1, ""3"": 1, ""4"": 1, ""5"": 1, ""6"": 1, ""7"": 1, ""8"": 1, ""9"": 1, ""10"": 1, ""11"": 1, ""12"": 1, ""13"": 1}",15,"[0.0, 0.0, 0.0, 0.0, 0.0, 0.0, 0.0, 0.0, 0.0, 0.0, 0.0, 0.0, 0.0, 0.0, 0.0]",0.0,0.0,0.0,0.0,0.0,0.0,0.0,0.0,0.0,0.0,0.0,0.0,0.0,0.0,0.0
risk_05_4,4,risk_05,42,46,5766,3,ring,2,near_main_road,16,134.70201228372753,258.9657045942731,0.8,9,14,"[0, 1, 1, 0, 1, 1, 1, 0, 1, 1, 1, 0, 0, 1]","{""0"": 0, ""1"": 1, ""2"": 1, ""3"": 0, ""4"": 1, ""5"": 1, ""6"": 1, ""7"": 0, ""8"": 1, ""9"": 1, ""10"": 1, ""11"": 0, ""12"": 0, ""13"": 1}",15,"[0.0, 0.0, 0.0, 0.0, 0.0, 0.0, 0.0, 0.0, 0.0, 0.0, 0.0, 0.0, 0.0, 0.0, 0.0]",0.0,0.0,0.0,0.0,0.0,0.0,0.0,0.0,0.0,0.0,0.0,0.0,0.0,0.0,0.0
risk_05_5,5,risk_05,42,47,5757,3,ring,1,near_exit,5,34.374810233712196,214.9597699600272,0.8,13,14,"[1, 1, 1, 1, 1, 1, 1, 1, 1, 1, 1, 0, 1, 1]","{""0"": 1, ""1"": 1, ""2"": 1, ""3"": 1, ""4"": 1, ""5"": 1, ""6"": 1, ""7"": 1, ""8"": 1, ""9"": 1, ""10"": 1, ""11"": 0, ""12"": 1, ""13"": 1}",15,"[0.0, 0.0, 0.0, 0.0, 0.0, 0.0, 0.0, 0.0, 0.0, 0.0, 0.0, 0.0, 0.0, 0.0, 0.0]",0.0,0.0,0.0,0.0,0.0,0.0,0.0,0.0,0.0,0.0,0.0,0.0,0.0,0.0,0.0
risk_05_6,6,risk_05,42,48,5482,2,center,2,near_main_road,9,180.08427936211228,352.65582518512383,0.8,11,14,"[1, 1, 1, 1, 0, 1, 1, 1, 0, 0, 1, 1, 1, 1]","{""0"": 1, ""1"": 1, ""2"": 1, ""3"": 1, ""4"": 0, ""5"": 1, ""6"": 1, ""7"": 1, ""8"": 0, ""9"": 0, ""10"": 1, ""11"": 1, ""12"": 1, ""13"": 1}",15,"[0.0, 0.0, 0.0, 0.0, 0.0, 0.0, 0.0, 0.0, 0.0, 0.0, 0.0, 0.0, 0.0, 0.0, 0.0]",0.0,0.0,0.0,0.0,0.0,0.0,0.0,0.0,0.0,0.0,0.0,0.0,0.0,0.0,0.0
risk_05_7,7,risk_05,42,49,4348,3,ring,3,far_from_exit_and_main_road,19,166.7272846736014,178.37646883539855,0.8,13,14,"[1, 1, 1, 1, 1, 1, 1, 1, 1, 1, 1, 1, 0, 1]","{""0"": 1, ""1"": 1, ""2"": 1, ""3"": 1, ""4"": 1, ""5"": 1, ""6"": 1, ""7"": 1, ""8"": 1, ""9"": 1, ""10"": 1, ""11"": 1, ""12"": 0, ""13"": 1}",15,"[0.0, 0.0, 0.0, 0.0, 0.0, 0.0, 0.0, 0.0, 0.0, 0.0, 0.0, 0.0, 0.0, 0.0, 0.0]",0.0,0.0,0.0,0.0,0.0,0.0,0.0,0.0,0.0,0.0,0.0,0.0,0.0,0.0,0.0
risk_05_8,8,risk_05,42,50,2774,3,ring,2,near_main_road,14,65.86150634847581,146.12098523322493,0.8,11,14,"[1, 1, 1, 1, 1, 0, 1, 1, 1, 1, 1, 0, 0, 1]","{""0"": 1, ""1"": 1, ""2"": 1, ""3"": 1, ""4"": 1, ""5"": 0, ""6"": 1, ""7"": 1, ""8"": 1, ""9"": 1, ""10"": 1, ""11"": 0, ""12"": 0, ""13"": 1}",15,"[0.0, 0.0, 0.0, 0.0, 0.0, 0.0, 0.0, 0.0, 0.0, 0.0, 0.0, 0.0, 0.0, 0.0, 0.0]",0.0,0.0,0.0,0.0,0.0,0.0,0.0,0.0,0.0,0.0,0.0,0.0,0.0,0.0,0.0
risk_05_9,9,risk_05,42,51,3137,1,uniform,1,near_exit,11,74.4658822324127,300.26813259813935,0.8,11,14,"[1, 1, 1, 0, 1, 1, 0, 1, 0, 1, 1, 1, 1, 1]","{""0"": 1, ""1"": 1, ""2"": 1, ""3"": 0, ""4"": 1, ""5"": 1, ""6"": 0, ""7"": 1, ""8"": 0, ""9"": 1, ""10"": 1, ""11"": 1, ""12"": 1, ""13"": 1}",15,"[0.0, 0.0, 0.0, 0.0, 0.0, 0.0, 0.0, 0.0, 0.0, 0.0, 0.0, 0.0, 0.0, 0.0, 0.0]",0.0,0.0,0.0,0.0,0.0,0.0,0.0,0.0,0.0,0.0,0.0,0.0,0.0,0.0,0.0
risk_05_10,10,risk_05,42,52,3585,3,ring,1,near_exit,11,74.4658822324127,300.26813259813935,0.8,10,14,"[0, 1, 1, 1, 0, 1, 0, 1, 0, 1, 1, 1, 1, 1]","{""0"": 0, ""1"": 1, ""2"": 1, ""3"": 1, ""4"": 0, ""5"": 1, ""6"": 0, ""7"": 1, ""8"": 0, ""9"": 1, ""10"": 1, ""11"": 1, ""12"": 1, ""13"": 1}",15,"[0.0, 0.0, 0.0, 0.0, 0.0, 0.0, 0.0, 0.0, 0.0, 0.0, 0.0, 0.0, 0.0, 0.0, 0.0]",0.0,0.0,0.0,0.0,0.0,0.0,0.0,0.0,0.0,0.0,0.0,0.0,0.0,0.0,0.0
risk_05_11,11,risk_05,42,53,5041,2,center,2,near_main_road,12,154.97150951996446,181.80336326546967,0.8,10,14,"[1, 0, 1, 1, 0, 1, 1, 1, 0, 1, 1, 0, 1, 1]","{""0"": 1, ""1"": 0, ""2"": 1, ""3"": 1, ""4"": 0, ""5"": 1, ""6"": 1, ""7"": 1, ""8"": 0, ""9"": 1, ""10"": 1, ""11"": 0, ""12"": 1, ""13"": 1}",15,"[0.0, 0.0, 0.0, 0.0, 0.0, 0.0, 0.0, 0.0, 0.0, 0.0, 0.0, 0.0, 0.0, 0.0, 0.0]",0.0,0.0,0.0,0.0,0.0,0.0,0.0,0.0,0.0,0.0,0.0,0.0,0.0,0.0,0.0
risk_05_12,12,risk_05,42,54,4248,1,uniform,1,near_exit,9,99.46174082159996,359.97675951663405,0.8,9,14,"[0, 1, 1, 1, 0, 1, 1, 1, 1, 0, 0, 1, 1, 0]","{""0"": 0, ""1"": 1, ""2"": 1, ""3"": 1, ""4"": 0, ""5"": 1, ""6"": 1, ""7"": 1, ""8"": 1, ""9"": 0, ""10"": 0, ""11"": 1, ""12"": 1, ""13"": 0}",15,"[0.0, 0.0, 0.0, 0.0, 0.0, 0.0, 0.0, 0.0, 0.0, 0.0, 0.0, 0.0, 0.0, 0.0, 0.0]",0.0,0.0,0.0,0.0,0.0,0.0,0.0,0.0,0.0,0.0,0.0,0.0,0.0,0.0,0.0
risk_05_13,13,risk_05,42,55,4945,1,uniform,1,near_exit,2,218.32077577710152,98.24949029041454,0.8,11,14,"[1, 0, 1, 1, 0, 1, 1, 1, 1, 0, 1, 1, 1, 1]","{""0"": 1, ""1"": 0, ""2"": 1, ""3"": 1, ""4"": 0, ""5"": 1, ""6"": 1, ""7"": 1, ""8"": 1, ""9"": 0, ""10"": 1, ""11"": 1, ""12"": 1, ""13"": 1}",15,"[0.0, 0.0, 0.0, 0.0, 0.0, 0.0, 0.0, 0.0, 0.0, 0.0, 0.0, 0.0, 0.0, 0.0, 0.0]",0.0,0.0,0.0,0.0,0.0,0.0,0.0,0.0,0.0,0.0,0.0,0.0,0.0,0.0,0.0
risk_05_14,14,risk_05,42,56,2863,3,ring,1,near_exit,3,266.886261947453,161.88702389178798,0.8,11,14,"[0, 1, 1, 1, 1, 0, 1, 1, 1, 1, 1, 0, 1, 1]","{""0"": 0, ""1"": 1, ""2"": 1, ""3"": 1, ""4"": 1, ""5"": 0, ""6"": 1, ""7"": 1, ""8"": 1, ""9"": 1, ""10"": 1, ""11"": 0, ""12"": 1, ""13"": 1}",15,"[0.0, 0.0, 0.0, 0.0, 0.0, 0.0, 0.0, 0.0, 0.0, 0.0, 0.0, 0.0, 0.0, 0.0, 0.0]",0.0,0.0,0.0,0.0,0.0,0.0,0.0,0.0,0.0,0.0,0.0,0.0,0.0,0.0,0.0
risk_05_15,15,risk_05,42,57,2445,3,ring,3,far_from_exit_and_main_road,18,220.97559298947453,223.2789021898061,0.8,11,14,"[1, 1, 1, 1, 0, 1, 0, 1, 0, 1, 1, 1, 1, 1]","{""0"": 1, ""1"": 1, ""2"": 1, ""3"": 1, ""4"": 0, ""5"": 1, ""6"": 0, ""7"": 1, ""8"": 0, ""9"": 1, ""10"": 1, ""11"": 1, ""12"": 1, ""13"": 1}",15,"[0.0, 0.0, 0.0, 0.0, 0.0, 0.0, 0.0, 0.0, 0.0, 0.0, 0.0, 0.0, 0.0, 0.0, 0.0]",0.0,0.0,0.0,0.0,0.0,0.0,0.0,0.0,0.0,0.0,0.0,0.0,0.0,0.0,0.0
risk_05_16,16,risk_05,42,58,4005,1,uniform,2,near_main_road,5,193.32523366622627,216.92377928225324,0.8,9,14,"[1, 1, 1, 0, 1, 1, 1, 1, 0, 0, 0, 1, 0, 1]","{""0"": 1, ""1"": 1, ""2"": 1, ""3"": 0, ""4"": 1, ""5"": 1, ""6"": 1, ""7"": 1, ""8"": 0, ""9"": 0, ""10"": 0, ""11"": 1, ""12"": 0, ""13"": 1}",15,"[0.0, 0.0, 0.0, 0.0, 0.0, 0.0, 0.0, 0.0, 0.0, 0.0, 0.0, 0.0, 0.0, 0.0, 0.0]",0.0,0.0,0.0,0.0,0.0,0.0,0.0,0.0,0.0,0.0,0.0,0.0,0.0,0.0,0.0
risk_05_17,17,risk_05,42,59,3388,2,center,1,near_exit,2,218.32077577710152,98.24949029041454,0.8,9,14,"[1, 0, 0, 1, 0, 1, 1, 1, 0, 1, 0, 1, 1, 1]","{""0"": 1, ""1"": 0, ""2"": 0, ""3"": 1, ""4"": 0, ""5"": 1, ""6"": 1, ""7"": 1, ""8"": 0, ""9"": 1, ""10"": 0, ""11"": 1, ""12"": 1, ""13"": 1}",15,"[0.0, 0.0, 0.0, 0.0, 0.0, 0.0, 0.0, 0.0, 0.0, 0.0, 0.0, 0.0, 0.0, 0.0, 0.0]",0.0,0.0,0.0,0.0,0.0,0.0,0.0,0.0,0.0,0.0,0.0,0.0,0.0,0.0,0.0
risk_05_18,18,risk_05,42,60,2037,3,ring,1,near_exit,4,253.88965937122703,250.78205533977598,0.8,11,14,"[1, 1, 1, 0, 1, 1, 0, 1, 0, 1, 1, 1, 1, 1]","{""0"": 1, ""1"": 1, ""2"": 1, ""3"": 0, ""4"": 1, ""5"": 1, ""6"": 0, ""7"": 1, ""8"": 0, ""9"": 1, ""10"": 1, ""11"": 1, ""12"": 1, ""13"": 1}",15,"[0.0, 0.0, 0.0, 0.0, 0.0, 0.0, 0.0, 0.0, 0.0, 0.0, 0.0, 0.0, 0.0, 0.0, 0.0]",0.0,0.0,0.0,0.0,0.0,0.0,0.0,0.0,0.0,0.0,0.0,0.0,0.0,0.0,0.0
risk_05_19,19,risk_05,42,61,4600,2,center,3,far_from_exit_and_main_road,11,107.66569153219461,244.24434981588274,0.8,12,14,"[1, 1, 0, 1, 1, 1, 1, 1, 1, 1, 1, 1, 0, 1]","{""0"": 1, ""1"": 1, ""2"": 0, ""3"": 1, ""4"": 1, ""5"": 1, ""6"": 1, ""7"": 1, ""8"": 1, ""9"": 1, ""10"": 1, ""11"": 1, ""12"": 0, ""13"": 1}",15,"[0.0, 0.0, 0.0, 0.0, 0.0, 0.0, 0.0, 0.0, 0.0, 0.0, 0.0, 0.0, 0.0, 0.0, 0.0]",0.0,0.0,0.0,0.0,0.0,0.0,0.0,0.0,0.0,0.0,0.0,0.0,0.0,0.0,0.0
risk_05_20,20,risk_05,42,62,4124,2,center,1,near_exit,4,253.88965937122703,250.78205533977598,0.8,9,14,"[0, 1, 0, 1, 1, 0, 1, 1, 1, 0, 0, 1, 1, 1]","{""0"": 0, ""1"": 1, ""2"": 0, ""3"": 1, ""4"": 1, ""5"": 0, ""6"": 1, ""7"": 1, ""8"": 1, ""9"": 0, ""10"": 0, ""11"": 1, ""12"": 1, ""13"": 1}",15,"[0.0, 0.0, 0.0, 0.0, 0.0, 0.0, 0.0, 0.0, 0.0, 0.0, 0.0, 0.0, 0.0, 0.0, 0.0]",0.0,0.0,0.0,0.0,0.0,0.0,0.0,0.0,0.0,0.0,0.0,0.0,0.0,0.0,0.0
static_1,1,static,42,43,3777,2,center,3,far_from_exit_and_main_road,12,86.4655145779252,206.66192820994183,0.8,13,14,"[1, 1, 1, 1, 1, 1, 1, 1, 1, 1, 1, 0, 1, 1]","{""0"": 1, ""1"": 1, ""2"": 1, ""3"": 1, ""4"": 1, ""5"": 1, ""6"": 1, ""7"": 1, ""8"": 1, ""9"": 1, ""10"": 1, ""11"": 0, ""12"": 1, ""13"": 1}",15,"[0.0, 0.0, 0.0, 0.0, 0.0, 0.0, 0.0, 0.0, 0.0, 0.0, 0.0, 0.0, 0.0, 0.0, 0.0]",0.0,0.0,0.0,0.0,0.0,0.0,0.0,0.0,0.0,0.0,0.0,0.0,0.0,0.0,0.0
static_2,2,static,42,44,4831,1,uniform,1,near_exit,6,26.251288073137403,149.61036271601915,0.8,12,14,"[1, 1, 0, 1, 1, 1, 1, 1, 1, 1, 0, 1, 1, 1]","{""0"": 1, ""1"": 1, ""2"": 0, ""3"": 1, ""4"": 1, ""5"": 1, ""6"": 1, ""7"": 1, ""8"": 1, ""9"": 1, ""10"": 0, ""11"": 1, ""12"": 1, ""13"": 1}",15,"[0.0, 0.0, 0.0, 0.0, 0.0, 0.0, 0.0, 0.0, 0.0, 0.0, 0.0, 0.0, 0.0, 0.0, 0.0]",0.0,0.0,0.0,0.0,0.0,0.0,0.0,0.0,0.0,0.0,0.0,0.0,0.0,0.0,0.0
static_3,3,static,42,45,5018,1,uniform,3,far_from_exit_and_main_road,2,135.2143654283136,374.6006386834197,0.8,14,14,"[1, 1, 1, 1, 1, 1, 1, 1, 1, 1, 1, 1, 1, 1]","{""0"": 1, ""1"": 1, ""2"": 1, ""3"": 1, ""4"": 1, ""5"": 1, ""6"": 1, ""7"": 1, ""8"": 1, ""9"": 1, ""10"": 1, ""11"": 1, ""12"": 1, ""13"": 1}",15,"[0.0, 0.0, 0.0, 0.0, 0.0, 0.0, 0.0, 0.0, 0.0, 0.0, 0.0, 0.0, 0.0, 0.0, 0.0]",0.0,0.0,0.0,0.0,0.0,0.0,0.0,0.0,0.0,0.0,0.0,0.0,0.0,0.0,0.0
static_4,4,static,42,46,5766,3,ring,2,near_main_road,16,134.70201228372753,258.9657045942731,0.8,9,14,"[0, 1, 1, 0, 1, 1, 1, 0, 1, 1, 1, 0, 0, 1]","{""0"": 0, ""1"": 1, ""2"": 1, ""3"": 0, ""4"": 1, ""5"": 1, ""6"": 1, ""7"": 0, ""8"": 1, ""9"": 1, ""10"": 1, ""11"": 0, ""12"": 0, ""13"": 1}",15,"[0.0, 0.0, 0.0, 0.0, 0.0, 0.0, 0.0, 0.0, 0.0, 0.0, 0.0, 0.0, 0.0, 0.0, 0.0]",0.0,0.0,0.0,0.0,0.0,0.0,0.0,0.0,0.0,0.0,0.0,0.0,0.0,0.0,0.0
static_5,5,static,42,47,5757,3,ring,1,near_exit,5,34.374810233712196,214.9597699600272,0.8,13,14,"[1, 1, 1, 1, 1, 1, 1, 1, 1, 1, 1, 0, 1, 1]","{""0"": 1, ""1"": 1, ""2"": 1, ""3"": 1, ""4"": 1, ""5"": 1, ""6"": 1, ""7"": 1, ""8"": 1, ""9"": 1, ""10"": 1, ""11"": 0, ""12"": 1, ""13"": 1}",15,"[0.0, 0.0, 0.0, 0.0, 0.0, 0.0, 0.0, 0.0, 0.0, 0.0, 0.0, 0.0, 0.0, 0.0, 0.0]",0.0,0.0,0.0,0.0,0.0,0.0,0.0,0.0,0.0,0.0,0.0,0.0,0.0,0.0,0.0
density_1,1,density,42,43,3777,2,center,3,far_from_exit_and_main_road,12,86.4655145779252,206.66192820994183,0.8,13,14,"[1, 1, 1, 1, 1, 1, 1, 1, 1, 1, 1, 0, 1, 1]","{""0"": 1, ""1"": 1, ""2"": 1, ""3"": 1, ""4"": 1, ""5"": 1, ""6"": 1, ""7"": 1, ""8"": 1, ""9"": 1, ""10"": 1, ""11"": 0, ""12"": 1, ""13"": 1}",15,"[0.0, 0.0, 0.0, 0.0, 0.0, 0.0, 0.0, 0.0, 0.0, 0.0, 0.0, 0.0, 0.0, 0.0, 0.0]",0.0,0.0,0.0,0.0,0.0,0.0,0.0,0.0,0.0,0.0,0.0,0.0,0.0,0.0,0.0
density_2,2,density,42,44,4831,1,uniform,1,near_exit,6,26.251288073137403,149.61036271601915,0.8,12,14,"[1, 1, 0, 1, 1, 1, 1, 1, 1, 1, 0, 1, 1, 1]","{""0"": 1, ""1"": 1, ""2"": 0, ""3"": 1, ""4"": 1, ""5"": 1, ""6"": 1, ""7"": 1, ""8"": 1, ""9"": 1, ""10"": 0, ""11"": 1, ""12"": 1, ""13"": 1}",15,"[0.0, 0.0, 0.0, 0.0, 0.0, 0.0, 0.0, 0.0, 0.0, 0.0, 0.0, 0.0, 0.0, 0.0, 0.0]",0.0,0.0,0.0,0.0,0.0,0.0,0.0,0.0,0.0,0.0,0.0,0.0,0.0,0.0,0.0
density_3,3,density,42,45,5018,1,uniform,3,far_from_exit_and_main_road,2,135.2143654283136,374.6006386834197,0.8,14,14,"[1, 1, 1, 1, 1, 1, 1, 1, 1, 1, 1, 1, 1, 1]","{""0"": 1, ""1"": 1, ""2"": 1, ""3"": 1, ""4"": 1, ""5"": 1, ""6"": 1, ""7"": 1, ""8"": 1, ""9"": 1, ""10"": 1, ""11"": 1, ""12"": 1, ""13"": 1}",15,"[0.0, 0.0, 0.0, 0.0, 0.0, 0.0, 0.0, 0.0, 0.0, 0.0, 0.0, 0.0, 0.0, 0.0, 0.0]",0.0,0.0,0.0,0.0,0.0,0.0,0.0,0.0,0.0,0.0,0.0,0.0,0.0,0.0,0.0
density_4,4,density,42,46,5766,3,ring,2,near_main_road,16,134.70201228372753,258.9657045942731,0.8,9,14,"[0, 1, 1, 0, 1, 1, 1, 0, 1, 1, 1, 0, 0, 1]","{""0"": 0, ""1"": 1, ""2"": 1, ""3"": 0, ""4"": 1, ""5"": 1, ""6"": 1, ""7"": 0, ""8"": 1, ""9"": 1, ""10"": 1, ""11"": 0, ""12"": 0, ""13"": 1}",15,"[0.0, 0.0, 0.0, 0.0, 0.0, 0.0, 0.0, 0.0, 0.0, 0.0, 0.0, 0.0, 0.0, 0.0, 0.0]",0.0,0.0,0.0,0.0,0.0,0.0,0.0,0.0,0.0,0.0,0.0,0.0,0.0,0.0,0.0
density_5,5,density,42,47,5757,3,ring,1,near_exit,5,34.374810233712196,214.9597699600272,0.8,13,14,"[1, 1, 1, 1, 1, 1, 1, 1, 1, 1, 1, 0, 1, 1]","{""0"": 1, ""1"": 1, ""2"": 1, ""3"": 1, ""4"": 1, ""5"": 1, ""6"": 1, ""7"": 1, ""8"": 1, ""9"": 1, ""10"": 1, ""11"": 0, ""12"": 1, ""13"": 1}",15,"[0.0, 0.0, 0.0, 0.0, 0.0, 0.0, 0.0, 0.0, 0.0, 0.0, 0.0, 0.0, 0.0, 0.0, 0.0]",0.0,0.0,0.0,0.0,0.0,0.0,0.0,0.0,0.0,0.0,0.0,0.0,0.0,0.0,0.0
risk_01_1,1,risk_01,42,43,3777,2,center,3,far_from_exit_and_main_road,12,86.4655145779252,206.66192820994183,0.8,13,14,"[1, 1, 1, 1, 1, 1, 1, 1, 1, 1, 1, 0, 1, 1]","{""0"": 1, ""1"": 1, ""2"": 1, ""3"": 1, ""4"": 1, ""5"": 1, ""6"": 1, ""7"": 1, ""8"": 1, ""9"": 1, ""10"": 1, ""11"": 0, ""12"": 1, ""13"": 1}",15,"[0.0, 0.0, 0.0, 0.0, 0.0, 0.0, 0.0, 0.0, 0.0, 0.0, 0.0, 0.0, 0.0, 0.0, 0.0]",0.0,0.0,0.0,0.0,0.0,0.0,0.0,0.0,0.0,0.0,0.0,0.0,0.0,0.0,0.0
risk_01_2,2,risk_01,42,44,4831,1,uniform,1,near_exit,6,26.251288073137403,149.61036271601915,0.8,12,14,"[1, 1, 0, 1, 1, 1, 1, 1, 1, 1, 0, 1, 1, 1]","{""0"": 1, ""1"": 1, ""2"": 0, ""3"": 1, ""4"": 1, ""5"": 1, ""6"": 1, ""7"": 1, ""8"": 1, ""9"": 1, ""10"": 0, ""11"": 1, ""12"": 1, ""13"": 1}",15,"[0.0, 0.0, 0.0, 0.0, 0.0, 0.0, 0.0, 0.0, 0.0, 0.0, 0.0, 0.0, 0.0, 0.0, 0.0]",0.0,0.0,0.0,0.0,0.0,0.0,0.0,0.0,0.0,0.0,0.0,0.0,0.0,0.0,0.0
risk_01_3,3,risk_01,42,45,5018,1,uniform,3,far_from_exit_and_main_road,2,135.2143654283136,374.6006386834197,0.8,14,14,"[1, 1, 1, 1, 1, 1, 1, 1, 1, 1, 1, 1, 1, 1]","{""0"": 1, ""1"": 1, ""2"": 1, ""3"": 1, ""4"": 1, ""5"": 1, ""6"": 1, ""7"": 1, ""8"": 1, ""9"": 1, ""10"": 1, ""11"": 1, ""12"": 1, ""13"": 1}",15,"[0.0, 0.0, 0.0, 0.0, 0.0, 0.0, 0.0, 0.0, 0.0, 0.0, 0.0, 0.0, 0.0, 0.0, 0.0]",0.0,0.0,0.0,0.0,0.0,0.0,0.0,0.0,0.0,0.0,0.0,0.0,0.0,0.0,0.0
risk_01_4,4,risk_01,42,46,5766,3,ring,2,near_main_road,16,134.70201228372753,258.9657045942731,0.8,9,14,"[0, 1, 1, 0, 1, 1, 1, 0, 1, 1, 1, 0, 0, 1]","{""0"": 0, ""1"": 1, ""2"": 1, ""3"": 0, ""4"": 1, ""5"": 1, ""6"": 1, ""7"": 0, ""8"": 1, ""9"": 1, ""10"": 1, ""11"": 0, ""12"": 0, ""13"": 1}",15,"[0.0, 0.0, 0.0, 0.0, 0.0, 0.0, 0.0, 0.0, 0.0, 0.0, 0.0, 0.0, 0.0, 0.0, 0.0]",0.0,0.0,0.0,0.0,0.0,0.0,0.0,0.0,0.0,0.0,0.0,0.0,0.0,0.0,0.0
risk_01_5,5,risk_01,42,47,5757,3,ring,1,near_exit,5,34.374810233712196,214.9597699600272,0.8,13,14,"[1, 1, 1, 1, 1, 1, 1, 1, 1, 1, 1, 0, 1, 1]","{""0"": 1, ""1"": 1, ""2"": 1, ""3"": 1, ""4"": 1, ""5"": 1, ""6"": 1, ""7"": 1, ""8"": 1, ""9"": 1, ""10"": 1, ""11"": 0, ""12"": 1, ""13"": 1}",15,"[0.0, 0.0, 0.0, 0.0, 0.0, 0.0, 0.0, 0.0, 0.0, 0.0, 0.0, 0.0, 0.0, 0.0, 0.0]",0.0,0.0,0.0,0.0,0.0,0.0,0.0,0.0,0.0,0.0,0.0,0.0,0.0,0.0,0.0
risk_05_1,1,risk_05,42,43,3777,2,center,3,far_from_exit_and_main_road,12,86.4655145779252,206.66192820994183,0.8,13,14,"[1, 1, 1, 1, 1, 1, 1, 1, 1, 1, 1, 0, 1, 1]","{""0"": 1, ""1"": 1, ""2"": 1, ""3"": 1, ""4"": 1, ""5"": 1, ""6"": 1, ""7"": 1, ""8"": 1, ""9"": 1, ""10"": 1, ""11"": 0, ""12"": 1, ""13"": 1}",15,"[0.0, 0.0, 0.0, 0.0, 0.0, 0.0, 0.0, 0.0, 0.0, 0.0, 0.0, 0.0, 0.0, 0.0, 0.0]",0.0,0.0,0.0,0.0,0.0,0.0,0.0,0.0,0.0,0.0,0.0,0.0,0.0,0.0,0.0
risk_05_2,2,risk_05,42,44,4831,1,uniform,1,near_exit,6,26.251288073137403,149.61036271601915,0.8,12,14,"[1, 1, 0, 1, 1, 1, 1, 1, 1, 1, 0, 1, 1, 1]","{""0"": 1, ""1"": 1, ""2"": 0, ""3"": 1, ""4"": 1, ""5"": 1, ""6"": 1, ""7"": 1, ""8"": 1, ""9"": 1, ""10"": 0, ""11"": 1, ""12"": 1, ""13"": 1}",15,"[0.0, 0.0, 0.0, 0.0, 0.0, 0.0, 0.0, 0.0, 0.0, 0.0, 0.0, 0.0, 0.0, 0.0, 0.0]",0.0,0.0,0.0,0.0,0.0,0.0,0.0,0.0,0.0,0.0,0.0,0.0,0.0,0.0,0.0
risk_05_3,3,risk_05,42,45,5018,1,uniform,3,far_from_exit_and_main_road,2,135.2143654283136,374.6006386834197,0.8,14,14,"[1, 1, 1, 1, 1, 1, 1, 1, 1, 1, 1, 1, 1, 1]","{""0"": 1, ""1"": 1, ""2"": 1, ""3"": 1, ""4"": 1, ""5"": 1, ""6"": 1, ""7"": 1, ""8"": 1, ""9"": 1, ""10"": 1, ""11"": 1, ""12"": 1, ""13"": 1}",15,"[0.0, 0.0, 0.0, 0.0, 0.0, 0.0, 0.0, 0.0, 0.0, 0.0, 0.0, 0.0, 0.0, 0.0, 0.0]",0.0,0.0,0.0,0.0,0.0,0.0,0.0,0.0,0.0,0.0,0.0,0.0,0.0,0.0,0.0
risk_05_4,4,risk_05,42,46,5766,3,ring,2,near_main_road,16,134.70201228372753,258.9657045942731,0.8,9,14,"[0, 1, 1, 0, 1, 1, 1, 0, 1, 1, 1, 0, 0, 1]","{""0"": 0, ""1"": 1, ""2"": 1, ""3"": 0, ""4"": 1, ""5"": 1, ""6"": 1, ""7"": 0, ""8"": 1, ""9"": 1, ""10"": 1, ""11"": 0, ""12"": 0, ""13"": 1}",15,"[0.0, 0.0, 0.0, 0.0, 0.0, 0.0, 0.0, 0.0, 0.0, 0.0, 0.0, 0.0, 0.0, 0.0, 0.0]",0.0,0.0,0.0,0.0,0.0,0.0,0.0,0.0,0.0,0.0,0.0,0.0,0.0,0.0,0.0
risk_05_5,5,risk_05,42,47,5757,3,ring,1,near_exit,5,34.374810233712196,214.9597699600272,0.8,13,14,"[1, 1, 1, 1, 1, 1, 1, 1, 1, 1, 1, 0, 1, 1]","{""0"": 1, ""1"": 1, ""2"": 1, ""3"": 1, ""4"": 1, ""5"": 1, ""6"": 1, ""7"": 1, ""8"": 1, ""9"": 1, ""10"": 1, ""11"": 0, ""12"": 1, ""13"": 1}",15,"[0.0, 0.0, 0.0, 0.0, 0.0, 0.0, 0.0, 0.0, 0.0, 0.0, 0.0, 0.0, 0.0, 0.0, 0.0]",0.0,0.0,0.0,0.0,0.0,0.0,0.0,0.0,0.0,0.0,0.0,0.0,0.0,0.0,0.0
risk_10_1,1,risk_10,42,43,3777,2,center,3,far_from_exit_and_main_road,12,86.4655145779252,206.66192820994183,0.8,13,14,"[1, 1, 1, 1, 1, 1, 1, 1, 1, 1, 1, 0, 1, 1]","{""0"": 1, ""1"": 1, ""2"": 1, ""3"": 1, ""4"": 1, ""5"": 1, ""6"": 1, ""7"": 1, ""8"": 1, ""9"": 1, ""10"": 1, ""11"": 0, ""12"": 1, ""13"": 1}",15,"[0.0, 0.0, 0.0, 0.0, 0.0, 0.0, 0.0, 0.0, 0.0, 0.0, 0.0, 0.0, 0.0, 0.0, 0.0]",0.0,0.0,0.0,0.0,0.0,0.0,0.0,0.0,0.0,0.0,0.0,0.0,0.0,0.0,0.0
risk_10_2,2,risk_10,42,44,4831,1,uniform,1,near_exit,6,26.251288073137403,149.61036271601915,0.8,12,14,"[1, 1, 0, 1, 1, 1, 1, 1, 1, 1, 0, 1, 1, 1]","{""0"": 1, ""1"": 1, ""2"": 0, ""3"": 1, ""4"": 1, ""5"": 1, ""6"": 1, ""7"": 1, ""8"": 1, ""9"": 1, ""10"": 0, ""11"": 1, ""12"": 1, ""13"": 1}",15,"[0.0, 0.0, 0.0, 0.0, 0.0, 0.0, 0.0, 0.0, 0.0, 0.0, 0.0, 0.0, 0.0, 0.0, 0.0]",0.0,0.0,0.0,0.0,0.0,0.0,0.0,0.0,0.0,0.0,0.0,0.0,0.0,0.0,0.0
risk_10_3,3,risk_10,42,45,5018,1,uniform,3,far_from_exit_and_main_road,2,135.2143654283136,374.6006386834197,0.8,14,14,"[1, 1, 1, 1, 1, 1, 1, 1, 1, 1, 1, 1, 1, 1]","{""0"": 1, ""1"": 1, ""2"": 1, ""3"": 1, ""4"": 1, ""5"": 1, ""6"": 1, ""7"": 1, ""8"": 1, ""9"": 1, ""10"": 1, ""11"": 1, ""12"": 1, ""13"": 1}",15,"[0.0, 0.0, 0.0, 0.0, 0.0, 0.0, 0.0, 0.0, 0.0, 0.0, 0.0, 0.0, 0.0, 0.0, 0.0]",0.0,0.0,0.0,0.0,0.0,0.0,0.0,0.0,0.0,0.0,0.0,0.0,0.0,0.0,0.0
risk_10_4,4,risk_10,42,46,5766,3,ring,2,near_main_road,16,134.70201228372753,258.9657045942731,0.8,9,14,"[0, 1, 1, 0, 1, 1, 1, 0, 1, 1, 1, 0, 0, 1]","{""0"": 0, ""1"": 1, ""2"": 1, ""3"": 0, ""4"": 1, ""5"": 1, ""6"": 1, ""7"": 0, ""8"": 1, ""9"": 1, ""10"": 1, ""11"": 0, ""12"": 0, ""13"": 1}",15,"[0.0, 0.0, 0.0, 0.0, 0.0, 0.0, 0.0, 0.0, 0.0, 0.0, 0.0, 0.0, 0.0, 0.0, 0.0]",0.0,0.0,0.0,0.0,0.0,0.0,0.0,0.0,0.0,0.0,0.0,0.0,0.0,0.0,0.0
risk_10_5,5,risk_10,42,47,5757,3,ring,1,near_exit,5,34.374810233712196,214.9597699600272,0.8,13,14,"[1, 1, 1, 1, 1, 1, 1, 1, 1, 1, 1, 0, 1, 1]","{""0"": 1, ""1"": 1, ""2"": 1, ""3"": 1, ""4"": 1, ""5"": 1, ""6"": 1, ""7"": 1, ""8"": 1, ""9"": 1, ""10"": 1, ""11"": 0, ""12"": 1, ""13"": 1}",15,"[0.0, 0.0, 0.0, 0.0, 0.0, 0.0, 0.0, 0.0, 0.0, 0.0, 0.0, 0.0, 0.0, 0.0, 0.0]",0.0,0.0,0.0,0.0,0.0,0.0,0.0,0.0,0.0,0.0,0.0,0.0,0.0,0.0,0.0
risk_50_1,1,risk_50,42,43,3777,2,center,3,far_from_exit_and_main_road,12,86.4655145779252,206.66192820994183,0.8,13,14,"[1, 1, 1, 1, 1, 1, 1, 1, 1, 1, 1, 0, 1, 1]","{""0"": 1, ""1"": 1, ""2"": 1, ""3"": 1, ""4"": 1, ""5"": 1, ""6"": 1, ""7"": 1, ""8"": 1, ""9"": 1, ""10"": 1, ""11"": 0, ""12"": 1, ""13"": 1}",15,"[0.0, 0.0, 0.0, 0.0, 0.0, 0.0, 0.0, 0.0, 0.0, 0.0, 0.0, 0.0, 0.0, 0.0, 0.0]",0.0,0.0,0.0,0.0,0.0,0.0,0.0,0.0,0.0,0.0,0.0,0.0,0.0,0.0,0.0
risk_50_2,2,risk_50,42,44,4831,1,uniform,1,near_exit,6,26.251288073137403,149.61036271601915,0.8,12,14,"[1, 1, 0, 1, 1, 1, 1, 1, 1, 1, 0, 1, 1, 1]","{""0"": 1, ""1"": 1, ""2"": 0, ""3"": 1, ""4"": 1, ""5"": 1, ""6"": 1, ""7"": 1, ""8"": 1, ""9"": 1, ""10"": 0, ""11"": 1, ""12"": 1, ""13"": 1}",15,"[0.0, 0.0, 0.0, 0.0, 0.0, 0.0, 0.0, 0.0, 0.0, 0.0, 0.0, 0.0, 0.0, 0.0, 0.0]",0.0,0.0,0.0,0.0,0.0,0.0,0.0,0.0,0.0,0.0,0.0,0.0,0.0,0.0,0.0
risk_50_3,3,risk_50,42,45,5018,1,uniform,3,far_from_exit_and_main_road,2,135.2143654283136,374.6006386834197,0.8,14,14,"[1, 1, 1, 1, 1, 1, 1, 1, 1, 1, 1, 1, 1, 1]","{""0"": 1, ""1"": 1, ""2"": 1, ""3"": 1, ""4"": 1, ""5"": 1, ""6"": 1, ""7"": 1, ""8"": 1, ""9"": 1, ""10"": 1, ""11"": 1, ""12"": 1, ""13"": 1}",15,"[0.0, 0.0, 0.0, 0.0, 0.0, 0.0, 0.0, 0.0, 0.0, 0.0, 0.0, 0.0, 0.0, 0.0, 0.0]",0.0,0.0,0.0,0.0,0.0,0.0,0.0,0.0,0.0,0.0,0.0,0.0,0.0,0.0,0.0
risk_50_4,4,risk_50,42,46,5766,3,ring,2,near_main_road,16,134.70201228372753,258.9657045942731,0.8,9,14,"[0, 1, 1, 0, 1, 1, 1, 0, 1, 1, 1, 0, 0, 1]","{""0"": 0, ""1"": 1, ""2"": 1, ""3"": 0, ""4"": 1, ""5"": 1, ""6"": 1, ""7"": 0, ""8"": 1, ""9"": 1, ""10"": 1, ""11"": 0, ""12"": 0, ""13"": 1}",15,"[0.0, 0.0, 0.0, 0.0, 0.0, 0.0, 0.0, 0.0, 0.0, 0.0, 0.0, 0.0, 0.0, 0.0, 0.0]",0.0,0.0,0.0,0.0,0.0,0.0,0.0,0.0,0.0,0.0,0.0,0.0,0.0,0.0,0.0
risk_50_5,5,risk_50,42,47,5757,3,ring,1,near_exit,5,34.374810233712196,214.9597699600272,0.8,13,14,"[1, 1, 1, 1, 1, 1, 1, 1, 1, 1, 1, 0, 1, 1]","{""0"": 1, ""1"": 1, ""2"": 1, ""3"": 1, ""4"": 1, ""5"": 1, ""6"": 1, ""7"": 1, ""8"": 1, ""9"": 1, ""10"": 1, ""11"": 0, ""12"": 1, ""13"": 1}",15,"[0.0, 0.0, 0.0, 0.0, 0.0, 0.0, 0.0, 0.0, 0.0, 0.0, 0.0, 0.0, 0.0, 0.0, 0.0]",0.0,0.0,0.0,0.0,0.0,0.0,0.0,0.0,0.0,0.0,0.0,0.0,0.0,0.0,0.0
risk_100_1,1,risk_100,42,43,3777,2,center,3,far_from_exit_and_main_road,12,86.4655145779252,206.66192820994183,0.8,13,14,"[1, 1, 1, 1, 1, 1, 1, 1, 1, 1, 1, 0, 1, 1]","{""0"": 1, ""1"": 1, ""2"": 1, ""3"": 1, ""4"": 1, ""5"": 1, ""6"": 1, ""7"": 1, ""8"": 1, ""9"": 1, ""10"": 1, ""11"": 0, ""12"": 1, ""13"": 1}",15,"[0.0, 0.0, 0.0, 0.0, 0.0, 0.0, 0.0, 0.0, 0.0, 0.0, 0.0, 0.0, 0.0, 0.0, 0.0]",0.0,0.0,0.0,0.0,0.0,0.0,0.0,0.0,0.0,0.0,0.0,0.0,0.0,0.0,0.0
risk_100_2,2,risk_100,42,44,4831,1,uniform,1,near_exit,6,26.251288073137403,149.61036271601915,0.8,12,14,"[1, 1, 0, 1, 1, 1, 1, 1, 1, 1, 0, 1, 1, 1]","{""0"": 1, ""1"": 1, ""2"": 0, ""3"": 1, ""4"": 1, ""5"": 1, ""6"": 1, ""7"": 1, ""8"": 1, ""9"": 1, ""10"": 0, ""11"": 1, ""12"": 1, ""13"": 1}",15,"[0.0, 0.0, 0.0, 0.0, 0.0, 0.0, 0.0, 0.0, 0.0, 0.0, 0.0, 0.0, 0.0, 0.0, 0.0]",0.0,0.0,0.0,0.0,0.0,0.0,0.0,0.0,0.0,0.0,0.0,0.0,0.0,0.0,0.0
risk_100_3,3,risk_100,42,45,5018,1,uniform,3,far_from_exit_and_main_road,2,135.2143654283136,374.6006386834197,0.8,14,14,"[1, 1, 1, 1, 1, 1, 1, 1, 1, 1, 1, 1, 1, 1]","{""0"": 1, ""1"": 1, ""2"": 1, ""3"": 1, ""4"": 1, ""5"": 1, ""6"": 1, ""7"": 1, ""8"": 1, ""9"": 1, ""10"": 1, ""11"": 1, ""12"": 1, ""13"": 1}",15,"[0.0, 0.0, 0.0, 0.0, 0.0, 0.0, 0.0, 0.0, 0.0, 0.0, 0.0, 0.0, 0.0, 0.0, 0.0]",0.0,0.0,0.0,0.0,0.0,0.0,0.0,0.0,0.0,0.0,0.0,0.0,0.0,0.0,0.0
risk_100_4,4,risk_100,42,46,5766,3,ring,2,near_main_road,16,134.70201228372753,258.9657045942731,0.8,9,14,"[0, 1, 1, 0, 1, 1, 1, 0, 1, 1, 1, 0, 0, 1]","{""0"": 0, ""1"": 1, ""2"": 1, ""3"": 0, ""4"": 1, ""5"": 1, ""6"": 1, ""7"": 0, ""8"": 1, ""9"": 1, ""10"": 1, ""11"": 0, ""12"": 0, ""13"": 1}",15,"[0.0, 0.0, 0.0, 0.0, 0.0, 0.0, 0.0, 0.0, 0.0, 0.0, 0.0, 0.0, 0.0, 0.0, 0.0]",0.0,0.0,0.0,0.0,0.0,0.0,0.0,0.0,0.0,0.0,0.0,0.0,0.0,0.0,0.0
risk_100_5,5,risk_100,42,47,5757,3,ring,1,near_exit,5,34.374810233712196,214.9597699600272,0.8,13,14,"[1, 1, 1, 1, 1, 1, 1, 1, 1, 1, 1, 0, 1, 1]","{""0"": 1, ""1"": 1, ""2"": 1, ""3"": 1, ""4"": 1, ""5"": 1, ""6"": 1, ""7"": 1, ""8"": 1, ""9"": 1, ""10"": 1, ""11"": 0, ""12"": 1, ""13"": 1}",15,"[0.0, 0.0, 0.0, 0.0, 0.0, 0.0, 0.0, 0.0, 0.0, 0.0, 0.0, 0.0, 0.0, 0.0, 0.0]",0.0,0.0,0.0,0.0,0.0,0.0,0.0,0.0,0.0,0.0,0.0,0.0,0.0,0.0,0.0
static_1,1,static,42,43,3777,2,center,3,far_from_exit_and_main_road,12,86.4655145779252,206.66192820994183,0.8,13,14,"[1, 1, 1, 1, 1, 1, 1, 1, 1, 1, 1, 0, 1, 1]","{""0"": 1, ""1"": 1, ""2"": 1, ""3"": 1, ""4"": 1, ""5"": 1, ""6"": 1, ""7"": 1, ""8"": 1, ""9"": 1, ""10"": 1, ""11"": 0, ""12"": 1, ""13"": 1}",15,"[0.0, 0.0, 0.0, 0.0, 0.0, 0.0, 0.0, 0.0, 0.0, 0.0, 0.0, 0.0, 0.0, 0.0, 0.0]",0.0,0.0,0.0,0.0,0.0,0.0,0.0,0.0,0.0,0.0,0.0,0.0,0.0,0.0,0.0
static_2,2,static,42,44,4831,1,uniform,1,near_exit,6,26.251288073137403,149.61036271601915,0.8,12,14,"[1, 1, 0, 1, 1, 1, 1, 1, 1, 1, 0, 1, 1, 1]","{""0"": 1, ""1"": 1, ""2"": 0, ""3"": 1, ""4"": 1, ""5"": 1, ""6"": 1, ""7"": 1, ""8"": 1, ""9"": 1, ""10"": 0, ""11"": 1, ""12"": 1, ""13"": 1}",15,"[0.0, 0.0, 0.0, 0.0, 0.0, 0.0, 0.0, 0.0, 0.0, 0.0, 0.0, 0.0, 0.0, 0.0, 0.0]",0.0,0.0,0.0,0.0,0.0,0.0,0.0,0.0,0.0,0.0,0.0,0.0,0.0,0.0,0.0
density_1,1,density,42,43,3777,2,center,3,far_from_exit_and_main_road,12,86.4655145779252,206.66192820994183,0.8,13,14,"[1, 1, 1, 1, 1, 1, 1, 1, 1, 1, 1, 0, 1, 1]","{""0"": 1, ""1"": 1, ""2"": 1, ""3"": 1, ""4"": 1, ""5"": 1, ""6"": 1, ""7"": 1, ""8"": 1, ""9"": 1, ""10"": 1, ""11"": 0, ""12"": 1, ""13"": 1}",15,"[0.0, 0.0, 0.0, 0.0, 0.0, 0.0, 0.0, 0.0, 0.0, 0.0, 0.0, 0.0, 0.0, 0.0, 0.0]",0.0,0.0,0.0,0.0,0.0,0.0,0.0,0.0,0.0,0.0,0.0,0.0,0.0,0.0,0.0
density_2,2,density,42,44,4831,1,uniform,1,near_exit,6,26.251288073137403,149.61036271601915,0.8,12,14,"[1, 1, 0, 1, 1, 1, 1, 1, 1, 1, 0, 1, 1, 1]","{""0"": 1, ""1"": 1, ""2"": 0, ""3"": 1, ""4"": 1, ""5"": 1, ""6"": 1, ""7"": 1, ""8"": 1, ""9"": 1, ""10"": 0, ""11"": 1, ""12"": 1, ""13"": 1}",15,"[0.0, 0.0, 0.0, 0.0, 0.0, 0.0, 0.0, 0.0, 0.0, 0.0, 0.0, 0.0, 0.0, 0.0, 0.0]",0.0,0.0,0.0,0.0,0.0,0.0,0.0,0.0,0.0,0.0,0.0,0.0,0.0,0.0,0.0
risk_01_1,1,risk_01,42,43,3777,2,center,3,far_from_exit_and_main_road,12,86.4655145779252,206.66192820994183,0.8,13,14,"[1, 1, 1, 1, 1, 1, 1, 1, 1, 1, 1, 0, 1, 1]","{""0"": 1, ""1"": 1, ""2"": 1, ""3"": 1, ""4"": 1, ""5"": 1, ""6"": 1, ""7"": 1, ""8"": 1, ""9"": 1, ""10"": 1, ""11"": 0, ""12"": 1, ""13"": 1}",15,"[0.0, 0.0, 0.0, 0.0, 0.0, 0.0, 0.0, 0.0, 0.0, 0.0, 0.0, 0.0, 0.0, 0.0, 0.0]",0.0,0.0,0.0,0.0,0.0,0.0,0.0,0.0,0.0,0.0,0.0,0.0,0.0,0.0,0.0
risk_01_2,2,risk_01,42,44,4831,1,uniform,1,near_exit,6,26.251288073137403,149.61036271601915,0.8,12,14,"[1, 1, 0, 1, 1, 1, 1, 1, 1, 1, 0, 1, 1, 1]","{""0"": 1, ""1"": 1, ""2"": 0, ""3"": 1, ""4"": 1, ""5"": 1, ""6"": 1, ""7"": 1, ""8"": 1, ""9"": 1, ""10"": 0, ""11"": 1, ""12"": 1, ""13"": 1}",15,"[0.0, 0.0, 0.0, 0.0, 0.0, 0.0, 0.0, 0.0, 0.0, 0.0, 0.0, 0.0, 0.0, 0.0, 0.0]",0.0,0.0,0.0,0.0,0.0,0.0,0.0,0.0,0.0,0.0,0.0,0.0,0.0,0.0,0.0
risk_05_1,1,risk_05,42,43,3777,2,center,3,far_from_exit_and_main_road,12,86.4655145779252,206.66192820994183,0.8,13,14,"[1, 1, 1, 1, 1, 1, 1, 1, 1, 1, 1, 0, 1, 1]","{""0"": 1, ""1"": 1, ""2"": 1, ""3"": 1, ""4"": 1, ""5"": 1, ""6"": 1, ""7"": 1, ""8"": 1, ""9"": 1, ""10"": 1, ""11"": 0, ""12"": 1, ""13"": 1}",15,"[0.0, 0.0, 0.0, 0.0, 0.0, 0.0, 0.0, 0.0, 0.0, 0.0, 0.0, 0.0, 0.0, 0.0, 0.0]",0.0,0.0,0.0,0.0,0.0,0.0,0.0,0.0,0.0,0.0,0.0,0.0,0.0,0.0,0.0
risk_05_2,2,risk_05,42,44,4831,1,uniform,1,near_exit,6,26.251288073137403,149.61036271601915,0.8,12,14,"[1, 1, 0, 1, 1, 1, 1, 1, 1, 1, 0, 1, 1, 1]","{""0"": 1, ""1"": 1, ""2"": 0, ""3"": 1, ""4"": 1, ""5"": 1, ""6"": 1, ""7"": 1, ""8"": 1, ""9"": 1, ""10"": 0, ""11"": 1, ""12"": 1, ""13"": 1}",15,"[0.0, 0.0, 0.0, 0.0, 0.0, 0.0, 0.0, 0.0, 0.0, 0.0, 0.0, 0.0, 0.0, 0.0, 0.0]",0.0,0.0,0.0,0.0,0.0,0.0,0.0,0.0,0.0,0.0,0.0,0.0,0.0,0.0,0.0
risk_10_1,1,risk_10,42,43,3777,2,center,3,far_from_exit_and_main_road,12,86.4655145779252,206.66192820994183,0.8,13,14,"[1, 1, 1, 1, 1, 1, 1, 1, 1, 1, 1, 0, 1, 1]","{""0"": 1, ""1"": 1, ""2"": 1, ""3"": 1, ""4"": 1, ""5"": 1, ""6"": 1, ""7"": 1, ""8"": 1, ""9"": 1, ""10"": 1, ""11"": 0, ""12"": 1, ""13"": 1}",15,"[0.0, 0.0, 0.0, 0.0, 0.0, 0.0, 0.0, 0.0, 0.0, 0.0, 0.0, 0.0, 0.0, 0.0, 0.0]",0.0,0.0,0.0,0.0,0.0,0.0,0.0,0.0,0.0,0.0,0.0,0.0,0.0,0.0,0.0
risk_10_2,2,risk_10,42,44,4831,1,uniform,1,near_exit,6,26.251288073137403,149.61036271601915,0.8,12,14,"[1, 1, 0, 1, 1, 1, 1, 1, 1, 1, 0, 1, 1, 1]","{""0"": 1, ""1"": 1, ""2"": 0, ""3"": 1, ""4"": 1, ""5"": 1, ""6"": 1, ""7"": 1, ""8"": 1, ""9"": 1, ""10"": 0, ""11"": 1, ""12"": 1, ""13"": 1}",15,"[0.0, 0.0, 0.0, 0.0, 0.0, 0.0, 0.0, 0.0, 0.0, 0.0, 0.0, 0.0, 0.0, 0.0, 0.0]",0.0,0.0,0.0,0.0,0.0,0.0,0.0,0.0,0.0,0.0,0.0,0.0,0.0,0.0,0.0
risk_50_1,1,risk_50,42,43,3777,2,center,3,far_from_exit_and_main_road,12,86.4655145779252,206.66192820994183,0.8,13,14,"[1, 1, 1, 1, 1, 1, 1, 1, 1, 1, 1, 0, 1, 1]","{""0"": 1, ""1"": 1, ""2"": 1, ""3"": 1, ""4"": 1, ""5"": 1, ""6"": 1, ""7"": 1, ""8"": 1, ""9"": 1, ""10"": 1, ""11"": 0, ""12"": 1, ""13"": 1}",15,"[0.0, 0.0, 0.0, 0.0, 0.0, 0.0, 0.0, 0.0, 0.0, 0.0, 0.0, 0.0, 0.0, 0.0, 0.0]",0.0,0.0,0.0,0.0,0.0,0.0,0.0,0.0,0.0,0.0,0.0,0.0,0.0,0.0,0.0
risk_50_2,2,risk_50,42,44,4831,1,uniform,1,near_exit,6,26.251288073137403,149.61036271601915,0.8,12,14,"[1, 1, 0, 1, 1, 1, 1, 1, 1, 1, 0, 1, 1, 1]","{""0"": 1, ""1"": 1, ""2"": 0, ""3"": 1, ""4"": 1, ""5"": 1, ""6"": 1, ""7"": 1, ""8"": 1, ""9"": 1, ""10"": 0, ""11"": 1, ""12"": 1, ""13"": 1}",15,"[0.0, 0.0, 0.0, 0.0, 0.0, 0.0, 0.0, 0.0, 0.0, 0.0, 0.0, 0.0, 0.0, 0.0, 0.0]",0.0,0.0,0.0,0.0,0.0,0.0,0.0,0.0,0.0,0.0,0.0,0.0,0.0,0.0,0.0
risk_100_1,1,risk_100,42,43,3777,2,center,3,far_from_exit_and_main_road,12,86.4655145779252,206.66192820994183,0.8,13,14,"[1, 1, 1, 1, 1, 1, 1, 1, 1, 1, 1, 0, 1, 1]","{""0"": 1, ""1"": 1, ""2"": 1, ""3"": 1, ""4"": 1, ""5"": 1, ""6"": 1, ""7"": 1, ""8"": 1, ""9"": 1, ""10"": 1, ""11"": 0, ""12"": 1, ""13"": 1}",15,"[0.0, 0.0, 0.0, 0.0, 0.0, 0.0, 0.0, 0.0, 0.0, 0.0, 0.0, 0.0, 0.0, 0.0, 0.0]",0.0,0.0,0.0,0.0,0.0,0.0,0.0,0.0,0.0,0.0,0.0,0.0,0.0,0.0,0.0
risk_100_2,2,risk_100,42,44,4831,1,uniform,1,near_exit,6,26.251288073137403,149.61036271601915,0.8,12,14,"[1, 1, 0, 1, 1, 1, 1, 1, 1, 1, 0, 1, 1, 1]","{""0"": 1, ""1"": 1, ""2"": 0, ""3"": 1, ""4"": 1, ""5"": 1, ""6"": 1, ""7"": 1, ""8"": 1, ""9"": 1, ""10"": 0, ""11"": 1, ""12"": 1, ""13"": 1}",15,"[0.0, 0.0, 0.0, 0.0, 0.0, 0.0, 0.0, 0.0, 0.0, 0.0, 0.0, 0.0, 0.0, 0.0, 0.0]",0.0,0.0,0.0,0.0,0.0,0.0,0.0,0.0,0.0,0.0,0.0,0.0,0.0,0.0,0.0
static_1,1,static,42,43,3777,2,center,3,far_from_exit_and_main_road,12,86.4655145779252,206.66192820994183,0.8,13,14,"[1, 1, 1, 1, 1, 1, 1, 1, 1, 1, 1, 0, 1, 1]","{""0"": 1, ""1"": 1, ""2"": 1, ""3"": 1, ""4"": 1, ""5"": 1, ""6"": 1, ""7"": 1, ""8"": 1, ""9"": 1, ""10"": 1, ""11"": 0, ""12"": 1, ""13"": 1}",15,"[0.0, 0.0, 0.0, 0.0, 0.0, 0.0, 0.0, 0.0, 0.0, 0.0, 0.0, 0.0, 0.0, 0.0, 0.0]",0.0,0.0,0.0,0.0,0.0,0.0,0.0,0.0,0.0,0.0,0.0,0.0,0.0,0.0,0.0
static_2,2,static,42,44,4831,1,uniform,1,near_exit,6,26.251288073137403,149.61036271601915,0.8,12,14,"[1, 1, 0, 1, 1, 1, 1, 1, 1, 1, 0, 1, 1, 1]","{""0"": 1, ""1"": 1, ""2"": 0, ""3"": 1, ""4"": 1, ""5"": 1, ""6"": 1, ""7"": 1, ""8"": 1, ""9"": 1, ""10"": 0, ""11"": 1, ""12"": 1, ""13"": 1}",15,"[0.0, 0.0, 0.0, 0.0, 0.0, 0.0, 0.0, 0.0, 0.0, 0.0, 0.0, 0.0, 0.0, 0.0, 0.0]",0.0,0.0,0.0,0.0,0.0,0.0,0.0,0.0,0.0,0.0,0.0,0.0,0.0,0.0,0.0
static_1,1,static,42,43,3777,2,center,3,far_from_exit_and_main_road,12,86.4655145779252,206.66192820994183,0.8,13,14,"[1, 1, 1, 1, 1, 1, 1, 1, 1, 1, 1, 0, 1, 1]","{""0"": 1, ""1"": 1, ""2"": 1, ""3"": 1, ""4"": 1, ""5"": 1, ""6"": 1, ""7"": 1, ""8"": 1, ""9"": 1, ""10"": 1, ""11"": 0, ""12"": 1, ""13"": 1}",15,"[0.0, 0.0, 0.0, 0.0, 0.0, 0.0, 0.0, 0.0, 0.0, 0.0, 0.0, 0.0, 0.0, 0.0, 0.0]",0.0,0.0,0.0,0.0,0.0,0.0,0.0,0.0,0.0,0.0,0.0,0.0,0.0,0.0,0.0
static_2,2,static,42,44,4831,1,uniform,1,near_exit,6,26.251288073137403,149.61036271601915,0.8,12,14,"[1, 1, 0, 1, 1, 1, 1, 1, 1, 1, 0, 1, 1, 1]","{""0"": 1, ""1"": 1, ""2"": 0, ""3"": 1, ""4"": 1, ""5"": 1, ""6"": 1, ""7"": 1, ""8"": 1, ""9"": 1, ""10"": 0, ""11"": 1, ""12"": 1, ""13"": 1}",15,"[0.0, 0.0, 0.0, 0.0, 0.0, 0.0, 0.0, 0.0, 0.0, 0.0, 0.0, 0.0, 0.0, 0.0, 0.0]",0.0,0.0,0.0,0.0,0.0,0.0,0.0,0.0,0.0,0.0,0.0,0.0,0.0,0.0,0.0
static_3,3,static,42,45,5018,1,uniform,3,far_from_exit_and_main_road,2,135.2143654283136,374.6006386834197,0.8,14,14,"[1, 1, 1, 1, 1, 1, 1, 1, 1, 1, 1, 1, 1, 1]","{""0"": 1, ""1"": 1, ""2"": 1, ""3"": 1, ""4"": 1, ""5"": 1, ""6"": 1, ""7"": 1, ""8"": 1, ""9"": 1, ""10"": 1, ""11"": 1, ""12"": 1, ""13"": 1}",15,"[0.0, 0.0, 0.0, 0.0, 0.0, 0.0, 0.0, 0.0, 0.0, 0.0, 0.0, 0.0, 0.0, 0.0, 0.0]",0.0,0.0,0.0,0.0,0.0,0.0,0.0,0.0,0.0,0.0,0.0,0.0,0.0,0.0,0.0
static_4,4,static,42,46,5766,3,ring,2,near_main_road,16,134.70201228372753,258.9657045942731,0.8,9,14,"[0, 1, 1, 0, 1, 1, 1, 0, 1, 1, 1, 0, 0, 1]","{""0"": 0, ""1"": 1, ""2"": 1, ""3"": 0, ""4"": 1, ""5"": 1, ""6"": 1, ""7"": 0, ""8"": 1, ""9"": 1, ""10"": 1, ""11"": 0, ""12"": 0, ""13"": 1}",15,"[0.0, 0.0, 0.0, 0.0, 0.0, 0.0, 0.0, 0.0, 0.0, 0.0, 0.0, 0.0, 0.0, 0.0, 0.0]",0.0,0.0,0.0,0.0,0.0,0.0,0.0,0.0,0.0,0.0,0.0,0.0,0.0,0.0,0.0
static_5,5,static,42,47,5757,3,ring,1,near_exit,5,34.374810233712196,214.9597699600272,0.8,13,14,"[1, 1, 1, 1, 1, 1, 1, 1, 1, 1, 1, 0, 1, 1]","{""0"": 1, ""1"": 1, ""2"": 1, ""3"": 1, ""4"": 1, ""5"": 1, ""6"": 1, ""7"": 1, ""8"": 1, ""9"": 1, ""10"": 1, ""11"": 0, ""12"": 1, ""13"": 1}",15,"[0.0, 0.0, 0.0, 0.0, 0.0, 0.0, 0.0, 0.0, 0.0, 0.0, 0.0, 0.0, 0.0, 0.0, 0.0]",0.0,0.0,0.0,0.0,0.0,0.0,0.0,0.0,0.0,0.0,0.0,0.0,0.0,0.0,0.0
static_6,6,static,42,48,5482,2,center,2,near_main_road,9,180.08427936211228,352.65582518512383,0.8,11,14,"[1, 1, 1, 1, 0, 1, 1, 1, 0, 0, 1, 1, 1, 1]","{""0"": 1, ""1"": 1, ""2"": 1, ""3"": 1, ""4"": 0, ""5"": 1, ""6"": 1, ""7"": 1, ""8"": 0, ""9"": 0, ""10"": 1, ""11"": 1, ""12"": 1, ""13"": 1}",15,"[0.0, 0.0, 0.0, 0.0, 0.0, 0.0, 0.0, 0.0, 0.0, 0.0, 0.0, 0.0, 0.0, 0.0, 0.0]",0.0,0.0,0.0,0.0,0.0,0.0,0.0,0.0,0.0,0.0,0.0,0.0,0.0,0.0,0.0
static_7,7,static,42,49,4348,3,ring,3,far_from_exit_and_main_road,19,166.7272846736014,178.37646883539855,0.8,13,14,"[1, 1, 1, 1, 1, 1, 1, 1, 1, 1, 1, 1, 0, 1]","{""0"": 1, ""1"": 1, ""2"": 1, ""3"": 1, ""4"": 1, ""5"": 1, ""6"": 1, ""7"": 1, ""8"": 1, ""9"": 1, ""10"": 1, ""11"": 1, ""12"": 0, ""13"": 1}",15,"[0.0, 0.0, 0.0, 0.0, 0.0, 0.0, 0.0, 0.0, 0.0, 0.0, 0.0, 0.0, 0.0, 0.0, 0.0]",0.0,0.0,0.0,0.0,0.0,0.0,0.0,0.0,0.0,0.0,0.0,0.0,0.0,0.0,0.0
static_8,8,static,42,50,2774,3,ring,2,near_main_road,14,65.86150634847581,146.12098523322493,0.8,11,14,"[1, 1, 1, 1, 1, 0, 1, 1, 1, 1, 1, 0, 0, 1]","{""0"": 1, ""1"": 1, ""2"": 1, ""3"": 1, ""4"": 1, ""5"": 0, ""6"": 1, ""7"": 1, ""8"": 1, ""9"": 1, ""10"": 1, ""11"": 0, ""12"": 0, ""13"": 1}",15,"[0.0, 0.0, 0.0, 0.0, 0.0, 0.0, 0.0, 0.0, 0.0, 0.0, 0.0, 0.0, 0.0, 0.0, 0.0]",0.0,0.0,0.0,0.0,0.0,0.0,0.0,0.0,0.0,0.0,0.0,0.0,0.0,0.0,0.0
static_9,9,static,42,51,3137,1,uniform,1,near_exit,11,74.4658822324127,300.26813259813935,0.8,11,14,"[1, 1, 1, 0, 1, 1, 0, 1, 0, 1, 1, 1, 1, 1]","{""0"": 1, ""1"": 1, ""2"": 1, ""3"": 0, ""4"": 1, ""5"": 1, ""6"": 0, ""7"": 1, ""8"": 0, ""9"": 1, ""10"": 1, ""11"": 1, ""12"": 1, ""13"": 1}",15,"[0.0, 0.0, 0.0, 0.0, 0.0, 0.0, 0.0, 0.0, 0.0, 0.0, 0.0, 0.0, 0.0, 0.0, 0.0]",0.0,0.0,0.0,0.0,0.0,0.0,0.0,0.0,0.0,0.0,0.0,0.0,0.0,0.0,0.0
static_10,10,static,42,52,3585,3,ring,1,near_exit,11,74.4658822324127,300.26813259813935,0.8,10,14,"[0, 1, 1, 1, 0, 1, 0, 1, 0, 1, 1, 1, 1, 1]","{""0"": 0, ""1"": 1, ""2"": 1, ""3"": 1, ""4"": 0, ""5"": 1, ""6"": 0, ""7"": 1, ""8"": 0, ""9"": 1, ""10"": 1, ""11"": 1, ""12"": 1, ""13"": 1}",15,"[0.0, 0.0, 0.0, 0.0, 0.0, 0.0, 0.0, 0.0, 0.0, 0.0, 0.0, 0.0, 0.0, 0.0, 0.0]",0.0,0.0,0.0,0.0,0.0,0.0,0.0,0.0,0.0,0.0,0.0,0.0,0.0,0.0,0.0
static_1,1,static,42,43,3777,2,center,3,far_from_exit_and_main_road,12,86.4655145779252,206.66192820994183,0.8,13,14,"[1, 1, 1, 1, 1, 1, 1, 1, 1, 1, 1, 0, 1, 1]","{""0"": 1, ""1"": 1, ""2"": 1, ""3"": 1, ""4"": 1, ""5"": 1, ""6"": 1, ""7"": 1, ""8"": 1, ""9"": 1, ""10"": 1, ""11"": 0, ""12"": 1, ""13"": 1}",15,"[0.0, 0.0, 0.0, 0.0, 0.0, 0.0, 0.0, 0.0, 0.0, 0.0, 0.0, 0.0, 0.0, 0.0, 0.0]",0.0,0.0,0.0,0.0,0.0,0.0,0.0,0.0,0.0,0.0,0.0,0.0,0.0,0.0,0.0
static_2,2,static,42,44,4831,1,uniform,1,near_exit,6,26.251288073137403,149.61036271601915,0.8,12,14,"[1, 1, 0, 1, 1, 1, 1, 1, 1, 1, 0, 1, 1, 1]","{""0"": 1, ""1"": 1, ""2"": 0, ""3"": 1, ""4"": 1, ""5"": 1, ""6"": 1, ""7"": 1, ""8"": 1, ""9"": 1, ""10"": 0, ""11"": 1, ""12"": 1, ""13"": 1}",15,"[0.0, 0.0, 0.0, 0.0, 0.0, 0.0, 0.0, 0.0, 0.0, 0.0, 0.0, 0.0, 0.0, 0.0, 0.0]",0.0,0.0,0.0,0.0,0.0,0.0,0.0,0.0,0.0,0.0,0.0,0.0,0.0,0.0,0.0
static_3,3,static,42,45,5018,1,uniform,3,far_from_exit_and_main_road,2,135.2143654283136,374.6006386834197,0.8,14,14,"[1, 1, 1, 1, 1, 1, 1, 1, 1, 1, 1, 1, 1, 1]","{""0"": 1, ""1"": 1, ""2"": 1, ""3"": 1, ""4"": 1, ""5"": 1, ""6"": 1, ""7"": 1, ""8"": 1, ""9"": 1, ""10"": 1, ""11"": 1, ""12"": 1, ""13"": 1}",15,"[0.0, 0.0, 0.0, 0.0, 0.0, 0.0, 0.0, 0.0, 0.0, 0.0, 0.0, 0.0, 0.0, 0.0, 0.0]",0.0,0.0,0.0,0.0,0.0,0.0,0.0,0.0,0.0,0.0,0.0,0.0,0.0,0.0,0.0
static_4,4,static,42,46,5766,3,ring,2,near_main_road,16,134.70201228372753,258.9657045942731,0.8,9,14,"[0, 1, 1, 0, 1, 1, 1, 0, 1, 1, 1, 0, 0, 1]","{""0"": 0, ""1"": 1, ""2"": 1, ""3"": 0, ""4"": 1, ""5"": 1, ""6"": 1, ""7"": 0, ""8"": 1, ""9"": 1, ""10"": 1, ""11"": 0, ""12"": 0, ""13"": 1}",15,"[0.0, 0.0, 0.0, 0.0, 0.0, 0.0, 0.0, 0.0, 0.0, 0.0, 0.0, 0.0, 0.0, 0.0, 0.0]",0.0,0.0,0.0,0.0,0.0,0.0,0.0,0.0,0.0,0.0,0.0,0.0,0.0,0.0,0.0
static_5,5,static,42,47,5757,3,ring,1,near_exit,5,34.374810233712196,214.9597699600272,0.8,13,14,"[1, 1, 1, 1, 1, 1, 1, 1, 1, 1, 1, 0, 1, 1]","{""0"": 1, ""1"": 1, ""2"": 1, ""3"": 1, ""4"": 1, ""5"": 1, ""6"": 1, ""7"": 1, ""8"": 1, ""9"": 1, ""10"": 1, ""11"": 0, ""12"": 1, ""13"": 1}",15,"[0.0, 0.0, 0.0, 0.0, 0.0, 0.0, 0.0, 0.0, 0.0, 0.0, 0.0, 0.0, 0.0, 0.0, 0.0]",0.0,0.0,0.0,0.0,0.0,0.0,0.0,0.0,0.0,0.0,0.0,0.0,0.0,0.0,0.0
risk_01_1,1,risk_01,42,43,3777,2,center,3,far_from_exit_and_main_road,12,86.4655145779252,206.66192820994183,0.8,13,14,"[1, 1, 1, 1, 1, 1, 1, 1, 1, 1, 1, 0, 1, 1]","{""0"": 1, ""1"": 1, ""2"": 1, ""3"": 1, ""4"": 1, ""5"": 1, ""6"": 1, ""7"": 1, ""8"": 1, ""9"": 1, ""10"": 1, ""11"": 0, ""12"": 1, ""13"": 1}",15,"[0.0, 0.0, 0.0, 0.0, 0.0, 0.0, 0.0, 0.0, 0.0, 0.0, 0.0, 0.0, 0.0, 0.0, 0.0]",0.0,0.0,0.0,0.0,0.0,0.0,0.0,0.0,0.0,0.0,0.0,0.0,0.0,0.0,0.0
risk_01_2,2,risk_01,42,44,4831,1,uniform,1,near_exit,6,26.251288073137403,149.61036271601915,0.8,12,14,"[1, 1, 0, 1, 1, 1, 1, 1, 1, 1, 0, 1, 1, 1]","{""0"": 1, ""1"": 1, ""2"": 0, ""3"": 1, ""4"": 1, ""5"": 1, ""6"": 1, ""7"": 1, ""8"": 1, ""9"": 1, ""10"": 0, ""11"": 1, ""12"": 1, ""13"": 1}",15,"[0.0, 0.0, 0.0, 0.0, 0.0, 0.0, 0.0, 0.0, 0.0, 0.0, 0.0, 0.0, 0.0, 0.0, 0.0]",0.0,0.0,0.0,0.0,0.0,0.0,0.0,0.0,0.0,0.0,0.0,0.0,0.0,0.0,0.0
risk_01_3,3,risk_01,42,45,5018,1,uniform,3,far_from_exit_and_main_road,2,135.2143654283136,374.6006386834197,0.8,14,14,"[1, 1, 1, 1, 1, 1, 1, 1, 1, 1, 1, 1, 1, 1]","{""0"": 1, ""1"": 1, ""2"": 1, ""3"": 1, ""4"": 1, ""5"": 1, ""6"": 1, ""7"": 1, ""8"": 1, ""9"": 1, ""10"": 1, ""11"": 1, ""12"": 1, ""13"": 1}",15,"[0.0, 0.0, 0.0, 0.0, 0.0, 0.0, 0.0, 0.0, 0.0, 0.0, 0.0, 0.0, 0.0, 0.0, 0.0]",0.0,0.0,0.0,0.0,0.0,0.0,0.0,0.0,0.0,0.0,0.0,0.0,0.0,0.0,0.0
risk_01_4,4,risk_01,42,46,5766,3,ring,2,near_main_road,16,134.70201228372753,258.9657045942731,0.8,9,14,"[0, 1, 1, 0, 1, 1, 1, 0, 1, 1, 1, 0, 0, 1]","{""0"": 0, ""1"": 1, ""2"": 1, ""3"": 0, ""4"": 1, ""5"": 1, ""6"": 1, ""7"": 0, ""8"": 1, ""9"": 1, ""10"": 1, ""11"": 0, ""12"": 0, ""13"": 1}",15,"[0.0, 0.0, 0.0, 0.0, 0.0, 0.0, 0.0, 0.0, 0.0, 0.0, 0.0, 0.0, 0.0, 0.0, 0.0]",0.0,0.0,0.0,0.0,0.0,0.0,0.0,0.0,0.0,0.0,0.0,0.0,0.0,0.0,0.0
risk_01_5,5,risk_01,42,47,5757,3,ring,1,near_exit,5,34.374810233712196,214.9597699600272,0.8,13,14,"[1, 1, 1, 1, 1, 1, 1, 1, 1, 1, 1, 0, 1, 1]","{""0"": 1, ""1"": 1, ""2"": 1, ""3"": 1, ""4"": 1, ""5"": 1, ""6"": 1, ""7"": 1, ""8"": 1, ""9"": 1, ""10"": 1, ""11"": 0, ""12"": 1, ""13"": 1}",15,"[0.0, 0.0, 0.0, 0.0, 0.0, 0.0, 0.0, 0.0, 0.0, 0.0, 0.0, 0.0, 0.0, 0.0, 0.0]",0.0,0.0,0.0,0.0,0.0,0.0,0.0,0.0,0.0,0.0,0.0,0.0,0.0,0.0,0.0
static_1,1,static,42,43,3777,2,center,3,far_from_exit_and_main_road,12,86.4655145779252,206.66192820994183,0.8,13,14,"[1, 1, 1, 1, 1, 1, 1, 1, 1, 1, 1, 0, 1, 1]","{""0"": 1, ""1"": 1, ""2"": 1, ""3"": 1, ""4"": 1, ""5"": 1, ""6"": 1, ""7"": 1, ""8"": 1, ""9"": 1, ""10"": 1, ""11"": 0, ""12"": 1, ""13"": 1}",15,"[0.0, 0.0, 0.0, 0.0, 0.0, 0.0, 0.0, 0.0, 0.0, 0.0, 0.0, 0.0, 0.0, 0.0, 0.0]",0.0,0.0,0.0,0.0,0.0,0.0,0.0,0.0,0.0,0.0,0.0,0.0,0.0,0.0,0.0
static_2,2,static,42,44,4831,1,uniform,1,near_exit,6,26.251288073137403,149.61036271601915,0.8,12,14,"[1, 1, 0, 1, 1, 1, 1, 1, 1, 1, 0, 1, 1, 1]","{""0"": 1, ""1"": 1, ""2"": 0, ""3"": 1, ""4"": 1, ""5"": 1, ""6"": 1, ""7"": 1, ""8"": 1, ""9"": 1, ""10"": 0, ""11"": 1, ""12"": 1, ""13"": 1}",15,"[0.0, 0.0, 0.0, 0.0, 0.0, 0.0, 0.0, 0.0, 0.0, 0.0, 0.0, 0.0, 0.0, 0.0, 0.0]",0.0,0.0,0.0,0.0,0.0,0.0,0.0,0.0,0.0,0.0,0.0,0.0,0.0,0.0,0.0
static_3,3,static,42,45,5018,1,uniform,3,far_from_exit_and_main_road,2,135.2143654283136,374.6006386834197,0.8,14,14,"[1, 1, 1, 1, 1, 1, 1, 1, 1, 1, 1, 1, 1, 1]","{""0"": 1, ""1"": 1, ""2"": 1, ""3"": 1, ""4"": 1, ""5"": 1, ""6"": 1, ""7"": 1, ""8"": 1, ""9"": 1, ""10"": 1, ""11"": 1, ""12"": 1, ""13"": 1}",15,"[0.0, 0.0, 0.0, 0.0, 0.0, 0.0, 0.0, 0.0, 0.0, 0.0, 0.0, 0.0, 0.0, 0.0, 0.0]",0.0,0.0,0.0,0.0,0.0,0.0,0.0,0.0,0.0,0.0,0.0,0.0,0.0,0.0,0.0
static_4,4,static,42,46,5766,3,ring,2,near_main_road,16,134.70201228372753,258.9657045942731,0.8,9,14,"[0, 1, 1, 0, 1, 1, 1, 0, 1, 1, 1, 0, 0, 1]","{""0"": 0, ""1"": 1, ""2"": 1, ""3"": 0, ""4"": 1, ""5"": 1, ""6"": 1, ""7"": 0, ""8"": 1, ""9"": 1, ""10"": 1, ""11"": 0, ""12"": 0, ""13"": 1}",15,"[0.0, 0.0, 0.0, 0.0, 0.0, 0.0, 0.0, 0.0, 0.0, 0.0, 0.0, 0.0, 0.0, 0.0, 0.0]",0.0,0.0,0.0,0.0,0.0,0.0,0.0,0.0,0.0,0.0,0.0,0.0,0.0,0.0,0.0
static_5,5,static,42,47,5757,3,ring,1,near_exit,5,34.374810233712196,214.9597699600272,0.8,13,14,"[1, 1, 1, 1, 1, 1, 1, 1, 1, 1, 1, 0, 1, 1]","{""0"": 1, ""1"": 1, ""2"": 1, ""3"": 1, ""4"": 1, ""5"": 1, ""6"": 1, ""7"": 1, ""8"": 1, ""9"": 1, ""10"": 1, ""11"": 0, ""12"": 1, ""13"": 1}",15,"[0.0, 0.0, 0.0, 0.0, 0.0, 0.0, 0.0, 0.0, 0.0, 0.0, 0.0, 0.0, 0.0, 0.0, 0.0]",0.0,0.0,0.0,0.0,0.0,0.0,0.0,0.0,0.0,0.0,0.0,0.0,0.0,0.0,0.0
density_1,1,density,42,43,3777,2,center,3,far_from_exit_and_main_road,12,86.4655145779252,206.66192820994183,0.8,13,14,"[1, 1, 1, 1, 1, 1, 1, 1, 1, 1, 1, 0, 1, 1]","{""0"": 1, ""1"": 1, ""2"": 1, ""3"": 1, ""4"": 1, ""5"": 1, ""6"": 1, ""7"": 1, ""8"": 1, ""9"": 1, ""10"": 1, ""11"": 0, ""12"": 1, ""13"": 1}",15,"[0.0, 0.0, 0.0, 0.0, 0.0, 0.0, 0.0, 0.0, 0.0, 0.0, 0.0, 0.0, 0.0, 0.0, 0.0]",0.0,0.0,0.0,0.0,0.0,0.0,0.0,0.0,0.0,0.0,0.0,0.0,0.0,0.0,0.0
density_2,2,density,42,44,4831,1,uniform,1,near_exit,6,26.251288073137403,149.61036271601915,0.8,12,14,"[1, 1, 0, 1, 1, 1, 1, 1, 1, 1, 0, 1, 1, 1]","{""0"": 1, ""1"": 1, ""2"": 0, ""3"": 1, ""4"": 1, ""5"": 1, ""6"": 1, ""7"": 1, ""8"": 1, ""9"": 1, ""10"": 0, ""11"": 1, ""12"": 1, ""13"": 1}",15,"[0.0, 0.0, 0.0, 0.0, 0.0, 0.0, 0.0, 0.0, 0.0, 0.0, 0.0, 0.0, 0.0, 0.0, 0.0]",0.0,0.0,0.0,0.0,0.0,0.0,0.0,0.0,0.0,0.0,0.0,0.0,0.0,0.0,0.0
density_3,3,density,42,45,5018,1,uniform,3,far_from_exit_and_main_road,2,135.2143654283136,374.6006386834197,0.8,14,14,"[1, 1, 1, 1, 1, 1, 1, 1, 1, 1, 1, 1, 1, 1]","{""0"": 1, ""1"": 1, ""2"": 1, ""3"": 1, ""4"": 1, ""5"": 1, ""6"": 1, ""7"": 1, ""8"": 1, ""9"": 1, ""10"": 1, ""11"": 1, ""12"": 1, ""13"": 1}",15,"[0.0, 0.0, 0.0, 0.0, 0.0, 0.0, 0.0, 0.0, 0.0, 0.0, 0.0, 0.0, 0.0, 0.0, 0.0]",0.0,0.0,0.0,0.0,0.0,0.0,0.0,0.0,0.0,0.0,0.0,0.0,0.0,0.0,0.0
density_4,4,density,42,46,5766,3,ring,2,near_main_road,16,134.70201228372753,258.9657045942731,0.8,9,14,"[0, 1, 1, 0, 1, 1, 1, 0, 1, 1, 1, 0, 0, 1]","{""0"": 0, ""1"": 1, ""2"": 1, ""3"": 0, ""4"": 1, ""5"": 1, ""6"": 1, ""7"": 0, ""8"": 1, ""9"": 1, ""10"": 1, ""11"": 0, ""12"": 0, ""13"": 1}",15,"[0.0, 0.0, 0.0, 0.0, 0.0, 0.0, 0.0, 0.0, 0.0, 0.0, 0.0, 0.0, 0.0, 0.0, 0.0]",0.0,0.0,0.0,0.0,0.0,0.0,0.0,0.0,0.0,0.0,0.0,0.0,0.0,0.0,0.0
density_5,5,density,42,47,5757,3,ring,1,near_exit,5,34.374810233712196,214.9597699600272,0.8,13,14,"[1, 1, 1, 1, 1, 1, 1, 1, 1, 1, 1, 0, 1, 1]","{""0"": 1, ""1"": 1, ""2"": 1, ""3"": 1, ""4"": 1, ""5"": 1, ""6"": 1, ""7"": 1, ""8"": 1, ""9"": 1, ""10"": 1, ""11"": 0, ""12"": 1, ""13"": 1}",15,"[0.0, 0.0, 0.0, 0.0, 0.0, 0.0, 0.0, 0.0, 0.0, 0.0, 0.0, 0.0, 0.0, 0.0, 0.0]",0.0,0.0,0.0,0.0,0.0,0.0,0.0,0.0,0.0,0.0,0.0,0.0,0.0,0.0,0.0
static_1,1,static,42,43,3777,2,center,3,far_from_exit_and_main_road,12,86.4655145779252,206.66192820994183,0.8,13,14,"[1, 1, 1, 1, 1, 1, 1, 1, 1, 1, 1, 0, 1, 1]","{""0"": 1, ""1"": 1, ""2"": 1, ""3"": 1, ""4"": 1, ""5"": 1, ""6"": 1, ""7"": 1, ""8"": 1, ""9"": 1, ""10"": 1, ""11"": 0, ""12"": 1, ""13"": 1}",15,"[0.0, 0.0, 0.0, 0.0, 0.0, 0.0, 0.0, 0.0, 0.0, 0.0, 0.0, 0.0, 0.0, 0.0, 0.0]",0.0,0.0,0.0,0.0,0.0,0.0,0.0,0.0,0.0,0.0,0.0,0.0,0.0,0.0,0.0
static_2,2,static,42,44,4831,1,uniform,1,near_exit,6,26.251288073137403,149.61036271601915,0.8,12,14,"[1, 1, 0, 1, 1, 1, 1, 1, 1, 1, 0, 1, 1, 1]","{""0"": 1, ""1"": 1, ""2"": 0, ""3"": 1, ""4"": 1, ""5"": 1, ""6"": 1, ""7"": 1, ""8"": 1, ""9"": 1, ""10"": 0, ""11"": 1, ""12"": 1, ""13"": 1}",15,"[0.0, 0.0, 0.0, 0.0, 0.0, 0.0, 0.0, 0.0, 0.0, 0.0, 0.0, 0.0, 0.0, 0.0, 0.0]",0.0,0.0,0.0,0.0,0.0,0.0,0.0,0.0,0.0,0.0,0.0,0.0,0.0,0.0,0.0
static_3,3,static,42,45,5018,1,uniform,3,far_from_exit_and_main_road,2,135.2143654283136,374.6006386834197,0.8,14,14,"[1, 1, 1, 1, 1, 1, 1, 1, 1, 1, 1, 1, 1, 1]","{""0"": 1, ""1"": 1, ""2"": 1, ""3"": 1, ""4"": 1, ""5"": 1, ""6"": 1, ""7"": 1, ""8"": 1, ""9"": 1, ""10"": 1, ""11"": 1, ""12"": 1, ""13"": 1}",15,"[0.0, 0.0, 0.0, 0.0, 0.0, 0.0, 0.0, 0.0, 0.0, 0.0, 0.0, 0.0, 0.0, 0.0, 0.0]",0.0,0.0,0.0,0.0,0.0,0.0,0.0,0.0,0.0,0.0,0.0,0.0,0.0,0.0,0.0
static_4,4,static,42,46,5766,3,ring,2,near_main_road,16,134.70201228372753,258.9657045942731,0.8,9,14,"[0, 1, 1, 0, 1, 1, 1, 0, 1, 1, 1, 0, 0, 1]","{""0"": 0, ""1"": 1, ""2"": 1, ""3"": 0, ""4"": 1, ""5"": 1, ""6"": 1, ""7"": 0, ""8"": 1, ""9"": 1, ""10"": 1, ""11"": 0, ""12"": 0, ""13"": 1}",15,"[0.0, 0.0, 0.0, 0.0, 0.0, 0.0, 0.0, 0.0, 0.0, 0.0, 0.0, 0.0, 0.0, 0.0, 0.0]",0.0,0.0,0.0,0.0,0.0,0.0,0.0,0.0,0.0,0.0,0.0,0.0,0.0,0.0,0.0
static_5,5,static,42,47,5757,3,ring,1,near_exit,5,34.374810233712196,214.9597699600272,0.8,13,14,"[1, 1, 1, 1, 1, 1, 1, 1, 1, 1, 1, 0, 1, 1]","{""0"": 1, ""1"": 1, ""2"": 1, ""3"": 1, ""4"": 1, ""5"": 1, ""6"": 1, ""7"": 1, ""8"": 1, ""9"": 1, ""10"": 1, ""11"": 0, ""12"": 1, ""13"": 1}",15,"[0.0, 0.0, 0.0, 0.0, 0.0, 0.0, 0.0, 0.0, 0.0, 0.0, 0.0, 0.0, 0.0, 0.0, 0.0]",0.0,0.0,0.0,0.0,0.0,0.0,0.0,0.0,0.0,0.0,0.0,0.0,0.0,0.0,0.0
static_1,1,static,42,43,3777,2,center,3,far_from_exit_and_main_road,12,86.4655145779252,206.66192820994183,0.8,13,14,"[1, 1, 1, 1, 1, 1, 1, 1, 1, 1, 1, 0, 1, 1]","{""0"": 1, ""1"": 1, ""2"": 1, ""3"": 1, ""4"": 1, ""5"": 1, ""6"": 1, ""7"": 1, ""8"": 1, ""9"": 1, ""10"": 1, ""11"": 0, ""12"": 1, ""13"": 1}",15,"[0.0, 0.0, 0.0, 0.0, 0.0, 0.0, 0.0, 0.0, 0.0, 0.0, 0.0, 0.0, 0.0, 0.0, 0.0]",0.0,0.0,0.0,0.0,0.0,0.0,0.0,0.0,0.0,0.0,0.0,0.0,0.0,0.0,0.0
static_2,2,static,42,44,4831,1,uniform,1,near_exit,6,26.251288073137403,149.61036271601915,0.8,12,14,"[1, 1, 0, 1, 1, 1, 1, 1, 1, 1, 0, 1, 1, 1]","{""0"": 1, ""1"": 1, ""2"": 0, ""3"": 1, ""4"": 1, ""5"": 1, ""6"": 1, ""7"": 1, ""8"": 1, ""9"": 1, ""10"": 0, ""11"": 1, ""12"": 1, ""13"": 1}",15,"[0.0, 0.0, 0.0, 0.0, 0.0, 0.0, 0.0, 0.0, 0.0, 0.0, 0.0, 0.0, 0.0, 0.0, 0.0]",0.0,0.0,0.0,0.0,0.0,0.0,0.0,0.0,0.0,0.0,0.0,0.0,0.0,0.0,0.0
static_3,3,static,42,45,5018,1,uniform,3,far_from_exit_and_main_road,2,135.2143654283136,374.6006386834197,0.8,14,14,"[1, 1, 1, 1, 1, 1, 1, 1, 1, 1, 1, 1, 1, 1]","{""0"": 1, ""1"": 1, ""2"": 1, ""3"": 1, ""4"": 1, ""5"": 1, ""6"": 1, ""7"": 1, ""8"": 1, ""9"": 1, ""10"": 1, ""11"": 1, ""12"": 1, ""13"": 1}",15,"[0.0, 0.0, 0.0, 0.0, 0.0, 0.0, 0.0, 0.0, 0.0, 0.0, 0.0, 0.0, 0.0, 0.0, 0.0]",0.0,0.0,0.0,0.0,0.0,0.0,0.0,0.0,0.0,0.0,0.0,0.0,0.0,0.0,0.0
static_4,4,static,42,46,5766,3,ring,2,near_main_road,16,134.70201228372753,258.9657045942731,0.8,9,14,"[0, 1, 1, 0, 1, 1, 1, 0, 1, 1, 1, 0, 0, 1]","{""0"": 0, ""1"": 1, ""2"": 1, ""3"": 0, ""4"": 1, ""5"": 1, ""6"": 1, ""7"": 0, ""8"": 1, ""9"": 1, ""10"": 1, ""11"": 0, ""12"": 0, ""13"": 1}",15,"[0.0, 0.0, 0.0, 0.0, 0.0, 0.0, 0.0, 0.0, 0.0, 0.0, 0.0, 0.0, 0.0, 0.0, 0.0]",0.0,0.0,0.0,0.0,0.0,0.0,0.0,0.0,0.0,0.0,0.0,0.0,0.0,0.0,0.0
static_5,5,static,42,47,5757,3,ring,1,near_exit,5,34.374810233712196,214.9597699600272,0.8,13,14,"[1, 1, 1, 1, 1, 1, 1, 1, 1, 1, 1, 0, 1, 1]","{""0"": 1, ""1"": 1, ""2"": 1, ""3"": 1, ""4"": 1, ""5"": 1, ""6"": 1, ""7"": 1, ""8"": 1, ""9"": 1, ""10"": 1, ""11"": 0, ""12"": 1, ""13"": 1}",15,"[0.0, 0.0, 0.0, 0.0, 0.0, 0.0, 0.0, 0.0, 0.0, 0.0, 0.0, 0.0, 0.0, 0.0, 0.0]",0.0,0.0,0.0,0.0,0.0,0.0,0.0,0.0,0.0,0.0,0.0,0.0,0.0,0.0,0.0
static_1,1,static,42,43,3777,2,center,3,far_from_exit_and_main_road,12,86.4655145779252,206.66192820994183,0.8,13,14,"[1, 1, 1, 1, 1, 1, 1, 1, 1, 1, 1, 0, 1, 1]","{""0"": 1, ""1"": 1, ""2"": 1, ""3"": 1, ""4"": 1, ""5"": 1, ""6"": 1, ""7"": 1, ""8"": 1, ""9"": 1, ""10"": 1, ""11"": 0, ""12"": 1, ""13"": 1}",15,"[0.0, 0.0, 0.0, 0.0, 0.0, 0.0, 0.0, 0.0, 0.0, 0.0, 0.0, 0.0, 0.0, 0.0, 0.0]",0.0,0.0,0.0,0.0,0.0,0.0,0.0,0.0,0.0,0.0,0.0,0.0,0.0,0.0,0.0
static_2,2,static,42,44,4831,1,uniform,1,near_exit,6,26.251288073137403,149.61036271601915,0.8,12,14,"[1, 1, 0, 1, 1, 1, 1, 1, 1, 1, 0, 1, 1, 1]","{""0"": 1, ""1"": 1, ""2"": 0, ""3"": 1, ""4"": 1, ""5"": 1, ""6"": 1, ""7"": 1, ""8"": 1, ""9"": 1, ""10"": 0, ""11"": 1, ""12"": 1, ""13"": 1}",15,"[0.0, 0.0, 0.0, 0.0, 0.0, 0.0, 0.0, 0.0, 0.0, 0.0, 0.0, 0.0, 0.0, 0.0, 0.0]",0.0,0.0,0.0,0.0,0.0,0.0,0.0,0.0,0.0,0.0,0.0,0.0,0.0,0.0,0.0
static_3,3,static,42,45,5018,1,uniform,3,far_from_exit_and_main_road,2,135.2143654283136,374.6006386834197,0.8,14,14,"[1, 1, 1, 1, 1, 1, 1, 1, 1, 1, 1, 1, 1, 1]","{""0"": 1, ""1"": 1, ""2"": 1, ""3"": 1, ""4"": 1, ""5"": 1, ""6"": 1, ""7"": 1, ""8"": 1, ""9"": 1, ""10"": 1, ""11"": 1, ""12"": 1, ""13"": 1}",15,"[0.0, 0.0, 0.0, 0.0, 0.0, 0.0, 0.0, 0.0, 0.0, 0.0, 0.0, 0.0, 0.0, 0.0, 0.0]",0.0,0.0,0.0,0.0,0.0,0.0,0.0,0.0,0.0,0.0,0.0,0.0,0.0,0.0,0.0
static_4,4,static,42,46,5766,3,ring,2,near_main_road,16,134.70201228372753,258.9657045942731,0.8,9,14,"[0, 1, 1, 0, 1, 1, 1, 0, 1, 1, 1, 0, 0, 1]","{""0"": 0, ""1"": 1, ""2"": 1, ""3"": 0, ""4"": 1, ""5"": 1, ""6"": 1, ""7"": 0, ""8"": 1, ""9"": 1, ""10"": 1, ""11"": 0, ""12"": 0, ""13"": 1}",15,"[0.0, 0.0, 0.0, 0.0, 0.0, 0.0, 0.0, 0.0, 0.0, 0.0, 0.0, 0.0, 0.0, 0.0, 0.0]",0.0,0.0,0.0,0.0,0.0,0.0,0.0,0.0,0.0,0.0,0.0,0.0,0.0,0.0,0.0
static_5,5,static,42,47,5757,3,ring,1,near_exit,5,34.374810233712196,214.9597699600272,0.8,13,14,"[1, 1, 1, 1, 1, 1, 1, 1, 1, 1, 1, 0, 1, 1]","{""0"": 1, ""1"": 1, ""2"": 1, ""3"": 1, ""4"": 1, ""5"": 1, ""6"": 1, ""7"": 1, ""8"": 1, ""9"": 1, ""10"": 1, ""11"": 0, ""12"": 1, ""13"": 1}",15,"[0.0, 0.0, 0.0, 0.0, 0.0, 0.0, 0.0, 0.0, 0.0, 0.0, 0.0, 0.0, 0.0, 0.0, 0.0]",0.0,0.0,0.0,0.0,0.0,0.0,0.0,0.0,0.0,0.0,0.0,0.0,0.0,0.0,0.0
density_1,1,density,42,43,3777,2,center,3,far_from_exit_and_main_road,12,86.4655145779252,206.66192820994183,0.8,13,14,"[1, 1, 1, 1, 1, 1, 1, 1, 1, 1, 1, 0, 1, 1]","{""0"": 1, ""1"": 1, ""2"": 1, ""3"": 1, ""4"": 1, ""5"": 1, ""6"": 1, ""7"": 1, ""8"": 1, ""9"": 1, ""10"": 1, ""11"": 0, ""12"": 1, ""13"": 1}",15,"[0.0, 0.0, 0.0, 0.0, 0.0, 0.0, 0.0, 0.0, 0.0, 0.0, 0.0, 0.0, 0.0, 0.0, 0.0]",0.0,0.0,0.0,0.0,0.0,0.0,0.0,0.0,0.0,0.0,0.0,0.0,0.0,0.0,0.0
density_2,2,density,42,44,4831,1,uniform,1,near_exit,6,26.251288073137403,149.61036271601915,0.8,12,14,"[1, 1, 0, 1, 1, 1, 1, 1, 1, 1, 0, 1, 1, 1]","{""0"": 1, ""1"": 1, ""2"": 0, ""3"": 1, ""4"": 1, ""5"": 1, ""6"": 1, ""7"": 1, ""8"": 1, ""9"": 1, ""10"": 0, ""11"": 1, ""12"": 1, ""13"": 1}",15,"[0.0, 0.0, 0.0, 0.0, 0.0, 0.0, 0.0, 0.0, 0.0, 0.0, 0.0, 0.0, 0.0, 0.0, 0.0]",0.0,0.0,0.0,0.0,0.0,0.0,0.0,0.0,0.0,0.0,0.0,0.0,0.0,0.0,0.0
density_3,3,density,42,45,5018,1,uniform,3,far_from_exit_and_main_road,2,135.2143654283136,374.6006386834197,0.8,14,14,"[1, 1, 1, 1, 1, 1, 1, 1, 1, 1, 1, 1, 1, 1]","{""0"": 1, ""1"": 1, ""2"": 1, ""3"": 1, ""4"": 1, ""5"": 1, ""6"": 1, ""7"": 1, ""8"": 1, ""9"": 1, ""10"": 1, ""11"": 1, ""12"": 1, ""13"": 1}",15,"[0.0, 0.0, 0.0, 0.0, 0.0, 0.0, 0.0, 0.0, 0.0, 0.0, 0.0, 0.0, 0.0, 0.0, 0.0]",0.0,0.0,0.0,0.0,0.0,0.0,0.0,0.0,0.0,0.0,0.0,0.0,0.0,0.0,0.0
density_4,4,density,42,46,5766,3,ring,2,near_main_road,16,134.70201228372753,258.9657045942731,0.8,9,14,"[0, 1, 1, 0, 1, 1, 1, 0, 1, 1, 1, 0, 0, 1]","{""0"": 0, ""1"": 1, ""2"": 1, ""3"": 0, ""4"": 1, ""5"": 1, ""6"": 1, ""7"": 0, ""8"": 1, ""9"": 1, ""10"": 1, ""11"": 0, ""12"": 0, ""13"": 1}",15,"[0.0, 0.0, 0.0, 0.0, 0.0, 0.0, 0.0, 0.0, 0.0, 0.0, 0.0, 0.0, 0.0, 0.0, 0.0]",0.0,0.0,0.0,0.0,0.0,0.0,0.0,0.0,0.0,0.0,0.0,0.0,0.0,0.0,0.0
density_5,5,density,42,47,5757,3,ring,1,near_exit,5,34.374810233712196,214.9597699600272,0.8,13,14,"[1, 1, 1, 1, 1, 1, 1, 1, 1, 1, 1, 0, 1, 1]","{""0"": 1, ""1"": 1, ""2"": 1, ""3"": 1, ""4"": 1, ""5"": 1, ""6"": 1, ""7"": 1, ""8"": 1, ""9"": 1, ""10"": 1, ""11"": 0, ""12"": 1, ""13"": 1}",15,"[0.0, 0.0, 0.0, 0.0, 0.0, 0.0, 0.0, 0.0, 0.0, 0.0, 0.0, 0.0, 0.0, 0.0, 0.0]",0.0,0.0,0.0,0.0,0.0,0.0,0.0,0.0,0.0,0.0,0.0,0.0,0.0,0.0,0.0
risk_01_1,1,risk_01,42,43,3777,2,center,3,far_from_exit_and_main_road,12,86.4655145779252,206.66192820994183,0.8,13,14,"[1, 1, 1, 1, 1, 1, 1, 1, 1, 1, 1, 0, 1, 1]","{""0"": 1, ""1"": 1, ""2"": 1, ""3"": 1, ""4"": 1, ""5"": 1, ""6"": 1, ""7"": 1, ""8"": 1, ""9"": 1, ""10"": 1, ""11"": 0, ""12"": 1, ""13"": 1}",15,"[0.0, 0.0, 0.0, 0.0, 0.0, 0.0, 0.0, 0.0, 0.0, 0.0, 0.0, 0.0, 0.0, 0.0, 0.0]",0.0,0.0,0.0,0.0,0.0,0.0,0.0,0.0,0.0,0.0,0.0,0.0,0.0,0.0,0.0
risk_01_2,2,risk_01,42,44,4831,1,uniform,1,near_exit,6,26.251288073137403,149.61036271601915,0.8,12,14,"[1, 1, 0, 1, 1, 1, 1, 1, 1, 1, 0, 1, 1, 1]","{""0"": 1, ""1"": 1, ""2"": 0, ""3"": 1, ""4"": 1, ""5"": 1, ""6"": 1, ""7"": 1, ""8"": 1, ""9"": 1, ""10"": 0, ""11"": 1, ""12"": 1, ""13"": 1}",15,"[0.0, 0.0, 0.0, 0.0, 0.0, 0.0, 0.0, 0.0, 0.0, 0.0, 0.0, 0.0, 0.0, 0.0, 0.0]",0.0,0.0,0.0,0.0,0.0,0.0,0.0,0.0,0.0,0.0,0.0,0.0,0.0,0.0,0.0
risk_01_3,3,risk_01,42,45,5018,1,uniform,3,far_from_exit_and_main_road,2,135.2143654283136,374.6006386834197,0.8,14,14,"[1, 1, 1, 1, 1, 1, 1, 1, 1, 1, 1, 1, 1, 1]","{""0"": 1, ""1"": 1, ""2"": 1, ""3"": 1, ""4"": 1, ""5"": 1, ""6"": 1, ""7"": 1, ""8"": 1, ""9"": 1, ""10"": 1, ""11"": 1, ""12"": 1, ""13"": 1}",15,"[0.0, 0.0, 0.0, 0.0, 0.0, 0.0, 0.0, 0.0, 0.0, 0.0, 0.0, 0.0, 0.0, 0.0, 0.0]",0.0,0.0,0.0,0.0,0.0,0.0,0.0,0.0,0.0,0.0,0.0,0.0,0.0,0.0,0.0
risk_01_4,4,risk_01,42,46,5766,3,ring,2,near_main_road,16,134.70201228372753,258.9657045942731,0.8,9,14,"[0, 1, 1, 0, 1, 1, 1, 0, 1, 1, 1, 0, 0, 1]","{""0"": 0, ""1"": 1, ""2"": 1, ""3"": 0, ""4"": 1, ""5"": 1, ""6"": 1, ""7"": 0, ""8"": 1, ""9"": 1, ""10"": 1, ""11"": 0, ""12"": 0, ""13"": 1}",15,"[0.0, 0.0, 0.0, 0.0, 0.0, 0.0, 0.0, 0.0, 0.0, 0.0, 0.0, 0.0, 0.0, 0.0, 0.0]",0.0,0.0,0.0,0.0,0.0,0.0,0.0,0.0,0.0,0.0,0.0,0.0,0.0,0.0,0.0
risk_01_5,5,risk_01,42,47,5757,3,ring,1,near_exit,5,34.374810233712196,214.9597699600272,0.8,13,14,"[1, 1, 1, 1, 1, 1, 1, 1, 1, 1, 1, 0, 1, 1]","{""0"": 1, ""1"": 1, ""2"": 1, ""3"": 1, ""4"": 1, ""5"": 1, ""6"": 1, ""7"": 1, ""8"": 1, ""9"": 1, ""10"": 1, ""11"": 0, ""12"": 1, ""13"": 1}",15,"[0.0, 0.0, 0.0, 0.0, 0.0, 0.0, 0.0, 0.0, 0.0, 0.0, 0.0, 0.0, 0.0, 0.0, 0.0]",0.0,0.0,0.0,0.0,0.0,0.0,0.0,0.0,0.0,0.0,0.0,0.0,0.0,0.0,0.0
risk_05_1,1,risk_05,42,43,3777,2,center,3,far_from_exit_and_main_road,12,86.4655145779252,206.66192820994183,0.8,13,14,"[1, 1, 1, 1, 1, 1, 1, 1, 1, 1, 1, 0, 1, 1]","{""0"": 1, ""1"": 1, ""2"": 1, ""3"": 1, ""4"": 1, ""5"": 1, ""6"": 1, ""7"": 1, ""8"": 1, ""9"": 1, ""10"": 1, ""11"": 0, ""12"": 1, ""13"": 1}",15,"[0.0, 0.0, 0.0, 0.0, 0.0, 0.0, 0.0, 0.0, 0.0, 0.0, 0.0, 0.0, 0.0, 0.0, 0.0]",0.0,0.0,0.0,0.0,0.0,0.0,0.0,0.0,0.0,0.0,0.0,0.0,0.0,0.0,0.0
risk_05_2,2,risk_05,42,44,4831,1,uniform,1,near_exit,6,26.251288073137403,149.61036271601915,0.8,12,14,"[1, 1, 0, 1, 1, 1, 1, 1, 1, 1, 0, 1, 1, 1]","{""0"": 1, ""1"": 1, ""2"": 0, ""3"": 1, ""4"": 1, ""5"": 1, ""6"": 1, ""7"": 1, ""8"": 1, ""9"": 1, ""10"": 0, ""11"": 1, ""12"": 1, ""13"": 1}",15,"[0.0, 0.0, 0.0, 0.0, 0.0, 0.0, 0.0, 0.0, 0.0, 0.0, 0.0, 0.0, 0.0, 0.0, 0.0]",0.0,0.0,0.0,0.0,0.0,0.0,0.0,0.0,0.0,0.0,0.0,0.0,0.0,0.0,0.0
risk_05_3,3,risk_05,42,45,5018,1,uniform,3,far_from_exit_and_main_road,2,135.2143654283136,374.6006386834197,0.8,14,14,"[1, 1, 1, 1, 1, 1, 1, 1, 1, 1, 1, 1, 1, 1]","{""0"": 1, ""1"": 1, ""2"": 1, ""3"": 1, ""4"": 1, ""5"": 1, ""6"": 1, ""7"": 1, ""8"": 1, ""9"": 1, ""10"": 1, ""11"": 1, ""12"": 1, ""13"": 1}",15,"[0.0, 0.0, 0.0, 0.0, 0.0, 0.0, 0.0, 0.0, 0.0, 0.0, 0.0, 0.0, 0.0, 0.0, 0.0]",0.0,0.0,0.0,0.0,0.0,0.0,0.0,0.0,0.0,0.0,0.0,0.0,0.0,0.0,0.0
risk_05_4,4,risk_05,42,46,5766,3,ring,2,near_main_road,16,134.70201228372753,258.9657045942731,0.8,9,14,"[0, 1, 1, 0, 1, 1, 1, 0, 1, 1, 1, 0, 0, 1]","{""0"": 0, ""1"": 1, ""2"": 1, ""3"": 0, ""4"": 1, ""5"": 1, ""6"": 1, ""7"": 0, ""8"": 1, ""9"": 1, ""10"": 1, ""11"": 0, ""12"": 0, ""13"": 1}",15,"[0.0, 0.0, 0.0, 0.0, 0.0, 0.0, 0.0, 0.0, 0.0, 0.0, 0.0, 0.0, 0.0, 0.0, 0.0]",0.0,0.0,0.0,0.0,0.0,0.0,0.0,0.0,0.0,0.0,0.0,0.0,0.0,0.0,0.0
risk_05_5,5,risk_05,42,47,5757,3,ring,1,near_exit,5,34.374810233712196,214.9597699600272,0.8,13,14,"[1, 1, 1, 1, 1, 1, 1, 1, 1, 1, 1, 0, 1, 1]","{""0"": 1, ""1"": 1, ""2"": 1, ""3"": 1, ""4"": 1, ""5"": 1, ""6"": 1, ""7"": 1, ""8"": 1, ""9"": 1, ""10"": 1, ""11"": 0, ""12"": 1, ""13"": 1}",15,"[0.0, 0.0, 0.0, 0.0, 0.0, 0.0, 0.0, 0.0, 0.0, 0.0, 0.0, 0.0, 0.0, 0.0, 0.0]",0.0,0.0,0.0,0.0,0.0,0.0,0.0,0.0,0.0,0.0,0.0,0.0,0.0,0.0,0.0
risk_10_1,1,risk_10,42,43,3777,2,center,3,far_from_exit_and_main_road,12,86.4655145779252,206.66192820994183,0.8,13,14,"[1, 1, 1, 1, 1, 1, 1, 1, 1, 1, 1, 0, 1, 1]","{""0"": 1, ""1"": 1, ""2"": 1, ""3"": 1, ""4"": 1, ""5"": 1, ""6"": 1, ""7"": 1, ""8"": 1, ""9"": 1, ""10"": 1, ""11"": 0, ""12"": 1, ""13"": 1}",15,"[0.0, 0.0, 0.0, 0.0, 0.0, 0.0, 0.0, 0.0, 0.0, 0.0, 0.0, 0.0, 0.0, 0.0, 0.0]",0.0,0.0,0.0,0.0,0.0,0.0,0.0,0.0,0.0,0.0,0.0,0.0,0.0,0.0,0.0
risk_10_2,2,risk_10,42,44,4831,1,uniform,1,near_exit,6,26.251288073137403,149.61036271601915,0.8,12,14,"[1, 1, 0, 1, 1, 1, 1, 1, 1, 1, 0, 1, 1, 1]","{""0"": 1, ""1"": 1, ""2"": 0, ""3"": 1, ""4"": 1, ""5"": 1, ""6"": 1, ""7"": 1, ""8"": 1, ""9"": 1, ""10"": 0, ""11"": 1, ""12"": 1, ""13"": 1}",15,"[0.0, 0.0, 0.0, 0.0, 0.0, 0.0, 0.0, 0.0, 0.0, 0.0, 0.0, 0.0, 0.0, 0.0, 0.0]",0.0,0.0,0.0,0.0,0.0,0.0,0.0,0.0,0.0,0.0,0.0,0.0,0.0,0.0,0.0
risk_10_3,3,risk_10,42,45,5018,1,uniform,3,far_from_exit_and_main_road,2,135.2143654283136,374.6006386834197,0.8,14,14,"[1, 1, 1, 1, 1, 1, 1, 1, 1, 1, 1, 1, 1, 1]","{""0"": 1, ""1"": 1, ""2"": 1, ""3"": 1, ""4"": 1, ""5"": 1, ""6"": 1, ""7"": 1, ""8"": 1, ""9"": 1, ""10"": 1, ""11"": 1, ""12"": 1, ""13"": 1}",15,"[0.0, 0.0, 0.0, 0.0, 0.0, 0.0, 0.0, 0.0, 0.0, 0.0, 0.0, 0.0, 0.0, 0.0, 0.0]",0.0,0.0,0.0,0.0,0.0,0.0,0.0,0.0,0.0,0.0,0.0,0.0,0.0,0.0,0.0
risk_10_4,4,risk_10,42,46,5766,3,ring,2,near_main_road,16,134.70201228372753,258.9657045942731,0.8,9,14,"[0, 1, 1, 0, 1, 1, 1, 0, 1, 1, 1, 0, 0, 1]","{""0"": 0, ""1"": 1, ""2"": 1, ""3"": 0, ""4"": 1, ""5"": 1, ""6"": 1, ""7"": 0, ""8"": 1, ""9"": 1, ""10"": 1, ""11"": 0, ""12"": 0, ""13"": 1}",15,"[0.0, 0.0, 0.0, 0.0, 0.0, 0.0, 0.0, 0.0, 0.0, 0.0, 0.0, 0.0, 0.0, 0.0, 0.0]",0.0,0.0,0.0,0.0,0.0,0.0,0.0,0.0,0.0,0.0,0.0,0.0,0.0,0.0,0.0
risk_10_5,5,risk_10,42,47,5757,3,ring,1,near_exit,5,34.374810233712196,214.9597699600272,0.8,13,14,"[1, 1, 1, 1, 1, 1, 1, 1, 1, 1, 1, 0, 1, 1]","{""0"": 1, ""1"": 1, ""2"": 1, ""3"": 1, ""4"": 1, ""5"": 1, ""6"": 1, ""7"": 1, ""8"": 1, ""9"": 1, ""10"": 1, ""11"": 0, ""12"": 1, ""13"": 1}",15,"[0.0, 0.0, 0.0, 0.0, 0.0, 0.0, 0.0, 0.0, 0.0, 0.0, 0.0, 0.0, 0.0, 0.0, 0.0]",0.0,0.0,0.0,0.0,0.0,0.0,0.0,0.0,0.0,0.0,0.0,0.0,0.0,0.0,0.0
risk_50_1,1,risk_50,42,43,3777,2,center,3,far_from_exit_and_main_road,12,86.4655145779252,206.66192820994183,0.8,13,14,"[1, 1, 1, 1, 1, 1, 1, 1, 1, 1, 1, 0, 1, 1]","{""0"": 1, ""1"": 1, ""2"": 1, ""3"": 1, ""4"": 1, ""5"": 1, ""6"": 1, ""7"": 1, ""8"": 1, ""9"": 1, ""10"": 1, ""11"": 0, ""12"": 1, ""13"": 1}",15,"[0.0, 0.0, 0.0, 0.0, 0.0, 0.0, 0.0, 0.0, 0.0, 0.0, 0.0, 0.0, 0.0, 0.0, 0.0]",0.0,0.0,0.0,0.0,0.0,0.0,0.0,0.0,0.0,0.0,0.0,0.0,0.0,0.0,0.0
risk_50_2,2,risk_50,42,44,4831,1,uniform,1,near_exit,6,26.251288073137403,149.61036271601915,0.8,12,14,"[1, 1, 0, 1, 1, 1, 1, 1, 1, 1, 0, 1, 1, 1]","{""0"": 1, ""1"": 1, ""2"": 0, ""3"": 1, ""4"": 1, ""5"": 1, ""6"": 1, ""7"": 1, ""8"": 1, ""9"": 1, ""10"": 0, ""11"": 1, ""12"": 1, ""13"": 1}",15,"[0.0, 0.0, 0.0, 0.0, 0.0, 0.0, 0.0, 0.0, 0.0, 0.0, 0.0, 0.0, 0.0, 0.0, 0.0]",0.0,0.0,0.0,0.0,0.0,0.0,0.0,0.0,0.0,0.0,0.0,0.0,0.0,0.0,0.0
risk_50_3,3,risk_50,42,45,5018,1,uniform,3,far_from_exit_and_main_road,2,135.2143654283136,374.6006386834197,0.8,14,14,"[1, 1, 1, 1, 1, 1, 1, 1, 1, 1, 1, 1, 1, 1]","{""0"": 1, ""1"": 1, ""2"": 1, ""3"": 1, ""4"": 1, ""5"": 1, ""6"": 1, ""7"": 1, ""8"": 1, ""9"": 1, ""10"": 1, ""11"": 1, ""12"": 1, ""13"": 1}",15,"[0.0, 0.0, 0.0, 0.0, 0.0, 0.0, 0.0, 0.0, 0.0, 0.0, 0.0, 0.0, 0.0, 0.0, 0.0]",0.0,0.0,0.0,0.0,0.0,0.0,0.0,0.0,0.0,0.0,0.0,0.0,0.0,0.0,0.0
risk_50_4,4,risk_50,42,46,5766,3,ring,2,near_main_road,16,134.70201228372753,258.9657045942731,0.8,9,14,"[0, 1, 1, 0, 1, 1, 1, 0, 1, 1, 1, 0, 0, 1]","{""0"": 0, ""1"": 1, ""2"": 1, ""3"": 0, ""4"": 1, ""5"": 1, ""6"": 1, ""7"": 0, ""8"": 1, ""9"": 1, ""10"": 1, ""11"": 0, ""12"": 0, ""13"": 1}",15,"[0.0, 0.0, 0.0, 0.0, 0.0, 0.0, 0.0, 0.0, 0.0, 0.0, 0.0, 0.0, 0.0, 0.0, 0.0]",0.0,0.0,0.0,0.0,0.0,0.0,0.0,0.0,0.0,0.0,0.0,0.0,0.0,0.0,0.0
risk_50_5,5,risk_50,42,47,5757,3,ring,1,near_exit,5,34.374810233712196,214.9597699600272,0.8,13,14,"[1, 1, 1, 1, 1, 1, 1, 1, 1, 1, 1, 0, 1, 1]","{""0"": 1, ""1"": 1, ""2"": 1, ""3"": 1, ""4"": 1, ""5"": 1, ""6"": 1, ""7"": 1, ""8"": 1, ""9"": 1, ""10"": 1, ""11"": 0, ""12"": 1, ""13"": 1}",15,"[0.0, 0.0, 0.0, 0.0, 0.0, 0.0, 0.0, 0.0, 0.0, 0.0, 0.0, 0.0, 0.0, 0.0, 0.0]",0.0,0.0,0.0,0.0,0.0,0.0,0.0,0.0,0.0,0.0,0.0,0.0,0.0,0.0,0.0
risk_100_1,1,risk_100,42,43,3777,2,center,3,far_from_exit_and_main_road,12,86.4655145779252,206.66192820994183,0.8,13,14,"[1, 1, 1, 1, 1, 1, 1, 1, 1, 1, 1, 0, 1, 1]","{""0"": 1, ""1"": 1, ""2"": 1, ""3"": 1, ""4"": 1, ""5"": 1, ""6"": 1, ""7"": 1, ""8"": 1, ""9"": 1, ""10"": 1, ""11"": 0, ""12"": 1, ""13"": 1}",15,"[0.0, 0.0, 0.0, 0.0, 0.0, 0.0, 0.0, 0.0, 0.0, 0.0, 0.0, 0.0, 0.0, 0.0, 0.0]",0.0,0.0,0.0,0.0,0.0,0.0,0.0,0.0,0.0,0.0,0.0,0.0,0.0,0.0,0.0
risk_100_2,2,risk_100,42,44,4831,1,uniform,1,near_exit,6,26.251288073137403,149.61036271601915,0.8,12,14,"[1, 1, 0, 1, 1, 1, 1, 1, 1, 1, 0, 1, 1, 1]","{""0"": 1, ""1"": 1, ""2"": 0, ""3"": 1, ""4"": 1, ""5"": 1, ""6"": 1, ""7"": 1, ""8"": 1, ""9"": 1, ""10"": 0, ""11"": 1, ""12"": 1, ""13"": 1}",15,"[0.0, 0.0, 0.0, 0.0, 0.0, 0.0, 0.0, 0.0, 0.0, 0.0, 0.0, 0.0, 0.0, 0.0, 0.0]",0.0,0.0,0.0,0.0,0.0,0.0,0.0,0.0,0.0,0.0,0.0,0.0,0.0,0.0,0.0
risk_100_3,3,risk_100,42,45,5018,1,uniform,3,far_from_exit_and_main_road,2,135.2143654283136,374.6006386834197,0.8,14,14,"[1, 1, 1, 1, 1, 1, 1, 1, 1, 1, 1, 1, 1, 1]","{""0"": 1, ""1"": 1, ""2"": 1, ""3"": 1, ""4"": 1, ""5"": 1, ""6"": 1, ""7"": 1, ""8"": 1, ""9"": 1, ""10"": 1, ""11"": 1, ""12"": 1, ""13"": 1}",15,"[0.0, 0.0, 0.0, 0.0, 0.0, 0.0, 0.0, 0.0, 0.0, 0.0, 0.0, 0.0, 0.0, 0.0, 0.0]",0.0,0.0,0.0,0.0,0.0,0.0,0.0,0.0,0.0,0.0,0.0,0.0,0.0,0.0,0.0
risk_100_4,4,risk_100,42,46,5766,3,ring,2,near_main_road,16,134.70201228372753,258.9657045942731,0.8,9,14,"[0, 1, 1, 0, 1, 1, 1, 0, 1, 1, 1, 0, 0, 1]","{""0"": 0, ""1"": 1, ""2"": 1, ""3"": 0, ""4"": 1, ""5"": 1, ""6"": 1, ""7"": 0, ""8"": 1, ""9"": 1, ""10"": 1, ""11"": 0, ""12"": 0, ""13"": 1}",15,"[0.0, 0.0, 0.0, 0.0, 0.0, 0.0, 0.0, 0.0, 0.0, 0.0, 0.0, 0.0, 0.0, 0.0, 0.0]",0.0,0.0,0.0,0.0,0.0,0.0,0.0,0.0,0.0,0.0,0.0,0.0,0.0,0.0,0.0
risk_100_5,5,risk_100,42,47,5757,3,ring,1,near_exit,5,34.374810233712196,214.9597699600272,0.8,13,14,"[1, 1, 1, 1, 1, 1, 1, 1, 1, 1, 1, 0, 1, 1]","{""0"": 1, ""1"": 1, ""2"": 1, ""3"": 1, ""4"": 1, ""5"": 1, ""6"": 1, ""7"": 1, ""8"": 1, ""9"": 1, ""10"": 1, ""11"": 0, ""12"": 1, ""13"": 1}",15,"[0.0, 0.0, 0.0, 0.0, 0.0, 0.0, 0.0, 0.0, 0.0, 0.0, 0.0, 0.0, 0.0, 0.0, 0.0]",0.0,0.0,0.0,0.0,0.0,0.0,0.0,0.0,0.0,0.0,0.0,0.0,0.0,0.0,0.0
static_1,1,static,42,43,3777,2,center,3,far_from_exit_and_main_road,12,86.4655145779252,206.66192820994183,0.8,13,14,"[1, 1, 1, 1, 1, 1, 1, 1, 1, 1, 1, 0, 1, 1]","{""0"": 1, ""1"": 1, ""2"": 1, ""3"": 1, ""4"": 1, ""5"": 1, ""6"": 1, ""7"": 1, ""8"": 1, ""9"": 1, ""10"": 1, ""11"": 0, ""12"": 1, ""13"": 1}",15,"[0.0, 0.0, 0.0, 0.0, 0.0, 0.0, 0.0, 0.0, 0.0, 0.0, 0.0, 0.0, 0.0, 0.0, 0.0]",0.0,0.0,0.0,0.0,0.0,0.0,0.0,0.0,0.0,0.0,0.0,0.0,0.0,0.0,0.0
static_2,2,static,42,44,4831,1,uniform,1,near_exit,6,26.251288073137403,149.61036271601915,0.8,12,14,"[1, 1, 0, 1, 1, 1, 1, 1, 1, 1, 0, 1, 1, 1]","{""0"": 1, ""1"": 1, ""2"": 0, ""3"": 1, ""4"": 1, ""5"": 1, ""6"": 1, ""7"": 1, ""8"": 1, ""9"": 1, ""10"": 0, ""11"": 1, ""12"": 1, ""13"": 1}",15,"[0.0, 0.0, 0.0, 0.0, 0.0, 0.0, 0.0, 0.0, 0.0, 0.0, 0.0, 0.0, 0.0, 0.0, 0.0]",0.0,0.0,0.0,0.0,0.0,0.0,0.0,0.0,0.0,0.0,0.0,0.0,0.0,0.0,0.0
static_3,3,static,42,45,5018,1,uniform,3,far_from_exit_and_main_road,2,135.2143654283136,374.6006386834197,0.8,14,14,"[1, 1, 1, 1, 1, 1, 1, 1, 1, 1, 1, 1, 1, 1]","{""0"": 1, ""1"": 1, ""2"": 1, ""3"": 1, ""4"": 1, ""5"": 1, ""6"": 1, ""7"": 1, ""8"": 1, ""9"": 1, ""10"": 1, ""11"": 1, ""12"": 1, ""13"": 1}",15,"[0.0, 0.0, 0.0, 0.0, 0.0, 0.0, 0.0, 0.0, 0.0, 0.0, 0.0, 0.0, 0.0, 0.0, 0.0]",0.0,0.0,0.0,0.0,0.0,0.0,0.0,0.0,0.0,0.0,0.0,0.0,0.0,0.0,0.0
static_4,4,static,42,46,5766,3,ring,2,near_main_road,16,134.70201228372753,258.9657045942731,0.8,9,14,"[0, 1, 1, 0, 1, 1, 1, 0, 1, 1, 1, 0, 0, 1]","{""0"": 0, ""1"": 1, ""2"": 1, ""3"": 0, ""4"": 1, ""5"": 1, ""6"": 1, ""7"": 0, ""8"": 1, ""9"": 1, ""10"": 1, ""11"": 0, ""12"": 0, ""13"": 1}",15,"[0.0, 0.0, 0.0, 0.0, 0.0, 0.0, 0.0, 0.0, 0.0, 0.0, 0.0, 0.0, 0.0, 0.0, 0.0]",0.0,0.0,0.0,0.0,0.0,0.0,0.0,0.0,0.0,0.0,0.0,0.0,0.0,0.0,0.0
static_5,5,static,42,47,5757,3,ring,1,near_exit,5,34.374810233712196,214.9597699600272,0.8,13,14,"[1, 1, 1, 1, 1, 1, 1, 1, 1, 1, 1, 0, 1, 1]","{""0"": 1, ""1"": 1, ""2"": 1, ""3"": 1, ""4"": 1, ""5"": 1, ""6"": 1, ""7"": 1, ""8"": 1, ""9"": 1, ""10"": 1, ""11"": 0, ""12"": 1, ""13"": 1}",15,"[0.0, 0.0, 0.0, 0.0, 0.0, 0.0, 0.0, 0.0, 0.0, 0.0, 0.0, 0.0, 0.0, 0.0, 0.0]",0.0,0.0,0.0,0.0,0.0,0.0,0.0,0.0,0.0,0.0,0.0,0.0,0.0,0.0,0.0
density_1,1,density,42,43,3777,2,center,3,far_from_exit_and_main_road,12,86.4655145779252,206.66192820994183,0.8,13,14,"[1, 1, 1, 1, 1, 1, 1, 1, 1, 1, 1, 0, 1, 1]","{""0"": 1, ""1"": 1, ""2"": 1, ""3"": 1, ""4"": 1, ""5"": 1, ""6"": 1, ""7"": 1, ""8"": 1, ""9"": 1, ""10"": 1, ""11"": 0, ""12"": 1, ""13"": 1}",15,"[0.0, 0.0, 0.0, 0.0, 0.0, 0.0, 0.0, 0.0, 0.0, 0.0, 0.0, 0.0, 0.0, 0.0, 0.0]",0.0,0.0,0.0,0.0,0.0,0.0,0.0,0.0,0.0,0.0,0.0,0.0,0.0,0.0,0.0
density_2,2,density,42,44,4831,1,uniform,1,near_exit,6,26.251288073137403,149.61036271601915,0.8,12,14,"[1, 1, 0, 1, 1, 1, 1, 1, 1, 1, 0, 1, 1, 1]","{""0"": 1, ""1"": 1, ""2"": 0, ""3"": 1, ""4"": 1, ""5"": 1, ""6"": 1, ""7"": 1, ""8"": 1, ""9"": 1, ""10"": 0, ""11"": 1, ""12"": 1, ""13"": 1}",15,"[0.0, 0.0, 0.0, 0.0, 0.0, 0.0, 0.0, 0.0, 0.0, 0.0, 0.0, 0.0, 0.0, 0.0, 0.0]",0.0,0.0,0.0,0.0,0.0,0.0,0.0,0.0,0.0,0.0,0.0,0.0,0.0,0.0,0.0
density_3,3,density,42,45,5018,1,uniform,3,far_from_exit_and_main_road,2,135.2143654283136,374.6006386834197,0.8,14,14,"[1, 1, 1, 1, 1, 1, 1, 1, 1, 1, 1, 1, 1, 1]","{""0"": 1, ""1"": 1, ""2"": 1, ""3"": 1, ""4"": 1, ""5"": 1, ""6"": 1, ""7"": 1, ""8"": 1, ""9"": 1, ""10"": 1, ""11"": 1, ""12"": 1, ""13"": 1}",15,"[0.0, 0.0, 0.0, 0.0, 0.0, 0.0, 0.0, 0.0, 0.0, 0.0, 0.0, 0.0, 0.0, 0.0, 0.0]",0.0,0.0,0.0,0.0,0.0,0.0,0.0,0.0,0.0,0.0,0.0,0.0,0.0,0.0,0.0
density_4,4,density,42,46,5766,3,ring,2,near_main_road,16,134.70201228372753,258.9657045942731,0.8,9,14,"[0, 1, 1, 0, 1, 1, 1, 0, 1, 1, 1, 0, 0, 1]","{""0"": 0, ""1"": 1, ""2"": 1, ""3"": 0, ""4"": 1, ""5"": 1, ""6"": 1, ""7"": 0, ""8"": 1, ""9"": 1, ""10"": 1, ""11"": 0, ""12"": 0, ""13"": 1}",15,"[0.0, 0.0, 0.0, 0.0, 0.0, 0.0, 0.0, 0.0, 0.0, 0.0, 0.0, 0.0, 0.0, 0.0, 0.0]",0.0,0.0,0.0,0.0,0.0,0.0,0.0,0.0,0.0,0.0,0.0,0.0,0.0,0.0,0.0
density_5,5,density,42,47,5757,3,ring,1,near_exit,5,34.374810233712196,214.9597699600272,0.8,13,14,"[1, 1, 1, 1, 1, 1, 1, 1, 1, 1, 1, 0, 1, 1]","{""0"": 1, ""1"": 1, ""2"": 1, ""3"": 1, ""4"": 1, ""5"": 1, ""6"": 1, ""7"": 1, ""8"": 1, ""9"": 1, ""10"": 1, ""11"": 0, ""12"": 1, ""13"": 1}",15,"[0.0, 0.0, 0.0, 0.0, 0.0, 0.0, 0.0, 0.0, 0.0, 0.0, 0.0, 0.0, 0.0, 0.0, 0.0]",0.0,0.0,0.0,0.0,0.0,0.0,0.0,0.0,0.0,0.0,0.0,0.0,0.0,0.0,0.0
risk_01_1,1,risk_01,42,43,3777,2,center,3,far_from_exit_and_main_road,12,86.4655145779252,206.66192820994183,0.8,13,14,"[1, 1, 1, 1, 1, 1, 1, 1, 1, 1, 1, 0, 1, 1]","{""0"": 1, ""1"": 1, ""2"": 1, ""3"": 1, ""4"": 1, ""5"": 1, ""6"": 1, ""7"": 1, ""8"": 1, ""9"": 1, ""10"": 1, ""11"": 0, ""12"": 1, ""13"": 1}",15,"[0.0, 0.0, 0.0, 0.0, 0.0, 0.0, 0.0, 0.0, 0.0, 0.0, 0.0, 0.0, 0.0, 0.0, 0.0]",0.0,0.0,0.0,0.0,0.0,0.0,0.0,0.0,0.0,0.0,0.0,0.0,0.0,0.0,0.0
risk_01_2,2,risk_01,42,44,4831,1,uniform,1,near_exit,6,26.251288073137403,149.61036271601915,0.8,12,14,"[1, 1, 0, 1, 1, 1, 1, 1, 1, 1, 0, 1, 1, 1]","{""0"": 1, ""1"": 1, ""2"": 0, ""3"": 1, ""4"": 1, ""5"": 1, ""6"": 1, ""7"": 1, ""8"": 1, ""9"": 1, ""10"": 0, ""11"": 1, ""12"": 1, ""13"": 1}",15,"[0.0, 0.0, 0.0, 0.0, 0.0, 0.0, 0.0, 0.0, 0.0, 0.0, 0.0, 0.0, 0.0, 0.0, 0.0]",0.0,0.0,0.0,0.0,0.0,0.0,0.0,0.0,0.0,0.0,0.0,0.0,0.0,0.0,0.0
risk_01_3,3,risk_01,42,45,5018,1,uniform,3,far_from_exit_and_main_road,2,135.2143654283136,374.6006386834197,0.8,14,14,"[1, 1, 1, 1, 1, 1, 1, 1, 1, 1, 1, 1, 1, 1]","{""0"": 1, ""1"": 1, ""2"": 1, ""3"": 1, ""4"": 1, ""5"": 1, ""6"": 1, ""7"": 1, ""8"": 1, ""9"": 1, ""10"": 1, ""11"": 1, ""12"": 1, ""13"": 1}",15,"[0.0, 0.0, 0.0, 0.0, 0.0, 0.0, 0.0, 0.0, 0.0, 0.0, 0.0, 0.0, 0.0, 0.0, 0.0]",0.0,0.0,0.0,0.0,0.0,0.0,0.0,0.0,0.0,0.0,0.0,0.0,0.0,0.0,0.0
risk_01_4,4,risk_01,42,46,5766,3,ring,2,near_main_road,16,134.70201228372753,258.9657045942731,0.8,9,14,"[0, 1, 1, 0, 1, 1, 1, 0, 1, 1, 1, 0, 0, 1]","{""0"": 0, ""1"": 1, ""2"": 1, ""3"": 0, ""4"": 1, ""5"": 1, ""6"": 1, ""7"": 0, ""8"": 1, ""9"": 1, ""10"": 1, ""11"": 0, ""12"": 0, ""13"": 1}",15,"[0.0, 0.0, 0.0, 0.0, 0.0, 0.0, 0.0, 0.0, 0.0, 0.0, 0.0, 0.0, 0.0, 0.0, 0.0]",0.0,0.0,0.0,0.0,0.0,0.0,0.0,0.0,0.0,0.0,0.0,0.0,0.0,0.0,0.0
risk_01_5,5,risk_01,42,47,5757,3,ring,1,near_exit,5,34.374810233712196,214.9597699600272,0.8,13,14,"[1, 1, 1, 1, 1, 1, 1, 1, 1, 1, 1, 0, 1, 1]","{""0"": 1, ""1"": 1, ""2"": 1, ""3"": 1, ""4"": 1, ""5"": 1, ""6"": 1, ""7"": 1, ""8"": 1, ""9"": 1, ""10"": 1, ""11"": 0, ""12"": 1, ""13"": 1}",15,"[0.0, 0.0, 0.0, 0.0, 0.0, 0.0, 0.0, 0.0, 0.0, 0.0, 0.0, 0.0, 0.0, 0.0, 0.0]",0.0,0.0,0.0,0.0,0.0,0.0,0.0,0.0,0.0,0.0,0.0,0.0,0.0,0.0,0.0
risk_05_1,1,risk_05,42,43,3777,2,center,3,far_from_exit_and_main_road,12,86.4655145779252,206.66192820994183,0.8,13,14,"[1, 1, 1, 1, 1, 1, 1, 1, 1, 1, 1, 0, 1, 1]","{""0"": 1, ""1"": 1, ""2"": 1, ""3"": 1, ""4"": 1, ""5"": 1, ""6"": 1, ""7"": 1, ""8"": 1, ""9"": 1, ""10"": 1, ""11"": 0, ""12"": 1, ""13"": 1}",15,"[0.0, 0.0, 0.0, 0.0, 0.0, 0.0, 0.0, 0.0, 0.0, 0.0, 0.0, 0.0, 0.0, 0.0, 0.0]",0.0,0.0,0.0,0.0,0.0,0.0,0.0,0.0,0.0,0.0,0.0,0.0,0.0,0.0,0.0
risk_05_2,2,risk_05,42,44,4831,1,uniform,1,near_exit,6,26.251288073137403,149.61036271601915,0.8,12,14,"[1, 1, 0, 1, 1, 1, 1, 1, 1, 1, 0, 1, 1, 1]","{""0"": 1, ""1"": 1, ""2"": 0, ""3"": 1, ""4"": 1, ""5"": 1, ""6"": 1, ""7"": 1, ""8"": 1, ""9"": 1, ""10"": 0, ""11"": 1, ""12"": 1, ""13"": 1}",15,"[0.0, 0.0, 0.0, 0.0, 0.0, 0.0, 0.0, 0.0, 0.0, 0.0, 0.0, 0.0, 0.0, 0.0, 0.0]",0.0,0.0,0.0,0.0,0.0,0.0,0.0,0.0,0.0,0.0,0.0,0.0,0.0,0.0,0.0
risk_05_3,3,risk_05,42,45,5018,1,uniform,3,far_from_exit_and_main_road,2,135.2143654283136,374.6006386834197,0.8,14,14,"[1, 1, 1, 1, 1, 1, 1, 1, 1, 1, 1, 1, 1, 1]","{""0"": 1, ""1"": 1, ""2"": 1, ""3"": 1, ""4"": 1, ""5"": 1, ""6"": 1, ""7"": 1, ""8"": 1, ""9"": 1, ""10"": 1, ""11"": 1, ""12"": 1, ""13"": 1}",15,"[0.0, 0.0, 0.0, 0.0, 0.0, 0.0, 0.0, 0.0, 0.0, 0.0, 0.0, 0.0, 0.0, 0.0, 0.0]",0.0,0.0,0.0,0.0,0.0,0.0,0.0,0.0,0.0,0.0,0.0,0.0,0.0,0.0,0.0
risk_05_4,4,risk_05,42,46,5766,3,ring,2,near_main_road,16,134.70201228372753,258.9657045942731,0.8,9,14,"[0, 1, 1, 0, 1, 1, 1, 0, 1, 1, 1, 0, 0, 1]","{""0"": 0, ""1"": 1, ""2"": 1, ""3"": 0, ""4"": 1, ""5"": 1, ""6"": 1, ""7"": 0, ""8"": 1, ""9"": 1, ""10"": 1, ""11"": 0, ""12"": 0, ""13"": 1}",15,"[0.0, 0.0, 0.0, 0.0, 0.0, 0.0, 0.0, 0.0, 0.0, 0.0, 0.0, 0.0, 0.0, 0.0, 0.0]",0.0,0.0,0.0,0.0,0.0,0.0,0.0,0.0,0.0,0.0,0.0,0.0,0.0,0.0,0.0
risk_05_5,5,risk_05,42,47,5757,3,ring,1,near_exit,5,34.374810233712196,214.9597699600272,0.8,13,14,"[1, 1, 1, 1, 1, 1, 1, 1, 1, 1, 1, 0, 1, 1]","{""0"": 1, ""1"": 1, ""2"": 1, ""3"": 1, ""4"": 1, ""5"": 1, ""6"": 1, ""7"": 1, ""8"": 1, ""9"": 1, ""10"": 1, ""11"": 0, ""12"": 1, ""13"": 1}",15,"[0.0, 0.0, 0.0, 0.0, 0.0, 0.0, 0.0, 0.0, 0.0, 0.0, 0.0, 0.0, 0.0, 0.0, 0.0]",0.0,0.0,0.0,0.0,0.0,0.0,0.0,0.0,0.0,0.0,0.0,0.0,0.0,0.0,0.0
risk_10_1,1,risk_10,42,43,3777,2,center,3,far_from_exit_and_main_road,12,86.4655145779252,206.66192820994183,0.8,13,14,"[1, 1, 1, 1, 1, 1, 1, 1, 1, 1, 1, 0, 1, 1]","{""0"": 1, ""1"": 1, ""2"": 1, ""3"": 1, ""4"": 1, ""5"": 1, ""6"": 1, ""7"": 1, ""8"": 1, ""9"": 1, ""10"": 1, ""11"": 0, ""12"": 1, ""13"": 1}",15,"[0.0, 0.0, 0.0, 0.0, 0.0, 0.0, 0.0, 0.0, 0.0, 0.0, 0.0, 0.0, 0.0, 0.0, 0.0]",0.0,0.0,0.0,0.0,0.0,0.0,0.0,0.0,0.0,0.0,0.0,0.0,0.0,0.0,0.0
risk_10_2,2,risk_10,42,44,4831,1,uniform,1,near_exit,6,26.251288073137403,149.61036271601915,0.8,12,14,"[1, 1, 0, 1, 1, 1, 1, 1, 1, 1, 0, 1, 1, 1]","{""0"": 1, ""1"": 1, ""2"": 0, ""3"": 1, ""4"": 1, ""5"": 1, ""6"": 1, ""7"": 1, ""8"": 1, ""9"": 1, ""10"": 0, ""11"": 1, ""12"": 1, ""13"": 1}",15,"[0.0, 0.0, 0.0, 0.0, 0.0, 0.0, 0.0, 0.0, 0.0, 0.0, 0.0, 0.0, 0.0, 0.0, 0.0]",0.0,0.0,0.0,0.0,0.0,0.0,0.0,0.0,0.0,0.0,0.0,0.0,0.0,0.0,0.0
risk_10_3,3,risk_10,42,45,5018,1,uniform,3,far_from_exit_and_main_road,2,135.2143654283136,374.6006386834197,0.8,14,14,"[1, 1, 1, 1, 1, 1, 1, 1, 1, 1, 1, 1, 1, 1]","{""0"": 1, ""1"": 1, ""2"": 1, ""3"": 1, ""4"": 1, ""5"": 1, ""6"": 1, ""7"": 1, ""8"": 1, ""9"": 1, ""10"": 1, ""11"": 1, ""12"": 1, ""13"": 1}",15,"[0.0, 0.0, 0.0, 0.0, 0.0, 0.0, 0.0, 0.0, 0.0, 0.0, 0.0, 0.0, 0.0, 0.0, 0.0]",0.0,0.0,0.0,0.0,0.0,0.0,0.0,0.0,0.0,0.0,0.0,0.0,0.0,0.0,0.0
risk_10_4,4,risk_10,42,46,5766,3,ring,2,near_main_road,16,134.70201228372753,258.9657045942731,0.8,9,14,"[0, 1, 1, 0, 1, 1, 1, 0, 1, 1, 1, 0, 0, 1]","{""0"": 0, ""1"": 1, ""2"": 1, ""3"": 0, ""4"": 1, ""5"": 1, ""6"": 1, ""7"": 0, ""8"": 1, ""9"": 1, ""10"": 1, ""11"": 0, ""12"": 0, ""13"": 1}",15,"[0.0, 0.0, 0.0, 0.0, 0.0, 0.0, 0.0, 0.0, 0.0, 0.0, 0.0, 0.0, 0.0, 0.0, 0.0]",0.0,0.0,0.0,0.0,0.0,0.0,0.0,0.0,0.0,0.0,0.0,0.0,0.0,0.0,0.0
risk_10_5,5,risk_10,42,47,5757,3,ring,1,near_exit,5,34.374810233712196,214.9597699600272,0.8,13,14,"[1, 1, 1, 1, 1, 1, 1, 1, 1, 1, 1, 0, 1, 1]","{""0"": 1, ""1"": 1, ""2"": 1, ""3"": 1, ""4"": 1, ""5"": 1, ""6"": 1, ""7"": 1, ""8"": 1, ""9"": 1, ""10"": 1, ""11"": 0, ""12"": 1, ""13"": 1}",15,"[0.0, 0.0, 0.0, 0.0, 0.0, 0.0, 0.0, 0.0, 0.0, 0.0, 0.0, 0.0, 0.0, 0.0, 0.0]",0.0,0.0,0.0,0.0,0.0,0.0,0.0,0.0,0.0,0.0,0.0,0.0,0.0,0.0,0.0
risk_50_1,1,risk_50,42,43,3777,2,center,3,far_from_exit_and_main_road,12,86.4655145779252,206.66192820994183,0.8,13,14,"[1, 1, 1, 1, 1, 1, 1, 1, 1, 1, 1, 0, 1, 1]","{""0"": 1, ""1"": 1, ""2"": 1, ""3"": 1, ""4"": 1, ""5"": 1, ""6"": 1, ""7"": 1, ""8"": 1, ""9"": 1, ""10"": 1, ""11"": 0, ""12"": 1, ""13"": 1}",15,"[0.0, 0.0, 0.0, 0.0, 0.0, 0.0, 0.0, 0.0, 0.0, 0.0, 0.0, 0.0, 0.0, 0.0, 0.0]",0.0,0.0,0.0,0.0,0.0,0.0,0.0,0.0,0.0,0.0,0.0,0.0,0.0,0.0,0.0
risk_50_2,2,risk_50,42,44,4831,1,uniform,1,near_exit,6,26.251288073137403,149.61036271601915,0.8,12,14,"[1, 1, 0, 1, 1, 1, 1, 1, 1, 1, 0, 1, 1, 1]","{""0"": 1, ""1"": 1, ""2"": 0, ""3"": 1, ""4"": 1, ""5"": 1, ""6"": 1, ""7"": 1, ""8"": 1, ""9"": 1, ""10"": 0, ""11"": 1, ""12"": 1, ""13"": 1}",15,"[0.0, 0.0, 0.0, 0.0, 0.0, 0.0, 0.0, 0.0, 0.0, 0.0, 0.0, 0.0, 0.0, 0.0, 0.0]",0.0,0.0,0.0,0.0,0.0,0.0,0.0,0.0,0.0,0.0,0.0,0.0,0.0,0.0,0.0
risk_50_3,3,risk_50,42,45,5018,1,uniform,3,far_from_exit_and_main_road,2,135.2143654283136,374.6006386834197,0.8,14,14,"[1, 1, 1, 1, 1, 1, 1, 1, 1, 1, 1, 1, 1, 1]","{""0"": 1, ""1"": 1, ""2"": 1, ""3"": 1, ""4"": 1, ""5"": 1, ""6"": 1, ""7"": 1, ""8"": 1, ""9"": 1, ""10"": 1, ""11"": 1, ""12"": 1, ""13"": 1}",15,"[0.0, 0.0, 0.0, 0.0, 0.0, 0.0, 0.0, 0.0, 0.0, 0.0, 0.0, 0.0, 0.0, 0.0, 0.0]",0.0,0.0,0.0,0.0,0.0,0.0,0.0,0.0,0.0,0.0,0.0,0.0,0.0,0.0,0.0
risk_50_4,4,risk_50,42,46,5766,3,ring,2,near_main_road,16,134.70201228372753,258.9657045942731,0.8,9,14,"[0, 1, 1, 0, 1, 1, 1, 0, 1, 1, 1, 0, 0, 1]","{""0"": 0, ""1"": 1, ""2"": 1, ""3"": 0, ""4"": 1, ""5"": 1, ""6"": 1, ""7"": 0, ""8"": 1, ""9"": 1, ""10"": 1, ""11"": 0, ""12"": 0, ""13"": 1}",15,"[0.0, 0.0, 0.0, 0.0, 0.0, 0.0, 0.0, 0.0, 0.0, 0.0, 0.0, 0.0, 0.0, 0.0, 0.0]",0.0,0.0,0.0,0.0,0.0,0.0,0.0,0.0,0.0,0.0,0.0,0.0,0.0,0.0,0.0
risk_50_5,5,risk_50,42,47,5757,3,ring,1,near_exit,5,34.374810233712196,214.9597699600272,0.8,13,14,"[1, 1, 1, 1, 1, 1, 1, 1, 1, 1, 1, 0, 1, 1]","{""0"": 1, ""1"": 1, ""2"": 1, ""3"": 1, ""4"": 1, ""5"": 1, ""6"": 1, ""7"": 1, ""8"": 1, ""9"": 1, ""10"": 1, ""11"": 0, ""12"": 1, ""13"": 1}",15,"[0.0, 0.0, 0.0, 0.0, 0.0, 0.0, 0.0, 0.0, 0.0, 0.0, 0.0, 0.0, 0.0, 0.0, 0.0]",0.0,0.0,0.0,0.0,0.0,0.0,0.0,0.0,0.0,0.0,0.0,0.0,0.0,0.0,0.0
risk_100_1,1,risk_100,42,43,3777,2,center,3,far_from_exit_and_main_road,12,86.4655145779252,206.66192820994183,0.8,13,14,"[1, 1, 1, 1, 1, 1, 1, 1, 1, 1, 1, 0, 1, 1]","{""0"": 1, ""1"": 1, ""2"": 1, ""3"": 1, ""4"": 1, ""5"": 1, ""6"": 1, ""7"": 1, ""8"": 1, ""9"": 1, ""10"": 1, ""11"": 0, ""12"": 1, ""13"": 1}",15,"[0.0, 0.0, 0.0, 0.0, 0.0, 0.0, 0.0, 0.0, 0.0, 0.0, 0.0, 0.0, 0.0, 0.0, 0.0]",0.0,0.0,0.0,0.0,0.0,0.0,0.0,0.0,0.0,0.0,0.0,0.0,0.0,0.0,0.0
risk_100_2,2,risk_100,42,44,4831,1,uniform,1,near_exit,6,26.251288073137403,149.61036271601915,0.8,12,14,"[1, 1, 0, 1, 1, 1, 1, 1, 1, 1, 0, 1, 1, 1]","{""0"": 1, ""1"": 1, ""2"": 0, ""3"": 1, ""4"": 1, ""5"": 1, ""6"": 1, ""7"": 1, ""8"": 1, ""9"": 1, ""10"": 0, ""11"": 1, ""12"": 1, ""13"": 1}",15,"[0.0, 0.0, 0.0, 0.0, 0.0, 0.0, 0.0, 0.0, 0.0, 0.0, 0.0, 0.0, 0.0, 0.0, 0.0]",0.0,0.0,0.0,0.0,0.0,0.0,0.0,0.0,0.0,0.0,0.0,0.0,0.0,0.0,0.0
risk_100_3,3,risk_100,42,45,5018,1,uniform,3,far_from_exit_and_main_road,2,135.2143654283136,374.6006386834197,0.8,14,14,"[1, 1, 1, 1, 1, 1, 1, 1, 1, 1, 1, 1, 1, 1]","{""0"": 1, ""1"": 1, ""2"": 1, ""3"": 1, ""4"": 1, ""5"": 1, ""6"": 1, ""7"": 1, ""8"": 1, ""9"": 1, ""10"": 1, ""11"": 1, ""12"": 1, ""13"": 1}",15,"[0.0, 0.0, 0.0, 0.0, 0.0, 0.0, 0.0, 0.0, 0.0, 0.0, 0.0, 0.0, 0.0, 0.0, 0.0]",0.0,0.0,0.0,0.0,0.0,0.0,0.0,0.0,0.0,0.0,0.0,0.0,0.0,0.0,0.0
risk_100_4,4,risk_100,42,46,5766,3,ring,2,near_main_road,16,134.70201228372753,258.9657045942731,0.8,9,14,"[0, 1, 1, 0, 1, 1, 1, 0, 1, 1, 1, 0, 0, 1]","{""0"": 0, ""1"": 1, ""2"": 1, ""3"": 0, ""4"": 1, ""5"": 1, ""6"": 1, ""7"": 0, ""8"": 1, ""9"": 1, ""10"": 1, ""11"": 0, ""12"": 0, ""13"": 1}",15,"[0.0, 0.0, 0.0, 0.0, 0.0, 0.0, 0.0, 0.0, 0.0, 0.0, 0.0, 0.0, 0.0, 0.0, 0.0]",0.0,0.0,0.0,0.0,0.0,0.0,0.0,0.0,0.0,0.0,0.0,0.0,0.0,0.0,0.0
risk_100_5,5,risk_100,42,47,5757,3,ring,1,near_exit,5,34.374810233712196,214.9597699600272,0.8,13,14,"[1, 1, 1, 1, 1, 1, 1, 1, 1, 1, 1, 0, 1, 1]","{""0"": 1, ""1"": 1, ""2"": 1, ""3"": 1, ""4"": 1, ""5"": 1, ""6"": 1, ""7"": 1, ""8"": 1, ""9"": 1, ""10"": 1, ""11"": 0, ""12"": 1, ""13"": 1}",15,"[0.0, 0.0, 0.0, 0.0, 0.0, 0.0, 0.0, 0.0, 0.0, 0.0, 0.0, 0.0, 0.0, 0.0, 0.0]",0.0,0.0,0.0,0.0,0.0,0.0,0.0,0.0,0.0,0.0,0.0,0.0,0.0,0.0,0.0
static_1,1,static,42,43,3777,2,center,3,far_from_exit_and_main_road,12,86.4655145779252,206.66192820994183,0.8,13,14,"[1, 1, 1, 1, 1, 1, 1, 1, 1, 1, 1, 0, 1, 1]","{""0"": 1, ""1"": 1, ""2"": 1, ""3"": 1, ""4"": 1, ""5"": 1, ""6"": 1, ""7"": 1, ""8"": 1, ""9"": 1, ""10"": 1, ""11"": 0, ""12"": 1, ""13"": 1}",15,"[0.0, 0.0, 0.0, 0.0, 0.0, 0.0, 0.0, 0.0, 0.0, 0.0, 0.0, 0.0, 0.0, 0.0, 0.0]",0.0,0.0,0.0,0.0,0.0,0.0,0.0,0.0,0.0,0.0,0.0,0.0,0.0,0.0,0.0
static_2,2,static,42,44,4831,1,uniform,1,near_exit,6,26.251288073137403,149.61036271601915,0.8,12,14,"[1, 1, 0, 1, 1, 1, 1, 1, 1, 1, 0, 1, 1, 1]","{""0"": 1, ""1"": 1, ""2"": 0, ""3"": 1, ""4"": 1, ""5"": 1, ""6"": 1, ""7"": 1, ""8"": 1, ""9"": 1, ""10"": 0, ""11"": 1, ""12"": 1, ""13"": 1}",15,"[0.0, 0.0, 0.0, 0.0, 0.0, 0.0, 0.0, 0.0, 0.0, 0.0, 0.0, 0.0, 0.0, 0.0, 0.0]",0.0,0.0,0.0,0.0,0.0,0.0,0.0,0.0,0.0,0.0,0.0,0.0,0.0,0.0,0.0
static_3,3,static,42,45,5018,1,uniform,3,far_from_exit_and_main_road,2,135.2143654283136,374.6006386834197,0.8,14,14,"[1, 1, 1, 1, 1, 1, 1, 1, 1, 1, 1, 1, 1, 1]","{""0"": 1, ""1"": 1, ""2"": 1, ""3"": 1, ""4"": 1, ""5"": 1, ""6"": 1, ""7"": 1, ""8"": 1, ""9"": 1, ""10"": 1, ""11"": 1, ""12"": 1, ""13"": 1}",15,"[0.0, 0.0, 0.0, 0.0, 0.0, 0.0, 0.0, 0.0, 0.0, 0.0, 0.0, 0.0, 0.0, 0.0, 0.0]",0.0,0.0,0.0,0.0,0.0,0.0,0.0,0.0,0.0,0.0,0.0,0.0,0.0,0.0,0.0
static_4,4,static,42,46,5766,3,ring,2,near_main_road,16,134.70201228372753,258.9657045942731,0.8,9,14,"[0, 1, 1, 0, 1, 1, 1, 0, 1, 1, 1, 0, 0, 1]","{""0"": 0, ""1"": 1, ""2"": 1, ""3"": 0, ""4"": 1, ""5"": 1, ""6"": 1, ""7"": 0, ""8"": 1, ""9"": 1, ""10"": 1, ""11"": 0, ""12"": 0, ""13"": 1}",15,"[0.0, 0.0, 0.0, 0.0, 0.0, 0.0, 0.0, 0.0, 0.0, 0.0, 0.0, 0.0, 0.0, 0.0, 0.0]",0.0,0.0,0.0,0.0,0.0,0.0,0.0,0.0,0.0,0.0,0.0,0.0,0.0,0.0,0.0
static_5,5,static,42,47,5757,3,ring,1,near_exit,5,34.374810233712196,214.9597699600272,0.8,13,14,"[1, 1, 1, 1, 1, 1, 1, 1, 1, 1, 1, 0, 1, 1]","{""0"": 1, ""1"": 1, ""2"": 1, ""3"": 1, ""4"": 1, ""5"": 1, ""6"": 1, ""7"": 1, ""8"": 1, ""9"": 1, ""10"": 1, ""11"": 0, ""12"": 1, ""13"": 1}",15,"[0.0, 0.0, 0.0, 0.0, 0.0, 0.0, 0.0, 0.0, 0.0, 0.0, 0.0, 0.0, 0.0, 0.0, 0.0]",0.0,0.0,0.0,0.0,0.0,0.0,0.0,0.0,0.0,0.0,0.0,0.0,0.0,0.0,0.0
density_1,1,density,42,43,3777,2,center,3,far_from_exit_and_main_road,12,86.4655145779252,206.66192820994183,0.8,13,14,"[1, 1, 1, 1, 1, 1, 1, 1, 1, 1, 1, 0, 1, 1]","{""0"": 1, ""1"": 1, ""2"": 1, ""3"": 1, ""4"": 1, ""5"": 1, ""6"": 1, ""7"": 1, ""8"": 1, ""9"": 1, ""10"": 1, ""11"": 0, ""12"": 1, ""13"": 1}",15,"[0.0, 0.0, 0.0, 0.0, 0.0, 0.0, 0.0, 0.0, 0.0, 0.0, 0.0, 0.0, 0.0, 0.0, 0.0]",0.0,0.0,0.0,0.0,0.0,0.0,0.0,0.0,0.0,0.0,0.0,0.0,0.0,0.0,0.0
density_2,2,density,42,44,4831,1,uniform,1,near_exit,6,26.251288073137403,149.61036271601915,0.8,12,14,"[1, 1, 0, 1, 1, 1, 1, 1, 1, 1, 0, 1, 1, 1]","{""0"": 1, ""1"": 1, ""2"": 0, ""3"": 1, ""4"": 1, ""5"": 1, ""6"": 1, ""7"": 1, ""8"": 1, ""9"": 1, ""10"": 0, ""11"": 1, ""12"": 1, ""13"": 1}",15,"[0.0, 0.0, 0.0, 0.0, 0.0, 0.0, 0.0, 0.0, 0.0, 0.0, 0.0, 0.0, 0.0, 0.0, 0.0]",0.0,0.0,0.0,0.0,0.0,0.0,0.0,0.0,0.0,0.0,0.0,0.0,0.0,0.0,0.0
density_3,3,density,42,45,5018,1,uniform,3,far_from_exit_and_main_road,2,135.2143654283136,374.6006386834197,0.8,14,14,"[1, 1, 1, 1, 1, 1, 1, 1, 1, 1, 1, 1, 1, 1]","{""0"": 1, ""1"": 1, ""2"": 1, ""3"": 1, ""4"": 1, ""5"": 1, ""6"": 1, ""7"": 1, ""8"": 1, ""9"": 1, ""10"": 1, ""11"": 1, ""12"": 1, ""13"": 1}",15,"[0.0, 0.0, 0.0, 0.0, 0.0, 0.0, 0.0, 0.0, 0.0, 0.0, 0.0, 0.0, 0.0, 0.0, 0.0]",0.0,0.0,0.0,0.0,0.0,0.0,0.0,0.0,0.0,0.0,0.0,0.0,0.0,0.0,0.0
density_4,4,density,42,46,5766,3,ring,2,near_main_road,16,134.70201228372753,258.9657045942731,0.8,9,14,"[0, 1, 1, 0, 1, 1, 1, 0, 1, 1, 1, 0, 0, 1]","{""0"": 0, ""1"": 1, ""2"": 1, ""3"": 0, ""4"": 1, ""5"": 1, ""6"": 1, ""7"": 0, ""8"": 1, ""9"": 1, ""10"": 1, ""11"": 0, ""12"": 0, ""13"": 1}",15,"[0.0, 0.0, 0.0, 0.0, 0.0, 0.0, 0.0, 0.0, 0.0, 0.0, 0.0, 0.0, 0.0, 0.0, 0.0]",0.0,0.0,0.0,0.0,0.0,0.0,0.0,0.0,0.0,0.0,0.0,0.0,0.0,0.0,0.0
density_5,5,density,42,47,5757,3,ring,1,near_exit,5,34.374810233712196,214.9597699600272,0.8,13,14,"[1, 1, 1, 1, 1, 1, 1, 1, 1, 1, 1, 0, 1, 1]","{""0"": 1, ""1"": 1, ""2"": 1, ""3"": 1, ""4"": 1, ""5"": 1, ""6"": 1, ""7"": 1, ""8"": 1, ""9"": 1, ""10"": 1, ""11"": 0, ""12"": 1, ""13"": 1}",15,"[0.0, 0.0, 0.0, 0.0, 0.0, 0.0, 0.0, 0.0, 0.0, 0.0, 0.0, 0.0, 0.0, 0.0, 0.0]",0.0,0.0,0.0,0.0,0.0,0.0,0.0,0.0,0.0,0.0,0.0,0.0,0.0,0.0,0.0
risk_01_1,1,risk_01,42,43,3777,2,center,3,far_from_exit_and_main_road,12,86.4655145779252,206.66192820994183,0.8,13,14,"[1, 1, 1, 1, 1, 1, 1, 1, 1, 1, 1, 0, 1, 1]","{""0"": 1, ""1"": 1, ""2"": 1, ""3"": 1, ""4"": 1, ""5"": 1, ""6"": 1, ""7"": 1, ""8"": 1, ""9"": 1, ""10"": 1, ""11"": 0, ""12"": 1, ""13"": 1}",15,"[0.0, 0.0, 0.0, 0.0, 0.0, 0.0, 0.0, 0.0, 0.0, 0.0, 0.0, 0.0, 0.0, 0.0, 0.0]",0.0,0.0,0.0,0.0,0.0,0.0,0.0,0.0,0.0,0.0,0.0,0.0,0.0,0.0,0.0
risk_01_2,2,risk_01,42,44,4831,1,uniform,1,near_exit,6,26.251288073137403,149.61036271601915,0.8,12,14,"[1, 1, 0, 1, 1, 1, 1, 1, 1, 1, 0, 1, 1, 1]","{""0"": 1, ""1"": 1, ""2"": 0, ""3"": 1, ""4"": 1, ""5"": 1, ""6"": 1, ""7"": 1, ""8"": 1, ""9"": 1, ""10"": 0, ""11"": 1, ""12"": 1, ""13"": 1}",15,"[0.0, 0.0, 0.0, 0.0, 0.0, 0.0, 0.0, 0.0, 0.0, 0.0, 0.0, 0.0, 0.0, 0.0, 0.0]",0.0,0.0,0.0,0.0,0.0,0.0,0.0,0.0,0.0,0.0,0.0,0.0,0.0,0.0,0.0
risk_01_3,3,risk_01,42,45,5018,1,uniform,3,far_from_exit_and_main_road,2,135.2143654283136,374.6006386834197,0.8,14,14,"[1, 1, 1, 1, 1, 1, 1, 1, 1, 1, 1, 1, 1, 1]","{""0"": 1, ""1"": 1, ""2"": 1, ""3"": 1, ""4"": 1, ""5"": 1, ""6"": 1, ""7"": 1, ""8"": 1, ""9"": 1, ""10"": 1, ""11"": 1, ""12"": 1, ""13"": 1}",15,"[0.0, 0.0, 0.0, 0.0, 0.0, 0.0, 0.0, 0.0, 0.0, 0.0, 0.0, 0.0, 0.0, 0.0, 0.0]",0.0,0.0,0.0,0.0,0.0,0.0,0.0,0.0,0.0,0.0,0.0,0.0,0.0,0.0,0.0
risk_01_4,4,risk_01,42,46,5766,3,ring,2,near_main_road,16,134.70201228372753,258.9657045942731,0.8,9,14,"[0, 1, 1, 0, 1, 1, 1, 0, 1, 1, 1, 0, 0, 1]","{""0"": 0, ""1"": 1, ""2"": 1, ""3"": 0, ""4"": 1, ""5"": 1, ""6"": 1, ""7"": 0, ""8"": 1, ""9"": 1, ""10"": 1, ""11"": 0, ""12"": 0, ""13"": 1}",15,"[0.0, 0.0, 0.0, 0.0, 0.0, 0.0, 0.0, 0.0, 0.0, 0.0, 0.0, 0.0, 0.0, 0.0, 0.0]",0.0,0.0,0.0,0.0,0.0,0.0,0.0,0.0,0.0,0.0,0.0,0.0,0.0,0.0,0.0
risk_01_5,5,risk_01,42,47,5757,3,ring,1,near_exit,5,34.374810233712196,214.9597699600272,0.8,13,14,"[1, 1, 1, 1, 1, 1, 1, 1, 1, 1, 1, 0, 1, 1]","{""0"": 1, ""1"": 1, ""2"": 1, ""3"": 1, ""4"": 1, ""5"": 1, ""6"": 1, ""7"": 1, ""8"": 1, ""9"": 1, ""10"": 1, ""11"": 0, ""12"": 1, ""13"": 1}",15,"[0.0, 0.0, 0.0, 0.0, 0.0, 0.0, 0.0, 0.0, 0.0, 0.0, 0.0, 0.0, 0.0, 0.0, 0.0]",0.0,0.0,0.0,0.0,0.0,0.0,0.0,0.0,0.0,0.0,0.0,0.0,0.0,0.0,0.0
risk_05_1,1,risk_05,42,43,3777,2,center,3,far_from_exit_and_main_road,12,86.4655145779252,206.66192820994183,0.8,13,14,"[1, 1, 1, 1, 1, 1, 1, 1, 1, 1, 1, 0, 1, 1]","{""0"": 1, ""1"": 1, ""2"": 1, ""3"": 1, ""4"": 1, ""5"": 1, ""6"": 1, ""7"": 1, ""8"": 1, ""9"": 1, ""10"": 1, ""11"": 0, ""12"": 1, ""13"": 1}",15,"[0.0, 0.0, 0.0, 0.0, 0.0, 0.0, 0.0, 0.0, 0.0, 0.0, 0.0, 0.0, 0.0, 0.0, 0.0]",0.0,0.0,0.0,0.0,0.0,0.0,0.0,0.0,0.0,0.0,0.0,0.0,0.0,0.0,0.0
risk_05_2,2,risk_05,42,44,4831,1,uniform,1,near_exit,6,26.251288073137403,149.61036271601915,0.8,12,14,"[1, 1, 0, 1, 1, 1, 1, 1, 1, 1, 0, 1, 1, 1]","{""0"": 1, ""1"": 1, ""2"": 0, ""3"": 1, ""4"": 1, ""5"": 1, ""6"": 1, ""7"": 1, ""8"": 1, ""9"": 1, ""10"": 0, ""11"": 1, ""12"": 1, ""13"": 1}",15,"[0.0, 0.0, 0.0, 0.0, 0.0, 0.0, 0.0, 0.0, 0.0, 0.0, 0.0, 0.0, 0.0, 0.0, 0.0]",0.0,0.0,0.0,0.0,0.0,0.0,0.0,0.0,0.0,0.0,0.0,0.0,0.0,0.0,0.0
risk_05_3,3,risk_05,42,45,5018,1,uniform,3,far_from_exit_and_main_road,2,135.2143654283136,374.6006386834197,0.8,14,14,"[1, 1, 1, 1, 1, 1, 1, 1, 1, 1, 1, 1, 1, 1]","{""0"": 1, ""1"": 1, ""2"": 1, ""3"": 1, ""4"": 1, ""5"": 1, ""6"": 1, ""7"": 1, ""8"": 1, ""9"": 1, ""10"": 1, ""11"": 1, ""12"": 1, ""13"": 1}",15,"[0.0, 0.0, 0.0, 0.0, 0.0, 0.0, 0.0, 0.0, 0.0, 0.0, 0.0, 0.0, 0.0, 0.0, 0.0]",0.0,0.0,0.0,0.0,0.0,0.0,0.0,0.0,0.0,0.0,0.0,0.0,0.0,0.0,0.0
risk_05_4,4,risk_05,42,46,5766,3,ring,2,near_main_road,16,134.70201228372753,258.9657045942731,0.8,9,14,"[0, 1, 1, 0, 1, 1, 1, 0, 1, 1, 1, 0, 0, 1]","{""0"": 0, ""1"": 1, ""2"": 1, ""3"": 0, ""4"": 1, ""5"": 1, ""6"": 1, ""7"": 0, ""8"": 1, ""9"": 1, ""10"": 1, ""11"": 0, ""12"": 0, ""13"": 1}",15,"[0.0, 0.0, 0.0, 0.0, 0.0, 0.0, 0.0, 0.0, 0.0, 0.0, 0.0, 0.0, 0.0, 0.0, 0.0]",0.0,0.0,0.0,0.0,0.0,0.0,0.0,0.0,0.0,0.0,0.0,0.0,0.0,0.0,0.0
risk_05_5,5,risk_05,42,47,5757,3,ring,1,near_exit,5,34.374810233712196,214.9597699600272,0.8,13,14,"[1, 1, 1, 1, 1, 1, 1, 1, 1, 1, 1, 0, 1, 1]","{""0"": 1, ""1"": 1, ""2"": 1, ""3"": 1, ""4"": 1, ""5"": 1, ""6"": 1, ""7"": 1, ""8"": 1, ""9"": 1, ""10"": 1, ""11"": 0, ""12"": 1, ""13"": 1}",15,"[0.0, 0.0, 0.0, 0.0, 0.0, 0.0, 0.0, 0.0, 0.0, 0.0, 0.0, 0.0, 0.0, 0.0, 0.0]",0.0,0.0,0.0,0.0,0.0,0.0,0.0,0.0,0.0,0.0,0.0,0.0,0.0,0.0,0.0
risk_10_1,1,risk_10,42,43,3777,2,center,3,far_from_exit_and_main_road,12,86.4655145779252,206.66192820994183,0.8,13,14,"[1, 1, 1, 1, 1, 1, 1, 1, 1, 1, 1, 0, 1, 1]","{""0"": 1, ""1"": 1, ""2"": 1, ""3"": 1, ""4"": 1, ""5"": 1, ""6"": 1, ""7"": 1, ""8"": 1, ""9"": 1, ""10"": 1, ""11"": 0, ""12"": 1, ""13"": 1}",15,"[0.0, 0.0, 0.0, 0.0, 0.0, 0.0, 0.0, 0.0, 0.0, 0.0, 0.0, 0.0, 0.0, 0.0, 0.0]",0.0,0.0,0.0,0.0,0.0,0.0,0.0,0.0,0.0,0.0,0.0,0.0,0.0,0.0,0.0
risk_10_2,2,risk_10,42,44,4831,1,uniform,1,near_exit,6,26.251288073137403,149.61036271601915,0.8,12,14,"[1, 1, 0, 1, 1, 1, 1, 1, 1, 1, 0, 1, 1, 1]","{""0"": 1, ""1"": 1, ""2"": 0, ""3"": 1, ""4"": 1, ""5"": 1, ""6"": 1, ""7"": 1, ""8"": 1, ""9"": 1, ""10"": 0, ""11"": 1, ""12"": 1, ""13"": 1}",15,"[0.0, 0.0, 0.0, 0.0, 0.0, 0.0, 0.0, 0.0, 0.0, 0.0, 0.0, 0.0, 0.0, 0.0, 0.0]",0.0,0.0,0.0,0.0,0.0,0.0,0.0,0.0,0.0,0.0,0.0,0.0,0.0,0.0,0.0
risk_10_3,3,risk_10,42,45,5018,1,uniform,3,far_from_exit_and_main_road,2,135.2143654283136,374.6006386834197,0.8,14,14,"[1, 1, 1, 1, 1, 1, 1, 1, 1, 1, 1, 1, 1, 1]","{""0"": 1, ""1"": 1, ""2"": 1, ""3"": 1, ""4"": 1, ""5"": 1, ""6"": 1, ""7"": 1, ""8"": 1, ""9"": 1, ""10"": 1, ""11"": 1, ""12"": 1, ""13"": 1}",15,"[0.0, 0.0, 0.0, 0.0, 0.0, 0.0, 0.0, 0.0, 0.0, 0.0, 0.0, 0.0, 0.0, 0.0, 0.0]",0.0,0.0,0.0,0.0,0.0,0.0,0.0,0.0,0.0,0.0,0.0,0.0,0.0,0.0,0.0
risk_10_4,4,risk_10,42,46,5766,3,ring,2,near_main_road,16,134.70201228372753,258.9657045942731,0.8,9,14,"[0, 1, 1, 0, 1, 1, 1, 0, 1, 1, 1, 0, 0, 1]","{""0"": 0, ""1"": 1, ""2"": 1, ""3"": 0, ""4"": 1, ""5"": 1, ""6"": 1, ""7"": 0, ""8"": 1, ""9"": 1, ""10"": 1, ""11"": 0, ""12"": 0, ""13"": 1}",15,"[0.0, 0.0, 0.0, 0.0, 0.0, 0.0, 0.0, 0.0, 0.0, 0.0, 0.0, 0.0, 0.0, 0.0, 0.0]",0.0,0.0,0.0,0.0,0.0,0.0,0.0,0.0,0.0,0.0,0.0,0.0,0.0,0.0,0.0
risk_10_5,5,risk_10,42,47,5757,3,ring,1,near_exit,5,34.374810233712196,214.9597699600272,0.8,13,14,"[1, 1, 1, 1, 1, 1, 1, 1, 1, 1, 1, 0, 1, 1]","{""0"": 1, ""1"": 1, ""2"": 1, ""3"": 1, ""4"": 1, ""5"": 1, ""6"": 1, ""7"": 1, ""8"": 1, ""9"": 1, ""10"": 1, ""11"": 0, ""12"": 1, ""13"": 1}",15,"[0.0, 0.0, 0.0, 0.0, 0.0, 0.0, 0.0, 0.0, 0.0, 0.0, 0.0, 0.0, 0.0, 0.0, 0.0]",0.0,0.0,0.0,0.0,0.0,0.0,0.0,0.0,0.0,0.0,0.0,0.0,0.0,0.0,0.0
risk_50_1,1,risk_50,42,43,3777,2,center,3,far_from_exit_and_main_road,12,86.4655145779252,206.66192820994183,0.8,13,14,"[1, 1, 1, 1, 1, 1, 1, 1, 1, 1, 1, 0, 1, 1]","{""0"": 1, ""1"": 1, ""2"": 1, ""3"": 1, ""4"": 1, ""5"": 1, ""6"": 1, ""7"": 1, ""8"": 1, ""9"": 1, ""10"": 1, ""11"": 0, ""12"": 1, ""13"": 1}",15,"[0.0, 0.0, 0.0, 0.0, 0.0, 0.0, 0.0, 0.0, 0.0, 0.0, 0.0, 0.0, 0.0, 0.0, 0.0]",0.0,0.0,0.0,0.0,0.0,0.0,0.0,0.0,0.0,0.0,0.0,0.0,0.0,0.0,0.0
risk_50_2,2,risk_50,42,44,4831,1,uniform,1,near_exit,6,26.251288073137403,149.61036271601915,0.8,12,14,"[1, 1, 0, 1, 1, 1, 1, 1, 1, 1, 0, 1, 1, 1]","{""0"": 1, ""1"": 1, ""2"": 0, ""3"": 1, ""4"": 1, ""5"": 1, ""6"": 1, ""7"": 1, ""8"": 1, ""9"": 1, ""10"": 0, ""11"": 1, ""12"": 1, ""13"": 1}",15,"[0.0, 0.0, 0.0, 0.0, 0.0, 0.0, 0.0, 0.0, 0.0, 0.0, 0.0, 0.0, 0.0, 0.0, 0.0]",0.0,0.0,0.0,0.0,0.0,0.0,0.0,0.0,0.0,0.0,0.0,0.0,0.0,0.0,0.0
risk_50_3,3,risk_50,42,45,5018,1,uniform,3,far_from_exit_and_main_road,2,135.2143654283136,374.6006386834197,0.8,14,14,"[1, 1, 1, 1, 1, 1, 1, 1, 1, 1, 1, 1, 1, 1]","{""0"": 1, ""1"": 1, ""2"": 1, ""3"": 1, ""4"": 1, ""5"": 1, ""6"": 1, ""7"": 1, ""8"": 1, ""9"": 1, ""10"": 1, ""11"": 1, ""12"": 1, ""13"": 1}",15,"[0.0, 0.0, 0.0, 0.0, 0.0, 0.0, 0.0, 0.0, 0.0, 0.0, 0.0, 0.0, 0.0, 0.0, 0.0]",0.0,0.0,0.0,0.0,0.0,0.0,0.0,0.0,0.0,0.0,0.0,0.0,0.0,0.0,0.0
risk_50_4,4,risk_50,42,46,5766,3,ring,2,near_main_road,16,134.70201228372753,258.9657045942731,0.8,9,14,"[0, 1, 1, 0, 1, 1, 1, 0, 1, 1, 1, 0, 0, 1]","{""0"": 0, ""1"": 1, ""2"": 1, ""3"": 0, ""4"": 1, ""5"": 1, ""6"": 1, ""7"": 0, ""8"": 1, ""9"": 1, ""10"": 1, ""11"": 0, ""12"": 0, ""13"": 1}",15,"[0.0, 0.0, 0.0, 0.0, 0.0, 0.0, 0.0, 0.0, 0.0, 0.0, 0.0, 0.0, 0.0, 0.0, 0.0]",0.0,0.0,0.0,0.0,0.0,0.0,0.0,0.0,0.0,0.0,0.0,0.0,0.0,0.0,0.0
risk_50_5,5,risk_50,42,47,5757,3,ring,1,near_exit,5,34.374810233712196,214.9597699600272,0.8,13,14,"[1, 1, 1, 1, 1, 1, 1, 1, 1, 1, 1, 0, 1, 1]","{""0"": 1, ""1"": 1, ""2"": 1, ""3"": 1, ""4"": 1, ""5"": 1, ""6"": 1, ""7"": 1, ""8"": 1, ""9"": 1, ""10"": 1, ""11"": 0, ""12"": 1, ""13"": 1}",15,"[0.0, 0.0, 0.0, 0.0, 0.0, 0.0, 0.0, 0.0, 0.0, 0.0, 0.0, 0.0, 0.0, 0.0, 0.0]",0.0,0.0,0.0,0.0,0.0,0.0,0.0,0.0,0.0,0.0,0.0,0.0,0.0,0.0,0.0
risk_100_1,1,risk_100,42,43,3777,2,center,3,far_from_exit_and_main_road,12,86.4655145779252,206.66192820994183,0.8,13,14,"[1, 1, 1, 1, 1, 1, 1, 1, 1, 1, 1, 0, 1, 1]","{""0"": 1, ""1"": 1, ""2"": 1, ""3"": 1, ""4"": 1, ""5"": 1, ""6"": 1, ""7"": 1, ""8"": 1, ""9"": 1, ""10"": 1, ""11"": 0, ""12"": 1, ""13"": 1}",15,"[0.0, 0.0, 0.0, 0.0, 0.0, 0.0, 0.0, 0.0, 0.0, 0.0, 0.0, 0.0, 0.0, 0.0, 0.0]",0.0,0.0,0.0,0.0,0.0,0.0,0.0,0.0,0.0,0.0,0.0,0.0,0.0,0.0,0.0
risk_100_2,2,risk_100,42,44,4831,1,uniform,1,near_exit,6,26.251288073137403,149.61036271601915,0.8,12,14,"[1, 1, 0, 1, 1, 1, 1, 1, 1, 1, 0, 1, 1, 1]","{""0"": 1, ""1"": 1, ""2"": 0, ""3"": 1, ""4"": 1, ""5"": 1, ""6"": 1, ""7"": 1, ""8"": 1, ""9"": 1, ""10"": 0, ""11"": 1, ""12"": 1, ""13"": 1}",15,"[0.0, 0.0, 0.0, 0.0, 0.0, 0.0, 0.0, 0.0, 0.0, 0.0, 0.0, 0.0, 0.0, 0.0, 0.0]",0.0,0.0,0.0,0.0,0.0,0.0,0.0,0.0,0.0,0.0,0.0,0.0,0.0,0.0,0.0
risk_100_3,3,risk_100,42,45,5018,1,uniform,3,far_from_exit_and_main_road,2,135.2143654283136,374.6006386834197,0.8,14,14,"[1, 1, 1, 1, 1, 1, 1, 1, 1, 1, 1, 1, 1, 1]","{""0"": 1, ""1"": 1, ""2"": 1, ""3"": 1, ""4"": 1, ""5"": 1, ""6"": 1, ""7"": 1, ""8"": 1, ""9"": 1, ""10"": 1, ""11"": 1, ""12"": 1, ""13"": 1}",15,"[0.0, 0.0, 0.0, 0.0, 0.0, 0.0, 0.0, 0.0, 0.0, 0.0, 0.0, 0.0, 0.0, 0.0, 0.0]",0.0,0.0,0.0,0.0,0.0,0.0,0.0,0.0,0.0,0.0,0.0,0.0,0.0,0.0,0.0
risk_100_4,4,risk_100,42,46,5766,3,ring,2,near_main_road,16,134.70201228372753,258.9657045942731,0.8,9,14,"[0, 1, 1, 0, 1, 1, 1, 0, 1, 1, 1, 0, 0, 1]","{""0"": 0, ""1"": 1, ""2"": 1, ""3"": 0, ""4"": 1, ""5"": 1, ""6"": 1, ""7"": 0, ""8"": 1, ""9"": 1, ""10"": 1, ""11"": 0, ""12"": 0, ""13"": 1}",15,"[0.0, 0.0, 0.0, 0.0, 0.0, 0.0, 0.0, 0.0, 0.0, 0.0, 0.0, 0.0, 0.0, 0.0, 0.0]",0.0,0.0,0.0,0.0,0.0,0.0,0.0,0.0,0.0,0.0,0.0,0.0,0.0,0.0,0.0
risk_100_5,5,risk_100,42,47,5757,3,ring,1,near_exit,5,34.374810233712196,214.9597699600272,0.8,13,14,"[1, 1, 1, 1, 1, 1, 1, 1, 1, 1, 1, 0, 1, 1]","{""0"": 1, ""1"": 1, ""2"": 1, ""3"": 1, ""4"": 1, ""5"": 1, ""6"": 1, ""7"": 1, ""8"": 1, ""9"": 1, ""10"": 1, ""11"": 0, ""12"": 1, ""13"": 1}",15,"[0.0, 0.0, 0.0, 0.0, 0.0, 0.0, 0.0, 0.0, 0.0, 0.0, 0.0, 0.0, 0.0, 0.0, 0.0]",0.0,0.0,0.0,0.0,0.0,0.0,0.0,0.0,0.0,0.0,0.0,0.0,0.0,0.0,0.0
static_1,1,static,42,43,3777,2,center,3,far_from_exit_and_main_road,12,86.4655145779252,206.66192820994183,0.8,13,14,"[1, 1, 1, 1, 1, 1, 1, 1, 1, 1, 1, 0, 1, 1]","{""0"": 1, ""1"": 1, ""2"": 1, ""3"": 1, ""4"": 1, ""5"": 1, ""6"": 1, ""7"": 1, ""8"": 1, ""9"": 1, ""10"": 1, ""11"": 0, ""12"": 1, ""13"": 1}",15,"[0.0, 0.0, 0.0, 0.0, 0.0, 0.0, 0.0, 0.0, 0.0, 0.0, 0.0, 0.0, 0.0, 0.0, 0.0]",0.0,0.0,0.0,0.0,0.0,0.0,0.0,0.0,0.0,0.0,0.0,0.0,0.0,0.0,0.0
static_2,2,static,42,44,4831,1,uniform,1,near_exit,6,26.251288073137403,149.61036271601915,0.8,12,14,"[1, 1, 0, 1, 1, 1, 1, 1, 1, 1, 0, 1, 1, 1]","{""0"": 1, ""1"": 1, ""2"": 0, ""3"": 1, ""4"": 1, ""5"": 1, ""6"": 1, ""7"": 1, ""8"": 1, ""9"": 1, ""10"": 0, ""11"": 1, ""12"": 1, ""13"": 1}",15,"[0.0, 0.0, 0.0, 0.0, 0.0, 0.0, 0.0, 0.0, 0.0, 0.0, 0.0, 0.0, 0.0, 0.0, 0.0]",0.0,0.0,0.0,0.0,0.0,0.0,0.0,0.0,0.0,0.0,0.0,0.0,0.0,0.0,0.0
static_3,3,static,42,45,5018,1,uniform,3,far_from_exit_and_main_road,2,135.2143654283136,374.6006386834197,0.8,14,14,"[1, 1, 1, 1, 1, 1, 1, 1, 1, 1, 1, 1, 1, 1]","{""0"": 1, ""1"": 1, ""2"": 1, ""3"": 1, ""4"": 1, ""5"": 1, ""6"": 1, ""7"": 1, ""8"": 1, ""9"": 1, ""10"": 1, ""11"": 1, ""12"": 1, ""13"": 1}",15,"[0.0, 0.0, 0.0, 0.0, 0.0, 0.0, 0.0, 0.0, 0.0, 0.0, 0.0, 0.0, 0.0, 0.0, 0.0]",0.0,0.0,0.0,0.0,0.0,0.0,0.0,0.0,0.0,0.0,0.0,0.0,0.0,0.0,0.0
static_4,4,static,42,46,5766,3,ring,2,near_main_road,16,134.70201228372753,258.9657045942731,0.8,9,14,"[0, 1, 1, 0, 1, 1, 1, 0, 1, 1, 1, 0, 0, 1]","{""0"": 0, ""1"": 1, ""2"": 1, ""3"": 0, ""4"": 1, ""5"": 1, ""6"": 1, ""7"": 0, ""8"": 1, ""9"": 1, ""10"": 1, ""11"": 0, ""12"": 0, ""13"": 1}",15,"[0.0, 0.0, 0.0, 0.0, 0.0, 0.0, 0.0, 0.0, 0.0, 0.0, 0.0, 0.0, 0.0, 0.0, 0.0]",0.0,0.0,0.0,0.0,0.0,0.0,0.0,0.0,0.0,0.0,0.0,0.0,0.0,0.0,0.0
static_5,5,static,42,47,5757,3,ring,1,near_exit,5,34.374810233712196,214.9597699600272,0.8,13,14,"[1, 1, 1, 1, 1, 1, 1, 1, 1, 1, 1, 0, 1, 1]","{""0"": 1, ""1"": 1, ""2"": 1, ""3"": 1, ""4"": 1, ""5"": 1, ""6"": 1, ""7"": 1, ""8"": 1, ""9"": 1, ""10"": 1, ""11"": 0, ""12"": 1, ""13"": 1}",15,"[0.0, 0.0, 0.0, 0.0, 0.0, 0.0, 0.0, 0.0, 0.0, 0.0, 0.0, 0.0, 0.0, 0.0, 0.0]",0.0,0.0,0.0,0.0,0.0,0.0,0.0,0.0,0.0,0.0,0.0,0.0,0.0,0.0,0.0
density_1,1,density,42,43,3777,2,center,3,far_from_exit_and_main_road,12,86.4655145779252,206.66192820994183,0.8,13,14,"[1, 1, 1, 1, 1, 1, 1, 1, 1, 1, 1, 0, 1, 1]","{""0"": 1, ""1"": 1, ""2"": 1, ""3"": 1, ""4"": 1, ""5"": 1, ""6"": 1, ""7"": 1, ""8"": 1, ""9"": 1, ""10"": 1, ""11"": 0, ""12"": 1, ""13"": 1}",15,"[0.0, 0.0, 0.0, 0.0, 0.0, 0.0, 0.0, 0.0, 0.0, 0.0, 0.0, 0.0, 0.0, 0.0, 0.0]",0.0,0.0,0.0,0.0,0.0,0.0,0.0,0.0,0.0,0.0,0.0,0.0,0.0,0.0,0.0
density_2,2,density,42,44,4831,1,uniform,1,near_exit,6,26.251288073137403,149.61036271601915,0.8,12,14,"[1, 1, 0, 1, 1, 1, 1, 1, 1, 1, 0, 1, 1, 1]","{""0"": 1, ""1"": 1, ""2"": 0, ""3"": 1, ""4"": 1, ""5"": 1, ""6"": 1, ""7"": 1, ""8"": 1, ""9"": 1, ""10"": 0, ""11"": 1, ""12"": 1, ""13"": 1}",15,"[0.0, 0.0, 0.0, 0.0, 0.0, 0.0, 0.0, 0.0, 0.0, 0.0, 0.0, 0.0, 0.0, 0.0, 0.0]",0.0,0.0,0.0,0.0,0.0,0.0,0.0,0.0,0.0,0.0,0.0,0.0,0.0,0.0,0.0
density_3,3,density,42,45,5018,1,uniform,3,far_from_exit_and_main_road,2,135.2143654283136,374.6006386834197,0.8,14,14,"[1, 1, 1, 1, 1, 1, 1, 1, 1, 1, 1, 1, 1, 1]","{""0"": 1, ""1"": 1, ""2"": 1, ""3"": 1, ""4"": 1, ""5"": 1, ""6"": 1, ""7"": 1, ""8"": 1, ""9"": 1, ""10"": 1, ""11"": 1, ""12"": 1, ""13"": 1}",15,"[0.0, 0.0, 0.0, 0.0, 0.0, 0.0, 0.0, 0.0, 0.0, 0.0, 0.0, 0.0, 0.0, 0.0, 0.0]",0.0,0.0,0.0,0.0,0.0,0.0,0.0,0.0,0.0,0.0,0.0,0.0,0.0,0.0,0.0
density_4,4,density,42,46,5766,3,ring,2,near_main_road,16,134.70201228372753,258.9657045942731,0.8,9,14,"[0, 1, 1, 0, 1, 1, 1, 0, 1, 1, 1, 0, 0, 1]","{""0"": 0, ""1"": 1, ""2"": 1, ""3"": 0, ""4"": 1, ""5"": 1, ""6"": 1, ""7"": 0, ""8"": 1, ""9"": 1, ""10"": 1, ""11"": 0, ""12"": 0, ""13"": 1}",15,"[0.0, 0.0, 0.0, 0.0, 0.0, 0.0, 0.0, 0.0, 0.0, 0.0, 0.0, 0.0, 0.0, 0.0, 0.0]",0.0,0.0,0.0,0.0,0.0,0.0,0.0,0.0,0.0,0.0,0.0,0.0,0.0,0.0,0.0
density_5,5,density,42,47,5757,3,ring,1,near_exit,5,34.374810233712196,214.9597699600272,0.8,13,14,"[1, 1, 1, 1, 1, 1, 1, 1, 1, 1, 1, 0, 1, 1]","{""0"": 1, ""1"": 1, ""2"": 1, ""3"": 1, ""4"": 1, ""5"": 1, ""6"": 1, ""7"": 1, ""8"": 1, ""9"": 1, ""10"": 1, ""11"": 0, ""12"": 1, ""13"": 1}",15,"[0.0, 0.0, 0.0, 0.0, 0.0, 0.0, 0.0, 0.0, 0.0, 0.0, 0.0, 0.0, 0.0, 0.0, 0.0]",0.0,0.0,0.0,0.0,0.0,0.0,0.0,0.0,0.0,0.0,0.0,0.0,0.0,0.0,0.0
static_1,1,static,42,43,3777,2,center,3,far_from_exit_and_main_road,12,86.4655145779252,206.66192820994183,0.8,13,14,"[1, 1, 1, 1, 1, 1, 1, 1, 1, 1, 1, 0, 1, 1]","{""0"": 1, ""1"": 1, ""2"": 1, ""3"": 1, ""4"": 1, ""5"": 1, ""6"": 1, ""7"": 1, ""8"": 1, ""9"": 1, ""10"": 1, ""11"": 0, ""12"": 1, ""13"": 1}",15,"[0.0, 0.0, 0.0, 0.0, 0.0, 0.0, 0.0, 0.0, 0.0, 0.0, 0.0, 0.0, 0.0, 0.0, 0.0]",0.0,0.0,0.0,0.0,0.0,0.0,0.0,0.0,0.0,0.0,0.0,0.0,0.0,0.0,0.0
static_2,2,static,42,44,4831,1,uniform,1,near_exit,6,26.251288073137403,149.61036271601915,0.8,12,14,"[1, 1, 0, 1, 1, 1, 1, 1, 1, 1, 0, 1, 1, 1]","{""0"": 1, ""1"": 1, ""2"": 0, ""3"": 1, ""4"": 1, ""5"": 1, ""6"": 1, ""7"": 1, ""8"": 1, ""9"": 1, ""10"": 0, ""11"": 1, ""12"": 1, ""13"": 1}",15,"[0.0, 0.0, 0.0, 0.0, 0.0, 0.0, 0.0, 0.0, 0.0, 0.0, 0.0, 0.0, 0.0, 0.0, 0.0]",0.0,0.0,0.0,0.0,0.0,0.0,0.0,0.0,0.0,0.0,0.0,0.0,0.0,0.0,0.0
static_3,3,static,42,45,5018,1,uniform,3,far_from_exit_and_main_road,2,135.2143654283136,374.6006386834197,0.8,14,14,"[1, 1, 1, 1, 1, 1, 1, 1, 1, 1, 1, 1, 1, 1]","{""0"": 1, ""1"": 1, ""2"": 1, ""3"": 1, ""4"": 1, ""5"": 1, ""6"": 1, ""7"": 1, ""8"": 1, ""9"": 1, ""10"": 1, ""11"": 1, ""12"": 1, ""13"": 1}",15,"[0.0, 0.0, 0.0, 0.0, 0.0, 0.0, 0.0, 0.0, 0.0, 0.0, 0.0, 0.0, 0.0, 0.0, 0.0]",0.0,0.0,0.0,0.0,0.0,0.0,0.0,0.0,0.0,0.0,0.0,0.0,0.0,0.0,0.0
static_4,4,static,42,46,5766,3,ring,2,near_main_road,16,134.70201228372753,258.9657045942731,0.8,9,14,"[0, 1, 1, 0, 1, 1, 1, 0, 1, 1, 1, 0, 0, 1]","{""0"": 0, ""1"": 1, ""2"": 1, ""3"": 0, ""4"": 1, ""5"": 1, ""6"": 1, ""7"": 0, ""8"": 1, ""9"": 1, ""10"": 1, ""11"": 0, ""12"": 0, ""13"": 1}",15,"[0.0, 0.0, 0.0, 0.0, 0.0, 0.0, 0.0, 0.0, 0.0, 0.0, 0.0, 0.0, 0.0, 0.0, 0.0]",0.0,0.0,0.0,0.0,0.0,0.0,0.0,0.0,0.0,0.0,0.0,0.0,0.0,0.0,0.0
static_5,5,static,42,47,5757,3,ring,1,near_exit,5,34.374810233712196,214.9597699600272,0.8,13,14,"[1, 1, 1, 1, 1, 1, 1, 1, 1, 1, 1, 0, 1, 1]","{""0"": 1, ""1"": 1, ""2"": 1, ""3"": 1, ""4"": 1, ""5"": 1, ""6"": 1, ""7"": 1, ""8"": 1, ""9"": 1, ""10"": 1, ""11"": 0, ""12"": 1, ""13"": 1}",15,"[0.0, 0.0, 0.0, 0.0, 0.0, 0.0, 0.0, 0.0, 0.0, 0.0, 0.0, 0.0, 0.0, 0.0, 0.0]",0.0,0.0,0.0,0.0,0.0,0.0,0.0,0.0,0.0,0.0,0.0,0.0,0.0,0.0,0.0
density_1,1,density,42,43,3777,2,center,3,far_from_exit_and_main_road,12,86.4655145779252,206.66192820994183,0.8,13,14,"[1, 1, 1, 1, 1, 1, 1, 1, 1, 1, 1, 0, 1, 1]","{""0"": 1, ""1"": 1, ""2"": 1, ""3"": 1, ""4"": 1, ""5"": 1, ""6"": 1, ""7"": 1, ""8"": 1, ""9"": 1, ""10"": 1, ""11"": 0, ""12"": 1, ""13"": 1}",15,"[0.0, 0.0, 0.0, 0.0, 0.0, 0.0, 0.0, 0.0, 0.0, 0.0, 0.0, 0.0, 0.0, 0.0, 0.0]",0.0,0.0,0.0,0.0,0.0,0.0,0.0,0.0,0.0,0.0,0.0,0.0,0.0,0.0,0.0
density_2,2,density,42,44,4831,1,uniform,1,near_exit,6,26.251288073137403,149.61036271601915,0.8,12,14,"[1, 1, 0, 1, 1, 1, 1, 1, 1, 1, 0, 1, 1, 1]","{""0"": 1, ""1"": 1, ""2"": 0, ""3"": 1, ""4"": 1, ""5"": 1, ""6"": 1, ""7"": 1, ""8"": 1, ""9"": 1, ""10"": 0, ""11"": 1, ""12"": 1, ""13"": 1}",15,"[0.0, 0.0, 0.0, 0.0, 0.0, 0.0, 0.0, 0.0, 0.0, 0.0, 0.0, 0.0, 0.0, 0.0, 0.0]",0.0,0.0,0.0,0.0,0.0,0.0,0.0,0.0,0.0,0.0,0.0,0.0,0.0,0.0,0.0
density_3,3,density,42,45,5018,1,uniform,3,far_from_exit_and_main_road,2,135.2143654283136,374.6006386834197,0.8,14,14,"[1, 1, 1, 1, 1, 1, 1, 1, 1, 1, 1, 1, 1, 1]","{""0"": 1, ""1"": 1, ""2"": 1, ""3"": 1, ""4"": 1, ""5"": 1, ""6"": 1, ""7"": 1, ""8"": 1, ""9"": 1, ""10"": 1, ""11"": 1, ""12"": 1, ""13"": 1}",15,"[0.0, 0.0, 0.0, 0.0, 0.0, 0.0, 0.0, 0.0, 0.0, 0.0, 0.0, 0.0, 0.0, 0.0, 0.0]",0.0,0.0,0.0,0.0,0.0,0.0,0.0,0.0,0.0,0.0,0.0,0.0,0.0,0.0,0.0
density_4,4,density,42,46,5766,3,ring,2,near_main_road,16,134.70201228372753,258.9657045942731,0.8,9,14,"[0, 1, 1, 0, 1, 1, 1, 0, 1, 1, 1, 0, 0, 1]","{""0"": 0, ""1"": 1, ""2"": 1, ""3"": 0, ""4"": 1, ""5"": 1, ""6"": 1, ""7"": 0, ""8"": 1, ""9"": 1, ""10"": 1, ""11"": 0, ""12"": 0, ""13"": 1}",15,"[0.0, 0.0, 0.0, 0.0, 0.0, 0.0, 0.0, 0.0, 0.0, 0.0, 0.0, 0.0, 0.0, 0.0, 0.0]",0.0,0.0,0.0,0.0,0.0,0.0,0.0,0.0,0.0,0.0,0.0,0.0,0.0,0.0,0.0
density_5,5,density,42,47,5757,3,ring,1,near_exit,5,34.374810233712196,214.9597699600272,0.8,13,14,"[1, 1, 1, 1, 1, 1, 1, 1, 1, 1, 1, 0, 1, 1]","{""0"": 1, ""1"": 1, ""2"": 1, ""3"": 1, ""4"": 1, ""5"": 1, ""6"": 1, ""7"": 1, ""8"": 1, ""9"": 1, ""10"": 1, ""11"": 0, ""12"": 1, ""13"": 1}",15,"[0.0, 0.0, 0.0, 0.0, 0.0, 0.0, 0.0, 0.0, 0.0, 0.0, 0.0, 0.0, 0.0, 0.0, 0.0]",0.0,0.0,0.0,0.0,0.0,0.0,0.0,0.0,0.0,0.0,0.0,0.0,0.0,0.0,0.0
risk_01_1,1,risk_01,42,43,3777,2,center,3,far_from_exit_and_main_road,12,86.4655145779252,206.66192820994183,0.8,13,14,"[1, 1, 1, 1, 1, 1, 1, 1, 1, 1, 1, 0, 1, 1]","{""0"": 1, ""1"": 1, ""2"": 1, ""3"": 1, ""4"": 1, ""5"": 1, ""6"": 1, ""7"": 1, ""8"": 1, ""9"": 1, ""10"": 1, ""11"": 0, ""12"": 1, ""13"": 1}",15,"[0.0, 0.0, 0.0, 0.0, 0.0, 0.0, 0.0, 0.0, 0.0, 0.0, 0.0, 0.0, 0.0, 0.0, 0.0]",0.0,0.0,0.0,0.0,0.0,0.0,0.0,0.0,0.0,0.0,0.0,0.0,0.0,0.0,0.0
risk_01_2,2,risk_01,42,44,4831,1,uniform,1,near_exit,6,26.251288073137403,149.61036271601915,0.8,12,14,"[1, 1, 0, 1, 1, 1, 1, 1, 1, 1, 0, 1, 1, 1]","{""0"": 1, ""1"": 1, ""2"": 0, ""3"": 1, ""4"": 1, ""5"": 1, ""6"": 1, ""7"": 1, ""8"": 1, ""9"": 1, ""10"": 0, ""11"": 1, ""12"": 1, ""13"": 1}",15,"[0.0, 0.0, 0.0, 0.0, 0.0, 0.0, 0.0, 0.0, 0.0, 0.0, 0.0, 0.0, 0.0, 0.0, 0.0]",0.0,0.0,0.0,0.0,0.0,0.0,0.0,0.0,0.0,0.0,0.0,0.0,0.0,0.0,0.0
risk_01_3,3,risk_01,42,45,5018,1,uniform,3,far_from_exit_and_main_road,2,135.2143654283136,374.6006386834197,0.8,14,14,"[1, 1, 1, 1, 1, 1, 1, 1, 1, 1, 1, 1, 1, 1]","{""0"": 1, ""1"": 1, ""2"": 1, ""3"": 1, ""4"": 1, ""5"": 1, ""6"": 1, ""7"": 1, ""8"": 1, ""9"": 1, ""10"": 1, ""11"": 1, ""12"": 1, ""13"": 1}",15,"[0.0, 0.0, 0.0, 0.0, 0.0, 0.0, 0.0, 0.0, 0.0, 0.0, 0.0, 0.0, 0.0, 0.0, 0.0]",0.0,0.0,0.0,0.0,0.0,0.0,0.0,0.0,0.0,0.0,0.0,0.0,0.0,0.0,0.0
risk_01_4,4,risk_01,42,46,5766,3,ring,2,near_main_road,16,134.70201228372753,258.9657045942731,0.8,9,14,"[0, 1, 1, 0, 1, 1, 1, 0, 1, 1, 1, 0, 0, 1]","{""0"": 0, ""1"": 1, ""2"": 1, ""3"": 0, ""4"": 1, ""5"": 1, ""6"": 1, ""7"": 0, ""8"": 1, ""9"": 1, ""10"": 1, ""11"": 0, ""12"": 0, ""13"": 1}",15,"[0.0, 0.0, 0.0, 0.0, 0.0, 0.0, 0.0, 0.0, 0.0, 0.0, 0.0, 0.0, 0.0, 0.0, 0.0]",0.0,0.0,0.0,0.0,0.0,0.0,0.0,0.0,0.0,0.0,0.0,0.0,0.0,0.0,0.0
risk_01_5,5,risk_01,42,47,5757,3,ring,1,near_exit,5,34.374810233712196,214.9597699600272,0.8,13,14,"[1, 1, 1, 1, 1, 1, 1, 1, 1, 1, 1, 0, 1, 1]","{""0"": 1, ""1"": 1, ""2"": 1, ""3"": 1, ""4"": 1, ""5"": 1, ""6"": 1, ""7"": 1, ""8"": 1, ""9"": 1, ""10"": 1, ""11"": 0, ""12"": 1, ""13"": 1}",15,"[0.0, 0.0, 0.0, 0.0, 0.0, 0.0, 0.0, 0.0, 0.0, 0.0, 0.0, 0.0, 0.0, 0.0, 0.0]",0.0,0.0,0.0,0.0,0.0,0.0,0.0,0.0,0.0,0.0,0.0,0.0,0.0,0.0,0.0
risk_05_1,1,risk_05,42,43,3777,2,center,3,far_from_exit_and_main_road,12,86.4655145779252,206.66192820994183,0.8,13,14,"[1, 1, 1, 1, 1, 1, 1, 1, 1, 1, 1, 0, 1, 1]","{""0"": 1, ""1"": 1, ""2"": 1, ""3"": 1, ""4"": 1, ""5"": 1, ""6"": 1, ""7"": 1, ""8"": 1, ""9"": 1, ""10"": 1, ""11"": 0, ""12"": 1, ""13"": 1}",15,"[0.0, 0.0, 0.0, 0.0, 0.0, 0.0, 0.0, 0.0, 0.0, 0.0, 0.0, 0.0, 0.0, 0.0, 0.0]",0.0,0.0,0.0,0.0,0.0,0.0,0.0,0.0,0.0,0.0,0.0,0.0,0.0,0.0,0.0
risk_05_2,2,risk_05,42,44,4831,1,uniform,1,near_exit,6,26.251288073137403,149.61036271601915,0.8,12,14,"[1, 1, 0, 1, 1, 1, 1, 1, 1, 1, 0, 1, 1, 1]","{""0"": 1, ""1"": 1, ""2"": 0, ""3"": 1, ""4"": 1, ""5"": 1, ""6"": 1, ""7"": 1, ""8"": 1, ""9"": 1, ""10"": 0, ""11"": 1, ""12"": 1, ""13"": 1}",15,"[0.0, 0.0, 0.0, 0.0, 0.0, 0.0, 0.0, 0.0, 0.0, 0.0, 0.0, 0.0, 0.0, 0.0, 0.0]",0.0,0.0,0.0,0.0,0.0,0.0,0.0,0.0,0.0,0.0,0.0,0.0,0.0,0.0,0.0
risk_05_3,3,risk_05,42,45,5018,1,uniform,3,far_from_exit_and_main_road,2,135.2143654283136,374.6006386834197,0.8,14,14,"[1, 1, 1, 1, 1, 1, 1, 1, 1, 1, 1, 1, 1, 1]","{""0"": 1, ""1"": 1, ""2"": 1, ""3"": 1, ""4"": 1, ""5"": 1, ""6"": 1, ""7"": 1, ""8"": 1, ""9"": 1, ""10"": 1, ""11"": 1, ""12"": 1, ""13"": 1}",15,"[0.0, 0.0, 0.0, 0.0, 0.0, 0.0, 0.0, 0.0, 0.0, 0.0, 0.0, 0.0, 0.0, 0.0, 0.0]",0.0,0.0,0.0,0.0,0.0,0.0,0.0,0.0,0.0,0.0,0.0,0.0,0.0,0.0,0.0
risk_05_4,4,risk_05,42,46,5766,3,ring,2,near_main_road,16,134.70201228372753,258.9657045942731,0.8,9,14,"[0, 1, 1, 0, 1, 1, 1, 0, 1, 1, 1, 0, 0, 1]","{""0"": 0, ""1"": 1, ""2"": 1, ""3"": 0, ""4"": 1, ""5"": 1, ""6"": 1, ""7"": 0, ""8"": 1, ""9"": 1, ""10"": 1, ""11"": 0, ""12"": 0, ""13"": 1}",15,"[0.0, 0.0, 0.0, 0.0, 0.0, 0.0, 0.0, 0.0, 0.0, 0.0, 0.0, 0.0, 0.0, 0.0, 0.0]",0.0,0.0,0.0,0.0,0.0,0.0,0.0,0.0,0.0,0.0,0.0,0.0,0.0,0.0,0.0
risk_05_5,5,risk_05,42,47,5757,3,ring,1,near_exit,5,34.374810233712196,214.9597699600272,0.8,13,14,"[1, 1, 1, 1, 1, 1, 1, 1, 1, 1, 1, 0, 1, 1]","{""0"": 1, ""1"": 1, ""2"": 1, ""3"": 1, ""4"": 1, ""5"": 1, ""6"": 1, ""7"": 1, ""8"": 1, ""9"": 1, ""10"": 1, ""11"": 0, ""12"": 1, ""13"": 1}",15,"[0.0, 0.0, 0.0, 0.0, 0.0, 0.0, 0.0, 0.0, 0.0, 0.0, 0.0, 0.0, 0.0, 0.0, 0.0]",0.0,0.0,0.0,0.0,0.0,0.0,0.0,0.0,0.0,0.0,0.0,0.0,0.0,0.0,0.0
risk_10_1,1,risk_10,42,43,3777,2,center,3,far_from_exit_and_main_road,12,86.4655145779252,206.66192820994183,0.8,13,14,"[1, 1, 1, 1, 1, 1, 1, 1, 1, 1, 1, 0, 1, 1]","{""0"": 1, ""1"": 1, ""2"": 1, ""3"": 1, ""4"": 1, ""5"": 1, ""6"": 1, ""7"": 1, ""8"": 1, ""9"": 1, ""10"": 1, ""11"": 0, ""12"": 1, ""13"": 1}",15,"[0.0, 0.0, 0.0, 0.0, 0.0, 0.0, 0.0, 0.0, 0.0, 0.0, 0.0, 0.0, 0.0, 0.0, 0.0]",0.0,0.0,0.0,0.0,0.0,0.0,0.0,0.0,0.0,0.0,0.0,0.0,0.0,0.0,0.0
risk_10_2,2,risk_10,42,44,4831,1,uniform,1,near_exit,6,26.251288073137403,149.61036271601915,0.8,12,14,"[1, 1, 0, 1, 1, 1, 1, 1, 1, 1, 0, 1, 1, 1]","{""0"": 1, ""1"": 1, ""2"": 0, ""3"": 1, ""4"": 1, ""5"": 1, ""6"": 1, ""7"": 1, ""8"": 1, ""9"": 1, ""10"": 0, ""11"": 1, ""12"": 1, ""13"": 1}",15,"[0.0, 0.0, 0.0, 0.0, 0.0, 0.0, 0.0, 0.0, 0.0, 0.0, 0.0, 0.0, 0.0, 0.0, 0.0]",0.0,0.0,0.0,0.0,0.0,0.0,0.0,0.0,0.0,0.0,0.0,0.0,0.0,0.0,0.0
risk_10_3,3,risk_10,42,45,5018,1,uniform,3,far_from_exit_and_main_road,2,135.2143654283136,374.6006386834197,0.8,14,14,"[1, 1, 1, 1, 1, 1, 1, 1, 1, 1, 1, 1, 1, 1]","{""0"": 1, ""1"": 1, ""2"": 1, ""3"": 1, ""4"": 1, ""5"": 1, ""6"": 1, ""7"": 1, ""8"": 1, ""9"": 1, ""10"": 1, ""11"": 1, ""12"": 1, ""13"": 1}",15,"[0.0, 0.0, 0.0, 0.0, 0.0, 0.0, 0.0, 0.0, 0.0, 0.0, 0.0, 0.0, 0.0, 0.0, 0.0]",0.0,0.0,0.0,0.0,0.0,0.0,0.0,0.0,0.0,0.0,0.0,0.0,0.0,0.0,0.0
risk_10_4,4,risk_10,42,46,5766,3,ring,2,near_main_road,16,134.70201228372753,258.9657045942731,0.8,9,14,"[0, 1, 1, 0, 1, 1, 1, 0, 1, 1, 1, 0, 0, 1]","{""0"": 0, ""1"": 1, ""2"": 1, ""3"": 0, ""4"": 1, ""5"": 1, ""6"": 1, ""7"": 0, ""8"": 1, ""9"": 1, ""10"": 1, ""11"": 0, ""12"": 0, ""13"": 1}",15,"[0.0, 0.0, 0.0, 0.0, 0.0, 0.0, 0.0, 0.0, 0.0, 0.0, 0.0, 0.0, 0.0, 0.0, 0.0]",0.0,0.0,0.0,0.0,0.0,0.0,0.0,0.0,0.0,0.0,0.0,0.0,0.0,0.0,0.0
risk_10_5,5,risk_10,42,47,5757,3,ring,1,near_exit,5,34.374810233712196,214.9597699600272,0.8,13,14,"[1, 1, 1, 1, 1, 1, 1, 1, 1, 1, 1, 0, 1, 1]","{""0"": 1, ""1"": 1, ""2"": 1, ""3"": 1, ""4"": 1, ""5"": 1, ""6"": 1, ""7"": 1, ""8"": 1, ""9"": 1, ""10"": 1, ""11"": 0, ""12"": 1, ""13"": 1}",15,"[0.0, 0.0, 0.0, 0.0, 0.0, 0.0, 0.0, 0.0, 0.0, 0.0, 0.0, 0.0, 0.0, 0.0, 0.0]",0.0,0.0,0.0,0.0,0.0,0.0,0.0,0.0,0.0,0.0,0.0,0.0,0.0,0.0,0.0
risk_50_1,1,risk_50,42,43,3777,2,center,3,far_from_exit_and_main_road,12,86.4655145779252,206.66192820994183,0.8,13,14,"[1, 1, 1, 1, 1, 1, 1, 1, 1, 1, 1, 0, 1, 1]","{""0"": 1, ""1"": 1, ""2"": 1, ""3"": 1, ""4"": 1, ""5"": 1, ""6"": 1, ""7"": 1, ""8"": 1, ""9"": 1, ""10"": 1, ""11"": 0, ""12"": 1, ""13"": 1}",15,"[0.0, 0.0, 0.0, 0.0, 0.0, 0.0, 0.0, 0.0, 0.0, 0.0, 0.0, 0.0, 0.0, 0.0, 0.0]",0.0,0.0,0.0,0.0,0.0,0.0,0.0,0.0,0.0,0.0,0.0,0.0,0.0,0.0,0.0
risk_50_2,2,risk_50,42,44,4831,1,uniform,1,near_exit,6,26.251288073137403,149.61036271601915,0.8,12,14,"[1, 1, 0, 1, 1, 1, 1, 1, 1, 1, 0, 1, 1, 1]","{""0"": 1, ""1"": 1, ""2"": 0, ""3"": 1, ""4"": 1, ""5"": 1, ""6"": 1, ""7"": 1, ""8"": 1, ""9"": 1, ""10"": 0, ""11"": 1, ""12"": 1, ""13"": 1}",15,"[0.0, 0.0, 0.0, 0.0, 0.0, 0.0, 0.0, 0.0, 0.0, 0.0, 0.0, 0.0, 0.0, 0.0, 0.0]",0.0,0.0,0.0,0.0,0.0,0.0,0.0,0.0,0.0,0.0,0.0,0.0,0.0,0.0,0.0
risk_50_3,3,risk_50,42,45,5018,1,uniform,3,far_from_exit_and_main_road,2,135.2143654283136,374.6006386834197,0.8,14,14,"[1, 1, 1, 1, 1, 1, 1, 1, 1, 1, 1, 1, 1, 1]","{""0"": 1, ""1"": 1, ""2"": 1, ""3"": 1, ""4"": 1, ""5"": 1, ""6"": 1, ""7"": 1, ""8"": 1, ""9"": 1, ""10"": 1, ""11"": 1, ""12"": 1, ""13"": 1}",15,"[0.0, 0.0, 0.0, 0.0, 0.0, 0.0, 0.0, 0.0, 0.0, 0.0, 0.0, 0.0, 0.0, 0.0, 0.0]",0.0,0.0,0.0,0.0,0.0,0.0,0.0,0.0,0.0,0.0,0.0,0.0,0.0,0.0,0.0
risk_50_4,4,risk_50,42,46,5766,3,ring,2,near_main_road,16,134.70201228372753,258.9657045942731,0.8,9,14,"[0, 1, 1, 0, 1, 1, 1, 0, 1, 1, 1, 0, 0, 1]","{""0"": 0, ""1"": 1, ""2"": 1, ""3"": 0, ""4"": 1, ""5"": 1, ""6"": 1, ""7"": 0, ""8"": 1, ""9"": 1, ""10"": 1, ""11"": 0, ""12"": 0, ""13"": 1}",15,"[0.0, 0.0, 0.0, 0.0, 0.0, 0.0, 0.0, 0.0, 0.0, 0.0, 0.0, 0.0, 0.0, 0.0, 0.0]",0.0,0.0,0.0,0.0,0.0,0.0,0.0,0.0,0.0,0.0,0.0,0.0,0.0,0.0,0.0
risk_50_5,5,risk_50,42,47,5757,3,ring,1,near_exit,5,34.374810233712196,214.9597699600272,0.8,13,14,"[1, 1, 1, 1, 1, 1, 1, 1, 1, 1, 1, 0, 1, 1]","{""0"": 1, ""1"": 1, ""2"": 1, ""3"": 1, ""4"": 1, ""5"": 1, ""6"": 1, ""7"": 1, ""8"": 1, ""9"": 1, ""10"": 1, ""11"": 0, ""12"": 1, ""13"": 1}",15,"[0.0, 0.0, 0.0, 0.0, 0.0, 0.0, 0.0, 0.0, 0.0, 0.0, 0.0, 0.0, 0.0, 0.0, 0.0]",0.0,0.0,0.0,0.0,0.0,0.0,0.0,0.0,0.0,0.0,0.0,0.0,0.0,0.0,0.0
risk_100_1,1,risk_100,42,43,3777,2,center,3,far_from_exit_and_main_road,12,86.4655145779252,206.66192820994183,0.8,13,14,"[1, 1, 1, 1, 1, 1, 1, 1, 1, 1, 1, 0, 1, 1]","{""0"": 1, ""1"": 1, ""2"": 1, ""3"": 1, ""4"": 1, ""5"": 1, ""6"": 1, ""7"": 1, ""8"": 1, ""9"": 1, ""10"": 1, ""11"": 0, ""12"": 1, ""13"": 1}",15,"[0.0, 0.0, 0.0, 0.0, 0.0, 0.0, 0.0, 0.0, 0.0, 0.0, 0.0, 0.0, 0.0, 0.0, 0.0]",0.0,0.0,0.0,0.0,0.0,0.0,0.0,0.0,0.0,0.0,0.0,0.0,0.0,0.0,0.0
risk_100_2,2,risk_100,42,44,4831,1,uniform,1,near_exit,6,26.251288073137403,149.61036271601915,0.8,12,14,"[1, 1, 0, 1, 1, 1, 1, 1, 1, 1, 0, 1, 1, 1]","{""0"": 1, ""1"": 1, ""2"": 0, ""3"": 1, ""4"": 1, ""5"": 1, ""6"": 1, ""7"": 1, ""8"": 1, ""9"": 1, ""10"": 0, ""11"": 1, ""12"": 1, ""13"": 1}",15,"[0.0, 0.0, 0.0, 0.0, 0.0, 0.0, 0.0, 0.0, 0.0, 0.0, 0.0, 0.0, 0.0, 0.0, 0.0]",0.0,0.0,0.0,0.0,0.0,0.0,0.0,0.0,0.0,0.0,0.0,0.0,0.0,0.0,0.0
risk_100_3,3,risk_100,42,45,5018,1,uniform,3,far_from_exit_and_main_road,2,135.2143654283136,374.6006386834197,0.8,14,14,"[1, 1, 1, 1, 1, 1, 1, 1, 1, 1, 1, 1, 1, 1]","{""0"": 1, ""1"": 1, ""2"": 1, ""3"": 1, ""4"": 1, ""5"": 1, ""6"": 1, ""7"": 1, ""8"": 1, ""9"": 1, ""10"": 1, ""11"": 1, ""12"": 1, ""13"": 1}",15,"[0.0, 0.0, 0.0, 0.0, 0.0, 0.0, 0.0, 0.0, 0.0, 0.0, 0.0, 0.0, 0.0, 0.0, 0.0]",0.0,0.0,0.0,0.0,0.0,0.0,0.0,0.0,0.0,0.0,0.0,0.0,0.0,0.0,0.0
risk_100_4,4,risk_100,42,46,5766,3,ring,2,near_main_road,16,134.70201228372753,258.9657045942731,0.8,9,14,"[0, 1, 1, 0, 1, 1, 1, 0, 1, 1, 1, 0, 0, 1]","{""0"": 0, ""1"": 1, ""2"": 1, ""3"": 0, ""4"": 1, ""5"": 1, ""6"": 1, ""7"": 0, ""8"": 1, ""9"": 1, ""10"": 1, ""11"": 0, ""12"": 0, ""13"": 1}",15,"[0.0, 0.0, 0.0, 0.0, 0.0, 0.0, 0.0, 0.0, 0.0, 0.0, 0.0, 0.0, 0.0, 0.0, 0.0]",0.0,0.0,0.0,0.0,0.0,0.0,0.0,0.0,0.0,0.0,0.0,0.0,0.0,0.0,0.0
risk_100_5,5,risk_100,42,47,5757,3,ring,1,near_exit,5,34.374810233712196,214.9597699600272,0.8,13,14,"[1, 1, 1, 1, 1, 1, 1, 1, 1, 1, 1, 0, 1, 1]","{""0"": 1, ""1"": 1, ""2"": 1, ""3"": 1, ""4"": 1, ""5"": 1, ""6"": 1, ""7"": 1, ""8"": 1, ""9"": 1, ""10"": 1, ""11"": 0, ""12"": 1, ""13"": 1}",15,"[0.0, 0.0, 0.0, 0.0, 0.0, 0.0, 0.0, 0.0, 0.0, 0.0, 0.0, 0.0, 0.0, 0.0, 0.0]",0.0,0.0,0.0,0.0,0.0,0.0,0.0,0.0,0.0,0.0,0.0,0.0,0.0,0.0,0.0
static_1,1,static,42,43,3777,2,center,3,far_from_exit_and_main_road,12,86.4655145779252,206.66192820994183,0.8,13,14,"[1, 1, 1, 1, 1, 1, 1, 1, 1, 1, 1, 0, 1, 1]","{""0"": 1, ""1"": 1, ""2"": 1, ""3"": 1, ""4"": 1, ""5"": 1, ""6"": 1, ""7"": 1, ""8"": 1, ""9"": 1, ""10"": 1, ""11"": 0, ""12"": 1, ""13"": 1}",15,"[0.0, 0.0, 0.0, 0.0, 0.0, 0.0, 0.0, 0.0, 0.0, 0.0, 0.0, 0.0, 0.0, 0.0, 0.0]",0.0,0.0,0.0,0.0,0.0,0.0,0.0,0.0,0.0,0.0,0.0,0.0,0.0,0.0,0.0
static_2,2,static,42,44,4831,1,uniform,1,near_exit,6,26.251288073137403,149.61036271601915,0.8,12,14,"[1, 1, 0, 1, 1, 1, 1, 1, 1, 1, 0, 1, 1, 1]","{""0"": 1, ""1"": 1, ""2"": 0, ""3"": 1, ""4"": 1, ""5"": 1, ""6"": 1, ""7"": 1, ""8"": 1, ""9"": 1, ""10"": 0, ""11"": 1, ""12"": 1, ""13"": 1}",15,"[0.0, 0.0, 0.0, 0.0, 0.0, 0.0, 0.0, 0.0, 0.0, 0.0, 0.0, 0.0, 0.0, 0.0, 0.0]",0.0,0.0,0.0,0.0,0.0,0.0,0.0,0.0,0.0,0.0,0.0,0.0,0.0,0.0,0.0
static_3,3,static,42,45,5018,1,uniform,3,far_from_exit_and_main_road,2,135.2143654283136,374.6006386834197,0.8,14,14,"[1, 1, 1, 1, 1, 1, 1, 1, 1, 1, 1, 1, 1, 1]","{""0"": 1, ""1"": 1, ""2"": 1, ""3"": 1, ""4"": 1, ""5"": 1, ""6"": 1, ""7"": 1, ""8"": 1, ""9"": 1, ""10"": 1, ""11"": 1, ""12"": 1, ""13"": 1}",15,"[0.0, 0.0, 0.0, 0.0, 0.0, 0.0, 0.0, 0.0, 0.0, 0.0, 0.0, 0.0, 0.0, 0.0, 0.0]",0.0,0.0,0.0,0.0,0.0,0.0,0.0,0.0,0.0,0.0,0.0,0.0,0.0,0.0,0.0
static_4,4,static,42,46,5766,3,ring,2,near_main_road,16,134.70201228372753,258.9657045942731,0.8,9,14,"[0, 1, 1, 0, 1, 1, 1, 0, 1, 1, 1, 0, 0, 1]","{""0"": 0, ""1"": 1, ""2"": 1, ""3"": 0, ""4"": 1, ""5"": 1, ""6"": 1, ""7"": 0, ""8"": 1, ""9"": 1, ""10"": 1, ""11"": 0, ""12"": 0, ""13"": 1}",15,"[0.0, 0.0, 0.0, 0.0, 0.0, 0.0, 0.0, 0.0, 0.0, 0.0, 0.0, 0.0, 0.0, 0.0, 0.0]",0.0,0.0,0.0,0.0,0.0,0.0,0.0,0.0,0.0,0.0,0.0,0.0,0.0,0.0,0.0
static_5,5,static,42,47,5757,3,ring,1,near_exit,5,34.374810233712196,214.9597699600272,0.8,13,14,"[1, 1, 1, 1, 1, 1, 1, 1, 1, 1, 1, 0, 1, 1]","{""0"": 1, ""1"": 1, ""2"": 1, ""3"": 1, ""4"": 1, ""5"": 1, ""6"": 1, ""7"": 1, ""8"": 1, ""9"": 1, ""10"": 1, ""11"": 0, ""12"": 1, ""13"": 1}",15,"[0.0, 0.0, 0.0, 0.0, 0.0, 0.0, 0.0, 0.0, 0.0, 0.0, 0.0, 0.0, 0.0, 0.0, 0.0]",0.0,0.0,0.0,0.0,0.0,0.0,0.0,0.0,0.0,0.0,0.0,0.0,0.0,0.0,0.0
density_1,1,density,42,43,3777,2,center,3,far_from_exit_and_main_road,12,86.4655145779252,206.66192820994183,0.8,13,14,"[1, 1, 1, 1, 1, 1, 1, 1, 1, 1, 1, 0, 1, 1]","{""0"": 1, ""1"": 1, ""2"": 1, ""3"": 1, ""4"": 1, ""5"": 1, ""6"": 1, ""7"": 1, ""8"": 1, ""9"": 1, ""10"": 1, ""11"": 0, ""12"": 1, ""13"": 1}",15,"[0.0, 0.0, 0.0, 0.0, 0.0, 0.0, 0.0, 0.0, 0.0, 0.0, 0.0, 0.0, 0.0, 0.0, 0.0]",0.0,0.0,0.0,0.0,0.0,0.0,0.0,0.0,0.0,0.0,0.0,0.0,0.0,0.0,0.0
density_2,2,density,42,44,4831,1,uniform,1,near_exit,6,26.251288073137403,149.61036271601915,0.8,12,14,"[1, 1, 0, 1, 1, 1, 1, 1, 1, 1, 0, 1, 1, 1]","{""0"": 1, ""1"": 1, ""2"": 0, ""3"": 1, ""4"": 1, ""5"": 1, ""6"": 1, ""7"": 1, ""8"": 1, ""9"": 1, ""10"": 0, ""11"": 1, ""12"": 1, ""13"": 1}",15,"[0.0, 0.0, 0.0, 0.0, 0.0, 0.0, 0.0, 0.0, 0.0, 0.0, 0.0, 0.0, 0.0, 0.0, 0.0]",0.0,0.0,0.0,0.0,0.0,0.0,0.0,0.0,0.0,0.0,0.0,0.0,0.0,0.0,0.0
density_3,3,density,42,45,5018,1,uniform,3,far_from_exit_and_main_road,2,135.2143654283136,374.6006386834197,0.8,14,14,"[1, 1, 1, 1, 1, 1, 1, 1, 1, 1, 1, 1, 1, 1]","{""0"": 1, ""1"": 1, ""2"": 1, ""3"": 1, ""4"": 1, ""5"": 1, ""6"": 1, ""7"": 1, ""8"": 1, ""9"": 1, ""10"": 1, ""11"": 1, ""12"": 1, ""13"": 1}",15,"[0.0, 0.0, 0.0, 0.0, 0.0, 0.0, 0.0, 0.0, 0.0, 0.0, 0.0, 0.0, 0.0, 0.0, 0.0]",0.0,0.0,0.0,0.0,0.0,0.0,0.0,0.0,0.0,0.0,0.0,0.0,0.0,0.0,0.0
density_4,4,density,42,46,5766,3,ring,2,near_main_road,16,134.70201228372753,258.9657045942731,0.8,9,14,"[0, 1, 1, 0, 1, 1, 1, 0, 1, 1, 1, 0, 0, 1]","{""0"": 0, ""1"": 1, ""2"": 1, ""3"": 0, ""4"": 1, ""5"": 1, ""6"": 1, ""7"": 0, ""8"": 1, ""9"": 1, ""10"": 1, ""11"": 0, ""12"": 0, ""13"": 1}",15,"[0.0, 0.0, 0.0, 0.0, 0.0, 0.0, 0.0, 0.0, 0.0, 0.0, 0.0, 0.0, 0.0, 0.0, 0.0]",0.0,0.0,0.0,0.0,0.0,0.0,0.0,0.0,0.0,0.0,0.0,0.0,0.0,0.0,0.0
density_5,5,density,42,47,5757,3,ring,1,near_exit,5,34.374810233712196,214.9597699600272,0.8,13,14,"[1, 1, 1, 1, 1, 1, 1, 1, 1, 1, 1, 0, 1, 1]","{""0"": 1, ""1"": 1, ""2"": 1, ""3"": 1, ""4"": 1, ""5"": 1, ""6"": 1, ""7"": 1, ""8"": 1, ""9"": 1, ""10"": 1, ""11"": 0, ""12"": 1, ""13"": 1}",15,"[0.0, 0.0, 0.0, 0.0, 0.0, 0.0, 0.0, 0.0, 0.0, 0.0, 0.0, 0.0, 0.0, 0.0, 0.0]",0.0,0.0,0.0,0.0,0.0,0.0,0.0,0.0,0.0,0.0,0.0,0.0,0.0,0.0,0.0
risk_01_1,1,risk_01,42,43,3777,2,center,3,far_from_exit_and_main_road,12,86.4655145779252,206.66192820994183,0.8,13,14,"[1, 1, 1, 1, 1, 1, 1, 1, 1, 1, 1, 0, 1, 1]","{""0"": 1, ""1"": 1, ""2"": 1, ""3"": 1, ""4"": 1, ""5"": 1, ""6"": 1, ""7"": 1, ""8"": 1, ""9"": 1, ""10"": 1, ""11"": 0, ""12"": 1, ""13"": 1}",15,"[0.0, 0.0, 0.0, 0.0, 0.0, 0.0, 0.0, 0.0, 0.0, 0.0, 0.0, 0.0, 0.0, 0.0, 0.0]",0.0,0.0,0.0,0.0,0.0,0.0,0.0,0.0,0.0,0.0,0.0,0.0,0.0,0.0,0.0
risk_01_2,2,risk_01,42,44,4831,1,uniform,1,near_exit,6,26.251288073137403,149.61036271601915,0.8,12,14,"[1, 1, 0, 1, 1, 1, 1, 1, 1, 1, 0, 1, 1, 1]","{""0"": 1, ""1"": 1, ""2"": 0, ""3"": 1, ""4"": 1, ""5"": 1, ""6"": 1, ""7"": 1, ""8"": 1, ""9"": 1, ""10"": 0, ""11"": 1, ""12"": 1, ""13"": 1}",15,"[0.0, 0.0, 0.0, 0.0, 0.0, 0.0, 0.0, 0.0, 0.0, 0.0, 0.0, 0.0, 0.0, 0.0, 0.0]",0.0,0.0,0.0,0.0,0.0,0.0,0.0,0.0,0.0,0.0,0.0,0.0,0.0,0.0,0.0
risk_01_3,3,risk_01,42,45,5018,1,uniform,3,far_from_exit_and_main_road,2,135.2143654283136,374.6006386834197,0.8,14,14,"[1, 1, 1, 1, 1, 1, 1, 1, 1, 1, 1, 1, 1, 1]","{""0"": 1, ""1"": 1, ""2"": 1, ""3"": 1, ""4"": 1, ""5"": 1, ""6"": 1, ""7"": 1, ""8"": 1, ""9"": 1, ""10"": 1, ""11"": 1, ""12"": 1, ""13"": 1}",15,"[0.0, 0.0, 0.0, 0.0, 0.0, 0.0, 0.0, 0.0, 0.0, 0.0, 0.0, 0.0, 0.0, 0.0, 0.0]",0.0,0.0,0.0,0.0,0.0,0.0,0.0,0.0,0.0,0.0,0.0,0.0,0.0,0.0,0.0
risk_01_4,4,risk_01,42,46,5766,3,ring,2,near_main_road,16,134.70201228372753,258.9657045942731,0.8,9,14,"[0, 1, 1, 0, 1, 1, 1, 0, 1, 1, 1, 0, 0, 1]","{""0"": 0, ""1"": 1, ""2"": 1, ""3"": 0, ""4"": 1, ""5"": 1, ""6"": 1, ""7"": 0, ""8"": 1, ""9"": 1, ""10"": 1, ""11"": 0, ""12"": 0, ""13"": 1}",15,"[0.0, 0.0, 0.0, 0.0, 0.0, 0.0, 0.0, 0.0, 0.0, 0.0, 0.0, 0.0, 0.0, 0.0, 0.0]",0.0,0.0,0.0,0.0,0.0,0.0,0.0,0.0,0.0,0.0,0.0,0.0,0.0,0.0,0.0
risk_01_5,5,risk_01,42,47,5757,3,ring,1,near_exit,5,34.374810233712196,214.9597699600272,0.8,13,14,"[1, 1, 1, 1, 1, 1, 1, 1, 1, 1, 1, 0, 1, 1]","{""0"": 1, ""1"": 1, ""2"": 1, ""3"": 1, ""4"": 1, ""5"": 1, ""6"": 1, ""7"": 1, ""8"": 1, ""9"": 1, ""10"": 1, ""11"": 0, ""12"": 1, ""13"": 1}",15,"[0.0, 0.0, 0.0, 0.0, 0.0, 0.0, 0.0, 0.0, 0.0, 0.0, 0.0, 0.0, 0.0, 0.0, 0.0]",0.0,0.0,0.0,0.0,0.0,0.0,0.0,0.0,0.0,0.0,0.0,0.0,0.0,0.0,0.0
risk_05_1,1,risk_05,42,43,3777,2,center,3,far_from_exit_and_main_road,12,86.4655145779252,206.66192820994183,0.8,13,14,"[1, 1, 1, 1, 1, 1, 1, 1, 1, 1, 1, 0, 1, 1]","{""0"": 1, ""1"": 1, ""2"": 1, ""3"": 1, ""4"": 1, ""5"": 1, ""6"": 1, ""7"": 1, ""8"": 1, ""9"": 1, ""10"": 1, ""11"": 0, ""12"": 1, ""13"": 1}",15,"[0.0, 0.0, 0.0, 0.0, 0.0, 0.0, 0.0, 0.0, 0.0, 0.0, 0.0, 0.0, 0.0, 0.0, 0.0]",0.0,0.0,0.0,0.0,0.0,0.0,0.0,0.0,0.0,0.0,0.0,0.0,0.0,0.0,0.0
risk_05_2,2,risk_05,42,44,4831,1,uniform,1,near_exit,6,26.251288073137403,149.61036271601915,0.8,12,14,"[1, 1, 0, 1, 1, 1, 1, 1, 1, 1, 0, 1, 1, 1]","{""0"": 1, ""1"": 1, ""2"": 0, ""3"": 1, ""4"": 1, ""5"": 1, ""6"": 1, ""7"": 1, ""8"": 1, ""9"": 1, ""10"": 0, ""11"": 1, ""12"": 1, ""13"": 1}",15,"[0.0, 0.0, 0.0, 0.0, 0.0, 0.0, 0.0, 0.0, 0.0, 0.0, 0.0, 0.0, 0.0, 0.0, 0.0]",0.0,0.0,0.0,0.0,0.0,0.0,0.0,0.0,0.0,0.0,0.0,0.0,0.0,0.0,0.0
risk_05_3,3,risk_05,42,45,5018,1,uniform,3,far_from_exit_and_main_road,2,135.2143654283136,374.6006386834197,0.8,14,14,"[1, 1, 1, 1, 1, 1, 1, 1, 1, 1, 1, 1, 1, 1]","{""0"": 1, ""1"": 1, ""2"": 1, ""3"": 1, ""4"": 1, ""5"": 1, ""6"": 1, ""7"": 1, ""8"": 1, ""9"": 1, ""10"": 1, ""11"": 1, ""12"": 1, ""13"": 1}",15,"[0.0, 0.0, 0.0, 0.0, 0.0, 0.0, 0.0, 0.0, 0.0, 0.0, 0.0, 0.0, 0.0, 0.0, 0.0]",0.0,0.0,0.0,0.0,0.0,0.0,0.0,0.0,0.0,0.0,0.0,0.0,0.0,0.0,0.0
risk_05_4,4,risk_05,42,46,5766,3,ring,2,near_main_road,16,134.70201228372753,258.9657045942731,0.8,9,14,"[0, 1, 1, 0, 1, 1, 1, 0, 1, 1, 1, 0, 0, 1]","{""0"": 0, ""1"": 1, ""2"": 1, ""3"": 0, ""4"": 1, ""5"": 1, ""6"": 1, ""7"": 0, ""8"": 1, ""9"": 1, ""10"": 1, ""11"": 0, ""12"": 0, ""13"": 1}",15,"[0.0, 0.0, 0.0, 0.0, 0.0, 0.0, 0.0, 0.0, 0.0, 0.0, 0.0, 0.0, 0.0, 0.0, 0.0]",0.0,0.0,0.0,0.0,0.0,0.0,0.0,0.0,0.0,0.0,0.0,0.0,0.0,0.0,0.0
risk_05_5,5,risk_05,42,47,5757,3,ring,1,near_exit,5,34.374810233712196,214.9597699600272,0.8,13,14,"[1, 1, 1, 1, 1, 1, 1, 1, 1, 1, 1, 0, 1, 1]","{""0"": 1, ""1"": 1, ""2"": 1, ""3"": 1, ""4"": 1, ""5"": 1, ""6"": 1, ""7"": 1, ""8"": 1, ""9"": 1, ""10"": 1, ""11"": 0, ""12"": 1, ""13"": 1}",15,"[0.0, 0.0, 0.0, 0.0, 0.0, 0.0, 0.0, 0.0, 0.0, 0.0, 0.0, 0.0, 0.0, 0.0, 0.0]",0.0,0.0,0.0,0.0,0.0,0.0,0.0,0.0,0.0,0.0,0.0,0.0,0.0,0.0,0.0
risk_10_1,1,risk_10,42,43,3777,2,center,3,far_from_exit_and_main_road,12,86.4655145779252,206.66192820994183,0.8,13,14,"[1, 1, 1, 1, 1, 1, 1, 1, 1, 1, 1, 0, 1, 1]","{""0"": 1, ""1"": 1, ""2"": 1, ""3"": 1, ""4"": 1, ""5"": 1, ""6"": 1, ""7"": 1, ""8"": 1, ""9"": 1, ""10"": 1, ""11"": 0, ""12"": 1, ""13"": 1}",15,"[0.0, 0.0, 0.0, 0.0, 0.0, 0.0, 0.0, 0.0, 0.0, 0.0, 0.0, 0.0, 0.0, 0.0, 0.0]",0.0,0.0,0.0,0.0,0.0,0.0,0.0,0.0,0.0,0.0,0.0,0.0,0.0,0.0,0.0
risk_10_2,2,risk_10,42,44,4831,1,uniform,1,near_exit,6,26.251288073137403,149.61036271601915,0.8,12,14,"[1, 1, 0, 1, 1, 1, 1, 1, 1, 1, 0, 1, 1, 1]","{""0"": 1, ""1"": 1, ""2"": 0, ""3"": 1, ""4"": 1, ""5"": 1, ""6"": 1, ""7"": 1, ""8"": 1, ""9"": 1, ""10"": 0, ""11"": 1, ""12"": 1, ""13"": 1}",15,"[0.0, 0.0, 0.0, 0.0, 0.0, 0.0, 0.0, 0.0, 0.0, 0.0, 0.0, 0.0, 0.0, 0.0, 0.0]",0.0,0.0,0.0,0.0,0.0,0.0,0.0,0.0,0.0,0.0,0.0,0.0,0.0,0.0,0.0
risk_10_3,3,risk_10,42,45,5018,1,uniform,3,far_from_exit_and_main_road,2,135.2143654283136,374.6006386834197,0.8,14,14,"[1, 1, 1, 1, 1, 1, 1, 1, 1, 1, 1, 1, 1, 1]","{""0"": 1, ""1"": 1, ""2"": 1, ""3"": 1, ""4"": 1, ""5"": 1, ""6"": 1, ""7"": 1, ""8"": 1, ""9"": 1, ""10"": 1, ""11"": 1, ""12"": 1, ""13"": 1}",15,"[0.0, 0.0, 0.0, 0.0, 0.0, 0.0, 0.0, 0.0, 0.0, 0.0, 0.0, 0.0, 0.0, 0.0, 0.0]",0.0,0.0,0.0,0.0,0.0,0.0,0.0,0.0,0.0,0.0,0.0,0.0,0.0,0.0,0.0
risk_10_4,4,risk_10,42,46,5766,3,ring,2,near_main_road,16,134.70201228372753,258.9657045942731,0.8,9,14,"[0, 1, 1, 0, 1, 1, 1, 0, 1, 1, 1, 0, 0, 1]","{""0"": 0, ""1"": 1, ""2"": 1, ""3"": 0, ""4"": 1, ""5"": 1, ""6"": 1, ""7"": 0, ""8"": 1, ""9"": 1, ""10"": 1, ""11"": 0, ""12"": 0, ""13"": 1}",15,"[0.0, 0.0, 0.0, 0.0, 0.0, 0.0, 0.0, 0.0, 0.0, 0.0, 0.0, 0.0, 0.0, 0.0, 0.0]",0.0,0.0,0.0,0.0,0.0,0.0,0.0,0.0,0.0,0.0,0.0,0.0,0.0,0.0,0.0
risk_10_5,5,risk_10,42,47,5757,3,ring,1,near_exit,5,34.374810233712196,214.9597699600272,0.8,13,14,"[1, 1, 1, 1, 1, 1, 1, 1, 1, 1, 1, 0, 1, 1]","{""0"": 1, ""1"": 1, ""2"": 1, ""3"": 1, ""4"": 1, ""5"": 1, ""6"": 1, ""7"": 1, ""8"": 1, ""9"": 1, ""10"": 1, ""11"": 0, ""12"": 1, ""13"": 1}",15,"[0.0, 0.0, 0.0, 0.0, 0.0, 0.0, 0.0, 0.0, 0.0, 0.0, 0.0, 0.0, 0.0, 0.0, 0.0]",0.0,0.0,0.0,0.0,0.0,0.0,0.0,0.0,0.0,0.0,0.0,0.0,0.0,0.0,0.0
risk_50_1,1,risk_50,42,43,3777,2,center,3,far_from_exit_and_main_road,12,86.4655145779252,206.66192820994183,0.8,13,14,"[1, 1, 1, 1, 1, 1, 1, 1, 1, 1, 1, 0, 1, 1]","{""0"": 1, ""1"": 1, ""2"": 1, ""3"": 1, ""4"": 1, ""5"": 1, ""6"": 1, ""7"": 1, ""8"": 1, ""9"": 1, ""10"": 1, ""11"": 0, ""12"": 1, ""13"": 1}",15,"[0.0, 0.0, 0.0, 0.0, 0.0, 0.0, 0.0, 0.0, 0.0, 0.0, 0.0, 0.0, 0.0, 0.0, 0.0]",0.0,0.0,0.0,0.0,0.0,0.0,0.0,0.0,0.0,0.0,0.0,0.0,0.0,0.0,0.0
risk_50_2,2,risk_50,42,44,4831,1,uniform,1,near_exit,6,26.251288073137403,149.61036271601915,0.8,12,14,"[1, 1, 0, 1, 1, 1, 1, 1, 1, 1, 0, 1, 1, 1]","{""0"": 1, ""1"": 1, ""2"": 0, ""3"": 1, ""4"": 1, ""5"": 1, ""6"": 1, ""7"": 1, ""8"": 1, ""9"": 1, ""10"": 0, ""11"": 1, ""12"": 1, ""13"": 1}",15,"[0.0, 0.0, 0.0, 0.0, 0.0, 0.0, 0.0, 0.0, 0.0, 0.0, 0.0, 0.0, 0.0, 0.0, 0.0]",0.0,0.0,0.0,0.0,0.0,0.0,0.0,0.0,0.0,0.0,0.0,0.0,0.0,0.0,0.0
risk_50_3,3,risk_50,42,45,5018,1,uniform,3,far_from_exit_and_main_road,2,135.2143654283136,374.6006386834197,0.8,14,14,"[1, 1, 1, 1, 1, 1, 1, 1, 1, 1, 1, 1, 1, 1]","{""0"": 1, ""1"": 1, ""2"": 1, ""3"": 1, ""4"": 1, ""5"": 1, ""6"": 1, ""7"": 1, ""8"": 1, ""9"": 1, ""10"": 1, ""11"": 1, ""12"": 1, ""13"": 1}",15,"[0.0, 0.0, 0.0, 0.0, 0.0, 0.0, 0.0, 0.0, 0.0, 0.0, 0.0, 0.0, 0.0, 0.0, 0.0]",0.0,0.0,0.0,0.0,0.0,0.0,0.0,0.0,0.0,0.0,0.0,0.0,0.0,0.0,0.0
risk_50_4,4,risk_50,42,46,5766,3,ring,2,near_main_road,16,134.70201228372753,258.9657045942731,0.8,9,14,"[0, 1, 1, 0, 1, 1, 1, 0, 1, 1, 1, 0, 0, 1]","{""0"": 0, ""1"": 1, ""2"": 1, ""3"": 0, ""4"": 1, ""5"": 1, ""6"": 1, ""7"": 0, ""8"": 1, ""9"": 1, ""10"": 1, ""11"": 0, ""12"": 0, ""13"": 1}",15,"[0.0, 0.0, 0.0, 0.0, 0.0, 0.0, 0.0, 0.0, 0.0, 0.0, 0.0, 0.0, 0.0, 0.0, 0.0]",0.0,0.0,0.0,0.0,0.0,0.0,0.0,0.0,0.0,0.0,0.0,0.0,0.0,0.0,0.0
risk_50_5,5,risk_50,42,47,5757,3,ring,1,near_exit,5,34.374810233712196,214.9597699600272,0.8,13,14,"[1, 1, 1, 1, 1, 1, 1, 1, 1, 1, 1, 0, 1, 1]","{""0"": 1, ""1"": 1, ""2"": 1, ""3"": 1, ""4"": 1, ""5"": 1, ""6"": 1, ""7"": 1, ""8"": 1, ""9"": 1, ""10"": 1, ""11"": 0, ""12"": 1, ""13"": 1}",15,"[0.0, 0.0, 0.0, 0.0, 0.0, 0.0, 0.0, 0.0, 0.0, 0.0, 0.0, 0.0, 0.0, 0.0, 0.0]",0.0,0.0,0.0,0.0,0.0,0.0,0.0,0.0,0.0,0.0,0.0,0.0,0.0,0.0,0.0
risk_100_1,1,risk_100,42,43,3777,2,center,3,far_from_exit_and_main_road,12,86.4655145779252,206.66192820994183,0.8,13,14,"[1, 1, 1, 1, 1, 1, 1, 1, 1, 1, 1, 0, 1, 1]","{""0"": 1, ""1"": 1, ""2"": 1, ""3"": 1, ""4"": 1, ""5"": 1, ""6"": 1, ""7"": 1, ""8"": 1, ""9"": 1, ""10"": 1, ""11"": 0, ""12"": 1, ""13"": 1}",15,"[0.0, 0.0, 0.0, 0.0, 0.0, 0.0, 0.0, 0.0, 0.0, 0.0, 0.0, 0.0, 0.0, 0.0, 0.0]",0.0,0.0,0.0,0.0,0.0,0.0,0.0,0.0,0.0,0.0,0.0,0.0,0.0,0.0,0.0
risk_100_2,2,risk_100,42,44,4831,1,uniform,1,near_exit,6,26.251288073137403,149.61036271601915,0.8,12,14,"[1, 1, 0, 1, 1, 1, 1, 1, 1, 1, 0, 1, 1, 1]","{""0"": 1, ""1"": 1, ""2"": 0, ""3"": 1, ""4"": 1, ""5"": 1, ""6"": 1, ""7"": 1, ""8"": 1, ""9"": 1, ""10"": 0, ""11"": 1, ""12"": 1, ""13"": 1}",15,"[0.0, 0.0, 0.0, 0.0, 0.0, 0.0, 0.0, 0.0, 0.0, 0.0, 0.0, 0.0, 0.0, 0.0, 0.0]",0.0,0.0,0.0,0.0,0.0,0.0,0.0,0.0,0.0,0.0,0.0,0.0,0.0,0.0,0.0
risk_100_3,3,risk_100,42,45,5018,1,uniform,3,far_from_exit_and_main_road,2,135.2143654283136,374.6006386834197,0.8,14,14,"[1, 1, 1, 1, 1, 1, 1, 1, 1, 1, 1, 1, 1, 1]","{""0"": 1, ""1"": 1, ""2"": 1, ""3"": 1, ""4"": 1, ""5"": 1, ""6"": 1, ""7"": 1, ""8"": 1, ""9"": 1, ""10"": 1, ""11"": 1, ""12"": 1, ""13"": 1}",15,"[0.0, 0.0, 0.0, 0.0, 0.0, 0.0, 0.0, 0.0, 0.0, 0.0, 0.0, 0.0, 0.0, 0.0, 0.0]",0.0,0.0,0.0,0.0,0.0,0.0,0.0,0.0,0.0,0.0,0.0,0.0,0.0,0.0,0.0
risk_100_4,4,risk_100,42,46,5766,3,ring,2,near_main_road,16,134.70201228372753,258.9657045942731,0.8,9,14,"[0, 1, 1, 0, 1, 1, 1, 0, 1, 1, 1, 0, 0, 1]","{""0"": 0, ""1"": 1, ""2"": 1, ""3"": 0, ""4"": 1, ""5"": 1, ""6"": 1, ""7"": 0, ""8"": 1, ""9"": 1, ""10"": 1, ""11"": 0, ""12"": 0, ""13"": 1}",15,"[0.0, 0.0, 0.0, 0.0, 0.0, 0.0, 0.0, 0.0, 0.0, 0.0, 0.0, 0.0, 0.0, 0.0, 0.0]",0.0,0.0,0.0,0.0,0.0,0.0,0.0,0.0,0.0,0.0,0.0,0.0,0.0,0.0,0.0
risk_100_5,5,risk_100,42,47,5757,3,ring,1,near_exit,5,34.374810233712196,214.9597699600272,0.8,13,14,"[1, 1, 1, 1, 1, 1, 1, 1, 1, 1, 1, 0, 1, 1]","{""0"": 1, ""1"": 1, ""2"": 1, ""3"": 1, ""4"": 1, ""5"": 1, ""6"": 1, ""7"": 1, ""8"": 1, ""9"": 1, ""10"": 1, ""11"": 0, ""12"": 1, ""13"": 1}",15,"[0.0, 0.0, 0.0, 0.0, 0.0, 0.0, 0.0, 0.0, 0.0, 0.0, 0.0, 0.0, 0.0, 0.0, 0.0]",0.0,0.0,0.0,0.0,0.0,0.0,0.0,0.0,0.0,0.0,0.0,0.0,0.0,0.0,0.0
static_1,1,static,42,43,3777,2,center,3,far_from_exit_and_main_road,12,86.4655145779252,206.66192820994183,0.8,13,14,"[1, 1, 1, 1, 1, 1, 1, 1, 1, 1, 1, 0, 1, 1]","{""0"": 1, ""1"": 1, ""2"": 1, ""3"": 1, ""4"": 1, ""5"": 1, ""6"": 1, ""7"": 1, ""8"": 1, ""9"": 1, ""10"": 1, ""11"": 0, ""12"": 1, ""13"": 1}",15,"[0.0, 0.0, 0.0, 0.0, 0.0, 0.0, 0.0, 0.0, 0.0, 0.0, 0.0, 0.0, 0.0, 0.0, 0.0]",0.0,0.0,0.0,0.0,0.0,0.0,0.0,0.0,0.0,0.0,0.0,0.0,0.0,0.0,0.0
static_2,2,static,42,44,4831,1,uniform,1,near_exit,6,26.251288073137403,149.61036271601915,0.8,12,14,"[1, 1, 0, 1, 1, 1, 1, 1, 1, 1, 0, 1, 1, 1]","{""0"": 1, ""1"": 1, ""2"": 0, ""3"": 1, ""4"": 1, ""5"": 1, ""6"": 1, ""7"": 1, ""8"": 1, ""9"": 1, ""10"": 0, ""11"": 1, ""12"": 1, ""13"": 1}",15,"[0.0, 0.0, 0.0, 0.0, 0.0, 0.0, 0.0, 0.0, 0.0, 0.0, 0.0, 0.0, 0.0, 0.0, 0.0]",0.0,0.0,0.0,0.0,0.0,0.0,0.0,0.0,0.0,0.0,0.0,0.0,0.0,0.0,0.0
static_3,3,static,42,45,5018,1,uniform,3,far_from_exit_and_main_road,2,135.2143654283136,374.6006386834197,0.8,14,14,"[1, 1, 1, 1, 1, 1, 1, 1, 1, 1, 1, 1, 1, 1]","{""0"": 1, ""1"": 1, ""2"": 1, ""3"": 1, ""4"": 1, ""5"": 1, ""6"": 1, ""7"": 1, ""8"": 1, ""9"": 1, ""10"": 1, ""11"": 1, ""12"": 1, ""13"": 1}",15,"[0.0, 0.0, 0.0, 0.0, 0.0, 0.0, 0.0, 0.0, 0.0, 0.0, 0.0, 0.0, 0.0, 0.0, 0.0]",0.0,0.0,0.0,0.0,0.0,0.0,0.0,0.0,0.0,0.0,0.0,0.0,0.0,0.0,0.0
static_4,4,static,42,46,5766,3,ring,2,near_main_road,16,134.70201228372753,258.9657045942731,0.8,9,14,"[0, 1, 1, 0, 1, 1, 1, 0, 1, 1, 1, 0, 0, 1]","{""0"": 0, ""1"": 1, ""2"": 1, ""3"": 0, ""4"": 1, ""5"": 1, ""6"": 1, ""7"": 0, ""8"": 1, ""9"": 1, ""10"": 1, ""11"": 0, ""12"": 0, ""13"": 1}",15,"[0.0, 0.0, 0.0, 0.0, 0.0, 0.0, 0.0, 0.0, 0.0, 0.0, 0.0, 0.0, 0.0, 0.0, 0.0]",0.0,0.0,0.0,0.0,0.0,0.0,0.0,0.0,0.0,0.0,0.0,0.0,0.0,0.0,0.0
static_5,5,static,42,47,5757,3,ring,1,near_exit,5,34.374810233712196,214.9597699600272,0.8,13,14,"[1, 1, 1, 1, 1, 1, 1, 1, 1, 1, 1, 0, 1, 1]","{""0"": 1, ""1"": 1, ""2"": 1, ""3"": 1, ""4"": 1, ""5"": 1, ""6"": 1, ""7"": 1, ""8"": 1, ""9"": 1, ""10"": 1, ""11"": 0, ""12"": 1, ""13"": 1}",15,"[0.0, 0.0, 0.0, 0.0, 0.0, 0.0, 0.0, 0.0, 0.0, 0.0, 0.0, 0.0, 0.0, 0.0, 0.0]",0.0,0.0,0.0,0.0,0.0,0.0,0.0,0.0,0.0,0.0,0.0,0.0,0.0,0.0,0.0
static_6,6,static,42,48,5482,2,center,2,near_main_road,9,180.08427936211228,352.65582518512383,0.8,11,14,"[1, 1, 1, 1, 0, 1, 1, 1, 0, 0, 1, 1, 1, 1]","{""0"": 1, ""1"": 1, ""2"": 1, ""3"": 1, ""4"": 0, ""5"": 1, ""6"": 1, ""7"": 1, ""8"": 0, ""9"": 0, ""10"": 1, ""11"": 1, ""12"": 1, ""13"": 1}",15,"[0.0, 0.0, 0.0, 0.0, 0.0, 0.0, 0.0, 0.0, 0.0, 0.0, 0.0, 0.0, 0.0, 0.0, 0.0]",0.0,0.0,0.0,0.0,0.0,0.0,0.0,0.0,0.0,0.0,0.0,0.0,0.0,0.0,0.0
static_7,7,static,42,49,4348,3,ring,3,far_from_exit_and_main_road,19,166.7272846736014,178.37646883539855,0.8,13,14,"[1, 1, 1, 1, 1, 1, 1, 1, 1, 1, 1, 1, 0, 1]","{""0"": 1, ""1"": 1, ""2"": 1, ""3"": 1, ""4"": 1, ""5"": 1, ""6"": 1, ""7"": 1, ""8"": 1, ""9"": 1, ""10"": 1, ""11"": 1, ""12"": 0, ""13"": 1}",15,"[0.0, 0.0, 0.0, 0.0, 0.0, 0.0, 0.0, 0.0, 0.0, 0.0, 0.0, 0.0, 0.0, 0.0, 0.0]",0.0,0.0,0.0,0.0,0.0,0.0,0.0,0.0,0.0,0.0,0.0,0.0,0.0,0.0,0.0
static_8,8,static,42,50,2774,3,ring,2,near_main_road,14,65.86150634847581,146.12098523322493,0.8,11,14,"[1, 1, 1, 1, 1, 0, 1, 1, 1, 1, 1, 0, 0, 1]","{""0"": 1, ""1"": 1, ""2"": 1, ""3"": 1, ""4"": 1, ""5"": 0, ""6"": 1, ""7"": 1, ""8"": 1, ""9"": 1, ""10"": 1, ""11"": 0, ""12"": 0, ""13"": 1}",15,"[0.0, 0.0, 0.0, 0.0, 0.0, 0.0, 0.0, 0.0, 0.0, 0.0, 0.0, 0.0, 0.0, 0.0, 0.0]",0.0,0.0,0.0,0.0,0.0,0.0,0.0,0.0,0.0,0.0,0.0,0.0,0.0,0.0,0.0
static_9,9,static,42,51,3137,1,uniform,1,near_exit,11,74.4658822324127,300.26813259813935,0.8,11,14,"[1, 1, 1, 0, 1, 1, 0, 1, 0, 1, 1, 1, 1, 1]","{""0"": 1, ""1"": 1, ""2"": 1, ""3"": 0, ""4"": 1, ""5"": 1, ""6"": 0, ""7"": 1, ""8"": 0, ""9"": 1, ""10"": 1, ""11"": 1, ""12"": 1, ""13"": 1}",15,"[0.0, 0.0, 0.0, 0.0, 0.0, 0.0, 0.0, 0.0, 0.0, 0.0, 0.0, 0.0, 0.0, 0.0, 0.0]",0.0,0.0,0.0,0.0,0.0,0.0,0.0,0.0,0.0,0.0,0.0,0.0,0.0,0.0,0.0
static_10,10,static,42,52,3585,3,ring,1,near_exit,11,74.4658822324127,300.26813259813935,0.8,10,14,"[0, 1, 1, 1, 0, 1, 0, 1, 0, 1, 1, 1, 1, 1]","{""0"": 0, ""1"": 1, ""2"": 1, ""3"": 1, ""4"": 0, ""5"": 1, ""6"": 0, ""7"": 1, ""8"": 0, ""9"": 1, ""10"": 1, ""11"": 1, ""12"": 1, ""13"": 1}",15,"[0.0, 0.0, 0.0, 0.0, 0.0, 0.0, 0.0, 0.0, 0.0, 0.0, 0.0, 0.0, 0.0, 0.0, 0.0]",0.0,0.0,0.0,0.0,0.0,0.0,0.0,0.0,0.0,0.0,0.0,0.0,0.0,0.0,0.0
static_11,11,static,42,53,5041,2,center,2,near_main_road,12,154.97150951996446,181.80336326546967,0.8,10,14,"[1, 0, 1, 1, 0, 1, 1, 1, 0, 1, 1, 0, 1, 1]","{""0"": 1, ""1"": 0, ""2"": 1, ""3"": 1, ""4"": 0, ""5"": 1, ""6"": 1, ""7"": 1, ""8"": 0, ""9"": 1, ""10"": 1, ""11"": 0, ""12"": 1, ""13"": 1}",15,"[0.0, 0.0, 0.0, 0.0, 0.0, 0.0, 0.0, 0.0, 0.0, 0.0, 0.0, 0.0, 0.0, 0.0, 0.0]",0.0,0.0,0.0,0.0,0.0,0.0,0.0,0.0,0.0,0.0,0.0,0.0,0.0,0.0,0.0
static_12,12,static,42,54,4248,1,uniform,1,near_exit,9,99.46174082159996,359.97675951663405,0.8,9,14,"[0, 1, 1, 1, 0, 1, 1, 1, 1, 0, 0, 1, 1, 0]","{""0"": 0, ""1"": 1, ""2"": 1, ""3"": 1, ""4"": 0, ""5"": 1, ""6"": 1, ""7"": 1, ""8"": 1, ""9"": 0, ""10"": 0, ""11"": 1, ""12"": 1, ""13"": 0}",15,"[0.0, 0.0, 0.0, 0.0, 0.0, 0.0, 0.0, 0.0, 0.0, 0.0, 0.0, 0.0, 0.0, 0.0, 0.0]",0.0,0.0,0.0,0.0,0.0,0.0,0.0,0.0,0.0,0.0,0.0,0.0,0.0,0.0,0.0
static_13,13,static,42,55,4945,1,uniform,1,near_exit,2,218.32077577710152,98.24949029041454,0.8,11,14,"[1, 0, 1, 1, 0, 1, 1, 1, 1, 0, 1, 1, 1, 1]","{""0"": 1, ""1"": 0, ""2"": 1, ""3"": 1, ""4"": 0, ""5"": 1, ""6"": 1, ""7"": 1, ""8"": 1, ""9"": 0, ""10"": 1, ""11"": 1, ""12"": 1, ""13"": 1}",15,"[0.0, 0.0, 0.0, 0.0, 0.0, 0.0, 0.0, 0.0, 0.0, 0.0, 0.0, 0.0, 0.0, 0.0, 0.0]",0.0,0.0,0.0,0.0,0.0,0.0,0.0,0.0,0.0,0.0,0.0,0.0,0.0,0.0,0.0
static_14,14,static,42,56,2863,3,ring,1,near_exit,3,266.886261947453,161.88702389178798,0.8,11,14,"[0, 1, 1, 1, 1, 0, 1, 1, 1, 1, 1, 0, 1, 1]","{""0"": 0, ""1"": 1, ""2"": 1, ""3"": 1, ""4"": 1, ""5"": 0, ""6"": 1, ""7"": 1, ""8"": 1, ""9"": 1, ""10"": 1, ""11"": 0, ""12"": 1, ""13"": 1}",15,"[0.0, 0.0, 0.0, 0.0, 0.0, 0.0, 0.0, 0.0, 0.0, 0.0, 0.0, 0.0, 0.0, 0.0, 0.0]",0.0,0.0,0.0,0.0,0.0,0.0,0.0,0.0,0.0,0.0,0.0,0.0,0.0,0.0,0.0
static_15,15,static,42,57,2445,3,ring,3,far_from_exit_and_main_road,18,220.97559298947453,223.2789021898061,0.8,11,14,"[1, 1, 1, 1, 0, 1, 0, 1, 0, 1, 1, 1, 1, 1]","{""0"": 1, ""1"": 1, ""2"": 1, ""3"": 1, ""4"": 0, ""5"": 1, ""6"": 0, ""7"": 1, ""8"": 0, ""9"": 1, ""10"": 1, ""11"": 1, ""12"": 1, ""13"": 1}",15,"[0.0, 0.0, 0.0, 0.0, 0.0, 0.0, 0.0, 0.0, 0.0, 0.0, 0.0, 0.0, 0.0, 0.0, 0.0]",0.0,0.0,0.0,0.0,0.0,0.0,0.0,0.0,0.0,0.0,0.0,0.0,0.0,0.0,0.0
static_16,16,static,42,58,4005,1,uniform,2,near_main_road,5,193.32523366622627,216.92377928225324,0.8,9,14,"[1, 1, 1, 0, 1, 1, 1, 1, 0, 0, 0, 1, 0, 1]","{""0"": 1, ""1"": 1, ""2"": 1, ""3"": 0, ""4"": 1, ""5"": 1, ""6"": 1, ""7"": 1, ""8"": 0, ""9"": 0, ""10"": 0, ""11"": 1, ""12"": 0, ""13"": 1}",15,"[0.0, 0.0, 0.0, 0.0, 0.0, 0.0, 0.0, 0.0, 0.0, 0.0, 0.0, 0.0, 0.0, 0.0, 0.0]",0.0,0.0,0.0,0.0,0.0,0.0,0.0,0.0,0.0,0.0,0.0,0.0,0.0,0.0,0.0
static_17,17,static,42,59,3388,2,center,1,near_exit,2,218.32077577710152,98.24949029041454,0.8,9,14,"[1, 0, 0, 1, 0, 1, 1, 1, 0, 1, 0, 1, 1, 1]","{""0"": 1, ""1"": 0, ""2"": 0, ""3"": 1, ""4"": 0, ""5"": 1, ""6"": 1, ""7"": 1, ""8"": 0, ""9"": 1, ""10"": 0, ""11"": 1, ""12"": 1, ""13"": 1}",15,"[0.0, 0.0, 0.0, 0.0, 0.0, 0.0, 0.0, 0.0, 0.0, 0.0, 0.0, 0.0, 0.0, 0.0, 0.0]",0.0,0.0,0.0,0.0,0.0,0.0,0.0,0.0,0.0,0.0,0.0,0.0,0.0,0.0,0.0
static_18,18,static,42,60,2037,3,ring,1,near_exit,4,253.88965937122703,250.78205533977598,0.8,11,14,"[1, 1, 1, 0, 1, 1, 0, 1, 0, 1, 1, 1, 1, 1]","{""0"": 1, ""1"": 1, ""2"": 1, ""3"": 0, ""4"": 1, ""5"": 1, ""6"": 0, ""7"": 1, ""8"": 0, ""9"": 1, ""10"": 1, ""11"": 1, ""12"": 1, ""13"": 1}",15,"[0.0, 0.0, 0.0, 0.0, 0.0, 0.0, 0.0, 0.0, 0.0, 0.0, 0.0, 0.0, 0.0, 0.0, 0.0]",0.0,0.0,0.0,0.0,0.0,0.0,0.0,0.0,0.0,0.0,0.0,0.0,0.0,0.0,0.0
static_19,19,static,42,61,4600,2,center,3,far_from_exit_and_main_road,11,107.66569153219461,244.24434981588274,0.8,12,14,"[1, 1, 0, 1, 1, 1, 1, 1, 1, 1, 1, 1, 0, 1]","{""0"": 1, ""1"": 1, ""2"": 0, ""3"": 1, ""4"": 1, ""5"": 1, ""6"": 1, ""7"": 1, ""8"": 1, ""9"": 1, ""10"": 1, ""11"": 1, ""12"": 0, ""13"": 1}",15,"[0.0, 0.0, 0.0, 0.0, 0.0, 0.0, 0.0, 0.0, 0.0, 0.0, 0.0, 0.0, 0.0, 0.0, 0.0]",0.0,0.0,0.0,0.0,0.0,0.0,0.0,0.0,0.0,0.0,0.0,0.0,0.0,0.0,0.0
static_20,20,static,42,62,4124,2,center,1,near_exit,4,253.88965937122703,250.78205533977598,0.8,9,14,"[0, 1, 0, 1, 1, 0, 1, 1, 1, 0, 0, 1, 1, 1]","{""0"": 0, ""1"": 1, ""2"": 0, ""3"": 1, ""4"": 1, ""5"": 0, ""6"": 1, ""7"": 1, ""8"": 1, ""9"": 0, ""10"": 0, ""11"": 1, ""12"": 1, ""13"": 1}",15,"[0.0, 0.0, 0.0, 0.0, 0.0, 0.0, 0.0, 0.0, 0.0, 0.0, 0.0, 0.0, 0.0, 0.0, 0.0]",0.0,0.0,0.0,0.0,0.0,0.0,0.0,0.0,0.0,0.0,0.0,0.0,0.0,0.0,0.0
static_21,21,static,42,63,5569,1,uniform,1,near_exit,3,266.886261947453,161.88702389178798,0.8,11,14,"[1, 1, 0, 1, 1, 1, 1, 1, 1, 1, 0, 1, 1, 0]","{""0"": 1, ""1"": 1, ""2"": 0, ""3"": 1, ""4"": 1, ""5"": 1, ""6"": 1, ""7"": 1, ""8"": 1, ""9"": 1, ""10"": 0, ""11"": 1, ""12"": 1, ""13"": 0}",15,"[0.0, 0.0, 0.0, 0.0, 0.0, 0.0, 0.0, 0.0, 0.0, 0.0, 0.0, 0.0, 0.0, 0.0, 0.0]",0.0,0.0,0.0,0.0,0.0,0.0,0.0,0.0,0.0,0.0,0.0,0.0,0.0,0.0,0.0
static_22,22,static,42,64,3802,3,ring,1,near_exit,10,88.6747558992356,336.96034401934594,0.8,8,14,"[1, 1, 1, 0, 1, 0, 1, 0, 0, 1, 0, 1, 1, 0]","{""0"": 1, ""1"": 1, ""2"": 1, ""3"": 0, ""4"": 1, ""5"": 0, ""6"": 1, ""7"": 0, ""8"": 0, ""9"": 1, ""10"": 0, ""11"": 1, ""12"": 1, ""13"": 0}",15,"[0.0, 0.0, 0.0, 0.0, 0.0, 0.0, 0.0, 0.0, 0.0, 0.0, 0.0, 0.0, 0.0, 0.0, 0.0]",0.0,0.0,0.0,0.0,0.0,0.0,0.0,0.0,0.0,0.0,0.0,0.0,0.0,0.0,0.0
static_23,23,static,42,65,2187,3,ring,3,far_from_exit_and_main_road,4,157.20234358869493,387.1448321295902,0.8,12,14,"[1, 1, 0, 1, 1, 1, 1, 1, 0, 1, 1, 1, 1, 1]","{""0"": 1, ""1"": 1, ""2"": 0, ""3"": 1, ""4"": 1, ""5"": 1, ""6"": 1, ""7"": 1, ""8"": 0, ""9"": 1, ""10"": 1, ""11"": 1, ""12"": 1, ""13"": 1}",15,"[0.0, 0.0, 0.0, 0.0, 0.0, 0.0, 0.0, 0.0, 0.0, 0.0, 0.0, 0.0, 0.0, 0.0, 0.0]",0.0,0.0,0.0,0.0,0.0,0.0,0.0,0.0,0.0,0.0,0.0,0.0,0.0,0.0,0.0
static_24,24,static,42,66,3488,3,ring,2,near_main_road,17,146.94398586079478,116.57973352074623,0.8,12,14,"[1, 1, 1, 1, 1, 0, 1, 1, 0, 1, 1, 1, 1, 1]","{""0"": 1, ""1"": 1, ""2"": 1, ""3"": 1, ""4"": 1, ""5"": 0, ""6"": 1, ""7"": 1, ""8"": 0, ""9"": 1, ""10"": 1, ""11"": 1, ""12"": 1, ""13"": 1}",15,"[0.0, 0.0, 0.0, 0.0, 0.0, 0.0, 0.0, 0.0, 0.0, 0.0, 0.0, 0.0, 0.0, 0.0, 0.0]",0.0,0.0,0.0,0.0,0.0,0.0,0.0,0.0,0.0,0.0,0.0,0.0,0.0,0.0,0.0
static_25,25,static,42,67,2391,1,uniform,1,near_exit,5,34.374810233712196,214.9597699600272,0.8,11,14,"[1, 1, 0, 1, 0, 1, 1, 0, 1, 1, 1, 1, 1, 1]","{""0"": 1, ""1"": 1, ""2"": 0, ""3"": 1, ""4"": 0, ""5"": 1, ""6"": 1, ""7"": 0, ""8"": 1, ""9"": 1, ""10"": 1, ""11"": 1, ""12"": 1, ""13"": 1}",15,"[0.0, 0.0, 0.0, 0.0, 0.0, 0.0, 0.0, 0.0, 0.0, 0.0, 0.0, 0.0, 0.0, 0.0, 0.0]",0.0,0.0,0.0,0.0,0.0,0.0,0.0,0.0,0.0,0.0,0.0,0.0,0.0,0.0,0.0
static_26,26,static,42,68,5202,3,ring,2,near_main_road,16,134.70201228372753,258.9657045942731,0.8,10,14,"[1, 0, 1, 0, 1, 1, 1, 1, 0, 1, 0, 1, 1, 1]","{""0"": 1, ""1"": 0, ""2"": 1, ""3"": 0, ""4"": 1, ""5"": 1, ""6"": 1, ""7"": 1, ""8"": 0, ""9"": 1, ""10"": 0, ""11"": 1, ""12"": 1, ""13"": 1}",15,"[0.0, 0.0, 0.0, 0.0, 0.0, 0.0, 0.0, 0.0, 0.0, 0.0, 0.0, 0.0, 0.0, 0.0, 0.0]",0.0,0.0,0.0,0.0,0.0,0.0,0.0,0.0,0.0,0.0,0.0,0.0,0.0,0.0,0.0
static_27,27,static,42,69,3803,2,center,2,near_main_road,5,193.32523366622627,216.92377928225324,0.8,10,14,"[1, 1, 1, 1, 1, 0, 1, 0, 1, 0, 1, 0, 1, 1]","{""0"": 1, ""1"": 1, ""2"": 1, ""3"": 1, ""4"": 1, ""5"": 0, ""6"": 1, ""7"": 0, ""8"": 1, ""9"": 0, ""10"": 1, ""11"": 0, ""12"": 1, ""13"": 1}",15,"[0.0, 0.0, 0.0, 0.0, 0.0, 0.0, 0.0, 0.0, 0.0, 0.0, 0.0, 0.0, 0.0, 0.0, 0.0]",0.0,0.0,0.0,0.0,0.0,0.0,0.0,0.0,0.0,0.0,0.0,0.0,0.0,0.0,0.0
static_28,28,static,42,70,3129,2,center,2,near_main_road,3,90.1036622915417,273.10059678182006,0.8,12,14,"[0, 1, 1, 1, 0, 1, 1, 1, 1, 1, 1, 1, 1, 1]","{""0"": 0, ""1"": 1, ""2"": 1, ""3"": 1, ""4"": 0, ""5"": 1, ""6"": 1, ""7"": 1, ""8"": 1, ""9"": 1, ""10"": 1, ""11"": 1, ""12"": 1, ""13"": 1}",15,"[0.0, 0.0, 0.0, 0.0, 0.0, 0.0, 0.0, 0.0, 0.0, 0.0, 0.0, 0.0, 0.0, 0.0, 0.0]",0.0,0.0,0.0,0.0,0.0,0.0,0.0,0.0,0.0,0.0,0.0,0.0,0.0,0.0,0.0
static_29,29,static,42,71,5115,1,uniform,1,near_exit,8,196.78927944786847,446.820492007304,0.8,10,14,"[1, 1, 1, 0, 0, 0, 1, 1, 1, 1, 1, 1, 1, 0]","{""0"": 1, ""1"": 1, ""2"": 1, ""3"": 0, ""4"": 0, ""5"": 0, ""6"": 1, ""7"": 1, ""8"": 1, ""9"": 1, ""10"": 1, ""11"": 1, ""12"": 1, ""13"": 0}",15,"[0.0, 0.0, 0.0, 0.0, 0.0, 0.0, 0.0, 0.0, 0.0, 0.0, 0.0, 0.0, 0.0, 0.0, 0.0]",0.0,0.0,0.0,0.0,0.0,0.0,0.0,0.0,0.0,0.0,0.0,0.0,0.0,0.0,0.0
static_30,30,static,42,72,4834,2,center,2,near_main_road,13,207.4848934672773,150.69670907920226,0.8,12,14,"[1, 1, 0, 1, 1, 1, 1, 1, 1, 0, 1, 1, 1, 1]","{""0"": 1, ""1"": 1, ""2"": 0, ""3"": 1, ""4"": 1, ""5"": 1, ""6"": 1, ""7"": 1, ""8"": 1, ""9"": 0, ""10"": 1, ""11"": 1, ""12"": 1, ""13"": 1}",15,"[0.0, 0.0, 0.0, 0.0, 0.0, 0.0, 0.0, 0.0, 0.0, 0.0, 0.0, 0.0, 0.0, 0.0, 0.0]",0.0,0.0,0.0,0.0,0.0,0.0,0.0,0.0,0.0,0.0,0.0,0.0,0.0,0.0,0.0
static_31,31,static,42,73,4265,1,uniform,2,near_main_road,1,198.32551720924675,427.5889890268445,0.8,14,14,"[1, 1, 1, 1, 1, 1, 1, 1, 1, 1, 1, 1, 1, 1]","{""0"": 1, ""1"": 1, ""2"": 1, ""3"": 1, ""4"": 1, ""5"": 1, ""6"": 1, ""7"": 1, ""8"": 1, ""9"": 1, ""10"": 1, ""11"": 1, ""12"": 1, ""13"": 1}",15,"[0.0, 0.0, 0.0, 0.0, 0.0, 0.0, 0.0, 0.0, 0.0, 0.0, 0.0, 0.0, 0.0, 0.0, 0.0]",0.0,0.0,0.0,0.0,0.0,0.0,0.0,0.0,0.0,0.0,0.0,0.0,0.0,0.0,0.0
static_32,32,static,42,74,2012,3,ring,3,far_from_exit_and_main_road,13,83.91668662056327,167.85010003577918,0.8,10,14,"[0, 1, 1, 1, 1, 0, 0, 1, 1, 1, 0, 1, 1, 1]","{""0"": 0, ""1"": 1, ""2"": 1, ""3"": 1, ""4"": 1, ""5"": 0, ""6"": 0, ""7"": 1, ""8"": 1, ""9"": 1, ""10"": 0, ""11"": 1, ""12"": 1, ""13"": 1}",15,"[0.0, 0.0, 0.0, 0.0, 0.0, 0.0, 0.0, 0.0, 0.0, 0.0, 0.0, 0.0, 0.0, 0.0, 0.0]",0.0,0.0,0.0,0.0,0.0,0.0,0.0,0.0,0.0,0.0,0.0,0.0,0.0,0.0,0.0
static_33,33,static,42,75,3028,3,ring,2,near_main_road,2,121.50282700546086,359.87158203404397,0.8,12,14,"[1, 1, 1, 1, 1, 1, 1, 1, 0, 1, 1, 0, 1, 1]","{""0"": 1, ""1"": 1, ""2"": 1, ""3"": 1, ""4"": 1, ""5"": 1, ""6"": 1, ""7"": 1, ""8"": 0, ""9"": 1, ""10"": 1, ""11"": 0, ""12"": 1, ""13"": 1}",15,"[0.0, 0.0, 0.0, 0.0, 0.0, 0.0, 0.0, 0.0, 0.0, 0.0, 0.0, 0.0, 0.0, 0.0, 0.0]",0.0,0.0,0.0,0.0,0.0,0.0,0.0,0.0,0.0,0.0,0.0,0.0,0.0,0.0,0.0
static_34,34,static,42,76,4699,1,uniform,2,near_main_road,5,193.32523366622627,216.92377928225324,0.8,11,14,"[1, 0, 1, 1, 1, 1, 1, 0, 1, 1, 0, 1, 1, 1]","{""0"": 1, ""1"": 0, ""2"": 1, ""3"": 1, ""4"": 1, ""5"": 1, ""6"": 1, ""7"": 0, ""8"": 1, ""9"": 1, ""10"": 0, ""11"": 1, ""12"": 1, ""13"": 1}",15,"[0.0, 0.0, 0.0, 0.0, 0.0, 0.0, 0.0, 0.0, 0.0, 0.0, 0.0, 0.0, 0.0, 0.0, 0.0]",0.0,0.0,0.0,0.0,0.0,0.0,0.0,0.0,0.0,0.0,0.0,0.0,0.0,0.0,0.0
static_35,35,static,42,77,2707,2,center,3,far_from_exit_and_main_road,2,135.2143654283136,374.6006386834197,0.8,11,14,"[1, 1, 1, 0, 1, 1, 1, 1, 1, 1, 1, 0, 1, 0]","{""0"": 1, ""1"": 1, ""2"": 1, ""3"": 0, ""4"": 1, ""5"": 1, ""6"": 1, ""7"": 1, ""8"": 1, ""9"": 1, ""10"": 1, ""11"": 0, ""12"": 1, ""13"": 0}",15,"[0.0, 0.0, 0.0, 0.0, 0.0, 0.0, 0.0, 0.0, 0.0, 0.0, 0.0, 0.0, 0.0, 0.0, 0.0]",0.0,0.0,0.0,0.0,0.0,0.0,0.0,0.0,0.0,0.0,0.0,0.0,0.0,0.0,0.0
static_36,36,static,42,78,5416,1,uniform,1,near_exit,3,266.886261947453,161.88702389178798,0.8,12,14,"[0, 1, 0, 1, 1, 1, 1, 1, 1, 1, 1, 1, 1, 1]","{""0"": 0, ""1"": 1, ""2"": 0, ""3"": 1, ""4"": 1, ""5"": 1, ""6"": 1, ""7"": 1, ""8"": 1, ""9"": 1, ""10"": 1, ""11"": 1, ""12"": 1, ""13"": 1}",15,"[0.0, 0.0, 0.0, 0.0, 0.0, 0.0, 0.0, 0.0, 0.0, 0.0, 0.0, 0.0, 0.0, 0.0, 0.0]",0.0,0.0,0.0,0.0,0.0,0.0,0.0,0.0,0.0,0.0,0.0,0.0,0.0,0.0,0.0
static_37,37,static,42,79,5349,2,center,3,far_from_exit_and_main_road,16,67.33770958334208,107.10279587097466,0.8,12,14,"[1, 1, 1, 1, 1, 1, 1, 1, 0, 1, 1, 1, 0, 1]","{""0"": 1, ""1"": 1, ""2"": 1, ""3"": 1, ""4"": 1, ""5"": 1, ""6"": 1, ""7"": 1, ""8"": 0, ""9"": 1, ""10"": 1, ""11"": 1, ""12"": 0, ""13"": 1}",15,"[0.0, 0.0, 0.0, 0.0, 0.0, 0.0, 0.0, 0.0, 0.0, 0.0, 0.0, 0.0, 0.0, 0.0, 0.0]",0.0,0.0,0.0,0.0,0.0,0.0,0.0,0.0,0.0,0.0,0.0,0.0,0.0,0.0,0.0
static_38,38,static,42,80,5874,1,uniform,2,near_main_road,9,180.08427936211228,352.65582518512383,0.8,9,14,"[1, 1, 1, 0, 1, 1, 1, 1, 0, 0, 0, 0, 1, 1]","{""0"": 1, ""1"": 1, ""2"": 1, ""3"": 0, ""4"": 1, ""5"": 1, ""6"": 1, ""7"": 1, ""8"": 0, ""9"": 0, ""10"": 0, ""11"": 0, ""12"": 1, ""13"": 1}",15,"[0.0, 0.0, 0.0, 0.0, 0.0, 0.0, 0.0, 0.0, 0.0, 0.0, 0.0, 0.0, 0.0, 0.0, 0.0]",0.0,0.0,0.0,0.0,0.0,0.0,0.0,0.0,0.0,0.0,0.0,0.0,0.0,0.0,0.0
static_39,39,static,42,81,2308,2,center,2,near_main_road,10,184.6287497021258,386.95119016058743,0.8,12,14,"[1, 1, 1, 1, 0, 1, 1, 1, 1, 0, 1, 1, 1, 1]","{""0"": 1, ""1"": 1, ""2"": 1, ""3"": 1, ""4"": 0, ""5"": 1, ""6"": 1, ""7"": 1, ""8"": 1, ""9"": 0, ""10"": 1, ""11"": 1, ""12"": 1, ""13"": 1}",15,"[0.0, 0.0, 0.0, 0.0, 0.0, 0.0, 0.0, 0.0, 0.0, 0.0, 0.0, 0.0, 0.0, 0.0, 0.0]",0.0,0.0,0.0,0.0,0.0,0.0,0.0,0.0,0.0,0.0,0.0,0.0,0.0,0.0,0.0
static_40,40,static,42,82,2509,3,ring,1,near_exit,14,108.68085003085434,414.72697948804125,0.8,10,14,"[1, 1, 1, 0, 0, 1, 1, 1, 0, 1, 1, 1, 1, 0]","{""0"": 1, ""1"": 1, ""2"": 1, ""3"": 0, ""4"": 0, ""5"": 1, ""6"": 1, ""7"": 1, ""8"": 0, ""9"": 1, ""10"": 1, ""11"": 1, ""12"": 1, ""13"": 0}",15,"[0.0, 0.0, 0.0, 0.0, 0.0, 0.0, 0.0, 0.0, 0.0, 0.0, 0.0, 0.0, 0.0, 0.0, 0.0]",0.0,0.0,0.0,0.0,0.0,0.0,0.0,0.0,0.0,0.0,0.0,0.0,0.0,0.0,0.0
static_41,41,static,42,83,4564,1,uniform,1,near_exit,5,34.374810233712196,214.9597699600272,0.8,11,14,"[1, 0, 1, 1, 1, 1, 1, 1, 0, 1, 1, 1, 0, 1]","{""0"": 1, ""1"": 0, ""2"": 1, ""3"": 1, ""4"": 1, ""5"": 1, ""6"": 1, ""7"": 1, ""8"": 0, ""9"": 1, ""10"": 1, ""11"": 1, ""12"": 0, ""13"": 1}",15,"[0.0, 0.0, 0.0, 0.0, 0.0, 0.0, 0.0, 0.0, 0.0, 0.0, 0.0, 0.0, 0.0, 0.0, 0.0]",0.0,0.0,0.0,0.0,0.0,0.0,0.0,0.0,0.0,0.0,0.0,0.0,0.0,0.0,0.0
static_42,42,static,42,84,3914,2,center,3,far_from_exit_and_main_road,2,135.2143654283136,374.6006386834197,0.8,12,14,"[1, 0, 1, 1, 0, 1, 1, 1, 1, 1, 1, 1, 1, 1]","{""0"": 1, ""1"": 0, ""2"": 1, ""3"": 1, ""4"": 0, ""5"": 1, ""6"": 1, ""7"": 1, ""8"": 1, ""9"": 1, ""10"": 1, ""11"": 1, ""12"": 1, ""13"": 1}",15,"[0.0, 0.0, 0.0, 0.0, 0.0, 0.0, 0.0, 0.0, 0.0, 0.0, 0.0, 0.0, 0.0, 0.0, 0.0]",0.0,0.0,0.0,0.0,0.0,0.0,0.0,0.0,0.0,0.0,0.0,0.0,0.0,0.0,0.0
static_43,43,static,42,85,4462,1,uniform,3,far_from_exit_and_main_road,18,220.97559298947453,223.2789021898061,0.8,11,14,"[1, 1, 1, 0, 1, 1, 1, 0, 1, 1, 1, 0, 1, 1]","{""0"": 1, ""1"": 1, ""2"": 1, ""3"": 0, ""4"": 1, ""5"": 1, ""6"": 1, ""7"": 0, ""8"": 1, ""9"": 1, ""10"": 1, ""11"": 0, ""12"": 1, ""13"": 1}",15,"[0.0, 0.0, 0.0, 0.0, 0.0, 0.0, 0.0, 0.0, 0.0, 0.0, 0.0, 0.0, 0.0, 0.0, 0.0]",0.0,0.0,0.0,0.0,0.0,0.0,0.0,0.0,0.0,0.0,0.0,0.0,0.0,0.0,0.0
static_44,44,static,42,86,3885,3,ring,3,far_from_exit_and_main_road,13,83.91668662056327,167.85010003577918,0.8,9,14,"[1, 1, 0, 1, 1, 1, 1, 1, 0, 0, 1, 0, 1, 0]","{""0"": 1, ""1"": 1, ""2"": 0, ""3"": 1, ""4"": 1, ""5"": 1, ""6"": 1, ""7"": 1, ""8"": 0, ""9"": 0, ""10"": 1, ""11"": 0, ""12"": 1, ""13"": 0}",15,"[0.0, 0.0, 0.0, 0.0, 0.0, 0.0, 0.0, 0.0, 0.0, 0.0, 0.0, 0.0, 0.0, 0.0, 0.0]",0.0,0.0,0.0,0.0,0.0,0.0,0.0,0.0,0.0,0.0,0.0,0.0,0.0,0.0,0.0
static_45,45,static,42,87,4105,1,uniform,1,near_exit,13,248.94334834627807,302.5594665892422,0.8,12,14,"[1, 1, 0, 1, 1, 1, 1, 1, 1, 1, 1, 1, 1, 0]","{""0"": 1, ""1"": 1, ""2"": 0, ""3"": 1, ""4"": 1, ""5"": 1, ""6"": 1, ""7"": 1, ""8"": 1, ""9"": 1, ""10"": 1, ""11"": 1, ""12"": 1, ""13"": 0}",15,"[0.0, 0.0, 0.0, 0.0, 0.0, 0.0, 0.0, 0.0, 0.0, 0.0, 0.0, 0.0, 0.0, 0.0, 0.0]",0.0,0.0,0.0,0.0,0.0,0.0,0.0,0.0,0.0,0.0,0.0,0.0,0.0,0.0,0.0
static_46,46,static,42,88,4743,3,ring,3,far_from_exit_and_main_road,17,204.93606554716825,186.71085607260466,0.8,11,14,"[1, 1, 0, 1, 1, 1, 0, 1, 1, 0, 1, 1, 1, 1]","{""0"": 1, ""1"": 1, ""2"": 0, ""3"": 1, ""4"": 1, ""5"": 1, ""6"": 0, ""7"": 1, ""8"": 1, ""9"": 0, ""10"": 1, ""11"": 1, ""12"": 1, ""13"": 1}",15,"[0.0, 0.0, 0.0, 0.0, 0.0, 0.0, 0.0, 0.0, 0.0, 0.0, 0.0, 0.0, 0.0, 0.0, 0.0]",0.0,0.0,0.0,0.0,0.0,0.0,0.0,0.0,0.0,0.0,0.0,0.0,0.0,0.0,0.0
static_47,47,static,42,89,2595,2,center,2,near_main_road,15,99.52361969463527,146.08088297443464,0.8,10,14,"[1, 1, 0, 1, 0, 1, 1, 0, 1, 1, 1, 0, 1, 1]","{""0"": 1, ""1"": 1, ""2"": 0, ""3"": 1, ""4"": 0, ""5"": 1, ""6"": 1, ""7"": 0, ""8"": 1, ""9"": 1, ""10"": 1, ""11"": 0, ""12"": 1, ""13"": 1}",15,"[0.0, 0.0, 0.0, 0.0, 0.0, 0.0, 0.0, 0.0, 0.0, 0.0, 0.0, 0.0, 0.0, 0.0, 0.0]",0.0,0.0,0.0,0.0,0.0,0.0,0.0,0.0,0.0,0.0,0.0,0.0,0.0,0.0,0.0
static_48,48,static,42,90,4781,1,uniform,2,near_main_road,5,193.32523366622627,216.92377928225324,0.8,12,14,"[1, 1, 1, 1, 1, 1, 1, 0, 0, 1, 1, 1, 1, 1]","{""0"": 1, ""1"": 1, ""2"": 1, ""3"": 1, ""4"": 1, ""5"": 1, ""6"": 1, ""7"": 0, ""8"": 0, ""9"": 1, ""10"": 1, ""11"": 1, ""12"": 1, ""13"": 1}",15,"[0.0, 0.0, 0.0, 0.0, 0.0, 0.0, 0.0, 0.0, 0.0, 0.0, 0.0, 0.0, 0.0, 0.0, 0.0]",0.0,0.0,0.0,0.0,0.0,0.0,0.0,0.0,0.0,0.0,0.0,0.0,0.0,0.0,0.0
static_49,49,static,42,91,2887,2,center,2,near_main_road,2,121.50282700546086,359.87158203404397,0.8,10,14,"[1, 1, 1, 1, 0, 0, 1, 1, 0, 1, 1, 1, 1, 0]","{""0"": 1, ""1"": 1, ""2"": 1, ""3"": 1, ""4"": 0, ""5"": 0, ""6"": 1, ""7"": 1, ""8"": 0, ""9"": 1, ""10"": 1, ""11"": 1, ""12"": 1, ""13"": 0}",15,"[0.0, 0.0, 0.0, 0.0, 0.0, 0.0, 0.0, 0.0, 0.0, 0.0, 0.0, 0.0, 0.0, 0.0, 0.0]",0.0,0.0,0.0,0.0,0.0,0.0,0.0,0.0,0.0,0.0,0.0,0.0,0.0,0.0,0.0
static_50,50,static,42,92,2254,3,ring,3,far_from_exit_and_main_road,17,204.93606554716825,186.71085607260466,0.8,9,14,"[1, 1, 1, 1, 0, 0, 1, 0, 1, 1, 0, 0, 1, 1]","{""0"": 1, ""1"": 1, ""2"": 1, ""3"": 1, ""4"": 0, ""5"": 0, ""6"": 1, ""7"": 0, ""8"": 1, ""9"": 1, ""10"": 0, ""11"": 0, ""12"": 1, ""13"": 1}",15,"[0.0, 0.0, 0.0, 0.0, 0.0, 0.0, 0.0, 0.0, 0.0, 0.0, 0.0, 0.0, 0.0, 0.0, 0.0]",0.0,0.0,0.0,0.0,0.0,0.0,0.0,0.0,0.0,0.0,0.0,0.0,0.0,0.0,0.0
static_1,1,static,42,43,3777,2,center,3,far_from_exit_and_main_road,12,86.4655145779252,206.66192820994183,0.8,13,14,"[1, 1, 1, 1, 1, 1, 1, 1, 1, 1, 1, 0, 1, 1]","{""0"": 1, ""1"": 1, ""2"": 1, ""3"": 1, ""4"": 1, ""5"": 1, ""6"": 1, ""7"": 1, ""8"": 1, ""9"": 1, ""10"": 1, ""11"": 0, ""12"": 1, ""13"": 1}",15,"[0.0, 0.0, 0.0, 0.0, 0.0, 0.0, 0.0, 0.0, 0.0, 0.0, 0.0, 0.0, 0.0, 0.0, 0.0]",0.0,0.0,0.0,0.0,0.0,0.0,0.0,0.0,0.0,0.0,0.0,0.0,0.0,0.0,0.0
static_1,1,static,42,43,3777,2,center,3,far_from_exit_and_main_road,12,86.4655145779252,206.66192820994183,0.8,13,14,"[1, 1, 1, 1, 1, 1, 1, 1, 1, 1, 1, 0, 1, 1]","{""0"": 1, ""1"": 1, ""2"": 1, ""3"": 1, ""4"": 1, ""5"": 1, ""6"": 1, ""7"": 1, ""8"": 1, ""9"": 1, ""10"": 1, ""11"": 0, ""12"": 1, ""13"": 1}",15,"[0.0, 0.0, 0.0, 0.0, 0.0, 0.0, 0.0, 0.0, 0.0, 0.0, 0.0, 0.0, 0.0, 0.0, 0.0]",0.0,0.0,0.0,0.0,0.0,0.0,0.0,0.0,0.0,0.0,0.0,0.0,0.0,0.0,0.0
static_1,1,static,42,43,3777,2,center,3,far_from_exit_and_main_road,12,86.4655145779252,206.66192820994183,0.8,13,14,"[1, 1, 1, 1, 1, 1, 1, 1, 1, 1, 1, 0, 1, 1]","{""0"": 1, ""1"": 1, ""2"": 1, ""3"": 1, ""4"": 1, ""5"": 1, ""6"": 1, ""7"": 1, ""8"": 1, ""9"": 1, ""10"": 1, ""11"": 0, ""12"": 1, ""13"": 1}",15,"[0.0, 0.0, 0.0, 0.0, 0.0, 0.0, 0.0, 0.0, 0.0, 0.0, 0.0, 0.0, 0.0, 0.0, 0.0]",0.0,0.0,0.0,0.0,0.0,0.0,0.0,0.0,0.0,0.0,0.0,0.0,0.0,0.0,0.0
static_1,1,static,42,43,3777,2,center,3,far_from_exit_and_main_road,12,86.4655145779252,206.66192820994183,0.8,13,14,"[1, 1, 1, 1, 1, 1, 1, 1, 1, 1, 1, 0, 1, 1]","{""0"": 1, ""1"": 1, ""2"": 1, ""3"": 1, ""4"": 1, ""5"": 1, ""6"": 1, ""7"": 1, ""8"": 1, ""9"": 1, ""10"": 1, ""11"": 0, ""12"": 1, ""13"": 1}",15,"[0.0, 0.0, 0.0, 0.0, 0.0, 0.0, 0.0, 0.0, 0.0, 0.0, 0.0, 0.0, 0.0, 0.0, 0.0]",0.0,0.0,0.0,0.0,0.0,0.0,0.0,0.0,0.0,0.0,0.0,0.0,0.0,0.0,0.0
static_1,1,static,42,43,3777,2,center,3,far_from_exit_and_main_road,12,86.4655145779252,206.66192820994183,0.8,13,14,"[1, 1, 1, 1, 1, 1, 1, 1, 1, 1, 1, 0, 1, 1]","{""0"": 1, ""1"": 1, ""2"": 1, ""3"": 1, ""4"": 1, ""5"": 1, ""6"": 1, ""7"": 1, ""8"": 1, ""9"": 1, ""10"": 1, ""11"": 0, ""12"": 1, ""13"": 1}",15,"[0.0, 0.0, 0.0, 0.0, 0.0, 0.0, 0.0, 0.0, 0.0, 0.0, 0.0, 0.0, 0.0, 0.0, 0.0]",0.0,0.0,0.0,0.0,0.0,0.0,0.0,0.0,0.0,0.0,0.0,0.0,0.0,0.0,0.0
density_1,1,density,42,43,3777,2,center,3,far_from_exit_and_main_road,12,86.4655145779252,206.66192820994183,0.8,13,14,"[1, 1, 1, 1, 1, 1, 1, 1, 1, 1, 1, 0, 1, 1]","{""0"": 1, ""1"": 1, ""2"": 1, ""3"": 1, ""4"": 1, ""5"": 1, ""6"": 1, ""7"": 1, ""8"": 1, ""9"": 1, ""10"": 1, ""11"": 0, ""12"": 1, ""13"": 1}",15,"[0.0, 0.0, 0.0, 0.0, 0.0, 0.0, 0.0, 0.0, 0.0, 0.0, 0.0, 0.0, 0.0, 0.0, 0.0]",0.0,0.0,0.0,0.0,0.0,0.0,0.0,0.0,0.0,0.0,0.0,0.0,0.0,0.0,0.0
static_1,1,static,42,43,3777,2,center,3,far_from_exit_and_main_road,12,86.4655145779252,206.66192820994183,0.8,13,14,"[1, 1, 1, 1, 1, 1, 1, 1, 1, 1, 1, 0, 1, 1]","{""0"": 1, ""1"": 1, ""2"": 1, ""3"": 1, ""4"": 1, ""5"": 1, ""6"": 1, ""7"": 1, ""8"": 1, ""9"": 1, ""10"": 1, ""11"": 0, ""12"": 1, ""13"": 1}",15,"[0.0, 0.0, 0.0, 0.0, 0.0, 0.0, 0.0, 0.0, 0.0, 0.0, 0.0, 0.0, 0.0, 0.0, 0.0]",0.0,0.0,0.0,0.0,0.0,0.0,0.0,0.0,0.0,0.0,0.0,0.0,0.0,0.0,0.0
static_1,1,static,42,43,3777,2,center,3,far_from_exit_and_main_road,12,86.4655145779252,206.66192820994183,0.8,13,14,"[1, 1, 1, 1, 1, 1, 1, 1, 1, 1, 1, 0, 1, 1]","{""0"": 1, ""1"": 1, ""2"": 1, ""3"": 1, ""4"": 1, ""5"": 1, ""6"": 1, ""7"": 1, ""8"": 1, ""9"": 1, ""10"": 1, ""11"": 0, ""12"": 1, ""13"": 1}",15,"[0.0, 0.0, 0.0, 0.0, 0.0, 0.0, 0.0, 0.0, 0.0, 0.0, 0.0, 0.0, 0.0, 0.0, 0.0]",0.0,0.0,0.0,0.0,0.0,0.0,0.0,0.0,0.0,0.0,0.0,0.0,0.0,0.0,0.0
density_1,1,density,42,43,3777,2,center,3,far_from_exit_and_main_road,12,86.4655145779252,206.66192820994183,0.8,13,14,"[1, 1, 1, 1, 1, 1, 1, 1, 1, 1, 1, 0, 1, 1]","{""0"": 1, ""1"": 1, ""2"": 1, ""3"": 1, ""4"": 1, ""5"": 1, ""6"": 1, ""7"": 1, ""8"": 1, ""9"": 1, ""10"": 1, ""11"": 0, ""12"": 1, ""13"": 1}",15,"[0.0, 0.0, 0.0, 0.0, 0.0, 0.0, 0.0, 0.0, 0.0, 0.0, 0.0, 0.0, 0.0, 0.0, 0.0]",0.0,0.0,0.0,0.0,0.0,0.0,0.0,0.0,0.0,0.0,0.0,0.0,0.0,0.0,0.0
risk_01_1,1,risk_01,42,43,3777,2,center,3,far_from_exit_and_main_road,12,86.4655145779252,206.66192820994183,0.8,13,14,"[1, 1, 1, 1, 1, 1, 1, 1, 1, 1, 1, 0, 1, 1]","{""0"": 1, ""1"": 1, ""2"": 1, ""3"": 1, ""4"": 1, ""5"": 1, ""6"": 1, ""7"": 1, ""8"": 1, ""9"": 1, ""10"": 1, ""11"": 0, ""12"": 1, ""13"": 1}",15,"[0.0, 0.0, 0.0, 0.0, 0.0, 0.0, 0.0, 0.0, 0.0, 0.0, 0.0, 0.0, 0.0, 0.0, 0.0]",0.0,0.0,0.0,0.0,0.0,0.0,0.0,0.0,0.0,0.0,0.0,0.0,0.0,0.0,0.0
static_1,1,static,42,43,3777,2,center,3,far_from_exit_and_main_road,12,86.4655145779252,206.66192820994183,0.8,13,14,"[1, 1, 1, 1, 1, 1, 1, 1, 1, 1, 1, 0, 1, 1]","{""0"": 1, ""1"": 1, ""2"": 1, ""3"": 1, ""4"": 1, ""5"": 1, ""6"": 1, ""7"": 1, ""8"": 1, ""9"": 1, ""10"": 1, ""11"": 0, ""12"": 1, ""13"": 1}",15,"[0.0, 0.0, 0.0, 0.0, 0.0, 0.0, 0.0, 0.0, 0.0, 0.0, 0.0, 0.0, 0.0, 0.0, 0.0]",0.0,0.0,0.0,0.0,0.0,0.0,0.0,0.0,0.0,0.0,0.0,0.0,0.0,0.0,0.0
static_2,2,static,42,44,4831,1,uniform,1,near_exit,6,26.251288073137403,149.61036271601915,0.8,12,14,"[1, 1, 0, 1, 1, 1, 1, 1, 1, 1, 0, 1, 1, 1]","{""0"": 1, ""1"": 1, ""2"": 0, ""3"": 1, ""4"": 1, ""5"": 1, ""6"": 1, ""7"": 1, ""8"": 1, ""9"": 1, ""10"": 0, ""11"": 1, ""12"": 1, ""13"": 1}",15,"[0.0, 0.0, 0.0, 0.0, 0.0, 0.0, 0.0, 0.0, 0.0, 0.0, 0.0, 0.0, 0.0, 0.0, 0.0]",0.0,0.0,0.0,0.0,0.0,0.0,0.0,0.0,0.0,0.0,0.0,0.0,0.0,0.0,0.0
static_3,3,static,42,45,5018,1,uniform,3,far_from_exit_and_main_road,2,135.2143654283136,374.6006386834197,0.8,14,14,"[1, 1, 1, 1, 1, 1, 1, 1, 1, 1, 1, 1, 1, 1]","{""0"": 1, ""1"": 1, ""2"": 1, ""3"": 1, ""4"": 1, ""5"": 1, ""6"": 1, ""7"": 1, ""8"": 1, ""9"": 1, ""10"": 1, ""11"": 1, ""12"": 1, ""13"": 1}",15,"[0.0, 0.0, 0.0, 0.0, 0.0, 0.0, 0.0, 0.0, 0.0, 0.0, 0.0, 0.0, 0.0, 0.0, 0.0]",0.0,0.0,0.0,0.0,0.0,0.0,0.0,0.0,0.0,0.0,0.0,0.0,0.0,0.0,0.0
static_4,4,static,42,46,5766,3,ring,2,near_main_road,16,134.70201228372753,258.9657045942731,0.8,9,14,"[0, 1, 1, 0, 1, 1, 1, 0, 1, 1, 1, 0, 0, 1]","{""0"": 0, ""1"": 1, ""2"": 1, ""3"": 0, ""4"": 1, ""5"": 1, ""6"": 1, ""7"": 0, ""8"": 1, ""9"": 1, ""10"": 1, ""11"": 0, ""12"": 0, ""13"": 1}",15,"[0.0, 0.0, 0.0, 0.0, 0.0, 0.0, 0.0, 0.0, 0.0, 0.0, 0.0, 0.0, 0.0, 0.0, 0.0]",0.0,0.0,0.0,0.0,0.0,0.0,0.0,0.0,0.0,0.0,0.0,0.0,0.0,0.0,0.0
static_5,5,static,42,47,5757,3,ring,1,near_exit,5,34.374810233712196,214.9597699600272,0.8,13,14,"[1, 1, 1, 1, 1, 1, 1, 1, 1, 1, 1, 0, 1, 1]","{""0"": 1, ""1"": 1, ""2"": 1, ""3"": 1, ""4"": 1, ""5"": 1, ""6"": 1, ""7"": 1, ""8"": 1, ""9"": 1, ""10"": 1, ""11"": 0, ""12"": 1, ""13"": 1}",15,"[0.0, 0.0, 0.0, 0.0, 0.0, 0.0, 0.0, 0.0, 0.0, 0.0, 0.0, 0.0, 0.0, 0.0, 0.0]",0.0,0.0,0.0,0.0,0.0,0.0,0.0,0.0,0.0,0.0,0.0,0.0,0.0,0.0,0.0
static_6,6,static,42,48,5482,2,center,2,near_main_road,9,180.08427936211228,352.65582518512383,0.8,11,14,"[1, 1, 1, 1, 0, 1, 1, 1, 0, 0, 1, 1, 1, 1]","{""0"": 1, ""1"": 1, ""2"": 1, ""3"": 1, ""4"": 0, ""5"": 1, ""6"": 1, ""7"": 1, ""8"": 0, ""9"": 0, ""10"": 1, ""11"": 1, ""12"": 1, ""13"": 1}",15,"[0.0, 0.0, 0.0, 0.0, 0.0, 0.0, 0.0, 0.0, 0.0, 0.0, 0.0, 0.0, 0.0, 0.0, 0.0]",0.0,0.0,0.0,0.0,0.0,0.0,0.0,0.0,0.0,0.0,0.0,0.0,0.0,0.0,0.0
static_7,7,static,42,49,4348,3,ring,3,far_from_exit_and_main_road,19,166.7272846736014,178.37646883539855,0.8,13,14,"[1, 1, 1, 1, 1, 1, 1, 1, 1, 1, 1, 1, 0, 1]","{""0"": 1, ""1"": 1, ""2"": 1, ""3"": 1, ""4"": 1, ""5"": 1, ""6"": 1, ""7"": 1, ""8"": 1, ""9"": 1, ""10"": 1, ""11"": 1, ""12"": 0, ""13"": 1}",15,"[0.0, 0.0, 0.0, 0.0, 0.0, 0.0, 0.0, 0.0, 0.0, 0.0, 0.0, 0.0, 0.0, 0.0, 0.0]",0.0,0.0,0.0,0.0,0.0,0.0,0.0,0.0,0.0,0.0,0.0,0.0,0.0,0.0,0.0
static_8,8,static,42,50,2774,3,ring,2,near_main_road,14,65.86150634847581,146.12098523322493,0.8,11,14,"[1, 1, 1, 1, 1, 0, 1, 1, 1, 1, 1, 0, 0, 1]","{""0"": 1, ""1"": 1, ""2"": 1, ""3"": 1, ""4"": 1, ""5"": 0, ""6"": 1, ""7"": 1, ""8"": 1, ""9"": 1, ""10"": 1, ""11"": 0, ""12"": 0, ""13"": 1}",15,"[0.0, 0.0, 0.0, 0.0, 0.0, 0.0, 0.0, 0.0, 0.0, 0.0, 0.0, 0.0, 0.0, 0.0, 0.0]",0.0,0.0,0.0,0.0,0.0,0.0,0.0,0.0,0.0,0.0,0.0,0.0,0.0,0.0,0.0
static_9,9,static,42,51,3137,1,uniform,1,near_exit,11,74.4658822324127,300.26813259813935,0.8,11,14,"[1, 1, 1, 0, 1, 1, 0, 1, 0, 1, 1, 1, 1, 1]","{""0"": 1, ""1"": 1, ""2"": 1, ""3"": 0, ""4"": 1, ""5"": 1, ""6"": 0, ""7"": 1, ""8"": 0, ""9"": 1, ""10"": 1, ""11"": 1, ""12"": 1, ""13"": 1}",15,"[0.0, 0.0, 0.0, 0.0, 0.0, 0.0, 0.0, 0.0, 0.0, 0.0, 0.0, 0.0, 0.0, 0.0, 0.0]",0.0,0.0,0.0,0.0,0.0,0.0,0.0,0.0,0.0,0.0,0.0,0.0,0.0,0.0,0.0
static_10,10,static,42,52,3585,3,ring,1,near_exit,11,74.4658822324127,300.26813259813935,0.8,10,14,"[0, 1, 1, 1, 0, 1, 0, 1, 0, 1, 1, 1, 1, 1]","{""0"": 0, ""1"": 1, ""2"": 1, ""3"": 1, ""4"": 0, ""5"": 1, ""6"": 0, ""7"": 1, ""8"": 0, ""9"": 1, ""10"": 1, ""11"": 1, ""12"": 1, ""13"": 1}",15,"[0.0, 0.0, 0.0, 0.0, 0.0, 0.0, 0.0, 0.0, 0.0, 0.0, 0.0, 0.0, 0.0, 0.0, 0.0]",0.0,0.0,0.0,0.0,0.0,0.0,0.0,0.0,0.0,0.0,0.0,0.0,0.0,0.0,0.0
static_11,11,static,42,53,5041,2,center,2,near_main_road,12,154.97150951996446,181.80336326546967,0.8,10,14,"[1, 0, 1, 1, 0, 1, 1, 1, 0, 1, 1, 0, 1, 1]","{""0"": 1, ""1"": 0, ""2"": 1, ""3"": 1, ""4"": 0, ""5"": 1, ""6"": 1, ""7"": 1, ""8"": 0, ""9"": 1, ""10"": 1, ""11"": 0, ""12"": 1, ""13"": 1}",15,"[0.0, 0.0, 0.0, 0.0, 0.0, 0.0, 0.0, 0.0, 0.0, 0.0, 0.0, 0.0, 0.0, 0.0, 0.0]",0.0,0.0,0.0,0.0,0.0,0.0,0.0,0.0,0.0,0.0,0.0,0.0,0.0,0.0,0.0
static_12,12,static,42,54,4248,1,uniform,1,near_exit,9,99.46174082159996,359.97675951663405,0.8,9,14,"[0, 1, 1, 1, 0, 1, 1, 1, 1, 0, 0, 1, 1, 0]","{""0"": 0, ""1"": 1, ""2"": 1, ""3"": 1, ""4"": 0, ""5"": 1, ""6"": 1, ""7"": 1, ""8"": 1, ""9"": 0, ""10"": 0, ""11"": 1, ""12"": 1, ""13"": 0}",15,"[0.0, 0.0, 0.0, 0.0, 0.0, 0.0, 0.0, 0.0, 0.0, 0.0, 0.0, 0.0, 0.0, 0.0, 0.0]",0.0,0.0,0.0,0.0,0.0,0.0,0.0,0.0,0.0,0.0,0.0,0.0,0.0,0.0,0.0
static_13,13,static,42,55,4945,1,uniform,1,near_exit,2,218.32077577710152,98.24949029041454,0.8,11,14,"[1, 0, 1, 1, 0, 1, 1, 1, 1, 0, 1, 1, 1, 1]","{""0"": 1, ""1"": 0, ""2"": 1, ""3"": 1, ""4"": 0, ""5"": 1, ""6"": 1, ""7"": 1, ""8"": 1, ""9"": 0, ""10"": 1, ""11"": 1, ""12"": 1, ""13"": 1}",15,"[0.0, 0.0, 0.0, 0.0, 0.0, 0.0, 0.0, 0.0, 0.0, 0.0, 0.0, 0.0, 0.0, 0.0, 0.0]",0.0,0.0,0.0,0.0,0.0,0.0,0.0,0.0,0.0,0.0,0.0,0.0,0.0,0.0,0.0
static_14,14,static,42,56,2863,3,ring,1,near_exit,3,266.886261947453,161.88702389178798,0.8,11,14,"[0, 1, 1, 1, 1, 0, 1, 1, 1, 1, 1, 0, 1, 1]","{""0"": 0, ""1"": 1, ""2"": 1, ""3"": 1, ""4"": 1, ""5"": 0, ""6"": 1, ""7"": 1, ""8"": 1, ""9"": 1, ""10"": 1, ""11"": 0, ""12"": 1, ""13"": 1}",15,"[0.0, 0.0, 0.0, 0.0, 0.0, 0.0, 0.0, 0.0, 0.0, 0.0, 0.0, 0.0, 0.0, 0.0, 0.0]",0.0,0.0,0.0,0.0,0.0,0.0,0.0,0.0,0.0,0.0,0.0,0.0,0.0,0.0,0.0
static_15,15,static,42,57,2445,3,ring,3,far_from_exit_and_main_road,18,220.97559298947453,223.2789021898061,0.8,11,14,"[1, 1, 1, 1, 0, 1, 0, 1, 0, 1, 1, 1, 1, 1]","{""0"": 1, ""1"": 1, ""2"": 1, ""3"": 1, ""4"": 0, ""5"": 1, ""6"": 0, ""7"": 1, ""8"": 0, ""9"": 1, ""10"": 1, ""11"": 1, ""12"": 1, ""13"": 1}",15,"[0.0, 0.0, 0.0, 0.0, 0.0, 0.0, 0.0, 0.0, 0.0, 0.0, 0.0, 0.0, 0.0, 0.0, 0.0]",0.0,0.0,0.0,0.0,0.0,0.0,0.0,0.0,0.0,0.0,0.0,0.0,0.0,0.0,0.0
static_16,16,static,42,58,4005,1,uniform,2,near_main_road,5,193.32523366622627,216.92377928225324,0.8,9,14,"[1, 1, 1, 0, 1, 1, 1, 1, 0, 0, 0, 1, 0, 1]","{""0"": 1, ""1"": 1, ""2"": 1, ""3"": 0, ""4"": 1, ""5"": 1, ""6"": 1, ""7"": 1, ""8"": 0, ""9"": 0, ""10"": 0, ""11"": 1, ""12"": 0, ""13"": 1}",15,"[0.0, 0.0, 0.0, 0.0, 0.0, 0.0, 0.0, 0.0, 0.0, 0.0, 0.0, 0.0, 0.0, 0.0, 0.0]",0.0,0.0,0.0,0.0,0.0,0.0,0.0,0.0,0.0,0.0,0.0,0.0,0.0,0.0,0.0
static_17,17,static,42,59,3388,2,center,1,near_exit,2,218.32077577710152,98.24949029041454,0.8,9,14,"[1, 0, 0, 1, 0, 1, 1, 1, 0, 1, 0, 1, 1, 1]","{""0"": 1, ""1"": 0, ""2"": 0, ""3"": 1, ""4"": 0, ""5"": 1, ""6"": 1, ""7"": 1, ""8"": 0, ""9"": 1, ""10"": 0, ""11"": 1, ""12"": 1, ""13"": 1}",15,"[0.0, 0.0, 0.0, 0.0, 0.0, 0.0, 0.0, 0.0, 0.0, 0.0, 0.0, 0.0, 0.0, 0.0, 0.0]",0.0,0.0,0.0,0.0,0.0,0.0,0.0,0.0,0.0,0.0,0.0,0.0,0.0,0.0,0.0
static_18,18,static,42,60,2037,3,ring,1,near_exit,4,253.88965937122703,250.78205533977598,0.8,11,14,"[1, 1, 1, 0, 1, 1, 0, 1, 0, 1, 1, 1, 1, 1]","{""0"": 1, ""1"": 1, ""2"": 1, ""3"": 0, ""4"": 1, ""5"": 1, ""6"": 0, ""7"": 1, ""8"": 0, ""9"": 1, ""10"": 1, ""11"": 1, ""12"": 1, ""13"": 1}",15,"[0.0, 0.0, 0.0, 0.0, 0.0, 0.0, 0.0, 0.0, 0.0, 0.0, 0.0, 0.0, 0.0, 0.0, 0.0]",0.0,0.0,0.0,0.0,0.0,0.0,0.0,0.0,0.0,0.0,0.0,0.0,0.0,0.0,0.0
static_19,19,static,42,61,4600,2,center,3,far_from_exit_and_main_road,11,107.66569153219461,244.24434981588274,0.8,12,14,"[1, 1, 0, 1, 1, 1, 1, 1, 1, 1, 1, 1, 0, 1]","{""0"": 1, ""1"": 1, ""2"": 0, ""3"": 1, ""4"": 1, ""5"": 1, ""6"": 1, ""7"": 1, ""8"": 1, ""9"": 1, ""10"": 1, ""11"": 1, ""12"": 0, ""13"": 1}",15,"[0.0, 0.0, 0.0, 0.0, 0.0, 0.0, 0.0, 0.0, 0.0, 0.0, 0.0, 0.0, 0.0, 0.0, 0.0]",0.0,0.0,0.0,0.0,0.0,0.0,0.0,0.0,0.0,0.0,0.0,0.0,0.0,0.0,0.0
static_20,20,static,42,62,4124,2,center,1,near_exit,4,253.88965937122703,250.78205533977598,0.8,9,14,"[0, 1, 0, 1, 1, 0, 1, 1, 1, 0, 0, 1, 1, 1]","{""0"": 0, ""1"": 1, ""2"": 0, ""3"": 1, ""4"": 1, ""5"": 0, ""6"": 1, ""7"": 1, ""8"": 1, ""9"": 0, ""10"": 0, ""11"": 1, ""12"": 1, ""13"": 1}",15,"[0.0, 0.0, 0.0, 0.0, 0.0, 0.0, 0.0, 0.0, 0.0, 0.0, 0.0, 0.0, 0.0, 0.0, 0.0]",0.0,0.0,0.0,0.0,0.0,0.0,0.0,0.0,0.0,0.0,0.0,0.0,0.0,0.0,0.0
static_21,21,static,42,63,5569,1,uniform,1,near_exit,3,266.886261947453,161.88702389178798,0.8,11,14,"[1, 1, 0, 1, 1, 1, 1, 1, 1, 1, 0, 1, 1, 0]","{""0"": 1, ""1"": 1, ""2"": 0, ""3"": 1, ""4"": 1, ""5"": 1, ""6"": 1, ""7"": 1, ""8"": 1, ""9"": 1, ""10"": 0, ""11"": 1, ""12"": 1, ""13"": 0}",15,"[0.0, 0.0, 0.0, 0.0, 0.0, 0.0, 0.0, 0.0, 0.0, 0.0, 0.0, 0.0, 0.0, 0.0, 0.0]",0.0,0.0,0.0,0.0,0.0,0.0,0.0,0.0,0.0,0.0,0.0,0.0,0.0,0.0,0.0
static_22,22,static,42,64,3802,3,ring,1,near_exit,10,88.6747558992356,336.96034401934594,0.8,8,14,"[1, 1, 1, 0, 1, 0, 1, 0, 0, 1, 0, 1, 1, 0]","{""0"": 1, ""1"": 1, ""2"": 1, ""3"": 0, ""4"": 1, ""5"": 0, ""6"": 1, ""7"": 0, ""8"": 0, ""9"": 1, ""10"": 0, ""11"": 1, ""12"": 1, ""13"": 0}",15,"[0.0, 0.0, 0.0, 0.0, 0.0, 0.0, 0.0, 0.0, 0.0, 0.0, 0.0, 0.0, 0.0, 0.0, 0.0]",0.0,0.0,0.0,0.0,0.0,0.0,0.0,0.0,0.0,0.0,0.0,0.0,0.0,0.0,0.0
static_23,23,static,42,65,2187,3,ring,3,far_from_exit_and_main_road,4,157.20234358869493,387.1448321295902,0.8,12,14,"[1, 1, 0, 1, 1, 1, 1, 1, 0, 1, 1, 1, 1, 1]","{""0"": 1, ""1"": 1, ""2"": 0, ""3"": 1, ""4"": 1, ""5"": 1, ""6"": 1, ""7"": 1, ""8"": 0, ""9"": 1, ""10"": 1, ""11"": 1, ""12"": 1, ""13"": 1}",15,"[0.0, 0.0, 0.0, 0.0, 0.0, 0.0, 0.0, 0.0, 0.0, 0.0, 0.0, 0.0, 0.0, 0.0, 0.0]",0.0,0.0,0.0,0.0,0.0,0.0,0.0,0.0,0.0,0.0,0.0,0.0,0.0,0.0,0.0
static_24,24,static,42,66,3488,3,ring,2,near_main_road,17,146.94398586079478,116.57973352074623,0.8,12,14,"[1, 1, 1, 1, 1, 0, 1, 1, 0, 1, 1, 1, 1, 1]","{""0"": 1, ""1"": 1, ""2"": 1, ""3"": 1, ""4"": 1, ""5"": 0, ""6"": 1, ""7"": 1, ""8"": 0, ""9"": 1, ""10"": 1, ""11"": 1, ""12"": 1, ""13"": 1}",15,"[0.0, 0.0, 0.0, 0.0, 0.0, 0.0, 0.0, 0.0, 0.0, 0.0, 0.0, 0.0, 0.0, 0.0, 0.0]",0.0,0.0,0.0,0.0,0.0,0.0,0.0,0.0,0.0,0.0,0.0,0.0,0.0,0.0,0.0
static_25,25,static,42,67,2391,1,uniform,1,near_exit,5,34.374810233712196,214.9597699600272,0.8,11,14,"[1, 1, 0, 1, 0, 1, 1, 0, 1, 1, 1, 1, 1, 1]","{""0"": 1, ""1"": 1, ""2"": 0, ""3"": 1, ""4"": 0, ""5"": 1, ""6"": 1, ""7"": 0, ""8"": 1, ""9"": 1, ""10"": 1, ""11"": 1, ""12"": 1, ""13"": 1}",15,"[0.0, 0.0, 0.0, 0.0, 0.0, 0.0, 0.0, 0.0, 0.0, 0.0, 0.0, 0.0, 0.0, 0.0, 0.0]",0.0,0.0,0.0,0.0,0.0,0.0,0.0,0.0,0.0,0.0,0.0,0.0,0.0,0.0,0.0
static_26,26,static,42,68,5202,3,ring,2,near_main_road,16,134.70201228372753,258.9657045942731,0.8,10,14,"[1, 0, 1, 0, 1, 1, 1, 1, 0, 1, 0, 1, 1, 1]","{""0"": 1, ""1"": 0, ""2"": 1, ""3"": 0, ""4"": 1, ""5"": 1, ""6"": 1, ""7"": 1, ""8"": 0, ""9"": 1, ""10"": 0, ""11"": 1, ""12"": 1, ""13"": 1}",15,"[0.0, 0.0, 0.0, 0.0, 0.0, 0.0, 0.0, 0.0, 0.0, 0.0, 0.0, 0.0, 0.0, 0.0, 0.0]",0.0,0.0,0.0,0.0,0.0,0.0,0.0,0.0,0.0,0.0,0.0,0.0,0.0,0.0,0.0
static_27,27,static,42,69,3803,2,center,2,near_main_road,5,193.32523366622627,216.92377928225324,0.8,10,14,"[1, 1, 1, 1, 1, 0, 1, 0, 1, 0, 1, 0, 1, 1]","{""0"": 1, ""1"": 1, ""2"": 1, ""3"": 1, ""4"": 1, ""5"": 0, ""6"": 1, ""7"": 0, ""8"": 1, ""9"": 0, ""10"": 1, ""11"": 0, ""12"": 1, ""13"": 1}",15,"[0.0, 0.0, 0.0, 0.0, 0.0, 0.0, 0.0, 0.0, 0.0, 0.0, 0.0, 0.0, 0.0, 0.0, 0.0]",0.0,0.0,0.0,0.0,0.0,0.0,0.0,0.0,0.0,0.0,0.0,0.0,0.0,0.0,0.0
static_28,28,static,42,70,3129,2,center,2,near_main_road,3,90.1036622915417,273.10059678182006,0.8,12,14,"[0, 1, 1, 1, 0, 1, 1, 1, 1, 1, 1, 1, 1, 1]","{""0"": 0, ""1"": 1, ""2"": 1, ""3"": 1, ""4"": 0, ""5"": 1, ""6"": 1, ""7"": 1, ""8"": 1, ""9"": 1, ""10"": 1, ""11"": 1, ""12"": 1, ""13"": 1}",15,"[0.0, 0.0, 0.0, 0.0, 0.0, 0.0, 0.0, 0.0, 0.0, 0.0, 0.0, 0.0, 0.0, 0.0, 0.0]",0.0,0.0,0.0,0.0,0.0,0.0,0.0,0.0,0.0,0.0,0.0,0.0,0.0,0.0,0.0
static_29,29,static,42,71,5115,1,uniform,1,near_exit,8,196.78927944786847,446.820492007304,0.8,10,14,"[1, 1, 1, 0, 0, 0, 1, 1, 1, 1, 1, 1, 1, 0]","{""0"": 1, ""1"": 1, ""2"": 1, ""3"": 0, ""4"": 0, ""5"": 0, ""6"": 1, ""7"": 1, ""8"": 1, ""9"": 1, ""10"": 1, ""11"": 1, ""12"": 1, ""13"": 0}",15,"[0.0, 0.0, 0.0, 0.0, 0.0, 0.0, 0.0, 0.0, 0.0, 0.0, 0.0, 0.0, 0.0, 0.0, 0.0]",0.0,0.0,0.0,0.0,0.0,0.0,0.0,0.0,0.0,0.0,0.0,0.0,0.0,0.0,0.0
static_30,30,static,42,72,4834,2,center,2,near_main_road,13,207.4848934672773,150.69670907920226,0.8,12,14,"[1, 1, 0, 1, 1, 1, 1, 1, 1, 0, 1, 1, 1, 1]","{""0"": 1, ""1"": 1, ""2"": 0, ""3"": 1, ""4"": 1, ""5"": 1, ""6"": 1, ""7"": 1, ""8"": 1, ""9"": 0, ""10"": 1, ""11"": 1, ""12"": 1, ""13"": 1}",15,"[0.0, 0.0, 0.0, 0.0, 0.0, 0.0, 0.0, 0.0, 0.0, 0.0, 0.0, 0.0, 0.0, 0.0, 0.0]",0.0,0.0,0.0,0.0,0.0,0.0,0.0,0.0,0.0,0.0,0.0,0.0,0.0,0.0,0.0
static_31,31,static,42,73,4265,1,uniform,2,near_main_road,1,198.32551720924675,427.5889890268445,0.8,14,14,"[1, 1, 1, 1, 1, 1, 1, 1, 1, 1, 1, 1, 1, 1]","{""0"": 1, ""1"": 1, ""2"": 1, ""3"": 1, ""4"": 1, ""5"": 1, ""6"": 1, ""7"": 1, ""8"": 1, ""9"": 1, ""10"": 1, ""11"": 1, ""12"": 1, ""13"": 1}",15,"[0.0, 0.0, 0.0, 0.0, 0.0, 0.0, 0.0, 0.0, 0.0, 0.0, 0.0, 0.0, 0.0, 0.0, 0.0]",0.0,0.0,0.0,0.0,0.0,0.0,0.0,0.0,0.0,0.0,0.0,0.0,0.0,0.0,0.0
static_32,32,static,42,74,2012,3,ring,3,far_from_exit_and_main_road,13,83.91668662056327,167.85010003577918,0.8,10,14,"[0, 1, 1, 1, 1, 0, 0, 1, 1, 1, 0, 1, 1, 1]","{""0"": 0, ""1"": 1, ""2"": 1, ""3"": 1, ""4"": 1, ""5"": 0, ""6"": 0, ""7"": 1, ""8"": 1, ""9"": 1, ""10"": 0, ""11"": 1, ""12"": 1, ""13"": 1}",15,"[0.0, 0.0, 0.0, 0.0, 0.0, 0.0, 0.0, 0.0, 0.0, 0.0, 0.0, 0.0, 0.0, 0.0, 0.0]",0.0,0.0,0.0,0.0,0.0,0.0,0.0,0.0,0.0,0.0,0.0,0.0,0.0,0.0,0.0
static_33,33,static,42,75,3028,3,ring,2,near_main_road,2,121.50282700546086,359.87158203404397,0.8,12,14,"[1, 1, 1, 1, 1, 1, 1, 1, 0, 1, 1, 0, 1, 1]","{""0"": 1, ""1"": 1, ""2"": 1, ""3"": 1, ""4"": 1, ""5"": 1, ""6"": 1, ""7"": 1, ""8"": 0, ""9"": 1, ""10"": 1, ""11"": 0, ""12"": 1, ""13"": 1}",15,"[0.0, 0.0, 0.0, 0.0, 0.0, 0.0, 0.0, 0.0, 0.0, 0.0, 0.0, 0.0, 0.0, 0.0, 0.0]",0.0,0.0,0.0,0.0,0.0,0.0,0.0,0.0,0.0,0.0,0.0,0.0,0.0,0.0,0.0
static_34,34,static,42,76,4699,1,uniform,2,near_main_road,5,193.32523366622627,216.92377928225324,0.8,11,14,"[1, 0, 1, 1, 1, 1, 1, 0, 1, 1, 0, 1, 1, 1]","{""0"": 1, ""1"": 0, ""2"": 1, ""3"": 1, ""4"": 1, ""5"": 1, ""6"": 1, ""7"": 0, ""8"": 1, ""9"": 1, ""10"": 0, ""11"": 1, ""12"": 1, ""13"": 1}",15,"[0.0, 0.0, 0.0, 0.0, 0.0, 0.0, 0.0, 0.0, 0.0, 0.0, 0.0, 0.0, 0.0, 0.0, 0.0]",0.0,0.0,0.0,0.0,0.0,0.0,0.0,0.0,0.0,0.0,0.0,0.0,0.0,0.0,0.0
static_35,35,static,42,77,2707,2,center,3,far_from_exit_and_main_road,2,135.2143654283136,374.6006386834197,0.8,11,14,"[1, 1, 1, 0, 1, 1, 1, 1, 1, 1, 1, 0, 1, 0]","{""0"": 1, ""1"": 1, ""2"": 1, ""3"": 0, ""4"": 1, ""5"": 1, ""6"": 1, ""7"": 1, ""8"": 1, ""9"": 1, ""10"": 1, ""11"": 0, ""12"": 1, ""13"": 0}",15,"[0.0, 0.0, 0.0, 0.0, 0.0, 0.0, 0.0, 0.0, 0.0, 0.0, 0.0, 0.0, 0.0, 0.0, 0.0]",0.0,0.0,0.0,0.0,0.0,0.0,0.0,0.0,0.0,0.0,0.0,0.0,0.0,0.0,0.0
static_36,36,static,42,78,5416,1,uniform,1,near_exit,3,266.886261947453,161.88702389178798,0.8,12,14,"[0, 1, 0, 1, 1, 1, 1, 1, 1, 1, 1, 1, 1, 1]","{""0"": 0, ""1"": 1, ""2"": 0, ""3"": 1, ""4"": 1, ""5"": 1, ""6"": 1, ""7"": 1, ""8"": 1, ""9"": 1, ""10"": 1, ""11"": 1, ""12"": 1, ""13"": 1}",15,"[0.0, 0.0, 0.0, 0.0, 0.0, 0.0, 0.0, 0.0, 0.0, 0.0, 0.0, 0.0, 0.0, 0.0, 0.0]",0.0,0.0,0.0,0.0,0.0,0.0,0.0,0.0,0.0,0.0,0.0,0.0,0.0,0.0,0.0
static_37,37,static,42,79,5349,2,center,3,far_from_exit_and_main_road,16,67.33770958334208,107.10279587097466,0.8,12,14,"[1, 1, 1, 1, 1, 1, 1, 1, 0, 1, 1, 1, 0, 1]","{""0"": 1, ""1"": 1, ""2"": 1, ""3"": 1, ""4"": 1, ""5"": 1, ""6"": 1, ""7"": 1, ""8"": 0, ""9"": 1, ""10"": 1, ""11"": 1, ""12"": 0, ""13"": 1}",15,"[0.0, 0.0, 0.0, 0.0, 0.0, 0.0, 0.0, 0.0, 0.0, 0.0, 0.0, 0.0, 0.0, 0.0, 0.0]",0.0,0.0,0.0,0.0,0.0,0.0,0.0,0.0,0.0,0.0,0.0,0.0,0.0,0.0,0.0
static_38,38,static,42,80,5874,1,uniform,2,near_main_road,9,180.08427936211228,352.65582518512383,0.8,9,14,"[1, 1, 1, 0, 1, 1, 1, 1, 0, 0, 0, 0, 1, 1]","{""0"": 1, ""1"": 1, ""2"": 1, ""3"": 0, ""4"": 1, ""5"": 1, ""6"": 1, ""7"": 1, ""8"": 0, ""9"": 0, ""10"": 0, ""11"": 0, ""12"": 1, ""13"": 1}",15,"[0.0, 0.0, 0.0, 0.0, 0.0, 0.0, 0.0, 0.0, 0.0, 0.0, 0.0, 0.0, 0.0, 0.0, 0.0]",0.0,0.0,0.0,0.0,0.0,0.0,0.0,0.0,0.0,0.0,0.0,0.0,0.0,0.0,0.0
static_39,39,static,42,81,2308,2,center,2,near_main_road,10,184.6287497021258,386.95119016058743,0.8,12,14,"[1, 1, 1, 1, 0, 1, 1, 1, 1, 0, 1, 1, 1, 1]","{""0"": 1, ""1"": 1, ""2"": 1, ""3"": 1, ""4"": 0, ""5"": 1, ""6"": 1, ""7"": 1, ""8"": 1, ""9"": 0, ""10"": 1, ""11"": 1, ""12"": 1, ""13"": 1}",15,"[0.0, 0.0, 0.0, 0.0, 0.0, 0.0, 0.0, 0.0, 0.0, 0.0, 0.0, 0.0, 0.0, 0.0, 0.0]",0.0,0.0,0.0,0.0,0.0,0.0,0.0,0.0,0.0,0.0,0.0,0.0,0.0,0.0,0.0
static_40,40,static,42,82,2509,3,ring,1,near_exit,14,108.68085003085434,414.72697948804125,0.8,10,14,"[1, 1, 1, 0, 0, 1, 1, 1, 0, 1, 1, 1, 1, 0]","{""0"": 1, ""1"": 1, ""2"": 1, ""3"": 0, ""4"": 0, ""5"": 1, ""6"": 1, ""7"": 1, ""8"": 0, ""9"": 1, ""10"": 1, ""11"": 1, ""12"": 1, ""13"": 0}",15,"[0.0, 0.0, 0.0, 0.0, 0.0, 0.0, 0.0, 0.0, 0.0, 0.0, 0.0, 0.0, 0.0, 0.0, 0.0]",0.0,0.0,0.0,0.0,0.0,0.0,0.0,0.0,0.0,0.0,0.0,0.0,0.0,0.0,0.0
static_41,41,static,42,83,4564,1,uniform,1,near_exit,5,34.374810233712196,214.9597699600272,0.8,11,14,"[1, 0, 1, 1, 1, 1, 1, 1, 0, 1, 1, 1, 0, 1]","{""0"": 1, ""1"": 0, ""2"": 1, ""3"": 1, ""4"": 1, ""5"": 1, ""6"": 1, ""7"": 1, ""8"": 0, ""9"": 1, ""10"": 1, ""11"": 1, ""12"": 0, ""13"": 1}",15,"[0.0, 0.0, 0.0, 0.0, 0.0, 0.0, 0.0, 0.0, 0.0, 0.0, 0.0, 0.0, 0.0, 0.0, 0.0]",0.0,0.0,0.0,0.0,0.0,0.0,0.0,0.0,0.0,0.0,0.0,0.0,0.0,0.0,0.0
static_42,42,static,42,84,3914,2,center,3,far_from_exit_and_main_road,2,135.2143654283136,374.6006386834197,0.8,12,14,"[1, 0, 1, 1, 0, 1, 1, 1, 1, 1, 1, 1, 1, 1]","{""0"": 1, ""1"": 0, ""2"": 1, ""3"": 1, ""4"": 0, ""5"": 1, ""6"": 1, ""7"": 1, ""8"": 1, ""9"": 1, ""10"": 1, ""11"": 1, ""12"": 1, ""13"": 1}",15,"[0.0, 0.0, 0.0, 0.0, 0.0, 0.0, 0.0, 0.0, 0.0, 0.0, 0.0, 0.0, 0.0, 0.0, 0.0]",0.0,0.0,0.0,0.0,0.0,0.0,0.0,0.0,0.0,0.0,0.0,0.0,0.0,0.0,0.0
static_43,43,static,42,85,4462,1,uniform,3,far_from_exit_and_main_road,18,220.97559298947453,223.2789021898061,0.8,11,14,"[1, 1, 1, 0, 1, 1, 1, 0, 1, 1, 1, 0, 1, 1]","{""0"": 1, ""1"": 1, ""2"": 1, ""3"": 0, ""4"": 1, ""5"": 1, ""6"": 1, ""7"": 0, ""8"": 1, ""9"": 1, ""10"": 1, ""11"": 0, ""12"": 1, ""13"": 1}",15,"[0.0, 0.0, 0.0, 0.0, 0.0, 0.0, 0.0, 0.0, 0.0, 0.0, 0.0, 0.0, 0.0, 0.0, 0.0]",0.0,0.0,0.0,0.0,0.0,0.0,0.0,0.0,0.0,0.0,0.0,0.0,0.0,0.0,0.0
static_44,44,static,42,86,3885,3,ring,3,far_from_exit_and_main_road,13,83.91668662056327,167.85010003577918,0.8,9,14,"[1, 1, 0, 1, 1, 1, 1, 1, 0, 0, 1, 0, 1, 0]","{""0"": 1, ""1"": 1, ""2"": 0, ""3"": 1, ""4"": 1, ""5"": 1, ""6"": 1, ""7"": 1, ""8"": 0, ""9"": 0, ""10"": 1, ""11"": 0, ""12"": 1, ""13"": 0}",15,"[0.0, 0.0, 0.0, 0.0, 0.0, 0.0, 0.0, 0.0, 0.0, 0.0, 0.0, 0.0, 0.0, 0.0, 0.0]",0.0,0.0,0.0,0.0,0.0,0.0,0.0,0.0,0.0,0.0,0.0,0.0,0.0,0.0,0.0
static_45,45,static,42,87,4105,1,uniform,1,near_exit,13,248.94334834627807,302.5594665892422,0.8,12,14,"[1, 1, 0, 1, 1, 1, 1, 1, 1, 1, 1, 1, 1, 0]","{""0"": 1, ""1"": 1, ""2"": 0, ""3"": 1, ""4"": 1, ""5"": 1, ""6"": 1, ""7"": 1, ""8"": 1, ""9"": 1, ""10"": 1, ""11"": 1, ""12"": 1, ""13"": 0}",15,"[0.0, 0.0, 0.0, 0.0, 0.0, 0.0, 0.0, 0.0, 0.0, 0.0, 0.0, 0.0, 0.0, 0.0, 0.0]",0.0,0.0,0.0,0.0,0.0,0.0,0.0,0.0,0.0,0.0,0.0,0.0,0.0,0.0,0.0
static_46,46,static,42,88,4743,3,ring,3,far_from_exit_and_main_road,17,204.93606554716825,186.71085607260466,0.8,11,14,"[1, 1, 0, 1, 1, 1, 0, 1, 1, 0, 1, 1, 1, 1]","{""0"": 1, ""1"": 1, ""2"": 0, ""3"": 1, ""4"": 1, ""5"": 1, ""6"": 0, ""7"": 1, ""8"": 1, ""9"": 0, ""10"": 1, ""11"": 1, ""12"": 1, ""13"": 1}",15,"[0.0, 0.0, 0.0, 0.0, 0.0, 0.0, 0.0, 0.0, 0.0, 0.0, 0.0, 0.0, 0.0, 0.0, 0.0]",0.0,0.0,0.0,0.0,0.0,0.0,0.0,0.0,0.0,0.0,0.0,0.0,0.0,0.0,0.0
static_47,47,static,42,89,2595,2,center,2,near_main_road,15,99.52361969463527,146.08088297443464,0.8,10,14,"[1, 1, 0, 1, 0, 1, 1, 0, 1, 1, 1, 0, 1, 1]","{""0"": 1, ""1"": 1, ""2"": 0, ""3"": 1, ""4"": 0, ""5"": 1, ""6"": 1, ""7"": 0, ""8"": 1, ""9"": 1, ""10"": 1, ""11"": 0, ""12"": 1, ""13"": 1}",15,"[0.0, 0.0, 0.0, 0.0, 0.0, 0.0, 0.0, 0.0, 0.0, 0.0, 0.0, 0.0, 0.0, 0.0, 0.0]",0.0,0.0,0.0,0.0,0.0,0.0,0.0,0.0,0.0,0.0,0.0,0.0,0.0,0.0,0.0
static_48,48,static,42,90,4781,1,uniform,2,near_main_road,5,193.32523366622627,216.92377928225324,0.8,12,14,"[1, 1, 1, 1, 1, 1, 1, 0, 0, 1, 1, 1, 1, 1]","{""0"": 1, ""1"": 1, ""2"": 1, ""3"": 1, ""4"": 1, ""5"": 1, ""6"": 1, ""7"": 0, ""8"": 0, ""9"": 1, ""10"": 1, ""11"": 1, ""12"": 1, ""13"": 1}",15,"[0.0, 0.0, 0.0, 0.0, 0.0, 0.0, 0.0, 0.0, 0.0, 0.0, 0.0, 0.0, 0.0, 0.0, 0.0]",0.0,0.0,0.0,0.0,0.0,0.0,0.0,0.0,0.0,0.0,0.0,0.0,0.0,0.0,0.0
static_49,49,static,42,91,2887,2,center,2,near_main_road,2,121.50282700546086,359.87158203404397,0.8,10,14,"[1, 1, 1, 1, 0, 0, 1, 1, 0, 1, 1, 1, 1, 0]","{""0"": 1, ""1"": 1, ""2"": 1, ""3"": 1, ""4"": 0, ""5"": 0, ""6"": 1, ""7"": 1, ""8"": 0, ""9"": 1, ""10"": 1, ""11"": 1, ""12"": 1, ""13"": 0}",15,"[0.0, 0.0, 0.0, 0.0, 0.0, 0.0, 0.0, 0.0, 0.0, 0.0, 0.0, 0.0, 0.0, 0.0, 0.0]",0.0,0.0,0.0,0.0,0.0,0.0,0.0,0.0,0.0,0.0,0.0,0.0,0.0,0.0,0.0
static_50,50,static,42,92,2254,3,ring,3,far_from_exit_and_main_road,17,204.93606554716825,186.71085607260466,0.8,9,14,"[1, 1, 1, 1, 0, 0, 1, 0, 1, 1, 0, 0, 1, 1]","{""0"": 1, ""1"": 1, ""2"": 1, ""3"": 1, ""4"": 0, ""5"": 0, ""6"": 1, ""7"": 0, ""8"": 1, ""9"": 1, ""10"": 0, ""11"": 0, ""12"": 1, ""13"": 1}",15,"[0.0, 0.0, 0.0, 0.0, 0.0, 0.0, 0.0, 0.0, 0.0, 0.0, 0.0, 0.0, 0.0, 0.0, 0.0]",0.0,0.0,0.0,0.0,0.0,0.0,0.0,0.0,0.0,0.0,0.0,0.0,0.0,0.0,0.0
density_1,1,density,42,43,3777,2,center,3,far_from_exit_and_main_road,12,86.4655145779252,206.66192820994183,0.8,13,14,"[1, 1, 1, 1, 1, 1, 1, 1, 1, 1, 1, 0, 1, 1]","{""0"": 1, ""1"": 1, ""2"": 1, ""3"": 1, ""4"": 1, ""5"": 1, ""6"": 1, ""7"": 1, ""8"": 1, ""9"": 1, ""10"": 1, ""11"": 0, ""12"": 1, ""13"": 1}",15,"[0.0, 0.0, 0.0, 0.0, 0.0, 0.0, 0.0, 0.0, 0.0, 0.0, 0.0, 0.0, 0.0, 0.0, 0.0]",0.0,0.0,0.0,0.0,0.0,0.0,0.0,0.0,0.0,0.0,0.0,0.0,0.0,0.0,0.0
density_2,2,density,42,44,4831,1,uniform,1,near_exit,6,26.251288073137403,149.61036271601915,0.8,12,14,"[1, 1, 0, 1, 1, 1, 1, 1, 1, 1, 0, 1, 1, 1]","{""0"": 1, ""1"": 1, ""2"": 0, ""3"": 1, ""4"": 1, ""5"": 1, ""6"": 1, ""7"": 1, ""8"": 1, ""9"": 1, ""10"": 0, ""11"": 1, ""12"": 1, ""13"": 1}",15,"[0.0, 0.0, 0.0, 0.0, 0.0, 0.0, 0.0, 0.0, 0.0, 0.0, 0.0, 0.0, 0.0, 0.0, 0.0]",0.0,0.0,0.0,0.0,0.0,0.0,0.0,0.0,0.0,0.0,0.0,0.0,0.0,0.0,0.0
density_3,3,density,42,45,5018,1,uniform,3,far_from_exit_and_main_road,2,135.2143654283136,374.6006386834197,0.8,14,14,"[1, 1, 1, 1, 1, 1, 1, 1, 1, 1, 1, 1, 1, 1]","{""0"": 1, ""1"": 1, ""2"": 1, ""3"": 1, ""4"": 1, ""5"": 1, ""6"": 1, ""7"": 1, ""8"": 1, ""9"": 1, ""10"": 1, ""11"": 1, ""12"": 1, ""13"": 1}",15,"[0.0, 0.0, 0.0, 0.0, 0.0, 0.0, 0.0, 0.0, 0.0, 0.0, 0.0, 0.0, 0.0, 0.0, 0.0]",0.0,0.0,0.0,0.0,0.0,0.0,0.0,0.0,0.0,0.0,0.0,0.0,0.0,0.0,0.0
density_4,4,density,42,46,5766,3,ring,2,near_main_road,16,134.70201228372753,258.9657045942731,0.8,9,14,"[0, 1, 1, 0, 1, 1, 1, 0, 1, 1, 1, 0, 0, 1]","{""0"": 0, ""1"": 1, ""2"": 1, ""3"": 0, ""4"": 1, ""5"": 1, ""6"": 1, ""7"": 0, ""8"": 1, ""9"": 1, ""10"": 1, ""11"": 0, ""12"": 0, ""13"": 1}",15,"[0.0, 0.0, 0.0, 0.0, 0.0, 0.0, 0.0, 0.0, 0.0, 0.0, 0.0, 0.0, 0.0, 0.0, 0.0]",0.0,0.0,0.0,0.0,0.0,0.0,0.0,0.0,0.0,0.0,0.0,0.0,0.0,0.0,0.0
density_5,5,density,42,47,5757,3,ring,1,near_exit,5,34.374810233712196,214.9597699600272,0.8,13,14,"[1, 1, 1, 1, 1, 1, 1, 1, 1, 1, 1, 0, 1, 1]","{""0"": 1, ""1"": 1, ""2"": 1, ""3"": 1, ""4"": 1, ""5"": 1, ""6"": 1, ""7"": 1, ""8"": 1, ""9"": 1, ""10"": 1, ""11"": 0, ""12"": 1, ""13"": 1}",15,"[0.0, 0.0, 0.0, 0.0, 0.0, 0.0, 0.0, 0.0, 0.0, 0.0, 0.0, 0.0, 0.0, 0.0, 0.0]",0.0,0.0,0.0,0.0,0.0,0.0,0.0,0.0,0.0,0.0,0.0,0.0,0.0,0.0,0.0
density_6,6,density,42,48,5482,2,center,2,near_main_road,9,180.08427936211228,352.65582518512383,0.8,11,14,"[1, 1, 1, 1, 0, 1, 1, 1, 0, 0, 1, 1, 1, 1]","{""0"": 1, ""1"": 1, ""2"": 1, ""3"": 1, ""4"": 0, ""5"": 1, ""6"": 1, ""7"": 1, ""8"": 0, ""9"": 0, ""10"": 1, ""11"": 1, ""12"": 1, ""13"": 1}",15,"[0.0, 0.0, 0.0, 0.0, 0.0, 0.0, 0.0, 0.0, 0.0, 0.0, 0.0, 0.0, 0.0, 0.0, 0.0]",0.0,0.0,0.0,0.0,0.0,0.0,0.0,0.0,0.0,0.0,0.0,0.0,0.0,0.0,0.0
density_7,7,density,42,49,4348,3,ring,3,far_from_exit_and_main_road,19,166.7272846736014,178.37646883539855,0.8,13,14,"[1, 1, 1, 1, 1, 1, 1, 1, 1, 1, 1, 1, 0, 1]","{""0"": 1, ""1"": 1, ""2"": 1, ""3"": 1, ""4"": 1, ""5"": 1, ""6"": 1, ""7"": 1, ""8"": 1, ""9"": 1, ""10"": 1, ""11"": 1, ""12"": 0, ""13"": 1}",15,"[0.0, 0.0, 0.0, 0.0, 0.0, 0.0, 0.0, 0.0, 0.0, 0.0, 0.0, 0.0, 0.0, 0.0, 0.0]",0.0,0.0,0.0,0.0,0.0,0.0,0.0,0.0,0.0,0.0,0.0,0.0,0.0,0.0,0.0
density_8,8,density,42,50,2774,3,ring,2,near_main_road,14,65.86150634847581,146.12098523322493,0.8,11,14,"[1, 1, 1, 1, 1, 0, 1, 1, 1, 1, 1, 0, 0, 1]","{""0"": 1, ""1"": 1, ""2"": 1, ""3"": 1, ""4"": 1, ""5"": 0, ""6"": 1, ""7"": 1, ""8"": 1, ""9"": 1, ""10"": 1, ""11"": 0, ""12"": 0, ""13"": 1}",15,"[0.0, 0.0, 0.0, 0.0, 0.0, 0.0, 0.0, 0.0, 0.0, 0.0, 0.0, 0.0, 0.0, 0.0, 0.0]",0.0,0.0,0.0,0.0,0.0,0.0,0.0,0.0,0.0,0.0,0.0,0.0,0.0,0.0,0.0
density_9,9,density,42,51,3137,1,uniform,1,near_exit,11,74.4658822324127,300.26813259813935,0.8,11,14,"[1, 1, 1, 0, 1, 1, 0, 1, 0, 1, 1, 1, 1, 1]","{""0"": 1, ""1"": 1, ""2"": 1, ""3"": 0, ""4"": 1, ""5"": 1, ""6"": 0, ""7"": 1, ""8"": 0, ""9"": 1, ""10"": 1, ""11"": 1, ""12"": 1, ""13"": 1}",15,"[0.0, 0.0, 0.0, 0.0, 0.0, 0.0, 0.0, 0.0, 0.0, 0.0, 0.0, 0.0, 0.0, 0.0, 0.0]",0.0,0.0,0.0,0.0,0.0,0.0,0.0,0.0,0.0,0.0,0.0,0.0,0.0,0.0,0.0
density_10,10,density,42,52,3585,3,ring,1,near_exit,11,74.4658822324127,300.26813259813935,0.8,10,14,"[0, 1, 1, 1, 0, 1, 0, 1, 0, 1, 1, 1, 1, 1]","{""0"": 0, ""1"": 1, ""2"": 1, ""3"": 1, ""4"": 0, ""5"": 1, ""6"": 0, ""7"": 1, ""8"": 0, ""9"": 1, ""10"": 1, ""11"": 1, ""12"": 1, ""13"": 1}",15,"[0.0, 0.0, 0.0, 0.0, 0.0, 0.0, 0.0, 0.0, 0.0, 0.0, 0.0, 0.0, 0.0, 0.0, 0.0]",0.0,0.0,0.0,0.0,0.0,0.0,0.0,0.0,0.0,0.0,0.0,0.0,0.0,0.0,0.0
density_11,11,density,42,53,5041,2,center,2,near_main_road,12,154.97150951996446,181.80336326546967,0.8,10,14,"[1, 0, 1, 1, 0, 1, 1, 1, 0, 1, 1, 0, 1, 1]","{""0"": 1, ""1"": 0, ""2"": 1, ""3"": 1, ""4"": 0, ""5"": 1, ""6"": 1, ""7"": 1, ""8"": 0, ""9"": 1, ""10"": 1, ""11"": 0, ""12"": 1, ""13"": 1}",15,"[0.0, 0.0, 0.0, 0.0, 0.0, 0.0, 0.0, 0.0, 0.0, 0.0, 0.0, 0.0, 0.0, 0.0, 0.0]",0.0,0.0,0.0,0.0,0.0,0.0,0.0,0.0,0.0,0.0,0.0,0.0,0.0,0.0,0.0
density_12,12,density,42,54,4248,1,uniform,1,near_exit,9,99.46174082159996,359.97675951663405,0.8,9,14,"[0, 1, 1, 1, 0, 1, 1, 1, 1, 0, 0, 1, 1, 0]","{""0"": 0, ""1"": 1, ""2"": 1, ""3"": 1, ""4"": 0, ""5"": 1, ""6"": 1, ""7"": 1, ""8"": 1, ""9"": 0, ""10"": 0, ""11"": 1, ""12"": 1, ""13"": 0}",15,"[0.0, 0.0, 0.0, 0.0, 0.0, 0.0, 0.0, 0.0, 0.0, 0.0, 0.0, 0.0, 0.0, 0.0, 0.0]",0.0,0.0,0.0,0.0,0.0,0.0,0.0,0.0,0.0,0.0,0.0,0.0,0.0,0.0,0.0
density_13,13,density,42,55,4945,1,uniform,1,near_exit,2,218.32077577710152,98.24949029041454,0.8,11,14,"[1, 0, 1, 1, 0, 1, 1, 1, 1, 0, 1, 1, 1, 1]","{""0"": 1, ""1"": 0, ""2"": 1, ""3"": 1, ""4"": 0, ""5"": 1, ""6"": 1, ""7"": 1, ""8"": 1, ""9"": 0, ""10"": 1, ""11"": 1, ""12"": 1, ""13"": 1}",15,"[0.0, 0.0, 0.0, 0.0, 0.0, 0.0, 0.0, 0.0, 0.0, 0.0, 0.0, 0.0, 0.0, 0.0, 0.0]",0.0,0.0,0.0,0.0,0.0,0.0,0.0,0.0,0.0,0.0,0.0,0.0,0.0,0.0,0.0
density_14,14,density,42,56,2863,3,ring,1,near_exit,3,266.886261947453,161.88702389178798,0.8,11,14,"[0, 1, 1, 1, 1, 0, 1, 1, 1, 1, 1, 0, 1, 1]","{""0"": 0, ""1"": 1, ""2"": 1, ""3"": 1, ""4"": 1, ""5"": 0, ""6"": 1, ""7"": 1, ""8"": 1, ""9"": 1, ""10"": 1, ""11"": 0, ""12"": 1, ""13"": 1}",15,"[0.0, 0.0, 0.0, 0.0, 0.0, 0.0, 0.0, 0.0, 0.0, 0.0, 0.0, 0.0, 0.0, 0.0, 0.0]",0.0,0.0,0.0,0.0,0.0,0.0,0.0,0.0,0.0,0.0,0.0,0.0,0.0,0.0,0.0
density_15,15,density,42,57,2445,3,ring,3,far_from_exit_and_main_road,18,220.97559298947453,223.2789021898061,0.8,11,14,"[1, 1, 1, 1, 0, 1, 0, 1, 0, 1, 1, 1, 1, 1]","{""0"": 1, ""1"": 1, ""2"": 1, ""3"": 1, ""4"": 0, ""5"": 1, ""6"": 0, ""7"": 1, ""8"": 0, ""9"": 1, ""10"": 1, ""11"": 1, ""12"": 1, ""13"": 1}",15,"[0.0, 0.0, 0.0, 0.0, 0.0, 0.0, 0.0, 0.0, 0.0, 0.0, 0.0, 0.0, 0.0, 0.0, 0.0]",0.0,0.0,0.0,0.0,0.0,0.0,0.0,0.0,0.0,0.0,0.0,0.0,0.0,0.0,0.0
density_16,16,density,42,58,4005,1,uniform,2,near_main_road,5,193.32523366622627,216.92377928225324,0.8,9,14,"[1, 1, 1, 0, 1, 1, 1, 1, 0, 0, 0, 1, 0, 1]","{""0"": 1, ""1"": 1, ""2"": 1, ""3"": 0, ""4"": 1, ""5"": 1, ""6"": 1, ""7"": 1, ""8"": 0, ""9"": 0, ""10"": 0, ""11"": 1, ""12"": 0, ""13"": 1}",15,"[0.0, 0.0, 0.0, 0.0, 0.0, 0.0, 0.0, 0.0, 0.0, 0.0, 0.0, 0.0, 0.0, 0.0, 0.0]",0.0,0.0,0.0,0.0,0.0,0.0,0.0,0.0,0.0,0.0,0.0,0.0,0.0,0.0,0.0
density_17,17,density,42,59,3388,2,center,1,near_exit,2,218.32077577710152,98.24949029041454,0.8,9,14,"[1, 0, 0, 1, 0, 1, 1, 1, 0, 1, 0, 1, 1, 1]","{""0"": 1, ""1"": 0, ""2"": 0, ""3"": 1, ""4"": 0, ""5"": 1, ""6"": 1, ""7"": 1, ""8"": 0, ""9"": 1, ""10"": 0, ""11"": 1, ""12"": 1, ""13"": 1}",15,"[0.0, 0.0, 0.0, 0.0, 0.0, 0.0, 0.0, 0.0, 0.0, 0.0, 0.0, 0.0, 0.0, 0.0, 0.0]",0.0,0.0,0.0,0.0,0.0,0.0,0.0,0.0,0.0,0.0,0.0,0.0,0.0,0.0,0.0
density_18,18,density,42,60,2037,3,ring,1,near_exit,4,253.88965937122703,250.78205533977598,0.8,11,14,"[1, 1, 1, 0, 1, 1, 0, 1, 0, 1, 1, 1, 1, 1]","{""0"": 1, ""1"": 1, ""2"": 1, ""3"": 0, ""4"": 1, ""5"": 1, ""6"": 0, ""7"": 1, ""8"": 0, ""9"": 1, ""10"": 1, ""11"": 1, ""12"": 1, ""13"": 1}",15,"[0.0, 0.0, 0.0, 0.0, 0.0, 0.0, 0.0, 0.0, 0.0, 0.0, 0.0, 0.0, 0.0, 0.0, 0.0]",0.0,0.0,0.0,0.0,0.0,0.0,0.0,0.0,0.0,0.0,0.0,0.0,0.0,0.0,0.0
density_19,19,density,42,61,4600,2,center,3,far_from_exit_and_main_road,11,107.66569153219461,244.24434981588274,0.8,12,14,"[1, 1, 0, 1, 1, 1, 1, 1, 1, 1, 1, 1, 0, 1]","{""0"": 1, ""1"": 1, ""2"": 0, ""3"": 1, ""4"": 1, ""5"": 1, ""6"": 1, ""7"": 1, ""8"": 1, ""9"": 1, ""10"": 1, ""11"": 1, ""12"": 0, ""13"": 1}",15,"[0.0, 0.0, 0.0, 0.0, 0.0, 0.0, 0.0, 0.0, 0.0, 0.0, 0.0, 0.0, 0.0, 0.0, 0.0]",0.0,0.0,0.0,0.0,0.0,0.0,0.0,0.0,0.0,0.0,0.0,0.0,0.0,0.0,0.0
density_20,20,density,42,62,4124,2,center,1,near_exit,4,253.88965937122703,250.78205533977598,0.8,9,14,"[0, 1, 0, 1, 1, 0, 1, 1, 1, 0, 0, 1, 1, 1]","{""0"": 0, ""1"": 1, ""2"": 0, ""3"": 1, ""4"": 1, ""5"": 0, ""6"": 1, ""7"": 1, ""8"": 1, ""9"": 0, ""10"": 0, ""11"": 1, ""12"": 1, ""13"": 1}",15,"[0.0, 0.0, 0.0, 0.0, 0.0, 0.0, 0.0, 0.0, 0.0, 0.0, 0.0, 0.0, 0.0, 0.0, 0.0]",0.0,0.0,0.0,0.0,0.0,0.0,0.0,0.0,0.0,0.0,0.0,0.0,0.0,0.0,0.0
density_21,21,density,42,63,5569,1,uniform,1,near_exit,3,266.886261947453,161.88702389178798,0.8,11,14,"[1, 1, 0, 1, 1, 1, 1, 1, 1, 1, 0, 1, 1, 0]","{""0"": 1, ""1"": 1, ""2"": 0, ""3"": 1, ""4"": 1, ""5"": 1, ""6"": 1, ""7"": 1, ""8"": 1, ""9"": 1, ""10"": 0, ""11"": 1, ""12"": 1, ""13"": 0}",15,"[0.0, 0.0, 0.0, 0.0, 0.0, 0.0, 0.0, 0.0, 0.0, 0.0, 0.0, 0.0, 0.0, 0.0, 0.0]",0.0,0.0,0.0,0.0,0.0,0.0,0.0,0.0,0.0,0.0,0.0,0.0,0.0,0.0,0.0
density_22,22,density,42,64,3802,3,ring,1,near_exit,10,88.6747558992356,336.96034401934594,0.8,8,14,"[1, 1, 1, 0, 1, 0, 1, 0, 0, 1, 0, 1, 1, 0]","{""0"": 1, ""1"": 1, ""2"": 1, ""3"": 0, ""4"": 1, ""5"": 0, ""6"": 1, ""7"": 0, ""8"": 0, ""9"": 1, ""10"": 0, ""11"": 1, ""12"": 1, ""13"": 0}",15,"[0.0, 0.0, 0.0, 0.0, 0.0, 0.0, 0.0, 0.0, 0.0, 0.0, 0.0, 0.0, 0.0, 0.0, 0.0]",0.0,0.0,0.0,0.0,0.0,0.0,0.0,0.0,0.0,0.0,0.0,0.0,0.0,0.0,0.0
density_23,23,density,42,65,2187,3,ring,3,far_from_exit_and_main_road,4,157.20234358869493,387.1448321295902,0.8,12,14,"[1, 1, 0, 1, 1, 1, 1, 1, 0, 1, 1, 1, 1, 1]","{""0"": 1, ""1"": 1, ""2"": 0, ""3"": 1, ""4"": 1, ""5"": 1, ""6"": 1, ""7"": 1, ""8"": 0, ""9"": 1, ""10"": 1, ""11"": 1, ""12"": 1, ""13"": 1}",15,"[0.0, 0.0, 0.0, 0.0, 0.0, 0.0, 0.0, 0.0, 0.0, 0.0, 0.0, 0.0, 0.0, 0.0, 0.0]",0.0,0.0,0.0,0.0,0.0,0.0,0.0,0.0,0.0,0.0,0.0,0.0,0.0,0.0,0.0
density_24,24,density,42,66,3488,3,ring,2,near_main_road,17,146.94398586079478,116.57973352074623,0.8,12,14,"[1, 1, 1, 1, 1, 0, 1, 1, 0, 1, 1, 1, 1, 1]","{""0"": 1, ""1"": 1, ""2"": 1, ""3"": 1, ""4"": 1, ""5"": 0, ""6"": 1, ""7"": 1, ""8"": 0, ""9"": 1, ""10"": 1, ""11"": 1, ""12"": 1, ""13"": 1}",15,"[0.0, 0.0, 0.0, 0.0, 0.0, 0.0, 0.0, 0.0, 0.0, 0.0, 0.0, 0.0, 0.0, 0.0, 0.0]",0.0,0.0,0.0,0.0,0.0,0.0,0.0,0.0,0.0,0.0,0.0,0.0,0.0,0.0,0.0
density_25,25,density,42,67,2391,1,uniform,1,near_exit,5,34.374810233712196,214.9597699600272,0.8,11,14,"[1, 1, 0, 1, 0, 1, 1, 0, 1, 1, 1, 1, 1, 1]","{""0"": 1, ""1"": 1, ""2"": 0, ""3"": 1, ""4"": 0, ""5"": 1, ""6"": 1, ""7"": 0, ""8"": 1, ""9"": 1, ""10"": 1, ""11"": 1, ""12"": 1, ""13"": 1}",15,"[0.0, 0.0, 0.0, 0.0, 0.0, 0.0, 0.0, 0.0, 0.0, 0.0, 0.0, 0.0, 0.0, 0.0, 0.0]",0.0,0.0,0.0,0.0,0.0,0.0,0.0,0.0,0.0,0.0,0.0,0.0,0.0,0.0,0.0
density_26,26,density,42,68,5202,3,ring,2,near_main_road,16,134.70201228372753,258.9657045942731,0.8,10,14,"[1, 0, 1, 0, 1, 1, 1, 1, 0, 1, 0, 1, 1, 1]","{""0"": 1, ""1"": 0, ""2"": 1, ""3"": 0, ""4"": 1, ""5"": 1, ""6"": 1, ""7"": 1, ""8"": 0, ""9"": 1, ""10"": 0, ""11"": 1, ""12"": 1, ""13"": 1}",15,"[0.0, 0.0, 0.0, 0.0, 0.0, 0.0, 0.0, 0.0, 0.0, 0.0, 0.0, 0.0, 0.0, 0.0, 0.0]",0.0,0.0,0.0,0.0,0.0,0.0,0.0,0.0,0.0,0.0,0.0,0.0,0.0,0.0,0.0
density_27,27,density,42,69,3803,2,center,2,near_main_road,5,193.32523366622627,216.92377928225324,0.8,10,14,"[1, 1, 1, 1, 1, 0, 1, 0, 1, 0, 1, 0, 1, 1]","{""0"": 1, ""1"": 1, ""2"": 1, ""3"": 1, ""4"": 1, ""5"": 0, ""6"": 1, ""7"": 0, ""8"": 1, ""9"": 0, ""10"": 1, ""11"": 0, ""12"": 1, ""13"": 1}",15,"[0.0, 0.0, 0.0, 0.0, 0.0, 0.0, 0.0, 0.0, 0.0, 0.0, 0.0, 0.0, 0.0, 0.0, 0.0]",0.0,0.0,0.0,0.0,0.0,0.0,0.0,0.0,0.0,0.0,0.0,0.0,0.0,0.0,0.0
density_28,28,density,42,70,3129,2,center,2,near_main_road,3,90.1036622915417,273.10059678182006,0.8,12,14,"[0, 1, 1, 1, 0, 1, 1, 1, 1, 1, 1, 1, 1, 1]","{""0"": 0, ""1"": 1, ""2"": 1, ""3"": 1, ""4"": 0, ""5"": 1, ""6"": 1, ""7"": 1, ""8"": 1, ""9"": 1, ""10"": 1, ""11"": 1, ""12"": 1, ""13"": 1}",15,"[0.0, 0.0, 0.0, 0.0, 0.0, 0.0, 0.0, 0.0, 0.0, 0.0, 0.0, 0.0, 0.0, 0.0, 0.0]",0.0,0.0,0.0,0.0,0.0,0.0,0.0,0.0,0.0,0.0,0.0,0.0,0.0,0.0,0.0
density_29,29,density,42,71,5115,1,uniform,1,near_exit,8,196.78927944786847,446.820492007304,0.8,10,14,"[1, 1, 1, 0, 0, 0, 1, 1, 1, 1, 1, 1, 1, 0]","{""0"": 1, ""1"": 1, ""2"": 1, ""3"": 0, ""4"": 0, ""5"": 0, ""6"": 1, ""7"": 1, ""8"": 1, ""9"": 1, ""10"": 1, ""11"": 1, ""12"": 1, ""13"": 0}",15,"[0.0, 0.0, 0.0, 0.0, 0.0, 0.0, 0.0, 0.0, 0.0, 0.0, 0.0, 0.0, 0.0, 0.0, 0.0]",0.0,0.0,0.0,0.0,0.0,0.0,0.0,0.0,0.0,0.0,0.0,0.0,0.0,0.0,0.0
density_30,30,density,42,72,4834,2,center,2,near_main_road,13,207.4848934672773,150.69670907920226,0.8,12,14,"[1, 1, 0, 1, 1, 1, 1, 1, 1, 0, 1, 1, 1, 1]","{""0"": 1, ""1"": 1, ""2"": 0, ""3"": 1, ""4"": 1, ""5"": 1, ""6"": 1, ""7"": 1, ""8"": 1, ""9"": 0, ""10"": 1, ""11"": 1, ""12"": 1, ""13"": 1}",15,"[0.0, 0.0, 0.0, 0.0, 0.0, 0.0, 0.0, 0.0, 0.0, 0.0, 0.0, 0.0, 0.0, 0.0, 0.0]",0.0,0.0,0.0,0.0,0.0,0.0,0.0,0.0,0.0,0.0,0.0,0.0,0.0,0.0,0.0
density_31,31,density,42,73,4265,1,uniform,2,near_main_road,1,198.32551720924675,427.5889890268445,0.8,14,14,"[1, 1, 1, 1, 1, 1, 1, 1, 1, 1, 1, 1, 1, 1]","{""0"": 1, ""1"": 1, ""2"": 1, ""3"": 1, ""4"": 1, ""5"": 1, ""6"": 1, ""7"": 1, ""8"": 1, ""9"": 1, ""10"": 1, ""11"": 1, ""12"": 1, ""13"": 1}",15,"[0.0, 0.0, 0.0, 0.0, 0.0, 0.0, 0.0, 0.0, 0.0, 0.0, 0.0, 0.0, 0.0, 0.0, 0.0]",0.0,0.0,0.0,0.0,0.0,0.0,0.0,0.0,0.0,0.0,0.0,0.0,0.0,0.0,0.0
density_32,32,density,42,74,2012,3,ring,3,far_from_exit_and_main_road,13,83.91668662056327,167.85010003577918,0.8,10,14,"[0, 1, 1, 1, 1, 0, 0, 1, 1, 1, 0, 1, 1, 1]","{""0"": 0, ""1"": 1, ""2"": 1, ""3"": 1, ""4"": 1, ""5"": 0, ""6"": 0, ""7"": 1, ""8"": 1, ""9"": 1, ""10"": 0, ""11"": 1, ""12"": 1, ""13"": 1}",15,"[0.0, 0.0, 0.0, 0.0, 0.0, 0.0, 0.0, 0.0, 0.0, 0.0, 0.0, 0.0, 0.0, 0.0, 0.0]",0.0,0.0,0.0,0.0,0.0,0.0,0.0,0.0,0.0,0.0,0.0,0.0,0.0,0.0,0.0
density_33,33,density,42,75,3028,3,ring,2,near_main_road,2,121.50282700546086,359.87158203404397,0.8,12,14,"[1, 1, 1, 1, 1, 1, 1, 1, 0, 1, 1, 0, 1, 1]","{""0"": 1, ""1"": 1, ""2"": 1, ""3"": 1, ""4"": 1, ""5"": 1, ""6"": 1, ""7"": 1, ""8"": 0, ""9"": 1, ""10"": 1, ""11"": 0, ""12"": 1, ""13"": 1}",15,"[0.0, 0.0, 0.0, 0.0, 0.0, 0.0, 0.0, 0.0, 0.0, 0.0, 0.0, 0.0, 0.0, 0.0, 0.0]",0.0,0.0,0.0,0.0,0.0,0.0,0.0,0.0,0.0,0.0,0.0,0.0,0.0,0.0,0.0
density_34,34,density,42,76,4699,1,uniform,2,near_main_road,5,193.32523366622627,216.92377928225324,0.8,11,14,"[1, 0, 1, 1, 1, 1, 1, 0, 1, 1, 0, 1, 1, 1]","{""0"": 1, ""1"": 0, ""2"": 1, ""3"": 1, ""4"": 1, ""5"": 1, ""6"": 1, ""7"": 0, ""8"": 1, ""9"": 1, ""10"": 0, ""11"": 1, ""12"": 1, ""13"": 1}",15,"[0.0, 0.0, 0.0, 0.0, 0.0, 0.0, 0.0, 0.0, 0.0, 0.0, 0.0, 0.0, 0.0, 0.0, 0.0]",0.0,0.0,0.0,0.0,0.0,0.0,0.0,0.0,0.0,0.0,0.0,0.0,0.0,0.0,0.0
density_35,35,density,42,77,2707,2,center,3,far_from_exit_and_main_road,2,135.2143654283136,374.6006386834197,0.8,11,14,"[1, 1, 1, 0, 1, 1, 1, 1, 1, 1, 1, 0, 1, 0]","{""0"": 1, ""1"": 1, ""2"": 1, ""3"": 0, ""4"": 1, ""5"": 1, ""6"": 1, ""7"": 1, ""8"": 1, ""9"": 1, ""10"": 1, ""11"": 0, ""12"": 1, ""13"": 0}",15,"[0.0, 0.0, 0.0, 0.0, 0.0, 0.0, 0.0, 0.0, 0.0, 0.0, 0.0, 0.0, 0.0, 0.0, 0.0]",0.0,0.0,0.0,0.0,0.0,0.0,0.0,0.0,0.0,0.0,0.0,0.0,0.0,0.0,0.0
density_36,36,density,42,78,5416,1,uniform,1,near_exit,3,266.886261947453,161.88702389178798,0.8,12,14,"[0, 1, 0, 1, 1, 1, 1, 1, 1, 1, 1, 1, 1, 1]","{""0"": 0, ""1"": 1, ""2"": 0, ""3"": 1, ""4"": 1, ""5"": 1, ""6"": 1, ""7"": 1, ""8"": 1, ""9"": 1, ""10"": 1, ""11"": 1, ""12"": 1, ""13"": 1}",15,"[0.0, 0.0, 0.0, 0.0, 0.0, 0.0, 0.0, 0.0, 0.0, 0.0, 0.0, 0.0, 0.0, 0.0, 0.0]",0.0,0.0,0.0,0.0,0.0,0.0,0.0,0.0,0.0,0.0,0.0,0.0,0.0,0.0,0.0
density_37,37,density,42,79,5349,2,center,3,far_from_exit_and_main_road,16,67.33770958334208,107.10279587097466,0.8,12,14,"[1, 1, 1, 1, 1, 1, 1, 1, 0, 1, 1, 1, 0, 1]","{""0"": 1, ""1"": 1, ""2"": 1, ""3"": 1, ""4"": 1, ""5"": 1, ""6"": 1, ""7"": 1, ""8"": 0, ""9"": 1, ""10"": 1, ""11"": 1, ""12"": 0, ""13"": 1}",15,"[0.0, 0.0, 0.0, 0.0, 0.0, 0.0, 0.0, 0.0, 0.0, 0.0, 0.0, 0.0, 0.0, 0.0, 0.0]",0.0,0.0,0.0,0.0,0.0,0.0,0.0,0.0,0.0,0.0,0.0,0.0,0.0,0.0,0.0
density_38,38,density,42,80,5874,1,uniform,2,near_main_road,9,180.08427936211228,352.65582518512383,0.8,9,14,"[1, 1, 1, 0, 1, 1, 1, 1, 0, 0, 0, 0, 1, 1]","{""0"": 1, ""1"": 1, ""2"": 1, ""3"": 0, ""4"": 1, ""5"": 1, ""6"": 1, ""7"": 1, ""8"": 0, ""9"": 0, ""10"": 0, ""11"": 0, ""12"": 1, ""13"": 1}",15,"[0.0, 0.0, 0.0, 0.0, 0.0, 0.0, 0.0, 0.0, 0.0, 0.0, 0.0, 0.0, 0.0, 0.0, 0.0]",0.0,0.0,0.0,0.0,0.0,0.0,0.0,0.0,0.0,0.0,0.0,0.0,0.0,0.0,0.0
density_39,39,density,42,81,2308,2,center,2,near_main_road,10,184.6287497021258,386.95119016058743,0.8,12,14,"[1, 1, 1, 1, 0, 1, 1, 1, 1, 0, 1, 1, 1, 1]","{""0"": 1, ""1"": 1, ""2"": 1, ""3"": 1, ""4"": 0, ""5"": 1, ""6"": 1, ""7"": 1, ""8"": 1, ""9"": 0, ""10"": 1, ""11"": 1, ""12"": 1, ""13"": 1}",15,"[0.0, 0.0, 0.0, 0.0, 0.0, 0.0, 0.0, 0.0, 0.0, 0.0, 0.0, 0.0, 0.0, 0.0, 0.0]",0.0,0.0,0.0,0.0,0.0,0.0,0.0,0.0,0.0,0.0,0.0,0.0,0.0,0.0,0.0
density_40,40,density,42,82,2509,3,ring,1,near_exit,14,108.68085003085434,414.72697948804125,0.8,10,14,"[1, 1, 1, 0, 0, 1, 1, 1, 0, 1, 1, 1, 1, 0]","{""0"": 1, ""1"": 1, ""2"": 1, ""3"": 0, ""4"": 0, ""5"": 1, ""6"": 1, ""7"": 1, ""8"": 0, ""9"": 1, ""10"": 1, ""11"": 1, ""12"": 1, ""13"": 0}",15,"[0.0, 0.0, 0.0, 0.0, 0.0, 0.0, 0.0, 0.0, 0.0, 0.0, 0.0, 0.0, 0.0, 0.0, 0.0]",0.0,0.0,0.0,0.0,0.0,0.0,0.0,0.0,0.0,0.0,0.0,0.0,0.0,0.0,0.0
density_41,41,density,42,83,4564,1,uniform,1,near_exit,5,34.374810233712196,214.9597699600272,0.8,11,14,"[1, 0, 1, 1, 1, 1, 1, 1, 0, 1, 1, 1, 0, 1]","{""0"": 1, ""1"": 0, ""2"": 1, ""3"": 1, ""4"": 1, ""5"": 1, ""6"": 1, ""7"": 1, ""8"": 0, ""9"": 1, ""10"": 1, ""11"": 1, ""12"": 0, ""13"": 1}",15,"[0.0, 0.0, 0.0, 0.0, 0.0, 0.0, 0.0, 0.0, 0.0, 0.0, 0.0, 0.0, 0.0, 0.0, 0.0]",0.0,0.0,0.0,0.0,0.0,0.0,0.0,0.0,0.0,0.0,0.0,0.0,0.0,0.0,0.0
density_42,42,density,42,84,3914,2,center,3,far_from_exit_and_main_road,2,135.2143654283136,374.6006386834197,0.8,12,14,"[1, 0, 1, 1, 0, 1, 1, 1, 1, 1, 1, 1, 1, 1]","{""0"": 1, ""1"": 0, ""2"": 1, ""3"": 1, ""4"": 0, ""5"": 1, ""6"": 1, ""7"": 1, ""8"": 1, ""9"": 1, ""10"": 1, ""11"": 1, ""12"": 1, ""13"": 1}",15,"[0.0, 0.0, 0.0, 0.0, 0.0, 0.0, 0.0, 0.0, 0.0, 0.0, 0.0, 0.0, 0.0, 0.0, 0.0]",0.0,0.0,0.0,0.0,0.0,0.0,0.0,0.0,0.0,0.0,0.0,0.0,0.0,0.0,0.0
density_43,43,density,42,85,4462,1,uniform,3,far_from_exit_and_main_road,18,220.97559298947453,223.2789021898061,0.8,11,14,"[1, 1, 1, 0, 1, 1, 1, 0, 1, 1, 1, 0, 1, 1]","{""0"": 1, ""1"": 1, ""2"": 1, ""3"": 0, ""4"": 1, ""5"": 1, ""6"": 1, ""7"": 0, ""8"": 1, ""9"": 1, ""10"": 1, ""11"": 0, ""12"": 1, ""13"": 1}",15,"[0.0, 0.0, 0.0, 0.0, 0.0, 0.0, 0.0, 0.0, 0.0, 0.0, 0.0, 0.0, 0.0, 0.0, 0.0]",0.0,0.0,0.0,0.0,0.0,0.0,0.0,0.0,0.0,0.0,0.0,0.0,0.0,0.0,0.0
density_44,44,density,42,86,3885,3,ring,3,far_from_exit_and_main_road,13,83.91668662056327,167.85010003577918,0.8,9,14,"[1, 1, 0, 1, 1, 1, 1, 1, 0, 0, 1, 0, 1, 0]","{""0"": 1, ""1"": 1, ""2"": 0, ""3"": 1, ""4"": 1, ""5"": 1, ""6"": 1, ""7"": 1, ""8"": 0, ""9"": 0, ""10"": 1, ""11"": 0, ""12"": 1, ""13"": 0}",15,"[0.0, 0.0, 0.0, 0.0, 0.0, 0.0, 0.0, 0.0, 0.0, 0.0, 0.0, 0.0, 0.0, 0.0, 0.0]",0.0,0.0,0.0,0.0,0.0,0.0,0.0,0.0,0.0,0.0,0.0,0.0,0.0,0.0,0.0
density_45,45,density,42,87,4105,1,uniform,1,near_exit,13,248.94334834627807,302.5594665892422,0.8,12,14,"[1, 1, 0, 1, 1, 1, 1, 1, 1, 1, 1, 1, 1, 0]","{""0"": 1, ""1"": 1, ""2"": 0, ""3"": 1, ""4"": 1, ""5"": 1, ""6"": 1, ""7"": 1, ""8"": 1, ""9"": 1, ""10"": 1, ""11"": 1, ""12"": 1, ""13"": 0}",15,"[0.0, 0.0, 0.0, 0.0, 0.0, 0.0, 0.0, 0.0, 0.0, 0.0, 0.0, 0.0, 0.0, 0.0, 0.0]",0.0,0.0,0.0,0.0,0.0,0.0,0.0,0.0,0.0,0.0,0.0,0.0,0.0,0.0,0.0
density_46,46,density,42,88,4743,3,ring,3,far_from_exit_and_main_road,17,204.93606554716825,186.71085607260466,0.8,11,14,"[1, 1, 0, 1, 1, 1, 0, 1, 1, 0, 1, 1, 1, 1]","{""0"": 1, ""1"": 1, ""2"": 0, ""3"": 1, ""4"": 1, ""5"": 1, ""6"": 0, ""7"": 1, ""8"": 1, ""9"": 0, ""10"": 1, ""11"": 1, ""12"": 1, ""13"": 1}",15,"[0.0, 0.0, 0.0, 0.0, 0.0, 0.0, 0.0, 0.0, 0.0, 0.0, 0.0, 0.0, 0.0, 0.0, 0.0]",0.0,0.0,0.0,0.0,0.0,0.0,0.0,0.0,0.0,0.0,0.0,0.0,0.0,0.0,0.0
density_47,47,density,42,89,2595,2,center,2,near_main_road,15,99.52361969463527,146.08088297443464,0.8,10,14,"[1, 1, 0, 1, 0, 1, 1, 0, 1, 1, 1, 0, 1, 1]","{""0"": 1, ""1"": 1, ""2"": 0, ""3"": 1, ""4"": 0, ""5"": 1, ""6"": 1, ""7"": 0, ""8"": 1, ""9"": 1, ""10"": 1, ""11"": 0, ""12"": 1, ""13"": 1}",15,"[0.0, 0.0, 0.0, 0.0, 0.0, 0.0, 0.0, 0.0, 0.0, 0.0, 0.0, 0.0, 0.0, 0.0, 0.0]",0.0,0.0,0.0,0.0,0.0,0.0,0.0,0.0,0.0,0.0,0.0,0.0,0.0,0.0,0.0
density_48,48,density,42,90,4781,1,uniform,2,near_main_road,5,193.32523366622627,216.92377928225324,0.8,12,14,"[1, 1, 1, 1, 1, 1, 1, 0, 0, 1, 1, 1, 1, 1]","{""0"": 1, ""1"": 1, ""2"": 1, ""3"": 1, ""4"": 1, ""5"": 1, ""6"": 1, ""7"": 0, ""8"": 0, ""9"": 1, ""10"": 1, ""11"": 1, ""12"": 1, ""13"": 1}",15,"[0.0, 0.0, 0.0, 0.0, 0.0, 0.0, 0.0, 0.0, 0.0, 0.0, 0.0, 0.0, 0.0, 0.0, 0.0]",0.0,0.0,0.0,0.0,0.0,0.0,0.0,0.0,0.0,0.0,0.0,0.0,0.0,0.0,0.0
density_49,49,density,42,91,2887,2,center,2,near_main_road,2,121.50282700546086,359.87158203404397,0.8,10,14,"[1, 1, 1, 1, 0, 0, 1, 1, 0, 1, 1, 1, 1, 0]","{""0"": 1, ""1"": 1, ""2"": 1, ""3"": 1, ""4"": 0, ""5"": 0, ""6"": 1, ""7"": 1, ""8"": 0, ""9"": 1, ""10"": 1, ""11"": 1, ""12"": 1, ""13"": 0}",15,"[0.0, 0.0, 0.0, 0.0, 0.0, 0.0, 0.0, 0.0, 0.0, 0.0, 0.0, 0.0, 0.0, 0.0, 0.0]",0.0,0.0,0.0,0.0,0.0,0.0,0.0,0.0,0.0,0.0,0.0,0.0,0.0,0.0,0.0
density_50,50,density,42,92,2254,3,ring,3,far_from_exit_and_main_road,17,204.93606554716825,186.71085607260466,0.8,9,14,"[1, 1, 1, 1, 0, 0, 1, 0, 1, 1, 0, 0, 1, 1]","{""0"": 1, ""1"": 1, ""2"": 1, ""3"": 1, ""4"": 0, ""5"": 0, ""6"": 1, ""7"": 0, ""8"": 1, ""9"": 1, ""10"": 0, ""11"": 0, ""12"": 1, ""13"": 1}",15,"[0.0, 0.0, 0.0, 0.0, 0.0, 0.0, 0.0, 0.0, 0.0, 0.0, 0.0, 0.0, 0.0, 0.0, 0.0]",0.0,0.0,0.0,0.0,0.0,0.0,0.0,0.0,0.0,0.0,0.0,0.0,0.0,0.0,0.0
risk_01_1,1,risk_01,42,43,3777,2,center,3,far_from_exit_and_main_road,12,86.4655145779252,206.66192820994183,0.8,13,14,"[1, 1, 1, 1, 1, 1, 1, 1, 1, 1, 1, 0, 1, 1]","{""0"": 1, ""1"": 1, ""2"": 1, ""3"": 1, ""4"": 1, ""5"": 1, ""6"": 1, ""7"": 1, ""8"": 1, ""9"": 1, ""10"": 1, ""11"": 0, ""12"": 1, ""13"": 1}",15,"[0.0, 0.0, 0.0, 0.0, 0.0, 0.0, 0.0, 0.0, 0.0, 0.0, 0.0, 0.0, 0.0, 0.0, 0.0]",0.0,0.0,0.0,0.0,0.0,0.0,0.0,0.0,0.0,0.0,0.0,0.0,0.0,0.0,0.0
risk_01_2,2,risk_01,42,44,4831,1,uniform,1,near_exit,6,26.251288073137403,149.61036271601915,0.8,12,14,"[1, 1, 0, 1, 1, 1, 1, 1, 1, 1, 0, 1, 1, 1]","{""0"": 1, ""1"": 1, ""2"": 0, ""3"": 1, ""4"": 1, ""5"": 1, ""6"": 1, ""7"": 1, ""8"": 1, ""9"": 1, ""10"": 0, ""11"": 1, ""12"": 1, ""13"": 1}",15,"[0.0, 0.0, 0.0, 0.0, 0.0, 0.0, 0.0, 0.0, 0.0, 0.0, 0.0, 0.0, 0.0, 0.0, 0.0]",0.0,0.0,0.0,0.0,0.0,0.0,0.0,0.0,0.0,0.0,0.0,0.0,0.0,0.0,0.0
risk_01_3,3,risk_01,42,45,5018,1,uniform,3,far_from_exit_and_main_road,2,135.2143654283136,374.6006386834197,0.8,14,14,"[1, 1, 1, 1, 1, 1, 1, 1, 1, 1, 1, 1, 1, 1]","{""0"": 1, ""1"": 1, ""2"": 1, ""3"": 1, ""4"": 1, ""5"": 1, ""6"": 1, ""7"": 1, ""8"": 1, ""9"": 1, ""10"": 1, ""11"": 1, ""12"": 1, ""13"": 1}",15,"[0.0, 0.0, 0.0, 0.0, 0.0, 0.0, 0.0, 0.0, 0.0, 0.0, 0.0, 0.0, 0.0, 0.0, 0.0]",0.0,0.0,0.0,0.0,0.0,0.0,0.0,0.0,0.0,0.0,0.0,0.0,0.0,0.0,0.0
risk_01_4,4,risk_01,42,46,5766,3,ring,2,near_main_road,16,134.70201228372753,258.9657045942731,0.8,9,14,"[0, 1, 1, 0, 1, 1, 1, 0, 1, 1, 1, 0, 0, 1]","{""0"": 0, ""1"": 1, ""2"": 1, ""3"": 0, ""4"": 1, ""5"": 1, ""6"": 1, ""7"": 0, ""8"": 1, ""9"": 1, ""10"": 1, ""11"": 0, ""12"": 0, ""13"": 1}",15,"[0.0, 0.0, 0.0, 0.0, 0.0, 0.0, 0.0, 0.0, 0.0, 0.0, 0.0, 0.0, 0.0, 0.0, 0.0]",0.0,0.0,0.0,0.0,0.0,0.0,0.0,0.0,0.0,0.0,0.0,0.0,0.0,0.0,0.0
risk_01_5,5,risk_01,42,47,5757,3,ring,1,near_exit,5,34.374810233712196,214.9597699600272,0.8,13,14,"[1, 1, 1, 1, 1, 1, 1, 1, 1, 1, 1, 0, 1, 1]","{""0"": 1, ""1"": 1, ""2"": 1, ""3"": 1, ""4"": 1, ""5"": 1, ""6"": 1, ""7"": 1, ""8"": 1, ""9"": 1, ""10"": 1, ""11"": 0, ""12"": 1, ""13"": 1}",15,"[0.0, 0.0, 0.0, 0.0, 0.0, 0.0, 0.0, 0.0, 0.0, 0.0, 0.0, 0.0, 0.0, 0.0, 0.0]",0.0,0.0,0.0,0.0,0.0,0.0,0.0,0.0,0.0,0.0,0.0,0.0,0.0,0.0,0.0
risk_01_6,6,risk_01,42,48,5482,2,center,2,near_main_road,9,180.08427936211228,352.65582518512383,0.8,11,14,"[1, 1, 1, 1, 0, 1, 1, 1, 0, 0, 1, 1, 1, 1]","{""0"": 1, ""1"": 1, ""2"": 1, ""3"": 1, ""4"": 0, ""5"": 1, ""6"": 1, ""7"": 1, ""8"": 0, ""9"": 0, ""10"": 1, ""11"": 1, ""12"": 1, ""13"": 1}",15,"[0.0, 0.0, 0.0, 0.0, 0.0, 0.0, 0.0, 0.0, 0.0, 0.0, 0.0, 0.0, 0.0, 0.0, 0.0]",0.0,0.0,0.0,0.0,0.0,0.0,0.0,0.0,0.0,0.0,0.0,0.0,0.0,0.0,0.0
risk_01_7,7,risk_01,42,49,4348,3,ring,3,far_from_exit_and_main_road,19,166.7272846736014,178.37646883539855,0.8,13,14,"[1, 1, 1, 1, 1, 1, 1, 1, 1, 1, 1, 1, 0, 1]","{""0"": 1, ""1"": 1, ""2"": 1, ""3"": 1, ""4"": 1, ""5"": 1, ""6"": 1, ""7"": 1, ""8"": 1, ""9"": 1, ""10"": 1, ""11"": 1, ""12"": 0, ""13"": 1}",15,"[0.0, 0.0, 0.0, 0.0, 0.0, 0.0, 0.0, 0.0, 0.0, 0.0, 0.0, 0.0, 0.0, 0.0, 0.0]",0.0,0.0,0.0,0.0,0.0,0.0,0.0,0.0,0.0,0.0,0.0,0.0,0.0,0.0,0.0
risk_01_8,8,risk_01,42,50,2774,3,ring,2,near_main_road,14,65.86150634847581,146.12098523322493,0.8,11,14,"[1, 1, 1, 1, 1, 0, 1, 1, 1, 1, 1, 0, 0, 1]","{""0"": 1, ""1"": 1, ""2"": 1, ""3"": 1, ""4"": 1, ""5"": 0, ""6"": 1, ""7"": 1, ""8"": 1, ""9"": 1, ""10"": 1, ""11"": 0, ""12"": 0, ""13"": 1}",15,"[0.0, 0.0, 0.0, 0.0, 0.0, 0.0, 0.0, 0.0, 0.0, 0.0, 0.0, 0.0, 0.0, 0.0, 0.0]",0.0,0.0,0.0,0.0,0.0,0.0,0.0,0.0,0.0,0.0,0.0,0.0,0.0,0.0,0.0
risk_01_9,9,risk_01,42,51,3137,1,uniform,1,near_exit,11,74.4658822324127,300.26813259813935,0.8,11,14,"[1, 1, 1, 0, 1, 1, 0, 1, 0, 1, 1, 1, 1, 1]","{""0"": 1, ""1"": 1, ""2"": 1, ""3"": 0, ""4"": 1, ""5"": 1, ""6"": 0, ""7"": 1, ""8"": 0, ""9"": 1, ""10"": 1, ""11"": 1, ""12"": 1, ""13"": 1}",15,"[0.0, 0.0, 0.0, 0.0, 0.0, 0.0, 0.0, 0.0, 0.0, 0.0, 0.0, 0.0, 0.0, 0.0, 0.0]",0.0,0.0,0.0,0.0,0.0,0.0,0.0,0.0,0.0,0.0,0.0,0.0,0.0,0.0,0.0
risk_01_10,10,risk_01,42,52,3585,3,ring,1,near_exit,11,74.4658822324127,300.26813259813935,0.8,10,14,"[0, 1, 1, 1, 0, 1, 0, 1, 0, 1, 1, 1, 1, 1]","{""0"": 0, ""1"": 1, ""2"": 1, ""3"": 1, ""4"": 0, ""5"": 1, ""6"": 0, ""7"": 1, ""8"": 0, ""9"": 1, ""10"": 1, ""11"": 1, ""12"": 1, ""13"": 1}",15,"[0.0, 0.0, 0.0, 0.0, 0.0, 0.0, 0.0, 0.0, 0.0, 0.0, 0.0, 0.0, 0.0, 0.0, 0.0]",0.0,0.0,0.0,0.0,0.0,0.0,0.0,0.0,0.0,0.0,0.0,0.0,0.0,0.0,0.0
risk_01_11,11,risk_01,42,53,5041,2,center,2,near_main_road,12,154.97150951996446,181.80336326546967,0.8,10,14,"[1, 0, 1, 1, 0, 1, 1, 1, 0, 1, 1, 0, 1, 1]","{""0"": 1, ""1"": 0, ""2"": 1, ""3"": 1, ""4"": 0, ""5"": 1, ""6"": 1, ""7"": 1, ""8"": 0, ""9"": 1, ""10"": 1, ""11"": 0, ""12"": 1, ""13"": 1}",15,"[0.0, 0.0, 0.0, 0.0, 0.0, 0.0, 0.0, 0.0, 0.0, 0.0, 0.0, 0.0, 0.0, 0.0, 0.0]",0.0,0.0,0.0,0.0,0.0,0.0,0.0,0.0,0.0,0.0,0.0,0.0,0.0,0.0,0.0
risk_01_12,12,risk_01,42,54,4248,1,uniform,1,near_exit,9,99.46174082159996,359.97675951663405,0.8,9,14,"[0, 1, 1, 1, 0, 1, 1, 1, 1, 0, 0, 1, 1, 0]","{""0"": 0, ""1"": 1, ""2"": 1, ""3"": 1, ""4"": 0, ""5"": 1, ""6"": 1, ""7"": 1, ""8"": 1, ""9"": 0, ""10"": 0, ""11"": 1, ""12"": 1, ""13"": 0}",15,"[0.0, 0.0, 0.0, 0.0, 0.0, 0.0, 0.0, 0.0, 0.0, 0.0, 0.0, 0.0, 0.0, 0.0, 0.0]",0.0,0.0,0.0,0.0,0.0,0.0,0.0,0.0,0.0,0.0,0.0,0.0,0.0,0.0,0.0
risk_01_13,13,risk_01,42,55,4945,1,uniform,1,near_exit,2,218.32077577710152,98.24949029041454,0.8,11,14,"[1, 0, 1, 1, 0, 1, 1, 1, 1, 0, 1, 1, 1, 1]","{""0"": 1, ""1"": 0, ""2"": 1, ""3"": 1, ""4"": 0, ""5"": 1, ""6"": 1, ""7"": 1, ""8"": 1, ""9"": 0, ""10"": 1, ""11"": 1, ""12"": 1, ""13"": 1}",15,"[0.0, 0.0, 0.0, 0.0, 0.0, 0.0, 0.0, 0.0, 0.0, 0.0, 0.0, 0.0, 0.0, 0.0, 0.0]",0.0,0.0,0.0,0.0,0.0,0.0,0.0,0.0,0.0,0.0,0.0,0.0,0.0,0.0,0.0
risk_01_14,14,risk_01,42,56,2863,3,ring,1,near_exit,3,266.886261947453,161.88702389178798,0.8,11,14,"[0, 1, 1, 1, 1, 0, 1, 1, 1, 1, 1, 0, 1, 1]","{""0"": 0, ""1"": 1, ""2"": 1, ""3"": 1, ""4"": 1, ""5"": 0, ""6"": 1, ""7"": 1, ""8"": 1, ""9"": 1, ""10"": 1, ""11"": 0, ""12"": 1, ""13"": 1}",15,"[0.0, 0.0, 0.0, 0.0, 0.0, 0.0, 0.0, 0.0, 0.0, 0.0, 0.0, 0.0, 0.0, 0.0, 0.0]",0.0,0.0,0.0,0.0,0.0,0.0,0.0,0.0,0.0,0.0,0.0,0.0,0.0,0.0,0.0
risk_01_15,15,risk_01,42,57,2445,3,ring,3,far_from_exit_and_main_road,18,220.97559298947453,223.2789021898061,0.8,11,14,"[1, 1, 1, 1, 0, 1, 0, 1, 0, 1, 1, 1, 1, 1]","{""0"": 1, ""1"": 1, ""2"": 1, ""3"": 1, ""4"": 0, ""5"": 1, ""6"": 0, ""7"": 1, ""8"": 0, ""9"": 1, ""10"": 1, ""11"": 1, ""12"": 1, ""13"": 1}",15,"[0.0, 0.0, 0.0, 0.0, 0.0, 0.0, 0.0, 0.0, 0.0, 0.0, 0.0, 0.0, 0.0, 0.0, 0.0]",0.0,0.0,0.0,0.0,0.0,0.0,0.0,0.0,0.0,0.0,0.0,0.0,0.0,0.0,0.0
risk_01_16,16,risk_01,42,58,4005,1,uniform,2,near_main_road,5,193.32523366622627,216.92377928225324,0.8,9,14,"[1, 1, 1, 0, 1, 1, 1, 1, 0, 0, 0, 1, 0, 1]","{""0"": 1, ""1"": 1, ""2"": 1, ""3"": 0, ""4"": 1, ""5"": 1, ""6"": 1, ""7"": 1, ""8"": 0, ""9"": 0, ""10"": 0, ""11"": 1, ""12"": 0, ""13"": 1}",15,"[0.0, 0.0, 0.0, 0.0, 0.0, 0.0, 0.0, 0.0, 0.0, 0.0, 0.0, 0.0, 0.0, 0.0, 0.0]",0.0,0.0,0.0,0.0,0.0,0.0,0.0,0.0,0.0,0.0,0.0,0.0,0.0,0.0,0.0
risk_01_17,17,risk_01,42,59,3388,2,center,1,near_exit,2,218.32077577710152,98.24949029041454,0.8,9,14,"[1, 0, 0, 1, 0, 1, 1, 1, 0, 1, 0, 1, 1, 1]","{""0"": 1, ""1"": 0, ""2"": 0, ""3"": 1, ""4"": 0, ""5"": 1, ""6"": 1, ""7"": 1, ""8"": 0, ""9"": 1, ""10"": 0, ""11"": 1, ""12"": 1, ""13"": 1}",15,"[0.0, 0.0, 0.0, 0.0, 0.0, 0.0, 0.0, 0.0, 0.0, 0.0, 0.0, 0.0, 0.0, 0.0, 0.0]",0.0,0.0,0.0,0.0,0.0,0.0,0.0,0.0,0.0,0.0,0.0,0.0,0.0,0.0,0.0
risk_01_18,18,risk_01,42,60,2037,3,ring,1,near_exit,4,253.88965937122703,250.78205533977598,0.8,11,14,"[1, 1, 1, 0, 1, 1, 0, 1, 0, 1, 1, 1, 1, 1]","{""0"": 1, ""1"": 1, ""2"": 1, ""3"": 0, ""4"": 1, ""5"": 1, ""6"": 0, ""7"": 1, ""8"": 0, ""9"": 1, ""10"": 1, ""11"": 1, ""12"": 1, ""13"": 1}",15,"[0.0, 0.0, 0.0, 0.0, 0.0, 0.0, 0.0, 0.0, 0.0, 0.0, 0.0, 0.0, 0.0, 0.0, 0.0]",0.0,0.0,0.0,0.0,0.0,0.0,0.0,0.0,0.0,0.0,0.0,0.0,0.0,0.0,0.0
risk_01_19,19,risk_01,42,61,4600,2,center,3,far_from_exit_and_main_road,11,107.66569153219461,244.24434981588274,0.8,12,14,"[1, 1, 0, 1, 1, 1, 1, 1, 1, 1, 1, 1, 0, 1]","{""0"": 1, ""1"": 1, ""2"": 0, ""3"": 1, ""4"": 1, ""5"": 1, ""6"": 1, ""7"": 1, ""8"": 1, ""9"": 1, ""10"": 1, ""11"": 1, ""12"": 0, ""13"": 1}",15,"[0.0, 0.0, 0.0, 0.0, 0.0, 0.0, 0.0, 0.0, 0.0, 0.0, 0.0, 0.0, 0.0, 0.0, 0.0]",0.0,0.0,0.0,0.0,0.0,0.0,0.0,0.0,0.0,0.0,0.0,0.0,0.0,0.0,0.0
risk_01_20,20,risk_01,42,62,4124,2,center,1,near_exit,4,253.88965937122703,250.78205533977598,0.8,9,14,"[0, 1, 0, 1, 1, 0, 1, 1, 1, 0, 0, 1, 1, 1]","{""0"": 0, ""1"": 1, ""2"": 0, ""3"": 1, ""4"": 1, ""5"": 0, ""6"": 1, ""7"": 1, ""8"": 1, ""9"": 0, ""10"": 0, ""11"": 1, ""12"": 1, ""13"": 1}",15,"[0.0, 0.0, 0.0, 0.0, 0.0, 0.0, 0.0, 0.0, 0.0, 0.0, 0.0, 0.0, 0.0, 0.0, 0.0]",0.0,0.0,0.0,0.0,0.0,0.0,0.0,0.0,0.0,0.0,0.0,0.0,0.0,0.0,0.0
risk_01_21,21,risk_01,42,63,5569,1,uniform,1,near_exit,3,266.886261947453,161.88702389178798,0.8,11,14,"[1, 1, 0, 1, 1, 1, 1, 1, 1, 1, 0, 1, 1, 0]","{""0"": 1, ""1"": 1, ""2"": 0, ""3"": 1, ""4"": 1, ""5"": 1, ""6"": 1, ""7"": 1, ""8"": 1, ""9"": 1, ""10"": 0, ""11"": 1, ""12"": 1, ""13"": 0}",15,"[0.0, 0.0, 0.0, 0.0, 0.0, 0.0, 0.0, 0.0, 0.0, 0.0, 0.0, 0.0, 0.0, 0.0, 0.0]",0.0,0.0,0.0,0.0,0.0,0.0,0.0,0.0,0.0,0.0,0.0,0.0,0.0,0.0,0.0
risk_01_22,22,risk_01,42,64,3802,3,ring,1,near_exit,10,88.6747558992356,336.96034401934594,0.8,8,14,"[1, 1, 1, 0, 1, 0, 1, 0, 0, 1, 0, 1, 1, 0]","{""0"": 1, ""1"": 1, ""2"": 1, ""3"": 0, ""4"": 1, ""5"": 0, ""6"": 1, ""7"": 0, ""8"": 0, ""9"": 1, ""10"": 0, ""11"": 1, ""12"": 1, ""13"": 0}",15,"[0.0, 0.0, 0.0, 0.0, 0.0, 0.0, 0.0, 0.0, 0.0, 0.0, 0.0, 0.0, 0.0, 0.0, 0.0]",0.0,0.0,0.0,0.0,0.0,0.0,0.0,0.0,0.0,0.0,0.0,0.0,0.0,0.0,0.0
risk_01_23,23,risk_01,42,65,2187,3,ring,3,far_from_exit_and_main_road,4,157.20234358869493,387.1448321295902,0.8,12,14,"[1, 1, 0, 1, 1, 1, 1, 1, 0, 1, 1, 1, 1, 1]","{""0"": 1, ""1"": 1, ""2"": 0, ""3"": 1, ""4"": 1, ""5"": 1, ""6"": 1, ""7"": 1, ""8"": 0, ""9"": 1, ""10"": 1, ""11"": 1, ""12"": 1, ""13"": 1}",15,"[0.0, 0.0, 0.0, 0.0, 0.0, 0.0, 0.0, 0.0, 0.0, 0.0, 0.0, 0.0, 0.0, 0.0, 0.0]",0.0,0.0,0.0,0.0,0.0,0.0,0.0,0.0,0.0,0.0,0.0,0.0,0.0,0.0,0.0
risk_01_24,24,risk_01,42,66,3488,3,ring,2,near_main_road,17,146.94398586079478,116.57973352074623,0.8,12,14,"[1, 1, 1, 1, 1, 0, 1, 1, 0, 1, 1, 1, 1, 1]","{""0"": 1, ""1"": 1, ""2"": 1, ""3"": 1, ""4"": 1, ""5"": 0, ""6"": 1, ""7"": 1, ""8"": 0, ""9"": 1, ""10"": 1, ""11"": 1, ""12"": 1, ""13"": 1}",15,"[0.0, 0.0, 0.0, 0.0, 0.0, 0.0, 0.0, 0.0, 0.0, 0.0, 0.0, 0.0, 0.0, 0.0, 0.0]",0.0,0.0,0.0,0.0,0.0,0.0,0.0,0.0,0.0,0.0,0.0,0.0,0.0,0.0,0.0
risk_01_25,25,risk_01,42,67,2391,1,uniform,1,near_exit,5,34.374810233712196,214.9597699600272,0.8,11,14,"[1, 1, 0, 1, 0, 1, 1, 0, 1, 1, 1, 1, 1, 1]","{""0"": 1, ""1"": 1, ""2"": 0, ""3"": 1, ""4"": 0, ""5"": 1, ""6"": 1, ""7"": 0, ""8"": 1, ""9"": 1, ""10"": 1, ""11"": 1, ""12"": 1, ""13"": 1}",15,"[0.0, 0.0, 0.0, 0.0, 0.0, 0.0, 0.0, 0.0, 0.0, 0.0, 0.0, 0.0, 0.0, 0.0, 0.0]",0.0,0.0,0.0,0.0,0.0,0.0,0.0,0.0,0.0,0.0,0.0,0.0,0.0,0.0,0.0
risk_01_26,26,risk_01,42,68,5202,3,ring,2,near_main_road,16,134.70201228372753,258.9657045942731,0.8,10,14,"[1, 0, 1, 0, 1, 1, 1, 1, 0, 1, 0, 1, 1, 1]","{""0"": 1, ""1"": 0, ""2"": 1, ""3"": 0, ""4"": 1, ""5"": 1, ""6"": 1, ""7"": 1, ""8"": 0, ""9"": 1, ""10"": 0, ""11"": 1, ""12"": 1, ""13"": 1}",15,"[0.0, 0.0, 0.0, 0.0, 0.0, 0.0, 0.0, 0.0, 0.0, 0.0, 0.0, 0.0, 0.0, 0.0, 0.0]",0.0,0.0,0.0,0.0,0.0,0.0,0.0,0.0,0.0,0.0,0.0,0.0,0.0,0.0,0.0
risk_01_27,27,risk_01,42,69,3803,2,center,2,near_main_road,5,193.32523366622627,216.92377928225324,0.8,10,14,"[1, 1, 1, 1, 1, 0, 1, 0, 1, 0, 1, 0, 1, 1]","{""0"": 1, ""1"": 1, ""2"": 1, ""3"": 1, ""4"": 1, ""5"": 0, ""6"": 1, ""7"": 0, ""8"": 1, ""9"": 0, ""10"": 1, ""11"": 0, ""12"": 1, ""13"": 1}",15,"[0.0, 0.0, 0.0, 0.0, 0.0, 0.0, 0.0, 0.0, 0.0, 0.0, 0.0, 0.0, 0.0, 0.0, 0.0]",0.0,0.0,0.0,0.0,0.0,0.0,0.0,0.0,0.0,0.0,0.0,0.0,0.0,0.0,0.0
risk_01_28,28,risk_01,42,70,3129,2,center,2,near_main_road,3,90.1036622915417,273.10059678182006,0.8,12,14,"[0, 1, 1, 1, 0, 1, 1, 1, 1, 1, 1, 1, 1, 1]","{""0"": 0, ""1"": 1, ""2"": 1, ""3"": 1, ""4"": 0, ""5"": 1, ""6"": 1, ""7"": 1, ""8"": 1, ""9"": 1, ""10"": 1, ""11"": 1, ""12"": 1, ""13"": 1}",15,"[0.0, 0.0, 0.0, 0.0, 0.0, 0.0, 0.0, 0.0, 0.0, 0.0, 0.0, 0.0, 0.0, 0.0, 0.0]",0.0,0.0,0.0,0.0,0.0,0.0,0.0,0.0,0.0,0.0,0.0,0.0,0.0,0.0,0.0
risk_01_29,29,risk_01,42,71,5115,1,uniform,1,near_exit,8,196.78927944786847,446.820492007304,0.8,10,14,"[1, 1, 1, 0, 0, 0, 1, 1, 1, 1, 1, 1, 1, 0]","{""0"": 1, ""1"": 1, ""2"": 1, ""3"": 0, ""4"": 0, ""5"": 0, ""6"": 1, ""7"": 1, ""8"": 1, ""9"": 1, ""10"": 1, ""11"": 1, ""12"": 1, ""13"": 0}",15,"[0.0, 0.0, 0.0, 0.0, 0.0, 0.0, 0.0, 0.0, 0.0, 0.0, 0.0, 0.0, 0.0, 0.0, 0.0]",0.0,0.0,0.0,0.0,0.0,0.0,0.0,0.0,0.0,0.0,0.0,0.0,0.0,0.0,0.0
risk_01_30,30,risk_01,42,72,4834,2,center,2,near_main_road,13,207.4848934672773,150.69670907920226,0.8,12,14,"[1, 1, 0, 1, 1, 1, 1, 1, 1, 0, 1, 1, 1, 1]","{""0"": 1, ""1"": 1, ""2"": 0, ""3"": 1, ""4"": 1, ""5"": 1, ""6"": 1, ""7"": 1, ""8"": 1, ""9"": 0, ""10"": 1, ""11"": 1, ""12"": 1, ""13"": 1}",15,"[0.0, 0.0, 0.0, 0.0, 0.0, 0.0, 0.0, 0.0, 0.0, 0.0, 0.0, 0.0, 0.0, 0.0, 0.0]",0.0,0.0,0.0,0.0,0.0,0.0,0.0,0.0,0.0,0.0,0.0,0.0,0.0,0.0,0.0
risk_01_31,31,risk_01,42,73,4265,1,uniform,2,near_main_road,1,198.32551720924675,427.5889890268445,0.8,14,14,"[1, 1, 1, 1, 1, 1, 1, 1, 1, 1, 1, 1, 1, 1]","{""0"": 1, ""1"": 1, ""2"": 1, ""3"": 1, ""4"": 1, ""5"": 1, ""6"": 1, ""7"": 1, ""8"": 1, ""9"": 1, ""10"": 1, ""11"": 1, ""12"": 1, ""13"": 1}",15,"[0.0, 0.0, 0.0, 0.0, 0.0, 0.0, 0.0, 0.0, 0.0, 0.0, 0.0, 0.0, 0.0, 0.0, 0.0]",0.0,0.0,0.0,0.0,0.0,0.0,0.0,0.0,0.0,0.0,0.0,0.0,0.0,0.0,0.0
risk_01_32,32,risk_01,42,74,2012,3,ring,3,far_from_exit_and_main_road,13,83.91668662056327,167.85010003577918,0.8,10,14,"[0, 1, 1, 1, 1, 0, 0, 1, 1, 1, 0, 1, 1, 1]","{""0"": 0, ""1"": 1, ""2"": 1, ""3"": 1, ""4"": 1, ""5"": 0, ""6"": 0, ""7"": 1, ""8"": 1, ""9"": 1, ""10"": 0, ""11"": 1, ""12"": 1, ""13"": 1}",15,"[0.0, 0.0, 0.0, 0.0, 0.0, 0.0, 0.0, 0.0, 0.0, 0.0, 0.0, 0.0, 0.0, 0.0, 0.0]",0.0,0.0,0.0,0.0,0.0,0.0,0.0,0.0,0.0,0.0,0.0,0.0,0.0,0.0,0.0
risk_01_33,33,risk_01,42,75,3028,3,ring,2,near_main_road,2,121.50282700546086,359.87158203404397,0.8,12,14,"[1, 1, 1, 1, 1, 1, 1, 1, 0, 1, 1, 0, 1, 1]","{""0"": 1, ""1"": 1, ""2"": 1, ""3"": 1, ""4"": 1, ""5"": 1, ""6"": 1, ""7"": 1, ""8"": 0, ""9"": 1, ""10"": 1, ""11"": 0, ""12"": 1, ""13"": 1}",15,"[0.0, 0.0, 0.0, 0.0, 0.0, 0.0, 0.0, 0.0, 0.0, 0.0, 0.0, 0.0, 0.0, 0.0, 0.0]",0.0,0.0,0.0,0.0,0.0,0.0,0.0,0.0,0.0,0.0,0.0,0.0,0.0,0.0,0.0
risk_01_34,34,risk_01,42,76,4699,1,uniform,2,near_main_road,5,193.32523366622627,216.92377928225324,0.8,11,14,"[1, 0, 1, 1, 1, 1, 1, 0, 1, 1, 0, 1, 1, 1]","{""0"": 1, ""1"": 0, ""2"": 1, ""3"": 1, ""4"": 1, ""5"": 1, ""6"": 1, ""7"": 0, ""8"": 1, ""9"": 1, ""10"": 0, ""11"": 1, ""12"": 1, ""13"": 1}",15,"[0.0, 0.0, 0.0, 0.0, 0.0, 0.0, 0.0, 0.0, 0.0, 0.0, 0.0, 0.0, 0.0, 0.0, 0.0]",0.0,0.0,0.0,0.0,0.0,0.0,0.0,0.0,0.0,0.0,0.0,0.0,0.0,0.0,0.0
risk_01_35,35,risk_01,42,77,2707,2,center,3,far_from_exit_and_main_road,2,135.2143654283136,374.6006386834197,0.8,11,14,"[1, 1, 1, 0, 1, 1, 1, 1, 1, 1, 1, 0, 1, 0]","{""0"": 1, ""1"": 1, ""2"": 1, ""3"": 0, ""4"": 1, ""5"": 1, ""6"": 1, ""7"": 1, ""8"": 1, ""9"": 1, ""10"": 1, ""11"": 0, ""12"": 1, ""13"": 0}",15,"[0.0, 0.0, 0.0, 0.0, 0.0, 0.0, 0.0, 0.0, 0.0, 0.0, 0.0, 0.0, 0.0, 0.0, 0.0]",0.0,0.0,0.0,0.0,0.0,0.0,0.0,0.0,0.0,0.0,0.0,0.0,0.0,0.0,0.0
risk_01_36,36,risk_01,42,78,5416,1,uniform,1,near_exit,3,266.886261947453,161.88702389178798,0.8,12,14,"[0, 1, 0, 1, 1, 1, 1, 1, 1, 1, 1, 1, 1, 1]","{""0"": 0, ""1"": 1, ""2"": 0, ""3"": 1, ""4"": 1, ""5"": 1, ""6"": 1, ""7"": 1, ""8"": 1, ""9"": 1, ""10"": 1, ""11"": 1, ""12"": 1, ""13"": 1}",15,"[0.0, 0.0, 0.0, 0.0, 0.0, 0.0, 0.0, 0.0, 0.0, 0.0, 0.0, 0.0, 0.0, 0.0, 0.0]",0.0,0.0,0.0,0.0,0.0,0.0,0.0,0.0,0.0,0.0,0.0,0.0,0.0,0.0,0.0
risk_01_37,37,risk_01,42,79,5349,2,center,3,far_from_exit_and_main_road,16,67.33770958334208,107.10279587097466,0.8,12,14,"[1, 1, 1, 1, 1, 1, 1, 1, 0, 1, 1, 1, 0, 1]","{""0"": 1, ""1"": 1, ""2"": 1, ""3"": 1, ""4"": 1, ""5"": 1, ""6"": 1, ""7"": 1, ""8"": 0, ""9"": 1, ""10"": 1, ""11"": 1, ""12"": 0, ""13"": 1}",15,"[0.0, 0.0, 0.0, 0.0, 0.0, 0.0, 0.0, 0.0, 0.0, 0.0, 0.0, 0.0, 0.0, 0.0, 0.0]",0.0,0.0,0.0,0.0,0.0,0.0,0.0,0.0,0.0,0.0,0.0,0.0,0.0,0.0,0.0
risk_01_38,38,risk_01,42,80,5874,1,uniform,2,near_main_road,9,180.08427936211228,352.65582518512383,0.8,9,14,"[1, 1, 1, 0, 1, 1, 1, 1, 0, 0, 0, 0, 1, 1]","{""0"": 1, ""1"": 1, ""2"": 1, ""3"": 0, ""4"": 1, ""5"": 1, ""6"": 1, ""7"": 1, ""8"": 0, ""9"": 0, ""10"": 0, ""11"": 0, ""12"": 1, ""13"": 1}",15,"[0.0, 0.0, 0.0, 0.0, 0.0, 0.0, 0.0, 0.0, 0.0, 0.0, 0.0, 0.0, 0.0, 0.0, 0.0]",0.0,0.0,0.0,0.0,0.0,0.0,0.0,0.0,0.0,0.0,0.0,0.0,0.0,0.0,0.0
risk_01_39,39,risk_01,42,81,2308,2,center,2,near_main_road,10,184.6287497021258,386.95119016058743,0.8,12,14,"[1, 1, 1, 1, 0, 1, 1, 1, 1, 0, 1, 1, 1, 1]","{""0"": 1, ""1"": 1, ""2"": 1, ""3"": 1, ""4"": 0, ""5"": 1, ""6"": 1, ""7"": 1, ""8"": 1, ""9"": 0, ""10"": 1, ""11"": 1, ""12"": 1, ""13"": 1}",15,"[0.0, 0.0, 0.0, 0.0, 0.0, 0.0, 0.0, 0.0, 0.0, 0.0, 0.0, 0.0, 0.0, 0.0, 0.0]",0.0,0.0,0.0,0.0,0.0,0.0,0.0,0.0,0.0,0.0,0.0,0.0,0.0,0.0,0.0
risk_01_40,40,risk_01,42,82,2509,3,ring,1,near_exit,14,108.68085003085434,414.72697948804125,0.8,10,14,"[1, 1, 1, 0, 0, 1, 1, 1, 0, 1, 1, 1, 1, 0]","{""0"": 1, ""1"": 1, ""2"": 1, ""3"": 0, ""4"": 0, ""5"": 1, ""6"": 1, ""7"": 1, ""8"": 0, ""9"": 1, ""10"": 1, ""11"": 1, ""12"": 1, ""13"": 0}",15,"[0.0, 0.0, 0.0, 0.0, 0.0, 0.0, 0.0, 0.0, 0.0, 0.0, 0.0, 0.0, 0.0, 0.0, 0.0]",0.0,0.0,0.0,0.0,0.0,0.0,0.0,0.0,0.0,0.0,0.0,0.0,0.0,0.0,0.0
risk_01_41,41,risk_01,42,83,4564,1,uniform,1,near_exit,5,34.374810233712196,214.9597699600272,0.8,11,14,"[1, 0, 1, 1, 1, 1, 1, 1, 0, 1, 1, 1, 0, 1]","{""0"": 1, ""1"": 0, ""2"": 1, ""3"": 1, ""4"": 1, ""5"": 1, ""6"": 1, ""7"": 1, ""8"": 0, ""9"": 1, ""10"": 1, ""11"": 1, ""12"": 0, ""13"": 1}",15,"[0.0, 0.0, 0.0, 0.0, 0.0, 0.0, 0.0, 0.0, 0.0, 0.0, 0.0, 0.0, 0.0, 0.0, 0.0]",0.0,0.0,0.0,0.0,0.0,0.0,0.0,0.0,0.0,0.0,0.0,0.0,0.0,0.0,0.0
risk_01_42,42,risk_01,42,84,3914,2,center,3,far_from_exit_and_main_road,2,135.2143654283136,374.6006386834197,0.8,12,14,"[1, 0, 1, 1, 0, 1, 1, 1, 1, 1, 1, 1, 1, 1]","{""0"": 1, ""1"": 0, ""2"": 1, ""3"": 1, ""4"": 0, ""5"": 1, ""6"": 1, ""7"": 1, ""8"": 1, ""9"": 1, ""10"": 1, ""11"": 1, ""12"": 1, ""13"": 1}",15,"[0.0, 0.0, 0.0, 0.0, 0.0, 0.0, 0.0, 0.0, 0.0, 0.0, 0.0, 0.0, 0.0, 0.0, 0.0]",0.0,0.0,0.0,0.0,0.0,0.0,0.0,0.0,0.0,0.0,0.0,0.0,0.0,0.0,0.0
risk_01_43,43,risk_01,42,85,4462,1,uniform,3,far_from_exit_and_main_road,18,220.97559298947453,223.2789021898061,0.8,11,14,"[1, 1, 1, 0, 1, 1, 1, 0, 1, 1, 1, 0, 1, 1]","{""0"": 1, ""1"": 1, ""2"": 1, ""3"": 0, ""4"": 1, ""5"": 1, ""6"": 1, ""7"": 0, ""8"": 1, ""9"": 1, ""10"": 1, ""11"": 0, ""12"": 1, ""13"": 1}",15,"[0.0, 0.0, 0.0, 0.0, 0.0, 0.0, 0.0, 0.0, 0.0, 0.0, 0.0, 0.0, 0.0, 0.0, 0.0]",0.0,0.0,0.0,0.0,0.0,0.0,0.0,0.0,0.0,0.0,0.0,0.0,0.0,0.0,0.0
risk_01_44,44,risk_01,42,86,3885,3,ring,3,far_from_exit_and_main_road,13,83.91668662056327,167.85010003577918,0.8,9,14,"[1, 1, 0, 1, 1, 1, 1, 1, 0, 0, 1, 0, 1, 0]","{""0"": 1, ""1"": 1, ""2"": 0, ""3"": 1, ""4"": 1, ""5"": 1, ""6"": 1, ""7"": 1, ""8"": 0, ""9"": 0, ""10"": 1, ""11"": 0, ""12"": 1, ""13"": 0}",15,"[0.0, 0.0, 0.0, 0.0, 0.0, 0.0, 0.0, 0.0, 0.0, 0.0, 0.0, 0.0, 0.0, 0.0, 0.0]",0.0,0.0,0.0,0.0,0.0,0.0,0.0,0.0,0.0,0.0,0.0,0.0,0.0,0.0,0.0
risk_01_45,45,risk_01,42,87,4105,1,uniform,1,near_exit,13,248.94334834627807,302.5594665892422,0.8,12,14,"[1, 1, 0, 1, 1, 1, 1, 1, 1, 1, 1, 1, 1, 0]","{""0"": 1, ""1"": 1, ""2"": 0, ""3"": 1, ""4"": 1, ""5"": 1, ""6"": 1, ""7"": 1, ""8"": 1, ""9"": 1, ""10"": 1, ""11"": 1, ""12"": 1, ""13"": 0}",15,"[0.0, 0.0, 0.0, 0.0, 0.0, 0.0, 0.0, 0.0, 0.0, 0.0, 0.0, 0.0, 0.0, 0.0, 0.0]",0.0,0.0,0.0,0.0,0.0,0.0,0.0,0.0,0.0,0.0,0.0,0.0,0.0,0.0,0.0
risk_01_46,46,risk_01,42,88,4743,3,ring,3,far_from_exit_and_main_road,17,204.93606554716825,186.71085607260466,0.8,11,14,"[1, 1, 0, 1, 1, 1, 0, 1, 1, 0, 1, 1, 1, 1]","{""0"": 1, ""1"": 1, ""2"": 0, ""3"": 1, ""4"": 1, ""5"": 1, ""6"": 0, ""7"": 1, ""8"": 1, ""9"": 0, ""10"": 1, ""11"": 1, ""12"": 1, ""13"": 1}",15,"[0.0, 0.0, 0.0, 0.0, 0.0, 0.0, 0.0, 0.0, 0.0, 0.0, 0.0, 0.0, 0.0, 0.0, 0.0]",0.0,0.0,0.0,0.0,0.0,0.0,0.0,0.0,0.0,0.0,0.0,0.0,0.0,0.0,0.0
risk_01_47,47,risk_01,42,89,2595,2,center,2,near_main_road,15,99.52361969463527,146.08088297443464,0.8,10,14,"[1, 1, 0, 1, 0, 1, 1, 0, 1, 1, 1, 0, 1, 1]","{""0"": 1, ""1"": 1, ""2"": 0, ""3"": 1, ""4"": 0, ""5"": 1, ""6"": 1, ""7"": 0, ""8"": 1, ""9"": 1, ""10"": 1, ""11"": 0, ""12"": 1, ""13"": 1}",15,"[0.0, 0.0, 0.0, 0.0, 0.0, 0.0, 0.0, 0.0, 0.0, 0.0, 0.0, 0.0, 0.0, 0.0, 0.0]",0.0,0.0,0.0,0.0,0.0,0.0,0.0,0.0,0.0,0.0,0.0,0.0,0.0,0.0,0.0
risk_01_48,48,risk_01,42,90,4781,1,uniform,2,near_main_road,5,193.32523366622627,216.92377928225324,0.8,12,14,"[1, 1, 1, 1, 1, 1, 1, 0, 0, 1, 1, 1, 1, 1]","{""0"": 1, ""1"": 1, ""2"": 1, ""3"": 1, ""4"": 1, ""5"": 1, ""6"": 1, ""7"": 0, ""8"": 0, ""9"": 1, ""10"": 1, ""11"": 1, ""12"": 1, ""13"": 1}",15,"[0.0, 0.0, 0.0, 0.0, 0.0, 0.0, 0.0, 0.0, 0.0, 0.0, 0.0, 0.0, 0.0, 0.0, 0.0]",0.0,0.0,0.0,0.0,0.0,0.0,0.0,0.0,0.0,0.0,0.0,0.0,0.0,0.0,0.0
risk_01_49,49,risk_01,42,91,2887,2,center,2,near_main_road,2,121.50282700546086,359.87158203404397,0.8,10,14,"[1, 1, 1, 1, 0, 0, 1, 1, 0, 1, 1, 1, 1, 0]","{""0"": 1, ""1"": 1, ""2"": 1, ""3"": 1, ""4"": 0, ""5"": 0, ""6"": 1, ""7"": 1, ""8"": 0, ""9"": 1, ""10"": 1, ""11"": 1, ""12"": 1, ""13"": 0}",15,"[0.0, 0.0, 0.0, 0.0, 0.0, 0.0, 0.0, 0.0, 0.0, 0.0, 0.0, 0.0, 0.0, 0.0, 0.0]",0.0,0.0,0.0,0.0,0.0,0.0,0.0,0.0,0.0,0.0,0.0,0.0,0.0,0.0,0.0
risk_01_50,50,risk_01,42,92,2254,3,ring,3,far_from_exit_and_main_road,17,204.93606554716825,186.71085607260466,0.8,9,14,"[1, 1, 1, 1, 0, 0, 1, 0, 1, 1, 0, 0, 1, 1]","{""0"": 1, ""1"": 1, ""2"": 1, ""3"": 1, ""4"": 0, ""5"": 0, ""6"": 1, ""7"": 0, ""8"": 1, ""9"": 1, ""10"": 0, ""11"": 0, ""12"": 1, ""13"": 1}",15,"[0.0, 0.0, 0.0, 0.0, 0.0, 0.0, 0.0, 0.0, 0.0, 0.0, 0.0, 0.0, 0.0, 0.0, 0.0]",0.0,0.0,0.0,0.0,0.0,0.0,0.0,0.0,0.0,0.0,0.0,0.0,0.0,0.0,0.0
risk_05_1,1,risk_05,42,43,3777,2,center,3,far_from_exit_and_main_road,12,86.4655145779252,206.66192820994183,0.8,13,14,"[1, 1, 1, 1, 1, 1, 1, 1, 1, 1, 1, 0, 1, 1]","{""0"": 1, ""1"": 1, ""2"": 1, ""3"": 1, ""4"": 1, ""5"": 1, ""6"": 1, ""7"": 1, ""8"": 1, ""9"": 1, ""10"": 1, ""11"": 0, ""12"": 1, ""13"": 1}",15,"[0.0, 0.0, 0.0, 0.0, 0.0, 0.0, 0.0, 0.0, 0.0, 0.0, 0.0, 0.0, 0.0, 0.0, 0.0]",0.0,0.0,0.0,0.0,0.0,0.0,0.0,0.0,0.0,0.0,0.0,0.0,0.0,0.0,0.0
risk_05_2,2,risk_05,42,44,4831,1,uniform,1,near_exit,6,26.251288073137403,149.61036271601915,0.8,12,14,"[1, 1, 0, 1, 1, 1, 1, 1, 1, 1, 0, 1, 1, 1]","{""0"": 1, ""1"": 1, ""2"": 0, ""3"": 1, ""4"": 1, ""5"": 1, ""6"": 1, ""7"": 1, ""8"": 1, ""9"": 1, ""10"": 0, ""11"": 1, ""12"": 1, ""13"": 1}",15,"[0.0, 0.0, 0.0, 0.0, 0.0, 0.0, 0.0, 0.0, 0.0, 0.0, 0.0, 0.0, 0.0, 0.0, 0.0]",0.0,0.0,0.0,0.0,0.0,0.0,0.0,0.0,0.0,0.0,0.0,0.0,0.0,0.0,0.0
risk_05_3,3,risk_05,42,45,5018,1,uniform,3,far_from_exit_and_main_road,2,135.2143654283136,374.6006386834197,0.8,14,14,"[1, 1, 1, 1, 1, 1, 1, 1, 1, 1, 1, 1, 1, 1]","{""0"": 1, ""1"": 1, ""2"": 1, ""3"": 1, ""4"": 1, ""5"": 1, ""6"": 1, ""7"": 1, ""8"": 1, ""9"": 1, ""10"": 1, ""11"": 1, ""12"": 1, ""13"": 1}",15,"[0.0, 0.0, 0.0, 0.0, 0.0, 0.0, 0.0, 0.0, 0.0, 0.0, 0.0, 0.0, 0.0, 0.0, 0.0]",0.0,0.0,0.0,0.0,0.0,0.0,0.0,0.0,0.0,0.0,0.0,0.0,0.0,0.0,0.0
risk_05_4,4,risk_05,42,46,5766,3,ring,2,near_main_road,16,134.70201228372753,258.9657045942731,0.8,9,14,"[0, 1, 1, 0, 1, 1, 1, 0, 1, 1, 1, 0, 0, 1]","{""0"": 0, ""1"": 1, ""2"": 1, ""3"": 0, ""4"": 1, ""5"": 1, ""6"": 1, ""7"": 0, ""8"": 1, ""9"": 1, ""10"": 1, ""11"": 0, ""12"": 0, ""13"": 1}",15,"[0.0, 0.0, 0.0, 0.0, 0.0, 0.0, 0.0, 0.0, 0.0, 0.0, 0.0, 0.0, 0.0, 0.0, 0.0]",0.0,0.0,0.0,0.0,0.0,0.0,0.0,0.0,0.0,0.0,0.0,0.0,0.0,0.0,0.0
risk_05_5,5,risk_05,42,47,5757,3,ring,1,near_exit,5,34.374810233712196,214.9597699600272,0.8,13,14,"[1, 1, 1, 1, 1, 1, 1, 1, 1, 1, 1, 0, 1, 1]","{""0"": 1, ""1"": 1, ""2"": 1, ""3"": 1, ""4"": 1, ""5"": 1, ""6"": 1, ""7"": 1, ""8"": 1, ""9"": 1, ""10"": 1, ""11"": 0, ""12"": 1, ""13"": 1}",15,"[0.0, 0.0, 0.0, 0.0, 0.0, 0.0, 0.0, 0.0, 0.0, 0.0, 0.0, 0.0, 0.0, 0.0, 0.0]",0.0,0.0,0.0,0.0,0.0,0.0,0.0,0.0,0.0,0.0,0.0,0.0,0.0,0.0,0.0
risk_05_6,6,risk_05,42,48,5482,2,center,2,near_main_road,9,180.08427936211228,352.65582518512383,0.8,11,14,"[1, 1, 1, 1, 0, 1, 1, 1, 0, 0, 1, 1, 1, 1]","{""0"": 1, ""1"": 1, ""2"": 1, ""3"": 1, ""4"": 0, ""5"": 1, ""6"": 1, ""7"": 1, ""8"": 0, ""9"": 0, ""10"": 1, ""11"": 1, ""12"": 1, ""13"": 1}",15,"[0.0, 0.0, 0.0, 0.0, 0.0, 0.0, 0.0, 0.0, 0.0, 0.0, 0.0, 0.0, 0.0, 0.0, 0.0]",0.0,0.0,0.0,0.0,0.0,0.0,0.0,0.0,0.0,0.0,0.0,0.0,0.0,0.0,0.0
risk_05_7,7,risk_05,42,49,4348,3,ring,3,far_from_exit_and_main_road,19,166.7272846736014,178.37646883539855,0.8,13,14,"[1, 1, 1, 1, 1, 1, 1, 1, 1, 1, 1, 1, 0, 1]","{""0"": 1, ""1"": 1, ""2"": 1, ""3"": 1, ""4"": 1, ""5"": 1, ""6"": 1, ""7"": 1, ""8"": 1, ""9"": 1, ""10"": 1, ""11"": 1, ""12"": 0, ""13"": 1}",15,"[0.0, 0.0, 0.0, 0.0, 0.0, 0.0, 0.0, 0.0, 0.0, 0.0, 0.0, 0.0, 0.0, 0.0, 0.0]",0.0,0.0,0.0,0.0,0.0,0.0,0.0,0.0,0.0,0.0,0.0,0.0,0.0,0.0,0.0
risk_05_8,8,risk_05,42,50,2774,3,ring,2,near_main_road,14,65.86150634847581,146.12098523322493,0.8,11,14,"[1, 1, 1, 1, 1, 0, 1, 1, 1, 1, 1, 0, 0, 1]","{""0"": 1, ""1"": 1, ""2"": 1, ""3"": 1, ""4"": 1, ""5"": 0, ""6"": 1, ""7"": 1, ""8"": 1, ""9"": 1, ""10"": 1, ""11"": 0, ""12"": 0, ""13"": 1}",15,"[0.0, 0.0, 0.0, 0.0, 0.0, 0.0, 0.0, 0.0, 0.0, 0.0, 0.0, 0.0, 0.0, 0.0, 0.0]",0.0,0.0,0.0,0.0,0.0,0.0,0.0,0.0,0.0,0.0,0.0,0.0,0.0,0.0,0.0
risk_05_9,9,risk_05,42,51,3137,1,uniform,1,near_exit,11,74.4658822324127,300.26813259813935,0.8,11,14,"[1, 1, 1, 0, 1, 1, 0, 1, 0, 1, 1, 1, 1, 1]","{""0"": 1, ""1"": 1, ""2"": 1, ""3"": 0, ""4"": 1, ""5"": 1, ""6"": 0, ""7"": 1, ""8"": 0, ""9"": 1, ""10"": 1, ""11"": 1, ""12"": 1, ""13"": 1}",15,"[0.0, 0.0, 0.0, 0.0, 0.0, 0.0, 0.0, 0.0, 0.0, 0.0, 0.0, 0.0, 0.0, 0.0, 0.0]",0.0,0.0,0.0,0.0,0.0,0.0,0.0,0.0,0.0,0.0,0.0,0.0,0.0,0.0,0.0
risk_05_10,10,risk_05,42,52,3585,3,ring,1,near_exit,11,74.4658822324127,300.26813259813935,0.8,10,14,"[0, 1, 1, 1, 0, 1, 0, 1, 0, 1, 1, 1, 1, 1]","{""0"": 0, ""1"": 1, ""2"": 1, ""3"": 1, ""4"": 0, ""5"": 1, ""6"": 0, ""7"": 1, ""8"": 0, ""9"": 1, ""10"": 1, ""11"": 1, ""12"": 1, ""13"": 1}",15,"[0.0, 0.0, 0.0, 0.0, 0.0, 0.0, 0.0, 0.0, 0.0, 0.0, 0.0, 0.0, 0.0, 0.0, 0.0]",0.0,0.0,0.0,0.0,0.0,0.0,0.0,0.0,0.0,0.0,0.0,0.0,0.0,0.0,0.0
risk_05_11,11,risk_05,42,53,5041,2,center,2,near_main_road,12,154.97150951996446,181.80336326546967,0.8,10,14,"[1, 0, 1, 1, 0, 1, 1, 1, 0, 1, 1, 0, 1, 1]","{""0"": 1, ""1"": 0, ""2"": 1, ""3"": 1, ""4"": 0, ""5"": 1, ""6"": 1, ""7"": 1, ""8"": 0, ""9"": 1, ""10"": 1, ""11"": 0, ""12"": 1, ""13"": 1}",15,"[0.0, 0.0, 0.0, 0.0, 0.0, 0.0, 0.0, 0.0, 0.0, 0.0, 0.0, 0.0, 0.0, 0.0, 0.0]",0.0,0.0,0.0,0.0,0.0,0.0,0.0,0.0,0.0,0.0,0.0,0.0,0.0,0.0,0.0
risk_05_12,12,risk_05,42,54,4248,1,uniform,1,near_exit,9,99.46174082159996,359.97675951663405,0.8,9,14,"[0, 1, 1, 1, 0, 1, 1, 1, 1, 0, 0, 1, 1, 0]","{""0"": 0, ""1"": 1, ""2"": 1, ""3"": 1, ""4"": 0, ""5"": 1, ""6"": 1, ""7"": 1, ""8"": 1, ""9"": 0, ""10"": 0, ""11"": 1, ""12"": 1, ""13"": 0}",15,"[0.0, 0.0, 0.0, 0.0, 0.0, 0.0, 0.0, 0.0, 0.0, 0.0, 0.0, 0.0, 0.0, 0.0, 0.0]",0.0,0.0,0.0,0.0,0.0,0.0,0.0,0.0,0.0,0.0,0.0,0.0,0.0,0.0,0.0
risk_05_13,13,risk_05,42,55,4945,1,uniform,1,near_exit,2,218.32077577710152,98.24949029041454,0.8,11,14,"[1, 0, 1, 1, 0, 1, 1, 1, 1, 0, 1, 1, 1, 1]","{""0"": 1, ""1"": 0, ""2"": 1, ""3"": 1, ""4"": 0, ""5"": 1, ""6"": 1, ""7"": 1, ""8"": 1, ""9"": 0, ""10"": 1, ""11"": 1, ""12"": 1, ""13"": 1}",15,"[0.0, 0.0, 0.0, 0.0, 0.0, 0.0, 0.0, 0.0, 0.0, 0.0, 0.0, 0.0, 0.0, 0.0, 0.0]",0.0,0.0,0.0,0.0,0.0,0.0,0.0,0.0,0.0,0.0,0.0,0.0,0.0,0.0,0.0
risk_05_14,14,risk_05,42,56,2863,3,ring,1,near_exit,3,266.886261947453,161.88702389178798,0.8,11,14,"[0, 1, 1, 1, 1, 0, 1, 1, 1, 1, 1, 0, 1, 1]","{""0"": 0, ""1"": 1, ""2"": 1, ""3"": 1, ""4"": 1, ""5"": 0, ""6"": 1, ""7"": 1, ""8"": 1, ""9"": 1, ""10"": 1, ""11"": 0, ""12"": 1, ""13"": 1}",15,"[0.0, 0.0, 0.0, 0.0, 0.0, 0.0, 0.0, 0.0, 0.0, 0.0, 0.0, 0.0, 0.0, 0.0, 0.0]",0.0,0.0,0.0,0.0,0.0,0.0,0.0,0.0,0.0,0.0,0.0,0.0,0.0,0.0,0.0
risk_05_15,15,risk_05,42,57,2445,3,ring,3,far_from_exit_and_main_road,18,220.97559298947453,223.2789021898061,0.8,11,14,"[1, 1, 1, 1, 0, 1, 0, 1, 0, 1, 1, 1, 1, 1]","{""0"": 1, ""1"": 1, ""2"": 1, ""3"": 1, ""4"": 0, ""5"": 1, ""6"": 0, ""7"": 1, ""8"": 0, ""9"": 1, ""10"": 1, ""11"": 1, ""12"": 1, ""13"": 1}",15,"[0.0, 0.0, 0.0, 0.0, 0.0, 0.0, 0.0, 0.0, 0.0, 0.0, 0.0, 0.0, 0.0, 0.0, 0.0]",0.0,0.0,0.0,0.0,0.0,0.0,0.0,0.0,0.0,0.0,0.0,0.0,0.0,0.0,0.0
risk_05_16,16,risk_05,42,58,4005,1,uniform,2,near_main_road,5,193.32523366622627,216.92377928225324,0.8,9,14,"[1, 1, 1, 0, 1, 1, 1, 1, 0, 0, 0, 1, 0, 1]","{""0"": 1, ""1"": 1, ""2"": 1, ""3"": 0, ""4"": 1, ""5"": 1, ""6"": 1, ""7"": 1, ""8"": 0, ""9"": 0, ""10"": 0, ""11"": 1, ""12"": 0, ""13"": 1}",15,"[0.0, 0.0, 0.0, 0.0, 0.0, 0.0, 0.0, 0.0, 0.0, 0.0, 0.0, 0.0, 0.0, 0.0, 0.0]",0.0,0.0,0.0,0.0,0.0,0.0,0.0,0.0,0.0,0.0,0.0,0.0,0.0,0.0,0.0
risk_05_17,17,risk_05,42,59,3388,2,center,1,near_exit,2,218.32077577710152,98.24949029041454,0.8,9,14,"[1, 0, 0, 1, 0, 1, 1, 1, 0, 1, 0, 1, 1, 1]","{""0"": 1, ""1"": 0, ""2"": 0, ""3"": 1, ""4"": 0, ""5"": 1, ""6"": 1, ""7"": 1, ""8"": 0, ""9"": 1, ""10"": 0, ""11"": 1, ""12"": 1, ""13"": 1}",15,"[0.0, 0.0, 0.0, 0.0, 0.0, 0.0, 0.0, 0.0, 0.0, 0.0, 0.0, 0.0, 0.0, 0.0, 0.0]",0.0,0.0,0.0,0.0,0.0,0.0,0.0,0.0,0.0,0.0,0.0,0.0,0.0,0.0,0.0
risk_05_18,18,risk_05,42,60,2037,3,ring,1,near_exit,4,253.88965937122703,250.78205533977598,0.8,11,14,"[1, 1, 1, 0, 1, 1, 0, 1, 0, 1, 1, 1, 1, 1]","{""0"": 1, ""1"": 1, ""2"": 1, ""3"": 0, ""4"": 1, ""5"": 1, ""6"": 0, ""7"": 1, ""8"": 0, ""9"": 1, ""10"": 1, ""11"": 1, ""12"": 1, ""13"": 1}",15,"[0.0, 0.0, 0.0, 0.0, 0.0, 0.0, 0.0, 0.0, 0.0, 0.0, 0.0, 0.0, 0.0, 0.0, 0.0]",0.0,0.0,0.0,0.0,0.0,0.0,0.0,0.0,0.0,0.0,0.0,0.0,0.0,0.0,0.0
risk_05_19,19,risk_05,42,61,4600,2,center,3,far_from_exit_and_main_road,11,107.66569153219461,244.24434981588274,0.8,12,14,"[1, 1, 0, 1, 1, 1, 1, 1, 1, 1, 1, 1, 0, 1]","{""0"": 1, ""1"": 1, ""2"": 0, ""3"": 1, ""4"": 1, ""5"": 1, ""6"": 1, ""7"": 1, ""8"": 1, ""9"": 1, ""10"": 1, ""11"": 1, ""12"": 0, ""13"": 1}",15,"[0.0, 0.0, 0.0, 0.0, 0.0, 0.0, 0.0, 0.0, 0.0, 0.0, 0.0, 0.0, 0.0, 0.0, 0.0]",0.0,0.0,0.0,0.0,0.0,0.0,0.0,0.0,0.0,0.0,0.0,0.0,0.0,0.0,0.0
risk_05_20,20,risk_05,42,62,4124,2,center,1,near_exit,4,253.88965937122703,250.78205533977598,0.8,9,14,"[0, 1, 0, 1, 1, 0, 1, 1, 1, 0, 0, 1, 1, 1]","{""0"": 0, ""1"": 1, ""2"": 0, ""3"": 1, ""4"": 1, ""5"": 0, ""6"": 1, ""7"": 1, ""8"": 1, ""9"": 0, ""10"": 0, ""11"": 1, ""12"": 1, ""13"": 1}",15,"[0.0, 0.0, 0.0, 0.0, 0.0, 0.0, 0.0, 0.0, 0.0, 0.0, 0.0, 0.0, 0.0, 0.0, 0.0]",0.0,0.0,0.0,0.0,0.0,0.0,0.0,0.0,0.0,0.0,0.0,0.0,0.0,0.0,0.0
risk_05_21,21,risk_05,42,63,5569,1,uniform,1,near_exit,3,266.886261947453,161.88702389178798,0.8,11,14,"[1, 1, 0, 1, 1, 1, 1, 1, 1, 1, 0, 1, 1, 0]","{""0"": 1, ""1"": 1, ""2"": 0, ""3"": 1, ""4"": 1, ""5"": 1, ""6"": 1, ""7"": 1, ""8"": 1, ""9"": 1, ""10"": 0, ""11"": 1, ""12"": 1, ""13"": 0}",15,"[0.0, 0.0, 0.0, 0.0, 0.0, 0.0, 0.0, 0.0, 0.0, 0.0, 0.0, 0.0, 0.0, 0.0, 0.0]",0.0,0.0,0.0,0.0,0.0,0.0,0.0,0.0,0.0,0.0,0.0,0.0,0.0,0.0,0.0
risk_05_22,22,risk_05,42,64,3802,3,ring,1,near_exit,10,88.6747558992356,336.96034401934594,0.8,8,14,"[1, 1, 1, 0, 1, 0, 1, 0, 0, 1, 0, 1, 1, 0]","{""0"": 1, ""1"": 1, ""2"": 1, ""3"": 0, ""4"": 1, ""5"": 0, ""6"": 1, ""7"": 0, ""8"": 0, ""9"": 1, ""10"": 0, ""11"": 1, ""12"": 1, ""13"": 0}",15,"[0.0, 0.0, 0.0, 0.0, 0.0, 0.0, 0.0, 0.0, 0.0, 0.0, 0.0, 0.0, 0.0, 0.0, 0.0]",0.0,0.0,0.0,0.0,0.0,0.0,0.0,0.0,0.0,0.0,0.0,0.0,0.0,0.0,0.0
risk_05_23,23,risk_05,42,65,2187,3,ring,3,far_from_exit_and_main_road,4,157.20234358869493,387.1448321295902,0.8,12,14,"[1, 1, 0, 1, 1, 1, 1, 1, 0, 1, 1, 1, 1, 1]","{""0"": 1, ""1"": 1, ""2"": 0, ""3"": 1, ""4"": 1, ""5"": 1, ""6"": 1, ""7"": 1, ""8"": 0, ""9"": 1, ""10"": 1, ""11"": 1, ""12"": 1, ""13"": 1}",15,"[0.0, 0.0, 0.0, 0.0, 0.0, 0.0, 0.0, 0.0, 0.0, 0.0, 0.0, 0.0, 0.0, 0.0, 0.0]",0.0,0.0,0.0,0.0,0.0,0.0,0.0,0.0,0.0,0.0,0.0,0.0,0.0,0.0,0.0
risk_05_24,24,risk_05,42,66,3488,3,ring,2,near_main_road,17,146.94398586079478,116.57973352074623,0.8,12,14,"[1, 1, 1, 1, 1, 0, 1, 1, 0, 1, 1, 1, 1, 1]","{""0"": 1, ""1"": 1, ""2"": 1, ""3"": 1, ""4"": 1, ""5"": 0, ""6"": 1, ""7"": 1, ""8"": 0, ""9"": 1, ""10"": 1, ""11"": 1, ""12"": 1, ""13"": 1}",15,"[0.0, 0.0, 0.0, 0.0, 0.0, 0.0, 0.0, 0.0, 0.0, 0.0, 0.0, 0.0, 0.0, 0.0, 0.0]",0.0,0.0,0.0,0.0,0.0,0.0,0.0,0.0,0.0,0.0,0.0,0.0,0.0,0.0,0.0
risk_05_25,25,risk_05,42,67,2391,1,uniform,1,near_exit,5,34.374810233712196,214.9597699600272,0.8,11,14,"[1, 1, 0, 1, 0, 1, 1, 0, 1, 1, 1, 1, 1, 1]","{""0"": 1, ""1"": 1, ""2"": 0, ""3"": 1, ""4"": 0, ""5"": 1, ""6"": 1, ""7"": 0, ""8"": 1, ""9"": 1, ""10"": 1, ""11"": 1, ""12"": 1, ""13"": 1}",15,"[0.0, 0.0, 0.0, 0.0, 0.0, 0.0, 0.0, 0.0, 0.0, 0.0, 0.0, 0.0, 0.0, 0.0, 0.0]",0.0,0.0,0.0,0.0,0.0,0.0,0.0,0.0,0.0,0.0,0.0,0.0,0.0,0.0,0.0
risk_05_26,26,risk_05,42,68,5202,3,ring,2,near_main_road,16,134.70201228372753,258.9657045942731,0.8,10,14,"[1, 0, 1, 0, 1, 1, 1, 1, 0, 1, 0, 1, 1, 1]","{""0"": 1, ""1"": 0, ""2"": 1, ""3"": 0, ""4"": 1, ""5"": 1, ""6"": 1, ""7"": 1, ""8"": 0, ""9"": 1, ""10"": 0, ""11"": 1, ""12"": 1, ""13"": 1}",15,"[0.0, 0.0, 0.0, 0.0, 0.0, 0.0, 0.0, 0.0, 0.0, 0.0, 0.0, 0.0, 0.0, 0.0, 0.0]",0.0,0.0,0.0,0.0,0.0,0.0,0.0,0.0,0.0,0.0,0.0,0.0,0.0,0.0,0.0
risk_05_27,27,risk_05,42,69,3803,2,center,2,near_main_road,5,193.32523366622627,216.92377928225324,0.8,10,14,"[1, 1, 1, 1, 1, 0, 1, 0, 1, 0, 1, 0, 1, 1]","{""0"": 1, ""1"": 1, ""2"": 1, ""3"": 1, ""4"": 1, ""5"": 0, ""6"": 1, ""7"": 0, ""8"": 1, ""9"": 0, ""10"": 1, ""11"": 0, ""12"": 1, ""13"": 1}",15,"[0.0, 0.0, 0.0, 0.0, 0.0, 0.0, 0.0, 0.0, 0.0, 0.0, 0.0, 0.0, 0.0, 0.0, 0.0]",0.0,0.0,0.0,0.0,0.0,0.0,0.0,0.0,0.0,0.0,0.0,0.0,0.0,0.0,0.0
risk_05_28,28,risk_05,42,70,3129,2,center,2,near_main_road,3,90.1036622915417,273.10059678182006,0.8,12,14,"[0, 1, 1, 1, 0, 1, 1, 1, 1, 1, 1, 1, 1, 1]","{""0"": 0, ""1"": 1, ""2"": 1, ""3"": 1, ""4"": 0, ""5"": 1, ""6"": 1, ""7"": 1, ""8"": 1, ""9"": 1, ""10"": 1, ""11"": 1, ""12"": 1, ""13"": 1}",15,"[0.0, 0.0, 0.0, 0.0, 0.0, 0.0, 0.0, 0.0, 0.0, 0.0, 0.0, 0.0, 0.0, 0.0, 0.0]",0.0,0.0,0.0,0.0,0.0,0.0,0.0,0.0,0.0,0.0,0.0,0.0,0.0,0.0,0.0
risk_05_29,29,risk_05,42,71,5115,1,uniform,1,near_exit,8,196.78927944786847,446.820492007304,0.8,10,14,"[1, 1, 1, 0, 0, 0, 1, 1, 1, 1, 1, 1, 1, 0]","{""0"": 1, ""1"": 1, ""2"": 1, ""3"": 0, ""4"": 0, ""5"": 0, ""6"": 1, ""7"": 1, ""8"": 1, ""9"": 1, ""10"": 1, ""11"": 1, ""12"": 1, ""13"": 0}",15,"[0.0, 0.0, 0.0, 0.0, 0.0, 0.0, 0.0, 0.0, 0.0, 0.0, 0.0, 0.0, 0.0, 0.0, 0.0]",0.0,0.0,0.0,0.0,0.0,0.0,0.0,0.0,0.0,0.0,0.0,0.0,0.0,0.0,0.0
risk_05_30,30,risk_05,42,72,4834,2,center,2,near_main_road,13,207.4848934672773,150.69670907920226,0.8,12,14,"[1, 1, 0, 1, 1, 1, 1, 1, 1, 0, 1, 1, 1, 1]","{""0"": 1, ""1"": 1, ""2"": 0, ""3"": 1, ""4"": 1, ""5"": 1, ""6"": 1, ""7"": 1, ""8"": 1, ""9"": 0, ""10"": 1, ""11"": 1, ""12"": 1, ""13"": 1}",15,"[0.0, 0.0, 0.0, 0.0, 0.0, 0.0, 0.0, 0.0, 0.0, 0.0, 0.0, 0.0, 0.0, 0.0, 0.0]",0.0,0.0,0.0,0.0,0.0,0.0,0.0,0.0,0.0,0.0,0.0,0.0,0.0,0.0,0.0
risk_05_31,31,risk_05,42,73,4265,1,uniform,2,near_main_road,1,198.32551720924675,427.5889890268445,0.8,14,14,"[1, 1, 1, 1, 1, 1, 1, 1, 1, 1, 1, 1, 1, 1]","{""0"": 1, ""1"": 1, ""2"": 1, ""3"": 1, ""4"": 1, ""5"": 1, ""6"": 1, ""7"": 1, ""8"": 1, ""9"": 1, ""10"": 1, ""11"": 1, ""12"": 1, ""13"": 1}",15,"[0.0, 0.0, 0.0, 0.0, 0.0, 0.0, 0.0, 0.0, 0.0, 0.0, 0.0, 0.0, 0.0, 0.0, 0.0]",0.0,0.0,0.0,0.0,0.0,0.0,0.0,0.0,0.0,0.0,0.0,0.0,0.0,0.0,0.0
risk_05_32,32,risk_05,42,74,2012,3,ring,3,far_from_exit_and_main_road,13,83.91668662056327,167.85010003577918,0.8,10,14,"[0, 1, 1, 1, 1, 0, 0, 1, 1, 1, 0, 1, 1, 1]","{""0"": 0, ""1"": 1, ""2"": 1, ""3"": 1, ""4"": 1, ""5"": 0, ""6"": 0, ""7"": 1, ""8"": 1, ""9"": 1, ""10"": 0, ""11"": 1, ""12"": 1, ""13"": 1}",15,"[0.0, 0.0, 0.0, 0.0, 0.0, 0.0, 0.0, 0.0, 0.0, 0.0, 0.0, 0.0, 0.0, 0.0, 0.0]",0.0,0.0,0.0,0.0,0.0,0.0,0.0,0.0,0.0,0.0,0.0,0.0,0.0,0.0,0.0
risk_05_33,33,risk_05,42,75,3028,3,ring,2,near_main_road,2,121.50282700546086,359.87158203404397,0.8,12,14,"[1, 1, 1, 1, 1, 1, 1, 1, 0, 1, 1, 0, 1, 1]","{""0"": 1, ""1"": 1, ""2"": 1, ""3"": 1, ""4"": 1, ""5"": 1, ""6"": 1, ""7"": 1, ""8"": 0, ""9"": 1, ""10"": 1, ""11"": 0, ""12"": 1, ""13"": 1}",15,"[0.0, 0.0, 0.0, 0.0, 0.0, 0.0, 0.0, 0.0, 0.0, 0.0, 0.0, 0.0, 0.0, 0.0, 0.0]",0.0,0.0,0.0,0.0,0.0,0.0,0.0,0.0,0.0,0.0,0.0,0.0,0.0,0.0,0.0
risk_05_34,34,risk_05,42,76,4699,1,uniform,2,near_main_road,5,193.32523366622627,216.92377928225324,0.8,11,14,"[1, 0, 1, 1, 1, 1, 1, 0, 1, 1, 0, 1, 1, 1]","{""0"": 1, ""1"": 0, ""2"": 1, ""3"": 1, ""4"": 1, ""5"": 1, ""6"": 1, ""7"": 0, ""8"": 1, ""9"": 1, ""10"": 0, ""11"": 1, ""12"": 1, ""13"": 1}",15,"[0.0, 0.0, 0.0, 0.0, 0.0, 0.0, 0.0, 0.0, 0.0, 0.0, 0.0, 0.0, 0.0, 0.0, 0.0]",0.0,0.0,0.0,0.0,0.0,0.0,0.0,0.0,0.0,0.0,0.0,0.0,0.0,0.0,0.0
risk_05_35,35,risk_05,42,77,2707,2,center,3,far_from_exit_and_main_road,2,135.2143654283136,374.6006386834197,0.8,11,14,"[1, 1, 1, 0, 1, 1, 1, 1, 1, 1, 1, 0, 1, 0]","{""0"": 1, ""1"": 1, ""2"": 1, ""3"": 0, ""4"": 1, ""5"": 1, ""6"": 1, ""7"": 1, ""8"": 1, ""9"": 1, ""10"": 1, ""11"": 0, ""12"": 1, ""13"": 0}",15,"[0.0, 0.0, 0.0, 0.0, 0.0, 0.0, 0.0, 0.0, 0.0, 0.0, 0.0, 0.0, 0.0, 0.0, 0.0]",0.0,0.0,0.0,0.0,0.0,0.0,0.0,0.0,0.0,0.0,0.0,0.0,0.0,0.0,0.0
risk_05_36,36,risk_05,42,78,5416,1,uniform,1,near_exit,3,266.886261947453,161.88702389178798,0.8,12,14,"[0, 1, 0, 1, 1, 1, 1, 1, 1, 1, 1, 1, 1, 1]","{""0"": 0, ""1"": 1, ""2"": 0, ""3"": 1, ""4"": 1, ""5"": 1, ""6"": 1, ""7"": 1, ""8"": 1, ""9"": 1, ""10"": 1, ""11"": 1, ""12"": 1, ""13"": 1}",15,"[0.0, 0.0, 0.0, 0.0, 0.0, 0.0, 0.0, 0.0, 0.0, 0.0, 0.0, 0.0, 0.0, 0.0, 0.0]",0.0,0.0,0.0,0.0,0.0,0.0,0.0,0.0,0.0,0.0,0.0,0.0,0.0,0.0,0.0
risk_05_37,37,risk_05,42,79,5349,2,center,3,far_from_exit_and_main_road,16,67.33770958334208,107.10279587097466,0.8,12,14,"[1, 1, 1, 1, 1, 1, 1, 1, 0, 1, 1, 1, 0, 1]","{""0"": 1, ""1"": 1, ""2"": 1, ""3"": 1, ""4"": 1, ""5"": 1, ""6"": 1, ""7"": 1, ""8"": 0, ""9"": 1, ""10"": 1, ""11"": 1, ""12"": 0, ""13"": 1}",15,"[0.0, 0.0, 0.0, 0.0, 0.0, 0.0, 0.0, 0.0, 0.0, 0.0, 0.0, 0.0, 0.0, 0.0, 0.0]",0.0,0.0,0.0,0.0,0.0,0.0,0.0,0.0,0.0,0.0,0.0,0.0,0.0,0.0,0.0
risk_05_38,38,risk_05,42,80,5874,1,uniform,2,near_main_road,9,180.08427936211228,352.65582518512383,0.8,9,14,"[1, 1, 1, 0, 1, 1, 1, 1, 0, 0, 0, 0, 1, 1]","{""0"": 1, ""1"": 1, ""2"": 1, ""3"": 0, ""4"": 1, ""5"": 1, ""6"": 1, ""7"": 1, ""8"": 0, ""9"": 0, ""10"": 0, ""11"": 0, ""12"": 1, ""13"": 1}",15,"[0.0, 0.0, 0.0, 0.0, 0.0, 0.0, 0.0, 0.0, 0.0, 0.0, 0.0, 0.0, 0.0, 0.0, 0.0]",0.0,0.0,0.0,0.0,0.0,0.0,0.0,0.0,0.0,0.0,0.0,0.0,0.0,0.0,0.0
risk_05_39,39,risk_05,42,81,2308,2,center,2,near_main_road,10,184.6287497021258,386.95119016058743,0.8,12,14,"[1, 1, 1, 1, 0, 1, 1, 1, 1, 0, 1, 1, 1, 1]","{""0"": 1, ""1"": 1, ""2"": 1, ""3"": 1, ""4"": 0, ""5"": 1, ""6"": 1, ""7"": 1, ""8"": 1, ""9"": 0, ""10"": 1, ""11"": 1, ""12"": 1, ""13"": 1}",15,"[0.0, 0.0, 0.0, 0.0, 0.0, 0.0, 0.0, 0.0, 0.0, 0.0, 0.0, 0.0, 0.0, 0.0, 0.0]",0.0,0.0,0.0,0.0,0.0,0.0,0.0,0.0,0.0,0.0,0.0,0.0,0.0,0.0,0.0
risk_05_40,40,risk_05,42,82,2509,3,ring,1,near_exit,14,108.68085003085434,414.72697948804125,0.8,10,14,"[1, 1, 1, 0, 0, 1, 1, 1, 0, 1, 1, 1, 1, 0]","{""0"": 1, ""1"": 1, ""2"": 1, ""3"": 0, ""4"": 0, ""5"": 1, ""6"": 1, ""7"": 1, ""8"": 0, ""9"": 1, ""10"": 1, ""11"": 1, ""12"": 1, ""13"": 0}",15,"[0.0, 0.0, 0.0, 0.0, 0.0, 0.0, 0.0, 0.0, 0.0, 0.0, 0.0, 0.0, 0.0, 0.0, 0.0]",0.0,0.0,0.0,0.0,0.0,0.0,0.0,0.0,0.0,0.0,0.0,0.0,0.0,0.0,0.0
risk_05_41,41,risk_05,42,83,4564,1,uniform,1,near_exit,5,34.374810233712196,214.9597699600272,0.8,11,14,"[1, 0, 1, 1, 1, 1, 1, 1, 0, 1, 1, 1, 0, 1]","{""0"": 1, ""1"": 0, ""2"": 1, ""3"": 1, ""4"": 1, ""5"": 1, ""6"": 1, ""7"": 1, ""8"": 0, ""9"": 1, ""10"": 1, ""11"": 1, ""12"": 0, ""13"": 1}",15,"[0.0, 0.0, 0.0, 0.0, 0.0, 0.0, 0.0, 0.0, 0.0, 0.0, 0.0, 0.0, 0.0, 0.0, 0.0]",0.0,0.0,0.0,0.0,0.0,0.0,0.0,0.0,0.0,0.0,0.0,0.0,0.0,0.0,0.0
risk_05_42,42,risk_05,42,84,3914,2,center,3,far_from_exit_and_main_road,2,135.2143654283136,374.6006386834197,0.8,12,14,"[1, 0, 1, 1, 0, 1, 1, 1, 1, 1, 1, 1, 1, 1]","{""0"": 1, ""1"": 0, ""2"": 1, ""3"": 1, ""4"": 0, ""5"": 1, ""6"": 1, ""7"": 1, ""8"": 1, ""9"": 1, ""10"": 1, ""11"": 1, ""12"": 1, ""13"": 1}",15,"[0.0, 0.0, 0.0, 0.0, 0.0, 0.0, 0.0, 0.0, 0.0, 0.0, 0.0, 0.0, 0.0, 0.0, 0.0]",0.0,0.0,0.0,0.0,0.0,0.0,0.0,0.0,0.0,0.0,0.0,0.0,0.0,0.0,0.0
risk_05_43,43,risk_05,42,85,4462,1,uniform,3,far_from_exit_and_main_road,18,220.97559298947453,223.2789021898061,0.8,11,14,"[1, 1, 1, 0, 1, 1, 1, 0, 1, 1, 1, 0, 1, 1]","{""0"": 1, ""1"": 1, ""2"": 1, ""3"": 0, ""4"": 1, ""5"": 1, ""6"": 1, ""7"": 0, ""8"": 1, ""9"": 1, ""10"": 1, ""11"": 0, ""12"": 1, ""13"": 1}",15,"[0.0, 0.0, 0.0, 0.0, 0.0, 0.0, 0.0, 0.0, 0.0, 0.0, 0.0, 0.0, 0.0, 0.0, 0.0]",0.0,0.0,0.0,0.0,0.0,0.0,0.0,0.0,0.0,0.0,0.0,0.0,0.0,0.0,0.0
risk_05_44,44,risk_05,42,86,3885,3,ring,3,far_from_exit_and_main_road,13,83.91668662056327,167.85010003577918,0.8,9,14,"[1, 1, 0, 1, 1, 1, 1, 1, 0, 0, 1, 0, 1, 0]","{""0"": 1, ""1"": 1, ""2"": 0, ""3"": 1, ""4"": 1, ""5"": 1, ""6"": 1, ""7"": 1, ""8"": 0, ""9"": 0, ""10"": 1, ""11"": 0, ""12"": 1, ""13"": 0}",15,"[0.0, 0.0, 0.0, 0.0, 0.0, 0.0, 0.0, 0.0, 0.0, 0.0, 0.0, 0.0, 0.0, 0.0, 0.0]",0.0,0.0,0.0,0.0,0.0,0.0,0.0,0.0,0.0,0.0,0.0,0.0,0.0,0.0,0.0
risk_05_45,45,risk_05,42,87,4105,1,uniform,1,near_exit,13,248.94334834627807,302.5594665892422,0.8,12,14,"[1, 1, 0, 1, 1, 1, 1, 1, 1, 1, 1, 1, 1, 0]","{""0"": 1, ""1"": 1, ""2"": 0, ""3"": 1, ""4"": 1, ""5"": 1, ""6"": 1, ""7"": 1, ""8"": 1, ""9"": 1, ""10"": 1, ""11"": 1, ""12"": 1, ""13"": 0}",15,"[0.0, 0.0, 0.0, 0.0, 0.0, 0.0, 0.0, 0.0, 0.0, 0.0, 0.0, 0.0, 0.0, 0.0, 0.0]",0.0,0.0,0.0,0.0,0.0,0.0,0.0,0.0,0.0,0.0,0.0,0.0,0.0,0.0,0.0
risk_05_46,46,risk_05,42,88,4743,3,ring,3,far_from_exit_and_main_road,17,204.93606554716825,186.71085607260466,0.8,11,14,"[1, 1, 0, 1, 1, 1, 0, 1, 1, 0, 1, 1, 1, 1]","{""0"": 1, ""1"": 1, ""2"": 0, ""3"": 1, ""4"": 1, ""5"": 1, ""6"": 0, ""7"": 1, ""8"": 1, ""9"": 0, ""10"": 1, ""11"": 1, ""12"": 1, ""13"": 1}",15,"[0.0, 0.0, 0.0, 0.0, 0.0, 0.0, 0.0, 0.0, 0.0, 0.0, 0.0, 0.0, 0.0, 0.0, 0.0]",0.0,0.0,0.0,0.0,0.0,0.0,0.0,0.0,0.0,0.0,0.0,0.0,0.0,0.0,0.0
risk_05_47,47,risk_05,42,89,2595,2,center,2,near_main_road,15,99.52361969463527,146.08088297443464,0.8,10,14,"[1, 1, 0, 1, 0, 1, 1, 0, 1, 1, 1, 0, 1, 1]","{""0"": 1, ""1"": 1, ""2"": 0, ""3"": 1, ""4"": 0, ""5"": 1, ""6"": 1, ""7"": 0, ""8"": 1, ""9"": 1, ""10"": 1, ""11"": 0, ""12"": 1, ""13"": 1}",15,"[0.0, 0.0, 0.0, 0.0, 0.0, 0.0, 0.0, 0.0, 0.0, 0.0, 0.0, 0.0, 0.0, 0.0, 0.0]",0.0,0.0,0.0,0.0,0.0,0.0,0.0,0.0,0.0,0.0,0.0,0.0,0.0,0.0,0.0
risk_05_48,48,risk_05,42,90,4781,1,uniform,2,near_main_road,5,193.32523366622627,216.92377928225324,0.8,12,14,"[1, 1, 1, 1, 1, 1, 1, 0, 0, 1, 1, 1, 1, 1]","{""0"": 1, ""1"": 1, ""2"": 1, ""3"": 1, ""4"": 1, ""5"": 1, ""6"": 1, ""7"": 0, ""8"": 0, ""9"": 1, ""10"": 1, ""11"": 1, ""12"": 1, ""13"": 1}",15,"[0.0, 0.0, 0.0, 0.0, 0.0, 0.0, 0.0, 0.0, 0.0, 0.0, 0.0, 0.0, 0.0, 0.0, 0.0]",0.0,0.0,0.0,0.0,0.0,0.0,0.0,0.0,0.0,0.0,0.0,0.0,0.0,0.0,0.0
risk_05_49,49,risk_05,42,91,2887,2,center,2,near_main_road,2,121.50282700546086,359.87158203404397,0.8,10,14,"[1, 1, 1, 1, 0, 0, 1, 1, 0, 1, 1, 1, 1, 0]","{""0"": 1, ""1"": 1, ""2"": 1, ""3"": 1, ""4"": 0, ""5"": 0, ""6"": 1, ""7"": 1, ""8"": 0, ""9"": 1, ""10"": 1, ""11"": 1, ""12"": 1, ""13"": 0}",15,"[0.0, 0.0, 0.0, 0.0, 0.0, 0.0, 0.0, 0.0, 0.0, 0.0, 0.0, 0.0, 0.0, 0.0, 0.0]",0.0,0.0,0.0,0.0,0.0,0.0,0.0,0.0,0.0,0.0,0.0,0.0,0.0,0.0,0.0
risk_05_50,50,risk_05,42,92,2254,3,ring,3,far_from_exit_and_main_road,17,204.93606554716825,186.71085607260466,0.8,9,14,"[1, 1, 1, 1, 0, 0, 1, 0, 1, 1, 0, 0, 1, 1]","{""0"": 1, ""1"": 1, ""2"": 1, ""3"": 1, ""4"": 0, ""5"": 0, ""6"": 1, ""7"": 0, ""8"": 1, ""9"": 1, ""10"": 0, ""11"": 0, ""12"": 1, ""13"": 1}",15,"[0.0, 0.0, 0.0, 0.0, 0.0, 0.0, 0.0, 0.0, 0.0, 0.0, 0.0, 0.0, 0.0, 0.0, 0.0]",0.0,0.0,0.0,0.0,0.0,0.0,0.0,0.0,0.0,0.0,0.0,0.0,0.0,0.0,0.0
risk_10_1,1,risk_10,42,43,3777,2,center,3,far_from_exit_and_main_road,12,86.4655145779252,206.66192820994183,0.8,13,14,"[1, 1, 1, 1, 1, 1, 1, 1, 1, 1, 1, 0, 1, 1]","{""0"": 1, ""1"": 1, ""2"": 1, ""3"": 1, ""4"": 1, ""5"": 1, ""6"": 1, ""7"": 1, ""8"": 1, ""9"": 1, ""10"": 1, ""11"": 0, ""12"": 1, ""13"": 1}",15,"[0.0, 0.0, 0.0, 0.0, 0.0, 0.0, 0.0, 0.0, 0.0, 0.0, 0.0, 0.0, 0.0, 0.0, 0.0]",0.0,0.0,0.0,0.0,0.0,0.0,0.0,0.0,0.0,0.0,0.0,0.0,0.0,0.0,0.0
risk_10_2,2,risk_10,42,44,4831,1,uniform,1,near_exit,6,26.251288073137403,149.61036271601915,0.8,12,14,"[1, 1, 0, 1, 1, 1, 1, 1, 1, 1, 0, 1, 1, 1]","{""0"": 1, ""1"": 1, ""2"": 0, ""3"": 1, ""4"": 1, ""5"": 1, ""6"": 1, ""7"": 1, ""8"": 1, ""9"": 1, ""10"": 0, ""11"": 1, ""12"": 1, ""13"": 1}",15,"[0.0, 0.0, 0.0, 0.0, 0.0, 0.0, 0.0, 0.0, 0.0, 0.0, 0.0, 0.0, 0.0, 0.0, 0.0]",0.0,0.0,0.0,0.0,0.0,0.0,0.0,0.0,0.0,0.0,0.0,0.0,0.0,0.0,0.0
risk_10_3,3,risk_10,42,45,5018,1,uniform,3,far_from_exit_and_main_road,2,135.2143654283136,374.6006386834197,0.8,14,14,"[1, 1, 1, 1, 1, 1, 1, 1, 1, 1, 1, 1, 1, 1]","{""0"": 1, ""1"": 1, ""2"": 1, ""3"": 1, ""4"": 1, ""5"": 1, ""6"": 1, ""7"": 1, ""8"": 1, ""9"": 1, ""10"": 1, ""11"": 1, ""12"": 1, ""13"": 1}",15,"[0.0, 0.0, 0.0, 0.0, 0.0, 0.0, 0.0, 0.0, 0.0, 0.0, 0.0, 0.0, 0.0, 0.0, 0.0]",0.0,0.0,0.0,0.0,0.0,0.0,0.0,0.0,0.0,0.0,0.0,0.0,0.0,0.0,0.0
risk_10_4,4,risk_10,42,46,5766,3,ring,2,near_main_road,16,134.70201228372753,258.9657045942731,0.8,9,14,"[0, 1, 1, 0, 1, 1, 1, 0, 1, 1, 1, 0, 0, 1]","{""0"": 0, ""1"": 1, ""2"": 1, ""3"": 0, ""4"": 1, ""5"": 1, ""6"": 1, ""7"": 0, ""8"": 1, ""9"": 1, ""10"": 1, ""11"": 0, ""12"": 0, ""13"": 1}",15,"[0.0, 0.0, 0.0, 0.0, 0.0, 0.0, 0.0, 0.0, 0.0, 0.0, 0.0, 0.0, 0.0, 0.0, 0.0]",0.0,0.0,0.0,0.0,0.0,0.0,0.0,0.0,0.0,0.0,0.0,0.0,0.0,0.0,0.0
risk_10_5,5,risk_10,42,47,5757,3,ring,1,near_exit,5,34.374810233712196,214.9597699600272,0.8,13,14,"[1, 1, 1, 1, 1, 1, 1, 1, 1, 1, 1, 0, 1, 1]","{""0"": 1, ""1"": 1, ""2"": 1, ""3"": 1, ""4"": 1, ""5"": 1, ""6"": 1, ""7"": 1, ""8"": 1, ""9"": 1, ""10"": 1, ""11"": 0, ""12"": 1, ""13"": 1}",15,"[0.0, 0.0, 0.0, 0.0, 0.0, 0.0, 0.0, 0.0, 0.0, 0.0, 0.0, 0.0, 0.0, 0.0, 0.0]",0.0,0.0,0.0,0.0,0.0,0.0,0.0,0.0,0.0,0.0,0.0,0.0,0.0,0.0,0.0
risk_10_6,6,risk_10,42,48,5482,2,center,2,near_main_road,9,180.08427936211228,352.65582518512383,0.8,11,14,"[1, 1, 1, 1, 0, 1, 1, 1, 0, 0, 1, 1, 1, 1]","{""0"": 1, ""1"": 1, ""2"": 1, ""3"": 1, ""4"": 0, ""5"": 1, ""6"": 1, ""7"": 1, ""8"": 0, ""9"": 0, ""10"": 1, ""11"": 1, ""12"": 1, ""13"": 1}",15,"[0.0, 0.0, 0.0, 0.0, 0.0, 0.0, 0.0, 0.0, 0.0, 0.0, 0.0, 0.0, 0.0, 0.0, 0.0]",0.0,0.0,0.0,0.0,0.0,0.0,0.0,0.0,0.0,0.0,0.0,0.0,0.0,0.0,0.0
risk_10_7,7,risk_10,42,49,4348,3,ring,3,far_from_exit_and_main_road,19,166.7272846736014,178.37646883539855,0.8,13,14,"[1, 1, 1, 1, 1, 1, 1, 1, 1, 1, 1, 1, 0, 1]","{""0"": 1, ""1"": 1, ""2"": 1, ""3"": 1, ""4"": 1, ""5"": 1, ""6"": 1, ""7"": 1, ""8"": 1, ""9"": 1, ""10"": 1, ""11"": 1, ""12"": 0, ""13"": 1}",15,"[0.0, 0.0, 0.0, 0.0, 0.0, 0.0, 0.0, 0.0, 0.0, 0.0, 0.0, 0.0, 0.0, 0.0, 0.0]",0.0,0.0,0.0,0.0,0.0,0.0,0.0,0.0,0.0,0.0,0.0,0.0,0.0,0.0,0.0
risk_10_8,8,risk_10,42,50,2774,3,ring,2,near_main_road,14,65.86150634847581,146.12098523322493,0.8,11,14,"[1, 1, 1, 1, 1, 0, 1, 1, 1, 1, 1, 0, 0, 1]","{""0"": 1, ""1"": 1, ""2"": 1, ""3"": 1, ""4"": 1, ""5"": 0, ""6"": 1, ""7"": 1, ""8"": 1, ""9"": 1, ""10"": 1, ""11"": 0, ""12"": 0, ""13"": 1}",15,"[0.0, 0.0, 0.0, 0.0, 0.0, 0.0, 0.0, 0.0, 0.0, 0.0, 0.0, 0.0, 0.0, 0.0, 0.0]",0.0,0.0,0.0,0.0,0.0,0.0,0.0,0.0,0.0,0.0,0.0,0.0,0.0,0.0,0.0
risk_10_9,9,risk_10,42,51,3137,1,uniform,1,near_exit,11,74.4658822324127,300.26813259813935,0.8,11,14,"[1, 1, 1, 0, 1, 1, 0, 1, 0, 1, 1, 1, 1, 1]","{""0"": 1, ""1"": 1, ""2"": 1, ""3"": 0, ""4"": 1, ""5"": 1, ""6"": 0, ""7"": 1, ""8"": 0, ""9"": 1, ""10"": 1, ""11"": 1, ""12"": 1, ""13"": 1}",15,"[0.0, 0.0, 0.0, 0.0, 0.0, 0.0, 0.0, 0.0, 0.0, 0.0, 0.0, 0.0, 0.0, 0.0, 0.0]",0.0,0.0,0.0,0.0,0.0,0.0,0.0,0.0,0.0,0.0,0.0,0.0,0.0,0.0,0.0
risk_10_10,10,risk_10,42,52,3585,3,ring,1,near_exit,11,74.4658822324127,300.26813259813935,0.8,10,14,"[0, 1, 1, 1, 0, 1, 0, 1, 0, 1, 1, 1, 1, 1]","{""0"": 0, ""1"": 1, ""2"": 1, ""3"": 1, ""4"": 0, ""5"": 1, ""6"": 0, ""7"": 1, ""8"": 0, ""9"": 1, ""10"": 1, ""11"": 1, ""12"": 1, ""13"": 1}",15,"[0.0, 0.0, 0.0, 0.0, 0.0, 0.0, 0.0, 0.0, 0.0, 0.0, 0.0, 0.0, 0.0, 0.0, 0.0]",0.0,0.0,0.0,0.0,0.0,0.0,0.0,0.0,0.0,0.0,0.0,0.0,0.0,0.0,0.0
risk_10_11,11,risk_10,42,53,5041,2,center,2,near_main_road,12,154.97150951996446,181.80336326546967,0.8,10,14,"[1, 0, 1, 1, 0, 1, 1, 1, 0, 1, 1, 0, 1, 1]","{""0"": 1, ""1"": 0, ""2"": 1, ""3"": 1, ""4"": 0, ""5"": 1, ""6"": 1, ""7"": 1, ""8"": 0, ""9"": 1, ""10"": 1, ""11"": 0, ""12"": 1, ""13"": 1}",15,"[0.0, 0.0, 0.0, 0.0, 0.0, 0.0, 0.0, 0.0, 0.0, 0.0, 0.0, 0.0, 0.0, 0.0, 0.0]",0.0,0.0,0.0,0.0,0.0,0.0,0.0,0.0,0.0,0.0,0.0,0.0,0.0,0.0,0.0
risk_10_12,12,risk_10,42,54,4248,1,uniform,1,near_exit,9,99.46174082159996,359.97675951663405,0.8,9,14,"[0, 1, 1, 1, 0, 1, 1, 1, 1, 0, 0, 1, 1, 0]","{""0"": 0, ""1"": 1, ""2"": 1, ""3"": 1, ""4"": 0, ""5"": 1, ""6"": 1, ""7"": 1, ""8"": 1, ""9"": 0, ""10"": 0, ""11"": 1, ""12"": 1, ""13"": 0}",15,"[0.0, 0.0, 0.0, 0.0, 0.0, 0.0, 0.0, 0.0, 0.0, 0.0, 0.0, 0.0, 0.0, 0.0, 0.0]",0.0,0.0,0.0,0.0,0.0,0.0,0.0,0.0,0.0,0.0,0.0,0.0,0.0,0.0,0.0
risk_10_13,13,risk_10,42,55,4945,1,uniform,1,near_exit,2,218.32077577710152,98.24949029041454,0.8,11,14,"[1, 0, 1, 1, 0, 1, 1, 1, 1, 0, 1, 1, 1, 1]","{""0"": 1, ""1"": 0, ""2"": 1, ""3"": 1, ""4"": 0, ""5"": 1, ""6"": 1, ""7"": 1, ""8"": 1, ""9"": 0, ""10"": 1, ""11"": 1, ""12"": 1, ""13"": 1}",15,"[0.0, 0.0, 0.0, 0.0, 0.0, 0.0, 0.0, 0.0, 0.0, 0.0, 0.0, 0.0, 0.0, 0.0, 0.0]",0.0,0.0,0.0,0.0,0.0,0.0,0.0,0.0,0.0,0.0,0.0,0.0,0.0,0.0,0.0
risk_10_14,14,risk_10,42,56,2863,3,ring,1,near_exit,3,266.886261947453,161.88702389178798,0.8,11,14,"[0, 1, 1, 1, 1, 0, 1, 1, 1, 1, 1, 0, 1, 1]","{""0"": 0, ""1"": 1, ""2"": 1, ""3"": 1, ""4"": 1, ""5"": 0, ""6"": 1, ""7"": 1, ""8"": 1, ""9"": 1, ""10"": 1, ""11"": 0, ""12"": 1, ""13"": 1}",15,"[0.0, 0.0, 0.0, 0.0, 0.0, 0.0, 0.0, 0.0, 0.0, 0.0, 0.0, 0.0, 0.0, 0.0, 0.0]",0.0,0.0,0.0,0.0,0.0,0.0,0.0,0.0,0.0,0.0,0.0,0.0,0.0,0.0,0.0
risk_10_15,15,risk_10,42,57,2445,3,ring,3,far_from_exit_and_main_road,18,220.97559298947453,223.2789021898061,0.8,11,14,"[1, 1, 1, 1, 0, 1, 0, 1, 0, 1, 1, 1, 1, 1]","{""0"": 1, ""1"": 1, ""2"": 1, ""3"": 1, ""4"": 0, ""5"": 1, ""6"": 0, ""7"": 1, ""8"": 0, ""9"": 1, ""10"": 1, ""11"": 1, ""12"": 1, ""13"": 1}",15,"[0.0, 0.0, 0.0, 0.0, 0.0, 0.0, 0.0, 0.0, 0.0, 0.0, 0.0, 0.0, 0.0, 0.0, 0.0]",0.0,0.0,0.0,0.0,0.0,0.0,0.0,0.0,0.0,0.0,0.0,0.0,0.0,0.0,0.0
risk_10_16,16,risk_10,42,58,4005,1,uniform,2,near_main_road,5,193.32523366622627,216.92377928225324,0.8,9,14,"[1, 1, 1, 0, 1, 1, 1, 1, 0, 0, 0, 1, 0, 1]","{""0"": 1, ""1"": 1, ""2"": 1, ""3"": 0, ""4"": 1, ""5"": 1, ""6"": 1, ""7"": 1, ""8"": 0, ""9"": 0, ""10"": 0, ""11"": 1, ""12"": 0, ""13"": 1}",15,"[0.0, 0.0, 0.0, 0.0, 0.0, 0.0, 0.0, 0.0, 0.0, 0.0, 0.0, 0.0, 0.0, 0.0, 0.0]",0.0,0.0,0.0,0.0,0.0,0.0,0.0,0.0,0.0,0.0,0.0,0.0,0.0,0.0,0.0
risk_10_17,17,risk_10,42,59,3388,2,center,1,near_exit,2,218.32077577710152,98.24949029041454,0.8,9,14,"[1, 0, 0, 1, 0, 1, 1, 1, 0, 1, 0, 1, 1, 1]","{""0"": 1, ""1"": 0, ""2"": 0, ""3"": 1, ""4"": 0, ""5"": 1, ""6"": 1, ""7"": 1, ""8"": 0, ""9"": 1, ""10"": 0, ""11"": 1, ""12"": 1, ""13"": 1}",15,"[0.0, 0.0, 0.0, 0.0, 0.0, 0.0, 0.0, 0.0, 0.0, 0.0, 0.0, 0.0, 0.0, 0.0, 0.0]",0.0,0.0,0.0,0.0,0.0,0.0,0.0,0.0,0.0,0.0,0.0,0.0,0.0,0.0,0.0
risk_10_18,18,risk_10,42,60,2037,3,ring,1,near_exit,4,253.88965937122703,250.78205533977598,0.8,11,14,"[1, 1, 1, 0, 1, 1, 0, 1, 0, 1, 1, 1, 1, 1]","{""0"": 1, ""1"": 1, ""2"": 1, ""3"": 0, ""4"": 1, ""5"": 1, ""6"": 0, ""7"": 1, ""8"": 0, ""9"": 1, ""10"": 1, ""11"": 1, ""12"": 1, ""13"": 1}",15,"[0.0, 0.0, 0.0, 0.0, 0.0, 0.0, 0.0, 0.0, 0.0, 0.0, 0.0, 0.0, 0.0, 0.0, 0.0]",0.0,0.0,0.0,0.0,0.0,0.0,0.0,0.0,0.0,0.0,0.0,0.0,0.0,0.0,0.0
risk_10_19,19,risk_10,42,61,4600,2,center,3,far_from_exit_and_main_road,11,107.66569153219461,244.24434981588274,0.8,12,14,"[1, 1, 0, 1, 1, 1, 1, 1, 1, 1, 1, 1, 0, 1]","{""0"": 1, ""1"": 1, ""2"": 0, ""3"": 1, ""4"": 1, ""5"": 1, ""6"": 1, ""7"": 1, ""8"": 1, ""9"": 1, ""10"": 1, ""11"": 1, ""12"": 0, ""13"": 1}",15,"[0.0, 0.0, 0.0, 0.0, 0.0, 0.0, 0.0, 0.0, 0.0, 0.0, 0.0, 0.0, 0.0, 0.0, 0.0]",0.0,0.0,0.0,0.0,0.0,0.0,0.0,0.0,0.0,0.0,0.0,0.0,0.0,0.0,0.0
risk_10_20,20,risk_10,42,62,4124,2,center,1,near_exit,4,253.88965937122703,250.78205533977598,0.8,9,14,"[0, 1, 0, 1, 1, 0, 1, 1, 1, 0, 0, 1, 1, 1]","{""0"": 0, ""1"": 1, ""2"": 0, ""3"": 1, ""4"": 1, ""5"": 0, ""6"": 1, ""7"": 1, ""8"": 1, ""9"": 0, ""10"": 0, ""11"": 1, ""12"": 1, ""13"": 1}",15,"[0.0, 0.0, 0.0, 0.0, 0.0, 0.0, 0.0, 0.0, 0.0, 0.0, 0.0, 0.0, 0.0, 0.0, 0.0]",0.0,0.0,0.0,0.0,0.0,0.0,0.0,0.0,0.0,0.0,0.0,0.0,0.0,0.0,0.0
risk_10_21,21,risk_10,42,63,5569,1,uniform,1,near_exit,3,266.886261947453,161.88702389178798,0.8,11,14,"[1, 1, 0, 1, 1, 1, 1, 1, 1, 1, 0, 1, 1, 0]","{""0"": 1, ""1"": 1, ""2"": 0, ""3"": 1, ""4"": 1, ""5"": 1, ""6"": 1, ""7"": 1, ""8"": 1, ""9"": 1, ""10"": 0, ""11"": 1, ""12"": 1, ""13"": 0}",15,"[0.0, 0.0, 0.0, 0.0, 0.0, 0.0, 0.0, 0.0, 0.0, 0.0, 0.0, 0.0, 0.0, 0.0, 0.0]",0.0,0.0,0.0,0.0,0.0,0.0,0.0,0.0,0.0,0.0,0.0,0.0,0.0,0.0,0.0
risk_10_22,22,risk_10,42,64,3802,3,ring,1,near_exit,10,88.6747558992356,336.96034401934594,0.8,8,14,"[1, 1, 1, 0, 1, 0, 1, 0, 0, 1, 0, 1, 1, 0]","{""0"": 1, ""1"": 1, ""2"": 1, ""3"": 0, ""4"": 1, ""5"": 0, ""6"": 1, ""7"": 0, ""8"": 0, ""9"": 1, ""10"": 0, ""11"": 1, ""12"": 1, ""13"": 0}",15,"[0.0, 0.0, 0.0, 0.0, 0.0, 0.0, 0.0, 0.0, 0.0, 0.0, 0.0, 0.0, 0.0, 0.0, 0.0]",0.0,0.0,0.0,0.0,0.0,0.0,0.0,0.0,0.0,0.0,0.0,0.0,0.0,0.0,0.0
risk_10_23,23,risk_10,42,65,2187,3,ring,3,far_from_exit_and_main_road,4,157.20234358869493,387.1448321295902,0.8,12,14,"[1, 1, 0, 1, 1, 1, 1, 1, 0, 1, 1, 1, 1, 1]","{""0"": 1, ""1"": 1, ""2"": 0, ""3"": 1, ""4"": 1, ""5"": 1, ""6"": 1, ""7"": 1, ""8"": 0, ""9"": 1, ""10"": 1, ""11"": 1, ""12"": 1, ""13"": 1}",15,"[0.0, 0.0, 0.0, 0.0, 0.0, 0.0, 0.0, 0.0, 0.0, 0.0, 0.0, 0.0, 0.0, 0.0, 0.0]",0.0,0.0,0.0,0.0,0.0,0.0,0.0,0.0,0.0,0.0,0.0,0.0,0.0,0.0,0.0
risk_10_24,24,risk_10,42,66,3488,3,ring,2,near_main_road,17,146.94398586079478,116.57973352074623,0.8,12,14,"[1, 1, 1, 1, 1, 0, 1, 1, 0, 1, 1, 1, 1, 1]","{""0"": 1, ""1"": 1, ""2"": 1, ""3"": 1, ""4"": 1, ""5"": 0, ""6"": 1, ""7"": 1, ""8"": 0, ""9"": 1, ""10"": 1, ""11"": 1, ""12"": 1, ""13"": 1}",15,"[0.0, 0.0, 0.0, 0.0, 0.0, 0.0, 0.0, 0.0, 0.0, 0.0, 0.0, 0.0, 0.0, 0.0, 0.0]",0.0,0.0,0.0,0.0,0.0,0.0,0.0,0.0,0.0,0.0,0.0,0.0,0.0,0.0,0.0
risk_10_25,25,risk_10,42,67,2391,1,uniform,1,near_exit,5,34.374810233712196,214.9597699600272,0.8,11,14,"[1, 1, 0, 1, 0, 1, 1, 0, 1, 1, 1, 1, 1, 1]","{""0"": 1, ""1"": 1, ""2"": 0, ""3"": 1, ""4"": 0, ""5"": 1, ""6"": 1, ""7"": 0, ""8"": 1, ""9"": 1, ""10"": 1, ""11"": 1, ""12"": 1, ""13"": 1}",15,"[0.0, 0.0, 0.0, 0.0, 0.0, 0.0, 0.0, 0.0, 0.0, 0.0, 0.0, 0.0, 0.0, 0.0, 0.0]",0.0,0.0,0.0,0.0,0.0,0.0,0.0,0.0,0.0,0.0,0.0,0.0,0.0,0.0,0.0
risk_10_26,26,risk_10,42,68,5202,3,ring,2,near_main_road,16,134.70201228372753,258.9657045942731,0.8,10,14,"[1, 0, 1, 0, 1, 1, 1, 1, 0, 1, 0, 1, 1, 1]","{""0"": 1, ""1"": 0, ""2"": 1, ""3"": 0, ""4"": 1, ""5"": 1, ""6"": 1, ""7"": 1, ""8"": 0, ""9"": 1, ""10"": 0, ""11"": 1, ""12"": 1, ""13"": 1}",15,"[0.0, 0.0, 0.0, 0.0, 0.0, 0.0, 0.0, 0.0, 0.0, 0.0, 0.0, 0.0, 0.0, 0.0, 0.0]",0.0,0.0,0.0,0.0,0.0,0.0,0.0,0.0,0.0,0.0,0.0,0.0,0.0,0.0,0.0
risk_10_27,27,risk_10,42,69,3803,2,center,2,near_main_road,5,193.32523366622627,216.92377928225324,0.8,10,14,"[1, 1, 1, 1, 1, 0, 1, 0, 1, 0, 1, 0, 1, 1]","{""0"": 1, ""1"": 1, ""2"": 1, ""3"": 1, ""4"": 1, ""5"": 0, ""6"": 1, ""7"": 0, ""8"": 1, ""9"": 0, ""10"": 1, ""11"": 0, ""12"": 1, ""13"": 1}",15,"[0.0, 0.0, 0.0, 0.0, 0.0, 0.0, 0.0, 0.0, 0.0, 0.0, 0.0, 0.0, 0.0, 0.0, 0.0]",0.0,0.0,0.0,0.0,0.0,0.0,0.0,0.0,0.0,0.0,0.0,0.0,0.0,0.0,0.0
risk_10_28,28,risk_10,42,70,3129,2,center,2,near_main_road,3,90.1036622915417,273.10059678182006,0.8,12,14,"[0, 1, 1, 1, 0, 1, 1, 1, 1, 1, 1, 1, 1, 1]","{""0"": 0, ""1"": 1, ""2"": 1, ""3"": 1, ""4"": 0, ""5"": 1, ""6"": 1, ""7"": 1, ""8"": 1, ""9"": 1, ""10"": 1, ""11"": 1, ""12"": 1, ""13"": 1}",15,"[0.0, 0.0, 0.0, 0.0, 0.0, 0.0, 0.0, 0.0, 0.0, 0.0, 0.0, 0.0, 0.0, 0.0, 0.0]",0.0,0.0,0.0,0.0,0.0,0.0,0.0,0.0,0.0,0.0,0.0,0.0,0.0,0.0,0.0
risk_10_29,29,risk_10,42,71,5115,1,uniform,1,near_exit,8,196.78927944786847,446.820492007304,0.8,10,14,"[1, 1, 1, 0, 0, 0, 1, 1, 1, 1, 1, 1, 1, 0]","{""0"": 1, ""1"": 1, ""2"": 1, ""3"": 0, ""4"": 0, ""5"": 0, ""6"": 1, ""7"": 1, ""8"": 1, ""9"": 1, ""10"": 1, ""11"": 1, ""12"": 1, ""13"": 0}",15,"[0.0, 0.0, 0.0, 0.0, 0.0, 0.0, 0.0, 0.0, 0.0, 0.0, 0.0, 0.0, 0.0, 0.0, 0.0]",0.0,0.0,0.0,0.0,0.0,0.0,0.0,0.0,0.0,0.0,0.0,0.0,0.0,0.0,0.0
risk_10_30,30,risk_10,42,72,4834,2,center,2,near_main_road,13,207.4848934672773,150.69670907920226,0.8,12,14,"[1, 1, 0, 1, 1, 1, 1, 1, 1, 0, 1, 1, 1, 1]","{""0"": 1, ""1"": 1, ""2"": 0, ""3"": 1, ""4"": 1, ""5"": 1, ""6"": 1, ""7"": 1, ""8"": 1, ""9"": 0, ""10"": 1, ""11"": 1, ""12"": 1, ""13"": 1}",15,"[0.0, 0.0, 0.0, 0.0, 0.0, 0.0, 0.0, 0.0, 0.0, 0.0, 0.0, 0.0, 0.0, 0.0, 0.0]",0.0,0.0,0.0,0.0,0.0,0.0,0.0,0.0,0.0,0.0,0.0,0.0,0.0,0.0,0.0
risk_10_31,31,risk_10,42,73,4265,1,uniform,2,near_main_road,1,198.32551720924675,427.5889890268445,0.8,14,14,"[1, 1, 1, 1, 1, 1, 1, 1, 1, 1, 1, 1, 1, 1]","{""0"": 1, ""1"": 1, ""2"": 1, ""3"": 1, ""4"": 1, ""5"": 1, ""6"": 1, ""7"": 1, ""8"": 1, ""9"": 1, ""10"": 1, ""11"": 1, ""12"": 1, ""13"": 1}",15,"[0.0, 0.0, 0.0, 0.0, 0.0, 0.0, 0.0, 0.0, 0.0, 0.0, 0.0, 0.0, 0.0, 0.0, 0.0]",0.0,0.0,0.0,0.0,0.0,0.0,0.0,0.0,0.0,0.0,0.0,0.0,0.0,0.0,0.0
risk_10_32,32,risk_10,42,74,2012,3,ring,3,far_from_exit_and_main_road,13,83.91668662056327,167.85010003577918,0.8,10,14,"[0, 1, 1, 1, 1, 0, 0, 1, 1, 1, 0, 1, 1, 1]","{""0"": 0, ""1"": 1, ""2"": 1, ""3"": 1, ""4"": 1, ""5"": 0, ""6"": 0, ""7"": 1, ""8"": 1, ""9"": 1, ""10"": 0, ""11"": 1, ""12"": 1, ""13"": 1}",15,"[0.0, 0.0, 0.0, 0.0, 0.0, 0.0, 0.0, 0.0, 0.0, 0.0, 0.0, 0.0, 0.0, 0.0, 0.0]",0.0,0.0,0.0,0.0,0.0,0.0,0.0,0.0,0.0,0.0,0.0,0.0,0.0,0.0,0.0
risk_10_33,33,risk_10,42,75,3028,3,ring,2,near_main_road,2,121.50282700546086,359.87158203404397,0.8,12,14,"[1, 1, 1, 1, 1, 1, 1, 1, 0, 1, 1, 0, 1, 1]","{""0"": 1, ""1"": 1, ""2"": 1, ""3"": 1, ""4"": 1, ""5"": 1, ""6"": 1, ""7"": 1, ""8"": 0, ""9"": 1, ""10"": 1, ""11"": 0, ""12"": 1, ""13"": 1}",15,"[0.0, 0.0, 0.0, 0.0, 0.0, 0.0, 0.0, 0.0, 0.0, 0.0, 0.0, 0.0, 0.0, 0.0, 0.0]",0.0,0.0,0.0,0.0,0.0,0.0,0.0,0.0,0.0,0.0,0.0,0.0,0.0,0.0,0.0
risk_10_34,34,risk_10,42,76,4699,1,uniform,2,near_main_road,5,193.32523366622627,216.92377928225324,0.8,11,14,"[1, 0, 1, 1, 1, 1, 1, 0, 1, 1, 0, 1, 1, 1]","{""0"": 1, ""1"": 0, ""2"": 1, ""3"": 1, ""4"": 1, ""5"": 1, ""6"": 1, ""7"": 0, ""8"": 1, ""9"": 1, ""10"": 0, ""11"": 1, ""12"": 1, ""13"": 1}",15,"[0.0, 0.0, 0.0, 0.0, 0.0, 0.0, 0.0, 0.0, 0.0, 0.0, 0.0, 0.0, 0.0, 0.0, 0.0]",0.0,0.0,0.0,0.0,0.0,0.0,0.0,0.0,0.0,0.0,0.0,0.0,0.0,0.0,0.0
risk_10_35,35,risk_10,42,77,2707,2,center,3,far_from_exit_and_main_road,2,135.2143654283136,374.6006386834197,0.8,11,14,"[1, 1, 1, 0, 1, 1, 1, 1, 1, 1, 1, 0, 1, 0]","{""0"": 1, ""1"": 1, ""2"": 1, ""3"": 0, ""4"": 1, ""5"": 1, ""6"": 1, ""7"": 1, ""8"": 1, ""9"": 1, ""10"": 1, ""11"": 0, ""12"": 1, ""13"": 0}",15,"[0.0, 0.0, 0.0, 0.0, 0.0, 0.0, 0.0, 0.0, 0.0, 0.0, 0.0, 0.0, 0.0, 0.0, 0.0]",0.0,0.0,0.0,0.0,0.0,0.0,0.0,0.0,0.0,0.0,0.0,0.0,0.0,0.0,0.0
risk_10_36,36,risk_10,42,78,5416,1,uniform,1,near_exit,3,266.886261947453,161.88702389178798,0.8,12,14,"[0, 1, 0, 1, 1, 1, 1, 1, 1, 1, 1, 1, 1, 1]","{""0"": 0, ""1"": 1, ""2"": 0, ""3"": 1, ""4"": 1, ""5"": 1, ""6"": 1, ""7"": 1, ""8"": 1, ""9"": 1, ""10"": 1, ""11"": 1, ""12"": 1, ""13"": 1}",15,"[0.0, 0.0, 0.0, 0.0, 0.0, 0.0, 0.0, 0.0, 0.0, 0.0, 0.0, 0.0, 0.0, 0.0, 0.0]",0.0,0.0,0.0,0.0,0.0,0.0,0.0,0.0,0.0,0.0,0.0,0.0,0.0,0.0,0.0
risk_10_37,37,risk_10,42,79,5349,2,center,3,far_from_exit_and_main_road,16,67.33770958334208,107.10279587097466,0.8,12,14,"[1, 1, 1, 1, 1, 1, 1, 1, 0, 1, 1, 1, 0, 1]","{""0"": 1, ""1"": 1, ""2"": 1, ""3"": 1, ""4"": 1, ""5"": 1, ""6"": 1, ""7"": 1, ""8"": 0, ""9"": 1, ""10"": 1, ""11"": 1, ""12"": 0, ""13"": 1}",15,"[0.0, 0.0, 0.0, 0.0, 0.0, 0.0, 0.0, 0.0, 0.0, 0.0, 0.0, 0.0, 0.0, 0.0, 0.0]",0.0,0.0,0.0,0.0,0.0,0.0,0.0,0.0,0.0,0.0,0.0,0.0,0.0,0.0,0.0
risk_10_38,38,risk_10,42,80,5874,1,uniform,2,near_main_road,9,180.08427936211228,352.65582518512383,0.8,9,14,"[1, 1, 1, 0, 1, 1, 1, 1, 0, 0, 0, 0, 1, 1]","{""0"": 1, ""1"": 1, ""2"": 1, ""3"": 0, ""4"": 1, ""5"": 1, ""6"": 1, ""7"": 1, ""8"": 0, ""9"": 0, ""10"": 0, ""11"": 0, ""12"": 1, ""13"": 1}",15,"[0.0, 0.0, 0.0, 0.0, 0.0, 0.0, 0.0, 0.0, 0.0, 0.0, 0.0, 0.0, 0.0, 0.0, 0.0]",0.0,0.0,0.0,0.0,0.0,0.0,0.0,0.0,0.0,0.0,0.0,0.0,0.0,0.0,0.0
risk_10_39,39,risk_10,42,81,2308,2,center,2,near_main_road,10,184.6287497021258,386.95119016058743,0.8,12,14,"[1, 1, 1, 1, 0, 1, 1, 1, 1, 0, 1, 1, 1, 1]","{""0"": 1, ""1"": 1, ""2"": 1, ""3"": 1, ""4"": 0, ""5"": 1, ""6"": 1, ""7"": 1, ""8"": 1, ""9"": 0, ""10"": 1, ""11"": 1, ""12"": 1, ""13"": 1}",15,"[0.0, 0.0, 0.0, 0.0, 0.0, 0.0, 0.0, 0.0, 0.0, 0.0, 0.0, 0.0, 0.0, 0.0, 0.0]",0.0,0.0,0.0,0.0,0.0,0.0,0.0,0.0,0.0,0.0,0.0,0.0,0.0,0.0,0.0
risk_10_40,40,risk_10,42,82,2509,3,ring,1,near_exit,14,108.68085003085434,414.72697948804125,0.8,10,14,"[1, 1, 1, 0, 0, 1, 1, 1, 0, 1, 1, 1, 1, 0]","{""0"": 1, ""1"": 1, ""2"": 1, ""3"": 0, ""4"": 0, ""5"": 1, ""6"": 1, ""7"": 1, ""8"": 0, ""9"": 1, ""10"": 1, ""11"": 1, ""12"": 1, ""13"": 0}",15,"[0.0, 0.0, 0.0, 0.0, 0.0, 0.0, 0.0, 0.0, 0.0, 0.0, 0.0, 0.0, 0.0, 0.0, 0.0]",0.0,0.0,0.0,0.0,0.0,0.0,0.0,0.0,0.0,0.0,0.0,0.0,0.0,0.0,0.0
risk_10_41,41,risk_10,42,83,4564,1,uniform,1,near_exit,5,34.374810233712196,214.9597699600272,0.8,11,14,"[1, 0, 1, 1, 1, 1, 1, 1, 0, 1, 1, 1, 0, 1]","{""0"": 1, ""1"": 0, ""2"": 1, ""3"": 1, ""4"": 1, ""5"": 1, ""6"": 1, ""7"": 1, ""8"": 0, ""9"": 1, ""10"": 1, ""11"": 1, ""12"": 0, ""13"": 1}",15,"[0.0, 0.0, 0.0, 0.0, 0.0, 0.0, 0.0, 0.0, 0.0, 0.0, 0.0, 0.0, 0.0, 0.0, 0.0]",0.0,0.0,0.0,0.0,0.0,0.0,0.0,0.0,0.0,0.0,0.0,0.0,0.0,0.0,0.0
risk_10_42,42,risk_10,42,84,3914,2,center,3,far_from_exit_and_main_road,2,135.2143654283136,374.6006386834197,0.8,12,14,"[1, 0, 1, 1, 0, 1, 1, 1, 1, 1, 1, 1, 1, 1]","{""0"": 1, ""1"": 0, ""2"": 1, ""3"": 1, ""4"": 0, ""5"": 1, ""6"": 1, ""7"": 1, ""8"": 1, ""9"": 1, ""10"": 1, ""11"": 1, ""12"": 1, ""13"": 1}",15,"[0.0, 0.0, 0.0, 0.0, 0.0, 0.0, 0.0, 0.0, 0.0, 0.0, 0.0, 0.0, 0.0, 0.0, 0.0]",0.0,0.0,0.0,0.0,0.0,0.0,0.0,0.0,0.0,0.0,0.0,0.0,0.0,0.0,0.0
risk_10_43,43,risk_10,42,85,4462,1,uniform,3,far_from_exit_and_main_road,18,220.97559298947453,223.2789021898061,0.8,11,14,"[1, 1, 1, 0, 1, 1, 1, 0, 1, 1, 1, 0, 1, 1]","{""0"": 1, ""1"": 1, ""2"": 1, ""3"": 0, ""4"": 1, ""5"": 1, ""6"": 1, ""7"": 0, ""8"": 1, ""9"": 1, ""10"": 1, ""11"": 0, ""12"": 1, ""13"": 1}",15,"[0.0, 0.0, 0.0, 0.0, 0.0, 0.0, 0.0, 0.0, 0.0, 0.0, 0.0, 0.0, 0.0, 0.0, 0.0]",0.0,0.0,0.0,0.0,0.0,0.0,0.0,0.0,0.0,0.0,0.0,0.0,0.0,0.0,0.0
risk_10_44,44,risk_10,42,86,3885,3,ring,3,far_from_exit_and_main_road,13,83.91668662056327,167.85010003577918,0.8,9,14,"[1, 1, 0, 1, 1, 1, 1, 1, 0, 0, 1, 0, 1, 0]","{""0"": 1, ""1"": 1, ""2"": 0, ""3"": 1, ""4"": 1, ""5"": 1, ""6"": 1, ""7"": 1, ""8"": 0, ""9"": 0, ""10"": 1, ""11"": 0, ""12"": 1, ""13"": 0}",15,"[0.0, 0.0, 0.0, 0.0, 0.0, 0.0, 0.0, 0.0, 0.0, 0.0, 0.0, 0.0, 0.0, 0.0, 0.0]",0.0,0.0,0.0,0.0,0.0,0.0,0.0,0.0,0.0,0.0,0.0,0.0,0.0,0.0,0.0
risk_10_45,45,risk_10,42,87,4105,1,uniform,1,near_exit,13,248.94334834627807,302.5594665892422,0.8,12,14,"[1, 1, 0, 1, 1, 1, 1, 1, 1, 1, 1, 1, 1, 0]","{""0"": 1, ""1"": 1, ""2"": 0, ""3"": 1, ""4"": 1, ""5"": 1, ""6"": 1, ""7"": 1, ""8"": 1, ""9"": 1, ""10"": 1, ""11"": 1, ""12"": 1, ""13"": 0}",15,"[0.0, 0.0, 0.0, 0.0, 0.0, 0.0, 0.0, 0.0, 0.0, 0.0, 0.0, 0.0, 0.0, 0.0, 0.0]",0.0,0.0,0.0,0.0,0.0,0.0,0.0,0.0,0.0,0.0,0.0,0.0,0.0,0.0,0.0
risk_10_46,46,risk_10,42,88,4743,3,ring,3,far_from_exit_and_main_road,17,204.93606554716825,186.71085607260466,0.8,11,14,"[1, 1, 0, 1, 1, 1, 0, 1, 1, 0, 1, 1, 1, 1]","{""0"": 1, ""1"": 1, ""2"": 0, ""3"": 1, ""4"": 1, ""5"": 1, ""6"": 0, ""7"": 1, ""8"": 1, ""9"": 0, ""10"": 1, ""11"": 1, ""12"": 1, ""13"": 1}",15,"[0.0, 0.0, 0.0, 0.0, 0.0, 0.0, 0.0, 0.0, 0.0, 0.0, 0.0, 0.0, 0.0, 0.0, 0.0]",0.0,0.0,0.0,0.0,0.0,0.0,0.0,0.0,0.0,0.0,0.0,0.0,0.0,0.0,0.0
risk_10_47,47,risk_10,42,89,2595,2,center,2,near_main_road,15,99.52361969463527,146.08088297443464,0.8,10,14,"[1, 1, 0, 1, 0, 1, 1, 0, 1, 1, 1, 0, 1, 1]","{""0"": 1, ""1"": 1, ""2"": 0, ""3"": 1, ""4"": 0, ""5"": 1, ""6"": 1, ""7"": 0, ""8"": 1, ""9"": 1, ""10"": 1, ""11"": 0, ""12"": 1, ""13"": 1}",15,"[0.0, 0.0, 0.0, 0.0, 0.0, 0.0, 0.0, 0.0, 0.0, 0.0, 0.0, 0.0, 0.0, 0.0, 0.0]",0.0,0.0,0.0,0.0,0.0,0.0,0.0,0.0,0.0,0.0,0.0,0.0,0.0,0.0,0.0
risk_10_48,48,risk_10,42,90,4781,1,uniform,2,near_main_road,5,193.32523366622627,216.92377928225324,0.8,12,14,"[1, 1, 1, 1, 1, 1, 1, 0, 0, 1, 1, 1, 1, 1]","{""0"": 1, ""1"": 1, ""2"": 1, ""3"": 1, ""4"": 1, ""5"": 1, ""6"": 1, ""7"": 0, ""8"": 0, ""9"": 1, ""10"": 1, ""11"": 1, ""12"": 1, ""13"": 1}",15,"[0.0, 0.0, 0.0, 0.0, 0.0, 0.0, 0.0, 0.0, 0.0, 0.0, 0.0, 0.0, 0.0, 0.0, 0.0]",0.0,0.0,0.0,0.0,0.0,0.0,0.0,0.0,0.0,0.0,0.0,0.0,0.0,0.0,0.0
risk_10_49,49,risk_10,42,91,2887,2,center,2,near_main_road,2,121.50282700546086,359.87158203404397,0.8,10,14,"[1, 1, 1, 1, 0, 0, 1, 1, 0, 1, 1, 1, 1, 0]","{""0"": 1, ""1"": 1, ""2"": 1, ""3"": 1, ""4"": 0, ""5"": 0, ""6"": 1, ""7"": 1, ""8"": 0, ""9"": 1, ""10"": 1, ""11"": 1, ""12"": 1, ""13"": 0}",15,"[0.0, 0.0, 0.0, 0.0, 0.0, 0.0, 0.0, 0.0, 0.0, 0.0, 0.0, 0.0, 0.0, 0.0, 0.0]",0.0,0.0,0.0,0.0,0.0,0.0,0.0,0.0,0.0,0.0,0.0,0.0,0.0,0.0,0.0
risk_10_50,50,risk_10,42,92,2254,3,ring,3,far_from_exit_and_main_road,17,204.93606554716825,186.71085607260466,0.8,9,14,"[1, 1, 1, 1, 0, 0, 1, 0, 1, 1, 0, 0, 1, 1]","{""0"": 1, ""1"": 1, ""2"": 1, ""3"": 1, ""4"": 0, ""5"": 0, ""6"": 1, ""7"": 0, ""8"": 1, ""9"": 1, ""10"": 0, ""11"": 0, ""12"": 1, ""13"": 1}",15,"[0.0, 0.0, 0.0, 0.0, 0.0, 0.0, 0.0, 0.0, 0.0, 0.0, 0.0, 0.0, 0.0, 0.0, 0.0]",0.0,0.0,0.0,0.0,0.0,0.0,0.0,0.0,0.0,0.0,0.0,0.0,0.0,0.0,0.0
risk_50_1,1,risk_50,42,43,3777,2,center,3,far_from_exit_and_main_road,12,86.4655145779252,206.66192820994183,0.8,13,14,"[1, 1, 1, 1, 1, 1, 1, 1, 1, 1, 1, 0, 1, 1]","{""0"": 1, ""1"": 1, ""2"": 1, ""3"": 1, ""4"": 1, ""5"": 1, ""6"": 1, ""7"": 1, ""8"": 1, ""9"": 1, ""10"": 1, ""11"": 0, ""12"": 1, ""13"": 1}",15,"[0.0, 0.0, 0.0, 0.0, 0.0, 0.0, 0.0, 0.0, 0.0, 0.0, 0.0, 0.0, 0.0, 0.0, 0.0]",0.0,0.0,0.0,0.0,0.0,0.0,0.0,0.0,0.0,0.0,0.0,0.0,0.0,0.0,0.0
risk_50_2,2,risk_50,42,44,4831,1,uniform,1,near_exit,6,26.251288073137403,149.61036271601915,0.8,12,14,"[1, 1, 0, 1, 1, 1, 1, 1, 1, 1, 0, 1, 1, 1]","{""0"": 1, ""1"": 1, ""2"": 0, ""3"": 1, ""4"": 1, ""5"": 1, ""6"": 1, ""7"": 1, ""8"": 1, ""9"": 1, ""10"": 0, ""11"": 1, ""12"": 1, ""13"": 1}",15,"[0.0, 0.0, 0.0, 0.0, 0.0, 0.0, 0.0, 0.0, 0.0, 0.0, 0.0, 0.0, 0.0, 0.0, 0.0]",0.0,0.0,0.0,0.0,0.0,0.0,0.0,0.0,0.0,0.0,0.0,0.0,0.0,0.0,0.0
risk_50_3,3,risk_50,42,45,5018,1,uniform,3,far_from_exit_and_main_road,2,135.2143654283136,374.6006386834197,0.8,14,14,"[1, 1, 1, 1, 1, 1, 1, 1, 1, 1, 1, 1, 1, 1]","{""0"": 1, ""1"": 1, ""2"": 1, ""3"": 1, ""4"": 1, ""5"": 1, ""6"": 1, ""7"": 1, ""8"": 1, ""9"": 1, ""10"": 1, ""11"": 1, ""12"": 1, ""13"": 1}",15,"[0.0, 0.0, 0.0, 0.0, 0.0, 0.0, 0.0, 0.0, 0.0, 0.0, 0.0, 0.0, 0.0, 0.0, 0.0]",0.0,0.0,0.0,0.0,0.0,0.0,0.0,0.0,0.0,0.0,0.0,0.0,0.0,0.0,0.0
risk_50_4,4,risk_50,42,46,5766,3,ring,2,near_main_road,16,134.70201228372753,258.9657045942731,0.8,9,14,"[0, 1, 1, 0, 1, 1, 1, 0, 1, 1, 1, 0, 0, 1]","{""0"": 0, ""1"": 1, ""2"": 1, ""3"": 0, ""4"": 1, ""5"": 1, ""6"": 1, ""7"": 0, ""8"": 1, ""9"": 1, ""10"": 1, ""11"": 0, ""12"": 0, ""13"": 1}",15,"[0.0, 0.0, 0.0, 0.0, 0.0, 0.0, 0.0, 0.0, 0.0, 0.0, 0.0, 0.0, 0.0, 0.0, 0.0]",0.0,0.0,0.0,0.0,0.0,0.0,0.0,0.0,0.0,0.0,0.0,0.0,0.0,0.0,0.0
risk_50_5,5,risk_50,42,47,5757,3,ring,1,near_exit,5,34.374810233712196,214.9597699600272,0.8,13,14,"[1, 1, 1, 1, 1, 1, 1, 1, 1, 1, 1, 0, 1, 1]","{""0"": 1, ""1"": 1, ""2"": 1, ""3"": 1, ""4"": 1, ""5"": 1, ""6"": 1, ""7"": 1, ""8"": 1, ""9"": 1, ""10"": 1, ""11"": 0, ""12"": 1, ""13"": 1}",15,"[0.0, 0.0, 0.0, 0.0, 0.0, 0.0, 0.0, 0.0, 0.0, 0.0, 0.0, 0.0, 0.0, 0.0, 0.0]",0.0,0.0,0.0,0.0,0.0,0.0,0.0,0.0,0.0,0.0,0.0,0.0,0.0,0.0,0.0
risk_50_6,6,risk_50,42,48,5482,2,center,2,near_main_road,9,180.08427936211228,352.65582518512383,0.8,11,14,"[1, 1, 1, 1, 0, 1, 1, 1, 0, 0, 1, 1, 1, 1]","{""0"": 1, ""1"": 1, ""2"": 1, ""3"": 1, ""4"": 0, ""5"": 1, ""6"": 1, ""7"": 1, ""8"": 0, ""9"": 0, ""10"": 1, ""11"": 1, ""12"": 1, ""13"": 1}",15,"[0.0, 0.0, 0.0, 0.0, 0.0, 0.0, 0.0, 0.0, 0.0, 0.0, 0.0, 0.0, 0.0, 0.0, 0.0]",0.0,0.0,0.0,0.0,0.0,0.0,0.0,0.0,0.0,0.0,0.0,0.0,0.0,0.0,0.0
risk_50_7,7,risk_50,42,49,4348,3,ring,3,far_from_exit_and_main_road,19,166.7272846736014,178.37646883539855,0.8,13,14,"[1, 1, 1, 1, 1, 1, 1, 1, 1, 1, 1, 1, 0, 1]","{""0"": 1, ""1"": 1, ""2"": 1, ""3"": 1, ""4"": 1, ""5"": 1, ""6"": 1, ""7"": 1, ""8"": 1, ""9"": 1, ""10"": 1, ""11"": 1, ""12"": 0, ""13"": 1}",15,"[0.0, 0.0, 0.0, 0.0, 0.0, 0.0, 0.0, 0.0, 0.0, 0.0, 0.0, 0.0, 0.0, 0.0, 0.0]",0.0,0.0,0.0,0.0,0.0,0.0,0.0,0.0,0.0,0.0,0.0,0.0,0.0,0.0,0.0
risk_50_8,8,risk_50,42,50,2774,3,ring,2,near_main_road,14,65.86150634847581,146.12098523322493,0.8,11,14,"[1, 1, 1, 1, 1, 0, 1, 1, 1, 1, 1, 0, 0, 1]","{""0"": 1, ""1"": 1, ""2"": 1, ""3"": 1, ""4"": 1, ""5"": 0, ""6"": 1, ""7"": 1, ""8"": 1, ""9"": 1, ""10"": 1, ""11"": 0, ""12"": 0, ""13"": 1}",15,"[0.0, 0.0, 0.0, 0.0, 0.0, 0.0, 0.0, 0.0, 0.0, 0.0, 0.0, 0.0, 0.0, 0.0, 0.0]",0.0,0.0,0.0,0.0,0.0,0.0,0.0,0.0,0.0,0.0,0.0,0.0,0.0,0.0,0.0
risk_50_9,9,risk_50,42,51,3137,1,uniform,1,near_exit,11,74.4658822324127,300.26813259813935,0.8,11,14,"[1, 1, 1, 0, 1, 1, 0, 1, 0, 1, 1, 1, 1, 1]","{""0"": 1, ""1"": 1, ""2"": 1, ""3"": 0, ""4"": 1, ""5"": 1, ""6"": 0, ""7"": 1, ""8"": 0, ""9"": 1, ""10"": 1, ""11"": 1, ""12"": 1, ""13"": 1}",15,"[0.0, 0.0, 0.0, 0.0, 0.0, 0.0, 0.0, 0.0, 0.0, 0.0, 0.0, 0.0, 0.0, 0.0, 0.0]",0.0,0.0,0.0,0.0,0.0,0.0,0.0,0.0,0.0,0.0,0.0,0.0,0.0,0.0,0.0
risk_50_10,10,risk_50,42,52,3585,3,ring,1,near_exit,11,74.4658822324127,300.26813259813935,0.8,10,14,"[0, 1, 1, 1, 0, 1, 0, 1, 0, 1, 1, 1, 1, 1]","{""0"": 0, ""1"": 1, ""2"": 1, ""3"": 1, ""4"": 0, ""5"": 1, ""6"": 0, ""7"": 1, ""8"": 0, ""9"": 1, ""10"": 1, ""11"": 1, ""12"": 1, ""13"": 1}",15,"[0.0, 0.0, 0.0, 0.0, 0.0, 0.0, 0.0, 0.0, 0.0, 0.0, 0.0, 0.0, 0.0, 0.0, 0.0]",0.0,0.0,0.0,0.0,0.0,0.0,0.0,0.0,0.0,0.0,0.0,0.0,0.0,0.0,0.0
risk_50_11,11,risk_50,42,53,5041,2,center,2,near_main_road,12,154.97150951996446,181.80336326546967,0.8,10,14,"[1, 0, 1, 1, 0, 1, 1, 1, 0, 1, 1, 0, 1, 1]","{""0"": 1, ""1"": 0, ""2"": 1, ""3"": 1, ""4"": 0, ""5"": 1, ""6"": 1, ""7"": 1, ""8"": 0, ""9"": 1, ""10"": 1, ""11"": 0, ""12"": 1, ""13"": 1}",15,"[0.0, 0.0, 0.0, 0.0, 0.0, 0.0, 0.0, 0.0, 0.0, 0.0, 0.0, 0.0, 0.0, 0.0, 0.0]",0.0,0.0,0.0,0.0,0.0,0.0,0.0,0.0,0.0,0.0,0.0,0.0,0.0,0.0,0.0
risk_50_12,12,risk_50,42,54,4248,1,uniform,1,near_exit,9,99.46174082159996,359.97675951663405,0.8,9,14,"[0, 1, 1, 1, 0, 1, 1, 1, 1, 0, 0, 1, 1, 0]","{""0"": 0, ""1"": 1, ""2"": 1, ""3"": 1, ""4"": 0, ""5"": 1, ""6"": 1, ""7"": 1, ""8"": 1, ""9"": 0, ""10"": 0, ""11"": 1, ""12"": 1, ""13"": 0}",15,"[0.0, 0.0, 0.0, 0.0, 0.0, 0.0, 0.0, 0.0, 0.0, 0.0, 0.0, 0.0, 0.0, 0.0, 0.0]",0.0,0.0,0.0,0.0,0.0,0.0,0.0,0.0,0.0,0.0,0.0,0.0,0.0,0.0,0.0
risk_50_13,13,risk_50,42,55,4945,1,uniform,1,near_exit,2,218.32077577710152,98.24949029041454,0.8,11,14,"[1, 0, 1, 1, 0, 1, 1, 1, 1, 0, 1, 1, 1, 1]","{""0"": 1, ""1"": 0, ""2"": 1, ""3"": 1, ""4"": 0, ""5"": 1, ""6"": 1, ""7"": 1, ""8"": 1, ""9"": 0, ""10"": 1, ""11"": 1, ""12"": 1, ""13"": 1}",15,"[0.0, 0.0, 0.0, 0.0, 0.0, 0.0, 0.0, 0.0, 0.0, 0.0, 0.0, 0.0, 0.0, 0.0, 0.0]",0.0,0.0,0.0,0.0,0.0,0.0,0.0,0.0,0.0,0.0,0.0,0.0,0.0,0.0,0.0
risk_50_14,14,risk_50,42,56,2863,3,ring,1,near_exit,3,266.886261947453,161.88702389178798,0.8,11,14,"[0, 1, 1, 1, 1, 0, 1, 1, 1, 1, 1, 0, 1, 1]","{""0"": 0, ""1"": 1, ""2"": 1, ""3"": 1, ""4"": 1, ""5"": 0, ""6"": 1, ""7"": 1, ""8"": 1, ""9"": 1, ""10"": 1, ""11"": 0, ""12"": 1, ""13"": 1}",15,"[0.0, 0.0, 0.0, 0.0, 0.0, 0.0, 0.0, 0.0, 0.0, 0.0, 0.0, 0.0, 0.0, 0.0, 0.0]",0.0,0.0,0.0,0.0,0.0,0.0,0.0,0.0,0.0,0.0,0.0,0.0,0.0,0.0,0.0
risk_50_15,15,risk_50,42,57,2445,3,ring,3,far_from_exit_and_main_road,18,220.97559298947453,223.2789021898061,0.8,11,14,"[1, 1, 1, 1, 0, 1, 0, 1, 0, 1, 1, 1, 1, 1]","{""0"": 1, ""1"": 1, ""2"": 1, ""3"": 1, ""4"": 0, ""5"": 1, ""6"": 0, ""7"": 1, ""8"": 0, ""9"": 1, ""10"": 1, ""11"": 1, ""12"": 1, ""13"": 1}",15,"[0.0, 0.0, 0.0, 0.0, 0.0, 0.0, 0.0, 0.0, 0.0, 0.0, 0.0, 0.0, 0.0, 0.0, 0.0]",0.0,0.0,0.0,0.0,0.0,0.0,0.0,0.0,0.0,0.0,0.0,0.0,0.0,0.0,0.0
risk_50_16,16,risk_50,42,58,4005,1,uniform,2,near_main_road,5,193.32523366622627,216.92377928225324,0.8,9,14,"[1, 1, 1, 0, 1, 1, 1, 1, 0, 0, 0, 1, 0, 1]","{""0"": 1, ""1"": 1, ""2"": 1, ""3"": 0, ""4"": 1, ""5"": 1, ""6"": 1, ""7"": 1, ""8"": 0, ""9"": 0, ""10"": 0, ""11"": 1, ""12"": 0, ""13"": 1}",15,"[0.0, 0.0, 0.0, 0.0, 0.0, 0.0, 0.0, 0.0, 0.0, 0.0, 0.0, 0.0, 0.0, 0.0, 0.0]",0.0,0.0,0.0,0.0,0.0,0.0,0.0,0.0,0.0,0.0,0.0,0.0,0.0,0.0,0.0
risk_50_17,17,risk_50,42,59,3388,2,center,1,near_exit,2,218.32077577710152,98.24949029041454,0.8,9,14,"[1, 0, 0, 1, 0, 1, 1, 1, 0, 1, 0, 1, 1, 1]","{""0"": 1, ""1"": 0, ""2"": 0, ""3"": 1, ""4"": 0, ""5"": 1, ""6"": 1, ""7"": 1, ""8"": 0, ""9"": 1, ""10"": 0, ""11"": 1, ""12"": 1, ""13"": 1}",15,"[0.0, 0.0, 0.0, 0.0, 0.0, 0.0, 0.0, 0.0, 0.0, 0.0, 0.0, 0.0, 0.0, 0.0, 0.0]",0.0,0.0,0.0,0.0,0.0,0.0,0.0,0.0,0.0,0.0,0.0,0.0,0.0,0.0,0.0
risk_50_18,18,risk_50,42,60,2037,3,ring,1,near_exit,4,253.88965937122703,250.78205533977598,0.8,11,14,"[1, 1, 1, 0, 1, 1, 0, 1, 0, 1, 1, 1, 1, 1]","{""0"": 1, ""1"": 1, ""2"": 1, ""3"": 0, ""4"": 1, ""5"": 1, ""6"": 0, ""7"": 1, ""8"": 0, ""9"": 1, ""10"": 1, ""11"": 1, ""12"": 1, ""13"": 1}",15,"[0.0, 0.0, 0.0, 0.0, 0.0, 0.0, 0.0, 0.0, 0.0, 0.0, 0.0, 0.0, 0.0, 0.0, 0.0]",0.0,0.0,0.0,0.0,0.0,0.0,0.0,0.0,0.0,0.0,0.0,0.0,0.0,0.0,0.0
risk_50_19,19,risk_50,42,61,4600,2,center,3,far_from_exit_and_main_road,11,107.66569153219461,244.24434981588274,0.8,12,14,"[1, 1, 0, 1, 1, 1, 1, 1, 1, 1, 1, 1, 0, 1]","{""0"": 1, ""1"": 1, ""2"": 0, ""3"": 1, ""4"": 1, ""5"": 1, ""6"": 1, ""7"": 1, ""8"": 1, ""9"": 1, ""10"": 1, ""11"": 1, ""12"": 0, ""13"": 1}",15,"[0.0, 0.0, 0.0, 0.0, 0.0, 0.0, 0.0, 0.0, 0.0, 0.0, 0.0, 0.0, 0.0, 0.0, 0.0]",0.0,0.0,0.0,0.0,0.0,0.0,0.0,0.0,0.0,0.0,0.0,0.0,0.0,0.0,0.0
risk_50_20,20,risk_50,42,62,4124,2,center,1,near_exit,4,253.88965937122703,250.78205533977598,0.8,9,14,"[0, 1, 0, 1, 1, 0, 1, 1, 1, 0, 0, 1, 1, 1]","{""0"": 0, ""1"": 1, ""2"": 0, ""3"": 1, ""4"": 1, ""5"": 0, ""6"": 1, ""7"": 1, ""8"": 1, ""9"": 0, ""10"": 0, ""11"": 1, ""12"": 1, ""13"": 1}",15,"[0.0, 0.0, 0.0, 0.0, 0.0, 0.0, 0.0, 0.0, 0.0, 0.0, 0.0, 0.0, 0.0, 0.0, 0.0]",0.0,0.0,0.0,0.0,0.0,0.0,0.0,0.0,0.0,0.0,0.0,0.0,0.0,0.0,0.0
risk_50_21,21,risk_50,42,63,5569,1,uniform,1,near_exit,3,266.886261947453,161.88702389178798,0.8,11,14,"[1, 1, 0, 1, 1, 1, 1, 1, 1, 1, 0, 1, 1, 0]","{""0"": 1, ""1"": 1, ""2"": 0, ""3"": 1, ""4"": 1, ""5"": 1, ""6"": 1, ""7"": 1, ""8"": 1, ""9"": 1, ""10"": 0, ""11"": 1, ""12"": 1, ""13"": 0}",15,"[0.0, 0.0, 0.0, 0.0, 0.0, 0.0, 0.0, 0.0, 0.0, 0.0, 0.0, 0.0, 0.0, 0.0, 0.0]",0.0,0.0,0.0,0.0,0.0,0.0,0.0,0.0,0.0,0.0,0.0,0.0,0.0,0.0,0.0
risk_50_22,22,risk_50,42,64,3802,3,ring,1,near_exit,10,88.6747558992356,336.96034401934594,0.8,8,14,"[1, 1, 1, 0, 1, 0, 1, 0, 0, 1, 0, 1, 1, 0]","{""0"": 1, ""1"": 1, ""2"": 1, ""3"": 0, ""4"": 1, ""5"": 0, ""6"": 1, ""7"": 0, ""8"": 0, ""9"": 1, ""10"": 0, ""11"": 1, ""12"": 1, ""13"": 0}",15,"[0.0, 0.0, 0.0, 0.0, 0.0, 0.0, 0.0, 0.0, 0.0, 0.0, 0.0, 0.0, 0.0, 0.0, 0.0]",0.0,0.0,0.0,0.0,0.0,0.0,0.0,0.0,0.0,0.0,0.0,0.0,0.0,0.0,0.0
risk_50_23,23,risk_50,42,65,2187,3,ring,3,far_from_exit_and_main_road,4,157.20234358869493,387.1448321295902,0.8,12,14,"[1, 1, 0, 1, 1, 1, 1, 1, 0, 1, 1, 1, 1, 1]","{""0"": 1, ""1"": 1, ""2"": 0, ""3"": 1, ""4"": 1, ""5"": 1, ""6"": 1, ""7"": 1, ""8"": 0, ""9"": 1, ""10"": 1, ""11"": 1, ""12"": 1, ""13"": 1}",15,"[0.0, 0.0, 0.0, 0.0, 0.0, 0.0, 0.0, 0.0, 0.0, 0.0, 0.0, 0.0, 0.0, 0.0, 0.0]",0.0,0.0,0.0,0.0,0.0,0.0,0.0,0.0,0.0,0.0,0.0,0.0,0.0,0.0,0.0
risk_50_24,24,risk_50,42,66,3488,3,ring,2,near_main_road,17,146.94398586079478,116.57973352074623,0.8,12,14,"[1, 1, 1, 1, 1, 0, 1, 1, 0, 1, 1, 1, 1, 1]","{""0"": 1, ""1"": 1, ""2"": 1, ""3"": 1, ""4"": 1, ""5"": 0, ""6"": 1, ""7"": 1, ""8"": 0, ""9"": 1, ""10"": 1, ""11"": 1, ""12"": 1, ""13"": 1}",15,"[0.0, 0.0, 0.0, 0.0, 0.0, 0.0, 0.0, 0.0, 0.0, 0.0, 0.0, 0.0, 0.0, 0.0, 0.0]",0.0,0.0,0.0,0.0,0.0,0.0,0.0,0.0,0.0,0.0,0.0,0.0,0.0,0.0,0.0
risk_50_25,25,risk_50,42,67,2391,1,uniform,1,near_exit,5,34.374810233712196,214.9597699600272,0.8,11,14,"[1, 1, 0, 1, 0, 1, 1, 0, 1, 1, 1, 1, 1, 1]","{""0"": 1, ""1"": 1, ""2"": 0, ""3"": 1, ""4"": 0, ""5"": 1, ""6"": 1, ""7"": 0, ""8"": 1, ""9"": 1, ""10"": 1, ""11"": 1, ""12"": 1, ""13"": 1}",15,"[0.0, 0.0, 0.0, 0.0, 0.0, 0.0, 0.0, 0.0, 0.0, 0.0, 0.0, 0.0, 0.0, 0.0, 0.0]",0.0,0.0,0.0,0.0,0.0,0.0,0.0,0.0,0.0,0.0,0.0,0.0,0.0,0.0,0.0
risk_50_26,26,risk_50,42,68,5202,3,ring,2,near_main_road,16,134.70201228372753,258.9657045942731,0.8,10,14,"[1, 0, 1, 0, 1, 1, 1, 1, 0, 1, 0, 1, 1, 1]","{""0"": 1, ""1"": 0, ""2"": 1, ""3"": 0, ""4"": 1, ""5"": 1, ""6"": 1, ""7"": 1, ""8"": 0, ""9"": 1, ""10"": 0, ""11"": 1, ""12"": 1, ""13"": 1}",15,"[0.0, 0.0, 0.0, 0.0, 0.0, 0.0, 0.0, 0.0, 0.0, 0.0, 0.0, 0.0, 0.0, 0.0, 0.0]",0.0,0.0,0.0,0.0,0.0,0.0,0.0,0.0,0.0,0.0,0.0,0.0,0.0,0.0,0.0
risk_50_27,27,risk_50,42,69,3803,2,center,2,near_main_road,5,193.32523366622627,216.92377928225324,0.8,10,14,"[1, 1, 1, 1, 1, 0, 1, 0, 1, 0, 1, 0, 1, 1]","{""0"": 1, ""1"": 1, ""2"": 1, ""3"": 1, ""4"": 1, ""5"": 0, ""6"": 1, ""7"": 0, ""8"": 1, ""9"": 0, ""10"": 1, ""11"": 0, ""12"": 1, ""13"": 1}",15,"[0.0, 0.0, 0.0, 0.0, 0.0, 0.0, 0.0, 0.0, 0.0, 0.0, 0.0, 0.0, 0.0, 0.0, 0.0]",0.0,0.0,0.0,0.0,0.0,0.0,0.0,0.0,0.0,0.0,0.0,0.0,0.0,0.0,0.0
risk_50_28,28,risk_50,42,70,3129,2,center,2,near_main_road,3,90.1036622915417,273.10059678182006,0.8,12,14,"[0, 1, 1, 1, 0, 1, 1, 1, 1, 1, 1, 1, 1, 1]","{""0"": 0, ""1"": 1, ""2"": 1, ""3"": 1, ""4"": 0, ""5"": 1, ""6"": 1, ""7"": 1, ""8"": 1, ""9"": 1, ""10"": 1, ""11"": 1, ""12"": 1, ""13"": 1}",15,"[0.0, 0.0, 0.0, 0.0, 0.0, 0.0, 0.0, 0.0, 0.0, 0.0, 0.0, 0.0, 0.0, 0.0, 0.0]",0.0,0.0,0.0,0.0,0.0,0.0,0.0,0.0,0.0,0.0,0.0,0.0,0.0,0.0,0.0
risk_50_29,29,risk_50,42,71,5115,1,uniform,1,near_exit,8,196.78927944786847,446.820492007304,0.8,10,14,"[1, 1, 1, 0, 0, 0, 1, 1, 1, 1, 1, 1, 1, 0]","{""0"": 1, ""1"": 1, ""2"": 1, ""3"": 0, ""4"": 0, ""5"": 0, ""6"": 1, ""7"": 1, ""8"": 1, ""9"": 1, ""10"": 1, ""11"": 1, ""12"": 1, ""13"": 0}",15,"[0.0, 0.0, 0.0, 0.0, 0.0, 0.0, 0.0, 0.0, 0.0, 0.0, 0.0, 0.0, 0.0, 0.0, 0.0]",0.0,0.0,0.0,0.0,0.0,0.0,0.0,0.0,0.0,0.0,0.0,0.0,0.0,0.0,0.0
risk_50_30,30,risk_50,42,72,4834,2,center,2,near_main_road,13,207.4848934672773,150.69670907920226,0.8,12,14,"[1, 1, 0, 1, 1, 1, 1, 1, 1, 0, 1, 1, 1, 1]","{""0"": 1, ""1"": 1, ""2"": 0, ""3"": 1, ""4"": 1, ""5"": 1, ""6"": 1, ""7"": 1, ""8"": 1, ""9"": 0, ""10"": 1, ""11"": 1, ""12"": 1, ""13"": 1}",15,"[0.0, 0.0, 0.0, 0.0, 0.0, 0.0, 0.0, 0.0, 0.0, 0.0, 0.0, 0.0, 0.0, 0.0, 0.0]",0.0,0.0,0.0,0.0,0.0,0.0,0.0,0.0,0.0,0.0,0.0,0.0,0.0,0.0,0.0
risk_50_31,31,risk_50,42,73,4265,1,uniform,2,near_main_road,1,198.32551720924675,427.5889890268445,0.8,14,14,"[1, 1, 1, 1, 1, 1, 1, 1, 1, 1, 1, 1, 1, 1]","{""0"": 1, ""1"": 1, ""2"": 1, ""3"": 1, ""4"": 1, ""5"": 1, ""6"": 1, ""7"": 1, ""8"": 1, ""9"": 1, ""10"": 1, ""11"": 1, ""12"": 1, ""13"": 1}",15,"[0.0, 0.0, 0.0, 0.0, 0.0, 0.0, 0.0, 0.0, 0.0, 0.0, 0.0, 0.0, 0.0, 0.0, 0.0]",0.0,0.0,0.0,0.0,0.0,0.0,0.0,0.0,0.0,0.0,0.0,0.0,0.0,0.0,0.0
risk_50_32,32,risk_50,42,74,2012,3,ring,3,far_from_exit_and_main_road,13,83.91668662056327,167.85010003577918,0.8,10,14,"[0, 1, 1, 1, 1, 0, 0, 1, 1, 1, 0, 1, 1, 1]","{""0"": 0, ""1"": 1, ""2"": 1, ""3"": 1, ""4"": 1, ""5"": 0, ""6"": 0, ""7"": 1, ""8"": 1, ""9"": 1, ""10"": 0, ""11"": 1, ""12"": 1, ""13"": 1}",15,"[0.0, 0.0, 0.0, 0.0, 0.0, 0.0, 0.0, 0.0, 0.0, 0.0, 0.0, 0.0, 0.0, 0.0, 0.0]",0.0,0.0,0.0,0.0,0.0,0.0,0.0,0.0,0.0,0.0,0.0,0.0,0.0,0.0,0.0
risk_50_33,33,risk_50,42,75,3028,3,ring,2,near_main_road,2,121.50282700546086,359.87158203404397,0.8,12,14,"[1, 1, 1, 1, 1, 1, 1, 1, 0, 1, 1, 0, 1, 1]","{""0"": 1, ""1"": 1, ""2"": 1, ""3"": 1, ""4"": 1, ""5"": 1, ""6"": 1, ""7"": 1, ""8"": 0, ""9"": 1, ""10"": 1, ""11"": 0, ""12"": 1, ""13"": 1}",15,"[0.0, 0.0, 0.0, 0.0, 0.0, 0.0, 0.0, 0.0, 0.0, 0.0, 0.0, 0.0, 0.0, 0.0, 0.0]",0.0,0.0,0.0,0.0,0.0,0.0,0.0,0.0,0.0,0.0,0.0,0.0,0.0,0.0,0.0
risk_50_34,34,risk_50,42,76,4699,1,uniform,2,near_main_road,5,193.32523366622627,216.92377928225324,0.8,11,14,"[1, 0, 1, 1, 1, 1, 1, 0, 1, 1, 0, 1, 1, 1]","{""0"": 1, ""1"": 0, ""2"": 1, ""3"": 1, ""4"": 1, ""5"": 1, ""6"": 1, ""7"": 0, ""8"": 1, ""9"": 1, ""10"": 0, ""11"": 1, ""12"": 1, ""13"": 1}",15,"[0.0, 0.0, 0.0, 0.0, 0.0, 0.0, 0.0, 0.0, 0.0, 0.0, 0.0, 0.0, 0.0, 0.0, 0.0]",0.0,0.0,0.0,0.0,0.0,0.0,0.0,0.0,0.0,0.0,0.0,0.0,0.0,0.0,0.0
risk_50_35,35,risk_50,42,77,2707,2,center,3,far_from_exit_and_main_road,2,135.2143654283136,374.6006386834197,0.8,11,14,"[1, 1, 1, 0, 1, 1, 1, 1, 1, 1, 1, 0, 1, 0]","{""0"": 1, ""1"": 1, ""2"": 1, ""3"": 0, ""4"": 1, ""5"": 1, ""6"": 1, ""7"": 1, ""8"": 1, ""9"": 1, ""10"": 1, ""11"": 0, ""12"": 1, ""13"": 0}",15,"[0.0, 0.0, 0.0, 0.0, 0.0, 0.0, 0.0, 0.0, 0.0, 0.0, 0.0, 0.0, 0.0, 0.0, 0.0]",0.0,0.0,0.0,0.0,0.0,0.0,0.0,0.0,0.0,0.0,0.0,0.0,0.0,0.0,0.0
risk_50_36,36,risk_50,42,78,5416,1,uniform,1,near_exit,3,266.886261947453,161.88702389178798,0.8,12,14,"[0, 1, 0, 1, 1, 1, 1, 1, 1, 1, 1, 1, 1, 1]","{""0"": 0, ""1"": 1, ""2"": 0, ""3"": 1, ""4"": 1, ""5"": 1, ""6"": 1, ""7"": 1, ""8"": 1, ""9"": 1, ""10"": 1, ""11"": 1, ""12"": 1, ""13"": 1}",15,"[0.0, 0.0, 0.0, 0.0, 0.0, 0.0, 0.0, 0.0, 0.0, 0.0, 0.0, 0.0, 0.0, 0.0, 0.0]",0.0,0.0,0.0,0.0,0.0,0.0,0.0,0.0,0.0,0.0,0.0,0.0,0.0,0.0,0.0
risk_50_37,37,risk_50,42,79,5349,2,center,3,far_from_exit_and_main_road,16,67.33770958334208,107.10279587097466,0.8,12,14,"[1, 1, 1, 1, 1, 1, 1, 1, 0, 1, 1, 1, 0, 1]","{""0"": 1, ""1"": 1, ""2"": 1, ""3"": 1, ""4"": 1, ""5"": 1, ""6"": 1, ""7"": 1, ""8"": 0, ""9"": 1, ""10"": 1, ""11"": 1, ""12"": 0, ""13"": 1}",15,"[0.0, 0.0, 0.0, 0.0, 0.0, 0.0, 0.0, 0.0, 0.0, 0.0, 0.0, 0.0, 0.0, 0.0, 0.0]",0.0,0.0,0.0,0.0,0.0,0.0,0.0,0.0,0.0,0.0,0.0,0.0,0.0,0.0,0.0
risk_50_38,38,risk_50,42,80,5874,1,uniform,2,near_main_road,9,180.08427936211228,352.65582518512383,0.8,9,14,"[1, 1, 1, 0, 1, 1, 1, 1, 0, 0, 0, 0, 1, 1]","{""0"": 1, ""1"": 1, ""2"": 1, ""3"": 0, ""4"": 1, ""5"": 1, ""6"": 1, ""7"": 1, ""8"": 0, ""9"": 0, ""10"": 0, ""11"": 0, ""12"": 1, ""13"": 1}",15,"[0.0, 0.0, 0.0, 0.0, 0.0, 0.0, 0.0, 0.0, 0.0, 0.0, 0.0, 0.0, 0.0, 0.0, 0.0]",0.0,0.0,0.0,0.0,0.0,0.0,0.0,0.0,0.0,0.0,0.0,0.0,0.0,0.0,0.0
risk_50_39,39,risk_50,42,81,2308,2,center,2,near_main_road,10,184.6287497021258,386.95119016058743,0.8,12,14,"[1, 1, 1, 1, 0, 1, 1, 1, 1, 0, 1, 1, 1, 1]","{""0"": 1, ""1"": 1, ""2"": 1, ""3"": 1, ""4"": 0, ""5"": 1, ""6"": 1, ""7"": 1, ""8"": 1, ""9"": 0, ""10"": 1, ""11"": 1, ""12"": 1, ""13"": 1}",15,"[0.0, 0.0, 0.0, 0.0, 0.0, 0.0, 0.0, 0.0, 0.0, 0.0, 0.0, 0.0, 0.0, 0.0, 0.0]",0.0,0.0,0.0,0.0,0.0,0.0,0.0,0.0,0.0,0.0,0.0,0.0,0.0,0.0,0.0
risk_50_40,40,risk_50,42,82,2509,3,ring,1,near_exit,14,108.68085003085434,414.72697948804125,0.8,10,14,"[1, 1, 1, 0, 0, 1, 1, 1, 0, 1, 1, 1, 1, 0]","{""0"": 1, ""1"": 1, ""2"": 1, ""3"": 0, ""4"": 0, ""5"": 1, ""6"": 1, ""7"": 1, ""8"": 0, ""9"": 1, ""10"": 1, ""11"": 1, ""12"": 1, ""13"": 0}",15,"[0.0, 0.0, 0.0, 0.0, 0.0, 0.0, 0.0, 0.0, 0.0, 0.0, 0.0, 0.0, 0.0, 0.0, 0.0]",0.0,0.0,0.0,0.0,0.0,0.0,0.0,0.0,0.0,0.0,0.0,0.0,0.0,0.0,0.0
risk_50_41,41,risk_50,42,83,4564,1,uniform,1,near_exit,5,34.374810233712196,214.9597699600272,0.8,11,14,"[1, 0, 1, 1, 1, 1, 1, 1, 0, 1, 1, 1, 0, 1]","{""0"": 1, ""1"": 0, ""2"": 1, ""3"": 1, ""4"": 1, ""5"": 1, ""6"": 1, ""7"": 1, ""8"": 0, ""9"": 1, ""10"": 1, ""11"": 1, ""12"": 0, ""13"": 1}",15,"[0.0, 0.0, 0.0, 0.0, 0.0, 0.0, 0.0, 0.0, 0.0, 0.0, 0.0, 0.0, 0.0, 0.0, 0.0]",0.0,0.0,0.0,0.0,0.0,0.0,0.0,0.0,0.0,0.0,0.0,0.0,0.0,0.0,0.0
risk_50_42,42,risk_50,42,84,3914,2,center,3,far_from_exit_and_main_road,2,135.2143654283136,374.6006386834197,0.8,12,14,"[1, 0, 1, 1, 0, 1, 1, 1, 1, 1, 1, 1, 1, 1]","{""0"": 1, ""1"": 0, ""2"": 1, ""3"": 1, ""4"": 0, ""5"": 1, ""6"": 1, ""7"": 1, ""8"": 1, ""9"": 1, ""10"": 1, ""11"": 1, ""12"": 1, ""13"": 1}",15,"[0.0, 0.0, 0.0, 0.0, 0.0, 0.0, 0.0, 0.0, 0.0, 0.0, 0.0, 0.0, 0.0, 0.0, 0.0]",0.0,0.0,0.0,0.0,0.0,0.0,0.0,0.0,0.0,0.0,0.0,0.0,0.0,0.0,0.0
risk_50_43,43,risk_50,42,85,4462,1,uniform,3,far_from_exit_and_main_road,18,220.97559298947453,223.2789021898061,0.8,11,14,"[1, 1, 1, 0, 1, 1, 1, 0, 1, 1, 1, 0, 1, 1]","{""0"": 1, ""1"": 1, ""2"": 1, ""3"": 0, ""4"": 1, ""5"": 1, ""6"": 1, ""7"": 0, ""8"": 1, ""9"": 1, ""10"": 1, ""11"": 0, ""12"": 1, ""13"": 1}",15,"[0.0, 0.0, 0.0, 0.0, 0.0, 0.0, 0.0, 0.0, 0.0, 0.0, 0.0, 0.0, 0.0, 0.0, 0.0]",0.0,0.0,0.0,0.0,0.0,0.0,0.0,0.0,0.0,0.0,0.0,0.0,0.0,0.0,0.0
risk_50_44,44,risk_50,42,86,3885,3,ring,3,far_from_exit_and_main_road,13,83.91668662056327,167.85010003577918,0.8,9,14,"[1, 1, 0, 1, 1, 1, 1, 1, 0, 0, 1, 0, 1, 0]","{""0"": 1, ""1"": 1, ""2"": 0, ""3"": 1, ""4"": 1, ""5"": 1, ""6"": 1, ""7"": 1, ""8"": 0, ""9"": 0, ""10"": 1, ""11"": 0, ""12"": 1, ""13"": 0}",15,"[0.0, 0.0, 0.0, 0.0, 0.0, 0.0, 0.0, 0.0, 0.0, 0.0, 0.0, 0.0, 0.0, 0.0, 0.0]",0.0,0.0,0.0,0.0,0.0,0.0,0.0,0.0,0.0,0.0,0.0,0.0,0.0,0.0,0.0
risk_50_45,45,risk_50,42,87,4105,1,uniform,1,near_exit,13,248.94334834627807,302.5594665892422,0.8,12,14,"[1, 1, 0, 1, 1, 1, 1, 1, 1, 1, 1, 1, 1, 0]","{""0"": 1, ""1"": 1, ""2"": 0, ""3"": 1, ""4"": 1, ""5"": 1, ""6"": 1, ""7"": 1, ""8"": 1, ""9"": 1, ""10"": 1, ""11"": 1, ""12"": 1, ""13"": 0}",15,"[0.0, 0.0, 0.0, 0.0, 0.0, 0.0, 0.0, 0.0, 0.0, 0.0, 0.0, 0.0, 0.0, 0.0, 0.0]",0.0,0.0,0.0,0.0,0.0,0.0,0.0,0.0,0.0,0.0,0.0,0.0,0.0,0.0,0.0
risk_50_46,46,risk_50,42,88,4743,3,ring,3,far_from_exit_and_main_road,17,204.93606554716825,186.71085607260466,0.8,11,14,"[1, 1, 0, 1, 1, 1, 0, 1, 1, 0, 1, 1, 1, 1]","{""0"": 1, ""1"": 1, ""2"": 0, ""3"": 1, ""4"": 1, ""5"": 1, ""6"": 0, ""7"": 1, ""8"": 1, ""9"": 0, ""10"": 1, ""11"": 1, ""12"": 1, ""13"": 1}",15,"[0.0, 0.0, 0.0, 0.0, 0.0, 0.0, 0.0, 0.0, 0.0, 0.0, 0.0, 0.0, 0.0, 0.0, 0.0]",0.0,0.0,0.0,0.0,0.0,0.0,0.0,0.0,0.0,0.0,0.0,0.0,0.0,0.0,0.0
risk_50_47,47,risk_50,42,89,2595,2,center,2,near_main_road,15,99.52361969463527,146.08088297443464,0.8,10,14,"[1, 1, 0, 1, 0, 1, 1, 0, 1, 1, 1, 0, 1, 1]","{""0"": 1, ""1"": 1, ""2"": 0, ""3"": 1, ""4"": 0, ""5"": 1, ""6"": 1, ""7"": 0, ""8"": 1, ""9"": 1, ""10"": 1, ""11"": 0, ""12"": 1, ""13"": 1}",15,"[0.0, 0.0, 0.0, 0.0, 0.0, 0.0, 0.0, 0.0, 0.0, 0.0, 0.0, 0.0, 0.0, 0.0, 0.0]",0.0,0.0,0.0,0.0,0.0,0.0,0.0,0.0,0.0,0.0,0.0,0.0,0.0,0.0,0.0
risk_50_48,48,risk_50,42,90,4781,1,uniform,2,near_main_road,5,193.32523366622627,216.92377928225324,0.8,12,14,"[1, 1, 1, 1, 1, 1, 1, 0, 0, 1, 1, 1, 1, 1]","{""0"": 1, ""1"": 1, ""2"": 1, ""3"": 1, ""4"": 1, ""5"": 1, ""6"": 1, ""7"": 0, ""8"": 0, ""9"": 1, ""10"": 1, ""11"": 1, ""12"": 1, ""13"": 1}",15,"[0.0, 0.0, 0.0, 0.0, 0.0, 0.0, 0.0, 0.0, 0.0, 0.0, 0.0, 0.0, 0.0, 0.0, 0.0]",0.0,0.0,0.0,0.0,0.0,0.0,0.0,0.0,0.0,0.0,0.0,0.0,0.0,0.0,0.0
risk_50_49,49,risk_50,42,91,2887,2,center,2,near_main_road,2,121.50282700546086,359.87158203404397,0.8,10,14,"[1, 1, 1, 1, 0, 0, 1, 1, 0, 1, 1, 1, 1, 0]","{""0"": 1, ""1"": 1, ""2"": 1, ""3"": 1, ""4"": 0, ""5"": 0, ""6"": 1, ""7"": 1, ""8"": 0, ""9"": 1, ""10"": 1, ""11"": 1, ""12"": 1, ""13"": 0}",15,"[0.0, 0.0, 0.0, 0.0, 0.0, 0.0, 0.0, 0.0, 0.0, 0.0, 0.0, 0.0, 0.0, 0.0, 0.0]",0.0,0.0,0.0,0.0,0.0,0.0,0.0,0.0,0.0,0.0,0.0,0.0,0.0,0.0,0.0
risk_50_50,50,risk_50,42,92,2254,3,ring,3,far_from_exit_and_main_road,17,204.93606554716825,186.71085607260466,0.8,9,14,"[1, 1, 1, 1, 0, 0, 1, 0, 1, 1, 0, 0, 1, 1]","{""0"": 1, ""1"": 1, ""2"": 1, ""3"": 1, ""4"": 0, ""5"": 0, ""6"": 1, ""7"": 0, ""8"": 1, ""9"": 1, ""10"": 0, ""11"": 0, ""12"": 1, ""13"": 1}",15,"[0.0, 0.0, 0.0, 0.0, 0.0, 0.0, 0.0, 0.0, 0.0, 0.0, 0.0, 0.0, 0.0, 0.0, 0.0]",0.0,0.0,0.0,0.0,0.0,0.0,0.0,0.0,0.0,0.0,0.0,0.0,0.0,0.0,0.0
risk_100_1,1,risk_100,42,43,3777,2,center,3,far_from_exit_and_main_road,12,86.4655145779252,206.66192820994183,0.8,13,14,"[1, 1, 1, 1, 1, 1, 1, 1, 1, 1, 1, 0, 1, 1]","{""0"": 1, ""1"": 1, ""2"": 1, ""3"": 1, ""4"": 1, ""5"": 1, ""6"": 1, ""7"": 1, ""8"": 1, ""9"": 1, ""10"": 1, ""11"": 0, ""12"": 1, ""13"": 1}",15,"[0.0, 0.0, 0.0, 0.0, 0.0, 0.0, 0.0, 0.0, 0.0, 0.0, 0.0, 0.0, 0.0, 0.0, 0.0]",0.0,0.0,0.0,0.0,0.0,0.0,0.0,0.0,0.0,0.0,0.0,0.0,0.0,0.0,0.0
risk_100_2,2,risk_100,42,44,4831,1,uniform,1,near_exit,6,26.251288073137403,149.61036271601915,0.8,12,14,"[1, 1, 0, 1, 1, 1, 1, 1, 1, 1, 0, 1, 1, 1]","{""0"": 1, ""1"": 1, ""2"": 0, ""3"": 1, ""4"": 1, ""5"": 1, ""6"": 1, ""7"": 1, ""8"": 1, ""9"": 1, ""10"": 0, ""11"": 1, ""12"": 1, ""13"": 1}",15,"[0.0, 0.0, 0.0, 0.0, 0.0, 0.0, 0.0, 0.0, 0.0, 0.0, 0.0, 0.0, 0.0, 0.0, 0.0]",0.0,0.0,0.0,0.0,0.0,0.0,0.0,0.0,0.0,0.0,0.0,0.0,0.0,0.0,0.0
risk_100_3,3,risk_100,42,45,5018,1,uniform,3,far_from_exit_and_main_road,2,135.2143654283136,374.6006386834197,0.8,14,14,"[1, 1, 1, 1, 1, 1, 1, 1, 1, 1, 1, 1, 1, 1]","{""0"": 1, ""1"": 1, ""2"": 1, ""3"": 1, ""4"": 1, ""5"": 1, ""6"": 1, ""7"": 1, ""8"": 1, ""9"": 1, ""10"": 1, ""11"": 1, ""12"": 1, ""13"": 1}",15,"[0.0, 0.0, 0.0, 0.0, 0.0, 0.0, 0.0, 0.0, 0.0, 0.0, 0.0, 0.0, 0.0, 0.0, 0.0]",0.0,0.0,0.0,0.0,0.0,0.0,0.0,0.0,0.0,0.0,0.0,0.0,0.0,0.0,0.0
risk_100_4,4,risk_100,42,46,5766,3,ring,2,near_main_road,16,134.70201228372753,258.9657045942731,0.8,9,14,"[0, 1, 1, 0, 1, 1, 1, 0, 1, 1, 1, 0, 0, 1]","{""0"": 0, ""1"": 1, ""2"": 1, ""3"": 0, ""4"": 1, ""5"": 1, ""6"": 1, ""7"": 0, ""8"": 1, ""9"": 1, ""10"": 1, ""11"": 0, ""12"": 0, ""13"": 1}",15,"[0.0, 0.0, 0.0, 0.0, 0.0, 0.0, 0.0, 0.0, 0.0, 0.0, 0.0, 0.0, 0.0, 0.0, 0.0]",0.0,0.0,0.0,0.0,0.0,0.0,0.0,0.0,0.0,0.0,0.0,0.0,0.0,0.0,0.0
risk_100_5,5,risk_100,42,47,5757,3,ring,1,near_exit,5,34.374810233712196,214.9597699600272,0.8,13,14,"[1, 1, 1, 1, 1, 1, 1, 1, 1, 1, 1, 0, 1, 1]","{""0"": 1, ""1"": 1, ""2"": 1, ""3"": 1, ""4"": 1, ""5"": 1, ""6"": 1, ""7"": 1, ""8"": 1, ""9"": 1, ""10"": 1, ""11"": 0, ""12"": 1, ""13"": 1}",15,"[0.0, 0.0, 0.0, 0.0, 0.0, 0.0, 0.0, 0.0, 0.0, 0.0, 0.0, 0.0, 0.0, 0.0, 0.0]",0.0,0.0,0.0,0.0,0.0,0.0,0.0,0.0,0.0,0.0,0.0,0.0,0.0,0.0,0.0
risk_100_6,6,risk_100,42,48,5482,2,center,2,near_main_road,9,180.08427936211228,352.65582518512383,0.8,11,14,"[1, 1, 1, 1, 0, 1, 1, 1, 0, 0, 1, 1, 1, 1]","{""0"": 1, ""1"": 1, ""2"": 1, ""3"": 1, ""4"": 0, ""5"": 1, ""6"": 1, ""7"": 1, ""8"": 0, ""9"": 0, ""10"": 1, ""11"": 1, ""12"": 1, ""13"": 1}",15,"[0.0, 0.0, 0.0, 0.0, 0.0, 0.0, 0.0, 0.0, 0.0, 0.0, 0.0, 0.0, 0.0, 0.0, 0.0]",0.0,0.0,0.0,0.0,0.0,0.0,0.0,0.0,0.0,0.0,0.0,0.0,0.0,0.0,0.0
risk_100_7,7,risk_100,42,49,4348,3,ring,3,far_from_exit_and_main_road,19,166.7272846736014,178.37646883539855,0.8,13,14,"[1, 1, 1, 1, 1, 1, 1, 1, 1, 1, 1, 1, 0, 1]","{""0"": 1, ""1"": 1, ""2"": 1, ""3"": 1, ""4"": 1, ""5"": 1, ""6"": 1, ""7"": 1, ""8"": 1, ""9"": 1, ""10"": 1, ""11"": 1, ""12"": 0, ""13"": 1}",15,"[0.0, 0.0, 0.0, 0.0, 0.0, 0.0, 0.0, 0.0, 0.0, 0.0, 0.0, 0.0, 0.0, 0.0, 0.0]",0.0,0.0,0.0,0.0,0.0,0.0,0.0,0.0,0.0,0.0,0.0,0.0,0.0,0.0,0.0
risk_100_8,8,risk_100,42,50,2774,3,ring,2,near_main_road,14,65.86150634847581,146.12098523322493,0.8,11,14,"[1, 1, 1, 1, 1, 0, 1, 1, 1, 1, 1, 0, 0, 1]","{""0"": 1, ""1"": 1, ""2"": 1, ""3"": 1, ""4"": 1, ""5"": 0, ""6"": 1, ""7"": 1, ""8"": 1, ""9"": 1, ""10"": 1, ""11"": 0, ""12"": 0, ""13"": 1}",15,"[0.0, 0.0, 0.0, 0.0, 0.0, 0.0, 0.0, 0.0, 0.0, 0.0, 0.0, 0.0, 0.0, 0.0, 0.0]",0.0,0.0,0.0,0.0,0.0,0.0,0.0,0.0,0.0,0.0,0.0,0.0,0.0,0.0,0.0
risk_100_9,9,risk_100,42,51,3137,1,uniform,1,near_exit,11,74.4658822324127,300.26813259813935,0.8,11,14,"[1, 1, 1, 0, 1, 1, 0, 1, 0, 1, 1, 1, 1, 1]","{""0"": 1, ""1"": 1, ""2"": 1, ""3"": 0, ""4"": 1, ""5"": 1, ""6"": 0, ""7"": 1, ""8"": 0, ""9"": 1, ""10"": 1, ""11"": 1, ""12"": 1, ""13"": 1}",15,"[0.0, 0.0, 0.0, 0.0, 0.0, 0.0, 0.0, 0.0, 0.0, 0.0, 0.0, 0.0, 0.0, 0.0, 0.0]",0.0,0.0,0.0,0.0,0.0,0.0,0.0,0.0,0.0,0.0,0.0,0.0,0.0,0.0,0.0
risk_100_10,10,risk_100,42,52,3585,3,ring,1,near_exit,11,74.4658822324127,300.26813259813935,0.8,10,14,"[0, 1, 1, 1, 0, 1, 0, 1, 0, 1, 1, 1, 1, 1]","{""0"": 0, ""1"": 1, ""2"": 1, ""3"": 1, ""4"": 0, ""5"": 1, ""6"": 0, ""7"": 1, ""8"": 0, ""9"": 1, ""10"": 1, ""11"": 1, ""12"": 1, ""13"": 1}",15,"[0.0, 0.0, 0.0, 0.0, 0.0, 0.0, 0.0, 0.0, 0.0, 0.0, 0.0, 0.0, 0.0, 0.0, 0.0]",0.0,0.0,0.0,0.0,0.0,0.0,0.0,0.0,0.0,0.0,0.0,0.0,0.0,0.0,0.0
risk_100_11,11,risk_100,42,53,5041,2,center,2,near_main_road,12,154.97150951996446,181.80336326546967,0.8,10,14,"[1, 0, 1, 1, 0, 1, 1, 1, 0, 1, 1, 0, 1, 1]","{""0"": 1, ""1"": 0, ""2"": 1, ""3"": 1, ""4"": 0, ""5"": 1, ""6"": 1, ""7"": 1, ""8"": 0, ""9"": 1, ""10"": 1, ""11"": 0, ""12"": 1, ""13"": 1}",15,"[0.0, 0.0, 0.0, 0.0, 0.0, 0.0, 0.0, 0.0, 0.0, 0.0, 0.0, 0.0, 0.0, 0.0, 0.0]",0.0,0.0,0.0,0.0,0.0,0.0,0.0,0.0,0.0,0.0,0.0,0.0,0.0,0.0,0.0
risk_100_12,12,risk_100,42,54,4248,1,uniform,1,near_exit,9,99.46174082159996,359.97675951663405,0.8,9,14,"[0, 1, 1, 1, 0, 1, 1, 1, 1, 0, 0, 1, 1, 0]","{""0"": 0, ""1"": 1, ""2"": 1, ""3"": 1, ""4"": 0, ""5"": 1, ""6"": 1, ""7"": 1, ""8"": 1, ""9"": 0, ""10"": 0, ""11"": 1, ""12"": 1, ""13"": 0}",15,"[0.0, 0.0, 0.0, 0.0, 0.0, 0.0, 0.0, 0.0, 0.0, 0.0, 0.0, 0.0, 0.0, 0.0, 0.0]",0.0,0.0,0.0,0.0,0.0,0.0,0.0,0.0,0.0,0.0,0.0,0.0,0.0,0.0,0.0
risk_100_13,13,risk_100,42,55,4945,1,uniform,1,near_exit,2,218.32077577710152,98.24949029041454,0.8,11,14,"[1, 0, 1, 1, 0, 1, 1, 1, 1, 0, 1, 1, 1, 1]","{""0"": 1, ""1"": 0, ""2"": 1, ""3"": 1, ""4"": 0, ""5"": 1, ""6"": 1, ""7"": 1, ""8"": 1, ""9"": 0, ""10"": 1, ""11"": 1, ""12"": 1, ""13"": 1}",15,"[0.0, 0.0, 0.0, 0.0, 0.0, 0.0, 0.0, 0.0, 0.0, 0.0, 0.0, 0.0, 0.0, 0.0, 0.0]",0.0,0.0,0.0,0.0,0.0,0.0,0.0,0.0,0.0,0.0,0.0,0.0,0.0,0.0,0.0
risk_100_14,14,risk_100,42,56,2863,3,ring,1,near_exit,3,266.886261947453,161.88702389178798,0.8,11,14,"[0, 1, 1, 1, 1, 0, 1, 1, 1, 1, 1, 0, 1, 1]","{""0"": 0, ""1"": 1, ""2"": 1, ""3"": 1, ""4"": 1, ""5"": 0, ""6"": 1, ""7"": 1, ""8"": 1, ""9"": 1, ""10"": 1, ""11"": 0, ""12"": 1, ""13"": 1}",15,"[0.0, 0.0, 0.0, 0.0, 0.0, 0.0, 0.0, 0.0, 0.0, 0.0, 0.0, 0.0, 0.0, 0.0, 0.0]",0.0,0.0,0.0,0.0,0.0,0.0,0.0,0.0,0.0,0.0,0.0,0.0,0.0,0.0,0.0
risk_100_15,15,risk_100,42,57,2445,3,ring,3,far_from_exit_and_main_road,18,220.97559298947453,223.2789021898061,0.8,11,14,"[1, 1, 1, 1, 0, 1, 0, 1, 0, 1, 1, 1, 1, 1]","{""0"": 1, ""1"": 1, ""2"": 1, ""3"": 1, ""4"": 0, ""5"": 1, ""6"": 0, ""7"": 1, ""8"": 0, ""9"": 1, ""10"": 1, ""11"": 1, ""12"": 1, ""13"": 1}",15,"[0.0, 0.0, 0.0, 0.0, 0.0, 0.0, 0.0, 0.0, 0.0, 0.0, 0.0, 0.0, 0.0, 0.0, 0.0]",0.0,0.0,0.0,0.0,0.0,0.0,0.0,0.0,0.0,0.0,0.0,0.0,0.0,0.0,0.0
risk_100_16,16,risk_100,42,58,4005,1,uniform,2,near_main_road,5,193.32523366622627,216.92377928225324,0.8,9,14,"[1, 1, 1, 0, 1, 1, 1, 1, 0, 0, 0, 1, 0, 1]","{""0"": 1, ""1"": 1, ""2"": 1, ""3"": 0, ""4"": 1, ""5"": 1, ""6"": 1, ""7"": 1, ""8"": 0, ""9"": 0, ""10"": 0, ""11"": 1, ""12"": 0, ""13"": 1}",15,"[0.0, 0.0, 0.0, 0.0, 0.0, 0.0, 0.0, 0.0, 0.0, 0.0, 0.0, 0.0, 0.0, 0.0, 0.0]",0.0,0.0,0.0,0.0,0.0,0.0,0.0,0.0,0.0,0.0,0.0,0.0,0.0,0.0,0.0
risk_100_17,17,risk_100,42,59,3388,2,center,1,near_exit,2,218.32077577710152,98.24949029041454,0.8,9,14,"[1, 0, 0, 1, 0, 1, 1, 1, 0, 1, 0, 1, 1, 1]","{""0"": 1, ""1"": 0, ""2"": 0, ""3"": 1, ""4"": 0, ""5"": 1, ""6"": 1, ""7"": 1, ""8"": 0, ""9"": 1, ""10"": 0, ""11"": 1, ""12"": 1, ""13"": 1}",15,"[0.0, 0.0, 0.0, 0.0, 0.0, 0.0, 0.0, 0.0, 0.0, 0.0, 0.0, 0.0, 0.0, 0.0, 0.0]",0.0,0.0,0.0,0.0,0.0,0.0,0.0,0.0,0.0,0.0,0.0,0.0,0.0,0.0,0.0
risk_100_18,18,risk_100,42,60,2037,3,ring,1,near_exit,4,253.88965937122703,250.78205533977598,0.8,11,14,"[1, 1, 1, 0, 1, 1, 0, 1, 0, 1, 1, 1, 1, 1]","{""0"": 1, ""1"": 1, ""2"": 1, ""3"": 0, ""4"": 1, ""5"": 1, ""6"": 0, ""7"": 1, ""8"": 0, ""9"": 1, ""10"": 1, ""11"": 1, ""12"": 1, ""13"": 1}",15,"[0.0, 0.0, 0.0, 0.0, 0.0, 0.0, 0.0, 0.0, 0.0, 0.0, 0.0, 0.0, 0.0, 0.0, 0.0]",0.0,0.0,0.0,0.0,0.0,0.0,0.0,0.0,0.0,0.0,0.0,0.0,0.0,0.0,0.0
risk_100_19,19,risk_100,42,61,4600,2,center,3,far_from_exit_and_main_road,11,107.66569153219461,244.24434981588274,0.8,12,14,"[1, 1, 0, 1, 1, 1, 1, 1, 1, 1, 1, 1, 0, 1]","{""0"": 1, ""1"": 1, ""2"": 0, ""3"": 1, ""4"": 1, ""5"": 1, ""6"": 1, ""7"": 1, ""8"": 1, ""9"": 1, ""10"": 1, ""11"": 1, ""12"": 0, ""13"": 1}",15,"[0.0, 0.0, 0.0, 0.0, 0.0, 0.0, 0.0, 0.0, 0.0, 0.0, 0.0, 0.0, 0.0, 0.0, 0.0]",0.0,0.0,0.0,0.0,0.0,0.0,0.0,0.0,0.0,0.0,0.0,0.0,0.0,0.0,0.0
risk_100_20,20,risk_100,42,62,4124,2,center,1,near_exit,4,253.88965937122703,250.78205533977598,0.8,9,14,"[0, 1, 0, 1, 1, 0, 1, 1, 1, 0, 0, 1, 1, 1]","{""0"": 0, ""1"": 1, ""2"": 0, ""3"": 1, ""4"": 1, ""5"": 0, ""6"": 1, ""7"": 1, ""8"": 1, ""9"": 0, ""10"": 0, ""11"": 1, ""12"": 1, ""13"": 1}",15,"[0.0, 0.0, 0.0, 0.0, 0.0, 0.0, 0.0, 0.0, 0.0, 0.0, 0.0, 0.0, 0.0, 0.0, 0.0]",0.0,0.0,0.0,0.0,0.0,0.0,0.0,0.0,0.0,0.0,0.0,0.0,0.0,0.0,0.0
risk_100_21,21,risk_100,42,63,5569,1,uniform,1,near_exit,3,266.886261947453,161.88702389178798,0.8,11,14,"[1, 1, 0, 1, 1, 1, 1, 1, 1, 1, 0, 1, 1, 0]","{""0"": 1, ""1"": 1, ""2"": 0, ""3"": 1, ""4"": 1, ""5"": 1, ""6"": 1, ""7"": 1, ""8"": 1, ""9"": 1, ""10"": 0, ""11"": 1, ""12"": 1, ""13"": 0}",15,"[0.0, 0.0, 0.0, 0.0, 0.0, 0.0, 0.0, 0.0, 0.0, 0.0, 0.0, 0.0, 0.0, 0.0, 0.0]",0.0,0.0,0.0,0.0,0.0,0.0,0.0,0.0,0.0,0.0,0.0,0.0,0.0,0.0,0.0
risk_100_22,22,risk_100,42,64,3802,3,ring,1,near_exit,10,88.6747558992356,336.96034401934594,0.8,8,14,"[1, 1, 1, 0, 1, 0, 1, 0, 0, 1, 0, 1, 1, 0]","{""0"": 1, ""1"": 1, ""2"": 1, ""3"": 0, ""4"": 1, ""5"": 0, ""6"": 1, ""7"": 0, ""8"": 0, ""9"": 1, ""10"": 0, ""11"": 1, ""12"": 1, ""13"": 0}",15,"[0.0, 0.0, 0.0, 0.0, 0.0, 0.0, 0.0, 0.0, 0.0, 0.0, 0.0, 0.0, 0.0, 0.0, 0.0]",0.0,0.0,0.0,0.0,0.0,0.0,0.0,0.0,0.0,0.0,0.0,0.0,0.0,0.0,0.0
risk_100_23,23,risk_100,42,65,2187,3,ring,3,far_from_exit_and_main_road,4,157.20234358869493,387.1448321295902,0.8,12,14,"[1, 1, 0, 1, 1, 1, 1, 1, 0, 1, 1, 1, 1, 1]","{""0"": 1, ""1"": 1, ""2"": 0, ""3"": 1, ""4"": 1, ""5"": 1, ""6"": 1, ""7"": 1, ""8"": 0, ""9"": 1, ""10"": 1, ""11"": 1, ""12"": 1, ""13"": 1}",15,"[0.0, 0.0, 0.0, 0.0, 0.0, 0.0, 0.0, 0.0, 0.0, 0.0, 0.0, 0.0, 0.0, 0.0, 0.0]",0.0,0.0,0.0,0.0,0.0,0.0,0.0,0.0,0.0,0.0,0.0,0.0,0.0,0.0,0.0
risk_100_24,24,risk_100,42,66,3488,3,ring,2,near_main_road,17,146.94398586079478,116.57973352074623,0.8,12,14,"[1, 1, 1, 1, 1, 0, 1, 1, 0, 1, 1, 1, 1, 1]","{""0"": 1, ""1"": 1, ""2"": 1, ""3"": 1, ""4"": 1, ""5"": 0, ""6"": 1, ""7"": 1, ""8"": 0, ""9"": 1, ""10"": 1, ""11"": 1, ""12"": 1, ""13"": 1}",15,"[0.0, 0.0, 0.0, 0.0, 0.0, 0.0, 0.0, 0.0, 0.0, 0.0, 0.0, 0.0, 0.0, 0.0, 0.0]",0.0,0.0,0.0,0.0,0.0,0.0,0.0,0.0,0.0,0.0,0.0,0.0,0.0,0.0,0.0
risk_100_25,25,risk_100,42,67,2391,1,uniform,1,near_exit,5,34.374810233712196,214.9597699600272,0.8,11,14,"[1, 1, 0, 1, 0, 1, 1, 0, 1, 1, 1, 1, 1, 1]","{""0"": 1, ""1"": 1, ""2"": 0, ""3"": 1, ""4"": 0, ""5"": 1, ""6"": 1, ""7"": 0, ""8"": 1, ""9"": 1, ""10"": 1, ""11"": 1, ""12"": 1, ""13"": 1}",15,"[0.0, 0.0, 0.0, 0.0, 0.0, 0.0, 0.0, 0.0, 0.0, 0.0, 0.0, 0.0, 0.0, 0.0, 0.0]",0.0,0.0,0.0,0.0,0.0,0.0,0.0,0.0,0.0,0.0,0.0,0.0,0.0,0.0,0.0
risk_100_26,26,risk_100,42,68,5202,3,ring,2,near_main_road,16,134.70201228372753,258.9657045942731,0.8,10,14,"[1, 0, 1, 0, 1, 1, 1, 1, 0, 1, 0, 1, 1, 1]","{""0"": 1, ""1"": 0, ""2"": 1, ""3"": 0, ""4"": 1, ""5"": 1, ""6"": 1, ""7"": 1, ""8"": 0, ""9"": 1, ""10"": 0, ""11"": 1, ""12"": 1, ""13"": 1}",15,"[0.0, 0.0, 0.0, 0.0, 0.0, 0.0, 0.0, 0.0, 0.0, 0.0, 0.0, 0.0, 0.0, 0.0, 0.0]",0.0,0.0,0.0,0.0,0.0,0.0,0.0,0.0,0.0,0.0,0.0,0.0,0.0,0.0,0.0
risk_100_27,27,risk_100,42,69,3803,2,center,2,near_main_road,5,193.32523366622627,216.92377928225324,0.8,10,14,"[1, 1, 1, 1, 1, 0, 1, 0, 1, 0, 1, 0, 1, 1]","{""0"": 1, ""1"": 1, ""2"": 1, ""3"": 1, ""4"": 1, ""5"": 0, ""6"": 1, ""7"": 0, ""8"": 1, ""9"": 0, ""10"": 1, ""11"": 0, ""12"": 1, ""13"": 1}",15,"[0.0, 0.0, 0.0, 0.0, 0.0, 0.0, 0.0, 0.0, 0.0, 0.0, 0.0, 0.0, 0.0, 0.0, 0.0]",0.0,0.0,0.0,0.0,0.0,0.0,0.0,0.0,0.0,0.0,0.0,0.0,0.0,0.0,0.0
risk_100_28,28,risk_100,42,70,3129,2,center,2,near_main_road,3,90.1036622915417,273.10059678182006,0.8,12,14,"[0, 1, 1, 1, 0, 1, 1, 1, 1, 1, 1, 1, 1, 1]","{""0"": 0, ""1"": 1, ""2"": 1, ""3"": 1, ""4"": 0, ""5"": 1, ""6"": 1, ""7"": 1, ""8"": 1, ""9"": 1, ""10"": 1, ""11"": 1, ""12"": 1, ""13"": 1}",15,"[0.0, 0.0, 0.0, 0.0, 0.0, 0.0, 0.0, 0.0, 0.0, 0.0, 0.0, 0.0, 0.0, 0.0, 0.0]",0.0,0.0,0.0,0.0,0.0,0.0,0.0,0.0,0.0,0.0,0.0,0.0,0.0,0.0,0.0
risk_100_29,29,risk_100,42,71,5115,1,uniform,1,near_exit,8,196.78927944786847,446.820492007304,0.8,10,14,"[1, 1, 1, 0, 0, 0, 1, 1, 1, 1, 1, 1, 1, 0]","{""0"": 1, ""1"": 1, ""2"": 1, ""3"": 0, ""4"": 0, ""5"": 0, ""6"": 1, ""7"": 1, ""8"": 1, ""9"": 1, ""10"": 1, ""11"": 1, ""12"": 1, ""13"": 0}",15,"[0.0, 0.0, 0.0, 0.0, 0.0, 0.0, 0.0, 0.0, 0.0, 0.0, 0.0, 0.0, 0.0, 0.0, 0.0]",0.0,0.0,0.0,0.0,0.0,0.0,0.0,0.0,0.0,0.0,0.0,0.0,0.0,0.0,0.0
risk_100_30,30,risk_100,42,72,4834,2,center,2,near_main_road,13,207.4848934672773,150.69670907920226,0.8,12,14,"[1, 1, 0, 1, 1, 1, 1, 1, 1, 0, 1, 1, 1, 1]","{""0"": 1, ""1"": 1, ""2"": 0, ""3"": 1, ""4"": 1, ""5"": 1, ""6"": 1, ""7"": 1, ""8"": 1, ""9"": 0, ""10"": 1, ""11"": 1, ""12"": 1, ""13"": 1}",15,"[0.0, 0.0, 0.0, 0.0, 0.0, 0.0, 0.0, 0.0, 0.0, 0.0, 0.0, 0.0, 0.0, 0.0, 0.0]",0.0,0.0,0.0,0.0,0.0,0.0,0.0,0.0,0.0,0.0,0.0,0.0,0.0,0.0,0.0
risk_100_31,31,risk_100,42,73,4265,1,uniform,2,near_main_road,1,198.32551720924675,427.5889890268445,0.8,14,14,"[1, 1, 1, 1, 1, 1, 1, 1, 1, 1, 1, 1, 1, 1]","{""0"": 1, ""1"": 1, ""2"": 1, ""3"": 1, ""4"": 1, ""5"": 1, ""6"": 1, ""7"": 1, ""8"": 1, ""9"": 1, ""10"": 1, ""11"": 1, ""12"": 1, ""13"": 1}",15,"[0.0, 0.0, 0.0, 0.0, 0.0, 0.0, 0.0, 0.0, 0.0, 0.0, 0.0, 0.0, 0.0, 0.0, 0.0]",0.0,0.0,0.0,0.0,0.0,0.0,0.0,0.0,0.0,0.0,0.0,0.0,0.0,0.0,0.0
risk_100_32,32,risk_100,42,74,2012,3,ring,3,far_from_exit_and_main_road,13,83.91668662056327,167.85010003577918,0.8,10,14,"[0, 1, 1, 1, 1, 0, 0, 1, 1, 1, 0, 1, 1, 1]","{""0"": 0, ""1"": 1, ""2"": 1, ""3"": 1, ""4"": 1, ""5"": 0, ""6"": 0, ""7"": 1, ""8"": 1, ""9"": 1, ""10"": 0, ""11"": 1, ""12"": 1, ""13"": 1}",15,"[0.0, 0.0, 0.0, 0.0, 0.0, 0.0, 0.0, 0.0, 0.0, 0.0, 0.0, 0.0, 0.0, 0.0, 0.0]",0.0,0.0,0.0,0.0,0.0,0.0,0.0,0.0,0.0,0.0,0.0,0.0,0.0,0.0,0.0
risk_100_33,33,risk_100,42,75,3028,3,ring,2,near_main_road,2,121.50282700546086,359.87158203404397,0.8,12,14,"[1, 1, 1, 1, 1, 1, 1, 1, 0, 1, 1, 0, 1, 1]","{""0"": 1, ""1"": 1, ""2"": 1, ""3"": 1, ""4"": 1, ""5"": 1, ""6"": 1, ""7"": 1, ""8"": 0, ""9"": 1, ""10"": 1, ""11"": 0, ""12"": 1, ""13"": 1}",15,"[0.0, 0.0, 0.0, 0.0, 0.0, 0.0, 0.0, 0.0, 0.0, 0.0, 0.0, 0.0, 0.0, 0.0, 0.0]",0.0,0.0,0.0,0.0,0.0,0.0,0.0,0.0,0.0,0.0,0.0,0.0,0.0,0.0,0.0
risk_100_34,34,risk_100,42,76,4699,1,uniform,2,near_main_road,5,193.32523366622627,216.92377928225324,0.8,11,14,"[1, 0, 1, 1, 1, 1, 1, 0, 1, 1, 0, 1, 1, 1]","{""0"": 1, ""1"": 0, ""2"": 1, ""3"": 1, ""4"": 1, ""5"": 1, ""6"": 1, ""7"": 0, ""8"": 1, ""9"": 1, ""10"": 0, ""11"": 1, ""12"": 1, ""13"": 1}",15,"[0.0, 0.0, 0.0, 0.0, 0.0, 0.0, 0.0, 0.0, 0.0, 0.0, 0.0, 0.0, 0.0, 0.0, 0.0]",0.0,0.0,0.0,0.0,0.0,0.0,0.0,0.0,0.0,0.0,0.0,0.0,0.0,0.0,0.0
risk_100_35,35,risk_100,42,77,2707,2,center,3,far_from_exit_and_main_road,2,135.2143654283136,374.6006386834197,0.8,11,14,"[1, 1, 1, 0, 1, 1, 1, 1, 1, 1, 1, 0, 1, 0]","{""0"": 1, ""1"": 1, ""2"": 1, ""3"": 0, ""4"": 1, ""5"": 1, ""6"": 1, ""7"": 1, ""8"": 1, ""9"": 1, ""10"": 1, ""11"": 0, ""12"": 1, ""13"": 0}",15,"[0.0, 0.0, 0.0, 0.0, 0.0, 0.0, 0.0, 0.0, 0.0, 0.0, 0.0, 0.0, 0.0, 0.0, 0.0]",0.0,0.0,0.0,0.0,0.0,0.0,0.0,0.0,0.0,0.0,0.0,0.0,0.0,0.0,0.0
risk_100_36,36,risk_100,42,78,5416,1,uniform,1,near_exit,3,266.886261947453,161.88702389178798,0.8,12,14,"[0, 1, 0, 1, 1, 1, 1, 1, 1, 1, 1, 1, 1, 1]","{""0"": 0, ""1"": 1, ""2"": 0, ""3"": 1, ""4"": 1, ""5"": 1, ""6"": 1, ""7"": 1, ""8"": 1, ""9"": 1, ""10"": 1, ""11"": 1, ""12"": 1, ""13"": 1}",15,"[0.0, 0.0, 0.0, 0.0, 0.0, 0.0, 0.0, 0.0, 0.0, 0.0, 0.0, 0.0, 0.0, 0.0, 0.0]",0.0,0.0,0.0,0.0,0.0,0.0,0.0,0.0,0.0,0.0,0.0,0.0,0.0,0.0,0.0
risk_100_37,37,risk_100,42,79,5349,2,center,3,far_from_exit_and_main_road,16,67.33770958334208,107.10279587097466,0.8,12,14,"[1, 1, 1, 1, 1, 1, 1, 1, 0, 1, 1, 1, 0, 1]","{""0"": 1, ""1"": 1, ""2"": 1, ""3"": 1, ""4"": 1, ""5"": 1, ""6"": 1, ""7"": 1, ""8"": 0, ""9"": 1, ""10"": 1, ""11"": 1, ""12"": 0, ""13"": 1}",15,"[0.0, 0.0, 0.0, 0.0, 0.0, 0.0, 0.0, 0.0, 0.0, 0.0, 0.0, 0.0, 0.0, 0.0, 0.0]",0.0,0.0,0.0,0.0,0.0,0.0,0.0,0.0,0.0,0.0,0.0,0.0,0.0,0.0,0.0
risk_100_38,38,risk_100,42,80,5874,1,uniform,2,near_main_road,9,180.08427936211228,352.65582518512383,0.8,9,14,"[1, 1, 1, 0, 1, 1, 1, 1, 0, 0, 0, 0, 1, 1]","{""0"": 1, ""1"": 1, ""2"": 1, ""3"": 0, ""4"": 1, ""5"": 1, ""6"": 1, ""7"": 1, ""8"": 0, ""9"": 0, ""10"": 0, ""11"": 0, ""12"": 1, ""13"": 1}",15,"[0.0, 0.0, 0.0, 0.0, 0.0, 0.0, 0.0, 0.0, 0.0, 0.0, 0.0, 0.0, 0.0, 0.0, 0.0]",0.0,0.0,0.0,0.0,0.0,0.0,0.0,0.0,0.0,0.0,0.0,0.0,0.0,0.0,0.0
risk_100_39,39,risk_100,42,81,2308,2,center,2,near_main_road,10,184.6287497021258,386.95119016058743,0.8,12,14,"[1, 1, 1, 1, 0, 1, 1, 1, 1, 0, 1, 1, 1, 1]","{""0"": 1, ""1"": 1, ""2"": 1, ""3"": 1, ""4"": 0, ""5"": 1, ""6"": 1, ""7"": 1, ""8"": 1, ""9"": 0, ""10"": 1, ""11"": 1, ""12"": 1, ""13"": 1}",15,"[0.0, 0.0, 0.0, 0.0, 0.0, 0.0, 0.0, 0.0, 0.0, 0.0, 0.0, 0.0, 0.0, 0.0, 0.0]",0.0,0.0,0.0,0.0,0.0,0.0,0.0,0.0,0.0,0.0,0.0,0.0,0.0,0.0,0.0
risk_100_40,40,risk_100,42,82,2509,3,ring,1,near_exit,14,108.68085003085434,414.72697948804125,0.8,10,14,"[1, 1, 1, 0, 0, 1, 1, 1, 0, 1, 1, 1, 1, 0]","{""0"": 1, ""1"": 1, ""2"": 1, ""3"": 0, ""4"": 0, ""5"": 1, ""6"": 1, ""7"": 1, ""8"": 0, ""9"": 1, ""10"": 1, ""11"": 1, ""12"": 1, ""13"": 0}",15,"[0.0, 0.0, 0.0, 0.0, 0.0, 0.0, 0.0, 0.0, 0.0, 0.0, 0.0, 0.0, 0.0, 0.0, 0.0]",0.0,0.0,0.0,0.0,0.0,0.0,0.0,0.0,0.0,0.0,0.0,0.0,0.0,0.0,0.0
risk_100_41,41,risk_100,42,83,4564,1,uniform,1,near_exit,5,34.374810233712196,214.9597699600272,0.8,11,14,"[1, 0, 1, 1, 1, 1, 1, 1, 0, 1, 1, 1, 0, 1]","{""0"": 1, ""1"": 0, ""2"": 1, ""3"": 1, ""4"": 1, ""5"": 1, ""6"": 1, ""7"": 1, ""8"": 0, ""9"": 1, ""10"": 1, ""11"": 1, ""12"": 0, ""13"": 1}",15,"[0.0, 0.0, 0.0, 0.0, 0.0, 0.0, 0.0, 0.0, 0.0, 0.0, 0.0, 0.0, 0.0, 0.0, 0.0]",0.0,0.0,0.0,0.0,0.0,0.0,0.0,0.0,0.0,0.0,0.0,0.0,0.0,0.0,0.0
risk_100_42,42,risk_100,42,84,3914,2,center,3,far_from_exit_and_main_road,2,135.2143654283136,374.6006386834197,0.8,12,14,"[1, 0, 1, 1, 0, 1, 1, 1, 1, 1, 1, 1, 1, 1]","{""0"": 1, ""1"": 0, ""2"": 1, ""3"": 1, ""4"": 0, ""5"": 1, ""6"": 1, ""7"": 1, ""8"": 1, ""9"": 1, ""10"": 1, ""11"": 1, ""12"": 1, ""13"": 1}",15,"[0.0, 0.0, 0.0, 0.0, 0.0, 0.0, 0.0, 0.0, 0.0, 0.0, 0.0, 0.0, 0.0, 0.0, 0.0]",0.0,0.0,0.0,0.0,0.0,0.0,0.0,0.0,0.0,0.0,0.0,0.0,0.0,0.0,0.0
risk_100_43,43,risk_100,42,85,4462,1,uniform,3,far_from_exit_and_main_road,18,220.97559298947453,223.2789021898061,0.8,11,14,"[1, 1, 1, 0, 1, 1, 1, 0, 1, 1, 1, 0, 1, 1]","{""0"": 1, ""1"": 1, ""2"": 1, ""3"": 0, ""4"": 1, ""5"": 1, ""6"": 1, ""7"": 0, ""8"": 1, ""9"": 1, ""10"": 1, ""11"": 0, ""12"": 1, ""13"": 1}",15,"[0.0, 0.0, 0.0, 0.0, 0.0, 0.0, 0.0, 0.0, 0.0, 0.0, 0.0, 0.0, 0.0, 0.0, 0.0]",0.0,0.0,0.0,0.0,0.0,0.0,0.0,0.0,0.0,0.0,0.0,0.0,0.0,0.0,0.0
risk_100_44,44,risk_100,42,86,3885,3,ring,3,far_from_exit_and_main_road,13,83.91668662056327,167.85010003577918,0.8,9,14,"[1, 1, 0, 1, 1, 1, 1, 1, 0, 0, 1, 0, 1, 0]","{""0"": 1, ""1"": 1, ""2"": 0, ""3"": 1, ""4"": 1, ""5"": 1, ""6"": 1, ""7"": 1, ""8"": 0, ""9"": 0, ""10"": 1, ""11"": 0, ""12"": 1, ""13"": 0}",15,"[0.0, 0.0, 0.0, 0.0, 0.0, 0.0, 0.0, 0.0, 0.0, 0.0, 0.0, 0.0, 0.0, 0.0, 0.0]",0.0,0.0,0.0,0.0,0.0,0.0,0.0,0.0,0.0,0.0,0.0,0.0,0.0,0.0,0.0
risk_100_45,45,risk_100,42,87,4105,1,uniform,1,near_exit,13,248.94334834627807,302.5594665892422,0.8,12,14,"[1, 1, 0, 1, 1, 1, 1, 1, 1, 1, 1, 1, 1, 0]","{""0"": 1, ""1"": 1, ""2"": 0, ""3"": 1, ""4"": 1, ""5"": 1, ""6"": 1, ""7"": 1, ""8"": 1, ""9"": 1, ""10"": 1, ""11"": 1, ""12"": 1, ""13"": 0}",15,"[0.0, 0.0, 0.0, 0.0, 0.0, 0.0, 0.0, 0.0, 0.0, 0.0, 0.0, 0.0, 0.0, 0.0, 0.0]",0.0,0.0,0.0,0.0,0.0,0.0,0.0,0.0,0.0,0.0,0.0,0.0,0.0,0.0,0.0
risk_100_46,46,risk_100,42,88,4743,3,ring,3,far_from_exit_and_main_road,17,204.93606554716825,186.71085607260466,0.8,11,14,"[1, 1, 0, 1, 1, 1, 0, 1, 1, 0, 1, 1, 1, 1]","{""0"": 1, ""1"": 1, ""2"": 0, ""3"": 1, ""4"": 1, ""5"": 1, ""6"": 0, ""7"": 1, ""8"": 1, ""9"": 0, ""10"": 1, ""11"": 1, ""12"": 1, ""13"": 1}",15,"[0.0, 0.0, 0.0, 0.0, 0.0, 0.0, 0.0, 0.0, 0.0, 0.0, 0.0, 0.0, 0.0, 0.0, 0.0]",0.0,0.0,0.0,0.0,0.0,0.0,0.0,0.0,0.0,0.0,0.0,0.0,0.0,0.0,0.0
risk_100_47,47,risk_100,42,89,2595,2,center,2,near_main_road,15,99.52361969463527,146.08088297443464,0.8,10,14,"[1, 1, 0, 1, 0, 1, 1, 0, 1, 1, 1, 0, 1, 1]","{""0"": 1, ""1"": 1, ""2"": 0, ""3"": 1, ""4"": 0, ""5"": 1, ""6"": 1, ""7"": 0, ""8"": 1, ""9"": 1, ""10"": 1, ""11"": 0, ""12"": 1, ""13"": 1}",15,"[0.0, 0.0, 0.0, 0.0, 0.0, 0.0, 0.0, 0.0, 0.0, 0.0, 0.0, 0.0, 0.0, 0.0, 0.0]",0.0,0.0,0.0,0.0,0.0,0.0,0.0,0.0,0.0,0.0,0.0,0.0,0.0,0.0,0.0
risk_100_48,48,risk_100,42,90,4781,1,uniform,2,near_main_road,5,193.32523366622627,216.92377928225324,0.8,12,14,"[1, 1, 1, 1, 1, 1, 1, 0, 0, 1, 1, 1, 1, 1]","{""0"": 1, ""1"": 1, ""2"": 1, ""3"": 1, ""4"": 1, ""5"": 1, ""6"": 1, ""7"": 0, ""8"": 0, ""9"": 1, ""10"": 1, ""11"": 1, ""12"": 1, ""13"": 1}",15,"[0.0, 0.0, 0.0, 0.0, 0.0, 0.0, 0.0, 0.0, 0.0, 0.0, 0.0, 0.0, 0.0, 0.0, 0.0]",0.0,0.0,0.0,0.0,0.0,0.0,0.0,0.0,0.0,0.0,0.0,0.0,0.0,0.0,0.0
risk_100_49,49,risk_100,42,91,2887,2,center,2,near_main_road,2,121.50282700546086,359.87158203404397,0.8,10,14,"[1, 1, 1, 1, 0, 0, 1, 1, 0, 1, 1, 1, 1, 0]","{""0"": 1, ""1"": 1, ""2"": 1, ""3"": 1, ""4"": 0, ""5"": 0, ""6"": 1, ""7"": 1, ""8"": 0, ""9"": 1, ""10"": 1, ""11"": 1, ""12"": 1, ""13"": 0}",15,"[0.0, 0.0, 0.0, 0.0, 0.0, 0.0, 0.0, 0.0, 0.0, 0.0, 0.0, 0.0, 0.0, 0.0, 0.0]",0.0,0.0,0.0,0.0,0.0,0.0,0.0,0.0,0.0,0.0,0.0,0.0,0.0,0.0,0.0
risk_100_50,50,risk_100,42,92,2254,3,ring,3,far_from_exit_and_main_road,17,204.93606554716825,186.71085607260466,0.8,9,14,"[1, 1, 1, 1, 0, 0, 1, 0, 1, 1, 0, 0, 1, 1]","{""0"": 1, ""1"": 1, ""2"": 1, ""3"": 1, ""4"": 0, ""5"": 0, ""6"": 1, ""7"": 0, ""8"": 1, ""9"": 1, ""10"": 0, ""11"": 0, ""12"": 1, ""13"": 1}",15,"[0.0, 0.0, 0.0, 0.0, 0.0, 0.0, 0.0, 0.0, 0.0, 0.0, 0.0, 0.0, 0.0, 0.0, 0.0]",0.0,0.0,0.0,0.0,0.0,0.0,0.0,0.0,0.0,0.0,0.0,0.0,0.0,0.0,0.0
static-0_1,1,static-0,42,43,3777,2,center,3,far_from_exit_and_main_road,12,86.4655145779252,206.66192820994183,0.8,13,14,"[1, 1, 1, 1, 1, 1, 1, 1, 1, 1, 1, 0, 1, 1]","{""0"": 1, ""1"": 1, ""2"": 1, ""3"": 1, ""4"": 1, ""5"": 1, ""6"": 1, ""7"": 1, ""8"": 1, ""9"": 1, ""10"": 1, ""11"": 0, ""12"": 1, ""13"": 1}",15,"[0.0, 0.0, 0.0, 0.0, 0.0, 0.0, 0.0, 0.0, 0.0, 0.0, 0.0, 0.0, 0.0, 0.0, 0.0]",0.0,0.0,0.0,0.0,0.0,0.0,0.0,0.0,0.0,0.0,0.0,0.0,0.0,0.0,0.0
static-0_2,2,static-0,42,44,4831,1,uniform,1,near_exit,6,26.251288073137403,149.61036271601915,0.8,12,14,"[1, 1, 0, 1, 1, 1, 1, 1, 1, 1, 0, 1, 1, 1]","{""0"": 1, ""1"": 1, ""2"": 0, ""3"": 1, ""4"": 1, ""5"": 1, ""6"": 1, ""7"": 1, ""8"": 1, ""9"": 1, ""10"": 0, ""11"": 1, ""12"": 1, ""13"": 1}",15,"[0.0, 0.0, 0.0, 0.0, 0.0, 0.0, 0.0, 0.0, 0.0, 0.0, 0.0, 0.0, 0.0, 0.0, 0.0]",0.0,0.0,0.0,0.0,0.0,0.0,0.0,0.0,0.0,0.0,0.0,0.0,0.0,0.0,0.0
static-0_3,3,static-0,42,45,5018,1,uniform,3,far_from_exit_and_main_road,2,135.2143654283136,374.6006386834197,0.8,14,14,"[1, 1, 1, 1, 1, 1, 1, 1, 1, 1, 1, 1, 1, 1]","{""0"": 1, ""1"": 1, ""2"": 1, ""3"": 1, ""4"": 1, ""5"": 1, ""6"": 1, ""7"": 1, ""8"": 1, ""9"": 1, ""10"": 1, ""11"": 1, ""12"": 1, ""13"": 1}",15,"[0.0, 0.0, 0.0, 0.0, 0.0, 0.0, 0.0, 0.0, 0.0, 0.0, 0.0, 0.0, 0.0, 0.0, 0.0]",0.0,0.0,0.0,0.0,0.0,0.0,0.0,0.0,0.0,0.0,0.0,0.0,0.0,0.0,0.0
static-0_4,4,static-0,42,46,5766,3,ring,2,near_main_road,16,134.70201228372753,258.9657045942731,0.8,9,14,"[0, 1, 1, 0, 1, 1, 1, 0, 1, 1, 1, 0, 0, 1]","{""0"": 0, ""1"": 1, ""2"": 1, ""3"": 0, ""4"": 1, ""5"": 1, ""6"": 1, ""7"": 0, ""8"": 1, ""9"": 1, ""10"": 1, ""11"": 0, ""12"": 0, ""13"": 1}",15,"[0.0, 0.0, 0.0, 0.0, 0.0, 0.0, 0.0, 0.0, 0.0, 0.0, 0.0, 0.0, 0.0, 0.0, 0.0]",0.0,0.0,0.0,0.0,0.0,0.0,0.0,0.0,0.0,0.0,0.0,0.0,0.0,0.0,0.0
static-0_5,5,static-0,42,47,5757,3,ring,1,near_exit,5,34.374810233712196,214.9597699600272,0.8,13,14,"[1, 1, 1, 1, 1, 1, 1, 1, 1, 1, 1, 0, 1, 1]","{""0"": 1, ""1"": 1, ""2"": 1, ""3"": 1, ""4"": 1, ""5"": 1, ""6"": 1, ""7"": 1, ""8"": 1, ""9"": 1, ""10"": 1, ""11"": 0, ""12"": 1, ""13"": 1}",15,"[0.0, 0.0, 0.0, 0.0, 0.0, 0.0, 0.0, 0.0, 0.0, 0.0, 0.0, 0.0, 0.0, 0.0, 0.0]",0.0,0.0,0.0,0.0,0.0,0.0,0.0,0.0,0.0,0.0,0.0,0.0,0.0,0.0,0.0
static-0_6,6,static-0,42,48,5482,2,center,2,near_main_road,9,180.08427936211228,352.65582518512383,0.8,11,14,"[1, 1, 1, 1, 0, 1, 1, 1, 0, 0, 1, 1, 1, 1]","{""0"": 1, ""1"": 1, ""2"": 1, ""3"": 1, ""4"": 0, ""5"": 1, ""6"": 1, ""7"": 1, ""8"": 0, ""9"": 0, ""10"": 1, ""11"": 1, ""12"": 1, ""13"": 1}",15,"[0.0, 0.0, 0.0, 0.0, 0.0, 0.0, 0.0, 0.0, 0.0, 0.0, 0.0, 0.0, 0.0, 0.0, 0.0]",0.0,0.0,0.0,0.0,0.0,0.0,0.0,0.0,0.0,0.0,0.0,0.0,0.0,0.0,0.0
static-0_7,7,static-0,42,49,4348,3,ring,3,far_from_exit_and_main_road,19,166.7272846736014,178.37646883539855,0.8,13,14,"[1, 1, 1, 1, 1, 1, 1, 1, 1, 1, 1, 1, 0, 1]","{""0"": 1, ""1"": 1, ""2"": 1, ""3"": 1, ""4"": 1, ""5"": 1, ""6"": 1, ""7"": 1, ""8"": 1, ""9"": 1, ""10"": 1, ""11"": 1, ""12"": 0, ""13"": 1}",15,"[0.0, 0.0, 0.0, 0.0, 0.0, 0.0, 0.0, 0.0, 0.0, 0.0, 0.0, 0.0, 0.0, 0.0, 0.0]",0.0,0.0,0.0,0.0,0.0,0.0,0.0,0.0,0.0,0.0,0.0,0.0,0.0,0.0,0.0
static-0_8,8,static-0,42,50,2774,3,ring,2,near_main_road,14,65.86150634847581,146.12098523322493,0.8,11,14,"[1, 1, 1, 1, 1, 0, 1, 1, 1, 1, 1, 0, 0, 1]","{""0"": 1, ""1"": 1, ""2"": 1, ""3"": 1, ""4"": 1, ""5"": 0, ""6"": 1, ""7"": 1, ""8"": 1, ""9"": 1, ""10"": 1, ""11"": 0, ""12"": 0, ""13"": 1}",15,"[0.0, 0.0, 0.0, 0.0, 0.0, 0.0, 0.0, 0.0, 0.0, 0.0, 0.0, 0.0, 0.0, 0.0, 0.0]",0.0,0.0,0.0,0.0,0.0,0.0,0.0,0.0,0.0,0.0,0.0,0.0,0.0,0.0,0.0
static-0_9,9,static-0,42,51,3137,1,uniform,1,near_exit,11,74.4658822324127,300.26813259813935,0.8,11,14,"[1, 1, 1, 0, 1, 1, 0, 1, 0, 1, 1, 1, 1, 1]","{""0"": 1, ""1"": 1, ""2"": 1, ""3"": 0, ""4"": 1, ""5"": 1, ""6"": 0, ""7"": 1, ""8"": 0, ""9"": 1, ""10"": 1, ""11"": 1, ""12"": 1, ""13"": 1}",15,"[0.0, 0.0, 0.0, 0.0, 0.0, 0.0, 0.0, 0.0, 0.0, 0.0, 0.0, 0.0, 0.0, 0.0, 0.0]",0.0,0.0,0.0,0.0,0.0,0.0,0.0,0.0,0.0,0.0,0.0,0.0,0.0,0.0,0.0
static-0_10,10,static-0,42,52,3585,3,ring,1,near_exit,11,74.4658822324127,300.26813259813935,0.8,10,14,"[0, 1, 1, 1, 0, 1, 0, 1, 0, 1, 1, 1, 1, 1]","{""0"": 0, ""1"": 1, ""2"": 1, ""3"": 1, ""4"": 0, ""5"": 1, ""6"": 0, ""7"": 1, ""8"": 0, ""9"": 1, ""10"": 1, ""11"": 1, ""12"": 1, ""13"": 1}",15,"[0.0, 0.0, 0.0, 0.0, 0.0, 0.0, 0.0, 0.0, 0.0, 0.0, 0.0, 0.0, 0.0, 0.0, 0.0]",0.0,0.0,0.0,0.0,0.0,0.0,0.0,0.0,0.0,0.0,0.0,0.0,0.0,0.0,0.0
static-0_11,11,static-0,42,53,5041,2,center,2,near_main_road,12,154.97150951996446,181.80336326546967,0.8,10,14,"[1, 0, 1, 1, 0, 1, 1, 1, 0, 1, 1, 0, 1, 1]","{""0"": 1, ""1"": 0, ""2"": 1, ""3"": 1, ""4"": 0, ""5"": 1, ""6"": 1, ""7"": 1, ""8"": 0, ""9"": 1, ""10"": 1, ""11"": 0, ""12"": 1, ""13"": 1}",15,"[0.0, 0.0, 0.0, 0.0, 0.0, 0.0, 0.0, 0.0, 0.0, 0.0, 0.0, 0.0, 0.0, 0.0, 0.0]",0.0,0.0,0.0,0.0,0.0,0.0,0.0,0.0,0.0,0.0,0.0,0.0,0.0,0.0,0.0
static-0_12,12,static-0,42,54,4248,1,uniform,1,near_exit,9,99.46174082159996,359.97675951663405,0.8,9,14,"[0, 1, 1, 1, 0, 1, 1, 1, 1, 0, 0, 1, 1, 0]","{""0"": 0, ""1"": 1, ""2"": 1, ""3"": 1, ""4"": 0, ""5"": 1, ""6"": 1, ""7"": 1, ""8"": 1, ""9"": 0, ""10"": 0, ""11"": 1, ""12"": 1, ""13"": 0}",15,"[0.0, 0.0, 0.0, 0.0, 0.0, 0.0, 0.0, 0.0, 0.0, 0.0, 0.0, 0.0, 0.0, 0.0, 0.0]",0.0,0.0,0.0,0.0,0.0,0.0,0.0,0.0,0.0,0.0,0.0,0.0,0.0,0.0,0.0
static-0_13,13,static-0,42,55,4945,1,uniform,1,near_exit,2,218.32077577710152,98.24949029041454,0.8,11,14,"[1, 0, 1, 1, 0, 1, 1, 1, 1, 0, 1, 1, 1, 1]","{""0"": 1, ""1"": 0, ""2"": 1, ""3"": 1, ""4"": 0, ""5"": 1, ""6"": 1, ""7"": 1, ""8"": 1, ""9"": 0, ""10"": 1, ""11"": 1, ""12"": 1, ""13"": 1}",15,"[0.0, 0.0, 0.0, 0.0, 0.0, 0.0, 0.0, 0.0, 0.0, 0.0, 0.0, 0.0, 0.0, 0.0, 0.0]",0.0,0.0,0.0,0.0,0.0,0.0,0.0,0.0,0.0,0.0,0.0,0.0,0.0,0.0,0.0
static-0_14,14,static-0,42,56,2863,3,ring,1,near_exit,3,266.886261947453,161.88702389178798,0.8,11,14,"[0, 1, 1, 1, 1, 0, 1, 1, 1, 1, 1, 0, 1, 1]","{""0"": 0, ""1"": 1, ""2"": 1, ""3"": 1, ""4"": 1, ""5"": 0, ""6"": 1, ""7"": 1, ""8"": 1, ""9"": 1, ""10"": 1, ""11"": 0, ""12"": 1, ""13"": 1}",15,"[0.0, 0.0, 0.0, 0.0, 0.0, 0.0, 0.0, 0.0, 0.0, 0.0, 0.0, 0.0, 0.0, 0.0, 0.0]",0.0,0.0,0.0,0.0,0.0,0.0,0.0,0.0,0.0,0.0,0.0,0.0,0.0,0.0,0.0
static-0_15,15,static-0,42,57,2445,3,ring,3,far_from_exit_and_main_road,18,220.97559298947453,223.2789021898061,0.8,11,14,"[1, 1, 1, 1, 0, 1, 0, 1, 0, 1, 1, 1, 1, 1]","{""0"": 1, ""1"": 1, ""2"": 1, ""3"": 1, ""4"": 0, ""5"": 1, ""6"": 0, ""7"": 1, ""8"": 0, ""9"": 1, ""10"": 1, ""11"": 1, ""12"": 1, ""13"": 1}",15,"[0.0, 0.0, 0.0, 0.0, 0.0, 0.0, 0.0, 0.0, 0.0, 0.0, 0.0, 0.0, 0.0, 0.0, 0.0]",0.0,0.0,0.0,0.0,0.0,0.0,0.0,0.0,0.0,0.0,0.0,0.0,0.0,0.0,0.0
static-0_16,16,static-0,42,58,4005,1,uniform,2,near_main_road,5,193.32523366622627,216.92377928225324,0.8,9,14,"[1, 1, 1, 0, 1, 1, 1, 1, 0, 0, 0, 1, 0, 1]","{""0"": 1, ""1"": 1, ""2"": 1, ""3"": 0, ""4"": 1, ""5"": 1, ""6"": 1, ""7"": 1, ""8"": 0, ""9"": 0, ""10"": 0, ""11"": 1, ""12"": 0, ""13"": 1}",15,"[0.0, 0.0, 0.0, 0.0, 0.0, 0.0, 0.0, 0.0, 0.0, 0.0, 0.0, 0.0, 0.0, 0.0, 0.0]",0.0,0.0,0.0,0.0,0.0,0.0,0.0,0.0,0.0,0.0,0.0,0.0,0.0,0.0,0.0
static-0_17,17,static-0,42,59,3388,2,center,1,near_exit,2,218.32077577710152,98.24949029041454,0.8,9,14,"[1, 0, 0, 1, 0, 1, 1, 1, 0, 1, 0, 1, 1, 1]","{""0"": 1, ""1"": 0, ""2"": 0, ""3"": 1, ""4"": 0, ""5"": 1, ""6"": 1, ""7"": 1, ""8"": 0, ""9"": 1, ""10"": 0, ""11"": 1, ""12"": 1, ""13"": 1}",15,"[0.0, 0.0, 0.0, 0.0, 0.0, 0.0, 0.0, 0.0, 0.0, 0.0, 0.0, 0.0, 0.0, 0.0, 0.0]",0.0,0.0,0.0,0.0,0.0,0.0,0.0,0.0,0.0,0.0,0.0,0.0,0.0,0.0,0.0
static-0_18,18,static-0,42,60,2037,3,ring,1,near_exit,4,253.88965937122703,250.78205533977598,0.8,11,14,"[1, 1, 1, 0, 1, 1, 0, 1, 0, 1, 1, 1, 1, 1]","{""0"": 1, ""1"": 1, ""2"": 1, ""3"": 0, ""4"": 1, ""5"": 1, ""6"": 0, ""7"": 1, ""8"": 0, ""9"": 1, ""10"": 1, ""11"": 1, ""12"": 1, ""13"": 1}",15,"[0.0, 0.0, 0.0, 0.0, 0.0, 0.0, 0.0, 0.0, 0.0, 0.0, 0.0, 0.0, 0.0, 0.0, 0.0]",0.0,0.0,0.0,0.0,0.0,0.0,0.0,0.0,0.0,0.0,0.0,0.0,0.0,0.0,0.0
static-0_19,19,static-0,42,61,4600,2,center,3,far_from_exit_and_main_road,11,107.66569153219461,244.24434981588274,0.8,12,14,"[1, 1, 0, 1, 1, 1, 1, 1, 1, 1, 1, 1, 0, 1]","{""0"": 1, ""1"": 1, ""2"": 0, ""3"": 1, ""4"": 1, ""5"": 1, ""6"": 1, ""7"": 1, ""8"": 1, ""9"": 1, ""10"": 1, ""11"": 1, ""12"": 0, ""13"": 1}",15,"[0.0, 0.0, 0.0, 0.0, 0.0, 0.0, 0.0, 0.0, 0.0, 0.0, 0.0, 0.0, 0.0, 0.0, 0.0]",0.0,0.0,0.0,0.0,0.0,0.0,0.0,0.0,0.0,0.0,0.0,0.0,0.0,0.0,0.0
static-0_20,20,static-0,42,62,4124,2,center,1,near_exit,4,253.88965937122703,250.78205533977598,0.8,9,14,"[0, 1, 0, 1, 1, 0, 1, 1, 1, 0, 0, 1, 1, 1]","{""0"": 0, ""1"": 1, ""2"": 0, ""3"": 1, ""4"": 1, ""5"": 0, ""6"": 1, ""7"": 1, ""8"": 1, ""9"": 0, ""10"": 0, ""11"": 1, ""12"": 1, ""13"": 1}",15,"[0.0, 0.0, 0.0, 0.0, 0.0, 0.0, 0.0, 0.0, 0.0, 0.0, 0.0, 0.0, 0.0, 0.0, 0.0]",0.0,0.0,0.0,0.0,0.0,0.0,0.0,0.0,0.0,0.0,0.0,0.0,0.0,0.0,0.0
density-10_1,1,density-10,42,43,3777,2,center,3,far_from_exit_and_main_road,12,86.4655145779252,206.66192820994183,0.8,13,14,"[1, 1, 1, 1, 1, 1, 1, 1, 1, 1, 1, 0, 1, 1]","{""0"": 1, ""1"": 1, ""2"": 1, ""3"": 1, ""4"": 1, ""5"": 1, ""6"": 1, ""7"": 1, ""8"": 1, ""9"": 1, ""10"": 1, ""11"": 0, ""12"": 1, ""13"": 1}",15,"[0.0, 0.0, 0.0, 0.0, 0.0, 0.0, 0.0, 0.0, 0.0, 0.0, 0.0, 0.0, 0.0, 0.0, 0.0]",0.0,0.0,0.0,0.0,0.0,0.0,0.0,0.0,0.0,0.0,0.0,0.0,0.0,0.0,0.0
density-10_2,2,density-10,42,44,4831,1,uniform,1,near_exit,6,26.251288073137403,149.61036271601915,0.8,12,14,"[1, 1, 0, 1, 1, 1, 1, 1, 1, 1, 0, 1, 1, 1]","{""0"": 1, ""1"": 1, ""2"": 0, ""3"": 1, ""4"": 1, ""5"": 1, ""6"": 1, ""7"": 1, ""8"": 1, ""9"": 1, ""10"": 0, ""11"": 1, ""12"": 1, ""13"": 1}",15,"[0.0, 0.0, 0.0, 0.0, 0.0, 0.0, 0.0, 0.0, 0.0, 0.0, 0.0, 0.0, 0.0, 0.0, 0.0]",0.0,0.0,0.0,0.0,0.0,0.0,0.0,0.0,0.0,0.0,0.0,0.0,0.0,0.0,0.0
density-10_3,3,density-10,42,45,5018,1,uniform,3,far_from_exit_and_main_road,2,135.2143654283136,374.6006386834197,0.8,14,14,"[1, 1, 1, 1, 1, 1, 1, 1, 1, 1, 1, 1, 1, 1]","{""0"": 1, ""1"": 1, ""2"": 1, ""3"": 1, ""4"": 1, ""5"": 1, ""6"": 1, ""7"": 1, ""8"": 1, ""9"": 1, ""10"": 1, ""11"": 1, ""12"": 1, ""13"": 1}",15,"[0.0, 0.0, 0.0, 0.0, 0.0, 0.0, 0.0, 0.0, 0.0, 0.0, 0.0, 0.0, 0.0, 0.0, 0.0]",0.0,0.0,0.0,0.0,0.0,0.0,0.0,0.0,0.0,0.0,0.0,0.0,0.0,0.0,0.0
density-10_4,4,density-10,42,46,5766,3,ring,2,near_main_road,16,134.70201228372753,258.9657045942731,0.8,9,14,"[0, 1, 1, 0, 1, 1, 1, 0, 1, 1, 1, 0, 0, 1]","{""0"": 0, ""1"": 1, ""2"": 1, ""3"": 0, ""4"": 1, ""5"": 1, ""6"": 1, ""7"": 0, ""8"": 1, ""9"": 1, ""10"": 1, ""11"": 0, ""12"": 0, ""13"": 1}",15,"[0.0, 0.0, 0.0, 0.0, 0.0, 0.0, 0.0, 0.0, 0.0, 0.0, 0.0, 0.0, 0.0, 0.0, 0.0]",0.0,0.0,0.0,0.0,0.0,0.0,0.0,0.0,0.0,0.0,0.0,0.0,0.0,0.0,0.0
density-10_5,5,density-10,42,47,5757,3,ring,1,near_exit,5,34.374810233712196,214.9597699600272,0.8,13,14,"[1, 1, 1, 1, 1, 1, 1, 1, 1, 1, 1, 0, 1, 1]","{""0"": 1, ""1"": 1, ""2"": 1, ""3"": 1, ""4"": 1, ""5"": 1, ""6"": 1, ""7"": 1, ""8"": 1, ""9"": 1, ""10"": 1, ""11"": 0, ""12"": 1, ""13"": 1}",15,"[0.0, 0.0, 0.0, 0.0, 0.0, 0.0, 0.0, 0.0, 0.0, 0.0, 0.0, 0.0, 0.0, 0.0, 0.0]",0.0,0.0,0.0,0.0,0.0,0.0,0.0,0.0,0.0,0.0,0.0,0.0,0.0,0.0,0.0
density-10_6,6,density-10,42,48,5482,2,center,2,near_main_road,9,180.08427936211228,352.65582518512383,0.8,11,14,"[1, 1, 1, 1, 0, 1, 1, 1, 0, 0, 1, 1, 1, 1]","{""0"": 1, ""1"": 1, ""2"": 1, ""3"": 1, ""4"": 0, ""5"": 1, ""6"": 1, ""7"": 1, ""8"": 0, ""9"": 0, ""10"": 1, ""11"": 1, ""12"": 1, ""13"": 1}",15,"[0.0, 0.0, 0.0, 0.0, 0.0, 0.0, 0.0, 0.0, 0.0, 0.0, 0.0, 0.0, 0.0, 0.0, 0.0]",0.0,0.0,0.0,0.0,0.0,0.0,0.0,0.0,0.0,0.0,0.0,0.0,0.0,0.0,0.0
density-10_7,7,density-10,42,49,4348,3,ring,3,far_from_exit_and_main_road,19,166.7272846736014,178.37646883539855,0.8,13,14,"[1, 1, 1, 1, 1, 1, 1, 1, 1, 1, 1, 1, 0, 1]","{""0"": 1, ""1"": 1, ""2"": 1, ""3"": 1, ""4"": 1, ""5"": 1, ""6"": 1, ""7"": 1, ""8"": 1, ""9"": 1, ""10"": 1, ""11"": 1, ""12"": 0, ""13"": 1}",15,"[0.0, 0.0, 0.0, 0.0, 0.0, 0.0, 0.0, 0.0, 0.0, 0.0, 0.0, 0.0, 0.0, 0.0, 0.0]",0.0,0.0,0.0,0.0,0.0,0.0,0.0,0.0,0.0,0.0,0.0,0.0,0.0,0.0,0.0
density-10_8,8,density-10,42,50,2774,3,ring,2,near_main_road,14,65.86150634847581,146.12098523322493,0.8,11,14,"[1, 1, 1, 1, 1, 0, 1, 1, 1, 1, 1, 0, 0, 1]","{""0"": 1, ""1"": 1, ""2"": 1, ""3"": 1, ""4"": 1, ""5"": 0, ""6"": 1, ""7"": 1, ""8"": 1, ""9"": 1, ""10"": 1, ""11"": 0, ""12"": 0, ""13"": 1}",15,"[0.0, 0.0, 0.0, 0.0, 0.0, 0.0, 0.0, 0.0, 0.0, 0.0, 0.0, 0.0, 0.0, 0.0, 0.0]",0.0,0.0,0.0,0.0,0.0,0.0,0.0,0.0,0.0,0.0,0.0,0.0,0.0,0.0,0.0
density-10_9,9,density-10,42,51,3137,1,uniform,1,near_exit,11,74.4658822324127,300.26813259813935,0.8,11,14,"[1, 1, 1, 0, 1, 1, 0, 1, 0, 1, 1, 1, 1, 1]","{""0"": 1, ""1"": 1, ""2"": 1, ""3"": 0, ""4"": 1, ""5"": 1, ""6"": 0, ""7"": 1, ""8"": 0, ""9"": 1, ""10"": 1, ""11"": 1, ""12"": 1, ""13"": 1}",15,"[0.0, 0.0, 0.0, 0.0, 0.0, 0.0, 0.0, 0.0, 0.0, 0.0, 0.0, 0.0, 0.0, 0.0, 0.0]",0.0,0.0,0.0,0.0,0.0,0.0,0.0,0.0,0.0,0.0,0.0,0.0,0.0,0.0,0.0
density-10_10,10,density-10,42,52,3585,3,ring,1,near_exit,11,74.4658822324127,300.26813259813935,0.8,10,14,"[0, 1, 1, 1, 0, 1, 0, 1, 0, 1, 1, 1, 1, 1]","{""0"": 0, ""1"": 1, ""2"": 1, ""3"": 1, ""4"": 0, ""5"": 1, ""6"": 0, ""7"": 1, ""8"": 0, ""9"": 1, ""10"": 1, ""11"": 1, ""12"": 1, ""13"": 1}",15,"[0.0, 0.0, 0.0, 0.0, 0.0, 0.0, 0.0, 0.0, 0.0, 0.0, 0.0, 0.0, 0.0, 0.0, 0.0]",0.0,0.0,0.0,0.0,0.0,0.0,0.0,0.0,0.0,0.0,0.0,0.0,0.0,0.0,0.0
density-10_11,11,density-10,42,53,5041,2,center,2,near_main_road,12,154.97150951996446,181.80336326546967,0.8,10,14,"[1, 0, 1, 1, 0, 1, 1, 1, 0, 1, 1, 0, 1, 1]","{""0"": 1, ""1"": 0, ""2"": 1, ""3"": 1, ""4"": 0, ""5"": 1, ""6"": 1, ""7"": 1, ""8"": 0, ""9"": 1, ""10"": 1, ""11"": 0, ""12"": 1, ""13"": 1}",15,"[0.0, 0.0, 0.0, 0.0, 0.0, 0.0, 0.0, 0.0, 0.0, 0.0, 0.0, 0.0, 0.0, 0.0, 0.0]",0.0,0.0,0.0,0.0,0.0,0.0,0.0,0.0,0.0,0.0,0.0,0.0,0.0,0.0,0.0
density-10_12,12,density-10,42,54,4248,1,uniform,1,near_exit,9,99.46174082159996,359.97675951663405,0.8,9,14,"[0, 1, 1, 1, 0, 1, 1, 1, 1, 0, 0, 1, 1, 0]","{""0"": 0, ""1"": 1, ""2"": 1, ""3"": 1, ""4"": 0, ""5"": 1, ""6"": 1, ""7"": 1, ""8"": 1, ""9"": 0, ""10"": 0, ""11"": 1, ""12"": 1, ""13"": 0}",15,"[0.0, 0.0, 0.0, 0.0, 0.0, 0.0, 0.0, 0.0, 0.0, 0.0, 0.0, 0.0, 0.0, 0.0, 0.0]",0.0,0.0,0.0,0.0,0.0,0.0,0.0,0.0,0.0,0.0,0.0,0.0,0.0,0.0,0.0
density-10_13,13,density-10,42,55,4945,1,uniform,1,near_exit,2,218.32077577710152,98.24949029041454,0.8,11,14,"[1, 0, 1, 1, 0, 1, 1, 1, 1, 0, 1, 1, 1, 1]","{""0"": 1, ""1"": 0, ""2"": 1, ""3"": 1, ""4"": 0, ""5"": 1, ""6"": 1, ""7"": 1, ""8"": 1, ""9"": 0, ""10"": 1, ""11"": 1, ""12"": 1, ""13"": 1}",15,"[0.0, 0.0, 0.0, 0.0, 0.0, 0.0, 0.0, 0.0, 0.0, 0.0, 0.0, 0.0, 0.0, 0.0, 0.0]",0.0,0.0,0.0,0.0,0.0,0.0,0.0,0.0,0.0,0.0,0.0,0.0,0.0,0.0,0.0
density-10_14,14,density-10,42,56,2863,3,ring,1,near_exit,3,266.886261947453,161.88702389178798,0.8,11,14,"[0, 1, 1, 1, 1, 0, 1, 1, 1, 1, 1, 0, 1, 1]","{""0"": 0, ""1"": 1, ""2"": 1, ""3"": 1, ""4"": 1, ""5"": 0, ""6"": 1, ""7"": 1, ""8"": 1, ""9"": 1, ""10"": 1, ""11"": 0, ""12"": 1, ""13"": 1}",15,"[0.0, 0.0, 0.0, 0.0, 0.0, 0.0, 0.0, 0.0, 0.0, 0.0, 0.0, 0.0, 0.0, 0.0, 0.0]",0.0,0.0,0.0,0.0,0.0,0.0,0.0,0.0,0.0,0.0,0.0,0.0,0.0,0.0,0.0
density-10_15,15,density-10,42,57,2445,3,ring,3,far_from_exit_and_main_road,18,220.97559298947453,223.2789021898061,0.8,11,14,"[1, 1, 1, 1, 0, 1, 0, 1, 0, 1, 1, 1, 1, 1]","{""0"": 1, ""1"": 1, ""2"": 1, ""3"": 1, ""4"": 0, ""5"": 1, ""6"": 0, ""7"": 1, ""8"": 0, ""9"": 1, ""10"": 1, ""11"": 1, ""12"": 1, ""13"": 1}",15,"[0.0, 0.0, 0.0, 0.0, 0.0, 0.0, 0.0, 0.0, 0.0, 0.0, 0.0, 0.0, 0.0, 0.0, 0.0]",0.0,0.0,0.0,0.0,0.0,0.0,0.0,0.0,0.0,0.0,0.0,0.0,0.0,0.0,0.0
density-10_16,16,density-10,42,58,4005,1,uniform,2,near_main_road,5,193.32523366622627,216.92377928225324,0.8,9,14,"[1, 1, 1, 0, 1, 1, 1, 1, 0, 0, 0, 1, 0, 1]","{""0"": 1, ""1"": 1, ""2"": 1, ""3"": 0, ""4"": 1, ""5"": 1, ""6"": 1, ""7"": 1, ""8"": 0, ""9"": 0, ""10"": 0, ""11"": 1, ""12"": 0, ""13"": 1}",15,"[0.0, 0.0, 0.0, 0.0, 0.0, 0.0, 0.0, 0.0, 0.0, 0.0, 0.0, 0.0, 0.0, 0.0, 0.0]",0.0,0.0,0.0,0.0,0.0,0.0,0.0,0.0,0.0,0.0,0.0,0.0,0.0,0.0,0.0
density-10_17,17,density-10,42,59,3388,2,center,1,near_exit,2,218.32077577710152,98.24949029041454,0.8,9,14,"[1, 0, 0, 1, 0, 1, 1, 1, 0, 1, 0, 1, 1, 1]","{""0"": 1, ""1"": 0, ""2"": 0, ""3"": 1, ""4"": 0, ""5"": 1, ""6"": 1, ""7"": 1, ""8"": 0, ""9"": 1, ""10"": 0, ""11"": 1, ""12"": 1, ""13"": 1}",15,"[0.0, 0.0, 0.0, 0.0, 0.0, 0.0, 0.0, 0.0, 0.0, 0.0, 0.0, 0.0, 0.0, 0.0, 0.0]",0.0,0.0,0.0,0.0,0.0,0.0,0.0,0.0,0.0,0.0,0.0,0.0,0.0,0.0,0.0
density-10_18,18,density-10,42,60,2037,3,ring,1,near_exit,4,253.88965937122703,250.78205533977598,0.8,11,14,"[1, 1, 1, 0, 1, 1, 0, 1, 0, 1, 1, 1, 1, 1]","{""0"": 1, ""1"": 1, ""2"": 1, ""3"": 0, ""4"": 1, ""5"": 1, ""6"": 0, ""7"": 1, ""8"": 0, ""9"": 1, ""10"": 1, ""11"": 1, ""12"": 1, ""13"": 1}",15,"[0.0, 0.0, 0.0, 0.0, 0.0, 0.0, 0.0, 0.0, 0.0, 0.0, 0.0, 0.0, 0.0, 0.0, 0.0]",0.0,0.0,0.0,0.0,0.0,0.0,0.0,0.0,0.0,0.0,0.0,0.0,0.0,0.0,0.0
density-10_19,19,density-10,42,61,4600,2,center,3,far_from_exit_and_main_road,11,107.66569153219461,244.24434981588274,0.8,12,14,"[1, 1, 0, 1, 1, 1, 1, 1, 1, 1, 1, 1, 0, 1]","{""0"": 1, ""1"": 1, ""2"": 0, ""3"": 1, ""4"": 1, ""5"": 1, ""6"": 1, ""7"": 1, ""8"": 1, ""9"": 1, ""10"": 1, ""11"": 1, ""12"": 0, ""13"": 1}",15,"[0.0, 0.0, 0.0, 0.0, 0.0, 0.0, 0.0, 0.0, 0.0, 0.0, 0.0, 0.0, 0.0, 0.0, 0.0]",0.0,0.0,0.0,0.0,0.0,0.0,0.0,0.0,0.0,0.0,0.0,0.0,0.0,0.0,0.0
density-10_20,20,density-10,42,62,4124,2,center,1,near_exit,4,253.88965937122703,250.78205533977598,0.8,9,14,"[0, 1, 0, 1, 1, 0, 1, 1, 1, 0, 0, 1, 1, 1]","{""0"": 0, ""1"": 1, ""2"": 0, ""3"": 1, ""4"": 1, ""5"": 0, ""6"": 1, ""7"": 1, ""8"": 1, ""9"": 0, ""10"": 0, ""11"": 1, ""12"": 1, ""13"": 1}",15,"[0.0, 0.0, 0.0, 0.0, 0.0, 0.0, 0.0, 0.0, 0.0, 0.0, 0.0, 0.0, 0.0, 0.0, 0.0]",0.0,0.0,0.0,0.0,0.0,0.0,0.0,0.0,0.0,0.0,0.0,0.0,0.0,0.0,0.0
static-0_1,1,static-0,42,43,3777,2,center,3,far_from_exit_and_main_road,12,86.4655145779252,206.66192820994183,0.8,13,14,"[1, 1, 1, 1, 1, 1, 1, 1, 1, 1, 1, 0, 1, 1]","{""0"": 1, ""1"": 1, ""2"": 1, ""3"": 1, ""4"": 1, ""5"": 1, ""6"": 1, ""7"": 1, ""8"": 1, ""9"": 1, ""10"": 1, ""11"": 0, ""12"": 1, ""13"": 1}",15,"[0.0, 0.0, 0.0, 0.0, 0.0, 0.0, 0.0, 0.0, 0.0, 0.0, 0.0, 0.0, 0.0, 0.0, 0.0]",0.0,0.0,0.0,0.0,0.0,0.0,0.0,0.0,0.0,0.0,0.0,0.0,0.0,0.0,0.0
static-0_2,2,static-0,42,44,4831,1,uniform,1,near_exit,6,26.251288073137403,149.61036271601915,0.8,12,14,"[1, 1, 0, 1, 1, 1, 1, 1, 1, 1, 0, 1, 1, 1]","{""0"": 1, ""1"": 1, ""2"": 0, ""3"": 1, ""4"": 1, ""5"": 1, ""6"": 1, ""7"": 1, ""8"": 1, ""9"": 1, ""10"": 0, ""11"": 1, ""12"": 1, ""13"": 1}",15,"[0.0, 0.0, 0.0, 0.0, 0.0, 0.0, 0.0, 0.0, 0.0, 0.0, 0.0, 0.0, 0.0, 0.0, 0.0]",0.0,0.0,0.0,0.0,0.0,0.0,0.0,0.0,0.0,0.0,0.0,0.0,0.0,0.0,0.0
static-0_3,3,static-0,42,45,5018,1,uniform,3,far_from_exit_and_main_road,2,135.2143654283136,374.6006386834197,0.8,14,14,"[1, 1, 1, 1, 1, 1, 1, 1, 1, 1, 1, 1, 1, 1]","{""0"": 1, ""1"": 1, ""2"": 1, ""3"": 1, ""4"": 1, ""5"": 1, ""6"": 1, ""7"": 1, ""8"": 1, ""9"": 1, ""10"": 1, ""11"": 1, ""12"": 1, ""13"": 1}",15,"[0.0, 0.0, 0.0, 0.0, 0.0, 0.0, 0.0, 0.0, 0.0, 0.0, 0.0, 0.0, 0.0, 0.0, 0.0]",0.0,0.0,0.0,0.0,0.0,0.0,0.0,0.0,0.0,0.0,0.0,0.0,0.0,0.0,0.0
static-0_4,4,static-0,42,46,5766,3,ring,2,near_main_road,16,134.70201228372753,258.9657045942731,0.8,9,14,"[0, 1, 1, 0, 1, 1, 1, 0, 1, 1, 1, 0, 0, 1]","{""0"": 0, ""1"": 1, ""2"": 1, ""3"": 0, ""4"": 1, ""5"": 1, ""6"": 1, ""7"": 0, ""8"": 1, ""9"": 1, ""10"": 1, ""11"": 0, ""12"": 0, ""13"": 1}",15,"[0.0, 0.0, 0.0, 0.0, 0.0, 0.0, 0.0, 0.0, 0.0, 0.0, 0.0, 0.0, 0.0, 0.0, 0.0]",0.0,0.0,0.0,0.0,0.0,0.0,0.0,0.0,0.0,0.0,0.0,0.0,0.0,0.0,0.0
static-0_5,5,static-0,42,47,5757,3,ring,1,near_exit,5,34.374810233712196,214.9597699600272,0.8,13,14,"[1, 1, 1, 1, 1, 1, 1, 1, 1, 1, 1, 0, 1, 1]","{""0"": 1, ""1"": 1, ""2"": 1, ""3"": 1, ""4"": 1, ""5"": 1, ""6"": 1, ""7"": 1, ""8"": 1, ""9"": 1, ""10"": 1, ""11"": 0, ""12"": 1, ""13"": 1}",15,"[0.0, 0.0, 0.0, 0.0, 0.0, 0.0, 0.0, 0.0, 0.0, 0.0, 0.0, 0.0, 0.0, 0.0, 0.0]",0.0,0.0,0.0,0.0,0.0,0.0,0.0,0.0,0.0,0.0,0.0,0.0,0.0,0.0,0.0
static-0_6,6,static-0,42,48,5482,2,center,2,near_main_road,9,180.08427936211228,352.65582518512383,0.8,11,14,"[1, 1, 1, 1, 0, 1, 1, 1, 0, 0, 1, 1, 1, 1]","{""0"": 1, ""1"": 1, ""2"": 1, ""3"": 1, ""4"": 0, ""5"": 1, ""6"": 1, ""7"": 1, ""8"": 0, ""9"": 0, ""10"": 1, ""11"": 1, ""12"": 1, ""13"": 1}",15,"[0.0, 0.0, 0.0, 0.0, 0.0, 0.0, 0.0, 0.0, 0.0, 0.0, 0.0, 0.0, 0.0, 0.0, 0.0]",0.0,0.0,0.0,0.0,0.0,0.0,0.0,0.0,0.0,0.0,0.0,0.0,0.0,0.0,0.0
static-0_7,7,static-0,42,49,4348,3,ring,3,far_from_exit_and_main_road,19,166.7272846736014,178.37646883539855,0.8,13,14,"[1, 1, 1, 1, 1, 1, 1, 1, 1, 1, 1, 1, 0, 1]","{""0"": 1, ""1"": 1, ""2"": 1, ""3"": 1, ""4"": 1, ""5"": 1, ""6"": 1, ""7"": 1, ""8"": 1, ""9"": 1, ""10"": 1, ""11"": 1, ""12"": 0, ""13"": 1}",15,"[0.0, 0.0, 0.0, 0.0, 0.0, 0.0, 0.0, 0.0, 0.0, 0.0, 0.0, 0.0, 0.0, 0.0, 0.0]",0.0,0.0,0.0,0.0,0.0,0.0,0.0,0.0,0.0,0.0,0.0,0.0,0.0,0.0,0.0
static-0_8,8,static-0,42,50,2774,3,ring,2,near_main_road,14,65.86150634847581,146.12098523322493,0.8,11,14,"[1, 1, 1, 1, 1, 0, 1, 1, 1, 1, 1, 0, 0, 1]","{""0"": 1, ""1"": 1, ""2"": 1, ""3"": 1, ""4"": 1, ""5"": 0, ""6"": 1, ""7"": 1, ""8"": 1, ""9"": 1, ""10"": 1, ""11"": 0, ""12"": 0, ""13"": 1}",15,"[0.0, 0.0, 0.0, 0.0, 0.0, 0.0, 0.0, 0.0, 0.0, 0.0, 0.0, 0.0, 0.0, 0.0, 0.0]",0.0,0.0,0.0,0.0,0.0,0.0,0.0,0.0,0.0,0.0,0.0,0.0,0.0,0.0,0.0
static-0_9,9,static-0,42,51,3137,1,uniform,1,near_exit,11,74.4658822324127,300.26813259813935,0.8,11,14,"[1, 1, 1, 0, 1, 1, 0, 1, 0, 1, 1, 1, 1, 1]","{""0"": 1, ""1"": 1, ""2"": 1, ""3"": 0, ""4"": 1, ""5"": 1, ""6"": 0, ""7"": 1, ""8"": 0, ""9"": 1, ""10"": 1, ""11"": 1, ""12"": 1, ""13"": 1}",15,"[0.0, 0.0, 0.0, 0.0, 0.0, 0.0, 0.0, 0.0, 0.0, 0.0, 0.0, 0.0, 0.0, 0.0, 0.0]",0.0,0.0,0.0,0.0,0.0,0.0,0.0,0.0,0.0,0.0,0.0,0.0,0.0,0.0,0.0
static-0_10,10,static-0,42,52,3585,3,ring,1,near_exit,11,74.4658822324127,300.26813259813935,0.8,10,14,"[0, 1, 1, 1, 0, 1, 0, 1, 0, 1, 1, 1, 1, 1]","{""0"": 0, ""1"": 1, ""2"": 1, ""3"": 1, ""4"": 0, ""5"": 1, ""6"": 0, ""7"": 1, ""8"": 0, ""9"": 1, ""10"": 1, ""11"": 1, ""12"": 1, ""13"": 1}",15,"[0.0, 0.0, 0.0, 0.0, 0.0, 0.0, 0.0, 0.0, 0.0, 0.0, 0.0, 0.0, 0.0, 0.0, 0.0]",0.0,0.0,0.0,0.0,0.0,0.0,0.0,0.0,0.0,0.0,0.0,0.0,0.0,0.0,0.0
static-0_11,11,static-0,42,53,5041,2,center,2,near_main_road,12,154.97150951996446,181.80336326546967,0.8,10,14,"[1, 0, 1, 1, 0, 1, 1, 1, 0, 1, 1, 0, 1, 1]","{""0"": 1, ""1"": 0, ""2"": 1, ""3"": 1, ""4"": 0, ""5"": 1, ""6"": 1, ""7"": 1, ""8"": 0, ""9"": 1, ""10"": 1, ""11"": 0, ""12"": 1, ""13"": 1}",15,"[0.0, 0.0, 0.0, 0.0, 0.0, 0.0, 0.0, 0.0, 0.0, 0.0, 0.0, 0.0, 0.0, 0.0, 0.0]",0.0,0.0,0.0,0.0,0.0,0.0,0.0,0.0,0.0,0.0,0.0,0.0,0.0,0.0,0.0
static-0_12,12,static-0,42,54,4248,1,uniform,1,near_exit,9,99.46174082159996,359.97675951663405,0.8,9,14,"[0, 1, 1, 1, 0, 1, 1, 1, 1, 0, 0, 1, 1, 0]","{""0"": 0, ""1"": 1, ""2"": 1, ""3"": 1, ""4"": 0, ""5"": 1, ""6"": 1, ""7"": 1, ""8"": 1, ""9"": 0, ""10"": 0, ""11"": 1, ""12"": 1, ""13"": 0}",15,"[0.0, 0.0, 0.0, 0.0, 0.0, 0.0, 0.0, 0.0, 0.0, 0.0, 0.0, 0.0, 0.0, 0.0, 0.0]",0.0,0.0,0.0,0.0,0.0,0.0,0.0,0.0,0.0,0.0,0.0,0.0,0.0,0.0,0.0
static-0_13,13,static-0,42,55,4945,1,uniform,1,near_exit,2,218.32077577710152,98.24949029041454,0.8,11,14,"[1, 0, 1, 1, 0, 1, 1, 1, 1, 0, 1, 1, 1, 1]","{""0"": 1, ""1"": 0, ""2"": 1, ""3"": 1, ""4"": 0, ""5"": 1, ""6"": 1, ""7"": 1, ""8"": 1, ""9"": 0, ""10"": 1, ""11"": 1, ""12"": 1, ""13"": 1}",15,"[0.0, 0.0, 0.0, 0.0, 0.0, 0.0, 0.0, 0.0, 0.0, 0.0, 0.0, 0.0, 0.0, 0.0, 0.0]",0.0,0.0,0.0,0.0,0.0,0.0,0.0,0.0,0.0,0.0,0.0,0.0,0.0,0.0,0.0
static-0_14,14,static-0,42,56,2863,3,ring,1,near_exit,3,266.886261947453,161.88702389178798,0.8,11,14,"[0, 1, 1, 1, 1, 0, 1, 1, 1, 1, 1, 0, 1, 1]","{""0"": 0, ""1"": 1, ""2"": 1, ""3"": 1, ""4"": 1, ""5"": 0, ""6"": 1, ""7"": 1, ""8"": 1, ""9"": 1, ""10"": 1, ""11"": 0, ""12"": 1, ""13"": 1}",15,"[0.0, 0.0, 0.0, 0.0, 0.0, 0.0, 0.0, 0.0, 0.0, 0.0, 0.0, 0.0, 0.0, 0.0, 0.0]",0.0,0.0,0.0,0.0,0.0,0.0,0.0,0.0,0.0,0.0,0.0,0.0,0.0,0.0,0.0
static-0_15,15,static-0,42,57,2445,3,ring,3,far_from_exit_and_main_road,18,220.97559298947453,223.2789021898061,0.8,11,14,"[1, 1, 1, 1, 0, 1, 0, 1, 0, 1, 1, 1, 1, 1]","{""0"": 1, ""1"": 1, ""2"": 1, ""3"": 1, ""4"": 0, ""5"": 1, ""6"": 0, ""7"": 1, ""8"": 0, ""9"": 1, ""10"": 1, ""11"": 1, ""12"": 1, ""13"": 1}",15,"[0.0, 0.0, 0.0, 0.0, 0.0, 0.0, 0.0, 0.0, 0.0, 0.0, 0.0, 0.0, 0.0, 0.0, 0.0]",0.0,0.0,0.0,0.0,0.0,0.0,0.0,0.0,0.0,0.0,0.0,0.0,0.0,0.0,0.0
static-0_16,16,static-0,42,58,4005,1,uniform,2,near_main_road,5,193.32523366622627,216.92377928225324,0.8,9,14,"[1, 1, 1, 0, 1, 1, 1, 1, 0, 0, 0, 1, 0, 1]","{""0"": 1, ""1"": 1, ""2"": 1, ""3"": 0, ""4"": 1, ""5"": 1, ""6"": 1, ""7"": 1, ""8"": 0, ""9"": 0, ""10"": 0, ""11"": 1, ""12"": 0, ""13"": 1}",15,"[0.0, 0.0, 0.0, 0.0, 0.0, 0.0, 0.0, 0.0, 0.0, 0.0, 0.0, 0.0, 0.0, 0.0, 0.0]",0.0,0.0,0.0,0.0,0.0,0.0,0.0,0.0,0.0,0.0,0.0,0.0,0.0,0.0,0.0
static-0_17,17,static-0,42,59,3388,2,center,1,near_exit,2,218.32077577710152,98.24949029041454,0.8,9,14,"[1, 0, 0, 1, 0, 1, 1, 1, 0, 1, 0, 1, 1, 1]","{""0"": 1, ""1"": 0, ""2"": 0, ""3"": 1, ""4"": 0, ""5"": 1, ""6"": 1, ""7"": 1, ""8"": 0, ""9"": 1, ""10"": 0, ""11"": 1, ""12"": 1, ""13"": 1}",15,"[0.0, 0.0, 0.0, 0.0, 0.0, 0.0, 0.0, 0.0, 0.0, 0.0, 0.0, 0.0, 0.0, 0.0, 0.0]",0.0,0.0,0.0,0.0,0.0,0.0,0.0,0.0,0.0,0.0,0.0,0.0,0.0,0.0,0.0
static-0_18,18,static-0,42,60,2037,3,ring,1,near_exit,4,253.88965937122703,250.78205533977598,0.8,11,14,"[1, 1, 1, 0, 1, 1, 0, 1, 0, 1, 1, 1, 1, 1]","{""0"": 1, ""1"": 1, ""2"": 1, ""3"": 0, ""4"": 1, ""5"": 1, ""6"": 0, ""7"": 1, ""8"": 0, ""9"": 1, ""10"": 1, ""11"": 1, ""12"": 1, ""13"": 1}",15,"[0.0, 0.0, 0.0, 0.0, 0.0, 0.0, 0.0, 0.0, 0.0, 0.0, 0.0, 0.0, 0.0, 0.0, 0.0]",0.0,0.0,0.0,0.0,0.0,0.0,0.0,0.0,0.0,0.0,0.0,0.0,0.0,0.0,0.0
static-0_19,19,static-0,42,61,4600,2,center,3,far_from_exit_and_main_road,11,107.66569153219461,244.24434981588274,0.8,12,14,"[1, 1, 0, 1, 1, 1, 1, 1, 1, 1, 1, 1, 0, 1]","{""0"": 1, ""1"": 1, ""2"": 0, ""3"": 1, ""4"": 1, ""5"": 1, ""6"": 1, ""7"": 1, ""8"": 1, ""9"": 1, ""10"": 1, ""11"": 1, ""12"": 0, ""13"": 1}",15,"[0.0, 0.0, 0.0, 0.0, 0.0, 0.0, 0.0, 0.0, 0.0, 0.0, 0.0, 0.0, 0.0, 0.0, 0.0]",0.0,0.0,0.0,0.0,0.0,0.0,0.0,0.0,0.0,0.0,0.0,0.0,0.0,0.0,0.0
static-0_20,20,static-0,42,62,4124,2,center,1,near_exit,4,253.88965937122703,250.78205533977598,0.8,9,14,"[0, 1, 0, 1, 1, 0, 1, 1, 1, 0, 0, 1, 1, 1]","{""0"": 0, ""1"": 1, ""2"": 0, ""3"": 1, ""4"": 1, ""5"": 0, ""6"": 1, ""7"": 1, ""8"": 1, ""9"": 0, ""10"": 0, ""11"": 1, ""12"": 1, ""13"": 1}",15,"[0.0, 0.0, 0.0, 0.0, 0.0, 0.0, 0.0, 0.0, 0.0, 0.0, 0.0, 0.0, 0.0, 0.0, 0.0]",0.0,0.0,0.0,0.0,0.0,0.0,0.0,0.0,0.0,0.0,0.0,0.0,0.0,0.0,0.0
density-10_1,1,density-10,42,43,3777,2,center,3,far_from_exit_and_main_road,12,86.4655145779252,206.66192820994183,0.8,13,14,"[1, 1, 1, 1, 1, 1, 1, 1, 1, 1, 1, 0, 1, 1]","{""0"": 1, ""1"": 1, ""2"": 1, ""3"": 1, ""4"": 1, ""5"": 1, ""6"": 1, ""7"": 1, ""8"": 1, ""9"": 1, ""10"": 1, ""11"": 0, ""12"": 1, ""13"": 1}",15,"[0.0, 0.0, 0.0, 0.0, 0.0, 0.0, 0.0, 0.0, 0.0, 0.0, 0.0, 0.0, 0.0, 0.0, 0.0]",0.0,0.0,0.0,0.0,0.0,0.0,0.0,0.0,0.0,0.0,0.0,0.0,0.0,0.0,0.0
density-10_2,2,density-10,42,44,4831,1,uniform,1,near_exit,6,26.251288073137403,149.61036271601915,0.8,12,14,"[1, 1, 0, 1, 1, 1, 1, 1, 1, 1, 0, 1, 1, 1]","{""0"": 1, ""1"": 1, ""2"": 0, ""3"": 1, ""4"": 1, ""5"": 1, ""6"": 1, ""7"": 1, ""8"": 1, ""9"": 1, ""10"": 0, ""11"": 1, ""12"": 1, ""13"": 1}",15,"[0.0, 0.0, 0.0, 0.0, 0.0, 0.0, 0.0, 0.0, 0.0, 0.0, 0.0, 0.0, 0.0, 0.0, 0.0]",0.0,0.0,0.0,0.0,0.0,0.0,0.0,0.0,0.0,0.0,0.0,0.0,0.0,0.0,0.0
density-10_3,3,density-10,42,45,5018,1,uniform,3,far_from_exit_and_main_road,2,135.2143654283136,374.6006386834197,0.8,14,14,"[1, 1, 1, 1, 1, 1, 1, 1, 1, 1, 1, 1, 1, 1]","{""0"": 1, ""1"": 1, ""2"": 1, ""3"": 1, ""4"": 1, ""5"": 1, ""6"": 1, ""7"": 1, ""8"": 1, ""9"": 1, ""10"": 1, ""11"": 1, ""12"": 1, ""13"": 1}",15,"[0.0, 0.0, 0.0, 0.0, 0.0, 0.0, 0.0, 0.0, 0.0, 0.0, 0.0, 0.0, 0.0, 0.0, 0.0]",0.0,0.0,0.0,0.0,0.0,0.0,0.0,0.0,0.0,0.0,0.0,0.0,0.0,0.0,0.0
density-10_4,4,density-10,42,46,5766,3,ring,2,near_main_road,16,134.70201228372753,258.9657045942731,0.8,9,14,"[0, 1, 1, 0, 1, 1, 1, 0, 1, 1, 1, 0, 0, 1]","{""0"": 0, ""1"": 1, ""2"": 1, ""3"": 0, ""4"": 1, ""5"": 1, ""6"": 1, ""7"": 0, ""8"": 1, ""9"": 1, ""10"": 1, ""11"": 0, ""12"": 0, ""13"": 1}",15,"[0.0, 0.0, 0.0, 0.0, 0.0, 0.0, 0.0, 0.0, 0.0, 0.0, 0.0, 0.0, 0.0, 0.0, 0.0]",0.0,0.0,0.0,0.0,0.0,0.0,0.0,0.0,0.0,0.0,0.0,0.0,0.0,0.0,0.0
density-10_5,5,density-10,42,47,5757,3,ring,1,near_exit,5,34.374810233712196,214.9597699600272,0.8,13,14,"[1, 1, 1, 1, 1, 1, 1, 1, 1, 1, 1, 0, 1, 1]","{""0"": 1, ""1"": 1, ""2"": 1, ""3"": 1, ""4"": 1, ""5"": 1, ""6"": 1, ""7"": 1, ""8"": 1, ""9"": 1, ""10"": 1, ""11"": 0, ""12"": 1, ""13"": 1}",15,"[0.0, 0.0, 0.0, 0.0, 0.0, 0.0, 0.0, 0.0, 0.0, 0.0, 0.0, 0.0, 0.0, 0.0, 0.0]",0.0,0.0,0.0,0.0,0.0,0.0,0.0,0.0,0.0,0.0,0.0,0.0,0.0,0.0,0.0
density-10_6,6,density-10,42,48,5482,2,center,2,near_main_road,9,180.08427936211228,352.65582518512383,0.8,11,14,"[1, 1, 1, 1, 0, 1, 1, 1, 0, 0, 1, 1, 1, 1]","{""0"": 1, ""1"": 1, ""2"": 1, ""3"": 1, ""4"": 0, ""5"": 1, ""6"": 1, ""7"": 1, ""8"": 0, ""9"": 0, ""10"": 1, ""11"": 1, ""12"": 1, ""13"": 1}",15,"[0.0, 0.0, 0.0, 0.0, 0.0, 0.0, 0.0, 0.0, 0.0, 0.0, 0.0, 0.0, 0.0, 0.0, 0.0]",0.0,0.0,0.0,0.0,0.0,0.0,0.0,0.0,0.0,0.0,0.0,0.0,0.0,0.0,0.0
density-10_7,7,density-10,42,49,4348,3,ring,3,far_from_exit_and_main_road,19,166.7272846736014,178.37646883539855,0.8,13,14,"[1, 1, 1, 1, 1, 1, 1, 1, 1, 1, 1, 1, 0, 1]","{""0"": 1, ""1"": 1, ""2"": 1, ""3"": 1, ""4"": 1, ""5"": 1, ""6"": 1, ""7"": 1, ""8"": 1, ""9"": 1, ""10"": 1, ""11"": 1, ""12"": 0, ""13"": 1}",15,"[0.0, 0.0, 0.0, 0.0, 0.0, 0.0, 0.0, 0.0, 0.0, 0.0, 0.0, 0.0, 0.0, 0.0, 0.0]",0.0,0.0,0.0,0.0,0.0,0.0,0.0,0.0,0.0,0.0,0.0,0.0,0.0,0.0,0.0
density-10_8,8,density-10,42,50,2774,3,ring,2,near_main_road,14,65.86150634847581,146.12098523322493,0.8,11,14,"[1, 1, 1, 1, 1, 0, 1, 1, 1, 1, 1, 0, 0, 1]","{""0"": 1, ""1"": 1, ""2"": 1, ""3"": 1, ""4"": 1, ""5"": 0, ""6"": 1, ""7"": 1, ""8"": 1, ""9"": 1, ""10"": 1, ""11"": 0, ""12"": 0, ""13"": 1}",15,"[0.0, 0.0, 0.0, 0.0, 0.0, 0.0, 0.0, 0.0, 0.0, 0.0, 0.0, 0.0, 0.0, 0.0, 0.0]",0.0,0.0,0.0,0.0,0.0,0.0,0.0,0.0,0.0,0.0,0.0,0.0,0.0,0.0,0.0
density-10_9,9,density-10,42,51,3137,1,uniform,1,near_exit,11,74.4658822324127,300.26813259813935,0.8,11,14,"[1, 1, 1, 0, 1, 1, 0, 1, 0, 1, 1, 1, 1, 1]","{""0"": 1, ""1"": 1, ""2"": 1, ""3"": 0, ""4"": 1, ""5"": 1, ""6"": 0, ""7"": 1, ""8"": 0, ""9"": 1, ""10"": 1, ""11"": 1, ""12"": 1, ""13"": 1}",15,"[0.0, 0.0, 0.0, 0.0, 0.0, 0.0, 0.0, 0.0, 0.0, 0.0, 0.0, 0.0, 0.0, 0.0, 0.0]",0.0,0.0,0.0,0.0,0.0,0.0,0.0,0.0,0.0,0.0,0.0,0.0,0.0,0.0,0.0
density-10_10,10,density-10,42,52,3585,3,ring,1,near_exit,11,74.4658822324127,300.26813259813935,0.8,10,14,"[0, 1, 1, 1, 0, 1, 0, 1, 0, 1, 1, 1, 1, 1]","{""0"": 0, ""1"": 1, ""2"": 1, ""3"": 1, ""4"": 0, ""5"": 1, ""6"": 0, ""7"": 1, ""8"": 0, ""9"": 1, ""10"": 1, ""11"": 1, ""12"": 1, ""13"": 1}",15,"[0.0, 0.0, 0.0, 0.0, 0.0, 0.0, 0.0, 0.0, 0.0, 0.0, 0.0, 0.0, 0.0, 0.0, 0.0]",0.0,0.0,0.0,0.0,0.0,0.0,0.0,0.0,0.0,0.0,0.0,0.0,0.0,0.0,0.0
density-10_11,11,density-10,42,53,5041,2,center,2,near_main_road,12,154.97150951996446,181.80336326546967,0.8,10,14,"[1, 0, 1, 1, 0, 1, 1, 1, 0, 1, 1, 0, 1, 1]","{""0"": 1, ""1"": 0, ""2"": 1, ""3"": 1, ""4"": 0, ""5"": 1, ""6"": 1, ""7"": 1, ""8"": 0, ""9"": 1, ""10"": 1, ""11"": 0, ""12"": 1, ""13"": 1}",15,"[0.0, 0.0, 0.0, 0.0, 0.0, 0.0, 0.0, 0.0, 0.0, 0.0, 0.0, 0.0, 0.0, 0.0, 0.0]",0.0,0.0,0.0,0.0,0.0,0.0,0.0,0.0,0.0,0.0,0.0,0.0,0.0,0.0,0.0
density-10_12,12,density-10,42,54,4248,1,uniform,1,near_exit,9,99.46174082159996,359.97675951663405,0.8,9,14,"[0, 1, 1, 1, 0, 1, 1, 1, 1, 0, 0, 1, 1, 0]","{""0"": 0, ""1"": 1, ""2"": 1, ""3"": 1, ""4"": 0, ""5"": 1, ""6"": 1, ""7"": 1, ""8"": 1, ""9"": 0, ""10"": 0, ""11"": 1, ""12"": 1, ""13"": 0}",15,"[0.0, 0.0, 0.0, 0.0, 0.0, 0.0, 0.0, 0.0, 0.0, 0.0, 0.0, 0.0, 0.0, 0.0, 0.0]",0.0,0.0,0.0,0.0,0.0,0.0,0.0,0.0,0.0,0.0,0.0,0.0,0.0,0.0,0.0
density-10_13,13,density-10,42,55,4945,1,uniform,1,near_exit,2,218.32077577710152,98.24949029041454,0.8,11,14,"[1, 0, 1, 1, 0, 1, 1, 1, 1, 0, 1, 1, 1, 1]","{""0"": 1, ""1"": 0, ""2"": 1, ""3"": 1, ""4"": 0, ""5"": 1, ""6"": 1, ""7"": 1, ""8"": 1, ""9"": 0, ""10"": 1, ""11"": 1, ""12"": 1, ""13"": 1}",15,"[0.0, 0.0, 0.0, 0.0, 0.0, 0.0, 0.0, 0.0, 0.0, 0.0, 0.0, 0.0, 0.0, 0.0, 0.0]",0.0,0.0,0.0,0.0,0.0,0.0,0.0,0.0,0.0,0.0,0.0,0.0,0.0,0.0,0.0
density-10_14,14,density-10,42,56,2863,3,ring,1,near_exit,3,266.886261947453,161.88702389178798,0.8,11,14,"[0, 1, 1, 1, 1, 0, 1, 1, 1, 1, 1, 0, 1, 1]","{""0"": 0, ""1"": 1, ""2"": 1, ""3"": 1, ""4"": 1, ""5"": 0, ""6"": 1, ""7"": 1, ""8"": 1, ""9"": 1, ""10"": 1, ""11"": 0, ""12"": 1, ""13"": 1}",15,"[0.0, 0.0, 0.0, 0.0, 0.0, 0.0, 0.0, 0.0, 0.0, 0.0, 0.0, 0.0, 0.0, 0.0, 0.0]",0.0,0.0,0.0,0.0,0.0,0.0,0.0,0.0,0.0,0.0,0.0,0.0,0.0,0.0,0.0
density-10_15,15,density-10,42,57,2445,3,ring,3,far_from_exit_and_main_road,18,220.97559298947453,223.2789021898061,0.8,11,14,"[1, 1, 1, 1, 0, 1, 0, 1, 0, 1, 1, 1, 1, 1]","{""0"": 1, ""1"": 1, ""2"": 1, ""3"": 1, ""4"": 0, ""5"": 1, ""6"": 0, ""7"": 1, ""8"": 0, ""9"": 1, ""10"": 1, ""11"": 1, ""12"": 1, ""13"": 1}",15,"[0.0, 0.0, 0.0, 0.0, 0.0, 0.0, 0.0, 0.0, 0.0, 0.0, 0.0, 0.0, 0.0, 0.0, 0.0]",0.0,0.0,0.0,0.0,0.0,0.0,0.0,0.0,0.0,0.0,0.0,0.0,0.0,0.0,0.0
density-10_16,16,density-10,42,58,4005,1,uniform,2,near_main_road,5,193.32523366622627,216.92377928225324,0.8,9,14,"[1, 1, 1, 0, 1, 1, 1, 1, 0, 0, 0, 1, 0, 1]","{""0"": 1, ""1"": 1, ""2"": 1, ""3"": 0, ""4"": 1, ""5"": 1, ""6"": 1, ""7"": 1, ""8"": 0, ""9"": 0, ""10"": 0, ""11"": 1, ""12"": 0, ""13"": 1}",15,"[0.0, 0.0, 0.0, 0.0, 0.0, 0.0, 0.0, 0.0, 0.0, 0.0, 0.0, 0.0, 0.0, 0.0, 0.0]",0.0,0.0,0.0,0.0,0.0,0.0,0.0,0.0,0.0,0.0,0.0,0.0,0.0,0.0,0.0
density-10_17,17,density-10,42,59,3388,2,center,1,near_exit,2,218.32077577710152,98.24949029041454,0.8,9,14,"[1, 0, 0, 1, 0, 1, 1, 1, 0, 1, 0, 1, 1, 1]","{""0"": 1, ""1"": 0, ""2"": 0, ""3"": 1, ""4"": 0, ""5"": 1, ""6"": 1, ""7"": 1, ""8"": 0, ""9"": 1, ""10"": 0, ""11"": 1, ""12"": 1, ""13"": 1}",15,"[0.0, 0.0, 0.0, 0.0, 0.0, 0.0, 0.0, 0.0, 0.0, 0.0, 0.0, 0.0, 0.0, 0.0, 0.0]",0.0,0.0,0.0,0.0,0.0,0.0,0.0,0.0,0.0,0.0,0.0,0.0,0.0,0.0,0.0
density-10_18,18,density-10,42,60,2037,3,ring,1,near_exit,4,253.88965937122703,250.78205533977598,0.8,11,14,"[1, 1, 1, 0, 1, 1, 0, 1, 0, 1, 1, 1, 1, 1]","{""0"": 1, ""1"": 1, ""2"": 1, ""3"": 0, ""4"": 1, ""5"": 1, ""6"": 0, ""7"": 1, ""8"": 0, ""9"": 1, ""10"": 1, ""11"": 1, ""12"": 1, ""13"": 1}",15,"[0.0, 0.0, 0.0, 0.0, 0.0, 0.0, 0.0, 0.0, 0.0, 0.0, 0.0, 0.0, 0.0, 0.0, 0.0]",0.0,0.0,0.0,0.0,0.0,0.0,0.0,0.0,0.0,0.0,0.0,0.0,0.0,0.0,0.0
density-10_19,19,density-10,42,61,4600,2,center,3,far_from_exit_and_main_road,11,107.66569153219461,244.24434981588274,0.8,12,14,"[1, 1, 0, 1, 1, 1, 1, 1, 1, 1, 1, 1, 0, 1]","{""0"": 1, ""1"": 1, ""2"": 0, ""3"": 1, ""4"": 1, ""5"": 1, ""6"": 1, ""7"": 1, ""8"": 1, ""9"": 1, ""10"": 1, ""11"": 1, ""12"": 0, ""13"": 1}",15,"[0.0, 0.0, 0.0, 0.0, 0.0, 0.0, 0.0, 0.0, 0.0, 0.0, 0.0, 0.0, 0.0, 0.0, 0.0]",0.0,0.0,0.0,0.0,0.0,0.0,0.0,0.0,0.0,0.0,0.0,0.0,0.0,0.0,0.0
density-10_20,20,density-10,42,62,4124,2,center,1,near_exit,4,253.88965937122703,250.78205533977598,0.8,9,14,"[0, 1, 0, 1, 1, 0, 1, 1, 1, 0, 0, 1, 1, 1]","{""0"": 0, ""1"": 1, ""2"": 0, ""3"": 1, ""4"": 1, ""5"": 0, ""6"": 1, ""7"": 1, ""8"": 1, ""9"": 0, ""10"": 0, ""11"": 1, ""12"": 1, ""13"": 1}",15,"[0.0, 0.0, 0.0, 0.0, 0.0, 0.0, 0.0, 0.0, 0.0, 0.0, 0.0, 0.0, 0.0, 0.0, 0.0]",0.0,0.0,0.0,0.0,0.0,0.0,0.0,0.0,0.0,0.0,0.0,0.0,0.0,0.0,0.0
density-30_1,1,density-30,42,43,3777,2,center,3,far_from_exit_and_main_road,12,86.4655145779252,206.66192820994183,0.8,13,14,"[1, 1, 1, 1, 1, 1, 1, 1, 1, 1, 1, 0, 1, 1]","{""0"": 1, ""1"": 1, ""2"": 1, ""3"": 1, ""4"": 1, ""5"": 1, ""6"": 1, ""7"": 1, ""8"": 1, ""9"": 1, ""10"": 1, ""11"": 0, ""12"": 1, ""13"": 1}",15,"[0.0, 0.0, 0.0, 0.0, 0.0, 0.0, 0.0, 0.0, 0.0, 0.0, 0.0, 0.0, 0.0, 0.0, 0.0]",0.0,0.0,0.0,0.0,0.0,0.0,0.0,0.0,0.0,0.0,0.0,0.0,0.0,0.0,0.0
density-30_2,2,density-30,42,44,4831,1,uniform,1,near_exit,6,26.251288073137403,149.61036271601915,0.8,12,14,"[1, 1, 0, 1, 1, 1, 1, 1, 1, 1, 0, 1, 1, 1]","{""0"": 1, ""1"": 1, ""2"": 0, ""3"": 1, ""4"": 1, ""5"": 1, ""6"": 1, ""7"": 1, ""8"": 1, ""9"": 1, ""10"": 0, ""11"": 1, ""12"": 1, ""13"": 1}",15,"[0.0, 0.0, 0.0, 0.0, 0.0, 0.0, 0.0, 0.0, 0.0, 0.0, 0.0, 0.0, 0.0, 0.0, 0.0]",0.0,0.0,0.0,0.0,0.0,0.0,0.0,0.0,0.0,0.0,0.0,0.0,0.0,0.0,0.0
density-30_3,3,density-30,42,45,5018,1,uniform,3,far_from_exit_and_main_road,2,135.2143654283136,374.6006386834197,0.8,14,14,"[1, 1, 1, 1, 1, 1, 1, 1, 1, 1, 1, 1, 1, 1]","{""0"": 1, ""1"": 1, ""2"": 1, ""3"": 1, ""4"": 1, ""5"": 1, ""6"": 1, ""7"": 1, ""8"": 1, ""9"": 1, ""10"": 1, ""11"": 1, ""12"": 1, ""13"": 1}",15,"[0.0, 0.0, 0.0, 0.0, 0.0, 0.0, 0.0, 0.0, 0.0, 0.0, 0.0, 0.0, 0.0, 0.0, 0.0]",0.0,0.0,0.0,0.0,0.0,0.0,0.0,0.0,0.0,0.0,0.0,0.0,0.0,0.0,0.0
density-30_4,4,density-30,42,46,5766,3,ring,2,near_main_road,16,134.70201228372753,258.9657045942731,0.8,9,14,"[0, 1, 1, 0, 1, 1, 1, 0, 1, 1, 1, 0, 0, 1]","{""0"": 0, ""1"": 1, ""2"": 1, ""3"": 0, ""4"": 1, ""5"": 1, ""6"": 1, ""7"": 0, ""8"": 1, ""9"": 1, ""10"": 1, ""11"": 0, ""12"": 0, ""13"": 1}",15,"[0.0, 0.0, 0.0, 0.0, 0.0, 0.0, 0.0, 0.0, 0.0, 0.0, 0.0, 0.0, 0.0, 0.0, 0.0]",0.0,0.0,0.0,0.0,0.0,0.0,0.0,0.0,0.0,0.0,0.0,0.0,0.0,0.0,0.0
density-30_5,5,density-30,42,47,5757,3,ring,1,near_exit,5,34.374810233712196,214.9597699600272,0.8,13,14,"[1, 1, 1, 1, 1, 1, 1, 1, 1, 1, 1, 0, 1, 1]","{""0"": 1, ""1"": 1, ""2"": 1, ""3"": 1, ""4"": 1, ""5"": 1, ""6"": 1, ""7"": 1, ""8"": 1, ""9"": 1, ""10"": 1, ""11"": 0, ""12"": 1, ""13"": 1}",15,"[0.0, 0.0, 0.0, 0.0, 0.0, 0.0, 0.0, 0.0, 0.0, 0.0, 0.0, 0.0, 0.0, 0.0, 0.0]",0.0,0.0,0.0,0.0,0.0,0.0,0.0,0.0,0.0,0.0,0.0,0.0,0.0,0.0,0.0
density-30_6,6,density-30,42,48,5482,2,center,2,near_main_road,9,180.08427936211228,352.65582518512383,0.8,11,14,"[1, 1, 1, 1, 0, 1, 1, 1, 0, 0, 1, 1, 1, 1]","{""0"": 1, ""1"": 1, ""2"": 1, ""3"": 1, ""4"": 0, ""5"": 1, ""6"": 1, ""7"": 1, ""8"": 0, ""9"": 0, ""10"": 1, ""11"": 1, ""12"": 1, ""13"": 1}",15,"[0.0, 0.0, 0.0, 0.0, 0.0, 0.0, 0.0, 0.0, 0.0, 0.0, 0.0, 0.0, 0.0, 0.0, 0.0]",0.0,0.0,0.0,0.0,0.0,0.0,0.0,0.0,0.0,0.0,0.0,0.0,0.0,0.0,0.0
density-30_7,7,density-30,42,49,4348,3,ring,3,far_from_exit_and_main_road,19,166.7272846736014,178.37646883539855,0.8,13,14,"[1, 1, 1, 1, 1, 1, 1, 1, 1, 1, 1, 1, 0, 1]","{""0"": 1, ""1"": 1, ""2"": 1, ""3"": 1, ""4"": 1, ""5"": 1, ""6"": 1, ""7"": 1, ""8"": 1, ""9"": 1, ""10"": 1, ""11"": 1, ""12"": 0, ""13"": 1}",15,"[0.0, 0.0, 0.0, 0.0, 0.0, 0.0, 0.0, 0.0, 0.0, 0.0, 0.0, 0.0, 0.0, 0.0, 0.0]",0.0,0.0,0.0,0.0,0.0,0.0,0.0,0.0,0.0,0.0,0.0,0.0,0.0,0.0,0.0
density-30_8,8,density-30,42,50,2774,3,ring,2,near_main_road,14,65.86150634847581,146.12098523322493,0.8,11,14,"[1, 1, 1, 1, 1, 0, 1, 1, 1, 1, 1, 0, 0, 1]","{""0"": 1, ""1"": 1, ""2"": 1, ""3"": 1, ""4"": 1, ""5"": 0, ""6"": 1, ""7"": 1, ""8"": 1, ""9"": 1, ""10"": 1, ""11"": 0, ""12"": 0, ""13"": 1}",15,"[0.0, 0.0, 0.0, 0.0, 0.0, 0.0, 0.0, 0.0, 0.0, 0.0, 0.0, 0.0, 0.0, 0.0, 0.0]",0.0,0.0,0.0,0.0,0.0,0.0,0.0,0.0,0.0,0.0,0.0,0.0,0.0,0.0,0.0
density-30_9,9,density-30,42,51,3137,1,uniform,1,near_exit,11,74.4658822324127,300.26813259813935,0.8,11,14,"[1, 1, 1, 0, 1, 1, 0, 1, 0, 1, 1, 1, 1, 1]","{""0"": 1, ""1"": 1, ""2"": 1, ""3"": 0, ""4"": 1, ""5"": 1, ""6"": 0, ""7"": 1, ""8"": 0, ""9"": 1, ""10"": 1, ""11"": 1, ""12"": 1, ""13"": 1}",15,"[0.0, 0.0, 0.0, 0.0, 0.0, 0.0, 0.0, 0.0, 0.0, 0.0, 0.0, 0.0, 0.0, 0.0, 0.0]",0.0,0.0,0.0,0.0,0.0,0.0,0.0,0.0,0.0,0.0,0.0,0.0,0.0,0.0,0.0
density-30_10,10,density-30,42,52,3585,3,ring,1,near_exit,11,74.4658822324127,300.26813259813935,0.8,10,14,"[0, 1, 1, 1, 0, 1, 0, 1, 0, 1, 1, 1, 1, 1]","{""0"": 0, ""1"": 1, ""2"": 1, ""3"": 1, ""4"": 0, ""5"": 1, ""6"": 0, ""7"": 1, ""8"": 0, ""9"": 1, ""10"": 1, ""11"": 1, ""12"": 1, ""13"": 1}",15,"[0.0, 0.0, 0.0, 0.0, 0.0, 0.0, 0.0, 0.0, 0.0, 0.0, 0.0, 0.0, 0.0, 0.0, 0.0]",0.0,0.0,0.0,0.0,0.0,0.0,0.0,0.0,0.0,0.0,0.0,0.0,0.0,0.0,0.0
density-30_11,11,density-30,42,53,5041,2,center,2,near_main_road,12,154.97150951996446,181.80336326546967,0.8,10,14,"[1, 0, 1, 1, 0, 1, 1, 1, 0, 1, 1, 0, 1, 1]","{""0"": 1, ""1"": 0, ""2"": 1, ""3"": 1, ""4"": 0, ""5"": 1, ""6"": 1, ""7"": 1, ""8"": 0, ""9"": 1, ""10"": 1, ""11"": 0, ""12"": 1, ""13"": 1}",15,"[0.0, 0.0, 0.0, 0.0, 0.0, 0.0, 0.0, 0.0, 0.0, 0.0, 0.0, 0.0, 0.0, 0.0, 0.0]",0.0,0.0,0.0,0.0,0.0,0.0,0.0,0.0,0.0,0.0,0.0,0.0,0.0,0.0,0.0
density-30_12,12,density-30,42,54,4248,1,uniform,1,near_exit,9,99.46174082159996,359.97675951663405,0.8,9,14,"[0, 1, 1, 1, 0, 1, 1, 1, 1, 0, 0, 1, 1, 0]","{""0"": 0, ""1"": 1, ""2"": 1, ""3"": 1, ""4"": 0, ""5"": 1, ""6"": 1, ""7"": 1, ""8"": 1, ""9"": 0, ""10"": 0, ""11"": 1, ""12"": 1, ""13"": 0}",15,"[0.0, 0.0, 0.0, 0.0, 0.0, 0.0, 0.0, 0.0, 0.0, 0.0, 0.0, 0.0, 0.0, 0.0, 0.0]",0.0,0.0,0.0,0.0,0.0,0.0,0.0,0.0,0.0,0.0,0.0,0.0,0.0,0.0,0.0
density-30_13,13,density-30,42,55,4945,1,uniform,1,near_exit,2,218.32077577710152,98.24949029041454,0.8,11,14,"[1, 0, 1, 1, 0, 1, 1, 1, 1, 0, 1, 1, 1, 1]","{""0"": 1, ""1"": 0, ""2"": 1, ""3"": 1, ""4"": 0, ""5"": 1, ""6"": 1, ""7"": 1, ""8"": 1, ""9"": 0, ""10"": 1, ""11"": 1, ""12"": 1, ""13"": 1}",15,"[0.0, 0.0, 0.0, 0.0, 0.0, 0.0, 0.0, 0.0, 0.0, 0.0, 0.0, 0.0, 0.0, 0.0, 0.0]",0.0,0.0,0.0,0.0,0.0,0.0,0.0,0.0,0.0,0.0,0.0,0.0,0.0,0.0,0.0
density-30_14,14,density-30,42,56,2863,3,ring,1,near_exit,3,266.886261947453,161.88702389178798,0.8,11,14,"[0, 1, 1, 1, 1, 0, 1, 1, 1, 1, 1, 0, 1, 1]","{""0"": 0, ""1"": 1, ""2"": 1, ""3"": 1, ""4"": 1, ""5"": 0, ""6"": 1, ""7"": 1, ""8"": 1, ""9"": 1, ""10"": 1, ""11"": 0, ""12"": 1, ""13"": 1}",15,"[0.0, 0.0, 0.0, 0.0, 0.0, 0.0, 0.0, 0.0, 0.0, 0.0, 0.0, 0.0, 0.0, 0.0, 0.0]",0.0,0.0,0.0,0.0,0.0,0.0,0.0,0.0,0.0,0.0,0.0,0.0,0.0,0.0,0.0
density-30_15,15,density-30,42,57,2445,3,ring,3,far_from_exit_and_main_road,18,220.97559298947453,223.2789021898061,0.8,11,14,"[1, 1, 1, 1, 0, 1, 0, 1, 0, 1, 1, 1, 1, 1]","{""0"": 1, ""1"": 1, ""2"": 1, ""3"": 1, ""4"": 0, ""5"": 1, ""6"": 0, ""7"": 1, ""8"": 0, ""9"": 1, ""10"": 1, ""11"": 1, ""12"": 1, ""13"": 1}",15,"[0.0, 0.0, 0.0, 0.0, 0.0, 0.0, 0.0, 0.0, 0.0, 0.0, 0.0, 0.0, 0.0, 0.0, 0.0]",0.0,0.0,0.0,0.0,0.0,0.0,0.0,0.0,0.0,0.0,0.0,0.0,0.0,0.0,0.0
density-30_16,16,density-30,42,58,4005,1,uniform,2,near_main_road,5,193.32523366622627,216.92377928225324,0.8,9,14,"[1, 1, 1, 0, 1, 1, 1, 1, 0, 0, 0, 1, 0, 1]","{""0"": 1, ""1"": 1, ""2"": 1, ""3"": 0, ""4"": 1, ""5"": 1, ""6"": 1, ""7"": 1, ""8"": 0, ""9"": 0, ""10"": 0, ""11"": 1, ""12"": 0, ""13"": 1}",15,"[0.0, 0.0, 0.0, 0.0, 0.0, 0.0, 0.0, 0.0, 0.0, 0.0, 0.0, 0.0, 0.0, 0.0, 0.0]",0.0,0.0,0.0,0.0,0.0,0.0,0.0,0.0,0.0,0.0,0.0,0.0,0.0,0.0,0.0
density-30_17,17,density-30,42,59,3388,2,center,1,near_exit,2,218.32077577710152,98.24949029041454,0.8,9,14,"[1, 0, 0, 1, 0, 1, 1, 1, 0, 1, 0, 1, 1, 1]","{""0"": 1, ""1"": 0, ""2"": 0, ""3"": 1, ""4"": 0, ""5"": 1, ""6"": 1, ""7"": 1, ""8"": 0, ""9"": 1, ""10"": 0, ""11"": 1, ""12"": 1, ""13"": 1}",15,"[0.0, 0.0, 0.0, 0.0, 0.0, 0.0, 0.0, 0.0, 0.0, 0.0, 0.0, 0.0, 0.0, 0.0, 0.0]",0.0,0.0,0.0,0.0,0.0,0.0,0.0,0.0,0.0,0.0,0.0,0.0,0.0,0.0,0.0
density-30_18,18,density-30,42,60,2037,3,ring,1,near_exit,4,253.88965937122703,250.78205533977598,0.8,11,14,"[1, 1, 1, 0, 1, 1, 0, 1, 0, 1, 1, 1, 1, 1]","{""0"": 1, ""1"": 1, ""2"": 1, ""3"": 0, ""4"": 1, ""5"": 1, ""6"": 0, ""7"": 1, ""8"": 0, ""9"": 1, ""10"": 1, ""11"": 1, ""12"": 1, ""13"": 1}",15,"[0.0, 0.0, 0.0, 0.0, 0.0, 0.0, 0.0, 0.0, 0.0, 0.0, 0.0, 0.0, 0.0, 0.0, 0.0]",0.0,0.0,0.0,0.0,0.0,0.0,0.0,0.0,0.0,0.0,0.0,0.0,0.0,0.0,0.0
density-30_19,19,density-30,42,61,4600,2,center,3,far_from_exit_and_main_road,11,107.66569153219461,244.24434981588274,0.8,12,14,"[1, 1, 0, 1, 1, 1, 1, 1, 1, 1, 1, 1, 0, 1]","{""0"": 1, ""1"": 1, ""2"": 0, ""3"": 1, ""4"": 1, ""5"": 1, ""6"": 1, ""7"": 1, ""8"": 1, ""9"": 1, ""10"": 1, ""11"": 1, ""12"": 0, ""13"": 1}",15,"[0.0, 0.0, 0.0, 0.0, 0.0, 0.0, 0.0, 0.0, 0.0, 0.0, 0.0, 0.0, 0.0, 0.0, 0.0]",0.0,0.0,0.0,0.0,0.0,0.0,0.0,0.0,0.0,0.0,0.0,0.0,0.0,0.0,0.0
density-30_20,20,density-30,42,62,4124,2,center,1,near_exit,4,253.88965937122703,250.78205533977598,0.8,9,14,"[0, 1, 0, 1, 1, 0, 1, 1, 1, 0, 0, 1, 1, 1]","{""0"": 0, ""1"": 1, ""2"": 0, ""3"": 1, ""4"": 1, ""5"": 0, ""6"": 1, ""7"": 1, ""8"": 1, ""9"": 0, ""10"": 0, ""11"": 1, ""12"": 1, ""13"": 1}",15,"[0.0, 0.0, 0.0, 0.0, 0.0, 0.0, 0.0, 0.0, 0.0, 0.0, 0.0, 0.0, 0.0, 0.0, 0.0]",0.0,0.0,0.0,0.0,0.0,0.0,0.0,0.0,0.0,0.0,0.0,0.0,0.0,0.0,0.0
density-60_1,1,density-60,42,43,3777,2,center,3,far_from_exit_and_main_road,12,86.4655145779252,206.66192820994183,0.8,13,14,"[1, 1, 1, 1, 1, 1, 1, 1, 1, 1, 1, 0, 1, 1]","{""0"": 1, ""1"": 1, ""2"": 1, ""3"": 1, ""4"": 1, ""5"": 1, ""6"": 1, ""7"": 1, ""8"": 1, ""9"": 1, ""10"": 1, ""11"": 0, ""12"": 1, ""13"": 1}",15,"[0.0, 0.0, 0.0, 0.0, 0.0, 0.0, 0.0, 0.0, 0.0, 0.0, 0.0, 0.0, 0.0, 0.0, 0.0]",0.0,0.0,0.0,0.0,0.0,0.0,0.0,0.0,0.0,0.0,0.0,0.0,0.0,0.0,0.0
density-60_2,2,density-60,42,44,4831,1,uniform,1,near_exit,6,26.251288073137403,149.61036271601915,0.8,12,14,"[1, 1, 0, 1, 1, 1, 1, 1, 1, 1, 0, 1, 1, 1]","{""0"": 1, ""1"": 1, ""2"": 0, ""3"": 1, ""4"": 1, ""5"": 1, ""6"": 1, ""7"": 1, ""8"": 1, ""9"": 1, ""10"": 0, ""11"": 1, ""12"": 1, ""13"": 1}",15,"[0.0, 0.0, 0.0, 0.0, 0.0, 0.0, 0.0, 0.0, 0.0, 0.0, 0.0, 0.0, 0.0, 0.0, 0.0]",0.0,0.0,0.0,0.0,0.0,0.0,0.0,0.0,0.0,0.0,0.0,0.0,0.0,0.0,0.0
density-60_3,3,density-60,42,45,5018,1,uniform,3,far_from_exit_and_main_road,2,135.2143654283136,374.6006386834197,0.8,14,14,"[1, 1, 1, 1, 1, 1, 1, 1, 1, 1, 1, 1, 1, 1]","{""0"": 1, ""1"": 1, ""2"": 1, ""3"": 1, ""4"": 1, ""5"": 1, ""6"": 1, ""7"": 1, ""8"": 1, ""9"": 1, ""10"": 1, ""11"": 1, ""12"": 1, ""13"": 1}",15,"[0.0, 0.0, 0.0, 0.0, 0.0, 0.0, 0.0, 0.0, 0.0, 0.0, 0.0, 0.0, 0.0, 0.0, 0.0]",0.0,0.0,0.0,0.0,0.0,0.0,0.0,0.0,0.0,0.0,0.0,0.0,0.0,0.0,0.0
density-60_4,4,density-60,42,46,5766,3,ring,2,near_main_road,16,134.70201228372753,258.9657045942731,0.8,9,14,"[0, 1, 1, 0, 1, 1, 1, 0, 1, 1, 1, 0, 0, 1]","{""0"": 0, ""1"": 1, ""2"": 1, ""3"": 0, ""4"": 1, ""5"": 1, ""6"": 1, ""7"": 0, ""8"": 1, ""9"": 1, ""10"": 1, ""11"": 0, ""12"": 0, ""13"": 1}",15,"[0.0, 0.0, 0.0, 0.0, 0.0, 0.0, 0.0, 0.0, 0.0, 0.0, 0.0, 0.0, 0.0, 0.0, 0.0]",0.0,0.0,0.0,0.0,0.0,0.0,0.0,0.0,0.0,0.0,0.0,0.0,0.0,0.0,0.0
density-60_5,5,density-60,42,47,5757,3,ring,1,near_exit,5,34.374810233712196,214.9597699600272,0.8,13,14,"[1, 1, 1, 1, 1, 1, 1, 1, 1, 1, 1, 0, 1, 1]","{""0"": 1, ""1"": 1, ""2"": 1, ""3"": 1, ""4"": 1, ""5"": 1, ""6"": 1, ""7"": 1, ""8"": 1, ""9"": 1, ""10"": 1, ""11"": 0, ""12"": 1, ""13"": 1}",15,"[0.0, 0.0, 0.0, 0.0, 0.0, 0.0, 0.0, 0.0, 0.0, 0.0, 0.0, 0.0, 0.0, 0.0, 0.0]",0.0,0.0,0.0,0.0,0.0,0.0,0.0,0.0,0.0,0.0,0.0,0.0,0.0,0.0,0.0
density-60_6,6,density-60,42,48,5482,2,center,2,near_main_road,9,180.08427936211228,352.65582518512383,0.8,11,14,"[1, 1, 1, 1, 0, 1, 1, 1, 0, 0, 1, 1, 1, 1]","{""0"": 1, ""1"": 1, ""2"": 1, ""3"": 1, ""4"": 0, ""5"": 1, ""6"": 1, ""7"": 1, ""8"": 0, ""9"": 0, ""10"": 1, ""11"": 1, ""12"": 1, ""13"": 1}",15,"[0.0, 0.0, 0.0, 0.0, 0.0, 0.0, 0.0, 0.0, 0.0, 0.0, 0.0, 0.0, 0.0, 0.0, 0.0]",0.0,0.0,0.0,0.0,0.0,0.0,0.0,0.0,0.0,0.0,0.0,0.0,0.0,0.0,0.0
density-60_7,7,density-60,42,49,4348,3,ring,3,far_from_exit_and_main_road,19,166.7272846736014,178.37646883539855,0.8,13,14,"[1, 1, 1, 1, 1, 1, 1, 1, 1, 1, 1, 1, 0, 1]","{""0"": 1, ""1"": 1, ""2"": 1, ""3"": 1, ""4"": 1, ""5"": 1, ""6"": 1, ""7"": 1, ""8"": 1, ""9"": 1, ""10"": 1, ""11"": 1, ""12"": 0, ""13"": 1}",15,"[0.0, 0.0, 0.0, 0.0, 0.0, 0.0, 0.0, 0.0, 0.0, 0.0, 0.0, 0.0, 0.0, 0.0, 0.0]",0.0,0.0,0.0,0.0,0.0,0.0,0.0,0.0,0.0,0.0,0.0,0.0,0.0,0.0,0.0
density-60_8,8,density-60,42,50,2774,3,ring,2,near_main_road,14,65.86150634847581,146.12098523322493,0.8,11,14,"[1, 1, 1, 1, 1, 0, 1, 1, 1, 1, 1, 0, 0, 1]","{""0"": 1, ""1"": 1, ""2"": 1, ""3"": 1, ""4"": 1, ""5"": 0, ""6"": 1, ""7"": 1, ""8"": 1, ""9"": 1, ""10"": 1, ""11"": 0, ""12"": 0, ""13"": 1}",15,"[0.0, 0.0, 0.0, 0.0, 0.0, 0.0, 0.0, 0.0, 0.0, 0.0, 0.0, 0.0, 0.0, 0.0, 0.0]",0.0,0.0,0.0,0.0,0.0,0.0,0.0,0.0,0.0,0.0,0.0,0.0,0.0,0.0,0.0
density-60_9,9,density-60,42,51,3137,1,uniform,1,near_exit,11,74.4658822324127,300.26813259813935,0.8,11,14,"[1, 1, 1, 0, 1, 1, 0, 1, 0, 1, 1, 1, 1, 1]","{""0"": 1, ""1"": 1, ""2"": 1, ""3"": 0, ""4"": 1, ""5"": 1, ""6"": 0, ""7"": 1, ""8"": 0, ""9"": 1, ""10"": 1, ""11"": 1, ""12"": 1, ""13"": 1}",15,"[0.0, 0.0, 0.0, 0.0, 0.0, 0.0, 0.0, 0.0, 0.0, 0.0, 0.0, 0.0, 0.0, 0.0, 0.0]",0.0,0.0,0.0,0.0,0.0,0.0,0.0,0.0,0.0,0.0,0.0,0.0,0.0,0.0,0.0
density-60_10,10,density-60,42,52,3585,3,ring,1,near_exit,11,74.4658822324127,300.26813259813935,0.8,10,14,"[0, 1, 1, 1, 0, 1, 0, 1, 0, 1, 1, 1, 1, 1]","{""0"": 0, ""1"": 1, ""2"": 1, ""3"": 1, ""4"": 0, ""5"": 1, ""6"": 0, ""7"": 1, ""8"": 0, ""9"": 1, ""10"": 1, ""11"": 1, ""12"": 1, ""13"": 1}",15,"[0.0, 0.0, 0.0, 0.0, 0.0, 0.0, 0.0, 0.0, 0.0, 0.0, 0.0, 0.0, 0.0, 0.0, 0.0]",0.0,0.0,0.0,0.0,0.0,0.0,0.0,0.0,0.0,0.0,0.0,0.0,0.0,0.0,0.0
density-60_11,11,density-60,42,53,5041,2,center,2,near_main_road,12,154.97150951996446,181.80336326546967,0.8,10,14,"[1, 0, 1, 1, 0, 1, 1, 1, 0, 1, 1, 0, 1, 1]","{""0"": 1, ""1"": 0, ""2"": 1, ""3"": 1, ""4"": 0, ""5"": 1, ""6"": 1, ""7"": 1, ""8"": 0, ""9"": 1, ""10"": 1, ""11"": 0, ""12"": 1, ""13"": 1}",15,"[0.0, 0.0, 0.0, 0.0, 0.0, 0.0, 0.0, 0.0, 0.0, 0.0, 0.0, 0.0, 0.0, 0.0, 0.0]",0.0,0.0,0.0,0.0,0.0,0.0,0.0,0.0,0.0,0.0,0.0,0.0,0.0,0.0,0.0
density-60_12,12,density-60,42,54,4248,1,uniform,1,near_exit,9,99.46174082159996,359.97675951663405,0.8,9,14,"[0, 1, 1, 1, 0, 1, 1, 1, 1, 0, 0, 1, 1, 0]","{""0"": 0, ""1"": 1, ""2"": 1, ""3"": 1, ""4"": 0, ""5"": 1, ""6"": 1, ""7"": 1, ""8"": 1, ""9"": 0, ""10"": 0, ""11"": 1, ""12"": 1, ""13"": 0}",15,"[0.0, 0.0, 0.0, 0.0, 0.0, 0.0, 0.0, 0.0, 0.0, 0.0, 0.0, 0.0, 0.0, 0.0, 0.0]",0.0,0.0,0.0,0.0,0.0,0.0,0.0,0.0,0.0,0.0,0.0,0.0,0.0,0.0,0.0
density-60_13,13,density-60,42,55,4945,1,uniform,1,near_exit,2,218.32077577710152,98.24949029041454,0.8,11,14,"[1, 0, 1, 1, 0, 1, 1, 1, 1, 0, 1, 1, 1, 1]","{""0"": 1, ""1"": 0, ""2"": 1, ""3"": 1, ""4"": 0, ""5"": 1, ""6"": 1, ""7"": 1, ""8"": 1, ""9"": 0, ""10"": 1, ""11"": 1, ""12"": 1, ""13"": 1}",15,"[0.0, 0.0, 0.0, 0.0, 0.0, 0.0, 0.0, 0.0, 0.0, 0.0, 0.0, 0.0, 0.0, 0.0, 0.0]",0.0,0.0,0.0,0.0,0.0,0.0,0.0,0.0,0.0,0.0,0.0,0.0,0.0,0.0,0.0
density-60_14,14,density-60,42,56,2863,3,ring,1,near_exit,3,266.886261947453,161.88702389178798,0.8,11,14,"[0, 1, 1, 1, 1, 0, 1, 1, 1, 1, 1, 0, 1, 1]","{""0"": 0, ""1"": 1, ""2"": 1, ""3"": 1, ""4"": 1, ""5"": 0, ""6"": 1, ""7"": 1, ""8"": 1, ""9"": 1, ""10"": 1, ""11"": 0, ""12"": 1, ""13"": 1}",15,"[0.0, 0.0, 0.0, 0.0, 0.0, 0.0, 0.0, 0.0, 0.0, 0.0, 0.0, 0.0, 0.0, 0.0, 0.0]",0.0,0.0,0.0,0.0,0.0,0.0,0.0,0.0,0.0,0.0,0.0,0.0,0.0,0.0,0.0
density-60_15,15,density-60,42,57,2445,3,ring,3,far_from_exit_and_main_road,18,220.97559298947453,223.2789021898061,0.8,11,14,"[1, 1, 1, 1, 0, 1, 0, 1, 0, 1, 1, 1, 1, 1]","{""0"": 1, ""1"": 1, ""2"": 1, ""3"": 1, ""4"": 0, ""5"": 1, ""6"": 0, ""7"": 1, ""8"": 0, ""9"": 1, ""10"": 1, ""11"": 1, ""12"": 1, ""13"": 1}",15,"[0.0, 0.0, 0.0, 0.0, 0.0, 0.0, 0.0, 0.0, 0.0, 0.0, 0.0, 0.0, 0.0, 0.0, 0.0]",0.0,0.0,0.0,0.0,0.0,0.0,0.0,0.0,0.0,0.0,0.0,0.0,0.0,0.0,0.0
density-60_16,16,density-60,42,58,4005,1,uniform,2,near_main_road,5,193.32523366622627,216.92377928225324,0.8,9,14,"[1, 1, 1, 0, 1, 1, 1, 1, 0, 0, 0, 1, 0, 1]","{""0"": 1, ""1"": 1, ""2"": 1, ""3"": 0, ""4"": 1, ""5"": 1, ""6"": 1, ""7"": 1, ""8"": 0, ""9"": 0, ""10"": 0, ""11"": 1, ""12"": 0, ""13"": 1}",15,"[0.0, 0.0, 0.0, 0.0, 0.0, 0.0, 0.0, 0.0, 0.0, 0.0, 0.0, 0.0, 0.0, 0.0, 0.0]",0.0,0.0,0.0,0.0,0.0,0.0,0.0,0.0,0.0,0.0,0.0,0.0,0.0,0.0,0.0
density-60_17,17,density-60,42,59,3388,2,center,1,near_exit,2,218.32077577710152,98.24949029041454,0.8,9,14,"[1, 0, 0, 1, 0, 1, 1, 1, 0, 1, 0, 1, 1, 1]","{""0"": 1, ""1"": 0, ""2"": 0, ""3"": 1, ""4"": 0, ""5"": 1, ""6"": 1, ""7"": 1, ""8"": 0, ""9"": 1, ""10"": 0, ""11"": 1, ""12"": 1, ""13"": 1}",15,"[0.0, 0.0, 0.0, 0.0, 0.0, 0.0, 0.0, 0.0, 0.0, 0.0, 0.0, 0.0, 0.0, 0.0, 0.0]",0.0,0.0,0.0,0.0,0.0,0.0,0.0,0.0,0.0,0.0,0.0,0.0,0.0,0.0,0.0
density-60_18,18,density-60,42,60,2037,3,ring,1,near_exit,4,253.88965937122703,250.78205533977598,0.8,11,14,"[1, 1, 1, 0, 1, 1, 0, 1, 0, 1, 1, 1, 1, 1]","{""0"": 1, ""1"": 1, ""2"": 1, ""3"": 0, ""4"": 1, ""5"": 1, ""6"": 0, ""7"": 1, ""8"": 0, ""9"": 1, ""10"": 1, ""11"": 1, ""12"": 1, ""13"": 1}",15,"[0.0, 0.0, 0.0, 0.0, 0.0, 0.0, 0.0, 0.0, 0.0, 0.0, 0.0, 0.0, 0.0, 0.0, 0.0]",0.0,0.0,0.0,0.0,0.0,0.0,0.0,0.0,0.0,0.0,0.0,0.0,0.0,0.0,0.0
density-60_19,19,density-60,42,61,4600,2,center,3,far_from_exit_and_main_road,11,107.66569153219461,244.24434981588274,0.8,12,14,"[1, 1, 0, 1, 1, 1, 1, 1, 1, 1, 1, 1, 0, 1]","{""0"": 1, ""1"": 1, ""2"": 0, ""3"": 1, ""4"": 1, ""5"": 1, ""6"": 1, ""7"": 1, ""8"": 1, ""9"": 1, ""10"": 1, ""11"": 1, ""12"": 0, ""13"": 1}",15,"[0.0, 0.0, 0.0, 0.0, 0.0, 0.0, 0.0, 0.0, 0.0, 0.0, 0.0, 0.0, 0.0, 0.0, 0.0]",0.0,0.0,0.0,0.0,0.0,0.0,0.0,0.0,0.0,0.0,0.0,0.0,0.0,0.0,0.0
density-60_20,20,density-60,42,62,4124,2,center,1,near_exit,4,253.88965937122703,250.78205533977598,0.8,9,14,"[0, 1, 0, 1, 1, 0, 1, 1, 1, 0, 0, 1, 1, 1]","{""0"": 0, ""1"": 1, ""2"": 0, ""3"": 1, ""4"": 1, ""5"": 0, ""6"": 1, ""7"": 1, ""8"": 1, ""9"": 0, ""10"": 0, ""11"": 1, ""12"": 1, ""13"": 1}",15,"[0.0, 0.0, 0.0, 0.0, 0.0, 0.0, 0.0, 0.0, 0.0, 0.0, 0.0, 0.0, 0.0, 0.0, 0.0]",0.0,0.0,0.0,0.0,0.0,0.0,0.0,0.0,0.0,0.0,0.0,0.0,0.0,0.0,0.0
density-120_1,1,density-120,42,43,3777,2,center,3,far_from_exit_and_main_road,12,86.4655145779252,206.66192820994183,0.8,13,14,"[1, 1, 1, 1, 1, 1, 1, 1, 1, 1, 1, 0, 1, 1]","{""0"": 1, ""1"": 1, ""2"": 1, ""3"": 1, ""4"": 1, ""5"": 1, ""6"": 1, ""7"": 1, ""8"": 1, ""9"": 1, ""10"": 1, ""11"": 0, ""12"": 1, ""13"": 1}",15,"[0.0, 0.0, 0.0, 0.0, 0.0, 0.0, 0.0, 0.0, 0.0, 0.0, 0.0, 0.0, 0.0, 0.0, 0.0]",0.0,0.0,0.0,0.0,0.0,0.0,0.0,0.0,0.0,0.0,0.0,0.0,0.0,0.0,0.0
density-120_2,2,density-120,42,44,4831,1,uniform,1,near_exit,6,26.251288073137403,149.61036271601915,0.8,12,14,"[1, 1, 0, 1, 1, 1, 1, 1, 1, 1, 0, 1, 1, 1]","{""0"": 1, ""1"": 1, ""2"": 0, ""3"": 1, ""4"": 1, ""5"": 1, ""6"": 1, ""7"": 1, ""8"": 1, ""9"": 1, ""10"": 0, ""11"": 1, ""12"": 1, ""13"": 1}",15,"[0.0, 0.0, 0.0, 0.0, 0.0, 0.0, 0.0, 0.0, 0.0, 0.0, 0.0, 0.0, 0.0, 0.0, 0.0]",0.0,0.0,0.0,0.0,0.0,0.0,0.0,0.0,0.0,0.0,0.0,0.0,0.0,0.0,0.0
density-120_3,3,density-120,42,45,5018,1,uniform,3,far_from_exit_and_main_road,2,135.2143654283136,374.6006386834197,0.8,14,14,"[1, 1, 1, 1, 1, 1, 1, 1, 1, 1, 1, 1, 1, 1]","{""0"": 1, ""1"": 1, ""2"": 1, ""3"": 1, ""4"": 1, ""5"": 1, ""6"": 1, ""7"": 1, ""8"": 1, ""9"": 1, ""10"": 1, ""11"": 1, ""12"": 1, ""13"": 1}",15,"[0.0, 0.0, 0.0, 0.0, 0.0, 0.0, 0.0, 0.0, 0.0, 0.0, 0.0, 0.0, 0.0, 0.0, 0.0]",0.0,0.0,0.0,0.0,0.0,0.0,0.0,0.0,0.0,0.0,0.0,0.0,0.0,0.0,0.0
density-120_4,4,density-120,42,46,5766,3,ring,2,near_main_road,16,134.70201228372753,258.9657045942731,0.8,9,14,"[0, 1, 1, 0, 1, 1, 1, 0, 1, 1, 1, 0, 0, 1]","{""0"": 0, ""1"": 1, ""2"": 1, ""3"": 0, ""4"": 1, ""5"": 1, ""6"": 1, ""7"": 0, ""8"": 1, ""9"": 1, ""10"": 1, ""11"": 0, ""12"": 0, ""13"": 1}",15,"[0.0, 0.0, 0.0, 0.0, 0.0, 0.0, 0.0, 0.0, 0.0, 0.0, 0.0, 0.0, 0.0, 0.0, 0.0]",0.0,0.0,0.0,0.0,0.0,0.0,0.0,0.0,0.0,0.0,0.0,0.0,0.0,0.0,0.0
density-120_5,5,density-120,42,47,5757,3,ring,1,near_exit,5,34.374810233712196,214.9597699600272,0.8,13,14,"[1, 1, 1, 1, 1, 1, 1, 1, 1, 1, 1, 0, 1, 1]","{""0"": 1, ""1"": 1, ""2"": 1, ""3"": 1, ""4"": 1, ""5"": 1, ""6"": 1, ""7"": 1, ""8"": 1, ""9"": 1, ""10"": 1, ""11"": 0, ""12"": 1, ""13"": 1}",15,"[0.0, 0.0, 0.0, 0.0, 0.0, 0.0, 0.0, 0.0, 0.0, 0.0, 0.0, 0.0, 0.0, 0.0, 0.0]",0.0,0.0,0.0,0.0,0.0,0.0,0.0,0.0,0.0,0.0,0.0,0.0,0.0,0.0,0.0
density-120_6,6,density-120,42,48,5482,2,center,2,near_main_road,9,180.08427936211228,352.65582518512383,0.8,11,14,"[1, 1, 1, 1, 0, 1, 1, 1, 0, 0, 1, 1, 1, 1]","{""0"": 1, ""1"": 1, ""2"": 1, ""3"": 1, ""4"": 0, ""5"": 1, ""6"": 1, ""7"": 1, ""8"": 0, ""9"": 0, ""10"": 1, ""11"": 1, ""12"": 1, ""13"": 1}",15,"[0.0, 0.0, 0.0, 0.0, 0.0, 0.0, 0.0, 0.0, 0.0, 0.0, 0.0, 0.0, 0.0, 0.0, 0.0]",0.0,0.0,0.0,0.0,0.0,0.0,0.0,0.0,0.0,0.0,0.0,0.0,0.0,0.0,0.0
density-120_7,7,density-120,42,49,4348,3,ring,3,far_from_exit_and_main_road,19,166.7272846736014,178.37646883539855,0.8,13,14,"[1, 1, 1, 1, 1, 1, 1, 1, 1, 1, 1, 1, 0, 1]","{""0"": 1, ""1"": 1, ""2"": 1, ""3"": 1, ""4"": 1, ""5"": 1, ""6"": 1, ""7"": 1, ""8"": 1, ""9"": 1, ""10"": 1, ""11"": 1, ""12"": 0, ""13"": 1}",15,"[0.0, 0.0, 0.0, 0.0, 0.0, 0.0, 0.0, 0.0, 0.0, 0.0, 0.0, 0.0, 0.0, 0.0, 0.0]",0.0,0.0,0.0,0.0,0.0,0.0,0.0,0.0,0.0,0.0,0.0,0.0,0.0,0.0,0.0
density-120_8,8,density-120,42,50,2774,3,ring,2,near_main_road,14,65.86150634847581,146.12098523322493,0.8,11,14,"[1, 1, 1, 1, 1, 0, 1, 1, 1, 1, 1, 0, 0, 1]","{""0"": 1, ""1"": 1, ""2"": 1, ""3"": 1, ""4"": 1, ""5"": 0, ""6"": 1, ""7"": 1, ""8"": 1, ""9"": 1, ""10"": 1, ""11"": 0, ""12"": 0, ""13"": 1}",15,"[0.0, 0.0, 0.0, 0.0, 0.0, 0.0, 0.0, 0.0, 0.0, 0.0, 0.0, 0.0, 0.0, 0.0, 0.0]",0.0,0.0,0.0,0.0,0.0,0.0,0.0,0.0,0.0,0.0,0.0,0.0,0.0,0.0,0.0
density-120_9,9,density-120,42,51,3137,1,uniform,1,near_exit,11,74.4658822324127,300.26813259813935,0.8,11,14,"[1, 1, 1, 0, 1, 1, 0, 1, 0, 1, 1, 1, 1, 1]","{""0"": 1, ""1"": 1, ""2"": 1, ""3"": 0, ""4"": 1, ""5"": 1, ""6"": 0, ""7"": 1, ""8"": 0, ""9"": 1, ""10"": 1, ""11"": 1, ""12"": 1, ""13"": 1}",15,"[0.0, 0.0, 0.0, 0.0, 0.0, 0.0, 0.0, 0.0, 0.0, 0.0, 0.0, 0.0, 0.0, 0.0, 0.0]",0.0,0.0,0.0,0.0,0.0,0.0,0.0,0.0,0.0,0.0,0.0,0.0,0.0,0.0,0.0
density-120_10,10,density-120,42,52,3585,3,ring,1,near_exit,11,74.4658822324127,300.26813259813935,0.8,10,14,"[0, 1, 1, 1, 0, 1, 0, 1, 0, 1, 1, 1, 1, 1]","{""0"": 0, ""1"": 1, ""2"": 1, ""3"": 1, ""4"": 0, ""5"": 1, ""6"": 0, ""7"": 1, ""8"": 0, ""9"": 1, ""10"": 1, ""11"": 1, ""12"": 1, ""13"": 1}",15,"[0.0, 0.0, 0.0, 0.0, 0.0, 0.0, 0.0, 0.0, 0.0, 0.0, 0.0, 0.0, 0.0, 0.0, 0.0]",0.0,0.0,0.0,0.0,0.0,0.0,0.0,0.0,0.0,0.0,0.0,0.0,0.0,0.0,0.0
density-120_11,11,density-120,42,53,5041,2,center,2,near_main_road,12,154.97150951996446,181.80336326546967,0.8,10,14,"[1, 0, 1, 1, 0, 1, 1, 1, 0, 1, 1, 0, 1, 1]","{""0"": 1, ""1"": 0, ""2"": 1, ""3"": 1, ""4"": 0, ""5"": 1, ""6"": 1, ""7"": 1, ""8"": 0, ""9"": 1, ""10"": 1, ""11"": 0, ""12"": 1, ""13"": 1}",15,"[0.0, 0.0, 0.0, 0.0, 0.0, 0.0, 0.0, 0.0, 0.0, 0.0, 0.0, 0.0, 0.0, 0.0, 0.0]",0.0,0.0,0.0,0.0,0.0,0.0,0.0,0.0,0.0,0.0,0.0,0.0,0.0,0.0,0.0
density-120_12,12,density-120,42,54,4248,1,uniform,1,near_exit,9,99.46174082159996,359.97675951663405,0.8,9,14,"[0, 1, 1, 1, 0, 1, 1, 1, 1, 0, 0, 1, 1, 0]","{""0"": 0, ""1"": 1, ""2"": 1, ""3"": 1, ""4"": 0, ""5"": 1, ""6"": 1, ""7"": 1, ""8"": 1, ""9"": 0, ""10"": 0, ""11"": 1, ""12"": 1, ""13"": 0}",15,"[0.0, 0.0, 0.0, 0.0, 0.0, 0.0, 0.0, 0.0, 0.0, 0.0, 0.0, 0.0, 0.0, 0.0, 0.0]",0.0,0.0,0.0,0.0,0.0,0.0,0.0,0.0,0.0,0.0,0.0,0.0,0.0,0.0,0.0
density-120_13,13,density-120,42,55,4945,1,uniform,1,near_exit,2,218.32077577710152,98.24949029041454,0.8,11,14,"[1, 0, 1, 1, 0, 1, 1, 1, 1, 0, 1, 1, 1, 1]","{""0"": 1, ""1"": 0, ""2"": 1, ""3"": 1, ""4"": 0, ""5"": 1, ""6"": 1, ""7"": 1, ""8"": 1, ""9"": 0, ""10"": 1, ""11"": 1, ""12"": 1, ""13"": 1}",15,"[0.0, 0.0, 0.0, 0.0, 0.0, 0.0, 0.0, 0.0, 0.0, 0.0, 0.0, 0.0, 0.0, 0.0, 0.0]",0.0,0.0,0.0,0.0,0.0,0.0,0.0,0.0,0.0,0.0,0.0,0.0,0.0,0.0,0.0
density-120_14,14,density-120,42,56,2863,3,ring,1,near_exit,3,266.886261947453,161.88702389178798,0.8,11,14,"[0, 1, 1, 1, 1, 0, 1, 1, 1, 1, 1, 0, 1, 1]","{""0"": 0, ""1"": 1, ""2"": 1, ""3"": 1, ""4"": 1, ""5"": 0, ""6"": 1, ""7"": 1, ""8"": 1, ""9"": 1, ""10"": 1, ""11"": 0, ""12"": 1, ""13"": 1}",15,"[0.0, 0.0, 0.0, 0.0, 0.0, 0.0, 0.0, 0.0, 0.0, 0.0, 0.0, 0.0, 0.0, 0.0, 0.0]",0.0,0.0,0.0,0.0,0.0,0.0,0.0,0.0,0.0,0.0,0.0,0.0,0.0,0.0,0.0
density-120_15,15,density-120,42,57,2445,3,ring,3,far_from_exit_and_main_road,18,220.97559298947453,223.2789021898061,0.8,11,14,"[1, 1, 1, 1, 0, 1, 0, 1, 0, 1, 1, 1, 1, 1]","{""0"": 1, ""1"": 1, ""2"": 1, ""3"": 1, ""4"": 0, ""5"": 1, ""6"": 0, ""7"": 1, ""8"": 0, ""9"": 1, ""10"": 1, ""11"": 1, ""12"": 1, ""13"": 1}",15,"[0.0, 0.0, 0.0, 0.0, 0.0, 0.0, 0.0, 0.0, 0.0, 0.0, 0.0, 0.0, 0.0, 0.0, 0.0]",0.0,0.0,0.0,0.0,0.0,0.0,0.0,0.0,0.0,0.0,0.0,0.0,0.0,0.0,0.0
density-120_16,16,density-120,42,58,4005,1,uniform,2,near_main_road,5,193.32523366622627,216.92377928225324,0.8,9,14,"[1, 1, 1, 0, 1, 1, 1, 1, 0, 0, 0, 1, 0, 1]","{""0"": 1, ""1"": 1, ""2"": 1, ""3"": 0, ""4"": 1, ""5"": 1, ""6"": 1, ""7"": 1, ""8"": 0, ""9"": 0, ""10"": 0, ""11"": 1, ""12"": 0, ""13"": 1}",15,"[0.0, 0.0, 0.0, 0.0, 0.0, 0.0, 0.0, 0.0, 0.0, 0.0, 0.0, 0.0, 0.0, 0.0, 0.0]",0.0,0.0,0.0,0.0,0.0,0.0,0.0,0.0,0.0,0.0,0.0,0.0,0.0,0.0,0.0
density-120_17,17,density-120,42,59,3388,2,center,1,near_exit,2,218.32077577710152,98.24949029041454,0.8,9,14,"[1, 0, 0, 1, 0, 1, 1, 1, 0, 1, 0, 1, 1, 1]","{""0"": 1, ""1"": 0, ""2"": 0, ""3"": 1, ""4"": 0, ""5"": 1, ""6"": 1, ""7"": 1, ""8"": 0, ""9"": 1, ""10"": 0, ""11"": 1, ""12"": 1, ""13"": 1}",15,"[0.0, 0.0, 0.0, 0.0, 0.0, 0.0, 0.0, 0.0, 0.0, 0.0, 0.0, 0.0, 0.0, 0.0, 0.0]",0.0,0.0,0.0,0.0,0.0,0.0,0.0,0.0,0.0,0.0,0.0,0.0,0.0,0.0,0.0
density-120_18,18,density-120,42,60,2037,3,ring,1,near_exit,4,253.88965937122703,250.78205533977598,0.8,11,14,"[1, 1, 1, 0, 1, 1, 0, 1, 0, 1, 1, 1, 1, 1]","{""0"": 1, ""1"": 1, ""2"": 1, ""3"": 0, ""4"": 1, ""5"": 1, ""6"": 0, ""7"": 1, ""8"": 0, ""9"": 1, ""10"": 1, ""11"": 1, ""12"": 1, ""13"": 1}",15,"[0.0, 0.0, 0.0, 0.0, 0.0, 0.0, 0.0, 0.0, 0.0, 0.0, 0.0, 0.0, 0.0, 0.0, 0.0]",0.0,0.0,0.0,0.0,0.0,0.0,0.0,0.0,0.0,0.0,0.0,0.0,0.0,0.0,0.0
density-120_19,19,density-120,42,61,4600,2,center,3,far_from_exit_and_main_road,11,107.66569153219461,244.24434981588274,0.8,12,14,"[1, 1, 0, 1, 1, 1, 1, 1, 1, 1, 1, 1, 0, 1]","{""0"": 1, ""1"": 1, ""2"": 0, ""3"": 1, ""4"": 1, ""5"": 1, ""6"": 1, ""7"": 1, ""8"": 1, ""9"": 1, ""10"": 1, ""11"": 1, ""12"": 0, ""13"": 1}",15,"[0.0, 0.0, 0.0, 0.0, 0.0, 0.0, 0.0, 0.0, 0.0, 0.0, 0.0, 0.0, 0.0, 0.0, 0.0]",0.0,0.0,0.0,0.0,0.0,0.0,0.0,0.0,0.0,0.0,0.0,0.0,0.0,0.0,0.0
density-120_20,20,density-120,42,62,4124,2,center,1,near_exit,4,253.88965937122703,250.78205533977598,0.8,9,14,"[0, 1, 0, 1, 1, 0, 1, 1, 1, 0, 0, 1, 1, 1]","{""0"": 0, ""1"": 1, ""2"": 0, ""3"": 1, ""4"": 1, ""5"": 0, ""6"": 1, ""7"": 1, ""8"": 1, ""9"": 0, ""10"": 0, ""11"": 1, ""12"": 1, ""13"": 1}",15,"[0.0, 0.0, 0.0, 0.0, 0.0, 0.0, 0.0, 0.0, 0.0, 0.0, 0.0, 0.0, 0.0, 0.0, 0.0]",0.0,0.0,0.0,0.0,0.0,0.0,0.0,0.0,0.0,0.0,0.0,0.0,0.0,0.0,0.0
density-180_1,1,density-180,42,43,3777,2,center,3,far_from_exit_and_main_road,12,86.4655145779252,206.66192820994183,0.8,13,14,"[1, 1, 1, 1, 1, 1, 1, 1, 1, 1, 1, 0, 1, 1]","{""0"": 1, ""1"": 1, ""2"": 1, ""3"": 1, ""4"": 1, ""5"": 1, ""6"": 1, ""7"": 1, ""8"": 1, ""9"": 1, ""10"": 1, ""11"": 0, ""12"": 1, ""13"": 1}",15,"[0.0, 0.0, 0.0, 0.0, 0.0, 0.0, 0.0, 0.0, 0.0, 0.0, 0.0, 0.0, 0.0, 0.0, 0.0]",0.0,0.0,0.0,0.0,0.0,0.0,0.0,0.0,0.0,0.0,0.0,0.0,0.0,0.0,0.0
density-180_2,2,density-180,42,44,4831,1,uniform,1,near_exit,6,26.251288073137403,149.61036271601915,0.8,12,14,"[1, 1, 0, 1, 1, 1, 1, 1, 1, 1, 0, 1, 1, 1]","{""0"": 1, ""1"": 1, ""2"": 0, ""3"": 1, ""4"": 1, ""5"": 1, ""6"": 1, ""7"": 1, ""8"": 1, ""9"": 1, ""10"": 0, ""11"": 1, ""12"": 1, ""13"": 1}",15,"[0.0, 0.0, 0.0, 0.0, 0.0, 0.0, 0.0, 0.0, 0.0, 0.0, 0.0, 0.0, 0.0, 0.0, 0.0]",0.0,0.0,0.0,0.0,0.0,0.0,0.0,0.0,0.0,0.0,0.0,0.0,0.0,0.0,0.0
density-180_3,3,density-180,42,45,5018,1,uniform,3,far_from_exit_and_main_road,2,135.2143654283136,374.6006386834197,0.8,14,14,"[1, 1, 1, 1, 1, 1, 1, 1, 1, 1, 1, 1, 1, 1]","{""0"": 1, ""1"": 1, ""2"": 1, ""3"": 1, ""4"": 1, ""5"": 1, ""6"": 1, ""7"": 1, ""8"": 1, ""9"": 1, ""10"": 1, ""11"": 1, ""12"": 1, ""13"": 1}",15,"[0.0, 0.0, 0.0, 0.0, 0.0, 0.0, 0.0, 0.0, 0.0, 0.0, 0.0, 0.0, 0.0, 0.0, 0.0]",0.0,0.0,0.0,0.0,0.0,0.0,0.0,0.0,0.0,0.0,0.0,0.0,0.0,0.0,0.0
density-180_4,4,density-180,42,46,5766,3,ring,2,near_main_road,16,134.70201228372753,258.9657045942731,0.8,9,14,"[0, 1, 1, 0, 1, 1, 1, 0, 1, 1, 1, 0, 0, 1]","{""0"": 0, ""1"": 1, ""2"": 1, ""3"": 0, ""4"": 1, ""5"": 1, ""6"": 1, ""7"": 0, ""8"": 1, ""9"": 1, ""10"": 1, ""11"": 0, ""12"": 0, ""13"": 1}",15,"[0.0, 0.0, 0.0, 0.0, 0.0, 0.0, 0.0, 0.0, 0.0, 0.0, 0.0, 0.0, 0.0, 0.0, 0.0]",0.0,0.0,0.0,0.0,0.0,0.0,0.0,0.0,0.0,0.0,0.0,0.0,0.0,0.0,0.0
density-180_5,5,density-180,42,47,5757,3,ring,1,near_exit,5,34.374810233712196,214.9597699600272,0.8,13,14,"[1, 1, 1, 1, 1, 1, 1, 1, 1, 1, 1, 0, 1, 1]","{""0"": 1, ""1"": 1, ""2"": 1, ""3"": 1, ""4"": 1, ""5"": 1, ""6"": 1, ""7"": 1, ""8"": 1, ""9"": 1, ""10"": 1, ""11"": 0, ""12"": 1, ""13"": 1}",15,"[0.0, 0.0, 0.0, 0.0, 0.0, 0.0, 0.0, 0.0, 0.0, 0.0, 0.0, 0.0, 0.0, 0.0, 0.0]",0.0,0.0,0.0,0.0,0.0,0.0,0.0,0.0,0.0,0.0,0.0,0.0,0.0,0.0,0.0
density-180_6,6,density-180,42,48,5482,2,center,2,near_main_road,9,180.08427936211228,352.65582518512383,0.8,11,14,"[1, 1, 1, 1, 0, 1, 1, 1, 0, 0, 1, 1, 1, 1]","{""0"": 1, ""1"": 1, ""2"": 1, ""3"": 1, ""4"": 0, ""5"": 1, ""6"": 1, ""7"": 1, ""8"": 0, ""9"": 0, ""10"": 1, ""11"": 1, ""12"": 1, ""13"": 1}",15,"[0.0, 0.0, 0.0, 0.0, 0.0, 0.0, 0.0, 0.0, 0.0, 0.0, 0.0, 0.0, 0.0, 0.0, 0.0]",0.0,0.0,0.0,0.0,0.0,0.0,0.0,0.0,0.0,0.0,0.0,0.0,0.0,0.0,0.0
density-180_7,7,density-180,42,49,4348,3,ring,3,far_from_exit_and_main_road,19,166.7272846736014,178.37646883539855,0.8,13,14,"[1, 1, 1, 1, 1, 1, 1, 1, 1, 1, 1, 1, 0, 1]","{""0"": 1, ""1"": 1, ""2"": 1, ""3"": 1, ""4"": 1, ""5"": 1, ""6"": 1, ""7"": 1, ""8"": 1, ""9"": 1, ""10"": 1, ""11"": 1, ""12"": 0, ""13"": 1}",15,"[0.0, 0.0, 0.0, 0.0, 0.0, 0.0, 0.0, 0.0, 0.0, 0.0, 0.0, 0.0, 0.0, 0.0, 0.0]",0.0,0.0,0.0,0.0,0.0,0.0,0.0,0.0,0.0,0.0,0.0,0.0,0.0,0.0,0.0
density-180_8,8,density-180,42,50,2774,3,ring,2,near_main_road,14,65.86150634847581,146.12098523322493,0.8,11,14,"[1, 1, 1, 1, 1, 0, 1, 1, 1, 1, 1, 0, 0, 1]","{""0"": 1, ""1"": 1, ""2"": 1, ""3"": 1, ""4"": 1, ""5"": 0, ""6"": 1, ""7"": 1, ""8"": 1, ""9"": 1, ""10"": 1, ""11"": 0, ""12"": 0, ""13"": 1}",15,"[0.0, 0.0, 0.0, 0.0, 0.0, 0.0, 0.0, 0.0, 0.0, 0.0, 0.0, 0.0, 0.0, 0.0, 0.0]",0.0,0.0,0.0,0.0,0.0,0.0,0.0,0.0,0.0,0.0,0.0,0.0,0.0,0.0,0.0
density-180_9,9,density-180,42,51,3137,1,uniform,1,near_exit,11,74.4658822324127,300.26813259813935,0.8,11,14,"[1, 1, 1, 0, 1, 1, 0, 1, 0, 1, 1, 1, 1, 1]","{""0"": 1, ""1"": 1, ""2"": 1, ""3"": 0, ""4"": 1, ""5"": 1, ""6"": 0, ""7"": 1, ""8"": 0, ""9"": 1, ""10"": 1, ""11"": 1, ""12"": 1, ""13"": 1}",15,"[0.0, 0.0, 0.0, 0.0, 0.0, 0.0, 0.0, 0.0, 0.0, 0.0, 0.0, 0.0, 0.0, 0.0, 0.0]",0.0,0.0,0.0,0.0,0.0,0.0,0.0,0.0,0.0,0.0,0.0,0.0,0.0,0.0,0.0
density-180_10,10,density-180,42,52,3585,3,ring,1,near_exit,11,74.4658822324127,300.26813259813935,0.8,10,14,"[0, 1, 1, 1, 0, 1, 0, 1, 0, 1, 1, 1, 1, 1]","{""0"": 0, ""1"": 1, ""2"": 1, ""3"": 1, ""4"": 0, ""5"": 1, ""6"": 0, ""7"": 1, ""8"": 0, ""9"": 1, ""10"": 1, ""11"": 1, ""12"": 1, ""13"": 1}",15,"[0.0, 0.0, 0.0, 0.0, 0.0, 0.0, 0.0, 0.0, 0.0, 0.0, 0.0, 0.0, 0.0, 0.0, 0.0]",0.0,0.0,0.0,0.0,0.0,0.0,0.0,0.0,0.0,0.0,0.0,0.0,0.0,0.0,0.0
density-180_11,11,density-180,42,53,5041,2,center,2,near_main_road,12,154.97150951996446,181.80336326546967,0.8,10,14,"[1, 0, 1, 1, 0, 1, 1, 1, 0, 1, 1, 0, 1, 1]","{""0"": 1, ""1"": 0, ""2"": 1, ""3"": 1, ""4"": 0, ""5"": 1, ""6"": 1, ""7"": 1, ""8"": 0, ""9"": 1, ""10"": 1, ""11"": 0, ""12"": 1, ""13"": 1}",15,"[0.0, 0.0, 0.0, 0.0, 0.0, 0.0, 0.0, 0.0, 0.0, 0.0, 0.0, 0.0, 0.0, 0.0, 0.0]",0.0,0.0,0.0,0.0,0.0,0.0,0.0,0.0,0.0,0.0,0.0,0.0,0.0,0.0,0.0
density-180_12,12,density-180,42,54,4248,1,uniform,1,near_exit,9,99.46174082159996,359.97675951663405,0.8,9,14,"[0, 1, 1, 1, 0, 1, 1, 1, 1, 0, 0, 1, 1, 0]","{""0"": 0, ""1"": 1, ""2"": 1, ""3"": 1, ""4"": 0, ""5"": 1, ""6"": 1, ""7"": 1, ""8"": 1, ""9"": 0, ""10"": 0, ""11"": 1, ""12"": 1, ""13"": 0}",15,"[0.0, 0.0, 0.0, 0.0, 0.0, 0.0, 0.0, 0.0, 0.0, 0.0, 0.0, 0.0, 0.0, 0.0, 0.0]",0.0,0.0,0.0,0.0,0.0,0.0,0.0,0.0,0.0,0.0,0.0,0.0,0.0,0.0,0.0
density-180_13,13,density-180,42,55,4945,1,uniform,1,near_exit,2,218.32077577710152,98.24949029041454,0.8,11,14,"[1, 0, 1, 1, 0, 1, 1, 1, 1, 0, 1, 1, 1, 1]","{""0"": 1, ""1"": 0, ""2"": 1, ""3"": 1, ""4"": 0, ""5"": 1, ""6"": 1, ""7"": 1, ""8"": 1, ""9"": 0, ""10"": 1, ""11"": 1, ""12"": 1, ""13"": 1}",15,"[0.0, 0.0, 0.0, 0.0, 0.0, 0.0, 0.0, 0.0, 0.0, 0.0, 0.0, 0.0, 0.0, 0.0, 0.0]",0.0,0.0,0.0,0.0,0.0,0.0,0.0,0.0,0.0,0.0,0.0,0.0,0.0,0.0,0.0
density-180_14,14,density-180,42,56,2863,3,ring,1,near_exit,3,266.886261947453,161.88702389178798,0.8,11,14,"[0, 1, 1, 1, 1, 0, 1, 1, 1, 1, 1, 0, 1, 1]","{""0"": 0, ""1"": 1, ""2"": 1, ""3"": 1, ""4"": 1, ""5"": 0, ""6"": 1, ""7"": 1, ""8"": 1, ""9"": 1, ""10"": 1, ""11"": 0, ""12"": 1, ""13"": 1}",15,"[0.0, 0.0, 0.0, 0.0, 0.0, 0.0, 0.0, 0.0, 0.0, 0.0, 0.0, 0.0, 0.0, 0.0, 0.0]",0.0,0.0,0.0,0.0,0.0,0.0,0.0,0.0,0.0,0.0,0.0,0.0,0.0,0.0,0.0
density-180_15,15,density-180,42,57,2445,3,ring,3,far_from_exit_and_main_road,18,220.97559298947453,223.2789021898061,0.8,11,14,"[1, 1, 1, 1, 0, 1, 0, 1, 0, 1, 1, 1, 1, 1]","{""0"": 1, ""1"": 1, ""2"": 1, ""3"": 1, ""4"": 0, ""5"": 1, ""6"": 0, ""7"": 1, ""8"": 0, ""9"": 1, ""10"": 1, ""11"": 1, ""12"": 1, ""13"": 1}",15,"[0.0, 0.0, 0.0, 0.0, 0.0, 0.0, 0.0, 0.0, 0.0, 0.0, 0.0, 0.0, 0.0, 0.0, 0.0]",0.0,0.0,0.0,0.0,0.0,0.0,0.0,0.0,0.0,0.0,0.0,0.0,0.0,0.0,0.0
density-180_16,16,density-180,42,58,4005,1,uniform,2,near_main_road,5,193.32523366622627,216.92377928225324,0.8,9,14,"[1, 1, 1, 0, 1, 1, 1, 1, 0, 0, 0, 1, 0, 1]","{""0"": 1, ""1"": 1, ""2"": 1, ""3"": 0, ""4"": 1, ""5"": 1, ""6"": 1, ""7"": 1, ""8"": 0, ""9"": 0, ""10"": 0, ""11"": 1, ""12"": 0, ""13"": 1}",15,"[0.0, 0.0, 0.0, 0.0, 0.0, 0.0, 0.0, 0.0, 0.0, 0.0, 0.0, 0.0, 0.0, 0.0, 0.0]",0.0,0.0,0.0,0.0,0.0,0.0,0.0,0.0,0.0,0.0,0.0,0.0,0.0,0.0,0.0
density-180_17,17,density-180,42,59,3388,2,center,1,near_exit,2,218.32077577710152,98.24949029041454,0.8,9,14,"[1, 0, 0, 1, 0, 1, 1, 1, 0, 1, 0, 1, 1, 1]","{""0"": 1, ""1"": 0, ""2"": 0, ""3"": 1, ""4"": 0, ""5"": 1, ""6"": 1, ""7"": 1, ""8"": 0, ""9"": 1, ""10"": 0, ""11"": 1, ""12"": 1, ""13"": 1}",15,"[0.0, 0.0, 0.0, 0.0, 0.0, 0.0, 0.0, 0.0, 0.0, 0.0, 0.0, 0.0, 0.0, 0.0, 0.0]",0.0,0.0,0.0,0.0,0.0,0.0,0.0,0.0,0.0,0.0,0.0,0.0,0.0,0.0,0.0
density-180_18,18,density-180,42,60,2037,3,ring,1,near_exit,4,253.88965937122703,250.78205533977598,0.8,11,14,"[1, 1, 1, 0, 1, 1, 0, 1, 0, 1, 1, 1, 1, 1]","{""0"": 1, ""1"": 1, ""2"": 1, ""3"": 0, ""4"": 1, ""5"": 1, ""6"": 0, ""7"": 1, ""8"": 0, ""9"": 1, ""10"": 1, ""11"": 1, ""12"": 1, ""13"": 1}",15,"[0.0, 0.0, 0.0, 0.0, 0.0, 0.0, 0.0, 0.0, 0.0, 0.0, 0.0, 0.0, 0.0, 0.0, 0.0]",0.0,0.0,0.0,0.0,0.0,0.0,0.0,0.0,0.0,0.0,0.0,0.0,0.0,0.0,0.0
density-180_19,19,density-180,42,61,4600,2,center,3,far_from_exit_and_main_road,11,107.66569153219461,244.24434981588274,0.8,12,14,"[1, 1, 0, 1, 1, 1, 1, 1, 1, 1, 1, 1, 0, 1]","{""0"": 1, ""1"": 1, ""2"": 0, ""3"": 1, ""4"": 1, ""5"": 1, ""6"": 1, ""7"": 1, ""8"": 1, ""9"": 1, ""10"": 1, ""11"": 1, ""12"": 0, ""13"": 1}",15,"[0.0, 0.0, 0.0, 0.0, 0.0, 0.0, 0.0, 0.0, 0.0, 0.0, 0.0, 0.0, 0.0, 0.0, 0.0]",0.0,0.0,0.0,0.0,0.0,0.0,0.0,0.0,0.0,0.0,0.0,0.0,0.0,0.0,0.0
density-180_20,20,density-180,42,62,4124,2,center,1,near_exit,4,253.88965937122703,250.78205533977598,0.8,9,14,"[0, 1, 0, 1, 1, 0, 1, 1, 1, 0, 0, 1, 1, 1]","{""0"": 0, ""1"": 1, ""2"": 0, ""3"": 1, ""4"": 1, ""5"": 0, ""6"": 1, ""7"": 1, ""8"": 1, ""9"": 0, ""10"": 0, ""11"": 1, ""12"": 1, ""13"": 1}",15,"[0.0, 0.0, 0.0, 0.0, 0.0, 0.0, 0.0, 0.0, 0.0, 0.0, 0.0, 0.0, 0.0, 0.0, 0.0]",0.0,0.0,0.0,0.0,0.0,0.0,0.0,0.0,0.0,0.0,0.0,0.0,0.0,0.0,0.0
static-0_1,1,static-0,42,43,8888,2,center,3,far_from_exit_and_main_road,12,86.4655145779252,206.66192820994183,0.8,13,14,"[1, 1, 1, 1, 1, 1, 1, 1, 1, 1, 1, 0, 1, 1]","{""0"": 1, ""1"": 1, ""2"": 1, ""3"": 1, ""4"": 1, ""5"": 1, ""6"": 1, ""7"": 1, ""8"": 1, ""9"": 1, ""10"": 1, ""11"": 0, ""12"": 1, ""13"": 1}",15,"[0.0, 0.0, 0.0, 0.0, 0.0, 0.0, 0.0, 0.0, 0.0, 0.0, 0.0, 0.0, 0.0, 0.0, 0.0]",0.0,0.0,0.0,0.0,0.0,0.0,0.0,0.0,0.0,0.0,0.0,0.0,0.0,0.0,0.0
static-0_2,2,static-0,42,44,9415,1,uniform,1,near_exit,6,26.251288073137403,149.61036271601915,0.8,12,14,"[1, 1, 0, 1, 1, 1, 1, 1, 1, 1, 0, 1, 1, 1]","{""0"": 1, ""1"": 1, ""2"": 0, ""3"": 1, ""4"": 1, ""5"": 1, ""6"": 1, ""7"": 1, ""8"": 1, ""9"": 1, ""10"": 0, ""11"": 1, ""12"": 1, ""13"": 1}",15,"[0.0, 0.0, 0.0, 0.0, 0.0, 0.0, 0.0, 0.0, 0.0, 0.0, 0.0, 0.0, 0.0, 0.0, 0.0]",0.0,0.0,0.0,0.0,0.0,0.0,0.0,0.0,0.0,0.0,0.0,0.0,0.0,0.0,0.0
static-0_3,3,static-0,42,45,9509,1,uniform,3,far_from_exit_and_main_road,2,135.2143654283136,374.6006386834197,0.8,14,14,"[1, 1, 1, 1, 1, 1, 1, 1, 1, 1, 1, 1, 1, 1]","{""0"": 1, ""1"": 1, ""2"": 1, ""3"": 1, ""4"": 1, ""5"": 1, ""6"": 1, ""7"": 1, ""8"": 1, ""9"": 1, ""10"": 1, ""11"": 1, ""12"": 1, ""13"": 1}",15,"[0.0, 0.0, 0.0, 0.0, 0.0, 0.0, 0.0, 0.0, 0.0, 0.0, 0.0, 0.0, 0.0, 0.0, 0.0]",0.0,0.0,0.0,0.0,0.0,0.0,0.0,0.0,0.0,0.0,0.0,0.0,0.0,0.0,0.0
static-0_4,4,static-0,42,46,9883,3,ring,2,near_main_road,16,134.70201228372753,258.9657045942731,0.8,9,14,"[0, 1, 1, 0, 1, 1, 1, 0, 1, 1, 1, 0, 0, 1]","{""0"": 0, ""1"": 1, ""2"": 1, ""3"": 0, ""4"": 1, ""5"": 1, ""6"": 1, ""7"": 0, ""8"": 1, ""9"": 1, ""10"": 1, ""11"": 0, ""12"": 0, ""13"": 1}",15,"[0.0, 0.0, 0.0, 0.0, 0.0, 0.0, 0.0, 0.0, 0.0, 0.0, 0.0, 0.0, 0.0, 0.0, 0.0]",0.0,0.0,0.0,0.0,0.0,0.0,0.0,0.0,0.0,0.0,0.0,0.0,0.0,0.0,0.0
static-0_5,5,static-0,42,47,9878,3,ring,1,near_exit,5,34.374810233712196,214.9597699600272,0.8,13,14,"[1, 1, 1, 1, 1, 1, 1, 1, 1, 1, 1, 0, 1, 1]","{""0"": 1, ""1"": 1, ""2"": 1, ""3"": 1, ""4"": 1, ""5"": 1, ""6"": 1, ""7"": 1, ""8"": 1, ""9"": 1, ""10"": 1, ""11"": 0, ""12"": 1, ""13"": 1}",15,"[0.0, 0.0, 0.0, 0.0, 0.0, 0.0, 0.0, 0.0, 0.0, 0.0, 0.0, 0.0, 0.0, 0.0, 0.0]",0.0,0.0,0.0,0.0,0.0,0.0,0.0,0.0,0.0,0.0,0.0,0.0,0.0,0.0,0.0
static-0_6,6,static-0,42,48,9741,2,center,2,near_main_road,9,180.08427936211228,352.65582518512383,0.8,11,14,"[1, 1, 1, 1, 0, 1, 1, 1, 0, 0, 1, 1, 1, 1]","{""0"": 1, ""1"": 1, ""2"": 1, ""3"": 1, ""4"": 0, ""5"": 1, ""6"": 1, ""7"": 1, ""8"": 0, ""9"": 0, ""10"": 1, ""11"": 1, ""12"": 1, ""13"": 1}",15,"[0.0, 0.0, 0.0, 0.0, 0.0, 0.0, 0.0, 0.0, 0.0, 0.0, 0.0, 0.0, 0.0, 0.0, 0.0]",0.0,0.0,0.0,0.0,0.0,0.0,0.0,0.0,0.0,0.0,0.0,0.0,0.0,0.0,0.0
static-0_7,7,static-0,42,49,9174,3,ring,3,far_from_exit_and_main_road,19,166.7272846736014,178.37646883539855,0.8,13,14,"[1, 1, 1, 1, 1, 1, 1, 1, 1, 1, 1, 1, 0, 1]","{""0"": 1, ""1"": 1, ""2"": 1, ""3"": 1, ""4"": 1, ""5"": 1, ""6"": 1, ""7"": 1, ""8"": 1, ""9"": 1, ""10"": 1, ""11"": 1, ""12"": 0, ""13"": 1}",15,"[0.0, 0.0, 0.0, 0.0, 0.0, 0.0, 0.0, 0.0, 0.0, 0.0, 0.0, 0.0, 0.0, 0.0, 0.0]",0.0,0.0,0.0,0.0,0.0,0.0,0.0,0.0,0.0,0.0,0.0,0.0,0.0,0.0,0.0
static-0_8,8,static-0,42,50,8387,3,ring,2,near_main_road,14,65.86150634847581,146.12098523322493,0.8,11,14,"[1, 1, 1, 1, 1, 0, 1, 1, 1, 1, 1, 0, 0, 1]","{""0"": 1, ""1"": 1, ""2"": 1, ""3"": 1, ""4"": 1, ""5"": 0, ""6"": 1, ""7"": 1, ""8"": 1, ""9"": 1, ""10"": 1, ""11"": 0, ""12"": 0, ""13"": 1}",15,"[0.0, 0.0, 0.0, 0.0, 0.0, 0.0, 0.0, 0.0, 0.0, 0.0, 0.0, 0.0, 0.0, 0.0, 0.0]",0.0,0.0,0.0,0.0,0.0,0.0,0.0,0.0,0.0,0.0,0.0,0.0,0.0,0.0,0.0
static-0_9,9,static-0,42,51,8568,1,uniform,1,near_exit,11,74.4658822324127,300.26813259813935,0.8,11,14,"[1, 1, 1, 0, 1, 1, 0, 1, 0, 1, 1, 1, 1, 1]","{""0"": 1, ""1"": 1, ""2"": 1, ""3"": 0, ""4"": 1, ""5"": 1, ""6"": 0, ""7"": 1, ""8"": 0, ""9"": 1, ""10"": 1, ""11"": 1, ""12"": 1, ""13"": 1}",15,"[0.0, 0.0, 0.0, 0.0, 0.0, 0.0, 0.0, 0.0, 0.0, 0.0, 0.0, 0.0, 0.0, 0.0, 0.0]",0.0,0.0,0.0,0.0,0.0,0.0,0.0,0.0,0.0,0.0,0.0,0.0,0.0,0.0,0.0
static-0_10,10,static-0,42,52,8792,3,ring,1,near_exit,11,74.4658822324127,300.26813259813935,0.8,10,14,"[0, 1, 1, 1, 0, 1, 0, 1, 0, 1, 1, 1, 1, 1]","{""0"": 0, ""1"": 1, ""2"": 1, ""3"": 1, ""4"": 0, ""5"": 1, ""6"": 0, ""7"": 1, ""8"": 0, ""9"": 1, ""10"": 1, ""11"": 1, ""12"": 1, ""13"": 1}",15,"[0.0, 0.0, 0.0, 0.0, 0.0, 0.0, 0.0, 0.0, 0.0, 0.0, 0.0, 0.0, 0.0, 0.0, 0.0]",0.0,0.0,0.0,0.0,0.0,0.0,0.0,0.0,0.0,0.0,0.0,0.0,0.0,0.0,0.0
static-0_11,11,static-0,42,53,9520,2,center,2,near_main_road,12,154.97150951996446,181.80336326546967,0.8,10,14,"[1, 0, 1, 1, 0, 1, 1, 1, 0, 1, 1, 0, 1, 1]","{""0"": 1, ""1"": 0, ""2"": 1, ""3"": 1, ""4"": 0, ""5"": 1, ""6"": 1, ""7"": 1, ""8"": 0, ""9"": 1, ""10"": 1, ""11"": 0, ""12"": 1, ""13"": 1}",15,"[0.0, 0.0, 0.0, 0.0, 0.0, 0.0, 0.0, 0.0, 0.0, 0.0, 0.0, 0.0, 0.0, 0.0, 0.0]",0.0,0.0,0.0,0.0,0.0,0.0,0.0,0.0,0.0,0.0,0.0,0.0,0.0,0.0,0.0
static-0_12,12,static-0,42,54,9124,1,uniform,1,near_exit,9,99.46174082159996,359.97675951663405,0.8,9,14,"[0, 1, 1, 1, 0, 1, 1, 1, 1, 0, 0, 1, 1, 0]","{""0"": 0, ""1"": 1, ""2"": 1, ""3"": 1, ""4"": 0, ""5"": 1, ""6"": 1, ""7"": 1, ""8"": 1, ""9"": 0, ""10"": 0, ""11"": 1, ""12"": 1, ""13"": 0}",15,"[0.0, 0.0, 0.0, 0.0, 0.0, 0.0, 0.0, 0.0, 0.0, 0.0, 0.0, 0.0, 0.0, 0.0, 0.0]",0.0,0.0,0.0,0.0,0.0,0.0,0.0,0.0,0.0,0.0,0.0,0.0,0.0,0.0,0.0
static-0_13,13,static-0,42,55,9472,1,uniform,1,near_exit,2,218.32077577710152,98.24949029041454,0.8,11,14,"[1, 0, 1, 1, 0, 1, 1, 1, 1, 0, 1, 1, 1, 1]","{""0"": 1, ""1"": 0, ""2"": 1, ""3"": 1, ""4"": 0, ""5"": 1, ""6"": 1, ""7"": 1, ""8"": 1, ""9"": 0, ""10"": 1, ""11"": 1, ""12"": 1, ""13"": 1}",15,"[0.0, 0.0, 0.0, 0.0, 0.0, 0.0, 0.0, 0.0, 0.0, 0.0, 0.0, 0.0, 0.0, 0.0, 0.0]",0.0,0.0,0.0,0.0,0.0,0.0,0.0,0.0,0.0,0.0,0.0,0.0,0.0,0.0,0.0
static-0_14,14,static-0,42,56,8431,3,ring,1,near_exit,3,266.886261947453,161.88702389178798,0.8,11,14,"[0, 1, 1, 1, 1, 0, 1, 1, 1, 1, 1, 0, 1, 1]","{""0"": 0, ""1"": 1, ""2"": 1, ""3"": 1, ""4"": 1, ""5"": 0, ""6"": 1, ""7"": 1, ""8"": 1, ""9"": 1, ""10"": 1, ""11"": 0, ""12"": 1, ""13"": 1}",15,"[0.0, 0.0, 0.0, 0.0, 0.0, 0.0, 0.0, 0.0, 0.0, 0.0, 0.0, 0.0, 0.0, 0.0, 0.0]",0.0,0.0,0.0,0.0,0.0,0.0,0.0,0.0,0.0,0.0,0.0,0.0,0.0,0.0,0.0
static-0_15,15,static-0,42,57,10000,3,ring,3,far_from_exit_and_main_road,18,220.97559298947453,223.2789021898061,0.8,11,14,"[1, 1, 1, 1, 0, 1, 0, 1, 0, 1, 1, 1, 1, 1]","{""0"": 1, ""1"": 1, ""2"": 1, ""3"": 1, ""4"": 0, ""5"": 1, ""6"": 0, ""7"": 1, ""8"": 0, ""9"": 1, ""10"": 1, ""11"": 1, ""12"": 1, ""13"": 1}",15,"[0.0, 0.0, 0.0, 0.0, 0.0, 0.0, 0.0, 0.0, 0.0, 0.0, 0.0, 0.0, 0.0, 0.0, 0.0]",0.0,0.0,0.0,0.0,0.0,0.0,0.0,0.0,0.0,0.0,0.0,0.0,0.0,0.0,0.0
static-0_16,16,static-0,42,58,9002,1,uniform,2,near_main_road,5,193.32523366622627,216.92377928225324,0.8,9,14,"[1, 1, 1, 0, 1, 1, 1, 1, 0, 0, 0, 1, 0, 1]","{""0"": 1, ""1"": 1, ""2"": 1, ""3"": 0, ""4"": 1, ""5"": 1, ""6"": 1, ""7"": 1, ""8"": 0, ""9"": 0, ""10"": 0, ""11"": 1, ""12"": 0, ""13"": 1}",15,"[0.0, 0.0, 0.0, 0.0, 0.0, 0.0, 0.0, 0.0, 0.0, 0.0, 0.0, 0.0, 0.0, 0.0, 0.0]",0.0,0.0,0.0,0.0,0.0,0.0,0.0,0.0,0.0,0.0,0.0,0.0,0.0,0.0,0.0
static-0_17,17,static-0,42,59,8694,2,center,1,near_exit,2,218.32077577710152,98.24949029041454,0.8,9,14,"[1, 0, 0, 1, 0, 1, 1, 1, 0, 1, 0, 1, 1, 1]","{""0"": 1, ""1"": 0, ""2"": 0, ""3"": 1, ""4"": 0, ""5"": 1, ""6"": 1, ""7"": 1, ""8"": 0, ""9"": 1, ""10"": 0, ""11"": 1, ""12"": 1, ""13"": 1}",15,"[0.0, 0.0, 0.0, 0.0, 0.0, 0.0, 0.0, 0.0, 0.0, 0.0, 0.0, 0.0, 0.0, 0.0, 0.0]",0.0,0.0,0.0,0.0,0.0,0.0,0.0,0.0,0.0,0.0,0.0,0.0,0.0,0.0,0.0
static-0_18,18,static-0,42,60,8018,3,ring,1,near_exit,4,253.88965937122703,250.78205533977598,0.8,11,14,"[1, 1, 1, 0, 1, 1, 0, 1, 0, 1, 1, 1, 1, 1]","{""0"": 1, ""1"": 1, ""2"": 1, ""3"": 0, ""4"": 1, ""5"": 1, ""6"": 0, ""7"": 1, ""8"": 0, ""9"": 1, ""10"": 1, ""11"": 1, ""12"": 1, ""13"": 1}",15,"[0.0, 0.0, 0.0, 0.0, 0.0, 0.0, 0.0, 0.0, 0.0, 0.0, 0.0, 0.0, 0.0, 0.0, 0.0]",0.0,0.0,0.0,0.0,0.0,0.0,0.0,0.0,0.0,0.0,0.0,0.0,0.0,0.0,0.0
static-0_19,19,static-0,42,61,9300,2,center,3,far_from_exit_and_main_road,11,107.66569153219461,244.24434981588274,0.8,12,14,"[1, 1, 0, 1, 1, 1, 1, 1, 1, 1, 1, 1, 0, 1]","{""0"": 1, ""1"": 1, ""2"": 0, ""3"": 1, ""4"": 1, ""5"": 1, ""6"": 1, ""7"": 1, ""8"": 1, ""9"": 1, ""10"": 1, ""11"": 1, ""12"": 0, ""13"": 1}",15,"[0.0, 0.0, 0.0, 0.0, 0.0, 0.0, 0.0, 0.0, 0.0, 0.0, 0.0, 0.0, 0.0, 0.0, 0.0]",0.0,0.0,0.0,0.0,0.0,0.0,0.0,0.0,0.0,0.0,0.0,0.0,0.0,0.0,0.0
static-0_20,20,static-0,42,62,9062,2,center,1,near_exit,4,253.88965937122703,250.78205533977598,0.8,9,14,"[0, 1, 0, 1, 1, 0, 1, 1, 1, 0, 0, 1, 1, 1]","{""0"": 0, ""1"": 1, ""2"": 0, ""3"": 1, ""4"": 1, ""5"": 0, ""6"": 1, ""7"": 1, ""8"": 1, ""9"": 0, ""10"": 0, ""11"": 1, ""12"": 1, ""13"": 1}",15,"[0.0, 0.0, 0.0, 0.0, 0.0, 0.0, 0.0, 0.0, 0.0, 0.0, 0.0, 0.0, 0.0, 0.0, 0.0]",0.0,0.0,0.0,0.0,0.0,0.0,0.0,0.0,0.0,0.0,0.0,0.0,0.0,0.0,0.0
static-0_1,1,static-0,42,43,27111,2,center,3,far_from_exit_and_main_road,12,86.4655145779252,206.66192820994183,0.8,13,14,"[1, 1, 1, 1, 1, 1, 1, 1, 1, 1, 1, 0, 1, 1]","{""0"": 1, ""1"": 1, ""2"": 1, ""3"": 1, ""4"": 1, ""5"": 1, ""6"": 1, ""7"": 1, ""8"": 1, ""9"": 1, ""10"": 1, ""11"": 0, ""12"": 1, ""13"": 1}",15,"[0.0, 0.0, 0.0, 0.0, 0.0, 0.0, 0.0, 0.0, 0.0, 0.0, 0.0, 0.0, 0.0, 0.0, 0.0]",0.0,0.0,0.0,0.0,0.0,0.0,0.0,0.0,0.0,0.0,0.0,0.0,0.0,0.0,0.0
static-0_2,2,static-0,42,44,25343,1,uniform,1,near_exit,6,26.251288073137403,149.61036271601915,0.8,12,14,"[1, 1, 0, 1, 1, 1, 1, 1, 1, 1, 0, 1, 1, 1]","{""0"": 1, ""1"": 1, ""2"": 0, ""3"": 1, ""4"": 1, ""5"": 1, ""6"": 1, ""7"": 1, ""8"": 1, ""9"": 1, ""10"": 0, ""11"": 1, ""12"": 1, ""13"": 1}",15,"[0.0, 0.0, 0.0, 0.0, 0.0, 0.0, 0.0, 0.0, 0.0, 0.0, 0.0, 0.0, 0.0, 0.0, 0.0]",0.0,0.0,0.0,0.0,0.0,0.0,0.0,0.0,0.0,0.0,0.0,0.0,0.0,0.0,0.0
static-0_3,3,static-0,42,45,22525,1,uniform,3,far_from_exit_and_main_road,2,135.2143654283136,374.6006386834197,0.8,14,14,"[1, 1, 1, 1, 1, 1, 1, 1, 1, 1, 1, 1, 1, 1]","{""0"": 1, ""1"": 1, ""2"": 1, ""3"": 1, ""4"": 1, ""5"": 1, ""6"": 1, ""7"": 1, ""8"": 1, ""9"": 1, ""10"": 1, ""11"": 1, ""12"": 1, ""13"": 1}",15,"[0.0, 0.0, 0.0, 0.0, 0.0, 0.0, 0.0, 0.0, 0.0, 0.0, 0.0, 0.0, 0.0, 0.0, 0.0]",0.0,0.0,0.0,0.0,0.0,0.0,0.0,0.0,0.0,0.0,0.0,0.0,0.0,0.0,0.0
static-0_4,4,static-0,42,46,24838,3,ring,2,near_main_road,16,134.70201228372753,258.9657045942731,0.8,9,14,"[0, 1, 1, 0, 1, 1, 1, 0, 1, 1, 1, 0, 0, 1]","{""0"": 0, ""1"": 1, ""2"": 1, ""3"": 0, ""4"": 1, ""5"": 1, ""6"": 1, ""7"": 0, ""8"": 1, ""9"": 1, ""10"": 1, ""11"": 0, ""12"": 0, ""13"": 1}",15,"[0.0, 0.0, 0.0, 0.0, 0.0, 0.0, 0.0, 0.0, 0.0, 0.0, 0.0, 0.0, 0.0, 0.0, 0.0]",0.0,0.0,0.0,0.0,0.0,0.0,0.0,0.0,0.0,0.0,0.0,0.0,0.0,0.0,0.0
static-0_5,5,static-0,42,47,25170,3,ring,1,near_exit,5,34.374810233712196,214.9597699600272,0.8,13,14,"[1, 1, 1, 1, 1, 1, 1, 1, 1, 1, 1, 0, 1, 1]","{""0"": 1, ""1"": 1, ""2"": 1, ""3"": 1, ""4"": 1, ""5"": 1, ""6"": 1, ""7"": 1, ""8"": 1, ""9"": 1, ""10"": 1, ""11"": 0, ""12"": 1, ""13"": 1}",15,"[0.0, 0.0, 0.0, 0.0, 0.0, 0.0, 0.0, 0.0, 0.0, 0.0, 0.0, 0.0, 0.0, 0.0, 0.0]",0.0,0.0,0.0,0.0,0.0,0.0,0.0,0.0,0.0,0.0,0.0,0.0,0.0,0.0,0.0
static-0_6,6,static-0,42,48,28332,2,center,2,near_main_road,9,180.08427936211228,352.65582518512383,0.8,11,14,"[1, 1, 1, 1, 0, 1, 1, 1, 0, 0, 1, 1, 1, 1]","{""0"": 1, ""1"": 1, ""2"": 1, ""3"": 1, ""4"": 0, ""5"": 1, ""6"": 1, ""7"": 1, ""8"": 0, ""9"": 0, ""10"": 1, ""11"": 1, ""12"": 1, ""13"": 1}",15,"[0.0, 0.0, 0.0, 0.0, 0.0, 0.0, 0.0, 0.0, 0.0, 0.0, 0.0, 0.0, 0.0, 0.0, 0.0]",0.0,0.0,0.0,0.0,0.0,0.0,0.0,0.0,0.0,0.0,0.0,0.0,0.0,0.0,0.0
static-0_7,7,static-0,42,49,29393,3,ring,3,far_from_exit_and_main_road,19,166.7272846736014,178.37646883539855,0.8,13,14,"[1, 1, 1, 1, 1, 1, 1, 1, 1, 1, 1, 1, 0, 1]","{""0"": 1, ""1"": 1, ""2"": 1, ""3"": 1, ""4"": 1, ""5"": 1, ""6"": 1, ""7"": 1, ""8"": 1, ""9"": 1, ""10"": 1, ""11"": 1, ""12"": 0, ""13"": 1}",15,"[0.0, 0.0, 0.0, 0.0, 0.0, 0.0, 0.0, 0.0, 0.0, 0.0, 0.0, 0.0, 0.0, 0.0, 0.0]",0.0,0.0,0.0,0.0,0.0,0.0,0.0,0.0,0.0,0.0,0.0,0.0,0.0,0.0,0.0
static-0_8,8,static-0,42,50,23096,3,ring,2,near_main_road,14,65.86150634847581,146.12098523322493,0.8,11,14,"[1, 1, 1, 1, 1, 0, 1, 1, 1, 1, 1, 0, 0, 1]","{""0"": 1, ""1"": 1, ""2"": 1, ""3"": 1, ""4"": 1, ""5"": 0, ""6"": 1, ""7"": 1, ""8"": 1, ""9"": 1, ""10"": 1, ""11"": 0, ""12"": 0, ""13"": 1}",15,"[0.0, 0.0, 0.0, 0.0, 0.0, 0.0, 0.0, 0.0, 0.0, 0.0, 0.0, 0.0, 0.0, 0.0, 0.0]",0.0,0.0,0.0,0.0,0.0,0.0,0.0,0.0,0.0,0.0,0.0,0.0,0.0,0.0,0.0
static-0_9,9,static-0,42,51,24549,1,uniform,1,near_exit,11,74.4658822324127,300.26813259813935,0.8,11,14,"[1, 1, 1, 0, 1, 1, 0, 1, 0, 1, 1, 1, 1, 1]","{""0"": 1, ""1"": 1, ""2"": 1, ""3"": 0, ""4"": 1, ""5"": 1, ""6"": 0, ""7"": 1, ""8"": 0, ""9"": 1, ""10"": 1, ""11"": 1, ""12"": 1, ""13"": 1}",15,"[0.0, 0.0, 0.0, 0.0, 0.0, 0.0, 0.0, 0.0, 0.0, 0.0, 0.0, 0.0, 0.0, 0.0, 0.0]",0.0,0.0,0.0,0.0,0.0,0.0,0.0,0.0,0.0,0.0,0.0,0.0,0.0,0.0,0.0
static-0_10,10,static-0,42,52,26343,3,ring,1,near_exit,11,74.4658822324127,300.26813259813935,0.8,10,14,"[0, 1, 1, 1, 0, 1, 0, 1, 0, 1, 1, 1, 1, 1]","{""0"": 0, ""1"": 1, ""2"": 1, ""3"": 1, ""4"": 0, ""5"": 1, ""6"": 0, ""7"": 1, ""8"": 0, ""9"": 1, ""10"": 1, ""11"": 1, ""12"": 1, ""13"": 1}",15,"[0.0, 0.0, 0.0, 0.0, 0.0, 0.0, 0.0, 0.0, 0.0, 0.0, 0.0, 0.0, 0.0, 0.0, 0.0]",0.0,0.0,0.0,0.0,0.0,0.0,0.0,0.0,0.0,0.0,0.0,0.0,0.0,0.0,0.0
static-0_11,11,static-0,42,53,20918,2,center,2,near_main_road,12,154.97150951996446,181.80336326546967,0.8,10,14,"[1, 0, 1, 1, 0, 1, 1, 1, 0, 1, 1, 0, 1, 1]","{""0"": 1, ""1"": 0, ""2"": 1, ""3"": 1, ""4"": 0, ""5"": 1, ""6"": 1, ""7"": 1, ""8"": 0, ""9"": 1, ""10"": 1, ""11"": 0, ""12"": 1, ""13"": 1}",15,"[0.0, 0.0, 0.0, 0.0, 0.0, 0.0, 0.0, 0.0, 0.0, 0.0, 0.0, 0.0, 0.0, 0.0, 0.0]",0.0,0.0,0.0,0.0,0.0,0.0,0.0,0.0,0.0,0.0,0.0,0.0,0.0,0.0,0.0
static-0_12,12,static-0,42,54,28993,1,uniform,1,near_exit,9,99.46174082159996,359.97675951663405,0.8,9,14,"[0, 1, 1, 1, 0, 1, 1, 1, 1, 0, 0, 1, 1, 0]","{""0"": 0, ""1"": 1, ""2"": 1, ""3"": 1, ""4"": 0, ""5"": 1, ""6"": 1, ""7"": 1, ""8"": 1, ""9"": 0, ""10"": 0, ""11"": 1, ""12"": 1, ""13"": 0}",15,"[0.0, 0.0, 0.0, 0.0, 0.0, 0.0, 0.0, 0.0, 0.0, 0.0, 0.0, 0.0, 0.0, 0.0, 0.0]",0.0,0.0,0.0,0.0,0.0,0.0,0.0,0.0,0.0,0.0,0.0,0.0,0.0,0.0,0.0
static-0_13,13,static-0,42,55,27026,1,uniform,1,near_exit,2,218.32077577710152,98.24949029041454,0.8,11,14,"[1, 0, 1, 1, 0, 1, 1, 1, 1, 0, 1, 1, 1, 1]","{""0"": 1, ""1"": 0, ""2"": 1, ""3"": 1, ""4"": 0, ""5"": 1, ""6"": 1, ""7"": 1, ""8"": 1, ""9"": 0, ""10"": 1, ""11"": 1, ""12"": 1, ""13"": 1}",15,"[0.0, 0.0, 0.0, 0.0, 0.0, 0.0, 0.0, 0.0, 0.0, 0.0, 0.0, 0.0, 0.0, 0.0, 0.0]",0.0,0.0,0.0,0.0,0.0,0.0,0.0,0.0,0.0,0.0,0.0,0.0,0.0,0.0,0.0
static-0_14,14,static-0,42,56,23455,3,ring,1,near_exit,3,266.886261947453,161.88702389178798,0.8,11,14,"[0, 1, 1, 1, 1, 0, 1, 1, 1, 1, 1, 0, 1, 1]","{""0"": 0, ""1"": 1, ""2"": 1, ""3"": 1, ""4"": 1, ""5"": 0, ""6"": 1, ""7"": 1, ""8"": 1, ""9"": 1, ""10"": 1, ""11"": 0, ""12"": 1, ""13"": 1}",15,"[0.0, 0.0, 0.0, 0.0, 0.0, 0.0, 0.0, 0.0, 0.0, 0.0, 0.0, 0.0, 0.0, 0.0, 0.0]",0.0,0.0,0.0,0.0,0.0,0.0,0.0,0.0,0.0,0.0,0.0,0.0,0.0,0.0,0.0
static-0_15,15,static-0,42,57,21783,3,ring,3,far_from_exit_and_main_road,18,220.97559298947453,223.2789021898061,0.8,11,14,"[1, 1, 1, 1, 0, 1, 0, 1, 0, 1, 1, 1, 1, 1]","{""0"": 1, ""1"": 1, ""2"": 1, ""3"": 1, ""4"": 0, ""5"": 1, ""6"": 0, ""7"": 1, ""8"": 0, ""9"": 1, ""10"": 1, ""11"": 1, ""12"": 1, ""13"": 1}",15,"[0.0, 0.0, 0.0, 0.0, 0.0, 0.0, 0.0, 0.0, 0.0, 0.0, 0.0, 0.0, 0.0, 0.0, 0.0]",0.0,0.0,0.0,0.0,0.0,0.0,0.0,0.0,0.0,0.0,0.0,0.0,0.0,0.0,0.0
static-0_16,16,static-0,42,58,28022,1,uniform,2,near_main_road,5,193.32523366622627,216.92377928225324,0.8,9,14,"[1, 1, 1, 0, 1, 1, 1, 1, 0, 0, 0, 1, 0, 1]","{""0"": 1, ""1"": 1, ""2"": 1, ""3"": 0, ""4"": 1, ""5"": 1, ""6"": 1, ""7"": 1, ""8"": 0, ""9"": 0, ""10"": 0, ""11"": 1, ""12"": 0, ""13"": 1}",15,"[0.0, 0.0, 0.0, 0.0, 0.0, 0.0, 0.0, 0.0, 0.0, 0.0, 0.0, 0.0, 0.0, 0.0, 0.0]",0.0,0.0,0.0,0.0,0.0,0.0,0.0,0.0,0.0,0.0,0.0,0.0,0.0,0.0,0.0
static-0_17,17,static-0,42,59,25552,2,center,1,near_exit,2,218.32077577710152,98.24949029041454,0.8,9,14,"[1, 0, 0, 1, 0, 1, 1, 1, 0, 1, 0, 1, 1, 1]","{""0"": 1, ""1"": 0, ""2"": 0, ""3"": 1, ""4"": 0, ""5"": 1, ""6"": 1, ""7"": 1, ""8"": 0, ""9"": 1, ""10"": 0, ""11"": 1, ""12"": 1, ""13"": 1}",15,"[0.0, 0.0, 0.0, 0.0, 0.0, 0.0, 0.0, 0.0, 0.0, 0.0, 0.0, 0.0, 0.0, 0.0, 0.0]",0.0,0.0,0.0,0.0,0.0,0.0,0.0,0.0,0.0,0.0,0.0,0.0,0.0,0.0,0.0
static-0_18,18,static-0,42,60,20150,3,ring,1,near_exit,4,253.88965937122703,250.78205533977598,0.8,11,14,"[1, 1, 1, 0, 1, 1, 0, 1, 0, 1, 1, 1, 1, 1]","{""0"": 1, ""1"": 1, ""2"": 1, ""3"": 0, ""4"": 1, ""5"": 1, ""6"": 0, ""7"": 1, ""8"": 0, ""9"": 1, ""10"": 1, ""11"": 1, ""12"": 1, ""13"": 1}",15,"[0.0, 0.0, 0.0, 0.0, 0.0, 0.0, 0.0, 0.0, 0.0, 0.0, 0.0, 0.0, 0.0, 0.0, 0.0]",0.0,0.0,0.0,0.0,0.0,0.0,0.0,0.0,0.0,0.0,0.0,0.0,0.0,0.0,0.0
static-0_19,19,static-0,42,61,22855,2,center,3,far_from_exit_and_main_road,11,107.66569153219461,244.24434981588274,0.8,12,14,"[1, 1, 0, 1, 1, 1, 1, 1, 1, 1, 1, 1, 0, 1]","{""0"": 1, ""1"": 1, ""2"": 0, ""3"": 1, ""4"": 1, ""5"": 1, ""6"": 1, ""7"": 1, ""8"": 1, ""9"": 1, ""10"": 1, ""11"": 1, ""12"": 0, ""13"": 1}",15,"[0.0, 0.0, 0.0, 0.0, 0.0, 0.0, 0.0, 0.0, 0.0, 0.0, 0.0, 0.0, 0.0, 0.0, 0.0]",0.0,0.0,0.0,0.0,0.0,0.0,0.0,0.0,0.0,0.0,0.0,0.0,0.0,0.0,0.0
static-0_20,20,static-0,42,62,28498,2,center,1,near_exit,4,253.88965937122703,250.78205533977598,0.8,9,14,"[0, 1, 0, 1, 1, 0, 1, 1, 1, 0, 0, 1, 1, 1]","{""0"": 0, ""1"": 1, ""2"": 0, ""3"": 1, ""4"": 1, ""5"": 0, ""6"": 1, ""7"": 1, ""8"": 1, ""9"": 0, ""10"": 0, ""11"": 1, ""12"": 1, ""13"": 1}",15,"[0.0, 0.0, 0.0, 0.0, 0.0, 0.0, 0.0, 0.0, 0.0, 0.0, 0.0, 0.0, 0.0, 0.0, 0.0]",0.0,0.0,0.0,0.0,0.0,0.0,0.0,0.0,0.0,0.0,0.0,0.0,0.0,0.0,0.0
static-0_1,1,static-0,42,43,27111,2,center,3,far_from_exit_and_main_road,12,86.4655145779252,206.66192820994183,0.8,13,14,"[1, 1, 1, 1, 1, 1, 1, 1, 1, 1, 1, 0, 1, 1]","{""0"": 1, ""1"": 1, ""2"": 1, ""3"": 1, ""4"": 1, ""5"": 1, ""6"": 1, ""7"": 1, ""8"": 1, ""9"": 1, ""10"": 1, ""11"": 0, ""12"": 1, ""13"": 1}",15,"[0.0, 0.0, 0.0, 0.0, 0.0, 0.0, 0.0, 0.0, 0.0, 0.0, 0.0, 0.0, 0.0, 0.0, 0.0]",0.0,0.0,0.0,0.0,0.0,0.0,0.0,0.0,0.0,0.0,0.0,0.0,0.0,0.0,0.0
static-0_2,2,static-0,42,44,25343,1,uniform,1,near_exit,6,26.251288073137403,149.61036271601915,0.8,12,14,"[1, 1, 0, 1, 1, 1, 1, 1, 1, 1, 0, 1, 1, 1]","{""0"": 1, ""1"": 1, ""2"": 0, ""3"": 1, ""4"": 1, ""5"": 1, ""6"": 1, ""7"": 1, ""8"": 1, ""9"": 1, ""10"": 0, ""11"": 1, ""12"": 1, ""13"": 1}",15,"[0.0, 0.0, 0.0, 0.0, 0.0, 0.0, 0.0, 0.0, 0.0, 0.0, 0.0, 0.0, 0.0, 0.0, 0.0]",0.0,0.0,0.0,0.0,0.0,0.0,0.0,0.0,0.0,0.0,0.0,0.0,0.0,0.0,0.0
static-0_3,3,static-0,42,45,22525,1,uniform,3,far_from_exit_and_main_road,2,135.2143654283136,374.6006386834197,0.8,14,14,"[1, 1, 1, 1, 1, 1, 1, 1, 1, 1, 1, 1, 1, 1]","{""0"": 1, ""1"": 1, ""2"": 1, ""3"": 1, ""4"": 1, ""5"": 1, ""6"": 1, ""7"": 1, ""8"": 1, ""9"": 1, ""10"": 1, ""11"": 1, ""12"": 1, ""13"": 1}",15,"[0.0, 0.0, 0.0, 0.0, 0.0, 0.0, 0.0, 0.0, 0.0, 0.0, 0.0, 0.0, 0.0, 0.0, 0.0]",0.0,0.0,0.0,0.0,0.0,0.0,0.0,0.0,0.0,0.0,0.0,0.0,0.0,0.0,0.0
static-0_4,4,static-0,42,46,24838,3,ring,2,near_main_road,16,134.70201228372753,258.9657045942731,0.8,9,14,"[0, 1, 1, 0, 1, 1, 1, 0, 1, 1, 1, 0, 0, 1]","{""0"": 0, ""1"": 1, ""2"": 1, ""3"": 0, ""4"": 1, ""5"": 1, ""6"": 1, ""7"": 0, ""8"": 1, ""9"": 1, ""10"": 1, ""11"": 0, ""12"": 0, ""13"": 1}",15,"[0.0, 0.0, 0.0, 0.0, 0.0, 0.0, 0.0, 0.0, 0.0, 0.0, 0.0, 0.0, 0.0, 0.0, 0.0]",0.0,0.0,0.0,0.0,0.0,0.0,0.0,0.0,0.0,0.0,0.0,0.0,0.0,0.0,0.0
static-0_5,5,static-0,42,47,25170,3,ring,1,near_exit,5,34.374810233712196,214.9597699600272,0.8,13,14,"[1, 1, 1, 1, 1, 1, 1, 1, 1, 1, 1, 0, 1, 1]","{""0"": 1, ""1"": 1, ""2"": 1, ""3"": 1, ""4"": 1, ""5"": 1, ""6"": 1, ""7"": 1, ""8"": 1, ""9"": 1, ""10"": 1, ""11"": 0, ""12"": 1, ""13"": 1}",15,"[0.0, 0.0, 0.0, 0.0, 0.0, 0.0, 0.0, 0.0, 0.0, 0.0, 0.0, 0.0, 0.0, 0.0, 0.0]",0.0,0.0,0.0,0.0,0.0,0.0,0.0,0.0,0.0,0.0,0.0,0.0,0.0,0.0,0.0
static-0_6,6,static-0,42,48,28332,2,center,2,near_main_road,9,180.08427936211228,352.65582518512383,0.8,11,14,"[1, 1, 1, 1, 0, 1, 1, 1, 0, 0, 1, 1, 1, 1]","{""0"": 1, ""1"": 1, ""2"": 1, ""3"": 1, ""4"": 0, ""5"": 1, ""6"": 1, ""7"": 1, ""8"": 0, ""9"": 0, ""10"": 1, ""11"": 1, ""12"": 1, ""13"": 1}",15,"[0.0, 0.0, 0.0, 0.0, 0.0, 0.0, 0.0, 0.0, 0.0, 0.0, 0.0, 0.0, 0.0, 0.0, 0.0]",0.0,0.0,0.0,0.0,0.0,0.0,0.0,0.0,0.0,0.0,0.0,0.0,0.0,0.0,0.0
static-0_7,7,static-0,42,49,29393,3,ring,3,far_from_exit_and_main_road,19,166.7272846736014,178.37646883539855,0.8,13,14,"[1, 1, 1, 1, 1, 1, 1, 1, 1, 1, 1, 1, 0, 1]","{""0"": 1, ""1"": 1, ""2"": 1, ""3"": 1, ""4"": 1, ""5"": 1, ""6"": 1, ""7"": 1, ""8"": 1, ""9"": 1, ""10"": 1, ""11"": 1, ""12"": 0, ""13"": 1}",15,"[0.0, 0.0, 0.0, 0.0, 0.0, 0.0, 0.0, 0.0, 0.0, 0.0, 0.0, 0.0, 0.0, 0.0, 0.0]",0.0,0.0,0.0,0.0,0.0,0.0,0.0,0.0,0.0,0.0,0.0,0.0,0.0,0.0,0.0
static-0_8,8,static-0,42,50,23096,3,ring,2,near_main_road,14,65.86150634847581,146.12098523322493,0.8,11,14,"[1, 1, 1, 1, 1, 0, 1, 1, 1, 1, 1, 0, 0, 1]","{""0"": 1, ""1"": 1, ""2"": 1, ""3"": 1, ""4"": 1, ""5"": 0, ""6"": 1, ""7"": 1, ""8"": 1, ""9"": 1, ""10"": 1, ""11"": 0, ""12"": 0, ""13"": 1}",15,"[0.0, 0.0, 0.0, 0.0, 0.0, 0.0, 0.0, 0.0, 0.0, 0.0, 0.0, 0.0, 0.0, 0.0, 0.0]",0.0,0.0,0.0,0.0,0.0,0.0,0.0,0.0,0.0,0.0,0.0,0.0,0.0,0.0,0.0
static-0_9,9,static-0,42,51,24549,1,uniform,1,near_exit,11,74.4658822324127,300.26813259813935,0.8,11,14,"[1, 1, 1, 0, 1, 1, 0, 1, 0, 1, 1, 1, 1, 1]","{""0"": 1, ""1"": 1, ""2"": 1, ""3"": 0, ""4"": 1, ""5"": 1, ""6"": 0, ""7"": 1, ""8"": 0, ""9"": 1, ""10"": 1, ""11"": 1, ""12"": 1, ""13"": 1}",15,"[0.0, 0.0, 0.0, 0.0, 0.0, 0.0, 0.0, 0.0, 0.0, 0.0, 0.0, 0.0, 0.0, 0.0, 0.0]",0.0,0.0,0.0,0.0,0.0,0.0,0.0,0.0,0.0,0.0,0.0,0.0,0.0,0.0,0.0
static-0_10,10,static-0,42,52,26343,3,ring,1,near_exit,11,74.4658822324127,300.26813259813935,0.8,10,14,"[0, 1, 1, 1, 0, 1, 0, 1, 0, 1, 1, 1, 1, 1]","{""0"": 0, ""1"": 1, ""2"": 1, ""3"": 1, ""4"": 0, ""5"": 1, ""6"": 0, ""7"": 1, ""8"": 0, ""9"": 1, ""10"": 1, ""11"": 1, ""12"": 1, ""13"": 1}",15,"[0.0, 0.0, 0.0, 0.0, 0.0, 0.0, 0.0, 0.0, 0.0, 0.0, 0.0, 0.0, 0.0, 0.0, 0.0]",0.0,0.0,0.0,0.0,0.0,0.0,0.0,0.0,0.0,0.0,0.0,0.0,0.0,0.0,0.0
static-0_1,1,static-0,42,43,23555,2,center,3,far_from_exit_and_main_road,12,86.4655145779252,206.66192820994183,0.8,13,14,"[1, 1, 1, 1, 1, 1, 1, 1, 1, 1, 1, 0, 1, 1]","{""0"": 1, ""1"": 1, ""2"": 1, ""3"": 1, ""4"": 1, ""5"": 1, ""6"": 1, ""7"": 1, ""8"": 1, ""9"": 1, ""10"": 1, ""11"": 0, ""12"": 1, ""13"": 1}",15,"[0.0, 0.0, 0.0, 0.0, 0.0, 0.0, 0.0, 0.0, 0.0, 0.0, 0.0, 0.0, 0.0, 0.0, 0.0]",0.0,0.0,0.0,0.0,0.0,0.0,0.0,0.0,0.0,0.0,0.0,0.0,0.0,0.0,0.0
static-0_2,2,static-0,42,44,22671,1,uniform,1,near_exit,6,26.251288073137403,149.61036271601915,0.8,12,14,"[1, 1, 0, 1, 1, 1, 1, 1, 1, 1, 0, 1, 1, 1]","{""0"": 1, ""1"": 1, ""2"": 0, ""3"": 1, ""4"": 1, ""5"": 1, ""6"": 1, ""7"": 1, ""8"": 1, ""9"": 1, ""10"": 0, ""11"": 1, ""12"": 1, ""13"": 1}",15,"[0.0, 0.0, 0.0, 0.0, 0.0, 0.0, 0.0, 0.0, 0.0, 0.0, 0.0, 0.0, 0.0, 0.0, 0.0]",0.0,0.0,0.0,0.0,0.0,0.0,0.0,0.0,0.0,0.0,0.0,0.0,0.0,0.0,0.0
static-0_3,3,static-0,42,45,21262,1,uniform,3,far_from_exit_and_main_road,2,135.2143654283136,374.6006386834197,0.8,14,14,"[1, 1, 1, 1, 1, 1, 1, 1, 1, 1, 1, 1, 1, 1]","{""0"": 1, ""1"": 1, ""2"": 1, ""3"": 1, ""4"": 1, ""5"": 1, ""6"": 1, ""7"": 1, ""8"": 1, ""9"": 1, ""10"": 1, ""11"": 1, ""12"": 1, ""13"": 1}",15,"[0.0, 0.0, 0.0, 0.0, 0.0, 0.0, 0.0, 0.0, 0.0, 0.0, 0.0, 0.0, 0.0, 0.0, 0.0]",0.0,0.0,0.0,0.0,0.0,0.0,0.0,0.0,0.0,0.0,0.0,0.0,0.0,0.0,0.0
static-0_4,4,static-0,42,46,22419,3,ring,2,near_main_road,16,134.70201228372753,258.9657045942731,0.8,9,14,"[0, 1, 1, 0, 1, 1, 1, 0, 1, 1, 1, 0, 0, 1]","{""0"": 0, ""1"": 1, ""2"": 1, ""3"": 0, ""4"": 1, ""5"": 1, ""6"": 1, ""7"": 0, ""8"": 1, ""9"": 1, ""10"": 1, ""11"": 0, ""12"": 0, ""13"": 1}",15,"[0.0, 0.0, 0.0, 0.0, 0.0, 0.0, 0.0, 0.0, 0.0, 0.0, 0.0, 0.0, 0.0, 0.0, 0.0]",0.0,0.0,0.0,0.0,0.0,0.0,0.0,0.0,0.0,0.0,0.0,0.0,0.0,0.0,0.0
static-0_5,5,static-0,42,47,22585,3,ring,1,near_exit,5,34.374810233712196,214.9597699600272,0.8,13,14,"[1, 1, 1, 1, 1, 1, 1, 1, 1, 1, 1, 0, 1, 1]","{""0"": 1, ""1"": 1, ""2"": 1, ""3"": 1, ""4"": 1, ""5"": 1, ""6"": 1, ""7"": 1, ""8"": 1, ""9"": 1, ""10"": 1, ""11"": 0, ""12"": 1, ""13"": 1}",15,"[0.0, 0.0, 0.0, 0.0, 0.0, 0.0, 0.0, 0.0, 0.0, 0.0, 0.0, 0.0, 0.0, 0.0, 0.0]",0.0,0.0,0.0,0.0,0.0,0.0,0.0,0.0,0.0,0.0,0.0,0.0,0.0,0.0,0.0
static-0_6,6,static-0,42,48,24166,2,center,2,near_main_road,9,180.08427936211228,352.65582518512383,0.8,11,14,"[1, 1, 1, 1, 0, 1, 1, 1, 0, 0, 1, 1, 1, 1]","{""0"": 1, ""1"": 1, ""2"": 1, ""3"": 1, ""4"": 0, ""5"": 1, ""6"": 1, ""7"": 1, ""8"": 0, ""9"": 0, ""10"": 1, ""11"": 1, ""12"": 1, ""13"": 1}",15,"[0.0, 0.0, 0.0, 0.0, 0.0, 0.0, 0.0, 0.0, 0.0, 0.0, 0.0, 0.0, 0.0, 0.0, 0.0]",0.0,0.0,0.0,0.0,0.0,0.0,0.0,0.0,0.0,0.0,0.0,0.0,0.0,0.0,0.0
static-0_7,7,static-0,42,49,24696,3,ring,3,far_from_exit_and_main_road,19,166.7272846736014,178.37646883539855,0.8,13,14,"[1, 1, 1, 1, 1, 1, 1, 1, 1, 1, 1, 1, 0, 1]","{""0"": 1, ""1"": 1, ""2"": 1, ""3"": 1, ""4"": 1, ""5"": 1, ""6"": 1, ""7"": 1, ""8"": 1, ""9"": 1, ""10"": 1, ""11"": 1, ""12"": 0, ""13"": 1}",15,"[0.0, 0.0, 0.0, 0.0, 0.0, 0.0, 0.0, 0.0, 0.0, 0.0, 0.0, 0.0, 0.0, 0.0, 0.0]",0.0,0.0,0.0,0.0,0.0,0.0,0.0,0.0,0.0,0.0,0.0,0.0,0.0,0.0,0.0
static-0_8,8,static-0,42,50,21548,3,ring,2,near_main_road,14,65.86150634847581,146.12098523322493,0.8,11,14,"[1, 1, 1, 1, 1, 0, 1, 1, 1, 1, 1, 0, 0, 1]","{""0"": 1, ""1"": 1, ""2"": 1, ""3"": 1, ""4"": 1, ""5"": 0, ""6"": 1, ""7"": 1, ""8"": 1, ""9"": 1, ""10"": 1, ""11"": 0, ""12"": 0, ""13"": 1}",15,"[0.0, 0.0, 0.0, 0.0, 0.0, 0.0, 0.0, 0.0, 0.0, 0.0, 0.0, 0.0, 0.0, 0.0, 0.0]",0.0,0.0,0.0,0.0,0.0,0.0,0.0,0.0,0.0,0.0,0.0,0.0,0.0,0.0,0.0
static-0_9,9,static-0,42,51,22274,1,uniform,1,near_exit,11,74.4658822324127,300.26813259813935,0.8,11,14,"[1, 1, 1, 0, 1, 1, 0, 1, 0, 1, 1, 1, 1, 1]","{""0"": 1, ""1"": 1, ""2"": 1, ""3"": 0, ""4"": 1, ""5"": 1, ""6"": 0, ""7"": 1, ""8"": 0, ""9"": 1, ""10"": 1, ""11"": 1, ""12"": 1, ""13"": 1}",15,"[0.0, 0.0, 0.0, 0.0, 0.0, 0.0, 0.0, 0.0, 0.0, 0.0, 0.0, 0.0, 0.0, 0.0, 0.0]",0.0,0.0,0.0,0.0,0.0,0.0,0.0,0.0,0.0,0.0,0.0,0.0,0.0,0.0,0.0
static-0_10,10,static-0,42,52,23171,3,ring,1,near_exit,11,74.4658822324127,300.26813259813935,0.8,10,14,"[0, 1, 1, 1, 0, 1, 0, 1, 0, 1, 1, 1, 1, 1]","{""0"": 0, ""1"": 1, ""2"": 1, ""3"": 1, ""4"": 0, ""5"": 1, ""6"": 0, ""7"": 1, ""8"": 0, ""9"": 1, ""10"": 1, ""11"": 1, ""12"": 1, ""13"": 1}",15,"[0.0, 0.0, 0.0, 0.0, 0.0, 0.0, 0.0, 0.0, 0.0, 0.0, 0.0, 0.0, 0.0, 0.0, 0.0]",0.0,0.0,0.0,0.0,0.0,0.0,0.0,0.0,0.0,0.0,0.0,0.0,0.0,0.0,0.0
density-10_1,1,density-10,42,43,23555,2,center,3,far_from_exit_and_main_road,12,86.4655145779252,206.66192820994183,0.8,13,14,"[1, 1, 1, 1, 1, 1, 1, 1, 1, 1, 1, 0, 1, 1]","{""0"": 1, ""1"": 1, ""2"": 1, ""3"": 1, ""4"": 1, ""5"": 1, ""6"": 1, ""7"": 1, ""8"": 1, ""9"": 1, ""10"": 1, ""11"": 0, ""12"": 1, ""13"": 1}",15,"[0.0, 0.0, 0.0, 0.0, 0.0, 0.0, 0.0, 0.0, 0.0, 0.0, 0.0, 0.0, 0.0, 0.0, 0.0]",0.0,0.0,0.0,0.0,0.0,0.0,0.0,0.0,0.0,0.0,0.0,0.0,0.0,0.0,0.0
density-10_2,2,density-10,42,44,22671,1,uniform,1,near_exit,6,26.251288073137403,149.61036271601915,0.8,12,14,"[1, 1, 0, 1, 1, 1, 1, 1, 1, 1, 0, 1, 1, 1]","{""0"": 1, ""1"": 1, ""2"": 0, ""3"": 1, ""4"": 1, ""5"": 1, ""6"": 1, ""7"": 1, ""8"": 1, ""9"": 1, ""10"": 0, ""11"": 1, ""12"": 1, ""13"": 1}",15,"[0.0, 0.0, 0.0, 0.0, 0.0, 0.0, 0.0, 0.0, 0.0, 0.0, 0.0, 0.0, 0.0, 0.0, 0.0]",0.0,0.0,0.0,0.0,0.0,0.0,0.0,0.0,0.0,0.0,0.0,0.0,0.0,0.0,0.0
density-10_3,3,density-10,42,45,21262,1,uniform,3,far_from_exit_and_main_road,2,135.2143654283136,374.6006386834197,0.8,14,14,"[1, 1, 1, 1, 1, 1, 1, 1, 1, 1, 1, 1, 1, 1]","{""0"": 1, ""1"": 1, ""2"": 1, ""3"": 1, ""4"": 1, ""5"": 1, ""6"": 1, ""7"": 1, ""8"": 1, ""9"": 1, ""10"": 1, ""11"": 1, ""12"": 1, ""13"": 1}",15,"[0.0, 0.0, 0.0, 0.0, 0.0, 0.0, 0.0, 0.0, 0.0, 0.0, 0.0, 0.0, 0.0, 0.0, 0.0]",0.0,0.0,0.0,0.0,0.0,0.0,0.0,0.0,0.0,0.0,0.0,0.0,0.0,0.0,0.0
density-10_4,4,density-10,42,46,22419,3,ring,2,near_main_road,16,134.70201228372753,258.9657045942731,0.8,9,14,"[0, 1, 1, 0, 1, 1, 1, 0, 1, 1, 1, 0, 0, 1]","{""0"": 0, ""1"": 1, ""2"": 1, ""3"": 0, ""4"": 1, ""5"": 1, ""6"": 1, ""7"": 0, ""8"": 1, ""9"": 1, ""10"": 1, ""11"": 0, ""12"": 0, ""13"": 1}",15,"[0.0, 0.0, 0.0, 0.0, 0.0, 0.0, 0.0, 0.0, 0.0, 0.0, 0.0, 0.0, 0.0, 0.0, 0.0]",0.0,0.0,0.0,0.0,0.0,0.0,0.0,0.0,0.0,0.0,0.0,0.0,0.0,0.0,0.0
density-10_5,5,density-10,42,47,22585,3,ring,1,near_exit,5,34.374810233712196,214.9597699600272,0.8,13,14,"[1, 1, 1, 1, 1, 1, 1, 1, 1, 1, 1, 0, 1, 1]","{""0"": 1, ""1"": 1, ""2"": 1, ""3"": 1, ""4"": 1, ""5"": 1, ""6"": 1, ""7"": 1, ""8"": 1, ""9"": 1, ""10"": 1, ""11"": 0, ""12"": 1, ""13"": 1}",15,"[0.0, 0.0, 0.0, 0.0, 0.0, 0.0, 0.0, 0.0, 0.0, 0.0, 0.0, 0.0, 0.0, 0.0, 0.0]",0.0,0.0,0.0,0.0,0.0,0.0,0.0,0.0,0.0,0.0,0.0,0.0,0.0,0.0,0.0
density-10_6,6,density-10,42,48,24166,2,center,2,near_main_road,9,180.08427936211228,352.65582518512383,0.8,11,14,"[1, 1, 1, 1, 0, 1, 1, 1, 0, 0, 1, 1, 1, 1]","{""0"": 1, ""1"": 1, ""2"": 1, ""3"": 1, ""4"": 0, ""5"": 1, ""6"": 1, ""7"": 1, ""8"": 0, ""9"": 0, ""10"": 1, ""11"": 1, ""12"": 1, ""13"": 1}",15,"[0.0, 0.0, 0.0, 0.0, 0.0, 0.0, 0.0, 0.0, 0.0, 0.0, 0.0, 0.0, 0.0, 0.0, 0.0]",0.0,0.0,0.0,0.0,0.0,0.0,0.0,0.0,0.0,0.0,0.0,0.0,0.0,0.0,0.0
density-10_7,7,density-10,42,49,24696,3,ring,3,far_from_exit_and_main_road,19,166.7272846736014,178.37646883539855,0.8,13,14,"[1, 1, 1, 1, 1, 1, 1, 1, 1, 1, 1, 1, 0, 1]","{""0"": 1, ""1"": 1, ""2"": 1, ""3"": 1, ""4"": 1, ""5"": 1, ""6"": 1, ""7"": 1, ""8"": 1, ""9"": 1, ""10"": 1, ""11"": 1, ""12"": 0, ""13"": 1}",15,"[0.0, 0.0, 0.0, 0.0, 0.0, 0.0, 0.0, 0.0, 0.0, 0.0, 0.0, 0.0, 0.0, 0.0, 0.0]",0.0,0.0,0.0,0.0,0.0,0.0,0.0,0.0,0.0,0.0,0.0,0.0,0.0,0.0,0.0
density-10_8,8,density-10,42,50,21548,3,ring,2,near_main_road,14,65.86150634847581,146.12098523322493,0.8,11,14,"[1, 1, 1, 1, 1, 0, 1, 1, 1, 1, 1, 0, 0, 1]","{""0"": 1, ""1"": 1, ""2"": 1, ""3"": 1, ""4"": 1, ""5"": 0, ""6"": 1, ""7"": 1, ""8"": 1, ""9"": 1, ""10"": 1, ""11"": 0, ""12"": 0, ""13"": 1}",15,"[0.0, 0.0, 0.0, 0.0, 0.0, 0.0, 0.0, 0.0, 0.0, 0.0, 0.0, 0.0, 0.0, 0.0, 0.0]",0.0,0.0,0.0,0.0,0.0,0.0,0.0,0.0,0.0,0.0,0.0,0.0,0.0,0.0,0.0
density-10_9,9,density-10,42,51,22274,1,uniform,1,near_exit,11,74.4658822324127,300.26813259813935,0.8,11,14,"[1, 1, 1, 0, 1, 1, 0, 1, 0, 1, 1, 1, 1, 1]","{""0"": 1, ""1"": 1, ""2"": 1, ""3"": 0, ""4"": 1, ""5"": 1, ""6"": 0, ""7"": 1, ""8"": 0, ""9"": 1, ""10"": 1, ""11"": 1, ""12"": 1, ""13"": 1}",15,"[0.0, 0.0, 0.0, 0.0, 0.0, 0.0, 0.0, 0.0, 0.0, 0.0, 0.0, 0.0, 0.0, 0.0, 0.0]",0.0,0.0,0.0,0.0,0.0,0.0,0.0,0.0,0.0,0.0,0.0,0.0,0.0,0.0,0.0
density-10_10,10,density-10,42,52,23171,3,ring,1,near_exit,11,74.4658822324127,300.26813259813935,0.8,10,14,"[0, 1, 1, 1, 0, 1, 0, 1, 0, 1, 1, 1, 1, 1]","{""0"": 0, ""1"": 1, ""2"": 1, ""3"": 1, ""4"": 0, ""5"": 1, ""6"": 0, ""7"": 1, ""8"": 0, ""9"": 1, ""10"": 1, ""11"": 1, ""12"": 1, ""13"": 1}",15,"[0.0, 0.0, 0.0, 0.0, 0.0, 0.0, 0.0, 0.0, 0.0, 0.0, 0.0, 0.0, 0.0, 0.0, 0.0]",0.0,0.0,0.0,0.0,0.0,0.0,0.0,0.0,0.0,0.0,0.0,0.0,0.0,0.0,0.0
density-30_1,1,density-30,42,43,23555,2,center,3,far_from_exit_and_main_road,12,86.4655145779252,206.66192820994183,0.8,13,14,"[1, 1, 1, 1, 1, 1, 1, 1, 1, 1, 1, 0, 1, 1]","{""0"": 1, ""1"": 1, ""2"": 1, ""3"": 1, ""4"": 1, ""5"": 1, ""6"": 1, ""7"": 1, ""8"": 1, ""9"": 1, ""10"": 1, ""11"": 0, ""12"": 1, ""13"": 1}",15,"[0.0, 0.0, 0.0, 0.0, 0.0, 0.0, 0.0, 0.0, 0.0, 0.0, 0.0, 0.0, 0.0, 0.0, 0.0]",0.0,0.0,0.0,0.0,0.0,0.0,0.0,0.0,0.0,0.0,0.0,0.0,0.0,0.0,0.0
density-30_2,2,density-30,42,44,22671,1,uniform,1,near_exit,6,26.251288073137403,149.61036271601915,0.8,12,14,"[1, 1, 0, 1, 1, 1, 1, 1, 1, 1, 0, 1, 1, 1]","{""0"": 1, ""1"": 1, ""2"": 0, ""3"": 1, ""4"": 1, ""5"": 1, ""6"": 1, ""7"": 1, ""8"": 1, ""9"": 1, ""10"": 0, ""11"": 1, ""12"": 1, ""13"": 1}",15,"[0.0, 0.0, 0.0, 0.0, 0.0, 0.0, 0.0, 0.0, 0.0, 0.0, 0.0, 0.0, 0.0, 0.0, 0.0]",0.0,0.0,0.0,0.0,0.0,0.0,0.0,0.0,0.0,0.0,0.0,0.0,0.0,0.0,0.0
density-30_3,3,density-30,42,45,21262,1,uniform,3,far_from_exit_and_main_road,2,135.2143654283136,374.6006386834197,0.8,14,14,"[1, 1, 1, 1, 1, 1, 1, 1, 1, 1, 1, 1, 1, 1]","{""0"": 1, ""1"": 1, ""2"": 1, ""3"": 1, ""4"": 1, ""5"": 1, ""6"": 1, ""7"": 1, ""8"": 1, ""9"": 1, ""10"": 1, ""11"": 1, ""12"": 1, ""13"": 1}",15,"[0.0, 0.0, 0.0, 0.0, 0.0, 0.0, 0.0, 0.0, 0.0, 0.0, 0.0, 0.0, 0.0, 0.0, 0.0]",0.0,0.0,0.0,0.0,0.0,0.0,0.0,0.0,0.0,0.0,0.0,0.0,0.0,0.0,0.0
density-30_4,4,density-30,42,46,22419,3,ring,2,near_main_road,16,134.70201228372753,258.9657045942731,0.8,9,14,"[0, 1, 1, 0, 1, 1, 1, 0, 1, 1, 1, 0, 0, 1]","{""0"": 0, ""1"": 1, ""2"": 1, ""3"": 0, ""4"": 1, ""5"": 1, ""6"": 1, ""7"": 0, ""8"": 1, ""9"": 1, ""10"": 1, ""11"": 0, ""12"": 0, ""13"": 1}",15,"[0.0, 0.0, 0.0, 0.0, 0.0, 0.0, 0.0, 0.0, 0.0, 0.0, 0.0, 0.0, 0.0, 0.0, 0.0]",0.0,0.0,0.0,0.0,0.0,0.0,0.0,0.0,0.0,0.0,0.0,0.0,0.0,0.0,0.0
density-30_5,5,density-30,42,47,22585,3,ring,1,near_exit,5,34.374810233712196,214.9597699600272,0.8,13,14,"[1, 1, 1, 1, 1, 1, 1, 1, 1, 1, 1, 0, 1, 1]","{""0"": 1, ""1"": 1, ""2"": 1, ""3"": 1, ""4"": 1, ""5"": 1, ""6"": 1, ""7"": 1, ""8"": 1, ""9"": 1, ""10"": 1, ""11"": 0, ""12"": 1, ""13"": 1}",15,"[0.0, 0.0, 0.0, 0.0, 0.0, 0.0, 0.0, 0.0, 0.0, 0.0, 0.0, 0.0, 0.0, 0.0, 0.0]",0.0,0.0,0.0,0.0,0.0,0.0,0.0,0.0,0.0,0.0,0.0,0.0,0.0,0.0,0.0
density-30_6,6,density-30,42,48,24166,2,center,2,near_main_road,9,180.08427936211228,352.65582518512383,0.8,11,14,"[1, 1, 1, 1, 0, 1, 1, 1, 0, 0, 1, 1, 1, 1]","{""0"": 1, ""1"": 1, ""2"": 1, ""3"": 1, ""4"": 0, ""5"": 1, ""6"": 1, ""7"": 1, ""8"": 0, ""9"": 0, ""10"": 1, ""11"": 1, ""12"": 1, ""13"": 1}",15,"[0.0, 0.0, 0.0, 0.0, 0.0, 0.0, 0.0, 0.0, 0.0, 0.0, 0.0, 0.0, 0.0, 0.0, 0.0]",0.0,0.0,0.0,0.0,0.0,0.0,0.0,0.0,0.0,0.0,0.0,0.0,0.0,0.0,0.0
density-30_7,7,density-30,42,49,24696,3,ring,3,far_from_exit_and_main_road,19,166.7272846736014,178.37646883539855,0.8,13,14,"[1, 1, 1, 1, 1, 1, 1, 1, 1, 1, 1, 1, 0, 1]","{""0"": 1, ""1"": 1, ""2"": 1, ""3"": 1, ""4"": 1, ""5"": 1, ""6"": 1, ""7"": 1, ""8"": 1, ""9"": 1, ""10"": 1, ""11"": 1, ""12"": 0, ""13"": 1}",15,"[0.0, 0.0, 0.0, 0.0, 0.0, 0.0, 0.0, 0.0, 0.0, 0.0, 0.0, 0.0, 0.0, 0.0, 0.0]",0.0,0.0,0.0,0.0,0.0,0.0,0.0,0.0,0.0,0.0,0.0,0.0,0.0,0.0,0.0
density-30_8,8,density-30,42,50,21548,3,ring,2,near_main_road,14,65.86150634847581,146.12098523322493,0.8,11,14,"[1, 1, 1, 1, 1, 0, 1, 1, 1, 1, 1, 0, 0, 1]","{""0"": 1, ""1"": 1, ""2"": 1, ""3"": 1, ""4"": 1, ""5"": 0, ""6"": 1, ""7"": 1, ""8"": 1, ""9"": 1, ""10"": 1, ""11"": 0, ""12"": 0, ""13"": 1}",15,"[0.0, 0.0, 0.0, 0.0, 0.0, 0.0, 0.0, 0.0, 0.0, 0.0, 0.0, 0.0, 0.0, 0.0, 0.0]",0.0,0.0,0.0,0.0,0.0,0.0,0.0,0.0,0.0,0.0,0.0,0.0,0.0,0.0,0.0
density-30_9,9,density-30,42,51,22274,1,uniform,1,near_exit,11,74.4658822324127,300.26813259813935,0.8,11,14,"[1, 1, 1, 0, 1, 1, 0, 1, 0, 1, 1, 1, 1, 1]","{""0"": 1, ""1"": 1, ""2"": 1, ""3"": 0, ""4"": 1, ""5"": 1, ""6"": 0, ""7"": 1, ""8"": 0, ""9"": 1, ""10"": 1, ""11"": 1, ""12"": 1, ""13"": 1}",15,"[0.0, 0.0, 0.0, 0.0, 0.0, 0.0, 0.0, 0.0, 0.0, 0.0, 0.0, 0.0, 0.0, 0.0, 0.0]",0.0,0.0,0.0,0.0,0.0,0.0,0.0,0.0,0.0,0.0,0.0,0.0,0.0,0.0,0.0
density-30_10,10,density-30,42,52,23171,3,ring,1,near_exit,11,74.4658822324127,300.26813259813935,0.8,10,14,"[0, 1, 1, 1, 0, 1, 0, 1, 0, 1, 1, 1, 1, 1]","{""0"": 0, ""1"": 1, ""2"": 1, ""3"": 1, ""4"": 0, ""5"": 1, ""6"": 0, ""7"": 1, ""8"": 0, ""9"": 1, ""10"": 1, ""11"": 1, ""12"": 1, ""13"": 1}",15,"[0.0, 0.0, 0.0, 0.0, 0.0, 0.0, 0.0, 0.0, 0.0, 0.0, 0.0, 0.0, 0.0, 0.0, 0.0]",0.0,0.0,0.0,0.0,0.0,0.0,0.0,0.0,0.0,0.0,0.0,0.0,0.0,0.0,0.0
density-60_1,1,density-60,42,43,23555,2,center,3,far_from_exit_and_main_road,12,86.4655145779252,206.66192820994183,0.8,13,14,"[1, 1, 1, 1, 1, 1, 1, 1, 1, 1, 1, 0, 1, 1]","{""0"": 1, ""1"": 1, ""2"": 1, ""3"": 1, ""4"": 1, ""5"": 1, ""6"": 1, ""7"": 1, ""8"": 1, ""9"": 1, ""10"": 1, ""11"": 0, ""12"": 1, ""13"": 1}",15,"[0.0, 0.0, 0.0, 0.0, 0.0, 0.0, 0.0, 0.0, 0.0, 0.0, 0.0, 0.0, 0.0, 0.0, 0.0]",0.0,0.0,0.0,0.0,0.0,0.0,0.0,0.0,0.0,0.0,0.0,0.0,0.0,0.0,0.0
density-60_2,2,density-60,42,44,22671,1,uniform,1,near_exit,6,26.251288073137403,149.61036271601915,0.8,12,14,"[1, 1, 0, 1, 1, 1, 1, 1, 1, 1, 0, 1, 1, 1]","{""0"": 1, ""1"": 1, ""2"": 0, ""3"": 1, ""4"": 1, ""5"": 1, ""6"": 1, ""7"": 1, ""8"": 1, ""9"": 1, ""10"": 0, ""11"": 1, ""12"": 1, ""13"": 1}",15,"[0.0, 0.0, 0.0, 0.0, 0.0, 0.0, 0.0, 0.0, 0.0, 0.0, 0.0, 0.0, 0.0, 0.0, 0.0]",0.0,0.0,0.0,0.0,0.0,0.0,0.0,0.0,0.0,0.0,0.0,0.0,0.0,0.0,0.0
density-60_3,3,density-60,42,45,21262,1,uniform,3,far_from_exit_and_main_road,2,135.2143654283136,374.6006386834197,0.8,14,14,"[1, 1, 1, 1, 1, 1, 1, 1, 1, 1, 1, 1, 1, 1]","{""0"": 1, ""1"": 1, ""2"": 1, ""3"": 1, ""4"": 1, ""5"": 1, ""6"": 1, ""7"": 1, ""8"": 1, ""9"": 1, ""10"": 1, ""11"": 1, ""12"": 1, ""13"": 1}",15,"[0.0, 0.0, 0.0, 0.0, 0.0, 0.0, 0.0, 0.0, 0.0, 0.0, 0.0, 0.0, 0.0, 0.0, 0.0]",0.0,0.0,0.0,0.0,0.0,0.0,0.0,0.0,0.0,0.0,0.0,0.0,0.0,0.0,0.0
density-60_4,4,density-60,42,46,22419,3,ring,2,near_main_road,16,134.70201228372753,258.9657045942731,0.8,9,14,"[0, 1, 1, 0, 1, 1, 1, 0, 1, 1, 1, 0, 0, 1]","{""0"": 0, ""1"": 1, ""2"": 1, ""3"": 0, ""4"": 1, ""5"": 1, ""6"": 1, ""7"": 0, ""8"": 1, ""9"": 1, ""10"": 1, ""11"": 0, ""12"": 0, ""13"": 1}",15,"[0.0, 0.0, 0.0, 0.0, 0.0, 0.0, 0.0, 0.0, 0.0, 0.0, 0.0, 0.0, 0.0, 0.0, 0.0]",0.0,0.0,0.0,0.0,0.0,0.0,0.0,0.0,0.0,0.0,0.0,0.0,0.0,0.0,0.0
density-60_5,5,density-60,42,47,22585,3,ring,1,near_exit,5,34.374810233712196,214.9597699600272,0.8,13,14,"[1, 1, 1, 1, 1, 1, 1, 1, 1, 1, 1, 0, 1, 1]","{""0"": 1, ""1"": 1, ""2"": 1, ""3"": 1, ""4"": 1, ""5"": 1, ""6"": 1, ""7"": 1, ""8"": 1, ""9"": 1, ""10"": 1, ""11"": 0, ""12"": 1, ""13"": 1}",15,"[0.0, 0.0, 0.0, 0.0, 0.0, 0.0, 0.0, 0.0, 0.0, 0.0, 0.0, 0.0, 0.0, 0.0, 0.0]",0.0,0.0,0.0,0.0,0.0,0.0,0.0,0.0,0.0,0.0,0.0,0.0,0.0,0.0,0.0
density-60_6,6,density-60,42,48,24166,2,center,2,near_main_road,9,180.08427936211228,352.65582518512383,0.8,11,14,"[1, 1, 1, 1, 0, 1, 1, 1, 0, 0, 1, 1, 1, 1]","{""0"": 1, ""1"": 1, ""2"": 1, ""3"": 1, ""4"": 0, ""5"": 1, ""6"": 1, ""7"": 1, ""8"": 0, ""9"": 0, ""10"": 1, ""11"": 1, ""12"": 1, ""13"": 1}",15,"[0.0, 0.0, 0.0, 0.0, 0.0, 0.0, 0.0, 0.0, 0.0, 0.0, 0.0, 0.0, 0.0, 0.0, 0.0]",0.0,0.0,0.0,0.0,0.0,0.0,0.0,0.0,0.0,0.0,0.0,0.0,0.0,0.0,0.0
density-60_7,7,density-60,42,49,24696,3,ring,3,far_from_exit_and_main_road,19,166.7272846736014,178.37646883539855,0.8,13,14,"[1, 1, 1, 1, 1, 1, 1, 1, 1, 1, 1, 1, 0, 1]","{""0"": 1, ""1"": 1, ""2"": 1, ""3"": 1, ""4"": 1, ""5"": 1, ""6"": 1, ""7"": 1, ""8"": 1, ""9"": 1, ""10"": 1, ""11"": 1, ""12"": 0, ""13"": 1}",15,"[0.0, 0.0, 0.0, 0.0, 0.0, 0.0, 0.0, 0.0, 0.0, 0.0, 0.0, 0.0, 0.0, 0.0, 0.0]",0.0,0.0,0.0,0.0,0.0,0.0,0.0,0.0,0.0,0.0,0.0,0.0,0.0,0.0,0.0
density-60_8,8,density-60,42,50,21548,3,ring,2,near_main_road,14,65.86150634847581,146.12098523322493,0.8,11,14,"[1, 1, 1, 1, 1, 0, 1, 1, 1, 1, 1, 0, 0, 1]","{""0"": 1, ""1"": 1, ""2"": 1, ""3"": 1, ""4"": 1, ""5"": 0, ""6"": 1, ""7"": 1, ""8"": 1, ""9"": 1, ""10"": 1, ""11"": 0, ""12"": 0, ""13"": 1}",15,"[0.0, 0.0, 0.0, 0.0, 0.0, 0.0, 0.0, 0.0, 0.0, 0.0, 0.0, 0.0, 0.0, 0.0, 0.0]",0.0,0.0,0.0,0.0,0.0,0.0,0.0,0.0,0.0,0.0,0.0,0.0,0.0,0.0,0.0
density-60_9,9,density-60,42,51,22274,1,uniform,1,near_exit,11,74.4658822324127,300.26813259813935,0.8,11,14,"[1, 1, 1, 0, 1, 1, 0, 1, 0, 1, 1, 1, 1, 1]","{""0"": 1, ""1"": 1, ""2"": 1, ""3"": 0, ""4"": 1, ""5"": 1, ""6"": 0, ""7"": 1, ""8"": 0, ""9"": 1, ""10"": 1, ""11"": 1, ""12"": 1, ""13"": 1}",15,"[0.0, 0.0, 0.0, 0.0, 0.0, 0.0, 0.0, 0.0, 0.0, 0.0, 0.0, 0.0, 0.0, 0.0, 0.0]",0.0,0.0,0.0,0.0,0.0,0.0,0.0,0.0,0.0,0.0,0.0,0.0,0.0,0.0,0.0
density-60_10,10,density-60,42,52,23171,3,ring,1,near_exit,11,74.4658822324127,300.26813259813935,0.8,10,14,"[0, 1, 1, 1, 0, 1, 0, 1, 0, 1, 1, 1, 1, 1]","{""0"": 0, ""1"": 1, ""2"": 1, ""3"": 1, ""4"": 0, ""5"": 1, ""6"": 0, ""7"": 1, ""8"": 0, ""9"": 1, ""10"": 1, ""11"": 1, ""12"": 1, ""13"": 1}",15,"[0.0, 0.0, 0.0, 0.0, 0.0, 0.0, 0.0, 0.0, 0.0, 0.0, 0.0, 0.0, 0.0, 0.0, 0.0]",0.0,0.0,0.0,0.0,0.0,0.0,0.0,0.0,0.0,0.0,0.0,0.0,0.0,0.0,0.0
density-120_1,1,density-120,42,43,23555,2,center,3,far_from_exit_and_main_road,12,86.4655145779252,206.66192820994183,0.8,13,14,"[1, 1, 1, 1, 1, 1, 1, 1, 1, 1, 1, 0, 1, 1]","{""0"": 1, ""1"": 1, ""2"": 1, ""3"": 1, ""4"": 1, ""5"": 1, ""6"": 1, ""7"": 1, ""8"": 1, ""9"": 1, ""10"": 1, ""11"": 0, ""12"": 1, ""13"": 1}",15,"[0.0, 0.0, 0.0, 0.0, 0.0, 0.0, 0.0, 0.0, 0.0, 0.0, 0.0, 0.0, 0.0, 0.0, 0.0]",0.0,0.0,0.0,0.0,0.0,0.0,0.0,0.0,0.0,0.0,0.0,0.0,0.0,0.0,0.0
density-120_2,2,density-120,42,44,22671,1,uniform,1,near_exit,6,26.251288073137403,149.61036271601915,0.8,12,14,"[1, 1, 0, 1, 1, 1, 1, 1, 1, 1, 0, 1, 1, 1]","{""0"": 1, ""1"": 1, ""2"": 0, ""3"": 1, ""4"": 1, ""5"": 1, ""6"": 1, ""7"": 1, ""8"": 1, ""9"": 1, ""10"": 0, ""11"": 1, ""12"": 1, ""13"": 1}",15,"[0.0, 0.0, 0.0, 0.0, 0.0, 0.0, 0.0, 0.0, 0.0, 0.0, 0.0, 0.0, 0.0, 0.0, 0.0]",0.0,0.0,0.0,0.0,0.0,0.0,0.0,0.0,0.0,0.0,0.0,0.0,0.0,0.0,0.0
density-120_3,3,density-120,42,45,21262,1,uniform,3,far_from_exit_and_main_road,2,135.2143654283136,374.6006386834197,0.8,14,14,"[1, 1, 1, 1, 1, 1, 1, 1, 1, 1, 1, 1, 1, 1]","{""0"": 1, ""1"": 1, ""2"": 1, ""3"": 1, ""4"": 1, ""5"": 1, ""6"": 1, ""7"": 1, ""8"": 1, ""9"": 1, ""10"": 1, ""11"": 1, ""12"": 1, ""13"": 1}",15,"[0.0, 0.0, 0.0, 0.0, 0.0, 0.0, 0.0, 0.0, 0.0, 0.0, 0.0, 0.0, 0.0, 0.0, 0.0]",0.0,0.0,0.0,0.0,0.0,0.0,0.0,0.0,0.0,0.0,0.0,0.0,0.0,0.0,0.0
density-120_4,4,density-120,42,46,22419,3,ring,2,near_main_road,16,134.70201228372753,258.9657045942731,0.8,9,14,"[0, 1, 1, 0, 1, 1, 1, 0, 1, 1, 1, 0, 0, 1]","{""0"": 0, ""1"": 1, ""2"": 1, ""3"": 0, ""4"": 1, ""5"": 1, ""6"": 1, ""7"": 0, ""8"": 1, ""9"": 1, ""10"": 1, ""11"": 0, ""12"": 0, ""13"": 1}",15,"[0.0, 0.0, 0.0, 0.0, 0.0, 0.0, 0.0, 0.0, 0.0, 0.0, 0.0, 0.0, 0.0, 0.0, 0.0]",0.0,0.0,0.0,0.0,0.0,0.0,0.0,0.0,0.0,0.0,0.0,0.0,0.0,0.0,0.0
density-120_5,5,density-120,42,47,22585,3,ring,1,near_exit,5,34.374810233712196,214.9597699600272,0.8,13,14,"[1, 1, 1, 1, 1, 1, 1, 1, 1, 1, 1, 0, 1, 1]","{""0"": 1, ""1"": 1, ""2"": 1, ""3"": 1, ""4"": 1, ""5"": 1, ""6"": 1, ""7"": 1, ""8"": 1, ""9"": 1, ""10"": 1, ""11"": 0, ""12"": 1, ""13"": 1}",15,"[0.0, 0.0, 0.0, 0.0, 0.0, 0.0, 0.0, 0.0, 0.0, 0.0, 0.0, 0.0, 0.0, 0.0, 0.0]",0.0,0.0,0.0,0.0,0.0,0.0,0.0,0.0,0.0,0.0,0.0,0.0,0.0,0.0,0.0
density-120_6,6,density-120,42,48,24166,2,center,2,near_main_road,9,180.08427936211228,352.65582518512383,0.8,11,14,"[1, 1, 1, 1, 0, 1, 1, 1, 0, 0, 1, 1, 1, 1]","{""0"": 1, ""1"": 1, ""2"": 1, ""3"": 1, ""4"": 0, ""5"": 1, ""6"": 1, ""7"": 1, ""8"": 0, ""9"": 0, ""10"": 1, ""11"": 1, ""12"": 1, ""13"": 1}",15,"[0.0, 0.0, 0.0, 0.0, 0.0, 0.0, 0.0, 0.0, 0.0, 0.0, 0.0, 0.0, 0.0, 0.0, 0.0]",0.0,0.0,0.0,0.0,0.0,0.0,0.0,0.0,0.0,0.0,0.0,0.0,0.0,0.0,0.0
density-120_7,7,density-120,42,49,24696,3,ring,3,far_from_exit_and_main_road,19,166.7272846736014,178.37646883539855,0.8,13,14,"[1, 1, 1, 1, 1, 1, 1, 1, 1, 1, 1, 1, 0, 1]","{""0"": 1, ""1"": 1, ""2"": 1, ""3"": 1, ""4"": 1, ""5"": 1, ""6"": 1, ""7"": 1, ""8"": 1, ""9"": 1, ""10"": 1, ""11"": 1, ""12"": 0, ""13"": 1}",15,"[0.0, 0.0, 0.0, 0.0, 0.0, 0.0, 0.0, 0.0, 0.0, 0.0, 0.0, 0.0, 0.0, 0.0, 0.0]",0.0,0.0,0.0,0.0,0.0,0.0,0.0,0.0,0.0,0.0,0.0,0.0,0.0,0.0,0.0
density-120_8,8,density-120,42,50,21548,3,ring,2,near_main_road,14,65.86150634847581,146.12098523322493,0.8,11,14,"[1, 1, 1, 1, 1, 0, 1, 1, 1, 1, 1, 0, 0, 1]","{""0"": 1, ""1"": 1, ""2"": 1, ""3"": 1, ""4"": 1, ""5"": 0, ""6"": 1, ""7"": 1, ""8"": 1, ""9"": 1, ""10"": 1, ""11"": 0, ""12"": 0, ""13"": 1}",15,"[0.0, 0.0, 0.0, 0.0, 0.0, 0.0, 0.0, 0.0, 0.0, 0.0, 0.0, 0.0, 0.0, 0.0, 0.0]",0.0,0.0,0.0,0.0,0.0,0.0,0.0,0.0,0.0,0.0,0.0,0.0,0.0,0.0,0.0
density-120_9,9,density-120,42,51,22274,1,uniform,1,near_exit,11,74.4658822324127,300.26813259813935,0.8,11,14,"[1, 1, 1, 0, 1, 1, 0, 1, 0, 1, 1, 1, 1, 1]","{""0"": 1, ""1"": 1, ""2"": 1, ""3"": 0, ""4"": 1, ""5"": 1, ""6"": 0, ""7"": 1, ""8"": 0, ""9"": 1, ""10"": 1, ""11"": 1, ""12"": 1, ""13"": 1}",15,"[0.0, 0.0, 0.0, 0.0, 0.0, 0.0, 0.0, 0.0, 0.0, 0.0, 0.0, 0.0, 0.0, 0.0, 0.0]",0.0,0.0,0.0,0.0,0.0,0.0,0.0,0.0,0.0,0.0,0.0,0.0,0.0,0.0,0.0
density-120_10,10,density-120,42,52,23171,3,ring,1,near_exit,11,74.4658822324127,300.26813259813935,0.8,10,14,"[0, 1, 1, 1, 0, 1, 0, 1, 0, 1, 1, 1, 1, 1]","{""0"": 0, ""1"": 1, ""2"": 1, ""3"": 1, ""4"": 0, ""5"": 1, ""6"": 0, ""7"": 1, ""8"": 0, ""9"": 1, ""10"": 1, ""11"": 1, ""12"": 1, ""13"": 1}",15,"[0.0, 0.0, 0.0, 0.0, 0.0, 0.0, 0.0, 0.0, 0.0, 0.0, 0.0, 0.0, 0.0, 0.0, 0.0]",0.0,0.0,0.0,0.0,0.0,0.0,0.0,0.0,0.0,0.0,0.0,0.0,0.0,0.0,0.0
density-180_1,1,density-180,42,43,23555,2,center,3,far_from_exit_and_main_road,12,86.4655145779252,206.66192820994183,0.8,13,14,"[1, 1, 1, 1, 1, 1, 1, 1, 1, 1, 1, 0, 1, 1]","{""0"": 1, ""1"": 1, ""2"": 1, ""3"": 1, ""4"": 1, ""5"": 1, ""6"": 1, ""7"": 1, ""8"": 1, ""9"": 1, ""10"": 1, ""11"": 0, ""12"": 1, ""13"": 1}",15,"[0.0, 0.0, 0.0, 0.0, 0.0, 0.0, 0.0, 0.0, 0.0, 0.0, 0.0, 0.0, 0.0, 0.0, 0.0]",0.0,0.0,0.0,0.0,0.0,0.0,0.0,0.0,0.0,0.0,0.0,0.0,0.0,0.0,0.0
density-180_2,2,density-180,42,44,22671,1,uniform,1,near_exit,6,26.251288073137403,149.61036271601915,0.8,12,14,"[1, 1, 0, 1, 1, 1, 1, 1, 1, 1, 0, 1, 1, 1]","{""0"": 1, ""1"": 1, ""2"": 0, ""3"": 1, ""4"": 1, ""5"": 1, ""6"": 1, ""7"": 1, ""8"": 1, ""9"": 1, ""10"": 0, ""11"": 1, ""12"": 1, ""13"": 1}",15,"[0.0, 0.0, 0.0, 0.0, 0.0, 0.0, 0.0, 0.0, 0.0, 0.0, 0.0, 0.0, 0.0, 0.0, 0.0]",0.0,0.0,0.0,0.0,0.0,0.0,0.0,0.0,0.0,0.0,0.0,0.0,0.0,0.0,0.0
density-180_3,3,density-180,42,45,21262,1,uniform,3,far_from_exit_and_main_road,2,135.2143654283136,374.6006386834197,0.8,14,14,"[1, 1, 1, 1, 1, 1, 1, 1, 1, 1, 1, 1, 1, 1]","{""0"": 1, ""1"": 1, ""2"": 1, ""3"": 1, ""4"": 1, ""5"": 1, ""6"": 1, ""7"": 1, ""8"": 1, ""9"": 1, ""10"": 1, ""11"": 1, ""12"": 1, ""13"": 1}",15,"[0.0, 0.0, 0.0, 0.0, 0.0, 0.0, 0.0, 0.0, 0.0, 0.0, 0.0, 0.0, 0.0, 0.0, 0.0]",0.0,0.0,0.0,0.0,0.0,0.0,0.0,0.0,0.0,0.0,0.0,0.0,0.0,0.0,0.0
density-180_4,4,density-180,42,46,22419,3,ring,2,near_main_road,16,134.70201228372753,258.9657045942731,0.8,9,14,"[0, 1, 1, 0, 1, 1, 1, 0, 1, 1, 1, 0, 0, 1]","{""0"": 0, ""1"": 1, ""2"": 1, ""3"": 0, ""4"": 1, ""5"": 1, ""6"": 1, ""7"": 0, ""8"": 1, ""9"": 1, ""10"": 1, ""11"": 0, ""12"": 0, ""13"": 1}",15,"[0.0, 0.0, 0.0, 0.0, 0.0, 0.0, 0.0, 0.0, 0.0, 0.0, 0.0, 0.0, 0.0, 0.0, 0.0]",0.0,0.0,0.0,0.0,0.0,0.0,0.0,0.0,0.0,0.0,0.0,0.0,0.0,0.0,0.0
density-180_5,5,density-180,42,47,22585,3,ring,1,near_exit,5,34.374810233712196,214.9597699600272,0.8,13,14,"[1, 1, 1, 1, 1, 1, 1, 1, 1, 1, 1, 0, 1, 1]","{""0"": 1, ""1"": 1, ""2"": 1, ""3"": 1, ""4"": 1, ""5"": 1, ""6"": 1, ""7"": 1, ""8"": 1, ""9"": 1, ""10"": 1, ""11"": 0, ""12"": 1, ""13"": 1}",15,"[0.0, 0.0, 0.0, 0.0, 0.0, 0.0, 0.0, 0.0, 0.0, 0.0, 0.0, 0.0, 0.0, 0.0, 0.0]",0.0,0.0,0.0,0.0,0.0,0.0,0.0,0.0,0.0,0.0,0.0,0.0,0.0,0.0,0.0
density-180_6,6,density-180,42,48,24166,2,center,2,near_main_road,9,180.08427936211228,352.65582518512383,0.8,11,14,"[1, 1, 1, 1, 0, 1, 1, 1, 0, 0, 1, 1, 1, 1]","{""0"": 1, ""1"": 1, ""2"": 1, ""3"": 1, ""4"": 0, ""5"": 1, ""6"": 1, ""7"": 1, ""8"": 0, ""9"": 0, ""10"": 1, ""11"": 1, ""12"": 1, ""13"": 1}",15,"[0.0, 0.0, 0.0, 0.0, 0.0, 0.0, 0.0, 0.0, 0.0, 0.0, 0.0, 0.0, 0.0, 0.0, 0.0]",0.0,0.0,0.0,0.0,0.0,0.0,0.0,0.0,0.0,0.0,0.0,0.0,0.0,0.0,0.0
density-180_7,7,density-180,42,49,24696,3,ring,3,far_from_exit_and_main_road,19,166.7272846736014,178.37646883539855,0.8,13,14,"[1, 1, 1, 1, 1, 1, 1, 1, 1, 1, 1, 1, 0, 1]","{""0"": 1, ""1"": 1, ""2"": 1, ""3"": 1, ""4"": 1, ""5"": 1, ""6"": 1, ""7"": 1, ""8"": 1, ""9"": 1, ""10"": 1, ""11"": 1, ""12"": 0, ""13"": 1}",15,"[0.0, 0.0, 0.0, 0.0, 0.0, 0.0, 0.0, 0.0, 0.0, 0.0, 0.0, 0.0, 0.0, 0.0, 0.0]",0.0,0.0,0.0,0.0,0.0,0.0,0.0,0.0,0.0,0.0,0.0,0.0,0.0,0.0,0.0
density-180_8,8,density-180,42,50,21548,3,ring,2,near_main_road,14,65.86150634847581,146.12098523322493,0.8,11,14,"[1, 1, 1, 1, 1, 0, 1, 1, 1, 1, 1, 0, 0, 1]","{""0"": 1, ""1"": 1, ""2"": 1, ""3"": 1, ""4"": 1, ""5"": 0, ""6"": 1, ""7"": 1, ""8"": 1, ""9"": 1, ""10"": 1, ""11"": 0, ""12"": 0, ""13"": 1}",15,"[0.0, 0.0, 0.0, 0.0, 0.0, 0.0, 0.0, 0.0, 0.0, 0.0, 0.0, 0.0, 0.0, 0.0, 0.0]",0.0,0.0,0.0,0.0,0.0,0.0,0.0,0.0,0.0,0.0,0.0,0.0,0.0,0.0,0.0
density-180_9,9,density-180,42,51,22274,1,uniform,1,near_exit,11,74.4658822324127,300.26813259813935,0.8,11,14,"[1, 1, 1, 0, 1, 1, 0, 1, 0, 1, 1, 1, 1, 1]","{""0"": 1, ""1"": 1, ""2"": 1, ""3"": 0, ""4"": 1, ""5"": 1, ""6"": 0, ""7"": 1, ""8"": 0, ""9"": 1, ""10"": 1, ""11"": 1, ""12"": 1, ""13"": 1}",15,"[0.0, 0.0, 0.0, 0.0, 0.0, 0.0, 0.0, 0.0, 0.0, 0.0, 0.0, 0.0, 0.0, 0.0, 0.0]",0.0,0.0,0.0,0.0,0.0,0.0,0.0,0.0,0.0,0.0,0.0,0.0,0.0,0.0,0.0
density-180_10,10,density-180,42,52,23171,3,ring,1,near_exit,11,74.4658822324127,300.26813259813935,0.8,10,14,"[0, 1, 1, 1, 0, 1, 0, 1, 0, 1, 1, 1, 1, 1]","{""0"": 0, ""1"": 1, ""2"": 1, ""3"": 1, ""4"": 0, ""5"": 1, ""6"": 0, ""7"": 1, ""8"": 0, ""9"": 1, ""10"": 1, ""11"": 1, ""12"": 1, ""13"": 1}",15,"[0.0, 0.0, 0.0, 0.0, 0.0, 0.0, 0.0, 0.0, 0.0, 0.0, 0.0, 0.0, 0.0, 0.0, 0.0]",0.0,0.0,0.0,0.0,0.0,0.0,0.0,0.0,0.0,0.0,0.0,0.0,0.0,0.0,0.0
sp-static_1,1,sp-static,42,43,42040,2,center,3,far_from_exit_and_main_road,12,385.3971601668745,589.7491829711944,0.8,15,17,"[1, 1, 1, 1, 1, 1, 1, 1, 1, 1, 1, 0, 1, 1, 1, 1, 0]","{""0"": 1, ""1"": 1, ""2"": 1, ""3"": 1, ""4"": 1, ""5"": 1, ""6"": 1, ""7"": 1, ""8"": 1, ""9"": 1, ""10"": 1, ""11"": 0, ""12"": 1, ""13"": 1, ""14"": 1, ""15"": 1, ""16"": 0}",15,"[0.0, 0.0, 0.0, 0.0, 0.0, 0.0, 0.0, 0.0, 0.0, 0.0, 0.0, 0.0, 0.0, 0.0, 0.0]",0.0,0.0,0.0,0.0,0.0,0.0,0.0,0.0,0.0,0.0,0.0,0.0,0.0,0.0,0.0
sp-static_2,2,sp-static,42,44,44632,1,uniform,1,near_exit,12,243.67087543942034,784.8692256333306,0.8,15,17,"[1, 1, 0, 1, 1, 1, 1, 1, 1, 1, 0, 1, 1, 1, 1, 1, 1]","{""0"": 1, ""1"": 1, ""2"": 0, ""3"": 1, ""4"": 1, ""5"": 1, ""6"": 1, ""7"": 1, ""8"": 1, ""9"": 1, ""10"": 0, ""11"": 1, ""12"": 1, ""13"": 1, ""14"": 1, ""15"": 1, ""16"": 1}",15,"[0.0, 0.0, 0.0, 0.0, 0.0, 0.0, 0.0, 0.0, 0.0, 0.0, 0.0, 0.0, 0.0, 0.0, 0.0]",0.0,0.0,0.0,0.0,0.0,0.0,0.0,0.0,0.0,0.0,0.0,0.0,0.0,0.0,0.0
sp-static_3,3,sp-static,42,45,47018,1,uniform,3,far_from_exit_and_main_road,2,231.03263388574123,524.1789293033071,0.8,16,17,"[1, 1, 1, 1, 1, 1, 1, 1, 1, 1, 1, 1, 1, 1, 1, 1, 0]","{""0"": 1, ""1"": 1, ""2"": 1, ""3"": 1, ""4"": 1, ""5"": 1, ""6"": 1, ""7"": 1, ""8"": 1, ""9"": 1, ""10"": 1, ""11"": 1, ""12"": 1, ""13"": 1, ""14"": 1, ""15"": 1, ""16"": 0}",15,"[0.0, 0.0, 0.0, 0.0, 0.0, 0.0, 0.0, 0.0, 0.0, 0.0, 0.0, 0.0, 0.0, 0.0, 0.0]",0.0,0.0,0.0,0.0,0.0,0.0,0.0,0.0,0.0,0.0,0.0,0.0,0.0,0.0,0.0
sp-static_4,4,sp-static,42,46,41522,3,ring,2,near_main_road,20,557.3017781395465,347.6060686665587,0.8,10,17,"[0, 1, 1, 0, 1, 1, 1, 0, 1, 1, 1, 0, 0, 1, 0, 1, 0]","{""0"": 0, ""1"": 1, ""2"": 1, ""3"": 0, ""4"": 1, ""5"": 1, ""6"": 1, ""7"": 0, ""8"": 1, ""9"": 1, ""10"": 1, ""11"": 0, ""12"": 0, ""13"": 1, ""14"": 0, ""15"": 1, ""16"": 0}",15,"[0.0, 0.0, 0.0, 0.0, 0.0, 0.0, 0.0, 0.0, 0.0, 0.0, 0.0, 0.0, 0.0, 0.0, 0.0]",0.0,0.0,0.0,0.0,0.0,0.0,0.0,0.0,0.0,0.0,0.0,0.0,0.0,0.0,0.0
sp-static_5,5,sp-static,42,47,43769,3,ring,1,near_exit,9,264.7846143115312,244.78753565624356,0.8,14,17,"[1, 1, 1, 1, 1, 1, 1, 1, 1, 1, 1, 0, 1, 1, 0, 0, 1]","{""0"": 1, ""1"": 1, ""2"": 1, ""3"": 1, ""4"": 1, ""5"": 1, ""6"": 1, ""7"": 1, ""8"": 1, ""9"": 1, ""10"": 1, ""11"": 0, ""12"": 1, ""13"": 1, ""14"": 0, ""15"": 0, ""16"": 1}",15,"[0.0, 0.0, 0.0, 0.0, 0.0, 0.0, 0.0, 0.0, 0.0, 0.0, 0.0, 0.0, 0.0, 0.0, 0.0]",0.0,0.0,0.0,0.0,0.0,0.0,0.0,0.0,0.0,0.0,0.0,0.0,0.0,0.0,0.0
sp-static_6,6,sp-static,42,48,41201,2,center,2,near_main_road,9,163.21615466848016,459.17511512199417,0.8,13,17,"[1, 1, 1, 1, 0, 1, 1, 1, 0, 0, 1, 1, 1, 1, 0, 1, 1]","{""0"": 1, ""1"": 1, ""2"": 1, ""3"": 1, ""4"": 0, ""5"": 1, ""6"": 1, ""7"": 1, ""8"": 0, ""9"": 0, ""10"": 1, ""11"": 1, ""12"": 1, ""13"": 1, ""14"": 0, ""15"": 1, ""16"": 1}",15,"[0.0, 0.0, 0.0, 0.0, 0.0, 0.0, 0.0, 0.0, 0.0, 0.0, 0.0, 0.0, 0.0, 0.0, 0.0]",0.0,0.0,0.0,0.0,0.0,0.0,0.0,0.0,0.0,0.0,0.0,0.0,0.0,0.0,0.0
sp-static_7,7,sp-static,42,49,42260,3,ring,3,far_from_exit_and_main_road,15,508.45125552266836,299.69310106290504,0.8,16,17,"[1, 1, 1, 1, 1, 1, 1, 1, 1, 1, 1, 1, 0, 1, 1, 1, 1]","{""0"": 1, ""1"": 1, ""2"": 1, ""3"": 1, ""4"": 1, ""5"": 1, ""6"": 1, ""7"": 1, ""8"": 1, ""9"": 1, ""10"": 1, ""11"": 1, ""12"": 0, ""13"": 1, ""14"": 1, ""15"": 1, ""16"": 1}",15,"[0.0, 0.0, 0.0, 0.0, 0.0, 0.0, 0.0, 0.0, 0.0, 0.0, 0.0, 0.0, 0.0, 0.0, 0.0]",0.0,0.0,0.0,0.0,0.0,0.0,0.0,0.0,0.0,0.0,0.0,0.0,0.0,0.0,0.0
sp-static_8,8,sp-static,42,50,49892,3,ring,2,near_main_road,29,524.4873527102172,390.7335992306471,0.8,13,17,"[1, 1, 1, 1, 1, 0, 1, 1, 1, 1, 1, 0, 0, 1, 1, 0, 1]","{""0"": 1, ""1"": 1, ""2"": 1, ""3"": 1, ""4"": 1, ""5"": 0, ""6"": 1, ""7"": 1, ""8"": 1, ""9"": 1, ""10"": 1, ""11"": 0, ""12"": 0, ""13"": 1, ""14"": 1, ""15"": 0, ""16"": 1}",15,"[0.0, 0.0, 0.0, 0.0, 0.0, 0.0, 0.0, 0.0, 0.0, 0.0, 0.0, 0.0, 0.0, 0.0, 0.0]",0.0,0.0,0.0,0.0,0.0,0.0,0.0,0.0,0.0,0.0,0.0,0.0,0.0,0.0,0.0
sp-static_9,9,sp-static,42,51,41866,1,uniform,1,near_exit,4,608.6922935191542,220.83613027445972,0.8,12,17,"[1, 1, 1, 0, 1, 1, 0, 1, 0, 1, 1, 1, 1, 1, 0, 1, 0]","{""0"": 1, ""1"": 1, ""2"": 1, ""3"": 0, ""4"": 1, ""5"": 1, ""6"": 0, ""7"": 1, ""8"": 0, ""9"": 1, ""10"": 1, ""11"": 1, ""12"": 1, ""13"": 1, ""14"": 0, ""15"": 1, ""16"": 0}",15,"[0.0, 0.0, 0.0, 0.0, 0.0, 0.0, 0.0, 0.0, 0.0, 0.0, 0.0, 0.0, 0.0, 0.0, 0.0]",0.0,0.0,0.0,0.0,0.0,0.0,0.0,0.0,0.0,0.0,0.0,0.0,0.0,0.0,0.0
sp-static_10,10,sp-static,42,52,42790,3,ring,1,near_exit,4,608.6922935191542,220.83613027445972,0.8,13,17,"[0, 1, 1, 1, 0, 1, 0, 1, 0, 1, 1, 1, 1, 1, 1, 1, 1]","{""0"": 0, ""1"": 1, ""2"": 1, ""3"": 1, ""4"": 0, ""5"": 1, ""6"": 0, ""7"": 1, ""8"": 0, ""9"": 1, ""10"": 1, ""11"": 1, ""12"": 1, ""13"": 1, ""14"": 1, ""15"": 1, ""16"": 1}",15,"[0.0, 0.0, 0.0, 0.0, 0.0, 0.0, 0.0, 0.0, 0.0, 0.0, 0.0, 0.0, 0.0, 0.0, 0.0]",0.0,0.0,0.0,0.0,0.0,0.0,0.0,0.0,0.0,0.0,0.0,0.0,0.0,0.0,0.0
sp-density-60_1,1,sp-density-60,42,43,42040,2,center,3,far_from_exit_and_main_road,12,385.3971601668745,589.7491829711944,0.8,15,17,"[1, 1, 1, 1, 1, 1, 1, 1, 1, 1, 1, 0, 1, 1, 1, 1, 0]","{""0"": 1, ""1"": 1, ""2"": 1, ""3"": 1, ""4"": 1, ""5"": 1, ""6"": 1, ""7"": 1, ""8"": 1, ""9"": 1, ""10"": 1, ""11"": 0, ""12"": 1, ""13"": 1, ""14"": 1, ""15"": 1, ""16"": 0}",15,"[0.0, 0.0, 0.0, 0.0, 0.0, 0.0, 0.0, 0.0, 0.0, 0.0, 0.0, 0.0, 0.0, 0.0, 0.0]",0.0,0.0,0.0,0.0,0.0,0.0,0.0,0.0,0.0,0.0,0.0,0.0,0.0,0.0,0.0
sp-density-60_2,2,sp-density-60,42,44,44632,1,uniform,1,near_exit,12,243.67087543942034,784.8692256333306,0.8,15,17,"[1, 1, 0, 1, 1, 1, 1, 1, 1, 1, 0, 1, 1, 1, 1, 1, 1]","{""0"": 1, ""1"": 1, ""2"": 0, ""3"": 1, ""4"": 1, ""5"": 1, ""6"": 1, ""7"": 1, ""8"": 1, ""9"": 1, ""10"": 0, ""11"": 1, ""12"": 1, ""13"": 1, ""14"": 1, ""15"": 1, ""16"": 1}",15,"[0.0, 0.0, 0.0, 0.0, 0.0, 0.0, 0.0, 0.0, 0.0, 0.0, 0.0, 0.0, 0.0, 0.0, 0.0]",0.0,0.0,0.0,0.0,0.0,0.0,0.0,0.0,0.0,0.0,0.0,0.0,0.0,0.0,0.0
sp-density-60_3,3,sp-density-60,42,45,47018,1,uniform,3,far_from_exit_and_main_road,2,231.03263388574123,524.1789293033071,0.8,16,17,"[1, 1, 1, 1, 1, 1, 1, 1, 1, 1, 1, 1, 1, 1, 1, 1, 0]","{""0"": 1, ""1"": 1, ""2"": 1, ""3"": 1, ""4"": 1, ""5"": 1, ""6"": 1, ""7"": 1, ""8"": 1, ""9"": 1, ""10"": 1, ""11"": 1, ""12"": 1, ""13"": 1, ""14"": 1, ""15"": 1, ""16"": 0}",15,"[0.0, 0.0, 0.0, 0.0, 0.0, 0.0, 0.0, 0.0, 0.0, 0.0, 0.0, 0.0, 0.0, 0.0, 0.0]",0.0,0.0,0.0,0.0,0.0,0.0,0.0,0.0,0.0,0.0,0.0,0.0,0.0,0.0,0.0
sp-density-60_4,4,sp-density-60,42,46,41522,3,ring,2,near_main_road,20,557.3017781395465,347.6060686665587,0.8,10,17,"[0, 1, 1, 0, 1, 1, 1, 0, 1, 1, 1, 0, 0, 1, 0, 1, 0]","{""0"": 0, ""1"": 1, ""2"": 1, ""3"": 0, ""4"": 1, ""5"": 1, ""6"": 1, ""7"": 0, ""8"": 1, ""9"": 1, ""10"": 1, ""11"": 0, ""12"": 0, ""13"": 1, ""14"": 0, ""15"": 1, ""16"": 0}",15,"[0.0, 0.0, 0.0, 0.0, 0.0, 0.0, 0.0, 0.0, 0.0, 0.0, 0.0, 0.0, 0.0, 0.0, 0.0]",0.0,0.0,0.0,0.0,0.0,0.0,0.0,0.0,0.0,0.0,0.0,0.0,0.0,0.0,0.0
sp-density-60_5,5,sp-density-60,42,47,43769,3,ring,1,near_exit,9,264.7846143115312,244.78753565624356,0.8,14,17,"[1, 1, 1, 1, 1, 1, 1, 1, 1, 1, 1, 0, 1, 1, 0, 0, 1]","{""0"": 1, ""1"": 1, ""2"": 1, ""3"": 1, ""4"": 1, ""5"": 1, ""6"": 1, ""7"": 1, ""8"": 1, ""9"": 1, ""10"": 1, ""11"": 0, ""12"": 1, ""13"": 1, ""14"": 0, ""15"": 0, ""16"": 1}",15,"[0.0, 0.0, 0.0, 0.0, 0.0, 0.0, 0.0, 0.0, 0.0, 0.0, 0.0, 0.0, 0.0, 0.0, 0.0]",0.0,0.0,0.0,0.0,0.0,0.0,0.0,0.0,0.0,0.0,0.0,0.0,0.0,0.0,0.0
sp-density-60_6,6,sp-density-60,42,48,41201,2,center,2,near_main_road,9,163.21615466848016,459.17511512199417,0.8,13,17,"[1, 1, 1, 1, 0, 1, 1, 1, 0, 0, 1, 1, 1, 1, 0, 1, 1]","{""0"": 1, ""1"": 1, ""2"": 1, ""3"": 1, ""4"": 0, ""5"": 1, ""6"": 1, ""7"": 1, ""8"": 0, ""9"": 0, ""10"": 1, ""11"": 1, ""12"": 1, ""13"": 1, ""14"": 0, ""15"": 1, ""16"": 1}",15,"[0.0, 0.0, 0.0, 0.0, 0.0, 0.0, 0.0, 0.0, 0.0, 0.0, 0.0, 0.0, 0.0, 0.0, 0.0]",0.0,0.0,0.0,0.0,0.0,0.0,0.0,0.0,0.0,0.0,0.0,0.0,0.0,0.0,0.0
sp-density-60_7,7,sp-density-60,42,49,42260,3,ring,3,far_from_exit_and_main_road,15,508.45125552266836,299.69310106290504,0.8,16,17,"[1, 1, 1, 1, 1, 1, 1, 1, 1, 1, 1, 1, 0, 1, 1, 1, 1]","{""0"": 1, ""1"": 1, ""2"": 1, ""3"": 1, ""4"": 1, ""5"": 1, ""6"": 1, ""7"": 1, ""8"": 1, ""9"": 1, ""10"": 1, ""11"": 1, ""12"": 0, ""13"": 1, ""14"": 1, ""15"": 1, ""16"": 1}",15,"[0.0, 0.0, 0.0, 0.0, 0.0, 0.0, 0.0, 0.0, 0.0, 0.0, 0.0, 0.0, 0.0, 0.0, 0.0]",0.0,0.0,0.0,0.0,0.0,0.0,0.0,0.0,0.0,0.0,0.0,0.0,0.0,0.0,0.0
sp-density-60_8,8,sp-density-60,42,50,49892,3,ring,2,near_main_road,29,524.4873527102172,390.7335992306471,0.8,13,17,"[1, 1, 1, 1, 1, 0, 1, 1, 1, 1, 1, 0, 0, 1, 1, 0, 1]","{""0"": 1, ""1"": 1, ""2"": 1, ""3"": 1, ""4"": 1, ""5"": 0, ""6"": 1, ""7"": 1, ""8"": 1, ""9"": 1, ""10"": 1, ""11"": 0, ""12"": 0, ""13"": 1, ""14"": 1, ""15"": 0, ""16"": 1}",15,"[0.0, 0.0, 0.0, 0.0, 0.0, 0.0, 0.0, 0.0, 0.0, 0.0, 0.0, 0.0, 0.0, 0.0, 0.0]",0.0,0.0,0.0,0.0,0.0,0.0,0.0,0.0,0.0,0.0,0.0,0.0,0.0,0.0,0.0
sp-density-60_9,9,sp-density-60,42,51,41866,1,uniform,1,near_exit,4,608.6922935191542,220.83613027445972,0.8,12,17,"[1, 1, 1, 0, 1, 1, 0, 1, 0, 1, 1, 1, 1, 1, 0, 1, 0]","{""0"": 1, ""1"": 1, ""2"": 1, ""3"": 0, ""4"": 1, ""5"": 1, ""6"": 0, ""7"": 1, ""8"": 0, ""9"": 1, ""10"": 1, ""11"": 1, ""12"": 1, ""13"": 1, ""14"": 0, ""15"": 1, ""16"": 0}",15,"[0.0, 0.0, 0.0, 0.0, 0.0, 0.0, 0.0, 0.0, 0.0, 0.0, 0.0, 0.0, 0.0, 0.0, 0.0]",0.0,0.0,0.0,0.0,0.0,0.0,0.0,0.0,0.0,0.0,0.0,0.0,0.0,0.0,0.0
sp-density-60_10,10,sp-density-60,42,52,42790,3,ring,1,near_exit,4,608.6922935191542,220.83613027445972,0.8,13,17,"[0, 1, 1, 1, 0, 1, 0, 1, 0, 1, 1, 1, 1, 1, 1, 1, 1]","{""0"": 0, ""1"": 1, ""2"": 1, ""3"": 1, ""4"": 0, ""5"": 1, ""6"": 0, ""7"": 1, ""8"": 0, ""9"": 1, ""10"": 1, ""11"": 1, ""12"": 1, ""13"": 1, ""14"": 1, ""15"": 1, ""16"": 1}",15,"[0.0, 0.0, 0.0, 0.0, 0.0, 0.0, 0.0, 0.0, 0.0, 0.0, 0.0, 0.0, 0.0, 0.0, 0.0]",0.0,0.0,0.0,0.0,0.0,0.0,0.0,0.0,0.0,0.0,0.0,0.0,0.0,0.0,0.0
sp-density-60_1,1,sp-density-60,42,43,42040,2,center,3,far_from_exit_and_main_road,12,385.3971601668745,589.7491829711944,0.8,15,17,"[1, 1, 1, 1, 1, 1, 1, 1, 1, 1, 1, 0, 1, 1, 1, 1, 0]","{""0"": 1, ""1"": 1, ""2"": 1, ""3"": 1, ""4"": 1, ""5"": 1, ""6"": 1, ""7"": 1, ""8"": 1, ""9"": 1, ""10"": 1, ""11"": 0, ""12"": 1, ""13"": 1, ""14"": 1, ""15"": 1, ""16"": 0}",15,"[0.0, 0.0, 0.0, 0.0, 0.0, 0.0, 0.0, 0.0, 0.0, 0.0, 0.0, 0.0, 0.0, 0.0, 0.0]",0.0,0.0,0.0,0.0,0.0,0.0,0.0,0.0,0.0,0.0,0.0,0.0,0.0,0.0,0.0
sp-density-60_2,2,sp-density-60,42,44,44632,1,uniform,1,near_exit,12,243.67087543942034,784.8692256333306,0.8,15,17,"[1, 1, 0, 1, 1, 1, 1, 1, 1, 1, 0, 1, 1, 1, 1, 1, 1]","{""0"": 1, ""1"": 1, ""2"": 0, ""3"": 1, ""4"": 1, ""5"": 1, ""6"": 1, ""7"": 1, ""8"": 1, ""9"": 1, ""10"": 0, ""11"": 1, ""12"": 1, ""13"": 1, ""14"": 1, ""15"": 1, ""16"": 1}",15,"[0.0, 0.0, 0.0, 0.0, 0.0, 0.0, 0.0, 0.0, 0.0, 0.0, 0.0, 0.0, 0.0, 0.0, 0.0]",0.0,0.0,0.0,0.0,0.0,0.0,0.0,0.0,0.0,0.0,0.0,0.0,0.0,0.0,0.0
sp-density-60_3,3,sp-density-60,42,45,47018,1,uniform,3,far_from_exit_and_main_road,2,231.03263388574123,524.1789293033071,0.8,16,17,"[1, 1, 1, 1, 1, 1, 1, 1, 1, 1, 1, 1, 1, 1, 1, 1, 0]","{""0"": 1, ""1"": 1, ""2"": 1, ""3"": 1, ""4"": 1, ""5"": 1, ""6"": 1, ""7"": 1, ""8"": 1, ""9"": 1, ""10"": 1, ""11"": 1, ""12"": 1, ""13"": 1, ""14"": 1, ""15"": 1, ""16"": 0}",15,"[0.0, 0.0, 0.0, 0.0, 0.0, 0.0, 0.0, 0.0, 0.0, 0.0, 0.0, 0.0, 0.0, 0.0, 0.0]",0.0,0.0,0.0,0.0,0.0,0.0,0.0,0.0,0.0,0.0,0.0,0.0,0.0,0.0,0.0
sp-density-60_4,4,sp-density-60,42,46,41522,3,ring,2,near_main_road,20,557.3017781395465,347.6060686665587,0.8,10,17,"[0, 1, 1, 0, 1, 1, 1, 0, 1, 1, 1, 0, 0, 1, 0, 1, 0]","{""0"": 0, ""1"": 1, ""2"": 1, ""3"": 0, ""4"": 1, ""5"": 1, ""6"": 1, ""7"": 0, ""8"": 1, ""9"": 1, ""10"": 1, ""11"": 0, ""12"": 0, ""13"": 1, ""14"": 0, ""15"": 1, ""16"": 0}",15,"[0.0, 0.0, 0.0, 0.0, 0.0, 0.0, 0.0, 0.0, 0.0, 0.0, 0.0, 0.0, 0.0, 0.0, 0.0]",0.0,0.0,0.0,0.0,0.0,0.0,0.0,0.0,0.0,0.0,0.0,0.0,0.0,0.0,0.0
sp-density-60_5,5,sp-density-60,42,47,43769,3,ring,1,near_exit,9,264.7846143115312,244.78753565624356,0.8,14,17,"[1, 1, 1, 1, 1, 1, 1, 1, 1, 1, 1, 0, 1, 1, 0, 0, 1]","{""0"": 1, ""1"": 1, ""2"": 1, ""3"": 1, ""4"": 1, ""5"": 1, ""6"": 1, ""7"": 1, ""8"": 1, ""9"": 1, ""10"": 1, ""11"": 0, ""12"": 1, ""13"": 1, ""14"": 0, ""15"": 0, ""16"": 1}",15,"[0.0, 0.0, 0.0, 0.0, 0.0, 0.0, 0.0, 0.0, 0.0, 0.0, 0.0, 0.0, 0.0, 0.0, 0.0]",0.0,0.0,0.0,0.0,0.0,0.0,0.0,0.0,0.0,0.0,0.0,0.0,0.0,0.0,0.0
sp-density-60_6,6,sp-density-60,42,48,41201,2,center,2,near_main_road,9,163.21615466848016,459.17511512199417,0.8,13,17,"[1, 1, 1, 1, 0, 1, 1, 1, 0, 0, 1, 1, 1, 1, 0, 1, 1]","{""0"": 1, ""1"": 1, ""2"": 1, ""3"": 1, ""4"": 0, ""5"": 1, ""6"": 1, ""7"": 1, ""8"": 0, ""9"": 0, ""10"": 1, ""11"": 1, ""12"": 1, ""13"": 1, ""14"": 0, ""15"": 1, ""16"": 1}",15,"[0.0, 0.0, 0.0, 0.0, 0.0, 0.0, 0.0, 0.0, 0.0, 0.0, 0.0, 0.0, 0.0, 0.0, 0.0]",0.0,0.0,0.0,0.0,0.0,0.0,0.0,0.0,0.0,0.0,0.0,0.0,0.0,0.0,0.0
sp-density-60_7,7,sp-density-60,42,49,42260,3,ring,3,far_from_exit_and_main_road,15,508.45125552266836,299.69310106290504,0.8,16,17,"[1, 1, 1, 1, 1, 1, 1, 1, 1, 1, 1, 1, 0, 1, 1, 1, 1]","{""0"": 1, ""1"": 1, ""2"": 1, ""3"": 1, ""4"": 1, ""5"": 1, ""6"": 1, ""7"": 1, ""8"": 1, ""9"": 1, ""10"": 1, ""11"": 1, ""12"": 0, ""13"": 1, ""14"": 1, ""15"": 1, ""16"": 1}",15,"[0.0, 0.0, 0.0, 0.0, 0.0, 0.0, 0.0, 0.0, 0.0, 0.0, 0.0, 0.0, 0.0, 0.0, 0.0]",0.0,0.0,0.0,0.0,0.0,0.0,0.0,0.0,0.0,0.0,0.0,0.0,0.0,0.0,0.0
sp-density-60_8,8,sp-density-60,42,50,49892,3,ring,2,near_main_road,29,524.4873527102172,390.7335992306471,0.8,13,17,"[1, 1, 1, 1, 1, 0, 1, 1, 1, 1, 1, 0, 0, 1, 1, 0, 1]","{""0"": 1, ""1"": 1, ""2"": 1, ""3"": 1, ""4"": 1, ""5"": 0, ""6"": 1, ""7"": 1, ""8"": 1, ""9"": 1, ""10"": 1, ""11"": 0, ""12"": 0, ""13"": 1, ""14"": 1, ""15"": 0, ""16"": 1}",15,"[0.0, 0.0, 0.0, 0.0, 0.0, 0.0, 0.0, 0.0, 0.0, 0.0, 0.0, 0.0, 0.0, 0.0, 0.0]",0.0,0.0,0.0,0.0,0.0,0.0,0.0,0.0,0.0,0.0,0.0,0.0,0.0,0.0,0.0
sp-density-60_9,9,sp-density-60,42,51,41866,1,uniform,1,near_exit,4,608.6922935191542,220.83613027445972,0.8,12,17,"[1, 1, 1, 0, 1, 1, 0, 1, 0, 1, 1, 1, 1, 1, 0, 1, 0]","{""0"": 1, ""1"": 1, ""2"": 1, ""3"": 0, ""4"": 1, ""5"": 1, ""6"": 0, ""7"": 1, ""8"": 0, ""9"": 1, ""10"": 1, ""11"": 1, ""12"": 1, ""13"": 1, ""14"": 0, ""15"": 1, ""16"": 0}",15,"[0.0, 0.0, 0.0, 0.0, 0.0, 0.0, 0.0, 0.0, 0.0, 0.0, 0.0, 0.0, 0.0, 0.0, 0.0]",0.0,0.0,0.0,0.0,0.0,0.0,0.0,0.0,0.0,0.0,0.0,0.0,0.0,0.0,0.0
sp-density-60_10,10,sp-density-60,42,52,42790,3,ring,1,near_exit,4,608.6922935191542,220.83613027445972,0.8,13,17,"[0, 1, 1, 1, 0, 1, 0, 1, 0, 1, 1, 1, 1, 1, 1, 1, 1]","{""0"": 0, ""1"": 1, ""2"": 1, ""3"": 1, ""4"": 0, ""5"": 1, ""6"": 0, ""7"": 1, ""8"": 0, ""9"": 1, ""10"": 1, ""11"": 1, ""12"": 1, ""13"": 1, ""14"": 1, ""15"": 1, ""16"": 1}",15,"[0.0, 0.0, 0.0, 0.0, 0.0, 0.0, 0.0, 0.0, 0.0, 0.0, 0.0, 0.0, 0.0, 0.0, 0.0]",0.0,0.0,0.0,0.0,0.0,0.0,0.0,0.0,0.0,0.0,0.0,0.0,0.0,0.0,0.0
sp-risk-60_1,1,sp-risk-60,42,43,42040,2,center,3,far_from_exit_and_main_road,12,385.3971601668745,589.7491829711944,0.8,15,17,"[1, 1, 1, 1, 1, 1, 1, 1, 1, 1, 1, 0, 1, 1, 1, 1, 0]","{""0"": 1, ""1"": 1, ""2"": 1, ""3"": 1, ""4"": 1, ""5"": 1, ""6"": 1, ""7"": 1, ""8"": 1, ""9"": 1, ""10"": 1, ""11"": 0, ""12"": 1, ""13"": 1, ""14"": 1, ""15"": 1, ""16"": 0}",15,"[0.0, 0.0, 0.0, 0.0, 0.0, 0.0, 0.0, 0.0, 0.0, 0.0, 0.0, 0.0, 0.0, 0.0, 0.0]",0.0,0.0,0.0,0.0,0.0,0.0,0.0,0.0,0.0,0.0,0.0,0.0,0.0,0.0,0.0
sp-risk-60_2,2,sp-risk-60,42,44,44632,1,uniform,1,near_exit,12,243.67087543942034,784.8692256333306,0.8,15,17,"[1, 1, 0, 1, 1, 1, 1, 1, 1, 1, 0, 1, 1, 1, 1, 1, 1]","{""0"": 1, ""1"": 1, ""2"": 0, ""3"": 1, ""4"": 1, ""5"": 1, ""6"": 1, ""7"": 1, ""8"": 1, ""9"": 1, ""10"": 0, ""11"": 1, ""12"": 1, ""13"": 1, ""14"": 1, ""15"": 1, ""16"": 1}",15,"[0.0, 0.0, 0.0, 0.0, 0.0, 0.0, 0.0, 0.0, 0.0, 0.0, 0.0, 0.0, 0.0, 0.0, 0.0]",0.0,0.0,0.0,0.0,0.0,0.0,0.0,0.0,0.0,0.0,0.0,0.0,0.0,0.0,0.0
sp-risk-60_3,3,sp-risk-60,42,45,47018,1,uniform,3,far_from_exit_and_main_road,2,231.03263388574123,524.1789293033071,0.8,16,17,"[1, 1, 1, 1, 1, 1, 1, 1, 1, 1, 1, 1, 1, 1, 1, 1, 0]","{""0"": 1, ""1"": 1, ""2"": 1, ""3"": 1, ""4"": 1, ""5"": 1, ""6"": 1, ""7"": 1, ""8"": 1, ""9"": 1, ""10"": 1, ""11"": 1, ""12"": 1, ""13"": 1, ""14"": 1, ""15"": 1, ""16"": 0}",15,"[0.0, 0.0, 0.0, 0.0, 0.0, 0.0, 0.0, 0.0, 0.0, 0.0, 0.0, 0.0, 0.0, 0.0, 0.0]",0.0,0.0,0.0,0.0,0.0,0.0,0.0,0.0,0.0,0.0,0.0,0.0,0.0,0.0,0.0
sp-risk-60_4,4,sp-risk-60,42,46,41522,3,ring,2,near_main_road,20,557.3017781395465,347.6060686665587,0.8,10,17,"[0, 1, 1, 0, 1, 1, 1, 0, 1, 1, 1, 0, 0, 1, 0, 1, 0]","{""0"": 0, ""1"": 1, ""2"": 1, ""3"": 0, ""4"": 1, ""5"": 1, ""6"": 1, ""7"": 0, ""8"": 1, ""9"": 1, ""10"": 1, ""11"": 0, ""12"": 0, ""13"": 1, ""14"": 0, ""15"": 1, ""16"": 0}",15,"[0.0, 0.0, 0.0, 0.0, 0.0, 0.0, 0.0, 0.0, 0.0, 0.0, 0.0, 0.0, 0.0, 0.0, 0.0]",0.0,0.0,0.0,0.0,0.0,0.0,0.0,0.0,0.0,0.0,0.0,0.0,0.0,0.0,0.0
sp-risk-60_5,5,sp-risk-60,42,47,43769,3,ring,1,near_exit,9,264.7846143115312,244.78753565624356,0.8,14,17,"[1, 1, 1, 1, 1, 1, 1, 1, 1, 1, 1, 0, 1, 1, 0, 0, 1]","{""0"": 1, ""1"": 1, ""2"": 1, ""3"": 1, ""4"": 1, ""5"": 1, ""6"": 1, ""7"": 1, ""8"": 1, ""9"": 1, ""10"": 1, ""11"": 0, ""12"": 1, ""13"": 1, ""14"": 0, ""15"": 0, ""16"": 1}",15,"[0.0, 0.0, 0.0, 0.0, 0.0, 0.0, 0.0, 0.0, 0.0, 0.0, 0.0, 0.0, 0.0, 0.0, 0.0]",0.0,0.0,0.0,0.0,0.0,0.0,0.0,0.0,0.0,0.0,0.0,0.0,0.0,0.0,0.0
sp-risk-60_6,6,sp-risk-60,42,48,41201,2,center,2,near_main_road,9,163.21615466848016,459.17511512199417,0.8,13,17,"[1, 1, 1, 1, 0, 1, 1, 1, 0, 0, 1, 1, 1, 1, 0, 1, 1]","{""0"": 1, ""1"": 1, ""2"": 1, ""3"": 1, ""4"": 0, ""5"": 1, ""6"": 1, ""7"": 1, ""8"": 0, ""9"": 0, ""10"": 1, ""11"": 1, ""12"": 1, ""13"": 1, ""14"": 0, ""15"": 1, ""16"": 1}",15,"[0.0, 0.0, 0.0, 0.0, 0.0, 0.0, 0.0, 0.0, 0.0, 0.0, 0.0, 0.0, 0.0, 0.0, 0.0]",0.0,0.0,0.0,0.0,0.0,0.0,0.0,0.0,0.0,0.0,0.0,0.0,0.0,0.0,0.0
sp-risk-60_7,7,sp-risk-60,42,49,42260,3,ring,3,far_from_exit_and_main_road,15,508.45125552266836,299.69310106290504,0.8,16,17,"[1, 1, 1, 1, 1, 1, 1, 1, 1, 1, 1, 1, 0, 1, 1, 1, 1]","{""0"": 1, ""1"": 1, ""2"": 1, ""3"": 1, ""4"": 1, ""5"": 1, ""6"": 1, ""7"": 1, ""8"": 1, ""9"": 1, ""10"": 1, ""11"": 1, ""12"": 0, ""13"": 1, ""14"": 1, ""15"": 1, ""16"": 1}",15,"[0.0, 0.0, 0.0, 0.0, 0.0, 0.0, 0.0, 0.0, 0.0, 0.0, 0.0, 0.0, 0.0, 0.0, 0.0]",0.0,0.0,0.0,0.0,0.0,0.0,0.0,0.0,0.0,0.0,0.0,0.0,0.0,0.0,0.0
sp-risk-60_8,8,sp-risk-60,42,50,49892,3,ring,2,near_main_road,29,524.4873527102172,390.7335992306471,0.8,13,17,"[1, 1, 1, 1, 1, 0, 1, 1, 1, 1, 1, 0, 0, 1, 1, 0, 1]","{""0"": 1, ""1"": 1, ""2"": 1, ""3"": 1, ""4"": 1, ""5"": 0, ""6"": 1, ""7"": 1, ""8"": 1, ""9"": 1, ""10"": 1, ""11"": 0, ""12"": 0, ""13"": 1, ""14"": 1, ""15"": 0, ""16"": 1}",15,"[0.0, 0.0, 0.0, 0.0, 0.0, 0.0, 0.0, 0.0, 0.0, 0.0, 0.0, 0.0, 0.0, 0.0, 0.0]",0.0,0.0,0.0,0.0,0.0,0.0,0.0,0.0,0.0,0.0,0.0,0.0,0.0,0.0,0.0
sp-risk-60_9,9,sp-risk-60,42,51,41866,1,uniform,1,near_exit,4,608.6922935191542,220.83613027445972,0.8,12,17,"[1, 1, 1, 0, 1, 1, 0, 1, 0, 1, 1, 1, 1, 1, 0, 1, 0]","{""0"": 1, ""1"": 1, ""2"": 1, ""3"": 0, ""4"": 1, ""5"": 1, ""6"": 0, ""7"": 1, ""8"": 0, ""9"": 1, ""10"": 1, ""11"": 1, ""12"": 1, ""13"": 1, ""14"": 0, ""15"": 1, ""16"": 0}",15,"[0.0, 0.0, 0.0, 0.0, 0.0, 0.0, 0.0, 0.0, 0.0, 0.0, 0.0, 0.0, 0.0, 0.0, 0.0]",0.0,0.0,0.0,0.0,0.0,0.0,0.0,0.0,0.0,0.0,0.0,0.0,0.0,0.0,0.0
sp-risk-60_10,10,sp-risk-60,42,52,42790,3,ring,1,near_exit,4,608.6922935191542,220.83613027445972,0.8,13,17,"[0, 1, 1, 1, 0, 1, 0, 1, 0, 1, 1, 1, 1, 1, 1, 1, 1]","{""0"": 0, ""1"": 1, ""2"": 1, ""3"": 1, ""4"": 0, ""5"": 1, ""6"": 0, ""7"": 1, ""8"": 0, ""9"": 1, ""10"": 1, ""11"": 1, ""12"": 1, ""13"": 1, ""14"": 1, ""15"": 1, ""16"": 1}",15,"[0.0, 0.0, 0.0, 0.0, 0.0, 0.0, 0.0, 0.0, 0.0, 0.0, 0.0, 0.0, 0.0, 0.0, 0.0]",0.0,0.0,0.0,0.0,0.0,0.0,0.0,0.0,0.0,0.0,0.0,0.0,0.0,0.0,0.0
sp-static_11,11,sp-static,42,53,47223,2,center,2,near_main_road,12,256.0341008771211,356.0440637781285,0.8,13,17,"[1, 0, 1, 1, 0, 1, 1, 1, 0, 1, 1, 0, 1, 1, 1, 1, 1]","{""0"": 1, ""1"": 0, ""2"": 1, ""3"": 1, ""4"": 0, ""5"": 1, ""6"": 1, ""7"": 1, ""8"": 0, ""9"": 1, ""10"": 1, ""11"": 0, ""12"": 1, ""13"": 1, ""14"": 1, ""15"": 1, ""16"": 1}",15,"[0.0, 0.0, 0.0, 0.0, 0.0, 0.0, 0.0, 0.0, 0.0, 0.0, 0.0, 0.0, 0.0, 0.0, 0.0]",0.0,0.0,0.0,0.0,0.0,0.0,0.0,0.0,0.0,0.0,0.0,0.0,0.0,0.0,0.0
sp-static_12,12,sp-static,42,54,48450,1,uniform,1,near_exit,17,616.4927512444556,280.2396158548072,0.8,12,17,"[0, 1, 1, 1, 0, 1, 1, 1, 1, 0, 0, 1, 1, 0, 1, 1, 1]","{""0"": 0, ""1"": 1, ""2"": 1, ""3"": 1, ""4"": 0, ""5"": 1, ""6"": 1, ""7"": 1, ""8"": 1, ""9"": 0, ""10"": 0, ""11"": 1, ""12"": 1, ""13"": 0, ""14"": 1, ""15"": 1, ""16"": 1}",15,"[0.0, 0.0, 0.0, 0.0, 0.0, 0.0, 0.0, 0.0, 0.0, 0.0, 0.0, 0.0, 0.0, 0.0, 0.0]",0.0,0.0,0.0,0.0,0.0,0.0,0.0,0.0,0.0,0.0,0.0,0.0,0.0,0.0,0.0
sp-static_13,13,sp-static,42,55,40664,1,uniform,1,near_exit,4,608.6922935191542,220.83613027445972,0.8,14,17,"[1, 0, 1, 1, 0, 1, 1, 1, 1, 0, 1, 1, 1, 1, 1, 1, 1]","{""0"": 1, ""1"": 0, ""2"": 1, ""3"": 1, ""4"": 0, ""5"": 1, ""6"": 1, ""7"": 1, ""8"": 1, ""9"": 0, ""10"": 1, ""11"": 1, ""12"": 1, ""13"": 1, ""14"": 1, ""15"": 1, ""16"": 1}",15,"[0.0, 0.0, 0.0, 0.0, 0.0, 0.0, 0.0, 0.0, 0.0, 0.0, 0.0, 0.0, 0.0, 0.0, 0.0]",0.0,0.0,0.0,0.0,0.0,0.0,0.0,0.0,0.0,0.0,0.0,0.0,0.0,0.0,0.0
sp-static_14,14,sp-static,42,56,46302,3,ring,1,near_exit,6,559.8894299510866,151.43205790268257,0.8,13,17,"[0, 1, 1, 1, 1, 0, 1, 1, 1, 1, 1, 0, 1, 1, 1, 0, 1]","{""0"": 0, ""1"": 1, ""2"": 1, ""3"": 1, ""4"": 1, ""5"": 0, ""6"": 1, ""7"": 1, ""8"": 1, ""9"": 1, ""10"": 1, ""11"": 0, ""12"": 1, ""13"": 1, ""14"": 1, ""15"": 0, ""16"": 1}",15,"[0.0, 0.0, 0.0, 0.0, 0.0, 0.0, 0.0, 0.0, 0.0, 0.0, 0.0, 0.0, 0.0, 0.0, 0.0]",0.0,0.0,0.0,0.0,0.0,0.0,0.0,0.0,0.0,0.0,0.0,0.0,0.0,0.0,0.0
sp-static_15,15,sp-static,42,57,47958,3,ring,3,far_from_exit_and_main_road,6,433.7398404888809,682.0397544852458,0.8,13,17,"[1, 1, 1, 1, 0, 1, 0, 1, 0, 1, 1, 1, 1, 1, 0, 1, 1]","{""0"": 1, ""1"": 1, ""2"": 1, ""3"": 1, ""4"": 0, ""5"": 1, ""6"": 0, ""7"": 1, ""8"": 0, ""9"": 1, ""10"": 1, ""11"": 1, ""12"": 1, ""13"": 1, ""14"": 0, ""15"": 1, ""16"": 1}",15,"[0.0, 0.0, 0.0, 0.0, 0.0, 0.0, 0.0, 0.0, 0.0, 0.0, 0.0, 0.0, 0.0, 0.0, 0.0]",0.0,0.0,0.0,0.0,0.0,0.0,0.0,0.0,0.0,0.0,0.0,0.0,0.0,0.0,0.0
sp-static_16,16,sp-static,42,58,49069,1,uniform,2,near_main_road,19,343.53923534974456,271.039076001849,0.8,12,17,"[1, 1, 1, 0, 1, 1, 1, 1, 0, 0, 0, 1, 0, 1, 1, 1, 1]","{""0"": 1, ""1"": 1, ""2"": 1, ""3"": 0, ""4"": 1, ""5"": 1, ""6"": 1, ""7"": 1, ""8"": 0, ""9"": 0, ""10"": 0, ""11"": 1, ""12"": 0, ""13"": 1, ""14"": 1, ""15"": 1, ""16"": 1}",15,"[0.0, 0.0, 0.0, 0.0, 0.0, 0.0, 0.0, 0.0, 0.0, 0.0, 0.0, 0.0, 0.0, 0.0, 0.0]",0.0,0.0,0.0,0.0,0.0,0.0,0.0,0.0,0.0,0.0,0.0,0.0,0.0,0.0,0.0
sp-static_17,17,sp-static,42,59,48615,2,center,1,near_exit,4,608.6922935191542,220.83613027445972,0.8,11,17,"[1, 0, 0, 1, 0, 1, 1, 1, 0, 1, 0, 1, 1, 1, 1, 1, 0]","{""0"": 1, ""1"": 0, ""2"": 0, ""3"": 1, ""4"": 0, ""5"": 1, ""6"": 1, ""7"": 1, ""8"": 0, ""9"": 1, ""10"": 0, ""11"": 1, ""12"": 1, ""13"": 1, ""14"": 1, ""15"": 1, ""16"": 0}",15,"[0.0, 0.0, 0.0, 0.0, 0.0, 0.0, 0.0, 0.0, 0.0, 0.0, 0.0, 0.0, 0.0, 0.0, 0.0]",0.0,0.0,0.0,0.0,0.0,0.0,0.0,0.0,0.0,0.0,0.0,0.0,0.0,0.0,0.0
sp-static_18,18,sp-static,42,60,45015,3,ring,1,near_exit,7,500.2859326414764,146.43176450626925,0.8,14,17,"[1, 1, 1, 0, 1, 1, 0, 1, 0, 1, 1, 1, 1, 1, 1, 1, 1]","{""0"": 1, ""1"": 1, ""2"": 1, ""3"": 0, ""4"": 1, ""5"": 1, ""6"": 0, ""7"": 1, ""8"": 0, ""9"": 1, ""10"": 1, ""11"": 1, ""12"": 1, ""13"": 1, ""14"": 1, ""15"": 1, ""16"": 1}",15,"[0.0, 0.0, 0.0, 0.0, 0.0, 0.0, 0.0, 0.0, 0.0, 0.0, 0.0, 0.0, 0.0, 0.0, 0.0]",0.0,0.0,0.0,0.0,0.0,0.0,0.0,0.0,0.0,0.0,0.0,0.0,0.0,0.0,0.0
sp-static_19,19,sp-static,42,61,42362,2,center,3,far_from_exit_and_main_road,11,292.61827874928713,467.67170741967857,0.8,15,17,"[1, 1, 0, 1, 1, 1, 1, 1, 1, 1, 1, 1, 0, 1, 1, 1, 1]","{""0"": 1, ""1"": 1, ""2"": 0, ""3"": 1, ""4"": 1, ""5"": 1, ""6"": 1, ""7"": 1, ""8"": 1, ""9"": 1, ""10"": 1, ""11"": 1, ""12"": 0, ""13"": 1, ""14"": 1, ""15"": 1, ""16"": 1}",15,"[0.0, 0.0, 0.0, 0.0, 0.0, 0.0, 0.0, 0.0, 0.0, 0.0, 0.0, 0.0, 0.0, 0.0, 0.0]",0.0,0.0,0.0,0.0,0.0,0.0,0.0,0.0,0.0,0.0,0.0,0.0,0.0,0.0,0.0
sp-static_20,20,sp-static,42,62,49668,2,center,1,near_exit,8,414.41689417138696,194.738598969765,0.8,12,17,"[0, 1, 0, 1, 1, 0, 1, 1, 1, 0, 0, 1, 1, 1, 1, 1, 1]","{""0"": 0, ""1"": 1, ""2"": 0, ""3"": 1, ""4"": 1, ""5"": 0, ""6"": 1, ""7"": 1, ""8"": 1, ""9"": 0, ""10"": 0, ""11"": 1, ""12"": 1, ""13"": 1, ""14"": 1, ""15"": 1, ""16"": 1}",15,"[0.0, 0.0, 0.0, 0.0, 0.0, 0.0, 0.0, 0.0, 0.0, 0.0, 0.0, 0.0, 0.0, 0.0, 0.0]",0.0,0.0,0.0,0.0,0.0,0.0,0.0,0.0,0.0,0.0,0.0,0.0,0.0,0.0,0.0
sp-density-60_11,11,sp-density-60,42,53,47223,2,center,2,near_main_road,12,256.0341008771211,356.0440637781285,0.8,13,17,"[1, 0, 1, 1, 0, 1, 1, 1, 0, 1, 1, 0, 1, 1, 1, 1, 1]","{""0"": 1, ""1"": 0, ""2"": 1, ""3"": 1, ""4"": 0, ""5"": 1, ""6"": 1, ""7"": 1, ""8"": 0, ""9"": 1, ""10"": 1, ""11"": 0, ""12"": 1, ""13"": 1, ""14"": 1, ""15"": 1, ""16"": 1}",15,"[0.0, 0.0, 0.0, 0.0, 0.0, 0.0, 0.0, 0.0, 0.0, 0.0, 0.0, 0.0, 0.0, 0.0, 0.0]",0.0,0.0,0.0,0.0,0.0,0.0,0.0,0.0,0.0,0.0,0.0,0.0,0.0,0.0,0.0
sp-density-60_12,12,sp-density-60,42,54,48450,1,uniform,1,near_exit,17,616.4927512444556,280.2396158548072,0.8,12,17,"[0, 1, 1, 1, 0, 1, 1, 1, 1, 0, 0, 1, 1, 0, 1, 1, 1]","{""0"": 0, ""1"": 1, ""2"": 1, ""3"": 1, ""4"": 0, ""5"": 1, ""6"": 1, ""7"": 1, ""8"": 1, ""9"": 0, ""10"": 0, ""11"": 1, ""12"": 1, ""13"": 0, ""14"": 1, ""15"": 1, ""16"": 1}",15,"[0.0, 0.0, 0.0, 0.0, 0.0, 0.0, 0.0, 0.0, 0.0, 0.0, 0.0, 0.0, 0.0, 0.0, 0.0]",0.0,0.0,0.0,0.0,0.0,0.0,0.0,0.0,0.0,0.0,0.0,0.0,0.0,0.0,0.0
sp-density-60_13,13,sp-density-60,42,55,40664,1,uniform,1,near_exit,4,608.6922935191542,220.83613027445972,0.8,14,17,"[1, 0, 1, 1, 0, 1, 1, 1, 1, 0, 1, 1, 1, 1, 1, 1, 1]","{""0"": 1, ""1"": 0, ""2"": 1, ""3"": 1, ""4"": 0, ""5"": 1, ""6"": 1, ""7"": 1, ""8"": 1, ""9"": 0, ""10"": 1, ""11"": 1, ""12"": 1, ""13"": 1, ""14"": 1, ""15"": 1, ""16"": 1}",15,"[0.0, 0.0, 0.0, 0.0, 0.0, 0.0, 0.0, 0.0, 0.0, 0.0, 0.0, 0.0, 0.0, 0.0, 0.0]",0.0,0.0,0.0,0.0,0.0,0.0,0.0,0.0,0.0,0.0,0.0,0.0,0.0,0.0,0.0
sp-density-60_14,14,sp-density-60,42,56,46302,3,ring,1,near_exit,6,559.8894299510866,151.43205790268257,0.8,13,17,"[0, 1, 1, 1, 1, 0, 1, 1, 1, 1, 1, 0, 1, 1, 1, 0, 1]","{""0"": 0, ""1"": 1, ""2"": 1, ""3"": 1, ""4"": 1, ""5"": 0, ""6"": 1, ""7"": 1, ""8"": 1, ""9"": 1, ""10"": 1, ""11"": 0, ""12"": 1, ""13"": 1, ""14"": 1, ""15"": 0, ""16"": 1}",15,"[0.0, 0.0, 0.0, 0.0, 0.0, 0.0, 0.0, 0.0, 0.0, 0.0, 0.0, 0.0, 0.0, 0.0, 0.0]",0.0,0.0,0.0,0.0,0.0,0.0,0.0,0.0,0.0,0.0,0.0,0.0,0.0,0.0,0.0
sp-density-60_15,15,sp-density-60,42,57,47958,3,ring,3,far_from_exit_and_main_road,6,433.7398404888809,682.0397544852458,0.8,13,17,"[1, 1, 1, 1, 0, 1, 0, 1, 0, 1, 1, 1, 1, 1, 0, 1, 1]","{""0"": 1, ""1"": 1, ""2"": 1, ""3"": 1, ""4"": 0, ""5"": 1, ""6"": 0, ""7"": 1, ""8"": 0, ""9"": 1, ""10"": 1, ""11"": 1, ""12"": 1, ""13"": 1, ""14"": 0, ""15"": 1, ""16"": 1}",15,"[0.0, 0.0, 0.0, 0.0, 0.0, 0.0, 0.0, 0.0, 0.0, 0.0, 0.0, 0.0, 0.0, 0.0, 0.0]",0.0,0.0,0.0,0.0,0.0,0.0,0.0,0.0,0.0,0.0,0.0,0.0,0.0,0.0,0.0
sp-density-60_16,16,sp-density-60,42,58,49069,1,uniform,2,near_main_road,19,343.53923534974456,271.039076001849,0.8,12,17,"[1, 1, 1, 0, 1, 1, 1, 1, 0, 0, 0, 1, 0, 1, 1, 1, 1]","{""0"": 1, ""1"": 1, ""2"": 1, ""3"": 0, ""4"": 1, ""5"": 1, ""6"": 1, ""7"": 1, ""8"": 0, ""9"": 0, ""10"": 0, ""11"": 1, ""12"": 0, ""13"": 1, ""14"": 1, ""15"": 1, ""16"": 1}",15,"[0.0, 0.0, 0.0, 0.0, 0.0, 0.0, 0.0, 0.0, 0.0, 0.0, 0.0, 0.0, 0.0, 0.0, 0.0]",0.0,0.0,0.0,0.0,0.0,0.0,0.0,0.0,0.0,0.0,0.0,0.0,0.0,0.0,0.0
sp-density-60_17,17,sp-density-60,42,59,48615,2,center,1,near_exit,4,608.6922935191542,220.83613027445972,0.8,11,17,"[1, 0, 0, 1, 0, 1, 1, 1, 0, 1, 0, 1, 1, 1, 1, 1, 0]","{""0"": 1, ""1"": 0, ""2"": 0, ""3"": 1, ""4"": 0, ""5"": 1, ""6"": 1, ""7"": 1, ""8"": 0, ""9"": 1, ""10"": 0, ""11"": 1, ""12"": 1, ""13"": 1, ""14"": 1, ""15"": 1, ""16"": 0}",15,"[0.0, 0.0, 0.0, 0.0, 0.0, 0.0, 0.0, 0.0, 0.0, 0.0, 0.0, 0.0, 0.0, 0.0, 0.0]",0.0,0.0,0.0,0.0,0.0,0.0,0.0,0.0,0.0,0.0,0.0,0.0,0.0,0.0,0.0
sp-density-60_18,18,sp-density-60,42,60,45015,3,ring,1,near_exit,7,500.2859326414764,146.43176450626925,0.8,14,17,"[1, 1, 1, 0, 1, 1, 0, 1, 0, 1, 1, 1, 1, 1, 1, 1, 1]","{""0"": 1, ""1"": 1, ""2"": 1, ""3"": 0, ""4"": 1, ""5"": 1, ""6"": 0, ""7"": 1, ""8"": 0, ""9"": 1, ""10"": 1, ""11"": 1, ""12"": 1, ""13"": 1, ""14"": 1, ""15"": 1, ""16"": 1}",15,"[0.0, 0.0, 0.0, 0.0, 0.0, 0.0, 0.0, 0.0, 0.0, 0.0, 0.0, 0.0, 0.0, 0.0, 0.0]",0.0,0.0,0.0,0.0,0.0,0.0,0.0,0.0,0.0,0.0,0.0,0.0,0.0,0.0,0.0
sp-density-60_19,19,sp-density-60,42,61,42362,2,center,3,far_from_exit_and_main_road,11,292.61827874928713,467.67170741967857,0.8,15,17,"[1, 1, 0, 1, 1, 1, 1, 1, 1, 1, 1, 1, 0, 1, 1, 1, 1]","{""0"": 1, ""1"": 1, ""2"": 0, ""3"": 1, ""4"": 1, ""5"": 1, ""6"": 1, ""7"": 1, ""8"": 1, ""9"": 1, ""10"": 1, ""11"": 1, ""12"": 0, ""13"": 1, ""14"": 1, ""15"": 1, ""16"": 1}",15,"[0.0, 0.0, 0.0, 0.0, 0.0, 0.0, 0.0, 0.0, 0.0, 0.0, 0.0, 0.0, 0.0, 0.0, 0.0]",0.0,0.0,0.0,0.0,0.0,0.0,0.0,0.0,0.0,0.0,0.0,0.0,0.0,0.0,0.0
sp-density-60_20,20,sp-density-60,42,62,49668,2,center,1,near_exit,8,414.41689417138696,194.738598969765,0.8,12,17,"[0, 1, 0, 1, 1, 0, 1, 1, 1, 0, 0, 1, 1, 1, 1, 1, 1]","{""0"": 0, ""1"": 1, ""2"": 0, ""3"": 1, ""4"": 1, ""5"": 0, ""6"": 1, ""7"": 1, ""8"": 1, ""9"": 0, ""10"": 0, ""11"": 1, ""12"": 1, ""13"": 1, ""14"": 1, ""15"": 1, ""16"": 1}",15,"[0.0, 0.0, 0.0, 0.0, 0.0, 0.0, 0.0, 0.0, 0.0, 0.0, 0.0, 0.0, 0.0, 0.0, 0.0]",0.0,0.0,0.0,0.0,0.0,0.0,0.0,0.0,0.0,0.0,0.0,0.0,0.0,0.0,0.0
sp-risk-60_11,11,sp-risk-60,42,53,47223,2,center,2,near_main_road,12,256.0341008771211,356.0440637781285,0.8,13,17,"[1, 0, 1, 1, 0, 1, 1, 1, 0, 1, 1, 0, 1, 1, 1, 1, 1]","{""0"": 1, ""1"": 0, ""2"": 1, ""3"": 1, ""4"": 0, ""5"": 1, ""6"": 1, ""7"": 1, ""8"": 0, ""9"": 1, ""10"": 1, ""11"": 0, ""12"": 1, ""13"": 1, ""14"": 1, ""15"": 1, ""16"": 1}",15,"[0.0, 0.0, 0.0, 0.0, 0.0, 0.0, 0.0, 0.0, 0.0, 0.0, 0.0, 0.0, 0.0, 0.0, 0.0]",0.0,0.0,0.0,0.0,0.0,0.0,0.0,0.0,0.0,0.0,0.0,0.0,0.0,0.0,0.0
sp-risk-60_12,12,sp-risk-60,42,54,48450,1,uniform,1,near_exit,17,616.4927512444556,280.2396158548072,0.8,12,17,"[0, 1, 1, 1, 0, 1, 1, 1, 1, 0, 0, 1, 1, 0, 1, 1, 1]","{""0"": 0, ""1"": 1, ""2"": 1, ""3"": 1, ""4"": 0, ""5"": 1, ""6"": 1, ""7"": 1, ""8"": 1, ""9"": 0, ""10"": 0, ""11"": 1, ""12"": 1, ""13"": 0, ""14"": 1, ""15"": 1, ""16"": 1}",15,"[0.0, 0.0, 0.0, 0.0, 0.0, 0.0, 0.0, 0.0, 0.0, 0.0, 0.0, 0.0, 0.0, 0.0, 0.0]",0.0,0.0,0.0,0.0,0.0,0.0,0.0,0.0,0.0,0.0,0.0,0.0,0.0,0.0,0.0
sp-risk-60_13,13,sp-risk-60,42,55,40664,1,uniform,1,near_exit,4,608.6922935191542,220.83613027445972,0.8,14,17,"[1, 0, 1, 1, 0, 1, 1, 1, 1, 0, 1, 1, 1, 1, 1, 1, 1]","{""0"": 1, ""1"": 0, ""2"": 1, ""3"": 1, ""4"": 0, ""5"": 1, ""6"": 1, ""7"": 1, ""8"": 1, ""9"": 0, ""10"": 1, ""11"": 1, ""12"": 1, ""13"": 1, ""14"": 1, ""15"": 1, ""16"": 1}",15,"[0.0, 0.0, 0.0, 0.0, 0.0, 0.0, 0.0, 0.0, 0.0, 0.0, 0.0, 0.0, 0.0, 0.0, 0.0]",0.0,0.0,0.0,0.0,0.0,0.0,0.0,0.0,0.0,0.0,0.0,0.0,0.0,0.0,0.0
sp-risk-60_14,14,sp-risk-60,42,56,46302,3,ring,1,near_exit,6,559.8894299510866,151.43205790268257,0.8,13,17,"[0, 1, 1, 1, 1, 0, 1, 1, 1, 1, 1, 0, 1, 1, 1, 0, 1]","{""0"": 0, ""1"": 1, ""2"": 1, ""3"": 1, ""4"": 1, ""5"": 0, ""6"": 1, ""7"": 1, ""8"": 1, ""9"": 1, ""10"": 1, ""11"": 0, ""12"": 1, ""13"": 1, ""14"": 1, ""15"": 0, ""16"": 1}",15,"[0.0, 0.0, 0.0, 0.0, 0.0, 0.0, 0.0, 0.0, 0.0, 0.0, 0.0, 0.0, 0.0, 0.0, 0.0]",0.0,0.0,0.0,0.0,0.0,0.0,0.0,0.0,0.0,0.0,0.0,0.0,0.0,0.0,0.0
sp-risk-60_15,15,sp-risk-60,42,57,47958,3,ring,3,far_from_exit_and_main_road,6,433.7398404888809,682.0397544852458,0.8,13,17,"[1, 1, 1, 1, 0, 1, 0, 1, 0, 1, 1, 1, 1, 1, 0, 1, 1]","{""0"": 1, ""1"": 1, ""2"": 1, ""3"": 1, ""4"": 0, ""5"": 1, ""6"": 0, ""7"": 1, ""8"": 0, ""9"": 1, ""10"": 1, ""11"": 1, ""12"": 1, ""13"": 1, ""14"": 0, ""15"": 1, ""16"": 1}",15,"[0.0, 0.0, 0.0, 0.0, 0.0, 0.0, 0.0, 0.0, 0.0, 0.0, 0.0, 0.0, 0.0, 0.0, 0.0]",0.0,0.0,0.0,0.0,0.0,0.0,0.0,0.0,0.0,0.0,0.0,0.0,0.0,0.0,0.0
sp-risk-60_16,16,sp-risk-60,42,58,49069,1,uniform,2,near_main_road,19,343.53923534974456,271.039076001849,0.8,12,17,"[1, 1, 1, 0, 1, 1, 1, 1, 0, 0, 0, 1, 0, 1, 1, 1, 1]","{""0"": 1, ""1"": 1, ""2"": 1, ""3"": 0, ""4"": 1, ""5"": 1, ""6"": 1, ""7"": 1, ""8"": 0, ""9"": 0, ""10"": 0, ""11"": 1, ""12"": 0, ""13"": 1, ""14"": 1, ""15"": 1, ""16"": 1}",15,"[0.0, 0.0, 0.0, 0.0, 0.0, 0.0, 0.0, 0.0, 0.0, 0.0, 0.0, 0.0, 0.0, 0.0, 0.0]",0.0,0.0,0.0,0.0,0.0,0.0,0.0,0.0,0.0,0.0,0.0,0.0,0.0,0.0,0.0
sp-risk-60_17,17,sp-risk-60,42,59,48615,2,center,1,near_exit,4,608.6922935191542,220.83613027445972,0.8,11,17,"[1, 0, 0, 1, 0, 1, 1, 1, 0, 1, 0, 1, 1, 1, 1, 1, 0]","{""0"": 1, ""1"": 0, ""2"": 0, ""3"": 1, ""4"": 0, ""5"": 1, ""6"": 1, ""7"": 1, ""8"": 0, ""9"": 1, ""10"": 0, ""11"": 1, ""12"": 1, ""13"": 1, ""14"": 1, ""15"": 1, ""16"": 0}",15,"[0.0, 0.0, 0.0, 0.0, 0.0, 0.0, 0.0, 0.0, 0.0, 0.0, 0.0, 0.0, 0.0, 0.0, 0.0]",0.0,0.0,0.0,0.0,0.0,0.0,0.0,0.0,0.0,0.0,0.0,0.0,0.0,0.0,0.0
sp-risk-60_18,18,sp-risk-60,42,60,45015,3,ring,1,near_exit,7,500.2859326414764,146.43176450626925,0.8,14,17,"[1, 1, 1, 0, 1, 1, 0, 1, 0, 1, 1, 1, 1, 1, 1, 1, 1]","{""0"": 1, ""1"": 1, ""2"": 1, ""3"": 0, ""4"": 1, ""5"": 1, ""6"": 0, ""7"": 1, ""8"": 0, ""9"": 1, ""10"": 1, ""11"": 1, ""12"": 1, ""13"": 1, ""14"": 1, ""15"": 1, ""16"": 1}",15,"[0.0, 0.0, 0.0, 0.0, 0.0, 0.0, 0.0, 0.0, 0.0, 0.0, 0.0, 0.0, 0.0, 0.0, 0.0]",0.0,0.0,0.0,0.0,0.0,0.0,0.0,0.0,0.0,0.0,0.0,0.0,0.0,0.0,0.0
sp-risk-60_19,19,sp-risk-60,42,61,42362,2,center,3,far_from_exit_and_main_road,11,292.61827874928713,467.67170741967857,0.8,15,17,"[1, 1, 0, 1, 1, 1, 1, 1, 1, 1, 1, 1, 0, 1, 1, 1, 1]","{""0"": 1, ""1"": 1, ""2"": 0, ""3"": 1, ""4"": 1, ""5"": 1, ""6"": 1, ""7"": 1, ""8"": 1, ""9"": 1, ""10"": 1, ""11"": 1, ""12"": 0, ""13"": 1, ""14"": 1, ""15"": 1, ""16"": 1}",15,"[0.0, 0.0, 0.0, 0.0, 0.0, 0.0, 0.0, 0.0, 0.0, 0.0, 0.0, 0.0, 0.0, 0.0, 0.0]",0.0,0.0,0.0,0.0,0.0,0.0,0.0,0.0,0.0,0.0,0.0,0.0,0.0,0.0,0.0
sp-risk-60_20,20,sp-risk-60,42,62,49668,2,center,1,near_exit,8,414.41689417138696,194.738598969765,0.8,12,17,"[0, 1, 0, 1, 1, 0, 1, 1, 1, 0, 0, 1, 1, 1, 1, 1, 1]","{""0"": 0, ""1"": 1, ""2"": 0, ""3"": 1, ""4"": 1, ""5"": 0, ""6"": 1, ""7"": 1, ""8"": 1, ""9"": 0, ""10"": 0, ""11"": 1, ""12"": 1, ""13"": 1, ""14"": 1, ""15"": 1, ""16"": 1}",15,"[0.0, 0.0, 0.0, 0.0, 0.0, 0.0, 0.0, 0.0, 0.0, 0.0, 0.0, 0.0, 0.0, 0.0, 0.0]",0.0,0.0,0.0,0.0,0.0,0.0,0.0,0.0,0.0,0.0,0.0,0.0,0.0,0.0,0.0
sp-static_21,21,sp-static,42,63,40494,1,uniform,1,near_exit,5,607.692234840244,160.23257428733632,0.8,13,17,"[1, 1, 0, 1, 1, 1, 1, 1, 1, 1, 0, 1, 1, 0, 0, 1, 1]","{""0"": 1, ""1"": 1, ""2"": 0, ""3"": 1, ""4"": 1, ""5"": 1, ""6"": 1, ""7"": 1, ""8"": 1, ""9"": 1, ""10"": 0, ""11"": 1, ""12"": 1, ""13"": 0, ""14"": 0, ""15"": 1, ""16"": 1}",15,"[0.0, 0.0, 0.0, 0.0, 0.0, 0.0, 0.0, 0.0, 0.0, 0.0, 0.0, 0.0, 0.0, 0.0, 0.0]",0.0,0.0,0.0,0.0,0.0,0.0,0.0,0.0,0.0,0.0,0.0,0.0,0.0,0.0,0.0
sp-static_22,22,sp-static,42,64,40087,3,ring,1,near_exit,2,589.7871842365712,616.2673327014782,0.8,11,17,"[1, 1, 1, 0, 1, 0, 1, 0, 0, 1, 0, 1, 1, 0, 1, 1, 1]","{""0"": 1, ""1"": 1, ""2"": 1, ""3"": 0, ""4"": 1, ""5"": 0, ""6"": 1, ""7"": 0, ""8"": 0, ""9"": 1, ""10"": 0, ""11"": 1, ""12"": 1, ""13"": 0, ""14"": 1, ""15"": 1, ""16"": 1}",15,"[0.0, 0.0, 0.0, 0.0, 0.0, 0.0, 0.0, 0.0, 0.0, 0.0, 0.0, 0.0, 0.0, 0.0, 0.0]",0.0,0.0,0.0,0.0,0.0,0.0,0.0,0.0,0.0,0.0,0.0,0.0,0.0,0.0,0.0
sp-static_23,23,sp-static,42,65,42216,3,ring,3,far_from_exit_and_main_road,4,199.35108743049204,695.2241218448617,0.8,15,17,"[1, 1, 0, 1, 1, 1, 1, 1, 0, 1, 1, 1, 1, 1, 1, 1, 1]","{""0"": 1, ""1"": 1, ""2"": 0, ""3"": 1, ""4"": 1, ""5"": 1, ""6"": 1, ""7"": 1, ""8"": 0, ""9"": 1, ""10"": 1, ""11"": 1, ""12"": 1, ""13"": 1, ""14"": 1, ""15"": 1, ""16"": 1}",15,"[0.0, 0.0, 0.0, 0.0, 0.0, 0.0, 0.0, 0.0, 0.0, 0.0, 0.0, 0.0, 0.0, 0.0, 0.0]",0.0,0.0,0.0,0.0,0.0,0.0,0.0,0.0,0.0,0.0,0.0,0.0,0.0,0.0,0.0
sp-static_24,24,sp-static,42,66,47502,3,ring,2,near_main_road,17,422.2938563786447,241.9748706240207,0.8,15,17,"[1, 1, 1, 1, 1, 0, 1, 1, 0, 1, 1, 1, 1, 1, 1, 1, 1]","{""0"": 1, ""1"": 1, ""2"": 1, ""3"": 1, ""4"": 1, ""5"": 0, ""6"": 1, ""7"": 1, ""8"": 0, ""9"": 1, ""10"": 1, ""11"": 1, ""12"": 1, ""13"": 1, ""14"": 1, ""15"": 1, ""16"": 1}",15,"[0.0, 0.0, 0.0, 0.0, 0.0, 0.0, 0.0, 0.0, 0.0, 0.0, 0.0, 0.0, 0.0, 0.0, 0.0]",0.0,0.0,0.0,0.0,0.0,0.0,0.0,0.0,0.0,0.0,0.0,0.0,0.0,0.0,0.0
sp-static_25,25,sp-static,42,67,49688,1,uniform,1,near_exit,10,117.86349353380501,401.6467395685613,0.8,14,17,"[1, 1, 0, 1, 0, 1, 1, 0, 1, 1, 1, 1, 1, 1, 1, 1, 1]","{""0"": 1, ""1"": 1, ""2"": 0, ""3"": 1, ""4"": 0, ""5"": 1, ""6"": 1, ""7"": 0, ""8"": 1, ""9"": 1, ""10"": 1, ""11"": 1, ""12"": 1, ""13"": 1, ""14"": 1, ""15"": 1, ""16"": 1}",15,"[0.0, 0.0, 0.0, 0.0, 0.0, 0.0, 0.0, 0.0, 0.0, 0.0, 0.0, 0.0, 0.0, 0.0, 0.0]",0.0,0.0,0.0,0.0,0.0,0.0,0.0,0.0,0.0,0.0,0.0,0.0,0.0,0.0,0.0
sp-static_26,26,sp-static,42,68,41737,3,ring,2,near_main_road,16,428.54422312788665,287.6025478853844,0.8,13,17,"[1, 0, 1, 0, 1, 1, 1, 1, 0, 1, 0, 1, 1, 1, 1, 1, 1]","{""0"": 1, ""1"": 0, ""2"": 1, ""3"": 0, ""4"": 1, ""5"": 1, ""6"": 1, ""7"": 1, ""8"": 0, ""9"": 1, ""10"": 0, ""11"": 1, ""12"": 1, ""13"": 1, ""14"": 1, ""15"": 1, ""16"": 1}",15,"[0.0, 0.0, 0.0, 0.0, 0.0, 0.0, 0.0, 0.0, 0.0, 0.0, 0.0, 0.0, 0.0, 0.0, 0.0]",0.0,0.0,0.0,0.0,0.0,0.0,0.0,0.0,0.0,0.0,0.0,0.0,0.0,0.0,0.0
sp-static_27,27,sp-static,42,69,46788,2,center,2,near_main_road,24,478.2346387747675,477.30117869144306,0.8,13,17,"[1, 1, 1, 1, 1, 0, 1, 0, 1, 0, 1, 0, 1, 1, 1, 1, 1]","{""0"": 1, ""1"": 1, ""2"": 1, ""3"": 1, ""4"": 1, ""5"": 0, ""6"": 1, ""7"": 0, ""8"": 1, ""9"": 0, ""10"": 1, ""11"": 0, ""12"": 1, ""13"": 1, ""14"": 1, ""15"": 1, ""16"": 1}",15,"[0.0, 0.0, 0.0, 0.0, 0.0, 0.0, 0.0, 0.0, 0.0, 0.0, 0.0, 0.0, 0.0, 0.0, 0.0]",0.0,0.0,0.0,0.0,0.0,0.0,0.0,0.0,0.0,0.0,0.0,0.0,0.0,0.0,0.0
sp-static_28,28,sp-static,42,70,41578,2,center,2,near_main_road,24,478.2346387747675,477.30117869144306,0.8,15,17,"[0, 1, 1, 1, 0, 1, 1, 1, 1, 1, 1, 1, 1, 1, 1, 1, 1]","{""0"": 0, ""1"": 1, ""2"": 1, ""3"": 1, ""4"": 0, ""5"": 1, ""6"": 1, ""7"": 1, ""8"": 1, ""9"": 1, ""10"": 1, ""11"": 1, ""12"": 1, ""13"": 1, ""14"": 1, ""15"": 1, ""16"": 1}",15,"[0.0, 0.0, 0.0, 0.0, 0.0, 0.0, 0.0, 0.0, 0.0, 0.0, 0.0, 0.0, 0.0, 0.0, 0.0]",0.0,0.0,0.0,0.0,0.0,0.0,0.0,0.0,0.0,0.0,0.0,0.0,0.0,0.0,0.0
sp-static_29,29,sp-static,42,71,45696,1,uniform,1,near_exit,16,614.6926456168294,335.2428432404995,0.8,13,17,"[1, 1, 1, 0, 0, 0, 1, 1, 1, 1, 1, 1, 1, 0, 1, 1, 1]","{""0"": 1, ""1"": 1, ""2"": 1, ""3"": 0, ""4"": 0, ""5"": 0, ""6"": 1, ""7"": 1, ""8"": 1, ""9"": 1, ""10"": 1, ""11"": 1, ""12"": 1, ""13"": 0, ""14"": 1, ""15"": 1, ""16"": 1}",15,"[0.0, 0.0, 0.0, 0.0, 0.0, 0.0, 0.0, 0.0, 0.0, 0.0, 0.0, 0.0, 0.0, 0.0, 0.0]",0.0,0.0,0.0,0.0,0.0,0.0,0.0,0.0,0.0,0.0,0.0,0.0,0.0,0.0,0.0
sp-static_30,30,sp-static,42,72,47323,2,center,2,near_main_road,13,293.223783031106,377.92034739675,0.8,14,17,"[1, 1, 0, 1, 1, 1, 1, 1, 1, 0, 1, 1, 1, 1, 1, 1, 0]","{""0"": 1, ""1"": 1, ""2"": 0, ""3"": 1, ""4"": 1, ""5"": 1, ""6"": 1, ""7"": 1, ""8"": 1, ""9"": 0, ""10"": 1, ""11"": 1, ""12"": 1, ""13"": 1, ""14"": 1, ""15"": 1, ""16"": 0}",15,"[0.0, 0.0, 0.0, 0.0, 0.0, 0.0, 0.0, 0.0, 0.0, 0.0, 0.0, 0.0, 0.0, 0.0, 0.0]",0.0,0.0,0.0,0.0,0.0,0.0,0.0,0.0,0.0,0.0,0.0,0.0,0.0,0.0,0.0
sp-static_31,31,sp-static,42,73,44342,1,uniform,2,near_main_road,23,551.488937066868,551.8555532651953,0.8,16,17,"[1, 1, 1, 1, 1, 1, 1, 1, 1, 1, 1, 1, 1, 1, 1, 1, 0]","{""0"": 1, ""1"": 1, ""2"": 1, ""3"": 1, ""4"": 1, ""5"": 1, ""6"": 1, ""7"": 1, ""8"": 1, ""9"": 1, ""10"": 1, ""11"": 1, ""12"": 1, ""13"": 1, ""14"": 1, ""15"": 1, ""16"": 0}",15,"[0.0, 0.0, 0.0, 0.0, 0.0, 0.0, 0.0, 0.0, 0.0, 0.0, 0.0, 0.0, 0.0, 0.0, 0.0]",0.0,0.0,0.0,0.0,0.0,0.0,0.0,0.0,0.0,0.0,0.0,0.0,0.0,0.0,0.0
sp-static_32,32,sp-static,42,74,43741,3,ring,3,far_from_exit_and_main_road,13,398.093217626214,500.3884708681144,0.8,13,17,"[0, 1, 1, 1, 1, 0, 0, 1, 1, 1, 0, 1, 1, 1, 1, 1, 1]","{""0"": 0, ""1"": 1, ""2"": 1, ""3"": 1, ""4"": 1, ""5"": 0, ""6"": 0, ""7"": 1, ""8"": 1, ""9"": 1, ""10"": 0, ""11"": 1, ""12"": 1, ""13"": 1, ""14"": 1, ""15"": 1, ""16"": 1}",15,"[0.0, 0.0, 0.0, 0.0, 0.0, 0.0, 0.0, 0.0, 0.0, 0.0, 0.0, 0.0, 0.0, 0.0, 0.0]",0.0,0.0,0.0,0.0,0.0,0.0,0.0,0.0,0.0,0.0,0.0,0.0,0.0,0.0,0.0
sp-static_33,33,sp-static,42,75,45696,3,ring,2,near_main_road,2,267.4722720272839,634.0603767363355,0.8,14,17,"[1, 1, 1, 1, 1, 1, 1, 1, 0, 1, 1, 0, 1, 1, 1, 1, 0]","{""0"": 1, ""1"": 1, ""2"": 1, ""3"": 1, ""4"": 1, ""5"": 1, ""6"": 1, ""7"": 1, ""8"": 0, ""9"": 1, ""10"": 1, ""11"": 0, ""12"": 1, ""13"": 1, ""14"": 1, ""15"": 1, ""16"": 0}",15,"[0.0, 0.0, 0.0, 0.0, 0.0, 0.0, 0.0, 0.0, 0.0, 0.0, 0.0, 0.0, 0.0, 0.0, 0.0]",0.0,0.0,0.0,0.0,0.0,0.0,0.0,0.0,0.0,0.0,0.0,0.0,0.0,0.0,0.0
sp-static_34,34,sp-static,42,76,46299,1,uniform,2,near_main_road,5,510.4240275286138,654.1865576659329,0.8,14,17,"[1, 0, 1, 1, 1, 1, 1, 0, 1, 1, 0, 1, 1, 1, 1, 1, 1]","{""0"": 1, ""1"": 0, ""2"": 1, ""3"": 1, ""4"": 1, ""5"": 1, ""6"": 1, ""7"": 0, ""8"": 1, ""9"": 1, ""10"": 0, ""11"": 1, ""12"": 1, ""13"": 1, ""14"": 1, ""15"": 1, ""16"": 1}",15,"[0.0, 0.0, 0.0, 0.0, 0.0, 0.0, 0.0, 0.0, 0.0, 0.0, 0.0, 0.0, 0.0, 0.0, 0.0]",0.0,0.0,0.0,0.0,0.0,0.0,0.0,0.0,0.0,0.0,0.0,0.0,0.0,0.0,0.0
sp-static_35,35,sp-static,42,77,46366,2,center,3,far_from_exit_and_main_road,2,231.03263388574123,524.1789293033071,0.8,13,17,"[1, 1, 1, 0, 1, 1, 1, 1, 1, 1, 1, 0, 1, 0, 1, 0, 1]","{""0"": 1, ""1"": 1, ""2"": 1, ""3"": 0, ""4"": 1, ""5"": 1, ""6"": 1, ""7"": 1, ""8"": 1, ""9"": 1, ""10"": 1, ""11"": 0, ""12"": 1, ""13"": 0, ""14"": 1, ""15"": 0, ""16"": 1}",15,"[0.0, 0.0, 0.0, 0.0, 0.0, 0.0, 0.0, 0.0, 0.0, 0.0, 0.0, 0.0, 0.0, 0.0, 0.0]",0.0,0.0,0.0,0.0,0.0,0.0,0.0,0.0,0.0,0.0,0.0,0.0,0.0,0.0,0.0
sp-static_36,36,sp-static,42,78,46953,1,uniform,1,near_exit,5,607.692234840244,160.23257428733632,0.8,14,17,"[0, 1, 0, 1, 1, 1, 1, 1, 1, 1, 1, 1, 1, 1, 0, 1, 1]","{""0"": 0, ""1"": 1, ""2"": 0, ""3"": 1, ""4"": 1, ""5"": 1, ""6"": 1, ""7"": 1, ""8"": 1, ""9"": 1, ""10"": 1, ""11"": 1, ""12"": 1, ""13"": 1, ""14"": 0, ""15"": 1, ""16"": 1}",15,"[0.0, 0.0, 0.0, 0.0, 0.0, 0.0, 0.0, 0.0, 0.0, 0.0, 0.0, 0.0, 0.0, 0.0, 0.0]",0.0,0.0,0.0,0.0,0.0,0.0,0.0,0.0,0.0,0.0,0.0,0.0,0.0,0.0,0.0
sp-static_37,37,sp-static,42,79,47963,2,center,3,far_from_exit_and_main_road,16,481.59421090222895,213.75055827572942,0.8,14,17,"[1, 1, 1, 1, 1, 1, 1, 1, 0, 1, 1, 1, 0, 1, 0, 1, 1]","{""0"": 1, ""1"": 1, ""2"": 1, ""3"": 1, ""4"": 1, ""5"": 1, ""6"": 1, ""7"": 1, ""8"": 0, ""9"": 1, ""10"": 1, ""11"": 1, ""12"": 0, ""13"": 1, ""14"": 0, ""15"": 1, ""16"": 1}",15,"[0.0, 0.0, 0.0, 0.0, 0.0, 0.0, 0.0, 0.0, 0.0, 0.0, 0.0, 0.0, 0.0, 0.0, 0.0]",0.0,0.0,0.0,0.0,0.0,0.0,0.0,0.0,0.0,0.0,0.0,0.0,0.0,0.0,0.0
sp-static_38,38,sp-static,42,80,42137,1,uniform,2,near_main_road,26,332.9136118795723,507.3029390820302,0.8,11,17,"[1, 1, 1, 0, 1, 1, 1, 1, 0, 0, 0, 0, 1, 1, 0, 1, 1]","{""0"": 1, ""1"": 1, ""2"": 1, ""3"": 0, ""4"": 1, ""5"": 1, ""6"": 1, ""7"": 1, ""8"": 0, ""9"": 0, ""10"": 0, ""11"": 0, ""12"": 1, ""13"": 1, ""14"": 0, ""15"": 1, ""16"": 1}",15,"[0.0, 0.0, 0.0, 0.0, 0.0, 0.0, 0.0, 0.0, 0.0, 0.0, 0.0, 0.0, 0.0, 0.0, 0.0]",0.0,0.0,0.0,0.0,0.0,0.0,0.0,0.0,0.0,0.0,0.0,0.0,0.0,0.0,0.0
sp-static_39,39,sp-static,42,81,49500,2,center,2,near_main_road,26,332.9136118795723,507.3029390820302,0.8,15,17,"[1, 1, 1, 1, 0, 1, 1, 1, 1, 0, 1, 1, 1, 1, 1, 1, 1]","{""0"": 1, ""1"": 1, ""2"": 1, ""3"": 1, ""4"": 0, ""5"": 1, ""6"": 1, ""7"": 1, ""8"": 1, ""9"": 0, ""10"": 1, ""11"": 1, ""12"": 1, ""13"": 1, ""14"": 1, ""15"": 1, ""16"": 1}",15,"[0.0, 0.0, 0.0, 0.0, 0.0, 0.0, 0.0, 0.0, 0.0, 0.0, 0.0, 0.0, 0.0, 0.0, 0.0]",0.0,0.0,0.0,0.0,0.0,0.0,0.0,0.0,0.0,0.0,0.0,0.0,0.0,0.0,0.0
sp-static_40,40,sp-static,42,82,45723,3,ring,1,near_exit,18,142.27742606028914,514.490860844031,0.8,13,17,"[1, 1, 1, 0, 0, 1, 1, 1, 0, 1, 1, 1, 1, 0, 1, 1, 1]","{""0"": 1, ""1"": 1, ""2"": 1, ""3"": 0, ""4"": 0, ""5"": 1, ""6"": 1, ""7"": 1, ""8"": 0, ""9"": 1, ""10"": 1, ""11"": 1, ""12"": 1, ""13"": 0, ""14"": 1, ""15"": 1, ""16"": 1}",15,"[0.0, 0.0, 0.0, 0.0, 0.0, 0.0, 0.0, 0.0, 0.0, 0.0, 0.0, 0.0, 0.0, 0.0, 0.0]",0.0,0.0,0.0,0.0,0.0,0.0,0.0,0.0,0.0,0.0,0.0,0.0,0.0,0.0,0.0
sp-static_41,41,sp-static,42,83,47304,1,uniform,1,near_exit,10,117.86349353380501,401.6467395685613,0.8,13,17,"[1, 0, 1, 1, 1, 1, 1, 1, 0, 1, 1, 1, 0, 1, 1, 0, 1]","{""0"": 1, ""1"": 0, ""2"": 1, ""3"": 1, ""4"": 1, ""5"": 1, ""6"": 1, ""7"": 1, ""8"": 0, ""9"": 1, ""10"": 1, ""11"": 1, ""12"": 0, ""13"": 1, ""14"": 1, ""15"": 0, ""16"": 1}",15,"[0.0, 0.0, 0.0, 0.0, 0.0, 0.0, 0.0, 0.0, 0.0, 0.0, 0.0, 0.0, 0.0, 0.0, 0.0]",0.0,0.0,0.0,0.0,0.0,0.0,0.0,0.0,0.0,0.0,0.0,0.0,0.0,0.0,0.0
sp-static_42,42,sp-static,42,84,49880,2,center,3,far_from_exit_and_main_road,2,231.03263388574123,524.1789293033071,0.8,14,17,"[1, 0, 1, 1, 0, 1, 1, 1, 1, 1, 1, 1, 1, 1, 1, 0, 1]","{""0"": 1, ""1"": 0, ""2"": 1, ""3"": 1, ""4"": 0, ""5"": 1, ""6"": 1, ""7"": 1, ""8"": 1, ""9"": 1, ""10"": 1, ""11"": 1, ""12"": 1, ""13"": 1, ""14"": 1, ""15"": 0, ""16"": 1}",15,"[0.0, 0.0, 0.0, 0.0, 0.0, 0.0, 0.0, 0.0, 0.0, 0.0, 0.0, 0.0, 0.0, 0.0, 0.0]",0.0,0.0,0.0,0.0,0.0,0.0,0.0,0.0,0.0,0.0,0.0,0.0,0.0,0.0,0.0
sp-static_43,43,sp-static,42,85,40088,1,uniform,3,far_from_exit_and_main_road,10,278.9456014893949,554.5908700102009,0.8,14,17,"[1, 1, 1, 0, 1, 1, 1, 0, 1, 1, 1, 0, 1, 1, 1, 1, 1]","{""0"": 1, ""1"": 1, ""2"": 1, ""3"": 0, ""4"": 1, ""5"": 1, ""6"": 1, ""7"": 0, ""8"": 1, ""9"": 1, ""10"": 1, ""11"": 0, ""12"": 1, ""13"": 1, ""14"": 1, ""15"": 1, ""16"": 1}",15,"[0.0, 0.0, 0.0, 0.0, 0.0, 0.0, 0.0, 0.0, 0.0, 0.0, 0.0, 0.0, 0.0, 0.0, 0.0]",0.0,0.0,0.0,0.0,0.0,0.0,0.0,0.0,0.0,0.0,0.0,0.0,0.0,0.0,0.0
sp-static_44,44,sp-static,42,86,43415,3,ring,3,far_from_exit_and_main_road,13,398.093217626214,500.3884708681144,0.8,12,17,"[1, 1, 0, 1, 1, 1, 1, 1, 0, 0, 1, 0, 1, 0, 1, 1, 1]","{""0"": 1, ""1"": 1, ""2"": 0, ""3"": 1, ""4"": 1, ""5"": 1, ""6"": 1, ""7"": 1, ""8"": 0, ""9"": 0, ""10"": 1, ""11"": 0, ""12"": 1, ""13"": 0, ""14"": 1, ""15"": 1, ""16"": 1}",15,"[0.0, 0.0, 0.0, 0.0, 0.0, 0.0, 0.0, 0.0, 0.0, 0.0, 0.0, 0.0, 0.0, 0.0, 0.0]",0.0,0.0,0.0,0.0,0.0,0.0,0.0,0.0,0.0,0.0,0.0,0.0,0.0,0.0,0.0
sp-static_45,45,sp-static,42,87,43292,1,uniform,1,near_exit,1,598.6917067151517,742.8667610823177,0.8,14,17,"[1, 1, 0, 1, 1, 1, 1, 1, 1, 1, 1, 1, 1, 0, 1, 0, 1]","{""0"": 1, ""1"": 1, ""2"": 0, ""3"": 1, ""4"": 1, ""5"": 1, ""6"": 1, ""7"": 1, ""8"": 1, ""9"": 1, ""10"": 1, ""11"": 1, ""12"": 1, ""13"": 0, ""14"": 1, ""15"": 0, ""16"": 1}",15,"[0.0, 0.0, 0.0, 0.0, 0.0, 0.0, 0.0, 0.0, 0.0, 0.0, 0.0, 0.0, 0.0, 0.0, 0.0]",0.0,0.0,0.0,0.0,0.0,0.0,0.0,0.0,0.0,0.0,0.0,0.0,0.0,0.0,0.0
sp-static_46,46,sp-static,42,88,47609,3,ring,3,far_from_exit_and_main_road,17,284.31701041199267,317.760567443911,0.8,14,17,"[1, 1, 0, 1, 1, 1, 0, 1, 1, 0, 1, 1, 1, 1, 1, 1, 1]","{""0"": 1, ""1"": 1, ""2"": 0, ""3"": 1, ""4"": 1, ""5"": 1, ""6"": 0, ""7"": 1, ""8"": 1, ""9"": 0, ""10"": 1, ""11"": 1, ""12"": 1, ""13"": 1, ""14"": 1, ""15"": 1, ""16"": 1}",15,"[0.0, 0.0, 0.0, 0.0, 0.0, 0.0, 0.0, 0.0, 0.0, 0.0, 0.0, 0.0, 0.0, 0.0, 0.0]",0.0,0.0,0.0,0.0,0.0,0.0,0.0,0.0,0.0,0.0,0.0,0.0,0.0,0.0,0.0
sp-static_47,47,sp-static,42,89,49149,2,center,2,near_main_road,15,464.48383192904294,346.98103199340403,0.8,13,17,"[1, 1, 0, 1, 0, 1, 1, 0, 1, 1, 1, 0, 1, 1, 1, 1, 1]","{""0"": 1, ""1"": 1, ""2"": 0, ""3"": 1, ""4"": 0, ""5"": 1, ""6"": 1, ""7"": 0, ""8"": 1, ""9"": 1, ""10"": 1, ""11"": 0, ""12"": 1, ""13"": 1, ""14"": 1, ""15"": 1, ""16"": 1}",15,"[0.0, 0.0, 0.0, 0.0, 0.0, 0.0, 0.0, 0.0, 0.0, 0.0, 0.0, 0.0, 0.0, 0.0, 0.0]",0.0,0.0,0.0,0.0,0.0,0.0,0.0,0.0,0.0,0.0,0.0,0.0,0.0,0.0,0.0
sp-static_48,48,sp-static,42,90,46105,1,uniform,2,near_main_road,5,510.4240275286138,654.1865576659329,0.8,13,17,"[1, 1, 1, 1, 1, 1, 1, 0, 0, 1, 1, 1, 1, 1, 1, 0, 0]","{""0"": 1, ""1"": 1, ""2"": 1, ""3"": 1, ""4"": 1, ""5"": 1, ""6"": 1, ""7"": 0, ""8"": 0, ""9"": 1, ""10"": 1, ""11"": 1, ""12"": 1, ""13"": 1, ""14"": 1, ""15"": 0, ""16"": 0}",15,"[0.0, 0.0, 0.0, 0.0, 0.0, 0.0, 0.0, 0.0, 0.0, 0.0, 0.0, 0.0, 0.0, 0.0, 0.0]",0.0,0.0,0.0,0.0,0.0,0.0,0.0,0.0,0.0,0.0,0.0,0.0,0.0,0.0,0.0
sp-static_49,49,sp-static,42,91,41432,2,center,2,near_main_road,26,332.9136118795723,507.3029390820302,0.8,13,17,"[1, 1, 1, 1, 0, 0, 1, 1, 0, 1, 1, 1, 1, 0, 1, 1, 1]","{""0"": 1, ""1"": 1, ""2"": 1, ""3"": 1, ""4"": 0, ""5"": 0, ""6"": 1, ""7"": 1, ""8"": 0, ""9"": 1, ""10"": 1, ""11"": 1, ""12"": 1, ""13"": 0, ""14"": 1, ""15"": 1, ""16"": 1}",15,"[0.0, 0.0, 0.0, 0.0, 0.0, 0.0, 0.0, 0.0, 0.0, 0.0, 0.0, 0.0, 0.0, 0.0, 0.0]",0.0,0.0,0.0,0.0,0.0,0.0,0.0,0.0,0.0,0.0,0.0,0.0,0.0,0.0,0.0
sp-static_50,50,sp-static,42,92,42702,3,ring,3,far_from_exit_and_main_road,17,284.31701041199267,317.760567443911,0.8,11,17,"[1, 1, 1, 1, 0, 0, 1, 0, 1, 1, 0, 0, 1, 1, 1, 0, 1]","{""0"": 1, ""1"": 1, ""2"": 1, ""3"": 1, ""4"": 0, ""5"": 0, ""6"": 1, ""7"": 0, ""8"": 1, ""9"": 1, ""10"": 0, ""11"": 0, ""12"": 1, ""13"": 1, ""14"": 1, ""15"": 0, ""16"": 1}",15,"[0.0, 0.0, 0.0, 0.0, 0.0, 0.0, 0.0, 0.0, 0.0, 0.0, 0.0, 0.0, 0.0, 0.0, 0.0]",0.0,0.0,0.0,0.0,0.0,0.0,0.0,0.0,0.0,0.0,0.0,0.0,0.0,0.0,0.0
sp-density-60_21,21,sp-density-60,42,63,40494,1,uniform,1,near_exit,5,607.692234840244,160.23257428733632,0.8,13,17,"[1, 1, 0, 1, 1, 1, 1, 1, 1, 1, 0, 1, 1, 0, 0, 1, 1]","{""0"": 1, ""1"": 1, ""2"": 0, ""3"": 1, ""4"": 1, ""5"": 1, ""6"": 1, ""7"": 1, ""8"": 1, ""9"": 1, ""10"": 0, ""11"": 1, ""12"": 1, ""13"": 0, ""14"": 0, ""15"": 1, ""16"": 1}",15,"[0.0, 0.0, 0.0, 0.0, 0.0, 0.0, 0.0, 0.0, 0.0, 0.0, 0.0, 0.0, 0.0, 0.0, 0.0]",0.0,0.0,0.0,0.0,0.0,0.0,0.0,0.0,0.0,0.0,0.0,0.0,0.0,0.0,0.0
sp-density-60_22,22,sp-density-60,42,64,40087,3,ring,1,near_exit,2,589.7871842365712,616.2673327014782,0.8,11,17,"[1, 1, 1, 0, 1, 0, 1, 0, 0, 1, 0, 1, 1, 0, 1, 1, 1]","{""0"": 1, ""1"": 1, ""2"": 1, ""3"": 0, ""4"": 1, ""5"": 0, ""6"": 1, ""7"": 0, ""8"": 0, ""9"": 1, ""10"": 0, ""11"": 1, ""12"": 1, ""13"": 0, ""14"": 1, ""15"": 1, ""16"": 1}",15,"[0.0, 0.0, 0.0, 0.0, 0.0, 0.0, 0.0, 0.0, 0.0, 0.0, 0.0, 0.0, 0.0, 0.0, 0.0]",0.0,0.0,0.0,0.0,0.0,0.0,0.0,0.0,0.0,0.0,0.0,0.0,0.0,0.0,0.0
sp-density-60_23,23,sp-density-60,42,65,42216,3,ring,3,far_from_exit_and_main_road,4,199.35108743049204,695.2241218448617,0.8,15,17,"[1, 1, 0, 1, 1, 1, 1, 1, 0, 1, 1, 1, 1, 1, 1, 1, 1]","{""0"": 1, ""1"": 1, ""2"": 0, ""3"": 1, ""4"": 1, ""5"": 1, ""6"": 1, ""7"": 1, ""8"": 0, ""9"": 1, ""10"": 1, ""11"": 1, ""12"": 1, ""13"": 1, ""14"": 1, ""15"": 1, ""16"": 1}",15,"[0.0, 0.0, 0.0, 0.0, 0.0, 0.0, 0.0, 0.0, 0.0, 0.0, 0.0, 0.0, 0.0, 0.0, 0.0]",0.0,0.0,0.0,0.0,0.0,0.0,0.0,0.0,0.0,0.0,0.0,0.0,0.0,0.0,0.0
sp-density-60_24,24,sp-density-60,42,66,47502,3,ring,2,near_main_road,17,422.2938563786447,241.9748706240207,0.8,15,17,"[1, 1, 1, 1, 1, 0, 1, 1, 0, 1, 1, 1, 1, 1, 1, 1, 1]","{""0"": 1, ""1"": 1, ""2"": 1, ""3"": 1, ""4"": 1, ""5"": 0, ""6"": 1, ""7"": 1, ""8"": 0, ""9"": 1, ""10"": 1, ""11"": 1, ""12"": 1, ""13"": 1, ""14"": 1, ""15"": 1, ""16"": 1}",15,"[0.0, 0.0, 0.0, 0.0, 0.0, 0.0, 0.0, 0.0, 0.0, 0.0, 0.0, 0.0, 0.0, 0.0, 0.0]",0.0,0.0,0.0,0.0,0.0,0.0,0.0,0.0,0.0,0.0,0.0,0.0,0.0,0.0,0.0
sp-density-60_25,25,sp-density-60,42,67,49688,1,uniform,1,near_exit,10,117.86349353380501,401.6467395685613,0.8,14,17,"[1, 1, 0, 1, 0, 1, 1, 0, 1, 1, 1, 1, 1, 1, 1, 1, 1]","{""0"": 1, ""1"": 1, ""2"": 0, ""3"": 1, ""4"": 0, ""5"": 1, ""6"": 1, ""7"": 0, ""8"": 1, ""9"": 1, ""10"": 1, ""11"": 1, ""12"": 1, ""13"": 1, ""14"": 1, ""15"": 1, ""16"": 1}",15,"[0.0, 0.0, 0.0, 0.0, 0.0, 0.0, 0.0, 0.0, 0.0, 0.0, 0.0, 0.0, 0.0, 0.0, 0.0]",0.0,0.0,0.0,0.0,0.0,0.0,0.0,0.0,0.0,0.0,0.0,0.0,0.0,0.0,0.0
sp-density-60_26,26,sp-density-60,42,68,41737,3,ring,2,near_main_road,16,428.54422312788665,287.6025478853844,0.8,13,17,"[1, 0, 1, 0, 1, 1, 1, 1, 0, 1, 0, 1, 1, 1, 1, 1, 1]","{""0"": 1, ""1"": 0, ""2"": 1, ""3"": 0, ""4"": 1, ""5"": 1, ""6"": 1, ""7"": 1, ""8"": 0, ""9"": 1, ""10"": 0, ""11"": 1, ""12"": 1, ""13"": 1, ""14"": 1, ""15"": 1, ""16"": 1}",15,"[0.0, 0.0, 0.0, 0.0, 0.0, 0.0, 0.0, 0.0, 0.0, 0.0, 0.0, 0.0, 0.0, 0.0, 0.0]",0.0,0.0,0.0,0.0,0.0,0.0,0.0,0.0,0.0,0.0,0.0,0.0,0.0,0.0,0.0
sp-density-60_27,27,sp-density-60,42,69,46788,2,center,2,near_main_road,24,478.2346387747675,477.30117869144306,0.8,13,17,"[1, 1, 1, 1, 1, 0, 1, 0, 1, 0, 1, 0, 1, 1, 1, 1, 1]","{""0"": 1, ""1"": 1, ""2"": 1, ""3"": 1, ""4"": 1, ""5"": 0, ""6"": 1, ""7"": 0, ""8"": 1, ""9"": 0, ""10"": 1, ""11"": 0, ""12"": 1, ""13"": 1, ""14"": 1, ""15"": 1, ""16"": 1}",15,"[0.0, 0.0, 0.0, 0.0, 0.0, 0.0, 0.0, 0.0, 0.0, 0.0, 0.0, 0.0, 0.0, 0.0, 0.0]",0.0,0.0,0.0,0.0,0.0,0.0,0.0,0.0,0.0,0.0,0.0,0.0,0.0,0.0,0.0
sp-density-60_28,28,sp-density-60,42,70,41578,2,center,2,near_main_road,24,478.2346387747675,477.30117869144306,0.8,15,17,"[0, 1, 1, 1, 0, 1, 1, 1, 1, 1, 1, 1, 1, 1, 1, 1, 1]","{""0"": 0, ""1"": 1, ""2"": 1, ""3"": 1, ""4"": 0, ""5"": 1, ""6"": 1, ""7"": 1, ""8"": 1, ""9"": 1, ""10"": 1, ""11"": 1, ""12"": 1, ""13"": 1, ""14"": 1, ""15"": 1, ""16"": 1}",15,"[0.0, 0.0, 0.0, 0.0, 0.0, 0.0, 0.0, 0.0, 0.0, 0.0, 0.0, 0.0, 0.0, 0.0, 0.0]",0.0,0.0,0.0,0.0,0.0,0.0,0.0,0.0,0.0,0.0,0.0,0.0,0.0,0.0,0.0
sp-density-60_29,29,sp-density-60,42,71,45696,1,uniform,1,near_exit,16,614.6926456168294,335.2428432404995,0.8,13,17,"[1, 1, 1, 0, 0, 0, 1, 1, 1, 1, 1, 1, 1, 0, 1, 1, 1]","{""0"": 1, ""1"": 1, ""2"": 1, ""3"": 0, ""4"": 0, ""5"": 0, ""6"": 1, ""7"": 1, ""8"": 1, ""9"": 1, ""10"": 1, ""11"": 1, ""12"": 1, ""13"": 0, ""14"": 1, ""15"": 1, ""16"": 1}",15,"[0.0, 0.0, 0.0, 0.0, 0.0, 0.0, 0.0, 0.0, 0.0, 0.0, 0.0, 0.0, 0.0, 0.0, 0.0]",0.0,0.0,0.0,0.0,0.0,0.0,0.0,0.0,0.0,0.0,0.0,0.0,0.0,0.0,0.0
sp-density-60_30,30,sp-density-60,42,72,47323,2,center,2,near_main_road,13,293.223783031106,377.92034739675,0.8,14,17,"[1, 1, 0, 1, 1, 1, 1, 1, 1, 0, 1, 1, 1, 1, 1, 1, 0]","{""0"": 1, ""1"": 1, ""2"": 0, ""3"": 1, ""4"": 1, ""5"": 1, ""6"": 1, ""7"": 1, ""8"": 1, ""9"": 0, ""10"": 1, ""11"": 1, ""12"": 1, ""13"": 1, ""14"": 1, ""15"": 1, ""16"": 0}",15,"[0.0, 0.0, 0.0, 0.0, 0.0, 0.0, 0.0, 0.0, 0.0, 0.0, 0.0, 0.0, 0.0, 0.0, 0.0]",0.0,0.0,0.0,0.0,0.0,0.0,0.0,0.0,0.0,0.0,0.0,0.0,0.0,0.0,0.0
sp-density-60_31,31,sp-density-60,42,73,44342,1,uniform,2,near_main_road,23,551.488937066868,551.8555532651953,0.8,16,17,"[1, 1, 1, 1, 1, 1, 1, 1, 1, 1, 1, 1, 1, 1, 1, 1, 0]","{""0"": 1, ""1"": 1, ""2"": 1, ""3"": 1, ""4"": 1, ""5"": 1, ""6"": 1, ""7"": 1, ""8"": 1, ""9"": 1, ""10"": 1, ""11"": 1, ""12"": 1, ""13"": 1, ""14"": 1, ""15"": 1, ""16"": 0}",15,"[0.0, 0.0, 0.0, 0.0, 0.0, 0.0, 0.0, 0.0, 0.0, 0.0, 0.0, 0.0, 0.0, 0.0, 0.0]",0.0,0.0,0.0,0.0,0.0,0.0,0.0,0.0,0.0,0.0,0.0,0.0,0.0,0.0,0.0
sp-density-60_32,32,sp-density-60,42,74,43741,3,ring,3,far_from_exit_and_main_road,13,398.093217626214,500.3884708681144,0.8,13,17,"[0, 1, 1, 1, 1, 0, 0, 1, 1, 1, 0, 1, 1, 1, 1, 1, 1]","{""0"": 0, ""1"": 1, ""2"": 1, ""3"": 1, ""4"": 1, ""5"": 0, ""6"": 0, ""7"": 1, ""8"": 1, ""9"": 1, ""10"": 0, ""11"": 1, ""12"": 1, ""13"": 1, ""14"": 1, ""15"": 1, ""16"": 1}",15,"[0.0, 0.0, 0.0, 0.0, 0.0, 0.0, 0.0, 0.0, 0.0, 0.0, 0.0, 0.0, 0.0, 0.0, 0.0]",0.0,0.0,0.0,0.0,0.0,0.0,0.0,0.0,0.0,0.0,0.0,0.0,0.0,0.0,0.0
sp-density-60_33,33,sp-density-60,42,75,45696,3,ring,2,near_main_road,2,267.4722720272839,634.0603767363355,0.8,14,17,"[1, 1, 1, 1, 1, 1, 1, 1, 0, 1, 1, 0, 1, 1, 1, 1, 0]","{""0"": 1, ""1"": 1, ""2"": 1, ""3"": 1, ""4"": 1, ""5"": 1, ""6"": 1, ""7"": 1, ""8"": 0, ""9"": 1, ""10"": 1, ""11"": 0, ""12"": 1, ""13"": 1, ""14"": 1, ""15"": 1, ""16"": 0}",15,"[0.0, 0.0, 0.0, 0.0, 0.0, 0.0, 0.0, 0.0, 0.0, 0.0, 0.0, 0.0, 0.0, 0.0, 0.0]",0.0,0.0,0.0,0.0,0.0,0.0,0.0,0.0,0.0,0.0,0.0,0.0,0.0,0.0,0.0
sp-density-60_34,34,sp-density-60,42,76,46299,1,uniform,2,near_main_road,5,510.4240275286138,654.1865576659329,0.8,14,17,"[1, 0, 1, 1, 1, 1, 1, 0, 1, 1, 0, 1, 1, 1, 1, 1, 1]","{""0"": 1, ""1"": 0, ""2"": 1, ""3"": 1, ""4"": 1, ""5"": 1, ""6"": 1, ""7"": 0, ""8"": 1, ""9"": 1, ""10"": 0, ""11"": 1, ""12"": 1, ""13"": 1, ""14"": 1, ""15"": 1, ""16"": 1}",15,"[0.0, 0.0, 0.0, 0.0, 0.0, 0.0, 0.0, 0.0, 0.0, 0.0, 0.0, 0.0, 0.0, 0.0, 0.0]",0.0,0.0,0.0,0.0,0.0,0.0,0.0,0.0,0.0,0.0,0.0,0.0,0.0,0.0,0.0
sp-density-60_35,35,sp-density-60,42,77,46366,2,center,3,far_from_exit_and_main_road,2,231.03263388574123,524.1789293033071,0.8,13,17,"[1, 1, 1, 0, 1, 1, 1, 1, 1, 1, 1, 0, 1, 0, 1, 0, 1]","{""0"": 1, ""1"": 1, ""2"": 1, ""3"": 0, ""4"": 1, ""5"": 1, ""6"": 1, ""7"": 1, ""8"": 1, ""9"": 1, ""10"": 1, ""11"": 0, ""12"": 1, ""13"": 0, ""14"": 1, ""15"": 0, ""16"": 1}",15,"[0.0, 0.0, 0.0, 0.0, 0.0, 0.0, 0.0, 0.0, 0.0, 0.0, 0.0, 0.0, 0.0, 0.0, 0.0]",0.0,0.0,0.0,0.0,0.0,0.0,0.0,0.0,0.0,0.0,0.0,0.0,0.0,0.0,0.0
sp-density-60_36,36,sp-density-60,42,78,46953,1,uniform,1,near_exit,5,607.692234840244,160.23257428733632,0.8,14,17,"[0, 1, 0, 1, 1, 1, 1, 1, 1, 1, 1, 1, 1, 1, 0, 1, 1]","{""0"": 0, ""1"": 1, ""2"": 0, ""3"": 1, ""4"": 1, ""5"": 1, ""6"": 1, ""7"": 1, ""8"": 1, ""9"": 1, ""10"": 1, ""11"": 1, ""12"": 1, ""13"": 1, ""14"": 0, ""15"": 1, ""16"": 1}",15,"[0.0, 0.0, 0.0, 0.0, 0.0, 0.0, 0.0, 0.0, 0.0, 0.0, 0.0, 0.0, 0.0, 0.0, 0.0]",0.0,0.0,0.0,0.0,0.0,0.0,0.0,0.0,0.0,0.0,0.0,0.0,0.0,0.0,0.0
sp-density-60_37,37,sp-density-60,42,79,47963,2,center,3,far_from_exit_and_main_road,16,481.59421090222895,213.75055827572942,0.8,14,17,"[1, 1, 1, 1, 1, 1, 1, 1, 0, 1, 1, 1, 0, 1, 0, 1, 1]","{""0"": 1, ""1"": 1, ""2"": 1, ""3"": 1, ""4"": 1, ""5"": 1, ""6"": 1, ""7"": 1, ""8"": 0, ""9"": 1, ""10"": 1, ""11"": 1, ""12"": 0, ""13"": 1, ""14"": 0, ""15"": 1, ""16"": 1}",15,"[0.0, 0.0, 0.0, 0.0, 0.0, 0.0, 0.0, 0.0, 0.0, 0.0, 0.0, 0.0, 0.0, 0.0, 0.0]",0.0,0.0,0.0,0.0,0.0,0.0,0.0,0.0,0.0,0.0,0.0,0.0,0.0,0.0,0.0
sp-density-60_38,38,sp-density-60,42,80,42137,1,uniform,2,near_main_road,26,332.9136118795723,507.3029390820302,0.8,11,17,"[1, 1, 1, 0, 1, 1, 1, 1, 0, 0, 0, 0, 1, 1, 0, 1, 1]","{""0"": 1, ""1"": 1, ""2"": 1, ""3"": 0, ""4"": 1, ""5"": 1, ""6"": 1, ""7"": 1, ""8"": 0, ""9"": 0, ""10"": 0, ""11"": 0, ""12"": 1, ""13"": 1, ""14"": 0, ""15"": 1, ""16"": 1}",15,"[0.0, 0.0, 0.0, 0.0, 0.0, 0.0, 0.0, 0.0, 0.0, 0.0, 0.0, 0.0, 0.0, 0.0, 0.0]",0.0,0.0,0.0,0.0,0.0,0.0,0.0,0.0,0.0,0.0,0.0,0.0,0.0,0.0,0.0
sp-density-60_39,39,sp-density-60,42,81,49500,2,center,2,near_main_road,26,332.9136118795723,507.3029390820302,0.8,15,17,"[1, 1, 1, 1, 0, 1, 1, 1, 1, 0, 1, 1, 1, 1, 1, 1, 1]","{""0"": 1, ""1"": 1, ""2"": 1, ""3"": 1, ""4"": 0, ""5"": 1, ""6"": 1, ""7"": 1, ""8"": 1, ""9"": 0, ""10"": 1, ""11"": 1, ""12"": 1, ""13"": 1, ""14"": 1, ""15"": 1, ""16"": 1}",15,"[0.0, 0.0, 0.0, 0.0, 0.0, 0.0, 0.0, 0.0, 0.0, 0.0, 0.0, 0.0, 0.0, 0.0, 0.0]",0.0,0.0,0.0,0.0,0.0,0.0,0.0,0.0,0.0,0.0,0.0,0.0,0.0,0.0,0.0
sp-density-60_40,40,sp-density-60,42,82,45723,3,ring,1,near_exit,18,142.27742606028914,514.490860844031,0.8,13,17,"[1, 1, 1, 0, 0, 1, 1, 1, 0, 1, 1, 1, 1, 0, 1, 1, 1]","{""0"": 1, ""1"": 1, ""2"": 1, ""3"": 0, ""4"": 0, ""5"": 1, ""6"": 1, ""7"": 1, ""8"": 0, ""9"": 1, ""10"": 1, ""11"": 1, ""12"": 1, ""13"": 0, ""14"": 1, ""15"": 1, ""16"": 1}",15,"[0.0, 0.0, 0.0, 0.0, 0.0, 0.0, 0.0, 0.0, 0.0, 0.0, 0.0, 0.0, 0.0, 0.0, 0.0]",0.0,0.0,0.0,0.0,0.0,0.0,0.0,0.0,0.0,0.0,0.0,0.0,0.0,0.0,0.0
sp-density-60_41,41,sp-density-60,42,83,47304,1,uniform,1,near_exit,10,117.86349353380501,401.6467395685613,0.8,13,17,"[1, 0, 1, 1, 1, 1, 1, 1, 0, 1, 1, 1, 0, 1, 1, 0, 1]","{""0"": 1, ""1"": 0, ""2"": 1, ""3"": 1, ""4"": 1, ""5"": 1, ""6"": 1, ""7"": 1, ""8"": 0, ""9"": 1, ""10"": 1, ""11"": 1, ""12"": 0, ""13"": 1, ""14"": 1, ""15"": 0, ""16"": 1}",15,"[0.0, 0.0, 0.0, 0.0, 0.0, 0.0, 0.0, 0.0, 0.0, 0.0, 0.0, 0.0, 0.0, 0.0, 0.0]",0.0,0.0,0.0,0.0,0.0,0.0,0.0,0.0,0.0,0.0,0.0,0.0,0.0,0.0,0.0
sp-density-60_42,42,sp-density-60,42,84,49880,2,center,3,far_from_exit_and_main_road,2,231.03263388574123,524.1789293033071,0.8,14,17,"[1, 0, 1, 1, 0, 1, 1, 1, 1, 1, 1, 1, 1, 1, 1, 0, 1]","{""0"": 1, ""1"": 0, ""2"": 1, ""3"": 1, ""4"": 0, ""5"": 1, ""6"": 1, ""7"": 1, ""8"": 1, ""9"": 1, ""10"": 1, ""11"": 1, ""12"": 1, ""13"": 1, ""14"": 1, ""15"": 0, ""16"": 1}",15,"[0.0, 0.0, 0.0, 0.0, 0.0, 0.0, 0.0, 0.0, 0.0, 0.0, 0.0, 0.0, 0.0, 0.0, 0.0]",0.0,0.0,0.0,0.0,0.0,0.0,0.0,0.0,0.0,0.0,0.0,0.0,0.0,0.0,0.0
sp-density-60_43,43,sp-density-60,42,85,40088,1,uniform,3,far_from_exit_and_main_road,10,278.9456014893949,554.5908700102009,0.8,14,17,"[1, 1, 1, 0, 1, 1, 1, 0, 1, 1, 1, 0, 1, 1, 1, 1, 1]","{""0"": 1, ""1"": 1, ""2"": 1, ""3"": 0, ""4"": 1, ""5"": 1, ""6"": 1, ""7"": 0, ""8"": 1, ""9"": 1, ""10"": 1, ""11"": 0, ""12"": 1, ""13"": 1, ""14"": 1, ""15"": 1, ""16"": 1}",15,"[0.0, 0.0, 0.0, 0.0, 0.0, 0.0, 0.0, 0.0, 0.0, 0.0, 0.0, 0.0, 0.0, 0.0, 0.0]",0.0,0.0,0.0,0.0,0.0,0.0,0.0,0.0,0.0,0.0,0.0,0.0,0.0,0.0,0.0
sp-density-60_44,44,sp-density-60,42,86,43415,3,ring,3,far_from_exit_and_main_road,13,398.093217626214,500.3884708681144,0.8,12,17,"[1, 1, 0, 1, 1, 1, 1, 1, 0, 0, 1, 0, 1, 0, 1, 1, 1]","{""0"": 1, ""1"": 1, ""2"": 0, ""3"": 1, ""4"": 1, ""5"": 1, ""6"": 1, ""7"": 1, ""8"": 0, ""9"": 0, ""10"": 1, ""11"": 0, ""12"": 1, ""13"": 0, ""14"": 1, ""15"": 1, ""16"": 1}",15,"[0.0, 0.0, 0.0, 0.0, 0.0, 0.0, 0.0, 0.0, 0.0, 0.0, 0.0, 0.0, 0.0, 0.0, 0.0]",0.0,0.0,0.0,0.0,0.0,0.0,0.0,0.0,0.0,0.0,0.0,0.0,0.0,0.0,0.0
sp-density-60_45,45,sp-density-60,42,87,43292,1,uniform,1,near_exit,1,598.6917067151517,742.8667610823177,0.8,14,17,"[1, 1, 0, 1, 1, 1, 1, 1, 1, 1, 1, 1, 1, 0, 1, 0, 1]","{""0"": 1, ""1"": 1, ""2"": 0, ""3"": 1, ""4"": 1, ""5"": 1, ""6"": 1, ""7"": 1, ""8"": 1, ""9"": 1, ""10"": 1, ""11"": 1, ""12"": 1, ""13"": 0, ""14"": 1, ""15"": 0, ""16"": 1}",15,"[0.0, 0.0, 0.0, 0.0, 0.0, 0.0, 0.0, 0.0, 0.0, 0.0, 0.0, 0.0, 0.0, 0.0, 0.0]",0.0,0.0,0.0,0.0,0.0,0.0,0.0,0.0,0.0,0.0,0.0,0.0,0.0,0.0,0.0
sp-density-60_46,46,sp-density-60,42,88,47609,3,ring,3,far_from_exit_and_main_road,17,284.31701041199267,317.760567443911,0.8,14,17,"[1, 1, 0, 1, 1, 1, 0, 1, 1, 0, 1, 1, 1, 1, 1, 1, 1]","{""0"": 1, ""1"": 1, ""2"": 0, ""3"": 1, ""4"": 1, ""5"": 1, ""6"": 0, ""7"": 1, ""8"": 1, ""9"": 0, ""10"": 1, ""11"": 1, ""12"": 1, ""13"": 1, ""14"": 1, ""15"": 1, ""16"": 1}",15,"[0.0, 0.0, 0.0, 0.0, 0.0, 0.0, 0.0, 0.0, 0.0, 0.0, 0.0, 0.0, 0.0, 0.0, 0.0]",0.0,0.0,0.0,0.0,0.0,0.0,0.0,0.0,0.0,0.0,0.0,0.0,0.0,0.0,0.0
sp-density-60_47,47,sp-density-60,42,89,49149,2,center,2,near_main_road,15,464.48383192904294,346.98103199340403,0.8,13,17,"[1, 1, 0, 1, 0, 1, 1, 0, 1, 1, 1, 0, 1, 1, 1, 1, 1]","{""0"": 1, ""1"": 1, ""2"": 0, ""3"": 1, ""4"": 0, ""5"": 1, ""6"": 1, ""7"": 0, ""8"": 1, ""9"": 1, ""10"": 1, ""11"": 0, ""12"": 1, ""13"": 1, ""14"": 1, ""15"": 1, ""16"": 1}",15,"[0.0, 0.0, 0.0, 0.0, 0.0, 0.0, 0.0, 0.0, 0.0, 0.0, 0.0, 0.0, 0.0, 0.0, 0.0]",0.0,0.0,0.0,0.0,0.0,0.0,0.0,0.0,0.0,0.0,0.0,0.0,0.0,0.0,0.0
sp-density-60_48,48,sp-density-60,42,90,46105,1,uniform,2,near_main_road,5,510.4240275286138,654.1865576659329,0.8,13,17,"[1, 1, 1, 1, 1, 1, 1, 0, 0, 1, 1, 1, 1, 1, 1, 0, 0]","{""0"": 1, ""1"": 1, ""2"": 1, ""3"": 1, ""4"": 1, ""5"": 1, ""6"": 1, ""7"": 0, ""8"": 0, ""9"": 1, ""10"": 1, ""11"": 1, ""12"": 1, ""13"": 1, ""14"": 1, ""15"": 0, ""16"": 0}",15,"[0.0, 0.0, 0.0, 0.0, 0.0, 0.0, 0.0, 0.0, 0.0, 0.0, 0.0, 0.0, 0.0, 0.0, 0.0]",0.0,0.0,0.0,0.0,0.0,0.0,0.0,0.0,0.0,0.0,0.0,0.0,0.0,0.0,0.0
sp-density-60_49,49,sp-density-60,42,91,41432,2,center,2,near_main_road,26,332.9136118795723,507.3029390820302,0.8,13,17,"[1, 1, 1, 1, 0, 0, 1, 1, 0, 1, 1, 1, 1, 0, 1, 1, 1]","{""0"": 1, ""1"": 1, ""2"": 1, ""3"": 1, ""4"": 0, ""5"": 0, ""6"": 1, ""7"": 1, ""8"": 0, ""9"": 1, ""10"": 1, ""11"": 1, ""12"": 1, ""13"": 0, ""14"": 1, ""15"": 1, ""16"": 1}",15,"[0.0, 0.0, 0.0, 0.0, 0.0, 0.0, 0.0, 0.0, 0.0, 0.0, 0.0, 0.0, 0.0, 0.0, 0.0]",0.0,0.0,0.0,0.0,0.0,0.0,0.0,0.0,0.0,0.0,0.0,0.0,0.0,0.0,0.0
sp-density-60_50,50,sp-density-60,42,92,42702,3,ring,3,far_from_exit_and_main_road,17,284.31701041199267,317.760567443911,0.8,11,17,"[1, 1, 1, 1, 0, 0, 1, 0, 1, 1, 0, 0, 1, 1, 1, 0, 1]","{""0"": 1, ""1"": 1, ""2"": 1, ""3"": 1, ""4"": 0, ""5"": 0, ""6"": 1, ""7"": 0, ""8"": 1, ""9"": 1, ""10"": 0, ""11"": 0, ""12"": 1, ""13"": 1, ""14"": 1, ""15"": 0, ""16"": 1}",15,"[0.0, 0.0, 0.0, 0.0, 0.0, 0.0, 0.0, 0.0, 0.0, 0.0, 0.0, 0.0, 0.0, 0.0, 0.0]",0.0,0.0,0.0,0.0,0.0,0.0,0.0,0.0,0.0,0.0,0.0,0.0,0.0,0.0,0.0
sp-risk-60_21,21,sp-risk-60,42,63,40494,1,uniform,1,near_exit,5,607.692234840244,160.23257428733632,0.8,13,17,"[1, 1, 0, 1, 1, 1, 1, 1, 1, 1, 0, 1, 1, 0, 0, 1, 1]","{""0"": 1, ""1"": 1, ""2"": 0, ""3"": 1, ""4"": 1, ""5"": 1, ""6"": 1, ""7"": 1, ""8"": 1, ""9"": 1, ""10"": 0, ""11"": 1, ""12"": 1, ""13"": 0, ""14"": 0, ""15"": 1, ""16"": 1}",15,"[0.0, 0.0, 0.0, 0.0, 0.0, 0.0, 0.0, 0.0, 0.0, 0.0, 0.0, 0.0, 0.0, 0.0, 0.0]",0.0,0.0,0.0,0.0,0.0,0.0,0.0,0.0,0.0,0.0,0.0,0.0,0.0,0.0,0.0
sp-risk-60_22,22,sp-risk-60,42,64,40087,3,ring,1,near_exit,2,589.7871842365712,616.2673327014782,0.8,11,17,"[1, 1, 1, 0, 1, 0, 1, 0, 0, 1, 0, 1, 1, 0, 1, 1, 1]","{""0"": 1, ""1"": 1, ""2"": 1, ""3"": 0, ""4"": 1, ""5"": 0, ""6"": 1, ""7"": 0, ""8"": 0, ""9"": 1, ""10"": 0, ""11"": 1, ""12"": 1, ""13"": 0, ""14"": 1, ""15"": 1, ""16"": 1}",15,"[0.0, 0.0, 0.0, 0.0, 0.0, 0.0, 0.0, 0.0, 0.0, 0.0, 0.0, 0.0, 0.0, 0.0, 0.0]",0.0,0.0,0.0,0.0,0.0,0.0,0.0,0.0,0.0,0.0,0.0,0.0,0.0,0.0,0.0
sp-risk-60_23,23,sp-risk-60,42,65,42216,3,ring,3,far_from_exit_and_main_road,4,199.35108743049204,695.2241218448617,0.8,15,17,"[1, 1, 0, 1, 1, 1, 1, 1, 0, 1, 1, 1, 1, 1, 1, 1, 1]","{""0"": 1, ""1"": 1, ""2"": 0, ""3"": 1, ""4"": 1, ""5"": 1, ""6"": 1, ""7"": 1, ""8"": 0, ""9"": 1, ""10"": 1, ""11"": 1, ""12"": 1, ""13"": 1, ""14"": 1, ""15"": 1, ""16"": 1}",15,"[0.0, 0.0, 0.0, 0.0, 0.0, 0.0, 0.0, 0.0, 0.0, 0.0, 0.0, 0.0, 0.0, 0.0, 0.0]",0.0,0.0,0.0,0.0,0.0,0.0,0.0,0.0,0.0,0.0,0.0,0.0,0.0,0.0,0.0
sp-risk-60_24,24,sp-risk-60,42,66,47502,3,ring,2,near_main_road,17,422.2938563786447,241.9748706240207,0.8,15,17,"[1, 1, 1, 1, 1, 0, 1, 1, 0, 1, 1, 1, 1, 1, 1, 1, 1]","{""0"": 1, ""1"": 1, ""2"": 1, ""3"": 1, ""4"": 1, ""5"": 0, ""6"": 1, ""7"": 1, ""8"": 0, ""9"": 1, ""10"": 1, ""11"": 1, ""12"": 1, ""13"": 1, ""14"": 1, ""15"": 1, ""16"": 1}",15,"[0.0, 0.0, 0.0, 0.0, 0.0, 0.0, 0.0, 0.0, 0.0, 0.0, 0.0, 0.0, 0.0, 0.0, 0.0]",0.0,0.0,0.0,0.0,0.0,0.0,0.0,0.0,0.0,0.0,0.0,0.0,0.0,0.0,0.0
sp-risk-60_25,25,sp-risk-60,42,67,49688,1,uniform,1,near_exit,10,117.86349353380501,401.6467395685613,0.8,14,17,"[1, 1, 0, 1, 0, 1, 1, 0, 1, 1, 1, 1, 1, 1, 1, 1, 1]","{""0"": 1, ""1"": 1, ""2"": 0, ""3"": 1, ""4"": 0, ""5"": 1, ""6"": 1, ""7"": 0, ""8"": 1, ""9"": 1, ""10"": 1, ""11"": 1, ""12"": 1, ""13"": 1, ""14"": 1, ""15"": 1, ""16"": 1}",15,"[0.0, 0.0, 0.0, 0.0, 0.0, 0.0, 0.0, 0.0, 0.0, 0.0, 0.0, 0.0, 0.0, 0.0, 0.0]",0.0,0.0,0.0,0.0,0.0,0.0,0.0,0.0,0.0,0.0,0.0,0.0,0.0,0.0,0.0
sp-risk-60_26,26,sp-risk-60,42,68,41737,3,ring,2,near_main_road,16,428.54422312788665,287.6025478853844,0.8,13,17,"[1, 0, 1, 0, 1, 1, 1, 1, 0, 1, 0, 1, 1, 1, 1, 1, 1]","{""0"": 1, ""1"": 0, ""2"": 1, ""3"": 0, ""4"": 1, ""5"": 1, ""6"": 1, ""7"": 1, ""8"": 0, ""9"": 1, ""10"": 0, ""11"": 1, ""12"": 1, ""13"": 1, ""14"": 1, ""15"": 1, ""16"": 1}",15,"[0.0, 0.0, 0.0, 0.0, 0.0, 0.0, 0.0, 0.0, 0.0, 0.0, 0.0, 0.0, 0.0, 0.0, 0.0]",0.0,0.0,0.0,0.0,0.0,0.0,0.0,0.0,0.0,0.0,0.0,0.0,0.0,0.0,0.0
sp-risk-60_27,27,sp-risk-60,42,69,46788,2,center,2,near_main_road,24,478.2346387747675,477.30117869144306,0.8,13,17,"[1, 1, 1, 1, 1, 0, 1, 0, 1, 0, 1, 0, 1, 1, 1, 1, 1]","{""0"": 1, ""1"": 1, ""2"": 1, ""3"": 1, ""4"": 1, ""5"": 0, ""6"": 1, ""7"": 0, ""8"": 1, ""9"": 0, ""10"": 1, ""11"": 0, ""12"": 1, ""13"": 1, ""14"": 1, ""15"": 1, ""16"": 1}",15,"[0.0, 0.0, 0.0, 0.0, 0.0, 0.0, 0.0, 0.0, 0.0, 0.0, 0.0, 0.0, 0.0, 0.0, 0.0]",0.0,0.0,0.0,0.0,0.0,0.0,0.0,0.0,0.0,0.0,0.0,0.0,0.0,0.0,0.0
sp-risk-60_28,28,sp-risk-60,42,70,41578,2,center,2,near_main_road,24,478.2346387747675,477.30117869144306,0.8,15,17,"[0, 1, 1, 1, 0, 1, 1, 1, 1, 1, 1, 1, 1, 1, 1, 1, 1]","{""0"": 0, ""1"": 1, ""2"": 1, ""3"": 1, ""4"": 0, ""5"": 1, ""6"": 1, ""7"": 1, ""8"": 1, ""9"": 1, ""10"": 1, ""11"": 1, ""12"": 1, ""13"": 1, ""14"": 1, ""15"": 1, ""16"": 1}",15,"[0.0, 0.0, 0.0, 0.0, 0.0, 0.0, 0.0, 0.0, 0.0, 0.0, 0.0, 0.0, 0.0, 0.0, 0.0]",0.0,0.0,0.0,0.0,0.0,0.0,0.0,0.0,0.0,0.0,0.0,0.0,0.0,0.0,0.0
sp-risk-60_29,29,sp-risk-60,42,71,45696,1,uniform,1,near_exit,16,614.6926456168294,335.2428432404995,0.8,13,17,"[1, 1, 1, 0, 0, 0, 1, 1, 1, 1, 1, 1, 1, 0, 1, 1, 1]","{""0"": 1, ""1"": 1, ""2"": 1, ""3"": 0, ""4"": 0, ""5"": 0, ""6"": 1, ""7"": 1, ""8"": 1, ""9"": 1, ""10"": 1, ""11"": 1, ""12"": 1, ""13"": 0, ""14"": 1, ""15"": 1, ""16"": 1}",15,"[0.0, 0.0, 0.0, 0.0, 0.0, 0.0, 0.0, 0.0, 0.0, 0.0, 0.0, 0.0, 0.0, 0.0, 0.0]",0.0,0.0,0.0,0.0,0.0,0.0,0.0,0.0,0.0,0.0,0.0,0.0,0.0,0.0,0.0
sp-risk-60_30,30,sp-risk-60,42,72,47323,2,center,2,near_main_road,13,293.223783031106,377.92034739675,0.8,14,17,"[1, 1, 0, 1, 1, 1, 1, 1, 1, 0, 1, 1, 1, 1, 1, 1, 0]","{""0"": 1, ""1"": 1, ""2"": 0, ""3"": 1, ""4"": 1, ""5"": 1, ""6"": 1, ""7"": 1, ""8"": 1, ""9"": 0, ""10"": 1, ""11"": 1, ""12"": 1, ""13"": 1, ""14"": 1, ""15"": 1, ""16"": 0}",15,"[0.0, 0.0, 0.0, 0.0, 0.0, 0.0, 0.0, 0.0, 0.0, 0.0, 0.0, 0.0, 0.0, 0.0, 0.0]",0.0,0.0,0.0,0.0,0.0,0.0,0.0,0.0,0.0,0.0,0.0,0.0,0.0,0.0,0.0
sp-risk-60_31,31,sp-risk-60,42,73,44342,1,uniform,2,near_main_road,23,551.488937066868,551.8555532651953,0.8,16,17,"[1, 1, 1, 1, 1, 1, 1, 1, 1, 1, 1, 1, 1, 1, 1, 1, 0]","{""0"": 1, ""1"": 1, ""2"": 1, ""3"": 1, ""4"": 1, ""5"": 1, ""6"": 1, ""7"": 1, ""8"": 1, ""9"": 1, ""10"": 1, ""11"": 1, ""12"": 1, ""13"": 1, ""14"": 1, ""15"": 1, ""16"": 0}",15,"[0.0, 0.0, 0.0, 0.0, 0.0, 0.0, 0.0, 0.0, 0.0, 0.0, 0.0, 0.0, 0.0, 0.0, 0.0]",0.0,0.0,0.0,0.0,0.0,0.0,0.0,0.0,0.0,0.0,0.0,0.0,0.0,0.0,0.0
sp-risk-60_32,32,sp-risk-60,42,74,43741,3,ring,3,far_from_exit_and_main_road,13,398.093217626214,500.3884708681144,0.8,13,17,"[0, 1, 1, 1, 1, 0, 0, 1, 1, 1, 0, 1, 1, 1, 1, 1, 1]","{""0"": 0, ""1"": 1, ""2"": 1, ""3"": 1, ""4"": 1, ""5"": 0, ""6"": 0, ""7"": 1, ""8"": 1, ""9"": 1, ""10"": 0, ""11"": 1, ""12"": 1, ""13"": 1, ""14"": 1, ""15"": 1, ""16"": 1}",15,"[0.0, 0.0, 0.0, 0.0, 0.0, 0.0, 0.0, 0.0, 0.0, 0.0, 0.0, 0.0, 0.0, 0.0, 0.0]",0.0,0.0,0.0,0.0,0.0,0.0,0.0,0.0,0.0,0.0,0.0,0.0,0.0,0.0,0.0
sp-risk-60_33,33,sp-risk-60,42,75,45696,3,ring,2,near_main_road,2,267.4722720272839,634.0603767363355,0.8,14,17,"[1, 1, 1, 1, 1, 1, 1, 1, 0, 1, 1, 0, 1, 1, 1, 1, 0]","{""0"": 1, ""1"": 1, ""2"": 1, ""3"": 1, ""4"": 1, ""5"": 1, ""6"": 1, ""7"": 1, ""8"": 0, ""9"": 1, ""10"": 1, ""11"": 0, ""12"": 1, ""13"": 1, ""14"": 1, ""15"": 1, ""16"": 0}",15,"[0.0, 0.0, 0.0, 0.0, 0.0, 0.0, 0.0, 0.0, 0.0, 0.0, 0.0, 0.0, 0.0, 0.0, 0.0]",0.0,0.0,0.0,0.0,0.0,0.0,0.0,0.0,0.0,0.0,0.0,0.0,0.0,0.0,0.0
sp-risk-60_34,34,sp-risk-60,42,76,46299,1,uniform,2,near_main_road,5,510.4240275286138,654.1865576659329,0.8,14,17,"[1, 0, 1, 1, 1, 1, 1, 0, 1, 1, 0, 1, 1, 1, 1, 1, 1]","{""0"": 1, ""1"": 0, ""2"": 1, ""3"": 1, ""4"": 1, ""5"": 1, ""6"": 1, ""7"": 0, ""8"": 1, ""9"": 1, ""10"": 0, ""11"": 1, ""12"": 1, ""13"": 1, ""14"": 1, ""15"": 1, ""16"": 1}",15,"[0.0, 0.0, 0.0, 0.0, 0.0, 0.0, 0.0, 0.0, 0.0, 0.0, 0.0, 0.0, 0.0, 0.0, 0.0]",0.0,0.0,0.0,0.0,0.0,0.0,0.0,0.0,0.0,0.0,0.0,0.0,0.0,0.0,0.0
sp-risk-60_35,35,sp-risk-60,42,77,46366,2,center,3,far_from_exit_and_main_road,2,231.03263388574123,524.1789293033071,0.8,13,17,"[1, 1, 1, 0, 1, 1, 1, 1, 1, 1, 1, 0, 1, 0, 1, 0, 1]","{""0"": 1, ""1"": 1, ""2"": 1, ""3"": 0, ""4"": 1, ""5"": 1, ""6"": 1, ""7"": 1, ""8"": 1, ""9"": 1, ""10"": 1, ""11"": 0, ""12"": 1, ""13"": 0, ""14"": 1, ""15"": 0, ""16"": 1}",15,"[0.0, 0.0, 0.0, 0.0, 0.0, 0.0, 0.0, 0.0, 0.0, 0.0, 0.0, 0.0, 0.0, 0.0, 0.0]",0.0,0.0,0.0,0.0,0.0,0.0,0.0,0.0,0.0,0.0,0.0,0.0,0.0,0.0,0.0
sp-risk-60_36,36,sp-risk-60,42,78,46953,1,uniform,1,near_exit,5,607.692234840244,160.23257428733632,0.8,14,17,"[0, 1, 0, 1, 1, 1, 1, 1, 1, 1, 1, 1, 1, 1, 0, 1, 1]","{""0"": 0, ""1"": 1, ""2"": 0, ""3"": 1, ""4"": 1, ""5"": 1, ""6"": 1, ""7"": 1, ""8"": 1, ""9"": 1, ""10"": 1, ""11"": 1, ""12"": 1, ""13"": 1, ""14"": 0, ""15"": 1, ""16"": 1}",15,"[0.0, 0.0, 0.0, 0.0, 0.0, 0.0, 0.0, 0.0, 0.0, 0.0, 0.0, 0.0, 0.0, 0.0, 0.0]",0.0,0.0,0.0,0.0,0.0,0.0,0.0,0.0,0.0,0.0,0.0,0.0,0.0,0.0,0.0
sp-risk-60_37,37,sp-risk-60,42,79,47963,2,center,3,far_from_exit_and_main_road,16,481.59421090222895,213.75055827572942,0.8,14,17,"[1, 1, 1, 1, 1, 1, 1, 1, 0, 1, 1, 1, 0, 1, 0, 1, 1]","{""0"": 1, ""1"": 1, ""2"": 1, ""3"": 1, ""4"": 1, ""5"": 1, ""6"": 1, ""7"": 1, ""8"": 0, ""9"": 1, ""10"": 1, ""11"": 1, ""12"": 0, ""13"": 1, ""14"": 0, ""15"": 1, ""16"": 1}",15,"[0.0, 0.0, 0.0, 0.0, 0.0, 0.0, 0.0, 0.0, 0.0, 0.0, 0.0, 0.0, 0.0, 0.0, 0.0]",0.0,0.0,0.0,0.0,0.0,0.0,0.0,0.0,0.0,0.0,0.0,0.0,0.0,0.0,0.0
sp-risk-60_38,38,sp-risk-60,42,80,42137,1,uniform,2,near_main_road,26,332.9136118795723,507.3029390820302,0.8,11,17,"[1, 1, 1, 0, 1, 1, 1, 1, 0, 0, 0, 0, 1, 1, 0, 1, 1]","{""0"": 1, ""1"": 1, ""2"": 1, ""3"": 0, ""4"": 1, ""5"": 1, ""6"": 1, ""7"": 1, ""8"": 0, ""9"": 0, ""10"": 0, ""11"": 0, ""12"": 1, ""13"": 1, ""14"": 0, ""15"": 1, ""16"": 1}",15,"[0.0, 0.0, 0.0, 0.0, 0.0, 0.0, 0.0, 0.0, 0.0, 0.0, 0.0, 0.0, 0.0, 0.0, 0.0]",0.0,0.0,0.0,0.0,0.0,0.0,0.0,0.0,0.0,0.0,0.0,0.0,0.0,0.0,0.0
sp-risk-60_39,39,sp-risk-60,42,81,49500,2,center,2,near_main_road,26,332.9136118795723,507.3029390820302,0.8,15,17,"[1, 1, 1, 1, 0, 1, 1, 1, 1, 0, 1, 1, 1, 1, 1, 1, 1]","{""0"": 1, ""1"": 1, ""2"": 1, ""3"": 1, ""4"": 0, ""5"": 1, ""6"": 1, ""7"": 1, ""8"": 1, ""9"": 0, ""10"": 1, ""11"": 1, ""12"": 1, ""13"": 1, ""14"": 1, ""15"": 1, ""16"": 1}",15,"[0.0, 0.0, 0.0, 0.0, 0.0, 0.0, 0.0, 0.0, 0.0, 0.0, 0.0, 0.0, 0.0, 0.0, 0.0]",0.0,0.0,0.0,0.0,0.0,0.0,0.0,0.0,0.0,0.0,0.0,0.0,0.0,0.0,0.0
sp-risk-60_40,40,sp-risk-60,42,82,45723,3,ring,1,near_exit,18,142.27742606028914,514.490860844031,0.8,13,17,"[1, 1, 1, 0, 0, 1, 1, 1, 0, 1, 1, 1, 1, 0, 1, 1, 1]","{""0"": 1, ""1"": 1, ""2"": 1, ""3"": 0, ""4"": 0, ""5"": 1, ""6"": 1, ""7"": 1, ""8"": 0, ""9"": 1, ""10"": 1, ""11"": 1, ""12"": 1, ""13"": 0, ""14"": 1, ""15"": 1, ""16"": 1}",15,"[0.0, 0.0, 0.0, 0.0, 0.0, 0.0, 0.0, 0.0, 0.0, 0.0, 0.0, 0.0, 0.0, 0.0, 0.0]",0.0,0.0,0.0,0.0,0.0,0.0,0.0,0.0,0.0,0.0,0.0,0.0,0.0,0.0,0.0
sp-risk-60_41,41,sp-risk-60,42,83,47304,1,uniform,1,near_exit,10,117.86349353380501,401.6467395685613,0.8,13,17,"[1, 0, 1, 1, 1, 1, 1, 1, 0, 1, 1, 1, 0, 1, 1, 0, 1]","{""0"": 1, ""1"": 0, ""2"": 1, ""3"": 1, ""4"": 1, ""5"": 1, ""6"": 1, ""7"": 1, ""8"": 0, ""9"": 1, ""10"": 1, ""11"": 1, ""12"": 0, ""13"": 1, ""14"": 1, ""15"": 0, ""16"": 1}",15,"[0.0, 0.0, 0.0, 0.0, 0.0, 0.0, 0.0, 0.0, 0.0, 0.0, 0.0, 0.0, 0.0, 0.0, 0.0]",0.0,0.0,0.0,0.0,0.0,0.0,0.0,0.0,0.0,0.0,0.0,0.0,0.0,0.0,0.0
sp-risk-60_42,42,sp-risk-60,42,84,49880,2,center,3,far_from_exit_and_main_road,2,231.03263388574123,524.1789293033071,0.8,14,17,"[1, 0, 1, 1, 0, 1, 1, 1, 1, 1, 1, 1, 1, 1, 1, 0, 1]","{""0"": 1, ""1"": 0, ""2"": 1, ""3"": 1, ""4"": 0, ""5"": 1, ""6"": 1, ""7"": 1, ""8"": 1, ""9"": 1, ""10"": 1, ""11"": 1, ""12"": 1, ""13"": 1, ""14"": 1, ""15"": 0, ""16"": 1}",15,"[0.0, 0.0, 0.0, 0.0, 0.0, 0.0, 0.0, 0.0, 0.0, 0.0, 0.0, 0.0, 0.0, 0.0, 0.0]",0.0,0.0,0.0,0.0,0.0,0.0,0.0,0.0,0.0,0.0,0.0,0.0,0.0,0.0,0.0
sp-risk-60_43,43,sp-risk-60,42,85,40088,1,uniform,3,far_from_exit_and_main_road,10,278.9456014893949,554.5908700102009,0.8,14,17,"[1, 1, 1, 0, 1, 1, 1, 0, 1, 1, 1, 0, 1, 1, 1, 1, 1]","{""0"": 1, ""1"": 1, ""2"": 1, ""3"": 0, ""4"": 1, ""5"": 1, ""6"": 1, ""7"": 0, ""8"": 1, ""9"": 1, ""10"": 1, ""11"": 0, ""12"": 1, ""13"": 1, ""14"": 1, ""15"": 1, ""16"": 1}",15,"[0.0, 0.0, 0.0, 0.0, 0.0, 0.0, 0.0, 0.0, 0.0, 0.0, 0.0, 0.0, 0.0, 0.0, 0.0]",0.0,0.0,0.0,0.0,0.0,0.0,0.0,0.0,0.0,0.0,0.0,0.0,0.0,0.0,0.0
sp-risk-60_44,44,sp-risk-60,42,86,43415,3,ring,3,far_from_exit_and_main_road,13,398.093217626214,500.3884708681144,0.8,12,17,"[1, 1, 0, 1, 1, 1, 1, 1, 0, 0, 1, 0, 1, 0, 1, 1, 1]","{""0"": 1, ""1"": 1, ""2"": 0, ""3"": 1, ""4"": 1, ""5"": 1, ""6"": 1, ""7"": 1, ""8"": 0, ""9"": 0, ""10"": 1, ""11"": 0, ""12"": 1, ""13"": 0, ""14"": 1, ""15"": 1, ""16"": 1}",15,"[0.0, 0.0, 0.0, 0.0, 0.0, 0.0, 0.0, 0.0, 0.0, 0.0, 0.0, 0.0, 0.0, 0.0, 0.0]",0.0,0.0,0.0,0.0,0.0,0.0,0.0,0.0,0.0,0.0,0.0,0.0,0.0,0.0,0.0
sp-risk-60_45,45,sp-risk-60,42,87,43292,1,uniform,1,near_exit,1,598.6917067151517,742.8667610823177,0.8,14,17,"[1, 1, 0, 1, 1, 1, 1, 1, 1, 1, 1, 1, 1, 0, 1, 0, 1]","{""0"": 1, ""1"": 1, ""2"": 0, ""3"": 1, ""4"": 1, ""5"": 1, ""6"": 1, ""7"": 1, ""8"": 1, ""9"": 1, ""10"": 1, ""11"": 1, ""12"": 1, ""13"": 0, ""14"": 1, ""15"": 0, ""16"": 1}",15,"[0.0, 0.0, 0.0, 0.0, 0.0, 0.0, 0.0, 0.0, 0.0, 0.0, 0.0, 0.0, 0.0, 0.0, 0.0]",0.0,0.0,0.0,0.0,0.0,0.0,0.0,0.0,0.0,0.0,0.0,0.0,0.0,0.0,0.0
sp-risk-60_46,46,sp-risk-60,42,88,47609,3,ring,3,far_from_exit_and_main_road,17,284.31701041199267,317.760567443911,0.8,14,17,"[1, 1, 0, 1, 1, 1, 0, 1, 1, 0, 1, 1, 1, 1, 1, 1, 1]","{""0"": 1, ""1"": 1, ""2"": 0, ""3"": 1, ""4"": 1, ""5"": 1, ""6"": 0, ""7"": 1, ""8"": 1, ""9"": 0, ""10"": 1, ""11"": 1, ""12"": 1, ""13"": 1, ""14"": 1, ""15"": 1, ""16"": 1}",15,"[0.0, 0.0, 0.0, 0.0, 0.0, 0.0, 0.0, 0.0, 0.0, 0.0, 0.0, 0.0, 0.0, 0.0, 0.0]",0.0,0.0,0.0,0.0,0.0,0.0,0.0,0.0,0.0,0.0,0.0,0.0,0.0,0.0,0.0
sp-risk-60_47,47,sp-risk-60,42,89,49149,2,center,2,near_main_road,15,464.48383192904294,346.98103199340403,0.8,13,17,"[1, 1, 0, 1, 0, 1, 1, 0, 1, 1, 1, 0, 1, 1, 1, 1, 1]","{""0"": 1, ""1"": 1, ""2"": 0, ""3"": 1, ""4"": 0, ""5"": 1, ""6"": 1, ""7"": 0, ""8"": 1, ""9"": 1, ""10"": 1, ""11"": 0, ""12"": 1, ""13"": 1, ""14"": 1, ""15"": 1, ""16"": 1}",15,"[0.0, 0.0, 0.0, 0.0, 0.0, 0.0, 0.0, 0.0, 0.0, 0.0, 0.0, 0.0, 0.0, 0.0, 0.0]",0.0,0.0,0.0,0.0,0.0,0.0,0.0,0.0,0.0,0.0,0.0,0.0,0.0,0.0,0.0
sp-risk-60_48,48,sp-risk-60,42,90,46105,1,uniform,2,near_main_road,5,510.4240275286138,654.1865576659329,0.8,13,17,"[1, 1, 1, 1, 1, 1, 1, 0, 0, 1, 1, 1, 1, 1, 1, 0, 0]","{""0"": 1, ""1"": 1, ""2"": 1, ""3"": 1, ""4"": 1, ""5"": 1, ""6"": 1, ""7"": 0, ""8"": 0, ""9"": 1, ""10"": 1, ""11"": 1, ""12"": 1, ""13"": 1, ""14"": 1, ""15"": 0, ""16"": 0}",15,"[0.0, 0.0, 0.0, 0.0, 0.0, 0.0, 0.0, 0.0, 0.0, 0.0, 0.0, 0.0, 0.0, 0.0, 0.0]",0.0,0.0,0.0,0.0,0.0,0.0,0.0,0.0,0.0,0.0,0.0,0.0,0.0,0.0,0.0
sp-risk-60_49,49,sp-risk-60,42,91,41432,2,center,2,near_main_road,26,332.9136118795723,507.3029390820302,0.8,13,17,"[1, 1, 1, 1, 0, 0, 1, 1, 0, 1, 1, 1, 1, 0, 1, 1, 1]","{""0"": 1, ""1"": 1, ""2"": 1, ""3"": 1, ""4"": 0, ""5"": 0, ""6"": 1, ""7"": 1, ""8"": 0, ""9"": 1, ""10"": 1, ""11"": 1, ""12"": 1, ""13"": 0, ""14"": 1, ""15"": 1, ""16"": 1}",15,"[0.0, 0.0, 0.0, 0.0, 0.0, 0.0, 0.0, 0.0, 0.0, 0.0, 0.0, 0.0, 0.0, 0.0, 0.0]",0.0,0.0,0.0,0.0,0.0,0.0,0.0,0.0,0.0,0.0,0.0,0.0,0.0,0.0,0.0
sp-risk-60_50,50,sp-risk-60,42,92,42702,3,ring,3,far_from_exit_and_main_road,17,284.31701041199267,317.760567443911,0.8,11,17,"[1, 1, 1, 1, 0, 0, 1, 0, 1, 1, 0, 0, 1, 1, 1, 0, 1]","{""0"": 1, ""1"": 1, ""2"": 1, ""3"": 1, ""4"": 0, ""5"": 0, ""6"": 1, ""7"": 0, ""8"": 1, ""9"": 1, ""10"": 0, ""11"": 0, ""12"": 1, ""13"": 1, ""14"": 1, ""15"": 0, ""16"": 1}",15,"[0.0, 0.0, 0.0, 0.0, 0.0, 0.0, 0.0, 0.0, 0.0, 0.0, 0.0, 0.0, 0.0, 0.0, 0.0]",0.0,0.0,0.0,0.0,0.0,0.0,0.0,0.0,0.0,0.0,0.0,0.0,0.0,0.0,0.0
