4288
Building 4 5 0.062
33.000 27.750
33.250 27.750
33.250 27.500
33.000 27.500
Building 4 5 0.062
33.000 28.000
33.250 28.000
33.250 27.750
33.000 27.750
Building 4 5 0.062
33.000 28.250
33.250 28.250
33.250 28.000
33.000 28.000
Building 4 5 0.062
33.000 28.500
33.250 28.500
33.250 28.250
33.000 28.250
Building 4 5 0.062
33.000 28.750
33.250 28.750
33.250 28.500
33.000 28.500
Building 4 5 0.062
33.000 29.000
33.250 29.000
33.250 28.750
33.000 28.750
Building 4 5 0.062
33.000 29.250
33.250 29.250
33.250 29.000
33.000 29.000
Building 4 5 0.062
33.000 29.500
33.250 29.500
33.250 29.250
33.000 29.250
Building 4 5 0.062
33.000 29.750
33.250 29.750
33.250 29.500
33.000 29.500
Building 4 5 0.062
33.000 30.000
33.250 30.000
33.250 29.750
33.000 29.750
Building 4 5 0.062
33.000 30.250
33.250 30.250
33.250 30.000
33.000 30.000
Building 4 5 0.062
33.000 30.500
33.250 30.500
33.250 30.250
33.000 30.250
Building 4 5 0.062
33.000 30.750
33.250 30.750
33.250 30.500
33.000 30.500
Building 4 5 0.062
33.000 31.000
33.250 31.000
33.250 30.750
33.000 30.750
Building 4 5 0.062
33.000 31.250
33.250 31.250
33.250 31.000
33.000 31.000
Building 4 5 0.062
33.000 31.500
33.250 31.500
33.250 31.250
33.000 31.250
Building 4 5 0.062
33.000 31.750
33.250 31.750
33.250 31.500
33.000 31.500
Building 4 5 0.062
33.000 32.000
33.250 32.000
33.250 31.750
33.000 31.750
Building 4 5 0.062
33.000 32.250
33.250 32.250
33.250 32.000
33.000 32.000
Building 4 5 0.062
33.000 32.500
33.250 32.500
33.250 32.250
33.000 32.250
Building 4 5 0.062
33.250 27.500
33.250 27.750
33.500 27.750
33.500 27.500
Building 4 5 0.062
33.250 27.750
33.250 28.000
33.500 28.000
33.500 27.750
Building 4 5 0.062
33.250 28.000
33.250 28.250
33.500 28.250
33.500 28.000
Building 4 5 0.062
33.250 28.250
33.250 28.500
33.500 28.500
33.500 28.250
Building 4 5 0.062
33.250 28.500
33.250 28.750
33.500 28.750
33.500 28.500
Building 4 5 0.062
33.250 28.750
33.250 29.000
33.500 29.000
33.500 28.750
Building 4 5 0.062
33.250 29.000
33.250 29.250
33.500 29.250
33.500 29.000
Building 4 5 0.062
33.250 29.250
33.250 29.500
33.500 29.500
33.500 29.250
Building 4 5 0.062
33.250 29.500
33.250 29.750
33.500 29.750
33.500 29.500
Building 4 5 0.062
33.250 29.750
33.250 30.000
33.500 30.000
33.500 29.750
Building 4 5 0.062
33.250 30.000
33.250 30.250
33.500 30.250
33.500 30.000
Building 4 5 0.062
33.250 30.250
33.250 30.500
33.500 30.500
33.500 30.250
Building 4 5 0.062
33.250 30.500
33.250 30.750
33.500 30.750
33.500 30.500
Building 4 5 0.062
33.250 30.750
33.250 31.000
33.500 31.000
33.500 30.750
Building 4 5 0.062
33.250 31.000
33.250 31.250
33.500 31.250
33.500 31.000
Building 4 5 0.062
33.250 31.250
33.250 31.500
33.500 31.500
33.500 31.250
Building 4 5 0.062
33.250 31.500
33.250 31.750
33.500 31.750
33.500 31.500
Building 4 5 0.062
33.250 31.750
33.250 32.000
33.500 32.000
33.500 31.750
Building 4 5 0.062
33.250 32.000
33.250 32.250
33.500 32.250
33.500 32.000
Building 4 5 0.062
33.500 32.500
33.500 32.250
33.250 32.250
33.250 32.500
Building 4 5 0.062
33.500 27.500
33.500 27.750
33.750 27.750
33.750 27.500
Building 4 5 0.062
33.500 27.750
33.500 28.000
33.750 28.000
33.750 27.750
Building 4 5 0.062
33.500 28.000
33.500 28.250
33.750 28.250
33.750 28.000
Building 4 5 0.062
33.500 28.250
33.500 28.500
33.750 28.500
33.750 28.250
Building 4 5 0.062
33.500 28.500
33.500 28.750
33.750 28.750
33.750 28.500
Building 4 5 0.062
33.500 28.750
33.500 29.000
33.750 29.000
33.750 28.750
Building 4 5 0.062
33.500 29.000
33.500 29.250
33.750 29.250
33.750 29.000
Building 4 5 0.062
33.500 29.250
33.500 29.500
33.750 29.500
33.750 29.250
Building 4 5 0.062
33.500 29.500
33.500 29.750
33.750 29.750
33.750 29.500
Building 4 5 0.062
33.500 29.750
33.500 30.000
33.750 30.000
33.750 29.750
Building 4 5 0.062
33.500 30.000
33.500 30.250
33.750 30.250
33.750 30.000
Building 4 5 0.062
33.500 30.250
33.500 30.500
33.750 30.500
33.750 30.250
Building 4 5 0.062
33.500 30.500
33.500 30.750
33.750 30.750
33.750 30.500
Building 4 5 0.062
33.500 30.750
33.500 31.000
33.750 31.000
33.750 30.750
Building 4 5 0.062
33.500 31.000
33.500 31.250
33.750 31.250
33.750 31.000
Building 4 5 0.062
33.500 31.250
33.500 31.500
33.750 31.500
33.750 31.250
Building 4 5 0.062
33.500 31.500
33.500 31.750
33.750 31.750
33.750 31.500
Building 4 5 0.062
33.500 31.750
33.500 32.000
33.750 32.000
33.750 31.750
Building 4 5 0.062
33.500 32.000
33.500 32.250
33.750 32.250
33.750 32.000
Building 4 5 0.062
33.750 32.500
33.750 32.250
33.500 32.250
33.500 32.500
Building 4 5 0.062
33.750 27.500
33.750 27.750
34.000 27.750
34.000 27.500
Building 4 5 0.062
33.750 27.750
33.750 28.000
34.000 28.000
34.000 27.750
Building 4 5 0.062
33.750 28.000
33.750 28.250
34.000 28.250
34.000 28.000
Building 4 5 0.062
33.750 28.250
33.750 28.500
34.000 28.500
34.000 28.250
Building 4 5 0.062
33.750 28.500
33.750 28.750
34.000 28.750
34.000 28.500
Building 4 5 0.062
33.750 28.750
33.750 29.000
34.000 29.000
34.000 28.750
Building 4 5 0.062
33.750 29.000
33.750 29.250
34.000 29.250
34.000 29.000
Building 4 5 0.062
33.750 29.250
33.750 29.500
34.000 29.500
34.000 29.250
Building 4 5 0.062
33.750 29.500
33.750 29.750
34.000 29.750
34.000 29.500
Building 4 5 0.062
33.750 29.750
33.750 30.000
34.000 30.000
34.000 29.750
Building 4 5 0.062
33.750 30.000
33.750 30.250
34.000 30.250
34.000 30.000
Building 4 5 0.062
33.750 30.250
33.750 30.500
34.000 30.500
34.000 30.250
Building 4 5 0.062
33.750 30.500
33.750 30.750
34.000 30.750
34.000 30.500
Building 4 5 0.062
33.750 30.750
33.750 31.000
34.000 31.000
34.000 30.750
Building 4 5 0.062
33.750 31.000
33.750 31.250
34.000 31.250
34.000 31.000
Building 4 5 0.062
33.750 31.250
33.750 31.500
34.000 31.500
34.000 31.250
Building 4 5 0.062
33.750 31.500
33.750 31.750
34.000 31.750
34.000 31.500
Building 4 5 0.062
33.750 31.750
33.750 32.000
34.000 32.000
34.000 31.750
Building 4 5 0.062
33.750 32.000
33.750 32.250
34.000 32.250
34.000 32.000
Building 4 5 0.062
34.000 32.500
34.000 32.250
33.750 32.250
33.750 32.500
Building 4 5 0.062
34.000 27.500
34.000 27.750
34.250 27.750
34.250 27.500
Building 4 5 0.062
34.000 27.750
34.000 28.000
34.250 28.000
34.250 27.750
Building 4 5 0.062
34.000 28.000
34.000 28.250
34.250 28.250
34.250 28.000
Building 4 5 0.062
34.000 28.250
34.000 28.500
34.250 28.500
34.250 28.250
Building 4 5 0.062
34.000 28.500
34.000 28.750
34.250 28.750
34.250 28.500
Building 4 5 0.062
34.000 28.750
34.000 29.000
34.250 29.000
34.250 28.750
Building 4 5 0.062
34.000 29.000
34.000 29.250
34.250 29.250
34.250 29.000
Building 4 5 0.062
34.000 29.250
34.000 29.500
34.250 29.500
34.250 29.250
Building 4 5 0.062
34.000 29.500
34.000 29.750
34.250 29.750
34.250 29.500
Building 4 5 0.062
34.000 29.750
34.000 30.000
34.250 30.000
34.250 29.750
Building 4 5 0.062
34.000 30.000
34.000 30.250
34.250 30.250
34.250 30.000
Building 4 5 0.062
34.000 30.250
34.000 30.500
34.250 30.500
34.250 30.250
Building 4 5 0.062
34.000 30.500
34.000 30.750
34.250 30.750
34.250 30.500
Building 4 5 0.062
34.000 30.750
34.000 31.000
34.250 31.000
34.250 30.750
Building 4 5 0.062
34.000 31.000
34.000 31.250
34.250 31.250
34.250 31.000
Building 4 5 0.062
34.000 31.250
34.000 31.500
34.250 31.500
34.250 31.250
Building 4 5 0.062
34.000 31.500
34.000 31.750
34.250 31.750
34.250 31.500
Building 4 5 0.062
34.000 31.750
34.000 32.000
34.250 32.000
34.250 31.750
Building 4 5 0.062
34.000 32.000
34.000 32.250
34.250 32.250
34.250 32.000
Building 4 5 0.062
34.250 32.500
34.250 32.250
34.000 32.250
34.000 32.500
Building 4 5 0.062
34.250 27.500
34.250 27.750
34.500 27.750
34.500 27.500
Building 4 5 0.062
34.250 27.750
34.250 28.000
34.500 28.000
34.500 27.750
Building 4 5 0.062
34.250 28.000
34.250 28.250
34.500 28.250
34.500 28.000
Building 4 5 0.062
34.250 28.250
34.250 28.500
34.500 28.500
34.500 28.250
Building 4 5 0.062
34.250 28.500
34.250 28.750
34.500 28.750
34.500 28.500
Building 4 5 0.062
34.250 28.750
34.250 29.000
34.500 29.000
34.500 28.750
Building 4 5 0.062
34.250 29.000
34.250 29.250
34.500 29.250
34.500 29.000
Building 4 5 0.062
34.250 29.250
34.250 29.500
34.500 29.500
34.500 29.250
Building 4 5 0.062
34.250 29.500
34.250 29.750
34.500 29.750
34.500 29.500
Building 4 5 0.062
34.250 29.750
34.250 30.000
34.500 30.000
34.500 29.750
Building 4 5 0.062
34.250 30.000
34.250 30.250
34.500 30.250
34.500 30.000
Building 4 5 0.062
34.250 30.250
34.250 30.500
34.500 30.500
34.500 30.250
Building 4 5 0.062
34.250 30.500
34.250 30.750
34.500 30.750
34.500 30.500
Building 4 5 0.062
34.250 30.750
34.250 31.000
34.500 31.000
34.500 30.750
Building 4 5 0.062
34.250 31.000
34.250 31.250
34.500 31.250
34.500 31.000
Building 4 5 0.062
34.250 31.250
34.250 31.500
34.500 31.500
34.500 31.250
Building 4 5 0.062
34.250 31.500
34.250 31.750
34.500 31.750
34.500 31.500
Building 4 5 0.062
34.250 31.750
34.250 32.000
34.500 32.000
34.500 31.750
Building 4 5 0.062
34.250 32.000
34.250 32.250
34.500 32.250
34.500 32.000
Building 4 5 0.062
34.500 32.500
34.500 32.250
34.250 32.250
34.250 32.500
Building 4 5 0.062
34.500 27.500
34.500 27.750
34.750 27.750
34.750 27.500
Building 4 5 0.062
34.500 27.750
34.500 28.000
34.750 28.000
34.750 27.750
Building 4 5 0.062
34.500 28.000
34.500 28.250
34.750 28.250
34.750 28.000
Building 4 5 0.062
34.500 28.250
34.500 28.500
34.750 28.500
34.750 28.250
Building 4 5 0.062
34.500 28.500
34.500 28.750
34.750 28.750
34.750 28.500
Building 4 5 0.062
34.500 28.750
34.500 29.000
34.750 29.000
34.750 28.750
Building 4 5 0.062
34.500 29.000
34.500 29.250
34.750 29.250
34.750 29.000
Building 4 5 0.062
34.500 29.250
34.500 29.500
34.750 29.500
34.750 29.250
Building 4 5 0.062
34.500 29.500
34.500 29.750
34.750 29.750
34.750 29.500
Building 4 5 0.062
34.500 29.750
34.500 30.000
34.750 30.000
34.750 29.750
Building 4 5 0.062
34.500 30.000
34.500 30.250
34.750 30.250
34.750 30.000
Building 4 5 0.062
34.500 30.250
34.500 30.500
34.750 30.500
34.750 30.250
Building 4 5 0.062
34.500 30.500
34.500 30.750
34.750 30.750
34.750 30.500
Building 4 5 0.062
34.500 30.750
34.500 31.000
34.750 31.000
34.750 30.750
Building 4 5 0.062
34.500 31.000
34.500 31.250
34.750 31.250
34.750 31.000
Building 4 5 0.062
34.500 31.250
34.500 31.500
34.750 31.500
34.750 31.250
Building 4 5 0.062
34.500 31.500
34.500 31.750
34.750 31.750
34.750 31.500
Building 4 5 0.062
34.500 31.750
34.500 32.000
34.750 32.000
34.750 31.750
Building 4 5 0.062
34.500 32.000
34.500 32.250
34.750 32.250
34.750 32.000
Building 4 5 0.062
34.750 32.500
34.750 32.250
34.500 32.250
34.500 32.500
Building 4 5 0.062
34.750 27.500
34.750 27.750
35.000 27.750
35.000 27.500
Building 4 5 0.062
34.750 27.750
34.750 28.000
35.000 28.000
35.000 27.750
Building 4 5 0.062
34.750 28.000
34.750 28.250
35.000 28.250
35.000 28.000
Building 4 5 0.062
34.750 28.250
34.750 28.500
35.000 28.500
35.000 28.250
Building 4 5 0.062
34.750 28.500
34.750 28.750
35.000 28.750
35.000 28.500
Building 4 5 0.062
34.750 28.750
34.750 29.000
35.000 29.000
35.000 28.750
Building 4 5 0.062
34.750 29.000
34.750 29.250
35.000 29.250
35.000 29.000
Building 4 5 0.062
35.000 29.250
34.750 29.250
34.750 29.500
35.000 29.500
Building 4 5 0.062
35.000 29.500
34.750 29.500
34.750 29.750
35.000 29.750
Building 4 5 0.062
35.000 29.750
34.750 29.750
34.750 30.000
35.000 30.000
Building 4 5 0.062
35.000 30.000
34.750 30.000
34.750 30.250
35.000 30.250
Building 4 5 0.062
35.000 30.250
34.750 30.250
34.750 30.500
35.000 30.500
Building 4 5 0.062
34.750 30.500
34.750 30.750
35.000 30.750
35.000 30.500
Building 4 5 0.062
34.750 30.750
34.750 31.000
35.000 31.000
35.000 30.750
Building 4 5 0.062
34.750 31.000
34.750 31.250
35.000 31.250
35.000 31.000
Building 4 5 0.062
34.750 31.250
34.750 31.500
35.000 31.500
35.000 31.250
Building 4 5 0.062
34.750 31.500
34.750 31.750
35.000 31.750
35.000 31.500
Building 4 5 0.062
34.750 31.750
34.750 32.000
35.000 32.000
35.000 31.750
Building 4 5 0.062
34.750 32.000
34.750 32.250
35.000 32.250
35.000 32.000
Building 4 5 0.062
35.000 32.500
35.000 32.250
34.750 32.250
34.750 32.500
Building 4 5 0.062
35.000 27.500
35.000 27.750
35.250 27.750
35.250 27.500
Building 4 5 0.062
35.000 27.750
35.000 28.000
35.250 28.000
35.250 27.750
Building 4 5 0.062
35.000 28.000
35.000 28.250
35.250 28.250
35.250 28.000
Building 4 5 0.062
35.000 28.250
35.000 28.500
35.250 28.500
35.250 28.250
Building 4 5 0.062
35.000 28.500
35.000 28.750
35.250 28.750
35.250 28.500
Building 4 5 0.062
35.000 28.750
35.000 29.000
35.250 29.000
35.250 28.750
Building 4 5 0.062
35.000 29.000
35.000 29.250
35.250 29.250
35.250 29.000
Building 4 5 0.062
35.250 29.500
35.250 29.250
35.000 29.250
35.000 29.500
Building 4 5 0.062
35.000 30.500
35.000 30.750
35.250 30.750
35.250 30.500
Building 4 5 0.062
35.000 30.750
35.000 31.000
35.250 31.000
35.250 30.750
Building 4 5 0.062
35.000 31.000
35.000 31.250
35.250 31.250
35.250 31.000
Building 4 5 0.062
35.000 31.250
35.000 31.500
35.250 31.500
35.250 31.250
Building 4 5 0.062
35.000 31.500
35.000 31.750
35.250 31.750
35.250 31.500
Building 4 5 0.062
35.000 31.750
35.000 32.000
35.250 32.000
35.250 31.750
Building 4 5 0.062
35.000 32.000
35.000 32.250
35.250 32.250
35.250 32.000
Building 4 5 0.062
35.250 32.500
35.250 32.250
35.000 32.250
35.000 32.500
Building 4 5 0.062
35.250 27.500
35.250 27.750
35.500 27.750
35.500 27.500
Building 4 5 0.062
35.250 27.750
35.250 28.000
35.500 28.000
35.500 27.750
Building 4 5 0.062
35.250 28.000
35.250 28.250
35.500 28.250
35.500 28.000
Building 4 5 0.062
35.250 28.250
35.250 28.500
35.500 28.500
35.500 28.250
Building 4 5 0.062
35.250 28.500
35.250 28.750
35.500 28.750
35.500 28.500
Building 4 5 0.062
35.250 28.750
35.250 29.000
35.500 29.000
35.500 28.750
Building 4 5 0.062
35.250 29.000
35.250 29.250
35.500 29.250
35.500 29.000
Building 4 5 0.062
35.500 29.500
35.500 29.250
35.250 29.250
35.250 29.500
Building 4 5 0.062
35.250 30.500
35.250 30.750
35.500 30.750
35.500 30.500
Building 4 5 0.062
35.250 30.750
35.250 31.000
35.500 31.000
35.500 30.750
Building 4 5 0.062
35.250 31.000
35.250 31.250
35.500 31.250
35.500 31.000
Building 4 5 0.062
35.250 31.250
35.250 31.500
35.500 31.500
35.500 31.250
Building 4 5 0.062
35.250 31.500
35.250 31.750
35.500 31.750
35.500 31.500
Building 4 5 0.062
35.250 31.750
35.250 32.000
35.500 32.000
35.500 31.750
Building 4 5 0.062
35.250 32.000
35.250 32.250
35.500 32.250
35.500 32.000
Building 4 5 0.062
35.500 32.500
35.500 32.250
35.250 32.250
35.250 32.500
Building 4 5 0.062
35.500 27.500
35.500 27.750
35.750 27.750
35.750 27.500
Building 4 5 0.062
35.500 27.750
35.500 28.000
35.750 28.000
35.750 27.750
Building 4 5 0.062
35.500 28.000
35.500 28.250
35.750 28.250
35.750 28.000
Building 4 5 0.062
35.500 28.250
35.500 28.500
35.750 28.500
35.750 28.250
Building 4 5 0.062
35.500 28.500
35.500 28.750
35.750 28.750
35.750 28.500
Building 4 5 0.062
35.500 28.750
35.500 29.000
35.750 29.000
35.750 28.750
Building 4 5 0.062
35.500 29.000
35.500 29.250
35.750 29.250
35.750 29.000
Building 4 5 0.062
35.750 29.500
35.750 29.250
35.500 29.250
35.500 29.500
Building 4 5 0.062
35.500 30.500
35.500 30.750
35.750 30.750
35.750 30.500
Building 4 5 0.062
35.500 30.750
35.500 31.000
35.750 31.000
35.750 30.750
Building 4 5 0.062
35.500 31.000
35.500 31.250
35.750 31.250
35.750 31.000
Building 4 5 0.062
35.500 31.250
35.500 31.500
35.750 31.500
35.750 31.250
Building 4 5 0.062
35.500 31.500
35.500 31.750
35.750 31.750
35.750 31.500
Building 4 5 0.062
35.500 31.750
35.500 32.000
35.750 32.000
35.750 31.750
Building 4 5 0.062
35.500 32.000
35.500 32.250
35.750 32.250
35.750 32.000
Building 4 5 0.062
35.750 32.500
35.750 32.250
35.500 32.250
35.500 32.500
Building 4 5 0.062
35.750 27.500
35.750 27.750
36.000 27.750
36.000 27.500
Building 4 5 0.062
35.750 27.750
35.750 28.000
36.000 28.000
36.000 27.750
Building 4 5 0.062
35.750 28.000
35.750 28.250
36.000 28.250
36.000 28.000
Building 4 5 0.062
35.750 28.250
35.750 28.500
36.000 28.500
36.000 28.250
Building 4 5 0.062
35.750 28.500
35.750 28.750
36.000 28.750
36.000 28.500
Building 4 5 0.062
35.750 28.750
35.750 29.000
36.000 29.000
36.000 28.750
Building 4 5 0.062
35.750 29.000
35.750 29.250
36.000 29.250
36.000 29.000
Building 4 5 0.062
36.000 29.500
36.000 29.250
35.750 29.250
35.750 29.500
Building 4 5 0.062
35.750 30.500
35.750 30.750
36.000 30.750
36.000 30.500
Building 4 5 0.062
35.750 30.750
35.750 31.000
36.000 31.000
36.000 30.750
Building 4 5 0.062
35.750 31.000
35.750 31.250
36.000 31.250
36.000 31.000
Building 4 5 0.062
35.750 31.250
35.750 31.500
36.000 31.500
36.000 31.250
Building 4 5 0.062
35.750 31.500
35.750 31.750
36.000 31.750
36.000 31.500
Building 4 5 0.062
35.750 31.750
35.750 32.000
36.000 32.000
36.000 31.750
Building 4 5 0.062
35.750 32.000
35.750 32.250
36.000 32.250
36.000 32.000
Building 4 5 0.062
36.000 32.500
36.000 32.250
35.750 32.250
35.750 32.500
Building 4 5 0.062
36.000 27.500
36.000 27.750
36.250 27.750
36.250 27.500
Building 4 5 0.062
36.000 27.750
36.000 28.000
36.250 28.000
36.250 27.750
Building 4 5 0.062
36.000 28.000
36.000 28.250
36.250 28.250
36.250 28.000
Building 4 5 0.062
36.000 28.250
36.000 28.500
36.250 28.500
36.250 28.250
Building 4 5 0.062
36.000 28.500
36.000 28.750
36.250 28.750
36.250 28.500
Building 4 5 0.062
36.000 28.750
36.000 29.000
36.250 29.000
36.250 28.750
Building 4 5 0.062
36.000 29.000
36.000 29.250
36.250 29.250
36.250 29.000
Building 4 5 0.062
36.250 29.500
36.250 29.250
36.000 29.250
36.000 29.500
Building 4 5 0.062
36.000 30.500
36.000 30.750
36.250 30.750
36.250 30.500
Building 4 5 0.062
36.000 30.750
36.000 31.000
36.250 31.000
36.250 30.750
Building 4 5 0.062
36.000 31.000
36.000 31.250
36.250 31.250
36.250 31.000
Building 4 5 0.062
36.000 31.250
36.000 31.500
36.250 31.500
36.250 31.250
Building 4 5 0.062
36.000 31.500
36.000 31.750
36.250 31.750
36.250 31.500
Building 4 5 0.062
36.000 31.750
36.000 32.000
36.250 32.000
36.250 31.750
Building 4 5 0.062
36.000 32.000
36.000 32.250
36.250 32.250
36.250 32.000
Building 4 5 0.062
36.250 32.500
36.250 32.250
36.000 32.250
36.000 32.500
Building 4 5 0.062
36.250 27.500
36.250 27.750
36.500 27.750
36.500 27.500
Building 4 5 0.062
36.250 27.750
36.250 28.000
36.500 28.000
36.500 27.750
Building 4 5 0.062
36.250 28.000
36.250 28.250
36.500 28.250
36.500 28.000
Building 4 5 0.062
36.250 28.250
36.250 28.500
36.500 28.500
36.500 28.250
Building 4 5 0.062
36.250 28.500
36.250 28.750
36.500 28.750
36.500 28.500
Building 4 5 0.062
36.250 28.750
36.250 29.000
36.500 29.000
36.500 28.750
Building 4 5 0.062
36.250 29.000
36.250 29.250
36.500 29.250
36.500 29.000
Building 4 5 0.062
36.500 29.500
36.500 29.250
36.250 29.250
36.250 29.500
Building 4 5 0.062
36.250 30.500
36.250 30.750
36.500 30.750
36.500 30.500
Building 4 5 0.062
36.250 30.750
36.250 31.000
36.500 31.000
36.500 30.750
Building 4 5 0.062
36.250 31.000
36.250 31.250
36.500 31.250
36.500 31.000
Building 4 5 0.062
36.250 31.250
36.250 31.500
36.500 31.500
36.500 31.250
Building 4 5 0.062
36.250 31.500
36.250 31.750
36.500 31.750
36.500 31.500
Building 4 5 0.062
36.250 31.750
36.250 32.000
36.500 32.000
36.500 31.750
Building 4 5 0.062
36.250 32.000
36.250 32.250
36.500 32.250
36.500 32.000
Building 4 5 0.062
36.500 32.500
36.500 32.250
36.250 32.250
36.250 32.500
Building 4 5 0.062
36.500 27.500
36.500 27.750
36.750 27.750
36.750 27.500
Building 4 5 0.062
36.500 27.750
36.500 28.000
36.750 28.000
36.750 27.750
Building 4 5 0.062
36.500 28.000
36.500 28.250
36.750 28.250
36.750 28.000
Building 4 5 0.062
36.500 28.250
36.500 28.500
36.750 28.500
36.750 28.250
Building 4 5 0.062
36.500 28.500
36.500 28.750
36.750 28.750
36.750 28.500
Building 4 5 0.062
36.500 28.750
36.500 29.000
36.750 29.000
36.750 28.750
Building 4 5 0.062
36.500 29.000
36.500 29.250
36.750 29.250
36.750 29.000
Building 4 5 0.062
36.750 29.500
36.750 29.250
36.500 29.250
36.500 29.500
Building 4 5 0.062
36.500 30.500
36.500 30.750
36.750 30.750
36.750 30.500
Building 4 5 0.062
36.500 30.750
36.500 31.000
36.750 31.000
36.750 30.750
Building 4 5 0.062
36.500 31.000
36.500 31.250
36.750 31.250
36.750 31.000
Building 4 5 0.062
36.500 31.250
36.500 31.500
36.750 31.500
36.750 31.250
Building 4 5 0.062
36.500 31.500
36.500 31.750
36.750 31.750
36.750 31.500
Building 4 5 0.062
36.500 31.750
36.500 32.000
36.750 32.000
36.750 31.750
Building 4 5 0.062
36.500 32.000
36.500 32.250
36.750 32.250
36.750 32.000
Building 4 5 0.062
36.750 32.500
36.750 32.250
36.500 32.250
36.500 32.500
Building 4 5 0.062
36.750 27.500
36.750 27.750
37.000 27.750
37.000 27.500
Building 4 5 0.062
36.750 27.750
36.750 28.000
37.000 28.000
37.000 27.750
Building 4 5 0.062
36.750 28.000
36.750 28.250
37.000 28.250
37.000 28.000
Building 4 5 0.062
36.750 28.250
36.750 28.500
37.000 28.500
37.000 28.250
Building 4 5 0.062
36.750 28.500
36.750 28.750
37.000 28.750
37.000 28.500
Building 4 5 0.062
36.750 28.750
36.750 29.000
37.000 29.000
37.000 28.750
Building 4 5 0.062
36.750 29.000
36.750 29.250
37.000 29.250
37.000 29.000
Building 4 5 0.062
37.000 29.500
37.000 29.250
36.750 29.250
36.750 29.500
Building 4 5 0.062
36.750 30.500
36.750 30.750
37.000 30.750
37.000 30.500
Building 4 5 0.062
36.750 30.750
36.750 31.000
37.000 31.000
37.000 30.750
Building 4 5 0.062
36.750 31.000
36.750 31.250
37.000 31.250
37.000 31.000
Building 4 5 0.062
36.750 31.250
36.750 31.500
37.000 31.500
37.000 31.250
Building 4 5 0.062
36.750 31.500
36.750 31.750
37.000 31.750
37.000 31.500
Building 4 5 0.062
36.750 31.750
36.750 32.000
37.000 32.000
37.000 31.750
Building 4 5 0.062
36.750 32.000
36.750 32.250
37.000 32.250
37.000 32.000
Building 4 5 0.062
37.000 32.500
37.000 32.250
36.750 32.250
36.750 32.500
Building 4 5 0.062
37.000 27.500
37.000 27.750
37.250 27.750
37.250 27.500
Building 4 5 0.062
37.000 27.750
37.000 28.000
37.250 28.000
37.250 27.750
Building 4 5 0.062
37.000 28.000
37.000 28.250
37.250 28.250
37.250 28.000
Building 4 5 0.062
37.000 28.250
37.000 28.500
37.250 28.500
37.250 28.250
Building 4 5 0.062
37.000 28.500
37.000 28.750
37.250 28.750
37.250 28.500
Building 4 5 0.062
37.000 28.750
37.000 29.000
37.250 29.000
37.250 28.750
Building 4 5 0.062
37.000 29.000
37.000 29.250
37.250 29.250
37.250 29.000
Building 4 5 0.062
37.250 29.500
37.250 29.250
37.000 29.250
37.000 29.500
Building 4 5 0.062
37.000 30.500
37.000 30.750
37.250 30.750
37.250 30.500
Building 4 5 0.062
37.000 30.750
37.000 31.000
37.250 31.000
37.250 30.750
Building 4 5 0.062
37.000 31.000
37.000 31.250
37.250 31.250
37.250 31.000
Building 4 5 0.062
37.000 31.250
37.000 31.500
37.250 31.500
37.250 31.250
Building 4 5 0.062
37.000 31.500
37.000 31.750
37.250 31.750
37.250 31.500
Building 4 5 0.062
37.000 31.750
37.000 32.000
37.250 32.000
37.250 31.750
Building 4 5 0.062
37.000 32.000
37.000 32.250
37.250 32.250
37.250 32.000
Building 4 5 0.062
37.250 32.500
37.250 32.250
37.000 32.250
37.000 32.500
Building 4 5 0.062
37.250 27.500
37.250 27.750
37.500 27.750
37.500 27.500
Building 4 5 0.062
37.250 27.750
37.250 28.000
37.500 28.000
37.500 27.750
Building 4 5 0.062
37.250 28.000
37.250 28.250
37.500 28.250
37.500 28.000
Building 4 5 0.062
37.250 28.250
37.250 28.500
37.500 28.500
37.500 28.250
Building 4 5 0.062
37.250 28.500
37.250 28.750
37.500 28.750
37.500 28.500
Building 4 5 0.062
37.250 28.750
37.250 29.000
37.500 29.000
37.500 28.750
Building 4 5 0.062
37.250 29.000
37.250 29.250
37.500 29.250
37.500 29.000
Building 4 5 0.062
37.500 29.500
37.500 29.250
37.250 29.250
37.250 29.500
Building 4 5 0.062
37.250 30.500
37.250 30.750
37.500 30.750
37.500 30.500
Building 4 5 0.062
37.250 30.750
37.250 31.000
37.500 31.000
37.500 30.750
Building 4 5 0.062
37.250 31.000
37.250 31.250
37.500 31.250
37.500 31.000
Building 4 5 0.062
37.250 31.250
37.250 31.500
37.500 31.500
37.500 31.250
Building 4 5 0.062
37.250 31.500
37.250 31.750
37.500 31.750
37.500 31.500
Building 4 5 0.062
37.250 31.750
37.250 32.000
37.500 32.000
37.500 31.750
Building 4 5 0.062
37.250 32.000
37.250 32.250
37.500 32.250
37.500 32.000
Building 4 5 0.062
37.500 32.500
37.500 32.250
37.250 32.250
37.250 32.500
Building 4 5 0.062
37.500 27.500
37.500 27.750
37.750 27.750
37.750 27.500
Building 4 5 0.062
37.500 27.750
37.500 28.000
37.750 28.000
37.750 27.750
Building 4 5 0.062
37.500 28.000
37.500 28.250
37.750 28.250
37.750 28.000
Building 4 5 0.062
37.500 28.250
37.500 28.500
37.750 28.500
37.750 28.250
Building 4 5 0.062
37.500 28.500
37.500 28.750
37.750 28.750
37.750 28.500
Building 4 5 0.062
37.500 28.750
37.500 29.000
37.750 29.000
37.750 28.750
Building 4 5 0.062
37.500 29.000
37.500 29.250
37.750 29.250
37.750 29.000
Building 4 5 0.062
37.750 29.500
37.750 29.250
37.500 29.250
37.500 29.500
Building 4 5 0.062
37.500 30.500
37.500 30.750
37.750 30.750
37.750 30.500
Building 4 5 0.062
37.500 30.750
37.500 31.000
37.750 31.000
37.750 30.750
Building 4 5 0.062
37.500 31.000
37.500 31.250
37.750 31.250
37.750 31.000
Building 4 5 0.062
37.500 31.250
37.500 31.500
37.750 31.500
37.750 31.250
Building 4 5 0.062
37.500 31.500
37.500 31.750
37.750 31.750
37.750 31.500
Building 4 5 0.062
37.500 31.750
37.500 32.000
37.750 32.000
37.750 31.750
Building 4 5 0.062
37.500 32.000
37.500 32.250
37.750 32.250
37.750 32.000
Building 4 5 0.062
37.750 32.500
37.750 32.250
37.500 32.250
37.500 32.500
Building 4 5 0.062
37.750 27.500
37.750 27.750
38.000 27.750
38.000 27.500
Building 4 5 0.062
37.750 27.750
37.750 28.000
38.000 28.000
38.000 27.750
Building 4 5 0.062
37.750 28.000
37.750 28.250
38.000 28.250
38.000 28.000
Building 4 5 0.062
37.750 28.250
37.750 28.500
38.000 28.500
38.000 28.250
Building 4 5 0.062
37.750 28.500
37.750 28.750
38.000 28.750
38.000 28.500
Building 4 5 0.062
37.750 28.750
37.750 29.000
38.000 29.000
38.000 28.750
Building 4 5 0.062
37.750 29.000
37.750 29.250
38.000 29.250
38.000 29.000
Building 4 5 0.062
38.000 29.500
38.000 29.250
37.750 29.250
37.750 29.500
Building 4 5 0.062
37.750 30.500
37.750 30.750
38.000 30.750
38.000 30.500
Building 4 5 0.062
37.750 30.750
37.750 31.000
38.000 31.000
38.000 30.750
Building 4 5 0.062
37.750 31.000
37.750 31.250
38.000 31.250
38.000 31.000
Building 4 5 0.062
37.750 31.250
37.750 31.500
38.000 31.500
38.000 31.250
Building 4 5 0.062
37.750 31.500
37.750 31.750
38.000 31.750
38.000 31.500
Building 4 5 0.062
37.750 31.750
37.750 32.000
38.000 32.000
38.000 31.750
Building 4 5 0.062
37.750 32.000
37.750 32.250
38.000 32.250
38.000 32.000
Building 4 5 0.062
38.000 32.500
38.000 32.250
37.750 32.250
37.750 32.500
Building 4 5 0.062
38.000 27.500
38.000 27.750
38.250 27.750
38.250 27.500
Building 4 5 0.062
38.000 27.750
38.000 28.000
38.250 28.000
38.250 27.750
Building 4 5 0.062
38.000 28.000
38.000 28.250
38.250 28.250
38.250 28.000
Building 4 5 0.062
38.000 28.250
38.000 28.500
38.250 28.500
38.250 28.250
Building 4 5 0.062
38.000 28.500
38.000 28.750
38.250 28.750
38.250 28.500
Building 4 5 0.062
38.000 28.750
38.000 29.000
38.250 29.000
38.250 28.750
Building 4 5 0.062
38.000 29.000
38.000 29.250
38.250 29.250
38.250 29.000
Building 4 5 0.062
38.250 29.500
38.250 29.250
38.000 29.250
38.000 29.500
Building 4 5 0.062
38.000 30.500
38.000 30.750
38.250 30.750
38.250 30.500
Building 4 5 0.062
38.000 30.750
38.000 31.000
38.250 31.000
38.250 30.750
Building 4 5 0.062
38.000 31.000
38.000 31.250
38.250 31.250
38.250 31.000
Building 4 5 0.062
38.000 31.250
38.000 31.500
38.250 31.500
38.250 31.250
Building 4 5 0.062
38.000 31.500
38.000 31.750
38.250 31.750
38.250 31.500
Building 4 5 0.062
38.000 31.750
38.000 32.000
38.250 32.000
38.250 31.750
Building 4 5 0.062
38.000 32.000
38.000 32.250
38.250 32.250
38.250 32.000
Building 4 5 0.062
38.250 32.500
38.250 32.250
38.000 32.250
38.000 32.500
Building 4 5 0.062
38.250 27.500
38.250 27.750
38.500 27.750
38.500 27.500
Building 4 5 0.062
38.250 27.750
38.250 28.000
38.500 28.000
38.500 27.750
Building 4 5 0.062
38.250 28.000
38.250 28.250
38.500 28.250
38.500 28.000
Building 4 5 0.062
38.250 28.250
38.250 28.500
38.500 28.500
38.500 28.250
Building 4 5 0.062
38.250 28.500
38.250 28.750
38.500 28.750
38.500 28.500
Building 4 5 0.062
38.250 28.750
38.250 29.000
38.500 29.000
38.500 28.750
Building 4 5 0.062
38.250 29.000
38.250 29.250
38.500 29.250
38.500 29.000
Building 4 5 0.062
38.500 29.500
38.500 29.250
38.250 29.250
38.250 29.500
Building 4 5 0.062
38.250 30.500
38.250 30.750
38.500 30.750
38.500 30.500
Building 4 5 0.062
38.250 30.750
38.250 31.000
38.500 31.000
38.500 30.750
Building 4 5 0.062
38.250 31.000
38.250 31.250
38.500 31.250
38.500 31.000
Building 4 5 0.062
38.250 31.250
38.250 31.500
38.500 31.500
38.500 31.250
Building 4 5 0.062
38.250 31.500
38.250 31.750
38.500 31.750
38.500 31.500
Building 4 5 0.062
38.250 31.750
38.250 32.000
38.500 32.000
38.500 31.750
Building 4 5 0.062
38.250 32.000
38.250 32.250
38.500 32.250
38.500 32.000
Building 4 5 0.062
38.500 32.500
38.500 32.250
38.250 32.250
38.250 32.500
Building 4 5 0.062
38.500 27.500
38.500 27.750
38.750 27.750
38.750 27.500
Building 4 5 0.062
38.500 27.750
38.500 28.000
38.750 28.000
38.750 27.750
Building 4 5 0.062
38.500 28.000
38.500 28.250
38.750 28.250
38.750 28.000
Building 4 5 0.062
38.500 28.250
38.500 28.500
38.750 28.500
38.750 28.250
Building 4 5 0.062
38.500 28.500
38.500 28.750
38.750 28.750
38.750 28.500
Building 4 5 0.062
38.500 28.750
38.500 29.000
38.750 29.000
38.750 28.750
Building 4 5 0.062
38.500 29.000
38.500 29.250
38.750 29.250
38.750 29.000
Building 4 5 0.062
38.750 29.500
38.750 29.250
38.500 29.250
38.500 29.500
Building 4 5 0.062
38.500 30.500
38.500 30.750
38.750 30.750
38.750 30.500
Building 4 5 0.062
38.500 30.750
38.500 31.000
38.750 31.000
38.750 30.750
Building 4 5 0.062
38.500 31.000
38.500 31.250
38.750 31.250
38.750 31.000
Building 4 5 0.062
38.500 31.250
38.500 31.500
38.750 31.500
38.750 31.250
Building 4 5 0.062
38.500 31.500
38.500 31.750
38.750 31.750
38.750 31.500
Building 4 5 0.062
38.500 31.750
38.500 32.000
38.750 32.000
38.750 31.750
Building 4 5 0.062
38.500 32.000
38.500 32.250
38.750 32.250
38.750 32.000
Building 4 5 0.062
38.750 32.500
38.750 32.250
38.500 32.250
38.500 32.500
Building 4 5 0.062
38.750 27.500
38.750 27.750
39.000 27.750
39.000 27.500
Building 4 5 0.062
38.750 27.750
38.750 28.000
39.000 28.000
39.000 27.750
Building 4 5 0.062
38.750 28.000
38.750 28.250
39.000 28.250
39.000 28.000
Building 4 5 0.062
38.750 28.250
38.750 28.500
39.000 28.500
39.000 28.250
Building 4 5 0.062
38.750 28.500
38.750 28.750
39.000 28.750
39.000 28.500
Building 4 5 0.062
38.750 28.750
38.750 29.000
39.000 29.000
39.000 28.750
Building 4 5 0.062
38.750 29.000
38.750 29.250
39.000 29.250
39.000 29.000
Building 4 5 0.062
39.000 29.500
39.000 29.250
38.750 29.250
38.750 29.500
Building 4 5 0.062
38.750 30.500
38.750 30.750
39.000 30.750
39.000 30.500
Building 4 5 0.062
38.750 30.750
38.750 31.000
39.000 31.000
39.000 30.750
Building 4 5 0.062
38.750 31.000
38.750 31.250
39.000 31.250
39.000 31.000
Building 4 5 0.062
38.750 31.250
38.750 31.500
39.000 31.500
39.000 31.250
Building 4 5 0.062
38.750 31.500
38.750 31.750
39.000 31.750
39.000 31.500
Building 4 5 0.062
38.750 31.750
38.750 32.000
39.000 32.000
39.000 31.750
Building 4 5 0.062
38.750 32.000
38.750 32.250
39.000 32.250
39.000 32.000
Building 4 5 0.062
39.000 32.500
39.000 32.250
38.750 32.250
38.750 32.500
Building 4 5 0.062
39.000 27.500
39.000 27.750
39.250 27.750
39.250 27.500
Building 4 5 0.062
39.000 27.750
39.000 28.000
39.250 28.000
39.250 27.750
Building 4 5 0.062
39.000 28.000
39.000 28.250
39.250 28.250
39.250 28.000
Building 4 5 0.062
39.000 28.250
39.000 28.500
39.250 28.500
39.250 28.250
Building 4 5 0.062
39.000 28.500
39.000 28.750
39.250 28.750
39.250 28.500
Building 4 5 0.062
39.000 28.750
39.000 29.000
39.250 29.000
39.250 28.750
Building 4 5 0.062
39.000 29.000
39.000 29.250
39.250 29.250
39.250 29.000
Building 4 5 0.062
39.250 29.500
39.250 29.250
39.000 29.250
39.000 29.500
Building 4 5 0.062
39.000 30.500
39.000 30.750
39.250 30.750
39.250 30.500
Building 4 5 0.062
39.000 30.750
39.000 31.000
39.250 31.000
39.250 30.750
Building 4 5 0.062
39.000 31.000
39.000 31.250
39.250 31.250
39.250 31.000
Building 4 5 0.062
39.000 31.250
39.000 31.500
39.250 31.500
39.250 31.250
Building 4 5 0.062
39.000 31.500
39.000 31.750
39.250 31.750
39.250 31.500
Building 4 5 0.062
39.000 31.750
39.000 32.000
39.250 32.000
39.250 31.750
Building 4 5 0.062
39.000 32.000
39.000 32.250
39.250 32.250
39.250 32.000
Building 4 5 0.062
39.250 32.500
39.250 32.250
39.000 32.250
39.000 32.500
Building 4 5 0.062
39.250 27.500
39.250 27.750
39.500 27.750
39.500 27.500
Building 4 5 0.062
39.250 27.750
39.250 28.000
39.500 28.000
39.500 27.750
Building 4 5 0.062
39.250 28.000
39.250 28.250
39.500 28.250
39.500 28.000
Building 4 5 0.062
39.250 28.250
39.250 28.500
39.500 28.500
39.500 28.250
Building 4 5 0.062
39.250 28.500
39.250 28.750
39.500 28.750
39.500 28.500
Building 4 5 0.062
39.250 28.750
39.250 29.000
39.500 29.000
39.500 28.750
Building 4 5 0.062
39.250 29.000
39.250 29.250
39.500 29.250
39.500 29.000
Building 4 5 0.062
39.500 29.500
39.500 29.250
39.250 29.250
39.250 29.500
Building 4 5 0.062
39.250 30.500
39.250 30.750
39.500 30.750
39.500 30.500
Building 4 5 0.062
39.250 30.750
39.250 31.000
39.500 31.000
39.500 30.750
Building 4 5 0.062
39.250 31.000
39.250 31.250
39.500 31.250
39.500 31.000
Building 4 5 0.062
39.250 31.250
39.250 31.500
39.500 31.500
39.500 31.250
Building 4 5 0.062
39.250 31.500
39.250 31.750
39.500 31.750
39.500 31.500
Building 4 5 0.062
39.250 31.750
39.250 32.000
39.500 32.000
39.500 31.750
Building 4 5 0.062
39.250 32.000
39.250 32.250
39.500 32.250
39.500 32.000
Building 4 5 0.062
39.500 32.500
39.500 32.250
39.250 32.250
39.250 32.500
Building 4 5 0.062
39.500 27.500
39.500 27.750
39.750 27.750
39.750 27.500
Building 4 5 0.062
39.500 27.750
39.500 28.000
39.750 28.000
39.750 27.750
Building 4 5 0.062
39.500 28.000
39.500 28.250
39.750 28.250
39.750 28.000
Building 4 5 0.062
39.500 28.250
39.500 28.500
39.750 28.500
39.750 28.250
Building 4 5 0.062
39.500 28.500
39.500 28.750
39.750 28.750
39.750 28.500
Building 4 5 0.062
39.500 28.750
39.500 29.000
39.750 29.000
39.750 28.750
Building 4 5 0.062
39.500 29.000
39.500 29.250
39.750 29.250
39.750 29.000
Building 4 5 0.062
39.750 29.500
39.750 29.250
39.500 29.250
39.500 29.500
Building 4 5 0.062
39.500 30.500
39.500 30.750
39.750 30.750
39.750 30.500
Building 4 5 0.062
39.500 30.750
39.500 31.000
39.750 31.000
39.750 30.750
Building 4 5 0.062
39.500 31.000
39.500 31.250
39.750 31.250
39.750 31.000
Building 4 5 0.062
39.500 31.250
39.500 31.500
39.750 31.500
39.750 31.250
Building 4 5 0.062
39.500 31.500
39.500 31.750
39.750 31.750
39.750 31.500
Building 4 5 0.062
39.500 31.750
39.500 32.000
39.750 32.000
39.750 31.750
Building 4 5 0.062
39.500 32.000
39.500 32.250
39.750 32.250
39.750 32.000
Building 4 5 0.062
39.750 32.500
39.750 32.250
39.500 32.250
39.500 32.500
Building 4 5 0.062
39.750 27.500
39.750 27.750
40.000 27.750
40.000 27.500
Building 4 5 0.062
39.750 27.750
39.750 28.000
40.000 28.000
40.000 27.750
Building 4 5 0.062
39.750 28.000
39.750 28.250
40.000 28.250
40.000 28.000
Building 4 5 0.062
39.750 28.250
39.750 28.500
40.000 28.500
40.000 28.250
Building 4 5 0.062
39.750 28.500
39.750 28.750
40.000 28.750
40.000 28.500
Building 4 5 0.062
39.750 28.750
39.750 29.000
40.000 29.000
40.000 28.750
Building 4 5 0.062
39.750 29.000
39.750 29.250
40.000 29.250
40.000 29.000
Building 4 5 0.062
40.000 29.500
40.000 29.250
39.750 29.250
39.750 29.500
Building 4 5 0.062
39.750 30.500
39.750 30.750
40.000 30.750
40.000 30.500
Building 4 5 0.062
39.750 30.750
39.750 31.000
40.000 31.000
40.000 30.750
Building 4 5 0.062
39.750 31.000
39.750 31.250
40.000 31.250
40.000 31.000
Building 4 5 0.062
39.750 31.250
39.750 31.500
40.000 31.500
40.000 31.250
Building 4 5 0.062
39.750 31.500
39.750 31.750
40.000 31.750
40.000 31.500
Building 4 5 0.062
39.750 31.750
39.750 32.000
40.000 32.000
40.000 31.750
Building 4 5 0.062
39.750 32.000
39.750 32.250
40.000 32.250
40.000 32.000
Building 4 5 0.062
40.000 32.500
40.000 32.250
39.750 32.250
39.750 32.500
Building 4 5 0.062
40.000 27.500
40.000 27.750
40.250 27.750
40.250 27.500
Building 4 5 0.062
40.000 27.750
40.000 28.000
40.250 28.000
40.250 27.750
Building 4 5 0.062
40.000 28.000
40.000 28.250
40.250 28.250
40.250 28.000
Building 4 5 0.062
40.000 28.250
40.000 28.500
40.250 28.500
40.250 28.250
Building 4 5 0.062
40.000 28.500
40.000 28.750
40.250 28.750
40.250 28.500
Building 4 5 0.062
40.000 28.750
40.000 29.000
40.250 29.000
40.250 28.750
Building 4 5 0.062
40.000 29.000
40.000 29.250
40.250 29.250
40.250 29.000
Building 4 5 0.062
40.250 29.500
40.250 29.250
40.000 29.250
40.000 29.500
Building 4 5 0.062
40.000 30.500
40.000 30.750
40.250 30.750
40.250 30.500
Building 4 5 0.062
40.000 30.750
40.000 31.000
40.250 31.000
40.250 30.750
Building 4 5 0.062
40.000 31.000
40.000 31.250
40.250 31.250
40.250 31.000
Building 4 5 0.062
40.000 31.250
40.000 31.500
40.250 31.500
40.250 31.250
Building 4 5 0.062
40.000 31.500
40.000 31.750
40.250 31.750
40.250 31.500
Building 4 5 0.062
40.000 31.750
40.000 32.000
40.250 32.000
40.250 31.750
Building 4 5 0.062
40.000 32.000
40.000 32.250
40.250 32.250
40.250 32.000
Building 4 5 0.062
40.250 32.500
40.250 32.250
40.000 32.250
40.000 32.500
Building 4 5 0.062
40.250 27.500
40.250 27.750
40.500 27.750
40.500 27.500
Building 4 5 0.062
40.250 27.750
40.250 28.000
40.500 28.000
40.500 27.750
Building 4 5 0.062
40.250 28.000
40.250 28.250
40.500 28.250
40.500 28.000
Building 4 5 0.062
40.250 28.250
40.250 28.500
40.500 28.500
40.500 28.250
Building 4 5 0.062
40.250 28.500
40.250 28.750
40.500 28.750
40.500 28.500
Building 4 5 0.062
40.250 28.750
40.250 29.000
40.500 29.000
40.500 28.750
Building 4 5 0.062
40.250 29.000
40.250 29.250
40.500 29.250
40.500 29.000
Building 4 5 0.062
40.500 29.500
40.500 29.250
40.250 29.250
40.250 29.500
Building 4 5 0.062
40.250 30.500
40.250 30.750
40.500 30.750
40.500 30.500
Building 4 5 0.062
40.250 30.750
40.250 31.000
40.500 31.000
40.500 30.750
Building 4 5 0.062
40.250 31.000
40.250 31.250
40.500 31.250
40.500 31.000
Building 4 5 0.062
40.250 31.250
40.250 31.500
40.500 31.500
40.500 31.250
Building 4 5 0.062
40.250 31.500
40.250 31.750
40.500 31.750
40.500 31.500
Building 4 5 0.062
40.250 31.750
40.250 32.000
40.500 32.000
40.500 31.750
Building 4 5 0.062
40.250 32.000
40.250 32.250
40.500 32.250
40.500 32.000
Building 4 5 0.062
40.500 32.500
40.500 32.250
40.250 32.250
40.250 32.500
Building 4 5 0.062
40.500 27.500
40.500 27.750
40.750 27.750
40.750 27.500
Building 4 5 0.062
40.500 27.750
40.500 28.000
40.750 28.000
40.750 27.750
Building 4 5 0.062
40.500 28.000
40.500 28.250
40.750 28.250
40.750 28.000
Building 4 5 0.062
40.500 28.250
40.500 28.500
40.750 28.500
40.750 28.250
Building 4 5 0.062
40.500 28.500
40.500 28.750
40.750 28.750
40.750 28.500
Building 4 5 0.062
40.500 28.750
40.500 29.000
40.750 29.000
40.750 28.750
Building 4 5 0.062
40.500 29.000
40.500 29.250
40.750 29.250
40.750 29.000
Building 4 5 0.062
40.750 29.500
40.750 29.250
40.500 29.250
40.500 29.500
Building 4 5 0.062
40.500 30.500
40.500 30.750
40.750 30.750
40.750 30.500
Building 4 5 0.062
40.500 30.750
40.500 31.000
40.750 31.000
40.750 30.750
Building 4 5 0.062
40.500 31.000
40.500 31.250
40.750 31.250
40.750 31.000
Building 4 5 0.062
40.500 31.250
40.500 31.500
40.750 31.500
40.750 31.250
Building 4 5 0.062
40.500 31.500
40.500 31.750
40.750 31.750
40.750 31.500
Building 4 5 0.062
40.500 31.750
40.500 32.000
40.750 32.000
40.750 31.750
Building 4 5 0.062
40.500 32.000
40.500 32.250
40.750 32.250
40.750 32.000
Building 4 5 0.062
40.750 32.500
40.750 32.250
40.500 32.250
40.500 32.500
Building 4 5 0.062
40.750 27.500
40.750 27.750
41.000 27.750
41.000 27.500
Building 4 5 0.062
40.750 27.750
40.750 28.000
41.000 28.000
41.000 27.750
Building 4 5 0.062
40.750 28.000
40.750 28.250
41.000 28.250
41.000 28.000
Building 4 5 0.062
40.750 28.250
40.750 28.500
41.000 28.500
41.000 28.250
Building 4 5 0.062
40.750 28.500
40.750 28.750
41.000 28.750
41.000 28.500
Building 4 5 0.062
40.750 28.750
40.750 29.000
41.000 29.000
41.000 28.750
Building 4 5 0.062
40.750 29.000
40.750 29.250
41.000 29.250
41.000 29.000
Building 4 5 0.062
41.000 29.500
41.000 29.250
40.750 29.250
40.750 29.500
Building 4 5 0.062
40.750 30.500
40.750 30.750
41.000 30.750
41.000 30.500
Building 4 5 0.062
40.750 30.750
40.750 31.000
41.000 31.000
41.000 30.750
Building 4 5 0.062
40.750 31.000
40.750 31.250
41.000 31.250
41.000 31.000
Building 4 5 0.062
40.750 31.250
40.750 31.500
41.000 31.500
41.000 31.250
Building 4 5 0.062
40.750 31.500
40.750 31.750
41.000 31.750
41.000 31.500
Building 4 5 0.062
40.750 31.750
40.750 32.000
41.000 32.000
41.000 31.750
Building 4 5 0.062
40.750 32.000
40.750 32.250
41.000 32.250
41.000 32.000
Building 4 5 0.062
41.000 32.500
41.000 32.250
40.750 32.250
40.750 32.500
Building 4 5 0.062
41.000 27.500
41.000 27.750
41.250 27.750
41.250 27.500
Building 4 5 0.062
41.000 27.750
41.000 28.000
41.250 28.000
41.250 27.750
Building 4 5 0.062
41.000 28.000
41.000 28.250
41.250 28.250
41.250 28.000
Building 4 5 0.062
41.000 28.250
41.000 28.500
41.250 28.500
41.250 28.250
Building 4 5 0.062
41.000 28.500
41.000 28.750
41.250 28.750
41.250 28.500
Building 4 5 0.062
41.000 28.750
41.000 29.000
41.250 29.000
41.250 28.750
Building 4 5 0.062
41.000 29.000
41.000 29.250
41.250 29.250
41.250 29.000
Building 4 5 0.062
41.250 29.500
41.250 29.250
41.000 29.250
41.000 29.500
Building 4 5 0.062
41.000 30.500
41.000 30.750
41.250 30.750
41.250 30.500
Building 4 5 0.062
41.000 30.750
41.000 31.000
41.250 31.000
41.250 30.750
Building 4 5 0.062
41.000 31.000
41.000 31.250
41.250 31.250
41.250 31.000
Building 4 5 0.062
41.000 31.250
41.000 31.500
41.250 31.500
41.250 31.250
Building 4 5 0.062
41.000 31.500
41.000 31.750
41.250 31.750
41.250 31.500
Building 4 5 0.062
41.000 31.750
41.000 32.000
41.250 32.000
41.250 31.750
Building 4 5 0.062
41.000 32.000
41.000 32.250
41.250 32.250
41.250 32.000
Building 4 5 0.062
41.250 32.500
41.250 32.250
41.000 32.250
41.000 32.500
Building 4 5 0.062
41.250 27.500
41.250 27.750
41.500 27.750
41.500 27.500
Building 4 5 0.062
41.250 27.750
41.250 28.000
41.500 28.000
41.500 27.750
Building 4 5 0.062
41.250 28.000
41.250 28.250
41.500 28.250
41.500 28.000
Building 4 5 0.062
41.250 28.250
41.250 28.500
41.500 28.500
41.500 28.250
Building 4 5 0.062
41.250 28.500
41.250 28.750
41.500 28.750
41.500 28.500
Building 4 5 0.062
41.250 28.750
41.250 29.000
41.500 29.000
41.500 28.750
Building 4 5 0.062
41.250 29.000
41.250 29.250
41.500 29.250
41.500 29.000
Building 4 5 0.062
41.500 29.500
41.500 29.250
41.250 29.250
41.250 29.500
Building 4 5 0.062
41.250 30.500
41.250 30.750
41.500 30.750
41.500 30.500
Building 4 5 0.062
41.250 30.750
41.250 31.000
41.500 31.000
41.500 30.750
Building 4 5 0.062
41.250 31.000
41.250 31.250
41.500 31.250
41.500 31.000
Building 4 5 0.062
41.250 31.250
41.250 31.500
41.500 31.500
41.500 31.250
Building 4 5 0.062
41.250 31.500
41.250 31.750
41.500 31.750
41.500 31.500
Building 4 5 0.062
41.250 31.750
41.250 32.000
41.500 32.000
41.500 31.750
Building 4 5 0.062
41.250 32.000
41.250 32.250
41.500 32.250
41.500 32.000
Building 4 5 0.062
41.500 32.500
41.500 32.250
41.250 32.250
41.250 32.500
Building 4 5 0.062
41.500 27.500
41.500 27.750
41.750 27.750
41.750 27.500
Building 4 5 0.062
41.500 27.750
41.500 28.000
41.750 28.000
41.750 27.750
Building 4 5 0.062
41.500 28.000
41.500 28.250
41.750 28.250
41.750 28.000
Building 4 5 0.062
41.500 28.250
41.500 28.500
41.750 28.500
41.750 28.250
Building 4 5 0.062
41.500 28.500
41.500 28.750
41.750 28.750
41.750 28.500
Building 4 5 0.062
41.500 28.750
41.500 29.000
41.750 29.000
41.750 28.750
Building 4 5 0.062
41.500 29.000
41.500 29.250
41.750 29.250
41.750 29.000
Building 4 5 0.062
41.750 29.500
41.750 29.250
41.500 29.250
41.500 29.500
Building 4 5 0.062
41.500 30.500
41.500 30.750
41.750 30.750
41.750 30.500
Building 4 5 0.062
41.500 30.750
41.500 31.000
41.750 31.000
41.750 30.750
Building 4 5 0.062
41.500 31.000
41.500 31.250
41.750 31.250
41.750 31.000
Building 4 5 0.062
41.500 31.250
41.500 31.500
41.750 31.500
41.750 31.250
Building 4 5 0.062
41.500 31.500
41.500 31.750
41.750 31.750
41.750 31.500
Building 4 5 0.062
41.500 31.750
41.500 32.000
41.750 32.000
41.750 31.750
Building 4 5 0.062
41.500 32.000
41.500 32.250
41.750 32.250
41.750 32.000
Building 4 5 0.062
41.750 32.500
41.750 32.250
41.500 32.250
41.500 32.500
Building 4 5 0.062
41.750 27.500
41.750 27.750
42.000 27.750
42.000 27.500
Building 4 5 0.062
41.750 27.750
41.750 28.000
42.000 28.000
42.000 27.750
Building 4 5 0.062
41.750 28.000
41.750 28.250
42.000 28.250
42.000 28.000
Building 4 5 0.062
41.750 28.250
41.750 28.500
42.000 28.500
42.000 28.250
Building 4 5 0.062
41.750 28.500
41.750 28.750
42.000 28.750
42.000 28.500
Building 4 5 0.062
41.750 28.750
41.750 29.000
42.000 29.000
42.000 28.750
Building 4 5 0.062
41.750 29.000
41.750 29.250
42.000 29.250
42.000 29.000
Building 4 5 0.062
42.000 29.500
42.000 29.250
41.750 29.250
41.750 29.500
Building 4 5 0.062
41.750 30.500
41.750 30.750
42.000 30.750
42.000 30.500
Building 4 5 0.062
41.750 30.750
41.750 31.000
42.000 31.000
42.000 30.750
Building 4 5 0.062
41.750 31.000
41.750 31.250
42.000 31.250
42.000 31.000
Building 4 5 0.062
41.750 31.250
41.750 31.500
42.000 31.500
42.000 31.250
Building 4 5 0.062
41.750 31.500
41.750 31.750
42.000 31.750
42.000 31.500
Building 4 5 0.062
41.750 31.750
41.750 32.000
42.000 32.000
42.000 31.750
Building 4 5 0.062
41.750 32.000
41.750 32.250
42.000 32.250
42.000 32.000
Building 4 5 0.062
42.000 32.500
42.000 32.250
41.750 32.250
41.750 32.500
Building 4 5 0.062
42.000 27.500
42.000 27.750
42.250 27.750
42.250 27.500
Building 4 5 0.062
42.000 27.750
42.000 28.000
42.250 28.000
42.250 27.750
Building 4 5 0.062
42.000 28.000
42.000 28.250
42.250 28.250
42.250 28.000
Building 4 5 0.062
42.000 28.250
42.000 28.500
42.250 28.500
42.250 28.250
Building 4 5 0.062
42.000 28.500
42.000 28.750
42.250 28.750
42.250 28.500
Building 4 5 0.062
42.000 28.750
42.000 29.000
42.250 29.000
42.250 28.750
Building 4 5 0.062
42.000 29.000
42.000 29.250
42.250 29.250
42.250 29.000
Building 4 5 0.062
42.250 29.500
42.250 29.250
42.000 29.250
42.000 29.500
Building 4 5 0.062
42.000 30.500
42.000 30.750
42.250 30.750
42.250 30.500
Building 4 5 0.062
42.000 30.750
42.000 31.000
42.250 31.000
42.250 30.750
Building 4 5 0.062
42.000 31.000
42.000 31.250
42.250 31.250
42.250 31.000
Building 4 5 0.062
42.000 31.250
42.000 31.500
42.250 31.500
42.250 31.250
Building 4 5 0.062
42.000 31.500
42.000 31.750
42.250 31.750
42.250 31.500
Building 4 5 0.062
42.000 31.750
42.000 32.000
42.250 32.000
42.250 31.750
Building 4 5 0.062
42.000 32.000
42.000 32.250
42.250 32.250
42.250 32.000
Building 4 5 0.062
42.250 32.500
42.250 32.250
42.000 32.250
42.000 32.500
Building 4 5 0.062
42.250 27.500
42.250 27.750
42.500 27.750
42.500 27.500
Building 4 5 0.062
42.250 27.750
42.250 28.000
42.500 28.000
42.500 27.750
Building 4 5 0.062
42.250 28.000
42.250 28.250
42.500 28.250
42.500 28.000
Building 4 5 0.062
42.250 28.250
42.250 28.500
42.500 28.500
42.500 28.250
Building 4 5 0.062
42.250 28.500
42.250 28.750
42.500 28.750
42.500 28.500
Building 4 5 0.062
42.250 28.750
42.250 29.000
42.500 29.000
42.500 28.750
Building 4 5 0.062
42.250 29.000
42.250 29.250
42.500 29.250
42.500 29.000
Building 4 5 0.062
42.500 29.500
42.500 29.250
42.250 29.250
42.250 29.500
Building 4 5 0.062
42.250 30.500
42.250 30.750
42.500 30.750
42.500 30.500
Building 4 5 0.062
42.250 30.750
42.250 31.000
42.500 31.000
42.500 30.750
Building 4 5 0.062
42.250 31.000
42.250 31.250
42.500 31.250
42.500 31.000
Building 4 5 0.062
42.250 31.250
42.250 31.500
42.500 31.500
42.500 31.250
Building 4 5 0.062
42.250 31.500
42.250 31.750
42.500 31.750
42.500 31.500
Building 4 5 0.062
42.250 31.750
42.250 32.000
42.500 32.000
42.500 31.750
Building 4 5 0.062
42.250 32.000
42.250 32.250
42.500 32.250
42.500 32.000
Building 4 5 0.062
42.500 32.500
42.500 32.250
42.250 32.250
42.250 32.500
Building 4 5 0.062
42.500 27.500
42.500 27.750
42.750 27.750
42.750 27.500
Building 4 5 0.062
42.500 27.750
42.500 28.000
42.750 28.000
42.750 27.750
Building 4 5 0.062
42.500 28.000
42.500 28.250
42.750 28.250
42.750 28.000
Building 4 5 0.062
42.500 28.250
42.500 28.500
42.750 28.500
42.750 28.250
Building 4 5 0.062
42.500 28.500
42.500 28.750
42.750 28.750
42.750 28.500
Building 4 5 0.062
42.500 28.750
42.500 29.000
42.750 29.000
42.750 28.750
Building 4 5 0.062
42.500 29.000
42.500 29.250
42.750 29.250
42.750 29.000
Building 4 5 0.062
42.750 29.500
42.750 29.250
42.500 29.250
42.500 29.500
Building 4 5 0.062
42.500 30.500
42.500 30.750
42.750 30.750
42.750 30.500
Building 4 5 0.062
42.500 30.750
42.500 31.000
42.750 31.000
42.750 30.750
Building 4 5 0.062
42.500 31.000
42.500 31.250
42.750 31.250
42.750 31.000
Building 4 5 0.062
42.500 31.250
42.500 31.500
42.750 31.500
42.750 31.250
Building 4 5 0.062
42.500 31.500
42.500 31.750
42.750 31.750
42.750 31.500
Building 4 5 0.062
42.500 31.750
42.500 32.000
42.750 32.000
42.750 31.750
Building 4 5 0.062
42.500 32.000
42.500 32.250
42.750 32.250
42.750 32.000
Building 4 5 0.062
42.750 32.500
42.750 32.250
42.500 32.250
42.500 32.500
Building 4 5 0.062
42.750 27.500
42.750 27.750
43.000 27.750
43.000 27.500
Building 4 5 0.062
42.750 27.750
42.750 28.000
43.000 28.000
43.000 27.750
Building 4 5 0.062
42.750 28.000
42.750 28.250
43.000 28.250
43.000 28.000
Building 4 5 0.062
42.750 28.250
42.750 28.500
43.000 28.500
43.000 28.250
Building 4 5 0.062
42.750 28.500
42.750 28.750
43.000 28.750
43.000 28.500
Building 4 5 0.062
42.750 28.750
42.750 29.000
43.000 29.000
43.000 28.750
Building 4 5 0.062
42.750 29.000
42.750 29.250
43.000 29.250
43.000 29.000
Building 4 5 0.062
43.000 29.500
43.000 29.250
42.750 29.250
42.750 29.500
Building 4 5 0.062
42.750 30.500
42.750 30.750
43.000 30.750
43.000 30.500
Building 4 5 0.062
42.750 30.750
42.750 31.000
43.000 31.000
43.000 30.750
Building 4 5 0.062
42.750 31.000
42.750 31.250
43.000 31.250
43.000 31.000
Building 4 5 0.062
42.750 31.250
42.750 31.500
43.000 31.500
43.000 31.250
Building 4 5 0.062
42.750 31.500
42.750 31.750
43.000 31.750
43.000 31.500
Building 4 5 0.062
42.750 31.750
42.750 32.000
43.000 32.000
43.000 31.750
Building 4 5 0.062
42.750 32.000
42.750 32.250
43.000 32.250
43.000 32.000
Building 4 5 0.062
43.000 32.500
43.000 32.250
42.750 32.250
42.750 32.500
Building 4 5 0.062
43.000 27.500
43.000 27.750
43.250 27.750
43.250 27.500
Building 4 5 0.062
43.000 27.750
43.000 28.000
43.250 28.000
43.250 27.750
Building 4 5 0.062
43.000 28.000
43.000 28.250
43.250 28.250
43.250 28.000
Building 4 5 0.062
43.000 28.250
43.000 28.500
43.250 28.500
43.250 28.250
Building 4 5 0.062
43.000 28.500
43.000 28.750
43.250 28.750
43.250 28.500
Building 4 5 0.062
43.000 28.750
43.000 29.000
43.250 29.000
43.250 28.750
Building 4 5 0.062
43.000 29.000
43.000 29.250
43.250 29.250
43.250 29.000
Building 4 5 0.062
43.250 29.500
43.250 29.250
43.000 29.250
43.000 29.500
Building 4 5 0.062
43.000 30.500
43.000 30.750
43.250 30.750
43.250 30.500
Building 4 5 0.062
43.000 30.750
43.000 31.000
43.250 31.000
43.250 30.750
Building 4 5 0.062
43.000 31.000
43.000 31.250
43.250 31.250
43.250 31.000
Building 4 5 0.062
43.000 31.250
43.000 31.500
43.250 31.500
43.250 31.250
Building 4 5 0.062
43.000 31.500
43.000 31.750
43.250 31.750
43.250 31.500
Building 4 5 0.062
43.000 31.750
43.000 32.000
43.250 32.000
43.250 31.750
Building 4 5 0.062
43.000 32.000
43.000 32.250
43.250 32.250
43.250 32.000
Building 4 5 0.062
43.250 32.500
43.250 32.250
43.000 32.250
43.000 32.500
Building 4 5 0.062
43.250 27.500
43.250 27.750
43.500 27.750
43.500 27.500
Building 4 5 0.062
43.250 27.750
43.250 28.000
43.500 28.000
43.500 27.750
Building 4 5 0.062
43.250 28.000
43.250 28.250
43.500 28.250
43.500 28.000
Building 4 5 0.062
43.250 28.250
43.250 28.500
43.500 28.500
43.500 28.250
Building 4 5 0.062
43.250 28.500
43.250 28.750
43.500 28.750
43.500 28.500
Building 4 5 0.062
43.250 28.750
43.250 29.000
43.500 29.000
43.500 28.750
Building 4 5 0.062
43.250 29.000
43.250 29.250
43.500 29.250
43.500 29.000
Building 4 5 0.062
43.500 29.500
43.500 29.250
43.250 29.250
43.250 29.500
Building 4 5 0.062
43.250 30.500
43.250 30.750
43.500 30.750
43.500 30.500
Building 4 5 0.062
43.250 30.750
43.250 31.000
43.500 31.000
43.500 30.750
Building 4 5 0.062
43.250 31.000
43.250 31.250
43.500 31.250
43.500 31.000
Building 4 5 0.062
43.250 31.250
43.250 31.500
43.500 31.500
43.500 31.250
Building 4 5 0.062
43.250 31.500
43.250 31.750
43.500 31.750
43.500 31.500
Building 4 5 0.062
43.250 31.750
43.250 32.000
43.500 32.000
43.500 31.750
Building 4 5 0.062
43.250 32.000
43.250 32.250
43.500 32.250
43.500 32.000
Building 4 5 0.062
43.500 32.500
43.500 32.250
43.250 32.250
43.250 32.500
Building 4 5 0.062
43.500 27.500
43.500 27.750
43.750 27.750
43.750 27.500
Building 4 5 0.062
43.500 27.750
43.500 28.000
43.750 28.000
43.750 27.750
Building 4 5 0.062
43.500 28.000
43.500 28.250
43.750 28.250
43.750 28.000
Building 4 5 0.062
43.500 28.250
43.500 28.500
43.750 28.500
43.750 28.250
Building 4 5 0.062
43.500 28.500
43.500 28.750
43.750 28.750
43.750 28.500
Building 4 5 0.062
43.500 28.750
43.500 29.000
43.750 29.000
43.750 28.750
Building 4 5 0.062
43.500 29.000
43.500 29.250
43.750 29.250
43.750 29.000
Building 4 5 0.062
43.750 29.500
43.750 29.250
43.500 29.250
43.500 29.500
Building 4 5 0.062
43.500 30.500
43.500 30.750
43.750 30.750
43.750 30.500
Building 4 5 0.062
43.500 30.750
43.500 31.000
43.750 31.000
43.750 30.750
Building 4 5 0.062
43.500 31.000
43.500 31.250
43.750 31.250
43.750 31.000
Building 4 5 0.062
43.500 31.250
43.500 31.500
43.750 31.500
43.750 31.250
Building 4 5 0.062
43.500 31.500
43.500 31.750
43.750 31.750
43.750 31.500
Building 4 5 0.062
43.500 31.750
43.500 32.000
43.750 32.000
43.750 31.750
Building 4 5 0.062
43.500 32.000
43.500 32.250
43.750 32.250
43.750 32.000
Building 4 5 0.062
43.750 32.500
43.750 32.250
43.500 32.250
43.500 32.500
Building 4 5 0.062
43.750 27.500
43.750 27.750
44.000 27.750
44.000 27.500
Building 4 5 0.062
43.750 27.750
43.750 28.000
44.000 28.000
44.000 27.750
Building 4 5 0.062
43.750 28.000
43.750 28.250
44.000 28.250
44.000 28.000
Building 4 5 0.062
43.750 28.250
43.750 28.500
44.000 28.500
44.000 28.250
Building 4 5 0.062
43.750 28.500
43.750 28.750
44.000 28.750
44.000 28.500
Building 4 5 0.062
43.750 28.750
43.750 29.000
44.000 29.000
44.000 28.750
Building 4 5 0.062
43.750 29.000
43.750 29.250
44.000 29.250
44.000 29.000
Building 4 5 0.062
44.000 29.500
44.000 29.250
43.750 29.250
43.750 29.500
Building 4 5 0.062
43.750 30.500
43.750 30.750
44.000 30.750
44.000 30.500
Building 4 5 0.062
43.750 30.750
43.750 31.000
44.000 31.000
44.000 30.750
Building 4 5 0.062
43.750 31.000
43.750 31.250
44.000 31.250
44.000 31.000
Building 4 5 0.062
43.750 31.250
43.750 31.500
44.000 31.500
44.000 31.250
Building 4 5 0.062
43.750 31.500
43.750 31.750
44.000 31.750
44.000 31.500
Building 4 5 0.062
43.750 31.750
43.750 32.000
44.000 32.000
44.000 31.750
Building 4 5 0.062
43.750 32.000
43.750 32.250
44.000 32.250
44.000 32.000
Building 4 5 0.062
44.000 32.500
44.000 32.250
43.750 32.250
43.750 32.500
Building 4 5 0.062
44.000 27.500
44.000 27.750
44.250 27.750
44.250 27.500
Building 4 5 0.062
44.000 27.750
44.000 28.000
44.250 28.000
44.250 27.750
Building 4 5 0.062
44.000 28.000
44.000 28.250
44.250 28.250
44.250 28.000
Building 4 5 0.062
44.000 28.250
44.000 28.500
44.250 28.500
44.250 28.250
Building 4 5 0.062
44.000 28.500
44.000 28.750
44.250 28.750
44.250 28.500
Building 4 5 0.062
44.000 28.750
44.000 29.000
44.250 29.000
44.250 28.750
Building 4 5 0.062
44.000 29.000
44.000 29.250
44.250 29.250
44.250 29.000
Building 4 5 0.062
44.250 29.500
44.250 29.250
44.000 29.250
44.000 29.500
Building 4 5 0.062
44.000 30.500
44.000 30.750
44.250 30.750
44.250 30.500
Building 4 5 0.062
44.000 30.750
44.000 31.000
44.250 31.000
44.250 30.750
Building 4 5 0.062
44.000 31.000
44.000 31.250
44.250 31.250
44.250 31.000
Building 4 5 0.062
44.000 31.250
44.000 31.500
44.250 31.500
44.250 31.250
Building 4 5 0.062
44.000 31.500
44.000 31.750
44.250 31.750
44.250 31.500
Building 4 5 0.062
44.000 31.750
44.000 32.000
44.250 32.000
44.250 31.750
Building 4 5 0.062
44.000 32.000
44.000 32.250
44.250 32.250
44.250 32.000
Building 4 5 0.062
44.250 32.500
44.250 32.250
44.000 32.250
44.000 32.500
Building 4 5 0.062
44.250 27.500
44.250 27.750
44.500 27.750
44.500 27.500
Building 4 5 0.062
44.250 27.750
44.250 28.000
44.500 28.000
44.500 27.750
Building 4 5 0.062
44.250 28.000
44.250 28.250
44.500 28.250
44.500 28.000
Building 4 5 0.062
44.250 28.250
44.250 28.500
44.500 28.500
44.500 28.250
Building 4 5 0.062
44.250 28.500
44.250 28.750
44.500 28.750
44.500 28.500
Building 4 5 0.062
44.250 28.750
44.250 29.000
44.500 29.000
44.500 28.750
Building 4 5 0.062
44.250 29.000
44.250 29.250
44.500 29.250
44.500 29.000
Building 4 5 0.062
44.500 29.500
44.500 29.250
44.250 29.250
44.250 29.500
Building 4 5 0.062
44.250 30.500
44.250 30.750
44.500 30.750
44.500 30.500
Building 4 5 0.062
44.250 30.750
44.250 31.000
44.500 31.000
44.500 30.750
Building 4 5 0.062
44.250 31.000
44.250 31.250
44.500 31.250
44.500 31.000
Building 4 5 0.062
44.250 31.250
44.250 31.500
44.500 31.500
44.500 31.250
Building 4 5 0.062
44.250 31.500
44.250 31.750
44.500 31.750
44.500 31.500
Building 4 5 0.062
44.250 31.750
44.250 32.000
44.500 32.000
44.500 31.750
Building 4 5 0.062
44.250 32.000
44.250 32.250
44.500 32.250
44.500 32.000
Building 4 5 0.062
44.500 32.500
44.500 32.250
44.250 32.250
44.250 32.500
Building 4 5 0.062
44.500 27.500
44.500 27.750
44.750 27.750
44.750 27.500
Building 4 5 0.062
44.500 27.750
44.500 28.000
44.750 28.000
44.750 27.750
Building 4 5 0.062
44.500 28.000
44.500 28.250
44.750 28.250
44.750 28.000
Building 4 5 0.062
44.500 28.250
44.500 28.500
44.750 28.500
44.750 28.250
Building 4 5 0.062
44.500 28.500
44.500 28.750
44.750 28.750
44.750 28.500
Building 4 5 0.062
44.500 28.750
44.500 29.000
44.750 29.000
44.750 28.750
Building 4 5 0.062
44.500 29.000
44.500 29.250
44.750 29.250
44.750 29.000
Building 4 5 0.062
44.750 29.500
44.750 29.250
44.500 29.250
44.500 29.500
Building 4 5 0.062
44.500 30.500
44.500 30.750
44.750 30.750
44.750 30.500
Building 4 5 0.062
44.500 30.750
44.500 31.000
44.750 31.000
44.750 30.750
Building 4 5 0.062
44.500 31.000
44.500 31.250
44.750 31.250
44.750 31.000
Building 4 5 0.062
44.500 31.250
44.500 31.500
44.750 31.500
44.750 31.250
Building 4 5 0.062
44.500 31.500
44.500 31.750
44.750 31.750
44.750 31.500
Building 4 5 0.062
44.500 31.750
44.500 32.000
44.750 32.000
44.750 31.750
Building 4 5 0.062
44.500 32.000
44.500 32.250
44.750 32.250
44.750 32.000
Building 4 5 0.062
44.750 32.500
44.750 32.250
44.500 32.250
44.500 32.500
Building 4 5 0.062
44.750 27.500
44.750 27.750
45.000 27.750
45.000 27.500
Building 4 5 0.062
44.750 27.750
44.750 28.000
45.000 28.000
45.000 27.750
Building 4 5 0.062
44.750 28.000
44.750 28.250
45.000 28.250
45.000 28.000
Building 4 5 0.062
44.750 28.250
44.750 28.500
45.000 28.500
45.000 28.250
Building 4 5 0.062
44.750 28.500
44.750 28.750
45.000 28.750
45.000 28.500
Building 4 5 0.062
44.750 28.750
44.750 29.000
45.000 29.000
45.000 28.750
Building 4 5 0.062
44.750 29.000
44.750 29.250
45.000 29.250
45.000 29.000
Building 4 5 0.062
45.000 29.500
45.000 29.250
44.750 29.250
44.750 29.500
Building 4 5 0.062
44.750 30.500
44.750 30.750
45.000 30.750
45.000 30.500
Building 4 5 0.062
44.750 30.750
44.750 31.000
45.000 31.000
45.000 30.750
Building 4 5 0.062
44.750 31.000
44.750 31.250
45.000 31.250
45.000 31.000
Building 4 5 0.062
44.750 31.250
44.750 31.500
45.000 31.500
45.000 31.250
Building 4 5 0.062
44.750 31.500
44.750 31.750
45.000 31.750
45.000 31.500
Building 4 5 0.062
44.750 31.750
44.750 32.000
45.000 32.000
45.000 31.750
Building 4 5 0.062
44.750 32.000
44.750 32.250
45.000 32.250
45.000 32.000
Building 4 5 0.062
45.000 32.500
45.000 32.250
44.750 32.250
44.750 32.500
Building 4 5 0.062
45.000 27.500
45.000 27.750
45.250 27.750
45.250 27.500
Building 4 5 0.062
45.000 27.750
45.000 28.000
45.250 28.000
45.250 27.750
Building 4 5 0.062
45.000 28.000
45.000 28.250
45.250 28.250
45.250 28.000
Building 4 5 0.062
45.000 28.250
45.000 28.500
45.250 28.500
45.250 28.250
Building 4 5 0.062
45.000 28.500
45.000 28.750
45.250 28.750
45.250 28.500
Building 4 5 0.062
45.000 28.750
45.000 29.000
45.250 29.000
45.250 28.750
Building 4 5 0.062
45.000 29.000
45.000 29.250
45.250 29.250
45.250 29.000
Building 4 5 0.062
45.250 29.500
45.250 29.250
45.000 29.250
45.000 29.500
Building 4 5 0.062
45.000 30.500
45.000 30.750
45.250 30.750
45.250 30.500
Building 4 5 0.062
45.000 30.750
45.000 31.000
45.250 31.000
45.250 30.750
Building 4 5 0.062
45.000 31.000
45.000 31.250
45.250 31.250
45.250 31.000
Building 4 5 0.062
45.000 31.250
45.000 31.500
45.250 31.500
45.250 31.250
Building 4 5 0.062
45.000 31.500
45.000 31.750
45.250 31.750
45.250 31.500
Building 4 5 0.062
45.000 31.750
45.000 32.000
45.250 32.000
45.250 31.750
Building 4 5 0.062
45.000 32.000
45.000 32.250
45.250 32.250
45.250 32.000
Building 4 5 0.062
45.250 32.500
45.250 32.250
45.000 32.250
45.000 32.500
Building 4 5 0.062
45.250 27.500
45.250 27.750
45.500 27.750
45.500 27.500
Building 4 5 0.062
45.250 27.750
45.250 28.000
45.500 28.000
45.500 27.750
Building 4 5 0.062
45.250 28.000
45.250 28.250
45.500 28.250
45.500 28.000
Building 4 5 0.062
45.250 28.250
45.250 28.500
45.500 28.500
45.500 28.250
Building 4 5 0.062
45.250 28.500
45.250 28.750
45.500 28.750
45.500 28.500
Building 4 5 0.062
45.250 28.750
45.250 29.000
45.500 29.000
45.500 28.750
Building 4 5 0.062
45.250 29.000
45.250 29.250
45.500 29.250
45.500 29.000
Building 4 5 0.062
45.500 29.500
45.500 29.250
45.250 29.250
45.250 29.500
Building 4 5 0.062
45.250 30.500
45.250 30.750
45.500 30.750
45.500 30.500
Building 4 5 0.062
45.250 30.750
45.250 31.000
45.500 31.000
45.500 30.750
Building 4 5 0.062
45.250 31.000
45.250 31.250
45.500 31.250
45.500 31.000
Building 4 5 0.062
45.250 31.250
45.250 31.500
45.500 31.500
45.500 31.250
Building 4 5 0.062
45.250 31.500
45.250 31.750
45.500 31.750
45.500 31.500
Building 4 5 0.062
45.250 31.750
45.250 32.000
45.500 32.000
45.500 31.750
Building 4 5 0.062
45.250 32.000
45.250 32.250
45.500 32.250
45.500 32.000
Building 4 5 0.062
45.500 32.500
45.500 32.250
45.250 32.250
45.250 32.500
Building 4 5 0.062
45.500 27.500
45.500 27.750
45.750 27.750
45.750 27.500
Building 4 5 0.062
45.500 27.750
45.500 28.000
45.750 28.000
45.750 27.750
Building 4 5 0.062
45.500 28.000
45.500 28.250
45.750 28.250
45.750 28.000
Building 4 5 0.062
45.500 28.250
45.500 28.500
45.750 28.500
45.750 28.250
Building 4 5 0.062
45.500 28.500
45.500 28.750
45.750 28.750
45.750 28.500
Building 4 5 0.062
45.500 28.750
45.500 29.000
45.750 29.000
45.750 28.750
Building 4 5 0.062
45.500 29.000
45.500 29.250
45.750 29.250
45.750 29.000
Building 4 5 0.062
45.750 29.500
45.750 29.250
45.500 29.250
45.500 29.500
Building 4 5 0.062
45.500 30.500
45.500 30.750
45.750 30.750
45.750 30.500
Building 4 5 0.062
45.500 30.750
45.500 31.000
45.750 31.000
45.750 30.750
Building 4 5 0.062
45.500 31.000
45.500 31.250
45.750 31.250
45.750 31.000
Building 4 5 0.062
45.500 31.250
45.500 31.500
45.750 31.500
45.750 31.250
Building 4 5 0.062
45.500 31.500
45.500 31.750
45.750 31.750
45.750 31.500
Building 4 5 0.062
45.500 31.750
45.500 32.000
45.750 32.000
45.750 31.750
Building 4 5 0.062
45.500 32.000
45.500 32.250
45.750 32.250
45.750 32.000
Building 4 5 0.062
45.750 32.500
45.750 32.250
45.500 32.250
45.500 32.500
Building 4 5 0.062
45.750 27.500
45.750 27.750
46.000 27.750
46.000 27.500
Building 4 5 0.062
45.750 27.750
45.750 28.000
46.000 28.000
46.000 27.750
Building 4 5 0.062
45.750 28.000
45.750 28.250
46.000 28.250
46.000 28.000
Building 4 5 0.062
45.750 28.250
45.750 28.500
46.000 28.500
46.000 28.250
Building 4 5 0.062
45.750 28.500
45.750 28.750
46.000 28.750
46.000 28.500
Building 4 5 0.062
45.750 28.750
45.750 29.000
46.000 29.000
46.000 28.750
Building 4 5 0.062
45.750 29.000
45.750 29.250
46.000 29.250
46.000 29.000
Building 4 5 0.062
46.000 29.500
46.000 29.250
45.750 29.250
45.750 29.500
Building 4 5 0.062
45.750 30.500
45.750 30.750
46.000 30.750
46.000 30.500
Building 4 5 0.062
45.750 30.750
45.750 31.000
46.000 31.000
46.000 30.750
Building 4 5 0.062
45.750 31.000
45.750 31.250
46.000 31.250
46.000 31.000
Building 4 5 0.062
45.750 31.250
45.750 31.500
46.000 31.500
46.000 31.250
Building 4 5 0.062
45.750 31.500
45.750 31.750
46.000 31.750
46.000 31.500
Building 4 5 0.062
45.750 31.750
45.750 32.000
46.000 32.000
46.000 31.750
Building 4 5 0.062
45.750 32.000
45.750 32.250
46.000 32.250
46.000 32.000
Building 4 5 0.062
46.000 32.500
46.000 32.250
45.750 32.250
45.750 32.500
Building 4 5 0.062
46.000 27.500
46.000 27.750
46.250 27.750
46.250 27.500
Building 4 5 0.062
46.000 27.750
46.000 28.000
46.250 28.000
46.250 27.750
Building 4 5 0.062
46.000 28.000
46.000 28.250
46.250 28.250
46.250 28.000
Building 4 5 0.062
46.000 28.250
46.000 28.500
46.250 28.500
46.250 28.250
Building 4 5 0.062
46.000 28.500
46.000 28.750
46.250 28.750
46.250 28.500
Building 4 5 0.062
46.000 28.750
46.000 29.000
46.250 29.000
46.250 28.750
Building 4 5 0.062
46.000 29.000
46.000 29.250
46.250 29.250
46.250 29.000
Building 4 5 0.062
46.250 29.500
46.250 29.250
46.000 29.250
46.000 29.500
Building 4 5 0.062
46.000 30.500
46.000 30.750
46.250 30.750
46.250 30.500
Building 4 5 0.062
46.000 30.750
46.000 31.000
46.250 31.000
46.250 30.750
Building 4 5 0.062
46.000 31.000
46.000 31.250
46.250 31.250
46.250 31.000
Building 4 5 0.062
46.000 31.250
46.000 31.500
46.250 31.500
46.250 31.250
Building 4 5 0.062
46.000 31.500
46.000 31.750
46.250 31.750
46.250 31.500
Building 4 5 0.062
46.000 31.750
46.000 32.000
46.250 32.000
46.250 31.750
Building 4 5 0.062
46.000 32.000
46.000 32.250
46.250 32.250
46.250 32.000
Building 4 5 0.062
46.250 32.500
46.250 32.250
46.000 32.250
46.000 32.500
Building 4 5 0.062
46.250 27.500
46.250 27.750
46.500 27.750
46.500 27.500
Building 4 5 0.062
46.250 27.750
46.250 28.000
46.500 28.000
46.500 27.750
Building 4 5 0.062
46.250 28.000
46.250 28.250
46.500 28.250
46.500 28.000
Building 4 5 0.062
46.250 28.250
46.250 28.500
46.500 28.500
46.500 28.250
Building 4 5 0.062
46.250 28.500
46.250 28.750
46.500 28.750
46.500 28.500
Building 4 5 0.062
46.250 28.750
46.250 29.000
46.500 29.000
46.500 28.750
Building 4 5 0.062
46.250 29.000
46.250 29.250
46.500 29.250
46.500 29.000
Building 4 5 0.062
46.500 29.500
46.500 29.250
46.250 29.250
46.250 29.500
Building 4 5 0.062
46.250 30.500
46.250 30.750
46.500 30.750
46.500 30.500
Building 4 5 0.062
46.250 30.750
46.250 31.000
46.500 31.000
46.500 30.750
Building 4 5 0.062
46.250 31.000
46.250 31.250
46.500 31.250
46.500 31.000
Building 4 5 0.062
46.250 31.250
46.250 31.500
46.500 31.500
46.500 31.250
Building 4 5 0.062
46.250 31.500
46.250 31.750
46.500 31.750
46.500 31.500
Building 4 5 0.062
46.250 31.750
46.250 32.000
46.500 32.000
46.500 31.750
Building 4 5 0.062
46.250 32.000
46.250 32.250
46.500 32.250
46.500 32.000
Building 4 5 0.062
46.500 32.500
46.500 32.250
46.250 32.250
46.250 32.500
Building 4 5 0.062
46.500 27.500
46.500 27.750
46.750 27.750
46.750 27.500
Building 4 5 0.062
46.500 27.750
46.500 28.000
46.750 28.000
46.750 27.750
Building 4 5 0.062
46.500 28.000
46.500 28.250
46.750 28.250
46.750 28.000
Building 4 5 0.062
46.500 28.250
46.500 28.500
46.750 28.500
46.750 28.250
Building 4 5 0.062
46.500 28.500
46.500 28.750
46.750 28.750
46.750 28.500
Building 4 5 0.062
46.500 28.750
46.500 29.000
46.750 29.000
46.750 28.750
Building 4 5 0.062
46.500 29.000
46.500 29.250
46.750 29.250
46.750 29.000
Building 4 5 0.062
46.750 29.500
46.750 29.250
46.500 29.250
46.500 29.500
Building 4 5 0.062
46.500 30.500
46.500 30.750
46.750 30.750
46.750 30.500
Building 4 5 0.062
46.500 30.750
46.500 31.000
46.750 31.000
46.750 30.750
Building 4 5 0.062
46.500 31.000
46.500 31.250
46.750 31.250
46.750 31.000
Building 4 5 0.062
46.500 31.250
46.500 31.500
46.750 31.500
46.750 31.250
Building 4 5 0.062
46.500 31.500
46.500 31.750
46.750 31.750
46.750 31.500
Building 4 5 0.062
46.500 31.750
46.500 32.000
46.750 32.000
46.750 31.750
Building 4 5 0.062
46.500 32.000
46.500 32.250
46.750 32.250
46.750 32.000
Building 4 5 0.062
46.750 32.500
46.750 32.250
46.500 32.250
46.500 32.500
Building 4 5 0.062
46.750 27.500
46.750 27.750
47.000 27.750
47.000 27.500
Building 4 5 0.062
46.750 27.750
46.750 28.000
47.000 28.000
47.000 27.750
Building 4 5 0.062
46.750 28.000
46.750 28.250
47.000 28.250
47.000 28.000
Building 4 5 0.062
46.750 28.250
46.750 28.500
47.000 28.500
47.000 28.250
Building 4 5 0.062
46.750 28.500
46.750 28.750
47.000 28.750
47.000 28.500
Building 4 5 0.062
46.750 28.750
46.750 29.000
47.000 29.000
47.000 28.750
Building 4 5 0.062
46.750 29.000
46.750 29.250
47.000 29.250
47.000 29.000
Building 4 5 0.062
47.000 29.500
47.000 29.250
46.750 29.250
46.750 29.500
Building 4 5 0.062
46.750 30.500
46.750 30.750
47.000 30.750
47.000 30.500
Building 4 5 0.062
46.750 30.750
46.750 31.000
47.000 31.000
47.000 30.750
Building 4 5 0.062
46.750 31.000
46.750 31.250
47.000 31.250
47.000 31.000
Building 4 5 0.062
46.750 31.250
46.750 31.500
47.000 31.500
47.000 31.250
Building 4 5 0.062
46.750 31.500
46.750 31.750
47.000 31.750
47.000 31.500
Building 4 5 0.062
46.750 31.750
46.750 32.000
47.000 32.000
47.000 31.750
Building 4 5 0.062
46.750 32.000
46.750 32.250
47.000 32.250
47.000 32.000
Building 4 5 0.062
47.000 32.500
47.000 32.250
46.750 32.250
46.750 32.500
Building 4 5 0.062
47.000 27.500
47.000 27.750
47.250 27.750
47.250 27.500
Building 4 5 0.062
47.000 27.750
47.000 28.000
47.250 28.000
47.250 27.750
Building 4 5 0.062
47.000 28.000
47.000 28.250
47.250 28.250
47.250 28.000
Building 4 5 0.062
47.000 28.250
47.000 28.500
47.250 28.500
47.250 28.250
Building 4 5 0.062
47.000 28.500
47.000 28.750
47.250 28.750
47.250 28.500
Building 4 5 0.062
47.000 28.750
47.000 29.000
47.250 29.000
47.250 28.750
Building 4 5 0.062
47.000 29.000
47.000 29.250
47.250 29.250
47.250 29.000
Building 4 5 0.062
47.250 29.500
47.250 29.250
47.000 29.250
47.000 29.500
Building 4 5 0.062
47.000 30.500
47.000 30.750
47.250 30.750
47.250 30.500
Building 4 5 0.062
47.000 30.750
47.000 31.000
47.250 31.000
47.250 30.750
Building 4 5 0.062
47.000 31.000
47.000 31.250
47.250 31.250
47.250 31.000
Building 4 5 0.062
47.000 31.250
47.000 31.500
47.250 31.500
47.250 31.250
Building 4 5 0.062
47.000 31.500
47.000 31.750
47.250 31.750
47.250 31.500
Building 4 5 0.062
47.000 31.750
47.000 32.000
47.250 32.000
47.250 31.750
Building 4 5 0.062
47.000 32.000
47.000 32.250
47.250 32.250
47.250 32.000
Building 4 5 0.062
47.250 32.500
47.250 32.250
47.000 32.250
47.000 32.500
Building 4 5 0.062
47.250 27.500
47.250 27.750
47.500 27.750
47.500 27.500
Building 4 5 0.062
47.250 27.750
47.250 28.000
47.500 28.000
47.500 27.750
Building 4 5 0.062
47.250 28.000
47.250 28.250
47.500 28.250
47.500 28.000
Building 4 5 0.062
47.250 28.250
47.250 28.500
47.500 28.500
47.500 28.250
Building 4 5 0.062
47.250 28.500
47.250 28.750
47.500 28.750
47.500 28.500
Building 4 5 0.062
47.250 28.750
47.250 29.000
47.500 29.000
47.500 28.750
Building 4 5 0.062
47.250 29.000
47.250 29.250
47.500 29.250
47.500 29.000
Building 4 5 0.062
47.500 29.500
47.500 29.250
47.250 29.250
47.250 29.500
Building 4 5 0.062
47.250 30.500
47.250 30.750
47.500 30.750
47.500 30.500
Building 4 5 0.062
47.250 30.750
47.250 31.000
47.500 31.000
47.500 30.750
Building 4 5 0.062
47.250 31.000
47.250 31.250
47.500 31.250
47.500 31.000
Building 4 5 0.062
47.250 31.250
47.250 31.500
47.500 31.500
47.500 31.250
Building 4 5 0.062
47.250 31.500
47.250 31.750
47.500 31.750
47.500 31.500
Building 4 5 0.062
47.250 31.750
47.250 32.000
47.500 32.000
47.500 31.750
Building 4 5 0.062
47.250 32.000
47.250 32.250
47.500 32.250
47.500 32.000
Building 4 5 0.062
47.500 32.500
47.500 32.250
47.250 32.250
47.250 32.500
Building 4 5 0.062
47.500 27.500
47.500 27.750
47.750 27.750
47.750 27.500
Building 4 5 0.062
47.500 27.750
47.500 28.000
47.750 28.000
47.750 27.750
Building 4 5 0.062
47.500 28.000
47.500 28.250
47.750 28.250
47.750 28.000
Building 4 5 0.062
47.500 28.250
47.500 28.500
47.750 28.500
47.750 28.250
Building 4 5 0.062
47.500 28.500
47.500 28.750
47.750 28.750
47.750 28.500
Building 4 5 0.062
47.500 28.750
47.500 29.000
47.750 29.000
47.750 28.750
Building 4 5 0.062
47.500 29.000
47.500 29.250
47.750 29.250
47.750 29.000
Building 4 5 0.062
47.750 29.500
47.750 29.250
47.500 29.250
47.500 29.500
Building 4 5 0.062
47.500 30.500
47.500 30.750
47.750 30.750
47.750 30.500
Building 4 5 0.062
47.500 30.750
47.500 31.000
47.750 31.000
47.750 30.750
Building 4 5 0.062
47.500 31.000
47.500 31.250
47.750 31.250
47.750 31.000
Building 4 5 0.062
47.500 31.250
47.500 31.500
47.750 31.500
47.750 31.250
Building 4 5 0.062
47.500 31.500
47.500 31.750
47.750 31.750
47.750 31.500
Building 4 5 0.062
47.500 31.750
47.500 32.000
47.750 32.000
47.750 31.750
Building 4 5 0.062
47.500 32.000
47.500 32.250
47.750 32.250
47.750 32.000
Building 4 5 0.062
47.750 32.500
47.750 32.250
47.500 32.250
47.500 32.500
Building 4 5 0.062
47.750 27.500
47.750 27.750
48.000 27.750
48.000 27.500
Building 4 5 0.062
47.750 27.750
47.750 28.000
48.000 28.000
48.000 27.750
Building 4 5 0.062
47.750 28.000
47.750 28.250
48.000 28.250
48.000 28.000
Building 4 5 0.062
47.750 28.250
47.750 28.500
48.000 28.500
48.000 28.250
Building 4 5 0.062
47.750 28.500
47.750 28.750
48.000 28.750
48.000 28.500
Building 4 5 0.062
47.750 28.750
47.750 29.000
48.000 29.000
48.000 28.750
Building 4 5 0.062
47.750 29.000
47.750 29.250
48.000 29.250
48.000 29.000
Building 4 5 0.062
48.000 29.500
48.000 29.250
47.750 29.250
47.750 29.500
Building 4 5 0.062
47.750 30.500
47.750 30.750
48.000 30.750
48.000 30.500
Building 4 5 0.062
47.750 30.750
47.750 31.000
48.000 31.000
48.000 30.750
Building 4 5 0.062
47.750 31.000
47.750 31.250
48.000 31.250
48.000 31.000
Building 4 5 0.062
47.750 31.250
47.750 31.500
48.000 31.500
48.000 31.250
Building 4 5 0.062
47.750 31.500
47.750 31.750
48.000 31.750
48.000 31.500
Building 4 5 0.062
47.750 31.750
47.750 32.000
48.000 32.000
48.000 31.750
Building 4 5 0.062
47.750 32.000
47.750 32.250
48.000 32.250
48.000 32.000
Building 4 5 0.062
48.000 32.500
48.000 32.250
47.750 32.250
47.750 32.500
Building 4 5 0.062
48.000 27.500
48.000 27.750
48.250 27.750
48.250 27.500
Building 4 5 0.062
48.000 27.750
48.000 28.000
48.250 28.000
48.250 27.750
Building 4 5 0.062
48.000 28.000
48.000 28.250
48.250 28.250
48.250 28.000
Building 4 5 0.062
48.000 28.250
48.000 28.500
48.250 28.500
48.250 28.250
Building 4 5 0.062
48.000 28.500
48.000 28.750
48.250 28.750
48.250 28.500
Building 4 5 0.062
48.000 28.750
48.000 29.000
48.250 29.000
48.250 28.750
Building 4 5 0.062
48.000 29.000
48.000 29.250
48.250 29.250
48.250 29.000
Building 4 5 0.062
48.250 29.500
48.250 29.250
48.000 29.250
48.000 29.500
Building 4 5 0.062
48.000 30.500
48.000 30.750
48.250 30.750
48.250 30.500
Building 4 5 0.062
48.000 30.750
48.000 31.000
48.250 31.000
48.250 30.750
Building 4 5 0.062
48.000 31.000
48.000 31.250
48.250 31.250
48.250 31.000
Building 4 5 0.062
48.000 31.250
48.000 31.500
48.250 31.500
48.250 31.250
Building 4 5 0.062
48.000 31.500
48.000 31.750
48.250 31.750
48.250 31.500
Building 4 5 0.062
48.000 31.750
48.000 32.000
48.250 32.000
48.250 31.750
Building 4 5 0.062
48.000 32.000
48.000 32.250
48.250 32.250
48.250 32.000
Building 4 5 0.062
48.250 32.500
48.250 32.250
48.000 32.250
48.000 32.500
Building 4 5 0.062
48.250 27.500
48.250 27.750
48.500 27.750
48.500 27.500
Building 4 5 0.062
48.250 27.750
48.250 28.000
48.500 28.000
48.500 27.750
Building 4 5 0.062
48.250 28.000
48.250 28.250
48.500 28.250
48.500 28.000
Building 4 5 0.062
48.250 28.250
48.250 28.500
48.500 28.500
48.500 28.250
Building 4 5 0.062
48.250 28.500
48.250 28.750
48.500 28.750
48.500 28.500
Building 4 5 0.062
48.250 28.750
48.250 29.000
48.500 29.000
48.500 28.750
Building 4 5 0.062
48.250 29.000
48.250 29.250
48.500 29.250
48.500 29.000
Building 4 5 0.062
48.500 29.500
48.500 29.250
48.250 29.250
48.250 29.500
Building 4 5 0.062
48.250 30.500
48.250 30.750
48.500 30.750
48.500 30.500
Building 4 5 0.062
48.250 30.750
48.250 31.000
48.500 31.000
48.500 30.750
Building 4 5 0.062
48.250 31.000
48.250 31.250
48.500 31.250
48.500 31.000
Building 4 5 0.062
48.250 31.250
48.250 31.500
48.500 31.500
48.500 31.250
Building 4 5 0.062
48.250 31.500
48.250 31.750
48.500 31.750
48.500 31.500
Building 4 5 0.062
48.250 31.750
48.250 32.000
48.500 32.000
48.500 31.750
Building 4 5 0.062
48.250 32.000
48.250 32.250
48.500 32.250
48.500 32.000
Building 4 5 0.062
48.500 32.500
48.500 32.250
48.250 32.250
48.250 32.500
Building 4 5 0.062
48.500 27.500
48.500 27.750
48.750 27.750
48.750 27.500
Building 4 5 0.062
48.500 27.750
48.500 28.000
48.750 28.000
48.750 27.750
Building 4 5 0.062
48.500 28.000
48.500 28.250
48.750 28.250
48.750 28.000
Building 4 5 0.062
48.500 28.250
48.500 28.500
48.750 28.500
48.750 28.250
Building 4 5 0.062
48.500 28.500
48.500 28.750
48.750 28.750
48.750 28.500
Building 4 5 0.062
48.500 28.750
48.500 29.000
48.750 29.000
48.750 28.750
Building 4 5 0.062
48.500 29.000
48.500 29.250
48.750 29.250
48.750 29.000
Building 4 5 0.062
48.750 29.500
48.750 29.250
48.500 29.250
48.500 29.500
Building 4 5 0.062
48.500 30.500
48.500 30.750
48.750 30.750
48.750 30.500
Building 4 5 0.062
48.500 30.750
48.500 31.000
48.750 31.000
48.750 30.750
Building 4 5 0.062
48.500 31.000
48.500 31.250
48.750 31.250
48.750 31.000
Building 4 5 0.062
48.500 31.250
48.500 31.500
48.750 31.500
48.750 31.250
Building 4 5 0.062
48.500 31.500
48.500 31.750
48.750 31.750
48.750 31.500
Building 4 5 0.062
48.500 31.750
48.500 32.000
48.750 32.000
48.750 31.750
Building 4 5 0.062
48.500 32.000
48.500 32.250
48.750 32.250
48.750 32.000
Building 4 5 0.062
48.750 32.500
48.750 32.250
48.500 32.250
48.500 32.500
Building 4 5 0.062
48.750 27.500
48.750 27.750
49.000 27.750
49.000 27.500
Building 4 5 0.062
48.750 27.750
48.750 28.000
49.000 28.000
49.000 27.750
Building 4 5 0.062
48.750 28.000
48.750 28.250
49.000 28.250
49.000 28.000
Building 4 5 0.062
48.750 28.250
48.750 28.500
49.000 28.500
49.000 28.250
Building 4 5 0.062
48.750 28.500
48.750 28.750
49.000 28.750
49.000 28.500
Building 4 5 0.062
48.750 28.750
48.750 29.000
49.000 29.000
49.000 28.750
Building 4 5 0.062
48.750 29.000
48.750 29.250
49.000 29.250
49.000 29.000
Building 4 5 0.062
49.000 29.500
49.000 29.250
48.750 29.250
48.750 29.500
Building 4 5 0.062
48.750 30.500
48.750 30.750
49.000 30.750
49.000 30.500
Building 4 5 0.062
48.750 30.750
48.750 31.000
49.000 31.000
49.000 30.750
Building 4 5 0.062
48.750 31.000
48.750 31.250
49.000 31.250
49.000 31.000
Building 4 5 0.062
48.750 31.250
48.750 31.500
49.000 31.500
49.000 31.250
Building 4 5 0.062
48.750 31.500
48.750 31.750
49.000 31.750
49.000 31.500
Building 4 5 0.062
48.750 31.750
48.750 32.000
49.000 32.000
49.000 31.750
Building 4 5 0.062
48.750 32.000
48.750 32.250
49.000 32.250
49.000 32.000
Building 4 5 0.062
49.000 32.500
49.000 32.250
48.750 32.250
48.750 32.500
Building 4 5 0.062
49.000 27.500
49.000 27.750
49.250 27.750
49.250 27.500
Building 4 5 0.062
49.000 27.750
49.000 28.000
49.250 28.000
49.250 27.750
Building 4 5 0.062
49.000 28.000
49.000 28.250
49.250 28.250
49.250 28.000
Building 4 5 0.062
49.000 28.250
49.000 28.500
49.250 28.500
49.250 28.250
Building 4 5 0.062
49.000 28.500
49.000 28.750
49.250 28.750
49.250 28.500
Building 4 5 0.062
49.000 28.750
49.000 29.000
49.250 29.000
49.250 28.750
Building 4 5 0.062
49.000 29.000
49.000 29.250
49.250 29.250
49.250 29.000
Building 4 5 0.062
49.250 29.500
49.250 29.250
49.000 29.250
49.000 29.500
Building 4 5 0.062
49.000 30.500
49.000 30.750
49.250 30.750
49.250 30.500
Building 4 5 0.062
49.000 30.750
49.000 31.000
49.250 31.000
49.250 30.750
Building 4 5 0.062
49.000 31.000
49.000 31.250
49.250 31.250
49.250 31.000
Building 4 5 0.062
49.000 31.250
49.000 31.500
49.250 31.500
49.250 31.250
Building 4 5 0.062
49.000 31.500
49.000 31.750
49.250 31.750
49.250 31.500
Building 4 5 0.062
49.000 31.750
49.000 32.000
49.250 32.000
49.250 31.750
Building 4 5 0.062
49.000 32.000
49.000 32.250
49.250 32.250
49.250 32.000
Building 4 5 0.062
49.250 32.500
49.250 32.250
49.000 32.250
49.000 32.500
Building 4 5 0.062
49.250 27.500
49.250 27.750
49.500 27.750
49.500 27.500
Building 4 5 0.062
49.250 27.750
49.250 28.000
49.500 28.000
49.500 27.750
Building 4 5 0.062
49.250 28.000
49.250 28.250
49.500 28.250
49.500 28.000
Building 4 5 0.062
49.250 28.250
49.250 28.500
49.500 28.500
49.500 28.250
Building 4 5 0.062
49.250 28.500
49.250 28.750
49.500 28.750
49.500 28.500
Building 4 5 0.062
49.250 28.750
49.250 29.000
49.500 29.000
49.500 28.750
Building 4 5 0.062
49.250 29.000
49.250 29.250
49.500 29.250
49.500 29.000
Building 4 5 0.062
49.500 29.500
49.500 29.250
49.250 29.250
49.250 29.500
Building 4 5 0.062
49.250 30.500
49.250 30.750
49.500 30.750
49.500 30.500
Building 4 5 0.062
49.250 30.750
49.250 31.000
49.500 31.000
49.500 30.750
Building 4 5 0.062
49.250 31.000
49.250 31.250
49.500 31.250
49.500 31.000
Building 4 5 0.062
49.250 31.250
49.250 31.500
49.500 31.500
49.500 31.250
Building 4 5 0.062
49.250 31.500
49.250 31.750
49.500 31.750
49.500 31.500
Building 4 5 0.062
49.250 31.750
49.250 32.000
49.500 32.000
49.500 31.750
Building 4 5 0.062
49.250 32.000
49.250 32.250
49.500 32.250
49.500 32.000
Building 4 5 0.062
49.500 32.500
49.500 32.250
49.250 32.250
49.250 32.500
Building 4 5 0.062
49.500 27.500
49.500 27.750
49.750 27.750
49.750 27.500
Building 4 5 0.062
49.500 27.750
49.500 28.000
49.750 28.000
49.750 27.750
Building 4 5 0.062
49.500 28.000
49.500 28.250
49.750 28.250
49.750 28.000
Building 4 5 0.062
49.500 28.250
49.500 28.500
49.750 28.500
49.750 28.250
Building 4 5 0.062
49.500 28.500
49.500 28.750
49.750 28.750
49.750 28.500
Building 4 5 0.062
49.500 28.750
49.500 29.000
49.750 29.000
49.750 28.750
Building 4 5 0.062
49.500 29.000
49.500 29.250
49.750 29.250
49.750 29.000
Building 4 5 0.062
49.750 29.500
49.750 29.250
49.500 29.250
49.500 29.500
Building 4 5 0.062
49.500 30.500
49.500 30.750
49.750 30.750
49.750 30.500
Building 4 5 0.062
49.500 30.750
49.500 31.000
49.750 31.000
49.750 30.750
Building 4 5 0.062
49.500 31.000
49.500 31.250
49.750 31.250
49.750 31.000
Building 4 5 0.062
49.500 31.250
49.500 31.500
49.750 31.500
49.750 31.250
Building 4 5 0.062
49.500 31.500
49.500 31.750
49.750 31.750
49.750 31.500
Building 4 5 0.062
49.500 31.750
49.500 32.000
49.750 32.000
49.750 31.750
Building 4 5 0.062
49.500 32.000
49.500 32.250
49.750 32.250
49.750 32.000
Building 4 5 0.062
49.750 32.500
49.750 32.250
49.500 32.250
49.500 32.500
Building 4 5 0.062
49.750 27.500
49.750 27.750
50.000 27.750
50.000 27.500
Building 4 5 0.062
49.750 27.750
49.750 28.000
50.000 28.000
50.000 27.750
Building 4 5 0.062
49.750 28.000
49.750 28.250
50.000 28.250
50.000 28.000
Building 4 5 0.062
49.750 28.250
49.750 28.500
50.000 28.500
50.000 28.250
Building 4 5 0.062
49.750 28.500
49.750 28.750
50.000 28.750
50.000 28.500
Building 4 5 0.062
49.750 28.750
49.750 29.000
50.000 29.000
50.000 28.750
Building 4 5 0.062
49.750 29.000
49.750 29.250
50.000 29.250
50.000 29.000
Building 4 5 0.062
50.000 29.500
50.000 29.250
49.750 29.250
49.750 29.500
Building 4 5 0.062
49.750 30.500
49.750 30.750
50.000 30.750
50.000 30.500
Building 4 5 0.062
49.750 30.750
49.750 31.000
50.000 31.000
50.000 30.750
Building 4 5 0.062
49.750 31.000
49.750 31.250
50.000 31.250
50.000 31.000
Building 4 5 0.062
49.750 31.250
49.750 31.500
50.000 31.500
50.000 31.250
Building 4 5 0.062
49.750 31.500
49.750 31.750
50.000 31.750
50.000 31.500
Building 4 5 0.062
49.750 31.750
49.750 32.000
50.000 32.000
50.000 31.750
Building 4 5 0.062
49.750 32.000
49.750 32.250
50.000 32.250
50.000 32.000
Building 4 5 0.062
50.000 32.500
50.000 32.250
49.750 32.250
49.750 32.500
Building 4 5 0.062
50.000 27.500
50.000 27.750
50.250 27.750
50.250 27.500
Building 4 5 0.062
50.000 27.750
50.000 28.000
50.250 28.000
50.250 27.750
Building 4 5 0.062
50.000 28.000
50.000 28.250
50.250 28.250
50.250 28.000
Building 4 5 0.062
50.000 28.250
50.000 28.500
50.250 28.500
50.250 28.250
Building 4 5 0.062
50.000 28.500
50.000 28.750
50.250 28.750
50.250 28.500
Building 4 5 0.062
50.000 28.750
50.000 29.000
50.250 29.000
50.250 28.750
Building 4 5 0.062
50.000 29.000
50.000 29.250
50.250 29.250
50.250 29.000
Building 4 5 0.062
50.250 29.500
50.250 29.250
50.000 29.250
50.000 29.500
Building 4 5 0.062
50.000 30.500
50.000 30.750
50.250 30.750
50.250 30.500
Building 4 5 0.062
50.000 30.750
50.000 31.000
50.250 31.000
50.250 30.750
Building 4 5 0.062
50.000 31.000
50.000 31.250
50.250 31.250
50.250 31.000
Building 4 5 0.062
50.000 31.250
50.000 31.500
50.250 31.500
50.250 31.250
Building 4 5 0.062
50.000 31.500
50.000 31.750
50.250 31.750
50.250 31.500
Building 4 5 0.062
50.000 31.750
50.000 32.000
50.250 32.000
50.250 31.750
Building 4 5 0.062
50.000 32.000
50.000 32.250
50.250 32.250
50.250 32.000
Building 4 5 0.062
50.250 32.500
50.250 32.250
50.000 32.250
50.000 32.500
Building 4 5 0.062
50.250 27.500
50.250 27.750
50.500 27.750
50.500 27.500
Building 4 5 0.062
50.250 27.750
50.250 28.000
50.500 28.000
50.500 27.750
Building 4 5 0.062
50.250 28.000
50.250 28.250
50.500 28.250
50.500 28.000
Building 4 5 0.062
50.250 28.250
50.250 28.500
50.500 28.500
50.500 28.250
Building 4 5 0.062
50.250 28.500
50.250 28.750
50.500 28.750
50.500 28.500
Building 4 5 0.062
50.250 28.750
50.250 29.000
50.500 29.000
50.500 28.750
Building 4 5 0.062
50.250 29.000
50.250 29.250
50.500 29.250
50.500 29.000
Building 4 5 0.062
50.500 29.500
50.500 29.250
50.250 29.250
50.250 29.500
Building 4 5 0.062
50.250 30.500
50.250 30.750
50.500 30.750
50.500 30.500
Building 4 5 0.062
50.250 30.750
50.250 31.000
50.500 31.000
50.500 30.750
Building 4 5 0.062
50.250 31.000
50.250 31.250
50.500 31.250
50.500 31.000
Building 4 5 0.062
50.250 31.250
50.250 31.500
50.500 31.500
50.500 31.250
Building 4 5 0.062
50.250 31.500
50.250 31.750
50.500 31.750
50.500 31.500
Building 4 5 0.062
50.250 31.750
50.250 32.000
50.500 32.000
50.500 31.750
Building 4 5 0.062
50.250 32.000
50.250 32.250
50.500 32.250
50.500 32.000
Building 4 5 0.062
50.500 32.500
50.500 32.250
50.250 32.250
50.250 32.500
Building 4 5 0.062
50.500 27.500
50.500 27.750
50.750 27.750
50.750 27.500
Building 4 5 0.062
50.500 27.750
50.500 28.000
50.750 28.000
50.750 27.750
Building 4 5 0.062
50.500 28.000
50.500 28.250
50.750 28.250
50.750 28.000
Building 4 5 0.062
50.500 28.250
50.500 28.500
50.750 28.500
50.750 28.250
Building 4 5 0.062
50.500 28.500
50.500 28.750
50.750 28.750
50.750 28.500
Building 4 5 0.062
50.500 28.750
50.500 29.000
50.750 29.000
50.750 28.750
Building 4 5 0.062
50.500 29.000
50.500 29.250
50.750 29.250
50.750 29.000
Building 4 5 0.062
50.750 29.500
50.750 29.250
50.500 29.250
50.500 29.500
Building 4 5 0.062
50.500 30.500
50.500 30.750
50.750 30.750
50.750 30.500
Building 4 5 0.062
50.500 30.750
50.500 31.000
50.750 31.000
50.750 30.750
Building 4 5 0.062
50.500 31.000
50.500 31.250
50.750 31.250
50.750 31.000
Building 4 5 0.062
50.500 31.250
50.500 31.500
50.750 31.500
50.750 31.250
Building 4 5 0.062
50.500 31.500
50.500 31.750
50.750 31.750
50.750 31.500
Building 4 5 0.062
50.500 31.750
50.500 32.000
50.750 32.000
50.750 31.750
Building 4 5 0.062
50.500 32.000
50.500 32.250
50.750 32.250
50.750 32.000
Building 4 5 0.062
50.750 32.500
50.750 32.250
50.500 32.250
50.500 32.500
Building 4 5 0.062
50.750 27.500
50.750 27.750
51.000 27.750
51.000 27.500
Building 4 5 0.062
50.750 27.750
50.750 28.000
51.000 28.000
51.000 27.750
Building 4 5 0.062
50.750 28.000
50.750 28.250
51.000 28.250
51.000 28.000
Building 4 5 0.062
50.750 28.250
50.750 28.500
51.000 28.500
51.000 28.250
Building 4 5 0.062
50.750 28.500
50.750 28.750
51.000 28.750
51.000 28.500
Building 4 5 0.062
50.750 28.750
50.750 29.000
51.000 29.000
51.000 28.750
Building 4 5 0.062
50.750 29.000
50.750 29.250
51.000 29.250
51.000 29.000
Building 4 5 0.062
51.000 29.500
51.000 29.250
50.750 29.250
50.750 29.500
Building 4 5 0.062
50.750 30.500
50.750 30.750
51.000 30.750
51.000 30.500
Building 4 5 0.062
50.750 30.750
50.750 31.000
51.000 31.000
51.000 30.750
Building 4 5 0.062
50.750 31.000
50.750 31.250
51.000 31.250
51.000 31.000
Building 4 5 0.062
50.750 31.250
50.750 31.500
51.000 31.500
51.000 31.250
Building 4 5 0.062
50.750 31.500
50.750 31.750
51.000 31.750
51.000 31.500
Building 4 5 0.062
50.750 31.750
50.750 32.000
51.000 32.000
51.000 31.750
Building 4 5 0.062
50.750 32.000
50.750 32.250
51.000 32.250
51.000 32.000
Building 4 5 0.062
51.000 32.500
51.000 32.250
50.750 32.250
50.750 32.500
Building 4 5 0.062
51.000 27.500
51.000 27.750
51.250 27.750
51.250 27.500
Building 4 5 0.062
51.000 27.750
51.000 28.000
51.250 28.000
51.250 27.750
Building 4 5 0.062
51.000 28.000
51.000 28.250
51.250 28.250
51.250 28.000
Building 4 5 0.062
51.000 28.250
51.000 28.500
51.250 28.500
51.250 28.250
Building 4 5 0.062
51.000 28.500
51.000 28.750
51.250 28.750
51.250 28.500
Building 4 5 0.062
51.000 28.750
51.000 29.000
51.250 29.000
51.250 28.750
Building 4 5 0.062
51.000 29.000
51.000 29.250
51.250 29.250
51.250 29.000
Building 4 5 0.062
51.250 29.500
51.250 29.250
51.000 29.250
51.000 29.500
Building 4 5 0.062
51.000 30.500
51.000 30.750
51.250 30.750
51.250 30.500
Building 4 5 0.062
51.000 30.750
51.000 31.000
51.250 31.000
51.250 30.750
Building 4 5 0.062
51.000 31.000
51.000 31.250
51.250 31.250
51.250 31.000
Building 4 5 0.062
51.000 31.250
51.000 31.500
51.250 31.500
51.250 31.250
Building 4 5 0.062
51.000 31.500
51.000 31.750
51.250 31.750
51.250 31.500
Building 4 5 0.062
51.000 31.750
51.000 32.000
51.250 32.000
51.250 31.750
Building 4 5 0.062
51.000 32.000
51.000 32.250
51.250 32.250
51.250 32.000
Building 4 5 0.062
51.250 32.500
51.250 32.250
51.000 32.250
51.000 32.500
Building 4 5 0.062
51.250 27.500
51.250 27.750
51.500 27.750
51.500 27.500
Building 4 5 0.062
51.250 27.750
51.250 28.000
51.500 28.000
51.500 27.750
Building 4 5 0.062
51.250 28.000
51.250 28.250
51.500 28.250
51.500 28.000
Building 4 5 0.062
51.250 28.250
51.250 28.500
51.500 28.500
51.500 28.250
Building 4 5 0.062
51.250 28.500
51.250 28.750
51.500 28.750
51.500 28.500
Building 4 5 0.062
51.250 28.750
51.250 29.000
51.500 29.000
51.500 28.750
Building 4 5 0.062
51.250 29.000
51.250 29.250
51.500 29.250
51.500 29.000
Building 4 5 0.062
51.500 29.500
51.500 29.250
51.250 29.250
51.250 29.500
Building 4 5 0.062
51.250 30.500
51.250 30.750
51.500 30.750
51.500 30.500
Building 4 5 0.062
51.250 30.750
51.250 31.000
51.500 31.000
51.500 30.750
Building 4 5 0.062
51.250 31.000
51.250 31.250
51.500 31.250
51.500 31.000
Building 4 5 0.062
51.250 31.250
51.250 31.500
51.500 31.500
51.500 31.250
Building 4 5 0.062
51.250 31.500
51.250 31.750
51.500 31.750
51.500 31.500
Building 4 5 0.062
51.250 31.750
51.250 32.000
51.500 32.000
51.500 31.750
Building 4 5 0.062
51.250 32.000
51.250 32.250
51.500 32.250
51.500 32.000
Building 4 5 0.062
51.500 32.500
51.500 32.250
51.250 32.250
51.250 32.500
Building 4 5 0.062
51.500 27.500
51.500 27.750
51.750 27.750
51.750 27.500
Building 4 5 0.062
51.500 27.750
51.500 28.000
51.750 28.000
51.750 27.750
Building 4 5 0.062
51.500 28.000
51.500 28.250
51.750 28.250
51.750 28.000
Building 4 5 0.062
51.500 28.250
51.500 28.500
51.750 28.500
51.750 28.250
Building 4 5 0.062
51.500 28.500
51.500 28.750
51.750 28.750
51.750 28.500
Building 4 5 0.062
51.500 28.750
51.500 29.000
51.750 29.000
51.750 28.750
Building 4 5 0.062
51.500 29.000
51.500 29.250
51.750 29.250
51.750 29.000
Building 4 5 0.062
51.750 29.500
51.750 29.250
51.500 29.250
51.500 29.500
Building 4 5 0.062
51.500 30.500
51.500 30.750
51.750 30.750
51.750 30.500
Building 4 5 0.062
51.500 30.750
51.500 31.000
51.750 31.000
51.750 30.750
Building 4 5 0.062
51.500 31.000
51.500 31.250
51.750 31.250
51.750 31.000
Building 4 5 0.062
51.500 31.250
51.500 31.500
51.750 31.500
51.750 31.250
Building 4 5 0.062
51.500 31.500
51.500 31.750
51.750 31.750
51.750 31.500
Building 4 5 0.062
51.500 31.750
51.500 32.000
51.750 32.000
51.750 31.750
Building 4 5 0.062
51.500 32.000
51.500 32.250
51.750 32.250
51.750 32.000
Building 4 5 0.062
51.750 32.500
51.750 32.250
51.500 32.250
51.500 32.500
Building 4 5 0.062
51.750 27.500
51.750 27.750
52.000 27.750
52.000 27.500
Building 4 5 0.062
51.750 27.750
51.750 28.000
52.000 28.000
52.000 27.750
Building 4 5 0.062
51.750 28.000
51.750 28.250
52.000 28.250
52.000 28.000
Building 4 5 0.062
51.750 28.250
51.750 28.500
52.000 28.500
52.000 28.250
Building 4 5 0.062
51.750 28.500
51.750 28.750
52.000 28.750
52.000 28.500
Building 4 5 0.062
51.750 28.750
51.750 29.000
52.000 29.000
52.000 28.750
Building 4 5 0.062
51.750 29.000
51.750 29.250
52.000 29.250
52.000 29.000
Building 4 5 0.062
52.000 29.500
52.000 29.250
51.750 29.250
51.750 29.500
Building 4 5 0.062
51.750 30.500
51.750 30.750
52.000 30.750
52.000 30.500
Building 4 5 0.062
51.750 30.750
51.750 31.000
52.000 31.000
52.000 30.750
Building 4 5 0.062
51.750 31.000
51.750 31.250
52.000 31.250
52.000 31.000
Building 4 5 0.062
51.750 31.250
51.750 31.500
52.000 31.500
52.000 31.250
Building 4 5 0.062
51.750 31.500
51.750 31.750
52.000 31.750
52.000 31.500
Building 4 5 0.062
51.750 31.750
51.750 32.000
52.000 32.000
52.000 31.750
Building 4 5 0.062
51.750 32.000
51.750 32.250
52.000 32.250
52.000 32.000
Building 4 5 0.062
52.000 32.500
52.000 32.250
51.750 32.250
51.750 32.500
Building 4 5 0.062
52.000 27.500
52.000 27.750
52.250 27.750
52.250 27.500
Building 4 5 0.062
52.000 27.750
52.000 28.000
52.250 28.000
52.250 27.750
Building 4 5 0.062
52.000 28.000
52.000 28.250
52.250 28.250
52.250 28.000
Building 4 5 0.062
52.000 28.250
52.000 28.500
52.250 28.500
52.250 28.250
Building 4 5 0.062
52.000 28.500
52.000 28.750
52.250 28.750
52.250 28.500
Building 4 5 0.062
52.000 28.750
52.000 29.000
52.250 29.000
52.250 28.750
Building 4 5 0.062
52.000 29.000
52.000 29.250
52.250 29.250
52.250 29.000
Building 4 5 0.062
52.250 29.500
52.250 29.250
52.000 29.250
52.000 29.500
Building 4 5 0.062
52.000 30.500
52.000 30.750
52.250 30.750
52.250 30.500
Building 4 5 0.062
52.000 30.750
52.000 31.000
52.250 31.000
52.250 30.750
Building 4 5 0.062
52.000 31.000
52.000 31.250
52.250 31.250
52.250 31.000
Building 4 5 0.062
52.000 31.250
52.000 31.500
52.250 31.500
52.250 31.250
Building 4 5 0.062
52.000 31.500
52.000 31.750
52.250 31.750
52.250 31.500
Building 4 5 0.062
52.000 31.750
52.000 32.000
52.250 32.000
52.250 31.750
Building 4 5 0.062
52.000 32.000
52.000 32.250
52.250 32.250
52.250 32.000
Building 4 5 0.062
52.250 32.500
52.250 32.250
52.000 32.250
52.000 32.500
Building 4 5 0.062
52.250 27.500
52.250 27.750
52.500 27.750
52.500 27.500
Building 4 5 0.062
52.250 27.750
52.250 28.000
52.500 28.000
52.500 27.750
Building 4 5 0.062
52.250 28.000
52.250 28.250
52.500 28.250
52.500 28.000
Building 4 5 0.062
52.250 28.250
52.250 28.500
52.500 28.500
52.500 28.250
Building 4 5 0.062
52.250 28.500
52.250 28.750
52.500 28.750
52.500 28.500
Building 4 5 0.062
52.250 28.750
52.250 29.000
52.500 29.000
52.500 28.750
Building 4 5 0.062
52.250 29.000
52.250 29.250
52.500 29.250
52.500 29.000
Building 4 5 0.062
52.500 29.500
52.500 29.250
52.250 29.250
52.250 29.500
Building 4 5 0.062
52.250 30.500
52.250 30.750
52.500 30.750
52.500 30.500
Building 4 5 0.062
52.250 30.750
52.250 31.000
52.500 31.000
52.500 30.750
Building 4 5 0.062
52.250 31.000
52.250 31.250
52.500 31.250
52.500 31.000
Building 4 5 0.062
52.250 31.250
52.250 31.500
52.500 31.500
52.500 31.250
Building 4 5 0.062
52.250 31.500
52.250 31.750
52.500 31.750
52.500 31.500
Building 4 5 0.062
52.250 31.750
52.250 32.000
52.500 32.000
52.500 31.750
Building 4 5 0.062
52.250 32.000
52.250 32.250
52.500 32.250
52.500 32.000
Building 4 5 0.062
52.500 32.500
52.500 32.250
52.250 32.250
52.250 32.500
Building 4 5 0.062
52.500 27.500
52.500 27.750
52.750 27.750
52.750 27.500
Building 4 5 0.062
52.500 27.750
52.500 28.000
52.750 28.000
52.750 27.750
Building 4 5 0.062
52.500 28.000
52.500 28.250
52.750 28.250
52.750 28.000
Building 4 5 0.062
52.500 28.250
52.500 28.500
52.750 28.500
52.750 28.250
Building 4 5 0.062
52.500 28.500
52.500 28.750
52.750 28.750
52.750 28.500
Building 4 5 0.062
52.500 28.750
52.500 29.000
52.750 29.000
52.750 28.750
Building 4 5 0.062
52.500 29.000
52.500 29.250
52.750 29.250
52.750 29.000
Building 4 5 0.062
52.750 29.500
52.750 29.250
52.500 29.250
52.500 29.500
Building 4 5 0.062
52.500 30.500
52.500 30.750
52.750 30.750
52.750 30.500
Building 4 5 0.062
52.500 30.750
52.500 31.000
52.750 31.000
52.750 30.750
Building 4 5 0.062
52.500 31.000
52.500 31.250
52.750 31.250
52.750 31.000
Building 4 5 0.062
52.500 31.250
52.500 31.500
52.750 31.500
52.750 31.250
Building 4 5 0.062
52.500 31.500
52.500 31.750
52.750 31.750
52.750 31.500
Building 4 5 0.062
52.500 31.750
52.500 32.000
52.750 32.000
52.750 31.750
Building 4 5 0.062
52.500 32.000
52.500 32.250
52.750 32.250
52.750 32.000
Building 4 5 0.062
52.750 32.500
52.750 32.250
52.500 32.250
52.500 32.500
Building 4 5 0.062
52.750 27.500
52.750 27.750
53.000 27.750
53.000 27.500
Building 4 5 0.062
52.750 27.750
52.750 28.000
53.000 28.000
53.000 27.750
Building 4 5 0.062
52.750 28.000
52.750 28.250
53.000 28.250
53.000 28.000
Building 4 5 0.062
52.750 28.250
52.750 28.500
53.000 28.500
53.000 28.250
Building 4 5 0.062
52.750 28.500
52.750 28.750
53.000 28.750
53.000 28.500
Building 4 5 0.062
52.750 28.750
52.750 29.000
53.000 29.000
53.000 28.750
Building 4 5 0.062
52.750 29.000
52.750 29.250
53.000 29.250
53.000 29.000
Building 4 5 0.062
53.000 29.500
53.000 29.250
52.750 29.250
52.750 29.500
Building 4 5 0.062
52.750 30.500
52.750 30.750
53.000 30.750
53.000 30.500
Building 4 5 0.062
52.750 30.750
52.750 31.000
53.000 31.000
53.000 30.750
Building 4 5 0.062
52.750 31.000
52.750 31.250
53.000 31.250
53.000 31.000
Building 4 5 0.062
52.750 31.250
52.750 31.500
53.000 31.500
53.000 31.250
Building 4 5 0.062
52.750 31.500
52.750 31.750
53.000 31.750
53.000 31.500
Building 4 5 0.062
52.750 31.750
52.750 32.000
53.000 32.000
53.000 31.750
Building 4 5 0.062
52.750 32.000
52.750 32.250
53.000 32.250
53.000 32.000
Building 4 5 0.062
53.000 32.500
53.000 32.250
52.750 32.250
52.750 32.500
Building 4 5 0.062
53.000 27.500
53.000 27.750
53.250 27.750
53.250 27.500
Building 4 5 0.062
53.000 27.750
53.000 28.000
53.250 28.000
53.250 27.750
Building 4 5 0.062
53.000 28.000
53.000 28.250
53.250 28.250
53.250 28.000
Building 4 5 0.062
53.000 28.250
53.000 28.500
53.250 28.500
53.250 28.250
Building 4 5 0.062
53.000 28.500
53.000 28.750
53.250 28.750
53.250 28.500
Building 4 5 0.062
53.000 28.750
53.000 29.000
53.250 29.000
53.250 28.750
Building 4 5 0.062
53.000 29.000
53.000 29.250
53.250 29.250
53.250 29.000
Building 4 5 0.062
53.250 29.500
53.250 29.250
53.000 29.250
53.000 29.500
Building 4 5 0.062
53.000 30.500
53.000 30.750
53.250 30.750
53.250 30.500
Building 4 5 0.062
53.000 30.750
53.000 31.000
53.250 31.000
53.250 30.750
Building 4 5 0.062
53.000 31.000
53.000 31.250
53.250 31.250
53.250 31.000
Building 4 5 0.062
53.000 31.250
53.000 31.500
53.250 31.500
53.250 31.250
Building 4 5 0.062
53.000 31.500
53.000 31.750
53.250 31.750
53.250 31.500
Building 4 5 0.062
53.000 31.750
53.000 32.000
53.250 32.000
53.250 31.750
Building 4 5 0.062
53.000 32.000
53.000 32.250
53.250 32.250
53.250 32.000
Building 4 5 0.062
53.250 32.500
53.250 32.250
53.000 32.250
53.000 32.500
Building 4 5 0.062
53.250 27.500
53.250 27.750
53.500 27.750
53.500 27.500
Building 4 5 0.062
53.250 27.750
53.250 28.000
53.500 28.000
53.500 27.750
Building 4 5 0.062
53.250 28.000
53.250 28.250
53.500 28.250
53.500 28.000
Building 4 5 0.062
53.250 28.250
53.250 28.500
53.500 28.500
53.500 28.250
Building 4 5 0.062
53.250 28.500
53.250 28.750
53.500 28.750
53.500 28.500
Building 4 5 0.062
53.250 28.750
53.250 29.000
53.500 29.000
53.500 28.750
Building 4 5 0.062
53.250 29.000
53.250 29.250
53.500 29.250
53.500 29.000
Building 4 5 0.062
53.500 29.500
53.500 29.250
53.250 29.250
53.250 29.500
Building 4 5 0.062
53.250 30.500
53.250 30.750
53.500 30.750
53.500 30.500
Building 4 5 0.062
53.250 30.750
53.250 31.000
53.500 31.000
53.500 30.750
Building 4 5 0.062
53.250 31.000
53.250 31.250
53.500 31.250
53.500 31.000
Building 4 5 0.062
53.250 31.250
53.250 31.500
53.500 31.500
53.500 31.250
Building 4 5 0.062
53.250 31.500
53.250 31.750
53.500 31.750
53.500 31.500
Building 4 5 0.062
53.250 31.750
53.250 32.000
53.500 32.000
53.500 31.750
Building 4 5 0.062
53.250 32.000
53.250 32.250
53.500 32.250
53.500 32.000
Building 4 5 0.062
53.500 32.500
53.500 32.250
53.250 32.250
53.250 32.500
Building 4 5 0.062
53.500 27.500
53.500 27.750
53.750 27.750
53.750 27.500
Building 4 5 0.062
53.500 27.750
53.500 28.000
53.750 28.000
53.750 27.750
Building 4 5 0.062
53.500 28.000
53.500 28.250
53.750 28.250
53.750 28.000
Building 4 5 0.062
53.500 28.250
53.500 28.500
53.750 28.500
53.750 28.250
Building 4 5 0.062
53.500 28.500
53.500 28.750
53.750 28.750
53.750 28.500
Building 4 5 0.062
53.500 28.750
53.500 29.000
53.750 29.000
53.750 28.750
Building 4 5 0.062
53.500 29.000
53.500 29.250
53.750 29.250
53.750 29.000
Building 4 5 0.062
53.750 29.500
53.750 29.250
53.500 29.250
53.500 29.500
Building 4 5 0.062
53.500 30.500
53.500 30.750
53.750 30.750
53.750 30.500
Building 4 5 0.062
53.500 30.750
53.500 31.000
53.750 31.000
53.750 30.750
Building 4 5 0.062
53.500 31.000
53.500 31.250
53.750 31.250
53.750 31.000
Building 4 5 0.062
53.500 31.250
53.500 31.500
53.750 31.500
53.750 31.250
Building 4 5 0.062
53.500 31.500
53.500 31.750
53.750 31.750
53.750 31.500
Building 4 5 0.062
53.500 31.750
53.500 32.000
53.750 32.000
53.750 31.750
Building 4 5 0.062
53.500 32.000
53.500 32.250
53.750 32.250
53.750 32.000
Building 4 5 0.062
53.750 32.500
53.750 32.250
53.500 32.250
53.500 32.500
Building 4 5 0.062
53.750 27.500
53.750 27.750
54.000 27.750
54.000 27.500
Building 4 5 0.062
53.750 27.750
53.750 28.000
54.000 28.000
54.000 27.750
Building 4 5 0.062
53.750 28.000
53.750 28.250
54.000 28.250
54.000 28.000
Building 4 5 0.062
53.750 28.250
53.750 28.500
54.000 28.500
54.000 28.250
Building 4 5 0.062
53.750 28.500
53.750 28.750
54.000 28.750
54.000 28.500
Building 4 5 0.062
53.750 28.750
53.750 29.000
54.000 29.000
54.000 28.750
Building 4 5 0.062
53.750 29.000
53.750 29.250
54.000 29.250
54.000 29.000
Building 4 5 0.062
54.000 29.500
54.000 29.250
53.750 29.250
53.750 29.500
Building 4 5 0.062
53.750 30.500
53.750 30.750
54.000 30.750
54.000 30.500
Building 4 5 0.062
53.750 30.750
53.750 31.000
54.000 31.000
54.000 30.750
Building 4 5 0.062
53.750 31.000
53.750 31.250
54.000 31.250
54.000 31.000
Building 4 5 0.062
53.750 31.250
53.750 31.500
54.000 31.500
54.000 31.250
Building 4 5 0.062
53.750 31.500
53.750 31.750
54.000 31.750
54.000 31.500
Building 4 5 0.062
53.750 31.750
53.750 32.000
54.000 32.000
54.000 31.750
Building 4 5 0.062
53.750 32.000
53.750 32.250
54.000 32.250
54.000 32.000
Building 4 5 0.062
54.000 32.500
54.000 32.250
53.750 32.250
53.750 32.500
Building 4 5 0.062
54.000 27.500
54.000 27.750
54.250 27.750
54.250 27.500
Building 4 5 0.062
54.000 27.750
54.000 28.000
54.250 28.000
54.250 27.750
Building 4 5 0.062
54.000 28.000
54.000 28.250
54.250 28.250
54.250 28.000
Building 4 5 0.062
54.000 28.250
54.000 28.500
54.250 28.500
54.250 28.250
Building 4 5 0.062
54.000 28.500
54.000 28.750
54.250 28.750
54.250 28.500
Building 4 5 0.062
54.000 28.750
54.000 29.000
54.250 29.000
54.250 28.750
Building 4 5 0.062
54.000 29.000
54.000 29.250
54.250 29.250
54.250 29.000
Building 4 5 0.062
54.250 29.500
54.250 29.250
54.000 29.250
54.000 29.500
Building 4 5 0.062
54.000 30.500
54.000 30.750
54.250 30.750
54.250 30.500
Building 4 5 0.062
54.000 30.750
54.000 31.000
54.250 31.000
54.250 30.750
Building 4 5 0.062
54.000 31.000
54.000 31.250
54.250 31.250
54.250 31.000
Building 4 5 0.062
54.000 31.250
54.000 31.500
54.250 31.500
54.250 31.250
Building 4 5 0.062
54.000 31.500
54.000 31.750
54.250 31.750
54.250 31.500
Building 4 5 0.062
54.000 31.750
54.000 32.000
54.250 32.000
54.250 31.750
Building 4 5 0.062
54.000 32.000
54.000 32.250
54.250 32.250
54.250 32.000
Building 4 5 0.062
54.250 32.500
54.250 32.250
54.000 32.250
54.000 32.500
Building 4 5 0.062
54.250 27.500
54.250 27.750
54.500 27.750
54.500 27.500
Building 4 5 0.062
54.250 27.750
54.250 28.000
54.500 28.000
54.500 27.750
Building 4 5 0.062
54.250 28.000
54.250 28.250
54.500 28.250
54.500 28.000
Building 4 5 0.062
54.250 28.250
54.250 28.500
54.500 28.500
54.500 28.250
Building 4 5 0.062
54.250 28.500
54.250 28.750
54.500 28.750
54.500 28.500
Building 4 5 0.062
54.250 28.750
54.250 29.000
54.500 29.000
54.500 28.750
Building 4 5 0.062
54.250 29.000
54.250 29.250
54.500 29.250
54.500 29.000
Building 4 5 0.062
54.500 29.500
54.500 29.250
54.250 29.250
54.250 29.500
Building 4 5 0.062
54.250 30.500
54.250 30.750
54.500 30.750
54.500 30.500
Building 4 5 0.062
54.250 30.750
54.250 31.000
54.500 31.000
54.500 30.750
Building 4 5 0.062
54.250 31.000
54.250 31.250
54.500 31.250
54.500 31.000
Building 4 5 0.062
54.250 31.250
54.250 31.500
54.500 31.500
54.500 31.250
Building 4 5 0.062
54.250 31.500
54.250 31.750
54.500 31.750
54.500 31.500
Building 4 5 0.062
54.250 31.750
54.250 32.000
54.500 32.000
54.500 31.750
Building 4 5 0.062
54.250 32.000
54.250 32.250
54.500 32.250
54.500 32.000
Building 4 5 0.062
54.500 32.500
54.500 32.250
54.250 32.250
54.250 32.500
Building 4 5 0.062
54.500 27.500
54.500 27.750
54.750 27.750
54.750 27.500
Building 4 5 0.062
54.500 27.750
54.500 28.000
54.750 28.000
54.750 27.750
Building 4 5 0.062
54.500 28.000
54.500 28.250
54.750 28.250
54.750 28.000
Building 4 5 0.062
54.500 28.250
54.500 28.500
54.750 28.500
54.750 28.250
Building 4 5 0.062
54.500 28.500
54.500 28.750
54.750 28.750
54.750 28.500
Building 4 5 0.062
54.500 28.750
54.500 29.000
54.750 29.000
54.750 28.750
Building 4 5 0.062
54.500 29.000
54.500 29.250
54.750 29.250
54.750 29.000
Building 4 5 0.062
54.750 29.500
54.750 29.250
54.500 29.250
54.500 29.500
Building 4 5 0.062
54.500 30.500
54.500 30.750
54.750 30.750
54.750 30.500
Building 4 5 0.062
54.500 30.750
54.500 31.000
54.750 31.000
54.750 30.750
Building 4 5 0.062
54.500 31.000
54.500 31.250
54.750 31.250
54.750 31.000
Building 4 5 0.062
54.500 31.250
54.500 31.500
54.750 31.500
54.750 31.250
Building 4 5 0.062
54.500 31.500
54.500 31.750
54.750 31.750
54.750 31.500
Building 4 5 0.062
54.500 31.750
54.500 32.000
54.750 32.000
54.750 31.750
Building 4 5 0.062
54.500 32.000
54.500 32.250
54.750 32.250
54.750 32.000
Building 4 5 0.062
54.750 32.500
54.750 32.250
54.500 32.250
54.500 32.500
Building 4 5 0.062
54.750 27.500
54.750 27.750
55.000 27.750
55.000 27.500
Building 4 5 0.062
54.750 27.750
54.750 28.000
55.000 28.000
55.000 27.750
Building 4 5 0.062
54.750 28.000
54.750 28.250
55.000 28.250
55.000 28.000
Building 4 5 0.062
54.750 28.250
54.750 28.500
55.000 28.500
55.000 28.250
Building 4 5 0.062
54.750 28.500
54.750 28.750
55.000 28.750
55.000 28.500
Building 4 5 0.062
54.750 28.750
54.750 29.000
55.000 29.000
55.000 28.750
Building 4 5 0.062
54.750 29.000
54.750 29.250
55.000 29.250
55.000 29.000
Building 4 5 0.062
55.000 29.500
55.000 29.250
54.750 29.250
54.750 29.500
Building 4 5 0.062
54.750 30.500
54.750 30.750
55.000 30.750
55.000 30.500
Building 4 5 0.062
54.750 30.750
54.750 31.000
55.000 31.000
55.000 30.750
Building 4 5 0.062
54.750 31.000
54.750 31.250
55.000 31.250
55.000 31.000
Building 4 5 0.062
54.750 31.250
54.750 31.500
55.000 31.500
55.000 31.250
Building 4 5 0.062
54.750 31.500
54.750 31.750
55.000 31.750
55.000 31.500
Building 4 5 0.062
54.750 31.750
54.750 32.000
55.000 32.000
55.000 31.750
Building 4 5 0.062
54.750 32.000
54.750 32.250
55.000 32.250
55.000 32.000
Building 4 5 0.062
55.000 32.500
55.000 32.250
54.750 32.250
54.750 32.500
Building 4 5 0.062
55.000 27.500
55.000 27.750
55.250 27.750
55.250 27.500
Building 4 5 0.062
55.000 27.750
55.000 28.000
55.250 28.000
55.250 27.750
Building 4 5 0.062
55.000 28.000
55.000 28.250
55.250 28.250
55.250 28.000
Building 4 5 0.062
55.000 28.250
55.000 28.500
55.250 28.500
55.250 28.250
Building 4 5 0.062
55.000 28.500
55.000 28.750
55.250 28.750
55.250 28.500
Building 4 5 0.062
55.000 28.750
55.000 29.000
55.250 29.000
55.250 28.750
Building 4 5 0.062
55.000 29.000
55.000 29.250
55.250 29.250
55.250 29.000
Building 4 5 0.062
55.250 29.500
55.250 29.250
55.000 29.250
55.000 29.500
Building 4 5 0.062
55.000 30.500
55.000 30.750
55.250 30.750
55.250 30.500
Building 4 5 0.062
55.000 30.750
55.000 31.000
55.250 31.000
55.250 30.750
Building 4 5 0.062
55.000 31.000
55.000 31.250
55.250 31.250
55.250 31.000
Building 4 5 0.062
55.000 31.250
55.000 31.500
55.250 31.500
55.250 31.250
Building 4 5 0.062
55.000 31.500
55.000 31.750
55.250 31.750
55.250 31.500
Building 4 5 0.062
55.000 31.750
55.000 32.000
55.250 32.000
55.250 31.750
Building 4 5 0.062
55.000 32.000
55.000 32.250
55.250 32.250
55.250 32.000
Building 4 5 0.062
55.250 32.500
55.250 32.250
55.000 32.250
55.000 32.500
Building 4 5 0.062
55.250 27.500
55.250 27.750
55.500 27.750
55.500 27.500
Building 4 5 0.062
55.250 27.750
55.250 28.000
55.500 28.000
55.500 27.750
Building 4 5 0.062
55.250 28.000
55.250 28.250
55.500 28.250
55.500 28.000
Building 4 5 0.062
55.250 28.250
55.250 28.500
55.500 28.500
55.500 28.250
Building 4 5 0.062
55.250 28.500
55.250 28.750
55.500 28.750
55.500 28.500
Building 4 5 0.062
55.250 28.750
55.250 29.000
55.500 29.000
55.500 28.750
Building 4 5 0.062
55.250 29.000
55.250 29.250
55.500 29.250
55.500 29.000
Building 4 5 0.062
55.500 29.500
55.500 29.250
55.250 29.250
55.250 29.500
Building 4 5 0.062
55.250 30.500
55.250 30.750
55.500 30.750
55.500 30.500
Building 4 5 0.062
55.250 30.750
55.250 31.000
55.500 31.000
55.500 30.750
Building 4 5 0.062
55.250 31.000
55.250 31.250
55.500 31.250
55.500 31.000
Building 4 5 0.062
55.250 31.250
55.250 31.500
55.500 31.500
55.500 31.250
Building 4 5 0.062
55.250 31.500
55.250 31.750
55.500 31.750
55.500 31.500
Building 4 5 0.062
55.250 31.750
55.250 32.000
55.500 32.000
55.500 31.750
Building 4 5 0.062
55.250 32.000
55.250 32.250
55.500 32.250
55.500 32.000
Building 4 5 0.062
55.500 32.500
55.500 32.250
55.250 32.250
55.250 32.500
Building 4 5 0.062
55.500 27.500
55.500 27.750
55.750 27.750
55.750 27.500
Building 4 5 0.062
55.500 27.750
55.500 28.000
55.750 28.000
55.750 27.750
Building 4 5 0.062
55.500 28.000
55.500 28.250
55.750 28.250
55.750 28.000
Building 4 5 0.062
55.500 28.250
55.500 28.500
55.750 28.500
55.750 28.250
Building 4 5 0.062
55.500 28.500
55.500 28.750
55.750 28.750
55.750 28.500
Building 4 5 0.062
55.500 28.750
55.500 29.000
55.750 29.000
55.750 28.750
Building 4 5 0.062
55.500 29.000
55.500 29.250
55.750 29.250
55.750 29.000
Building 4 5 0.062
55.750 29.500
55.750 29.250
55.500 29.250
55.500 29.500
Building 4 5 0.062
55.500 30.500
55.500 30.750
55.750 30.750
55.750 30.500
Building 4 5 0.062
55.500 30.750
55.500 31.000
55.750 31.000
55.750 30.750
Building 4 5 0.062
55.500 31.000
55.500 31.250
55.750 31.250
55.750 31.000
Building 4 5 0.062
55.500 31.250
55.500 31.500
55.750 31.500
55.750 31.250
Building 4 5 0.062
55.500 31.500
55.500 31.750
55.750 31.750
55.750 31.500
Building 4 5 0.062
55.500 31.750
55.500 32.000
55.750 32.000
55.750 31.750
Building 4 5 0.062
55.500 32.000
55.500 32.250
55.750 32.250
55.750 32.000
Building 4 5 0.062
55.750 32.500
55.750 32.250
55.500 32.250
55.500 32.500
Building 4 5 0.062
55.750 27.500
55.750 27.750
56.000 27.750
56.000 27.500
Building 4 5 0.062
55.750 27.750
55.750 28.000
56.000 28.000
56.000 27.750
Building 4 5 0.062
55.750 28.000
55.750 28.250
56.000 28.250
56.000 28.000
Building 4 5 0.062
55.750 28.250
55.750 28.500
56.000 28.500
56.000 28.250
Building 4 5 0.062
55.750 28.500
55.750 28.750
56.000 28.750
56.000 28.500
Building 4 5 0.062
55.750 28.750
55.750 29.000
56.000 29.000
56.000 28.750
Building 4 5 0.062
55.750 29.000
55.750 29.250
56.000 29.250
56.000 29.000
Building 4 5 0.062
56.000 29.500
56.000 29.250
55.750 29.250
55.750 29.500
Building 4 5 0.062
55.750 30.500
55.750 30.750
56.000 30.750
56.000 30.500
Building 4 5 0.062
55.750 30.750
55.750 31.000
56.000 31.000
56.000 30.750
Building 4 5 0.062
55.750 31.000
55.750 31.250
56.000 31.250
56.000 31.000
Building 4 5 0.062
55.750 31.250
55.750 31.500
56.000 31.500
56.000 31.250
Building 4 5 0.062
55.750 31.500
55.750 31.750
56.000 31.750
56.000 31.500
Building 4 5 0.062
55.750 31.750
55.750 32.000
56.000 32.000
56.000 31.750
Building 4 5 0.062
55.750 32.000
55.750 32.250
56.000 32.250
56.000 32.000
Building 4 5 0.062
56.000 32.500
56.000 32.250
55.750 32.250
55.750 32.500
Building 4 5 0.062
56.000 27.500
56.000 27.750
56.250 27.750
56.250 27.500
Building 4 5 0.062
56.000 27.750
56.000 28.000
56.250 28.000
56.250 27.750
Building 4 5 0.062
56.000 28.000
56.000 28.250
56.250 28.250
56.250 28.000
Building 4 5 0.062
56.000 28.250
56.000 28.500
56.250 28.500
56.250 28.250
Building 4 5 0.062
56.000 28.500
56.000 28.750
56.250 28.750
56.250 28.500
Building 4 5 0.062
56.000 28.750
56.000 29.000
56.250 29.000
56.250 28.750
Building 4 5 0.062
56.000 29.000
56.000 29.250
56.250 29.250
56.250 29.000
Building 4 5 0.062
56.250 29.500
56.250 29.250
56.000 29.250
56.000 29.500
Building 4 5 0.062
56.000 30.500
56.000 30.750
56.250 30.750
56.250 30.500
Building 4 5 0.062
56.000 30.750
56.000 31.000
56.250 31.000
56.250 30.750
Building 4 5 0.062
56.000 31.000
56.000 31.250
56.250 31.250
56.250 31.000
Building 4 5 0.062
56.000 31.250
56.000 31.500
56.250 31.500
56.250 31.250
Building 4 5 0.062
56.000 31.500
56.000 31.750
56.250 31.750
56.250 31.500
Building 4 5 0.062
56.000 31.750
56.000 32.000
56.250 32.000
56.250 31.750
Building 4 5 0.062
56.000 32.000
56.000 32.250
56.250 32.250
56.250 32.000
Building 4 5 0.062
56.250 32.500
56.250 32.250
56.000 32.250
56.000 32.500
Building 4 5 0.062
56.250 27.500
56.250 27.750
56.500 27.750
56.500 27.500
Building 4 5 0.062
56.250 27.750
56.250 28.000
56.500 28.000
56.500 27.750
Building 4 5 0.062
56.250 28.000
56.250 28.250
56.500 28.250
56.500 28.000
Building 4 5 0.062
56.250 28.250
56.250 28.500
56.500 28.500
56.500 28.250
Building 4 5 0.062
56.250 28.500
56.250 28.750
56.500 28.750
56.500 28.500
Building 4 5 0.062
56.250 28.750
56.250 29.000
56.500 29.000
56.500 28.750
Building 4 5 0.062
56.250 29.000
56.250 29.250
56.500 29.250
56.500 29.000
Building 4 5 0.062
56.500 29.500
56.500 29.250
56.250 29.250
56.250 29.500
Building 4 5 0.062
56.250 30.500
56.250 30.750
56.500 30.750
56.500 30.500
Building 4 5 0.062
56.250 30.750
56.250 31.000
56.500 31.000
56.500 30.750
Building 4 5 0.062
56.250 31.000
56.250 31.250
56.500 31.250
56.500 31.000
Building 4 5 0.062
56.250 31.250
56.250 31.500
56.500 31.500
56.500 31.250
Building 4 5 0.062
56.250 31.500
56.250 31.750
56.500 31.750
56.500 31.500
Building 4 5 0.062
56.250 31.750
56.250 32.000
56.500 32.000
56.500 31.750
Building 4 5 0.062
56.250 32.000
56.250 32.250
56.500 32.250
56.500 32.000
Building 4 5 0.062
56.500 32.500
56.500 32.250
56.250 32.250
56.250 32.500
Building 4 5 0.062
56.500 27.500
56.500 27.750
56.750 27.750
56.750 27.500
Building 4 5 0.062
56.500 27.750
56.500 28.000
56.750 28.000
56.750 27.750
Building 4 5 0.062
56.500 28.000
56.500 28.250
56.750 28.250
56.750 28.000
Building 4 5 0.062
56.500 28.250
56.500 28.500
56.750 28.500
56.750 28.250
Building 4 5 0.062
56.500 28.500
56.500 28.750
56.750 28.750
56.750 28.500
Building 4 5 0.062
56.500 28.750
56.500 29.000
56.750 29.000
56.750 28.750
Building 4 5 0.062
56.500 29.000
56.500 29.250
56.750 29.250
56.750 29.000
Building 4 5 0.062
56.750 29.500
56.750 29.250
56.500 29.250
56.500 29.500
Building 4 5 0.062
56.500 30.500
56.500 30.750
56.750 30.750
56.750 30.500
Building 4 5 0.062
56.500 30.750
56.500 31.000
56.750 31.000
56.750 30.750
Building 4 5 0.062
56.500 31.000
56.500 31.250
56.750 31.250
56.750 31.000
Building 4 5 0.062
56.500 31.250
56.500 31.500
56.750 31.500
56.750 31.250
Building 4 5 0.062
56.500 31.500
56.500 31.750
56.750 31.750
56.750 31.500
Building 4 5 0.062
56.500 31.750
56.500 32.000
56.750 32.000
56.750 31.750
Building 4 5 0.062
56.500 32.000
56.500 32.250
56.750 32.250
56.750 32.000
Building 4 5 0.062
56.750 32.500
56.750 32.250
56.500 32.250
56.500 32.500
Building 4 5 0.062
56.750 27.500
56.750 27.750
57.000 27.750
57.000 27.500
Building 4 5 0.062
56.750 27.750
56.750 28.000
57.000 28.000
57.000 27.750
Building 4 5 0.062
56.750 28.000
56.750 28.250
57.000 28.250
57.000 28.000
Building 4 5 0.062
56.750 28.250
56.750 28.500
57.000 28.500
57.000 28.250
Building 4 5 0.062
56.750 28.500
56.750 28.750
57.000 28.750
57.000 28.500
Building 4 5 0.062
56.750 28.750
56.750 29.000
57.000 29.000
57.000 28.750
Building 4 5 0.062
56.750 29.000
56.750 29.250
57.000 29.250
57.000 29.000
Building 4 5 0.062
57.000 29.500
57.000 29.250
56.750 29.250
56.750 29.500
Building 4 5 0.062
56.750 30.500
56.750 30.750
57.000 30.750
57.000 30.500
Building 4 5 0.062
56.750 30.750
56.750 31.000
57.000 31.000
57.000 30.750
Building 4 5 0.062
56.750 31.000
56.750 31.250
57.000 31.250
57.000 31.000
Building 4 5 0.062
56.750 31.250
56.750 31.500
57.000 31.500
57.000 31.250
Building 4 5 0.062
56.750 31.500
56.750 31.750
57.000 31.750
57.000 31.500
Building 4 5 0.062
56.750 31.750
56.750 32.000
57.000 32.000
57.000 31.750
Building 4 5 0.062
56.750 32.000
56.750 32.250
57.000 32.250
57.000 32.000
Building 4 5 0.062
57.000 32.500
57.000 32.250
56.750 32.250
56.750 32.500
Building 4 5 0.062
57.000 27.500
57.000 27.750
57.250 27.750
57.250 27.500
Building 4 5 0.062
57.000 27.750
57.000 28.000
57.250 28.000
57.250 27.750
Building 4 5 0.062
57.000 28.000
57.000 28.250
57.250 28.250
57.250 28.000
Building 4 5 0.062
57.000 28.250
57.000 28.500
57.250 28.500
57.250 28.250
Building 4 5 0.062
57.000 28.500
57.000 28.750
57.250 28.750
57.250 28.500
Building 4 5 0.062
57.000 28.750
57.000 29.000
57.250 29.000
57.250 28.750
Building 4 5 0.062
57.000 29.000
57.000 29.250
57.250 29.250
57.250 29.000
Building 4 5 0.062
57.250 29.500
57.250 29.250
57.000 29.250
57.000 29.500
Building 4 5 0.062
57.000 30.500
57.000 30.750
57.250 30.750
57.250 30.500
Building 4 5 0.062
57.000 30.750
57.000 31.000
57.250 31.000
57.250 30.750
Building 4 5 0.062
57.000 31.000
57.000 31.250
57.250 31.250
57.250 31.000
Building 4 5 0.062
57.000 31.250
57.000 31.500
57.250 31.500
57.250 31.250
Building 4 5 0.062
57.000 31.500
57.000 31.750
57.250 31.750
57.250 31.500
Building 4 5 0.062
57.000 31.750
57.000 32.000
57.250 32.000
57.250 31.750
Building 4 5 0.062
57.000 32.000
57.000 32.250
57.250 32.250
57.250 32.000
Building 4 5 0.062
57.250 32.500
57.250 32.250
57.000 32.250
57.000 32.500
Building 4 5 0.062
57.250 27.500
57.250 27.750
57.500 27.750
57.500 27.500
Building 4 5 0.062
57.250 27.750
57.250 28.000
57.500 28.000
57.500 27.750
Building 4 5 0.062
57.250 28.000
57.250 28.250
57.500 28.250
57.500 28.000
Building 4 5 0.062
57.250 28.250
57.250 28.500
57.500 28.500
57.500 28.250
Building 4 5 0.062
57.250 28.500
57.250 28.750
57.500 28.750
57.500 28.500
Building 4 5 0.062
57.250 28.750
57.250 29.000
57.500 29.000
57.500 28.750
Building 4 5 0.062
57.250 29.000
57.250 29.250
57.500 29.250
57.500 29.000
Building 4 5 0.062
57.500 29.500
57.500 29.250
57.250 29.250
57.250 29.500
Building 4 5 0.062
57.250 30.500
57.250 30.750
57.500 30.750
57.500 30.500
Building 4 5 0.062
57.250 30.750
57.250 31.000
57.500 31.000
57.500 30.750
Building 4 5 0.062
57.250 31.000
57.250 31.250
57.500 31.250
57.500 31.000
Building 4 5 0.062
57.250 31.250
57.250 31.500
57.500 31.500
57.500 31.250
Building 4 5 0.062
57.250 31.500
57.250 31.750
57.500 31.750
57.500 31.500
Building 4 5 0.062
57.250 31.750
57.250 32.000
57.500 32.000
57.500 31.750
Building 4 5 0.062
57.250 32.000
57.250 32.250
57.500 32.250
57.500 32.000
Building 4 5 0.062
57.500 32.500
57.500 32.250
57.250 32.250
57.250 32.500
Building 4 5 0.062
57.500 27.500
57.500 27.750
57.750 27.750
57.750 27.500
Building 4 5 0.062
57.500 27.750
57.500 28.000
57.750 28.000
57.750 27.750
Building 4 5 0.062
57.500 28.000
57.500 28.250
57.750 28.250
57.750 28.000
Building 4 5 0.062
57.500 28.250
57.500 28.500
57.750 28.500
57.750 28.250
Building 4 5 0.062
57.500 28.500
57.500 28.750
57.750 28.750
57.750 28.500
Building 4 5 0.062
57.500 28.750
57.500 29.000
57.750 29.000
57.750 28.750
Building 4 5 0.062
57.500 29.000
57.500 29.250
57.750 29.250
57.750 29.000
Building 4 5 0.062
57.750 29.500
57.750 29.250
57.500 29.250
57.500 29.500
Building 4 5 0.062
57.500 30.500
57.500 30.750
57.750 30.750
57.750 30.500
Building 4 5 0.062
57.500 30.750
57.500 31.000
57.750 31.000
57.750 30.750
Building 4 5 0.062
57.500 31.000
57.500 31.250
57.750 31.250
57.750 31.000
Building 4 5 0.062
57.500 31.250
57.500 31.500
57.750 31.500
57.750 31.250
Building 4 5 0.062
57.500 31.500
57.500 31.750
57.750 31.750
57.750 31.500
Building 4 5 0.062
57.500 31.750
57.500 32.000
57.750 32.000
57.750 31.750
Building 4 5 0.062
57.500 32.000
57.500 32.250
57.750 32.250
57.750 32.000
Building 4 5 0.062
57.750 32.500
57.750 32.250
57.500 32.250
57.500 32.500
Building 4 5 0.062
57.750 27.500
57.750 27.750
58.000 27.750
58.000 27.500
Building 4 5 0.062
57.750 27.750
57.750 28.000
58.000 28.000
58.000 27.750
Building 4 5 0.062
57.750 28.000
57.750 28.250
58.000 28.250
58.000 28.000
Building 4 5 0.062
57.750 28.250
57.750 28.500
58.000 28.500
58.000 28.250
Building 4 5 0.062
57.750 28.500
57.750 28.750
58.000 28.750
58.000 28.500
Building 4 5 0.062
57.750 28.750
57.750 29.000
58.000 29.000
58.000 28.750
Building 4 5 0.062
57.750 29.000
57.750 29.250
58.000 29.250
58.000 29.000
Building 4 5 0.062
58.000 29.500
58.000 29.250
57.750 29.250
57.750 29.500
Building 4 5 0.062
57.750 30.500
57.750 30.750
58.000 30.750
58.000 30.500
Building 4 5 0.062
57.750 30.750
57.750 31.000
58.000 31.000
58.000 30.750
Building 4 5 0.062
57.750 31.000
57.750 31.250
58.000 31.250
58.000 31.000
Building 4 5 0.062
57.750 31.250
57.750 31.500
58.000 31.500
58.000 31.250
Building 4 5 0.062
57.750 31.500
57.750 31.750
58.000 31.750
58.000 31.500
Building 4 5 0.062
57.750 31.750
57.750 32.000
58.000 32.000
58.000 31.750
Building 4 5 0.062
57.750 32.000
57.750 32.250
58.000 32.250
58.000 32.000
Building 4 5 0.062
58.000 32.500
58.000 32.250
57.750 32.250
57.750 32.500
Building 4 5 0.062
58.000 27.500
58.000 27.750
58.250 27.750
58.250 27.500
Building 4 5 0.062
58.000 27.750
58.000 28.000
58.250 28.000
58.250 27.750
Building 4 5 0.062
58.000 28.000
58.000 28.250
58.250 28.250
58.250 28.000
Building 4 5 0.062
58.000 28.250
58.000 28.500
58.250 28.500
58.250 28.250
Building 4 5 0.062
58.000 28.500
58.000 28.750
58.250 28.750
58.250 28.500
Building 4 5 0.062
58.000 28.750
58.000 29.000
58.250 29.000
58.250 28.750
Building 4 5 0.062
58.000 29.000
58.000 29.250
58.250 29.250
58.250 29.000
Building 4 5 0.062
58.250 29.500
58.250 29.250
58.000 29.250
58.000 29.500
Building 4 5 0.062
58.000 30.500
58.000 30.750
58.250 30.750
58.250 30.500
Building 4 5 0.062
58.000 30.750
58.000 31.000
58.250 31.000
58.250 30.750
Building 4 5 0.062
58.000 31.000
58.000 31.250
58.250 31.250
58.250 31.000
Building 4 5 0.062
58.000 31.250
58.000 31.500
58.250 31.500
58.250 31.250
Building 4 5 0.062
58.000 31.500
58.000 31.750
58.250 31.750
58.250 31.500
Building 4 5 0.062
58.000 31.750
58.000 32.000
58.250 32.000
58.250 31.750
Building 4 5 0.062
58.000 32.000
58.000 32.250
58.250 32.250
58.250 32.000
Building 4 5 0.062
58.250 32.500
58.250 32.250
58.000 32.250
58.000 32.500
Building 4 5 0.062
58.250 27.500
58.250 27.750
58.500 27.750
58.500 27.500
Building 4 5 0.062
58.250 27.750
58.250 28.000
58.500 28.000
58.500 27.750
Building 4 5 0.062
58.250 28.000
58.250 28.250
58.500 28.250
58.500 28.000
Building 4 5 0.062
58.250 28.250
58.250 28.500
58.500 28.500
58.500 28.250
Building 4 5 0.062
58.250 28.500
58.250 28.750
58.500 28.750
58.500 28.500
Building 4 5 0.062
58.250 28.750
58.250 29.000
58.500 29.000
58.500 28.750
Building 4 5 0.062
58.250 29.000
58.250 29.250
58.500 29.250
58.500 29.000
Building 4 5 0.062
58.500 29.500
58.500 29.250
58.250 29.250
58.250 29.500
Building 4 5 0.062
58.250 30.500
58.250 30.750
58.500 30.750
58.500 30.500
Building 4 5 0.062
58.250 30.750
58.250 31.000
58.500 31.000
58.500 30.750
Building 4 5 0.062
58.250 31.000
58.250 31.250
58.500 31.250
58.500 31.000
Building 4 5 0.062
58.250 31.250
58.250 31.500
58.500 31.500
58.500 31.250
Building 4 5 0.062
58.250 31.500
58.250 31.750
58.500 31.750
58.500 31.500
Building 4 5 0.062
58.250 31.750
58.250 32.000
58.500 32.000
58.500 31.750
Building 4 5 0.062
58.250 32.000
58.250 32.250
58.500 32.250
58.500 32.000
Building 4 5 0.062
58.500 32.500
58.500 32.250
58.250 32.250
58.250 32.500
Building 4 5 0.062
58.500 27.500
58.500 27.750
58.750 27.750
58.750 27.500
Building 4 5 0.062
58.500 27.750
58.500 28.000
58.750 28.000
58.750 27.750
Building 4 5 0.062
58.500 28.000
58.500 28.250
58.750 28.250
58.750 28.000
Building 4 5 0.062
58.500 28.250
58.500 28.500
58.750 28.500
58.750 28.250
Building 4 5 0.062
58.500 28.500
58.500 28.750
58.750 28.750
58.750 28.500
Building 4 5 0.062
58.500 28.750
58.500 29.000
58.750 29.000
58.750 28.750
Building 4 5 0.062
58.500 29.000
58.500 29.250
58.750 29.250
58.750 29.000
Building 4 5 0.062
58.750 29.500
58.750 29.250
58.500 29.250
58.500 29.500
Building 4 5 0.062
58.500 30.500
58.500 30.750
58.750 30.750
58.750 30.500
Building 4 5 0.062
58.500 30.750
58.500 31.000
58.750 31.000
58.750 30.750
Building 4 5 0.062
58.500 31.000
58.500 31.250
58.750 31.250
58.750 31.000
Building 4 5 0.062
58.500 31.250
58.500 31.500
58.750 31.500
58.750 31.250
Building 4 5 0.062
58.500 31.500
58.500 31.750
58.750 31.750
58.750 31.500
Building 4 5 0.062
58.500 31.750
58.500 32.000
58.750 32.000
58.750 31.750
Building 4 5 0.062
58.500 32.000
58.500 32.250
58.750 32.250
58.750 32.000
Building 4 5 0.062
58.750 32.500
58.750 32.250
58.500 32.250
58.500 32.500
Building 4 5 0.062
58.750 27.500
58.750 27.750
59.000 27.750
59.000 27.500
Building 4 5 0.062
58.750 27.750
58.750 28.000
59.000 28.000
59.000 27.750
Building 4 5 0.062
58.750 28.000
58.750 28.250
59.000 28.250
59.000 28.000
Building 4 5 0.062
58.750 28.250
58.750 28.500
59.000 28.500
59.000 28.250
Building 4 5 0.062
58.750 28.500
58.750 28.750
59.000 28.750
59.000 28.500
Building 4 5 0.062
58.750 28.750
58.750 29.000
59.000 29.000
59.000 28.750
Building 4 5 0.062
58.750 29.000
58.750 29.250
59.000 29.250
59.000 29.000
Building 4 5 0.062
59.000 29.500
59.000 29.250
58.750 29.250
58.750 29.500
Building 4 5 0.062
58.750 30.500
58.750 30.750
59.000 30.750
59.000 30.500
Building 4 5 0.062
58.750 30.750
58.750 31.000
59.000 31.000
59.000 30.750
Building 4 5 0.062
58.750 31.000
58.750 31.250
59.000 31.250
59.000 31.000
Building 4 5 0.062
58.750 31.250
58.750 31.500
59.000 31.500
59.000 31.250
Building 4 5 0.062
58.750 31.500
58.750 31.750
59.000 31.750
59.000 31.500
Building 4 5 0.062
58.750 31.750
58.750 32.000
59.000 32.000
59.000 31.750
Building 4 5 0.062
58.750 32.000
58.750 32.250
59.000 32.250
59.000 32.000
Building 4 5 0.062
59.000 32.500
59.000 32.250
58.750 32.250
58.750 32.500
Building 4 5 0.062
59.000 27.500
59.000 27.750
59.250 27.750
59.250 27.500
Building 4 5 0.062
59.000 27.750
59.000 28.000
59.250 28.000
59.250 27.750
Building 4 5 0.062
59.000 28.000
59.000 28.250
59.250 28.250
59.250 28.000
Building 4 5 0.062
59.000 28.250
59.000 28.500
59.250 28.500
59.250 28.250
Building 4 5 0.062
59.000 28.500
59.000 28.750
59.250 28.750
59.250 28.500
Building 4 5 0.062
59.000 28.750
59.000 29.000
59.250 29.000
59.250 28.750
Building 4 5 0.062
59.000 29.000
59.000 29.250
59.250 29.250
59.250 29.000
Building 4 5 0.062
59.250 29.500
59.250 29.250
59.000 29.250
59.000 29.500
Building 4 5 0.062
59.000 30.500
59.000 30.750
59.250 30.750
59.250 30.500
Building 4 5 0.062
59.000 30.750
59.000 31.000
59.250 31.000
59.250 30.750
Building 4 5 0.062
59.000 31.000
59.000 31.250
59.250 31.250
59.250 31.000
Building 4 5 0.062
59.000 31.250
59.000 31.500
59.250 31.500
59.250 31.250
Building 4 5 0.062
59.000 31.500
59.000 31.750
59.250 31.750
59.250 31.500
Building 4 5 0.062
59.000 31.750
59.000 32.000
59.250 32.000
59.250 31.750
Building 4 5 0.062
59.000 32.000
59.000 32.250
59.250 32.250
59.250 32.000
Building 4 5 0.062
59.250 32.500
59.250 32.250
59.000 32.250
59.000 32.500
Building 4 5 0.062
59.250 27.500
59.250 27.750
59.500 27.750
59.500 27.500
Building 4 5 0.062
59.250 27.750
59.250 28.000
59.500 28.000
59.500 27.750
Building 4 5 0.062
59.250 28.000
59.250 28.250
59.500 28.250
59.500 28.000
Building 4 5 0.062
59.250 28.250
59.250 28.500
59.500 28.500
59.500 28.250
Building 4 5 0.062
59.250 28.500
59.250 28.750
59.500 28.750
59.500 28.500
Building 4 5 0.062
59.250 28.750
59.250 29.000
59.500 29.000
59.500 28.750
Building 4 5 0.062
59.250 29.000
59.250 29.250
59.500 29.250
59.500 29.000
Building 4 5 0.062
59.500 29.500
59.500 29.250
59.250 29.250
59.250 29.500
Building 4 5 0.062
59.250 30.500
59.250 30.750
59.500 30.750
59.500 30.500
Building 4 5 0.062
59.250 30.750
59.250 31.000
59.500 31.000
59.500 30.750
Building 4 5 0.062
59.250 31.000
59.250 31.250
59.500 31.250
59.500 31.000
Building 4 5 0.062
59.250 31.250
59.250 31.500
59.500 31.500
59.500 31.250
Building 4 5 0.062
59.250 31.500
59.250 31.750
59.500 31.750
59.500 31.500
Building 4 5 0.062
59.250 31.750
59.250 32.000
59.500 32.000
59.500 31.750
Building 4 5 0.062
59.250 32.000
59.250 32.250
59.500 32.250
59.500 32.000
Building 4 5 0.062
59.500 32.500
59.500 32.250
59.250 32.250
59.250 32.500
Building 4 5 0.062
59.500 27.500
59.500 27.750
59.750 27.750
59.750 27.500
Building 4 5 0.062
59.500 27.750
59.500 28.000
59.750 28.000
59.750 27.750
Building 4 5 0.062
59.500 28.000
59.500 28.250
59.750 28.250
59.750 28.000
Building 4 5 0.062
59.500 28.250
59.500 28.500
59.750 28.500
59.750 28.250
Building 4 5 0.062
59.500 28.500
59.500 28.750
59.750 28.750
59.750 28.500
Building 4 5 0.062
59.500 28.750
59.500 29.000
59.750 29.000
59.750 28.750
Building 4 5 0.062
59.500 29.000
59.500 29.250
59.750 29.250
59.750 29.000
Building 4 5 0.062
59.750 29.500
59.750 29.250
59.500 29.250
59.500 29.500
Building 4 5 0.062
59.500 30.500
59.500 30.750
59.750 30.750
59.750 30.500
Building 4 5 0.062
59.500 30.750
59.500 31.000
59.750 31.000
59.750 30.750
Building 4 5 0.062
59.500 31.000
59.500 31.250
59.750 31.250
59.750 31.000
Building 4 5 0.062
59.500 31.250
59.500 31.500
59.750 31.500
59.750 31.250
Building 4 5 0.062
59.500 31.500
59.500 31.750
59.750 31.750
59.750 31.500
Building 4 5 0.062
59.500 31.750
59.500 32.000
59.750 32.000
59.750 31.750
Building 4 5 0.062
59.500 32.000
59.500 32.250
59.750 32.250
59.750 32.000
Building 4 5 0.062
59.750 32.500
59.750 32.250
59.500 32.250
59.500 32.500
Building 4 5 0.062
59.750 27.500
59.750 27.750
60.000 27.750
60.000 27.500
Building 4 5 0.062
59.750 27.750
59.750 28.000
60.000 28.000
60.000 27.750
Building 4 5 0.062
59.750 28.000
59.750 28.250
60.000 28.250
60.000 28.000
Building 4 5 0.062
59.750 28.250
59.750 28.500
60.000 28.500
60.000 28.250
Building 4 5 0.062
59.750 28.500
59.750 28.750
60.000 28.750
60.000 28.500
Building 4 5 0.062
59.750 28.750
59.750 29.000
60.000 29.000
60.000 28.750
Building 4 5 0.062
59.750 29.000
59.750 29.250
60.000 29.250
60.000 29.000
Building 4 5 0.062
60.000 29.500
60.000 29.250
59.750 29.250
59.750 29.500
Building 4 5 0.062
59.750 30.500
59.750 30.750
60.000 30.750
60.000 30.500
Building 4 5 0.062
59.750 30.750
59.750 31.000
60.000 31.000
60.000 30.750
Building 4 5 0.062
59.750 31.000
59.750 31.250
60.000 31.250
60.000 31.000
Building 4 5 0.062
59.750 31.250
59.750 31.500
60.000 31.500
60.000 31.250
Building 4 5 0.062
59.750 31.500
59.750 31.750
60.000 31.750
60.000 31.500
Building 4 5 0.062
59.750 31.750
59.750 32.000
60.000 32.000
60.000 31.750
Building 4 5 0.062
59.750 32.000
59.750 32.250
60.000 32.250
60.000 32.000
Building 4 5 0.062
60.000 32.500
60.000 32.250
59.750 32.250
59.750 32.500
Building 4 5 0.062
60.000 27.500
60.000 27.750
60.250 27.750
60.250 27.500
Building 4 5 0.062
60.000 27.750
60.000 28.000
60.250 28.000
60.250 27.750
Building 4 5 0.062
60.000 28.000
60.000 28.250
60.250 28.250
60.250 28.000
Building 4 5 0.062
60.000 28.250
60.000 28.500
60.250 28.500
60.250 28.250
Building 4 5 0.062
60.000 28.500
60.000 28.750
60.250 28.750
60.250 28.500
Building 4 5 0.062
60.000 28.750
60.000 29.000
60.250 29.000
60.250 28.750
Building 4 5 0.062
60.000 29.000
60.000 29.250
60.250 29.250
60.250 29.000
Building 4 5 0.062
60.250 29.500
60.250 29.250
60.000 29.250
60.000 29.500
Building 4 5 0.062
60.000 30.500
60.000 30.750
60.250 30.750
60.250 30.500
Building 4 5 0.062
60.000 30.750
60.000 31.000
60.250 31.000
60.250 30.750
Building 4 5 0.062
60.000 31.000
60.000 31.250
60.250 31.250
60.250 31.000
Building 4 5 0.062
60.000 31.250
60.000 31.500
60.250 31.500
60.250 31.250
Building 4 5 0.062
60.000 31.500
60.000 31.750
60.250 31.750
60.250 31.500
Building 4 5 0.062
60.000 31.750
60.000 32.000
60.250 32.000
60.250 31.750
Building 4 5 0.062
60.000 32.000
60.000 32.250
60.250 32.250
60.250 32.000
Building 4 5 0.062
60.250 32.500
60.250 32.250
60.000 32.250
60.000 32.500
Building 4 5 0.062
60.250 27.500
60.250 27.750
60.500 27.750
60.500 27.500
Building 4 5 0.062
60.250 27.750
60.250 28.000
60.500 28.000
60.500 27.750
Building 4 5 0.062
60.250 28.000
60.250 28.250
60.500 28.250
60.500 28.000
Building 4 5 0.062
60.250 28.250
60.250 28.500
60.500 28.500
60.500 28.250
Building 4 5 0.062
60.250 28.500
60.250 28.750
60.500 28.750
60.500 28.500
Building 4 5 0.062
60.250 28.750
60.250 29.000
60.500 29.000
60.500 28.750
Building 4 5 0.062
60.250 29.000
60.250 29.250
60.500 29.250
60.500 29.000
Building 4 5 0.062
60.500 29.500
60.500 29.250
60.250 29.250
60.250 29.500
Building 4 5 0.062
60.250 30.500
60.250 30.750
60.500 30.750
60.500 30.500
Building 4 5 0.062
60.250 30.750
60.250 31.000
60.500 31.000
60.500 30.750
Building 4 5 0.062
60.250 31.000
60.250 31.250
60.500 31.250
60.500 31.000
Building 4 5 0.062
60.250 31.250
60.250 31.500
60.500 31.500
60.500 31.250
Building 4 5 0.062
60.250 31.500
60.250 31.750
60.500 31.750
60.500 31.500
Building 4 5 0.062
60.250 31.750
60.250 32.000
60.500 32.000
60.500 31.750
Building 4 5 0.062
60.250 32.000
60.250 32.250
60.500 32.250
60.500 32.000
Building 4 5 0.062
60.500 32.500
60.500 32.250
60.250 32.250
60.250 32.500
Building 4 5 0.062
60.500 27.500
60.500 27.750
60.750 27.750
60.750 27.500
Building 4 5 0.062
60.500 27.750
60.500 28.000
60.750 28.000
60.750 27.750
Building 4 5 0.062
60.500 28.000
60.500 28.250
60.750 28.250
60.750 28.000
Building 4 5 0.062
60.500 28.250
60.500 28.500
60.750 28.500
60.750 28.250
Building 4 5 0.062
60.500 28.500
60.500 28.750
60.750 28.750
60.750 28.500
Building 4 5 0.062
60.500 28.750
60.500 29.000
60.750 29.000
60.750 28.750
Building 4 5 0.062
60.500 29.000
60.500 29.250
60.750 29.250
60.750 29.000
Building 4 5 0.062
60.750 29.500
60.750 29.250
60.500 29.250
60.500 29.500
Building 4 5 0.062
60.500 30.500
60.500 30.750
60.750 30.750
60.750 30.500
Building 4 5 0.062
60.500 30.750
60.500 31.000
60.750 31.000
60.750 30.750
Building 4 5 0.062
60.500 31.000
60.500 31.250
60.750 31.250
60.750 31.000
Building 4 5 0.062
60.500 31.250
60.500 31.500
60.750 31.500
60.750 31.250
Building 4 5 0.062
60.500 31.500
60.500 31.750
60.750 31.750
60.750 31.500
Building 4 5 0.062
60.500 31.750
60.500 32.000
60.750 32.000
60.750 31.750
Building 4 5 0.062
60.500 32.000
60.500 32.250
60.750 32.250
60.750 32.000
Building 4 5 0.062
60.750 32.500
60.750 32.250
60.500 32.250
60.500 32.500
Building 4 5 0.062
60.750 27.500
60.750 27.750
61.000 27.750
61.000 27.500
Building 4 5 0.062
60.750 27.750
60.750 28.000
61.000 28.000
61.000 27.750
Building 4 5 0.062
60.750 28.000
60.750 28.250
61.000 28.250
61.000 28.000
Building 4 5 0.062
60.750 28.250
60.750 28.500
61.000 28.500
61.000 28.250
Building 4 5 0.062
60.750 28.500
60.750 28.750
61.000 28.750
61.000 28.500
Building 4 5 0.062
60.750 28.750
60.750 29.000
61.000 29.000
61.000 28.750
Building 4 5 0.062
60.750 29.000
60.750 29.250
61.000 29.250
61.000 29.000
Building 4 5 0.062
61.000 29.500
61.000 29.250
60.750 29.250
60.750 29.500
Building 4 5 0.062
60.750 30.500
60.750 30.750
61.000 30.750
61.000 30.500
Building 4 5 0.062
60.750 30.750
60.750 31.000
61.000 31.000
61.000 30.750
Building 4 5 0.062
60.750 31.000
60.750 31.250
61.000 31.250
61.000 31.000
Building 4 5 0.062
60.750 31.250
60.750 31.500
61.000 31.500
61.000 31.250
Building 4 5 0.062
60.750 31.500
60.750 31.750
61.000 31.750
61.000 31.500
Building 4 5 0.062
60.750 31.750
60.750 32.000
61.000 32.000
61.000 31.750
Building 4 5 0.062
60.750 32.000
60.750 32.250
61.000 32.250
61.000 32.000
Building 4 5 0.062
61.000 32.500
61.000 32.250
60.750 32.250
60.750 32.500
Building 4 5 0.062
61.000 27.500
61.000 27.750
61.250 27.750
61.250 27.500
Building 4 5 0.062
61.000 27.750
61.000 28.000
61.250 28.000
61.250 27.750
Building 4 5 0.062
61.000 28.000
61.000 28.250
61.250 28.250
61.250 28.000
Building 4 5 0.062
61.000 28.250
61.000 28.500
61.250 28.500
61.250 28.250
Building 4 5 0.062
61.000 28.500
61.000 28.750
61.250 28.750
61.250 28.500
Building 4 5 0.062
61.000 28.750
61.000 29.000
61.250 29.000
61.250 28.750
Building 4 5 0.062
61.000 29.000
61.000 29.250
61.250 29.250
61.250 29.000
Building 4 5 0.062
61.250 29.500
61.250 29.250
61.000 29.250
61.000 29.500
Building 4 5 0.062
61.000 30.500
61.000 30.750
61.250 30.750
61.250 30.500
Building 4 5 0.062
61.000 30.750
61.000 31.000
61.250 31.000
61.250 30.750
Building 4 5 0.062
61.000 31.000
61.000 31.250
61.250 31.250
61.250 31.000
Building 4 5 0.062
61.000 31.250
61.000 31.500
61.250 31.500
61.250 31.250
Building 4 5 0.062
61.000 31.500
61.000 31.750
61.250 31.750
61.250 31.500
Building 4 5 0.062
61.000 31.750
61.000 32.000
61.250 32.000
61.250 31.750
Building 4 5 0.062
61.000 32.000
61.000 32.250
61.250 32.250
61.250 32.000
Building 4 5 0.062
61.250 32.500
61.250 32.250
61.000 32.250
61.000 32.500
Building 4 5 0.062
61.250 27.500
61.250 27.750
61.500 27.750
61.500 27.500
Building 4 5 0.062
61.250 27.750
61.250 28.000
61.500 28.000
61.500 27.750
Building 4 5 0.062
61.250 28.000
61.250 28.250
61.500 28.250
61.500 28.000
Building 4 5 0.062
61.250 28.250
61.250 28.500
61.500 28.500
61.500 28.250
Building 4 5 0.062
61.250 28.500
61.250 28.750
61.500 28.750
61.500 28.500
Building 4 5 0.062
61.250 28.750
61.250 29.000
61.500 29.000
61.500 28.750
Building 4 5 0.062
61.250 29.000
61.250 29.250
61.500 29.250
61.500 29.000
Building 4 5 0.062
61.500 29.500
61.500 29.250
61.250 29.250
61.250 29.500
Building 4 5 0.062
61.250 30.500
61.250 30.750
61.500 30.750
61.500 30.500
Building 4 5 0.062
61.250 30.750
61.250 31.000
61.500 31.000
61.500 30.750
Building 4 5 0.062
61.250 31.000
61.250 31.250
61.500 31.250
61.500 31.000
Building 4 5 0.062
61.250 31.250
61.250 31.500
61.500 31.500
61.500 31.250
Building 4 5 0.062
61.250 31.500
61.250 31.750
61.500 31.750
61.500 31.500
Building 4 5 0.062
61.250 31.750
61.250 32.000
61.500 32.000
61.500 31.750
Building 4 5 0.062
61.250 32.000
61.250 32.250
61.500 32.250
61.500 32.000
Building 4 5 0.062
61.500 32.500
61.500 32.250
61.250 32.250
61.250 32.500
Building 4 5 0.062
61.500 27.500
61.500 27.750
61.750 27.750
61.750 27.500
Building 4 5 0.062
61.500 27.750
61.500 28.000
61.750 28.000
61.750 27.750
Building 4 5 0.062
61.500 28.000
61.500 28.250
61.750 28.250
61.750 28.000
Building 4 5 0.062
61.500 28.250
61.500 28.500
61.750 28.500
61.750 28.250
Building 4 5 0.062
61.500 28.500
61.500 28.750
61.750 28.750
61.750 28.500
Building 4 5 0.062
61.500 28.750
61.500 29.000
61.750 29.000
61.750 28.750
Building 4 5 0.062
61.500 29.000
61.500 29.250
61.750 29.250
61.750 29.000
Building 4 5 0.062
61.750 29.500
61.750 29.250
61.500 29.250
61.500 29.500
Building 4 5 0.062
61.500 30.500
61.500 30.750
61.750 30.750
61.750 30.500
Building 4 5 0.062
61.500 30.750
61.500 31.000
61.750 31.000
61.750 30.750
Building 4 5 0.062
61.500 31.000
61.500 31.250
61.750 31.250
61.750 31.000
Building 4 5 0.062
61.500 31.250
61.500 31.500
61.750 31.500
61.750 31.250
Building 4 5 0.062
61.500 31.500
61.500 31.750
61.750 31.750
61.750 31.500
Building 4 5 0.062
61.500 31.750
61.500 32.000
61.750 32.000
61.750 31.750
Building 4 5 0.062
61.500 32.000
61.500 32.250
61.750 32.250
61.750 32.000
Building 4 5 0.062
61.750 32.500
61.750 32.250
61.500 32.250
61.500 32.500
Building 4 5 0.062
61.750 27.500
61.750 27.750
62.000 27.750
62.000 27.500
Building 4 5 0.062
61.750 27.750
61.750 28.000
62.000 28.000
62.000 27.750
Building 4 5 0.062
61.750 28.000
61.750 28.250
62.000 28.250
62.000 28.000
Building 4 5 0.062
61.750 28.250
61.750 28.500
62.000 28.500
62.000 28.250
Building 4 5 0.062
61.750 28.500
61.750 28.750
62.000 28.750
62.000 28.500
Building 4 5 0.062
61.750 28.750
61.750 29.000
62.000 29.000
62.000 28.750
Building 4 5 0.062
61.750 29.000
61.750 29.250
62.000 29.250
62.000 29.000
Building 4 5 0.062
62.000 29.500
62.000 29.250
61.750 29.250
61.750 29.500
Building 4 5 0.062
61.750 30.500
61.750 30.750
62.000 30.750
62.000 30.500
Building 4 5 0.062
61.750 30.750
61.750 31.000
62.000 31.000
62.000 30.750
Building 4 5 0.062
61.750 31.000
61.750 31.250
62.000 31.250
62.000 31.000
Building 4 5 0.062
61.750 31.250
61.750 31.500
62.000 31.500
62.000 31.250
Building 4 5 0.062
61.750 31.500
61.750 31.750
62.000 31.750
62.000 31.500
Building 4 5 0.062
61.750 31.750
61.750 32.000
62.000 32.000
62.000 31.750
Building 4 5 0.062
61.750 32.000
61.750 32.250
62.000 32.250
62.000 32.000
Building 4 5 0.062
62.000 32.500
62.000 32.250
61.750 32.250
61.750 32.500
Building 4 5 0.062
62.000 27.500
62.000 27.750
62.250 27.750
62.250 27.500
Building 4 5 0.062
62.000 27.750
62.000 28.000
62.250 28.000
62.250 27.750
Building 4 5 0.062
62.000 28.000
62.000 28.250
62.250 28.250
62.250 28.000
Building 4 5 0.062
62.000 28.250
62.000 28.500
62.250 28.500
62.250 28.250
Building 4 5 0.062
62.000 28.500
62.000 28.750
62.250 28.750
62.250 28.500
Building 4 5 0.062
62.000 28.750
62.000 29.000
62.250 29.000
62.250 28.750
Building 4 5 0.062
62.000 29.000
62.000 29.250
62.250 29.250
62.250 29.000
Building 4 5 0.062
62.250 29.500
62.250 29.250
62.000 29.250
62.000 29.500
Building 4 5 0.062
62.000 30.500
62.000 30.750
62.250 30.750
62.250 30.500
Building 4 5 0.062
62.000 30.750
62.000 31.000
62.250 31.000
62.250 30.750
Building 4 5 0.062
62.000 31.000
62.000 31.250
62.250 31.250
62.250 31.000
Building 4 5 0.062
62.000 31.250
62.000 31.500
62.250 31.500
62.250 31.250
Building 4 5 0.062
62.000 31.500
62.000 31.750
62.250 31.750
62.250 31.500
Building 4 5 0.062
62.000 31.750
62.000 32.000
62.250 32.000
62.250 31.750
Building 4 5 0.062
62.000 32.000
62.000 32.250
62.250 32.250
62.250 32.000
Building 4 5 0.062
62.250 32.500
62.250 32.250
62.000 32.250
62.000 32.500
Building 4 5 0.062
62.250 27.500
62.250 27.750
62.500 27.750
62.500 27.500
Building 4 5 0.062
62.250 27.750
62.250 28.000
62.500 28.000
62.500 27.750
Building 4 5 0.062
62.250 28.000
62.250 28.250
62.500 28.250
62.500 28.000
Building 4 5 0.062
62.250 28.250
62.250 28.500
62.500 28.500
62.500 28.250
Building 4 5 0.062
62.250 28.500
62.250 28.750
62.500 28.750
62.500 28.500
Building 4 5 0.062
62.250 28.750
62.250 29.000
62.500 29.000
62.500 28.750
Building 4 5 0.062
62.250 29.000
62.250 29.250
62.500 29.250
62.500 29.000
Building 4 5 0.062
62.500 29.500
62.500 29.250
62.250 29.250
62.250 29.500
Building 4 5 0.062
62.250 30.500
62.250 30.750
62.500 30.750
62.500 30.500
Building 4 5 0.062
62.250 30.750
62.250 31.000
62.500 31.000
62.500 30.750
Building 4 5 0.062
62.250 31.000
62.250 31.250
62.500 31.250
62.500 31.000
Building 4 5 0.062
62.250 31.250
62.250 31.500
62.500 31.500
62.500 31.250
Building 4 5 0.062
62.250 31.500
62.250 31.750
62.500 31.750
62.500 31.500
Building 4 5 0.062
62.250 31.750
62.250 32.000
62.500 32.000
62.500 31.750
Building 4 5 0.062
62.250 32.000
62.250 32.250
62.500 32.250
62.500 32.000
Building 4 5 0.062
62.500 32.500
62.500 32.250
62.250 32.250
62.250 32.500
Building 4 5 0.062
62.500 27.500
62.500 27.750
62.750 27.750
62.750 27.500
Building 4 5 0.062
62.500 27.750
62.500 28.000
62.750 28.000
62.750 27.750
Building 4 5 0.062
62.500 28.000
62.500 28.250
62.750 28.250
62.750 28.000
Building 4 5 0.062
62.500 28.250
62.500 28.500
62.750 28.500
62.750 28.250
Building 4 5 0.062
62.500 28.500
62.500 28.750
62.750 28.750
62.750 28.500
Building 4 5 0.062
62.500 28.750
62.500 29.000
62.750 29.000
62.750 28.750
Building 4 5 0.062
62.500 29.000
62.500 29.250
62.750 29.250
62.750 29.000
Building 4 5 0.062
62.750 29.500
62.750 29.250
62.500 29.250
62.500 29.500
Building 4 5 0.062
62.500 30.500
62.500 30.750
62.750 30.750
62.750 30.500
Building 4 5 0.062
62.500 30.750
62.500 31.000
62.750 31.000
62.750 30.750
Building 4 5 0.062
62.500 31.000
62.500 31.250
62.750 31.250
62.750 31.000
Building 4 5 0.062
62.500 31.250
62.500 31.500
62.750 31.500
62.750 31.250
Building 4 5 0.062
62.500 31.500
62.500 31.750
62.750 31.750
62.750 31.500
Building 4 5 0.062
62.500 31.750
62.500 32.000
62.750 32.000
62.750 31.750
Building 4 5 0.062
62.500 32.000
62.500 32.250
62.750 32.250
62.750 32.000
Building 4 5 0.062
62.750 32.500
62.750 32.250
62.500 32.250
62.500 32.500
Building 4 5 0.062
62.750 27.500
62.750 27.750
63.000 27.750
63.000 27.500
Building 4 5 0.062
62.750 27.750
62.750 28.000
63.000 28.000
63.000 27.750
Building 4 5 0.062
62.750 28.000
62.750 28.250
63.000 28.250
63.000 28.000
Building 4 5 0.062
62.750 28.250
62.750 28.500
63.000 28.500
63.000 28.250
Building 4 5 0.062
62.750 28.500
62.750 28.750
63.000 28.750
63.000 28.500
Building 4 5 0.062
62.750 28.750
62.750 29.000
63.000 29.000
63.000 28.750
Building 4 5 0.062
62.750 29.000
62.750 29.250
63.000 29.250
63.000 29.000
Building 4 5 0.062
63.000 29.500
63.000 29.250
62.750 29.250
62.750 29.500
Building 4 5 0.062
62.750 30.500
62.750 30.750
63.000 30.750
63.000 30.500
Building 4 5 0.062
62.750 30.750
62.750 31.000
63.000 31.000
63.000 30.750
Building 4 5 0.062
62.750 31.000
62.750 31.250
63.000 31.250
63.000 31.000
Building 4 5 0.062
62.750 31.250
62.750 31.500
63.000 31.500
63.000 31.250
Building 4 5 0.062
62.750 31.500
62.750 31.750
63.000 31.750
63.000 31.500
Building 4 5 0.062
62.750 31.750
62.750 32.000
63.000 32.000
63.000 31.750
Building 4 5 0.062
62.750 32.000
62.750 32.250
63.000 32.250
63.000 32.000
Building 4 5 0.062
63.000 32.500
63.000 32.250
62.750 32.250
62.750 32.500
Building 4 5 0.062
63.000 27.500
63.000 27.750
63.250 27.750
63.250 27.500
Building 4 5 0.062
63.000 27.750
63.000 28.000
63.250 28.000
63.250 27.750
Building 4 5 0.062
63.000 28.000
63.000 28.250
63.250 28.250
63.250 28.000
Building 4 5 0.062
63.000 28.250
63.000 28.500
63.250 28.500
63.250 28.250
Building 4 5 0.062
63.000 28.500
63.000 28.750
63.250 28.750
63.250 28.500
Building 4 5 0.062
63.000 28.750
63.000 29.000
63.250 29.000
63.250 28.750
Building 4 5 0.062
63.000 29.000
63.000 29.250
63.250 29.250
63.250 29.000
Building 4 5 0.062
63.250 29.500
63.250 29.250
63.000 29.250
63.000 29.500
Building 4 5 0.062
63.000 30.500
63.000 30.750
63.250 30.750
63.250 30.500
Building 4 5 0.062
63.000 30.750
63.000 31.000
63.250 31.000
63.250 30.750
Building 4 5 0.062
63.000 31.000
63.000 31.250
63.250 31.250
63.250 31.000
Building 4 5 0.062
63.000 31.250
63.000 31.500
63.250 31.500
63.250 31.250
Building 4 5 0.062
63.000 31.500
63.000 31.750
63.250 31.750
63.250 31.500
Building 4 5 0.062
63.000 31.750
63.000 32.000
63.250 32.000
63.250 31.750
Building 4 5 0.062
63.000 32.000
63.000 32.250
63.250 32.250
63.250 32.000
Building 4 5 0.062
63.250 32.500
63.250 32.250
63.000 32.250
63.000 32.500
Building 4 5 0.062
63.250 27.500
63.250 27.750
63.500 27.750
63.500 27.500
Building 4 5 0.062
63.250 27.750
63.250 28.000
63.500 28.000
63.500 27.750
Building 4 5 0.062
63.250 28.000
63.250 28.250
63.500 28.250
63.500 28.000
Building 4 5 0.062
63.250 28.250
63.250 28.500
63.500 28.500
63.500 28.250
Building 4 5 0.062
63.250 28.500
63.250 28.750
63.500 28.750
63.500 28.500
Building 4 5 0.062
63.250 28.750
63.250 29.000
63.500 29.000
63.500 28.750
Building 4 5 0.062
63.250 29.000
63.250 29.250
63.500 29.250
63.500 29.000
Building 4 5 0.062
63.500 29.500
63.500 29.250
63.250 29.250
63.250 29.500
Building 4 5 0.062
63.250 30.500
63.250 30.750
63.500 30.750
63.500 30.500
Building 4 5 0.062
63.250 30.750
63.250 31.000
63.500 31.000
63.500 30.750
Building 4 5 0.062
63.250 31.000
63.250 31.250
63.500 31.250
63.500 31.000
Building 4 5 0.062
63.250 31.250
63.250 31.500
63.500 31.500
63.500 31.250
Building 4 5 0.062
63.250 31.500
63.250 31.750
63.500 31.750
63.500 31.500
Building 4 5 0.062
63.250 31.750
63.250 32.000
63.500 32.000
63.500 31.750
Building 4 5 0.062
63.250 32.000
63.250 32.250
63.500 32.250
63.500 32.000
Building 4 5 0.062
63.500 32.500
63.500 32.250
63.250 32.250
63.250 32.500
Building 4 5 0.062
63.500 27.500
63.500 27.750
63.750 27.750
63.750 27.500
Building 4 5 0.062
63.500 27.750
63.500 28.000
63.750 28.000
63.750 27.750
Building 4 5 0.062
63.500 28.000
63.500 28.250
63.750 28.250
63.750 28.000
Building 4 5 0.062
63.500 28.250
63.500 28.500
63.750 28.500
63.750 28.250
Building 4 5 0.062
63.500 28.500
63.500 28.750
63.750 28.750
63.750 28.500
Building 4 5 0.062
63.500 28.750
63.500 29.000
63.750 29.000
63.750 28.750
Building 4 5 0.062
63.500 29.000
63.500 29.250
63.750 29.250
63.750 29.000
Building 4 5 0.062
63.750 29.500
63.750 29.250
63.500 29.250
63.500 29.500
Building 4 5 0.062
63.500 30.500
63.500 30.750
63.750 30.750
63.750 30.500
Building 4 5 0.062
63.500 30.750
63.500 31.000
63.750 31.000
63.750 30.750
Building 4 5 0.062
63.500 31.000
63.500 31.250
63.750 31.250
63.750 31.000
Building 4 5 0.062
63.500 31.250
63.500 31.500
63.750 31.500
63.750 31.250
Building 4 5 0.062
63.500 31.500
63.500 31.750
63.750 31.750
63.750 31.500
Building 4 5 0.062
63.500 31.750
63.500 32.000
63.750 32.000
63.750 31.750
Building 4 5 0.062
63.500 32.000
63.500 32.250
63.750 32.250
63.750 32.000
Building 4 5 0.062
63.750 32.500
63.750 32.250
63.500 32.250
63.500 32.500
Building 4 5 0.062
63.750 27.500
63.750 27.750
64.000 27.750
64.000 27.500
Building 4 5 0.062
63.750 27.750
63.750 28.000
64.000 28.000
64.000 27.750
Building 4 5 0.062
63.750 28.000
63.750 28.250
64.000 28.250
64.000 28.000
Building 4 5 0.062
63.750 28.250
63.750 28.500
64.000 28.500
64.000 28.250
Building 4 5 0.062
63.750 28.500
63.750 28.750
64.000 28.750
64.000 28.500
Building 4 5 0.062
63.750 28.750
63.750 29.000
64.000 29.000
64.000 28.750
Building 4 5 0.062
63.750 29.000
63.750 29.250
64.000 29.250
64.000 29.000
Building 4 5 0.062
64.000 29.500
64.000 29.250
63.750 29.250
63.750 29.500
Building 4 5 0.062
63.750 30.500
63.750 30.750
64.000 30.750
64.000 30.500
Building 4 5 0.062
63.750 30.750
63.750 31.000
64.000 31.000
64.000 30.750
Building 4 5 0.062
63.750 31.000
63.750 31.250
64.000 31.250
64.000 31.000
Building 4 5 0.062
63.750 31.250
63.750 31.500
64.000 31.500
64.000 31.250
Building 4 5 0.062
63.750 31.500
63.750 31.750
64.000 31.750
64.000 31.500
Building 4 5 0.062
63.750 31.750
63.750 32.000
64.000 32.000
64.000 31.750
Building 4 5 0.062
63.750 32.000
63.750 32.250
64.000 32.250
64.000 32.000
Building 4 5 0.062
64.000 32.500
64.000 32.250
63.750 32.250
63.750 32.500
Building 4 5 0.062
64.000 27.500
64.000 27.750
64.250 27.750
64.250 27.500
Building 4 5 0.062
64.000 27.750
64.000 28.000
64.250 28.000
64.250 27.750
Building 4 5 0.062
64.000 28.000
64.000 28.250
64.250 28.250
64.250 28.000
Building 4 5 0.062
64.000 28.250
64.000 28.500
64.250 28.500
64.250 28.250
Building 4 5 0.062
64.000 28.500
64.000 28.750
64.250 28.750
64.250 28.500
Building 4 5 0.062
64.000 28.750
64.000 29.000
64.250 29.000
64.250 28.750
Building 4 5 0.062
64.000 29.000
64.000 29.250
64.250 29.250
64.250 29.000
Building 4 5 0.062
64.250 29.500
64.250 29.250
64.000 29.250
64.000 29.500
Building 4 5 0.062
64.000 30.500
64.000 30.750
64.250 30.750
64.250 30.500
Building 4 5 0.062
64.000 30.750
64.000 31.000
64.250 31.000
64.250 30.750
Building 4 5 0.062
64.000 31.000
64.000 31.250
64.250 31.250
64.250 31.000
Building 4 5 0.062
64.000 31.250
64.000 31.500
64.250 31.500
64.250 31.250
Building 4 5 0.062
64.000 31.500
64.000 31.750
64.250 31.750
64.250 31.500
Building 4 5 0.062
64.000 31.750
64.000 32.000
64.250 32.000
64.250 31.750
Building 4 5 0.062
64.000 32.000
64.000 32.250
64.250 32.250
64.250 32.000
Building 4 5 0.062
64.250 32.500
64.250 32.250
64.000 32.250
64.000 32.500
Building 4 5 0.062
64.250 27.500
64.250 27.750
64.500 27.750
64.500 27.500
Building 4 5 0.062
64.250 27.750
64.250 28.000
64.500 28.000
64.500 27.750
Building 4 5 0.062
64.250 28.000
64.250 28.250
64.500 28.250
64.500 28.000
Building 4 5 0.062
64.250 28.250
64.250 28.500
64.500 28.500
64.500 28.250
Building 4 5 0.062
64.250 28.500
64.250 28.750
64.500 28.750
64.500 28.500
Building 4 5 0.062
64.250 28.750
64.250 29.000
64.500 29.000
64.500 28.750
Building 4 5 0.062
64.250 29.000
64.250 29.250
64.500 29.250
64.500 29.000
Building 4 5 0.062
64.500 29.500
64.500 29.250
64.250 29.250
64.250 29.500
Building 4 5 0.062
64.250 30.500
64.250 30.750
64.500 30.750
64.500 30.500
Building 4 5 0.062
64.250 30.750
64.250 31.000
64.500 31.000
64.500 30.750
Building 4 5 0.062
64.250 31.000
64.250 31.250
64.500 31.250
64.500 31.000
Building 4 5 0.062
64.250 31.250
64.250 31.500
64.500 31.500
64.500 31.250
Building 4 5 0.062
64.250 31.500
64.250 31.750
64.500 31.750
64.500 31.500
Building 4 5 0.062
64.250 31.750
64.250 32.000
64.500 32.000
64.500 31.750
Building 4 5 0.062
64.250 32.000
64.250 32.250
64.500 32.250
64.500 32.000
Building 4 5 0.062
64.500 32.500
64.500 32.250
64.250 32.250
64.250 32.500
Building 4 5 0.062
64.500 27.500
64.500 27.750
64.750 27.750
64.750 27.500
Building 4 5 0.062
64.500 27.750
64.500 28.000
64.750 28.000
64.750 27.750
Building 4 5 0.062
64.500 28.000
64.500 28.250
64.750 28.250
64.750 28.000
Building 4 5 0.062
64.500 28.250
64.500 28.500
64.750 28.500
64.750 28.250
Building 4 5 0.062
64.500 28.500
64.500 28.750
64.750 28.750
64.750 28.500
Building 4 5 0.062
64.500 28.750
64.500 29.000
64.750 29.000
64.750 28.750
Building 4 5 0.062
64.500 29.000
64.500 29.250
64.750 29.250
64.750 29.000
Building 4 5 0.062
64.750 29.500
64.750 29.250
64.500 29.250
64.500 29.500
Building 4 5 0.062
64.500 30.500
64.500 30.750
64.750 30.750
64.750 30.500
Building 4 5 0.062
64.500 30.750
64.500 31.000
64.750 31.000
64.750 30.750
Building 4 5 0.062
64.500 31.000
64.500 31.250
64.750 31.250
64.750 31.000
Building 4 5 0.062
64.500 31.250
64.500 31.500
64.750 31.500
64.750 31.250
Building 4 5 0.062
64.500 31.500
64.500 31.750
64.750 31.750
64.750 31.500
Building 4 5 0.062
64.500 31.750
64.500 32.000
64.750 32.000
64.750 31.750
Building 4 5 0.062
64.500 32.000
64.500 32.250
64.750 32.250
64.750 32.000
Building 4 5 0.062
64.750 32.500
64.750 32.250
64.500 32.250
64.500 32.500
Building 4 5 0.062
64.750 27.500
64.750 27.750
65.000 27.750
65.000 27.500
Building 4 5 0.062
64.750 27.750
64.750 28.000
65.000 28.000
65.000 27.750
Building 4 5 0.062
64.750 28.000
64.750 28.250
65.000 28.250
65.000 28.000
Building 4 5 0.062
64.750 28.250
64.750 28.500
65.000 28.500
65.000 28.250
Building 4 5 0.062
64.750 28.500
64.750 28.750
65.000 28.750
65.000 28.500
Building 4 5 0.062
64.750 28.750
64.750 29.000
65.000 29.000
65.000 28.750
Building 4 5 0.062
64.750 29.000
64.750 29.250
65.000 29.250
65.000 29.000
Building 4 5 0.062
65.000 29.500
65.000 29.250
64.750 29.250
64.750 29.500
Building 4 5 0.062
64.750 30.500
64.750 30.750
65.000 30.750
65.000 30.500
Building 4 5 0.062
64.750 30.750
64.750 31.000
65.000 31.000
65.000 30.750
Building 4 5 0.062
64.750 31.000
64.750 31.250
65.000 31.250
65.000 31.000
Building 4 5 0.062
64.750 31.250
64.750 31.500
65.000 31.500
65.000 31.250
Building 4 5 0.062
64.750 31.500
64.750 31.750
65.000 31.750
65.000 31.500
Building 4 5 0.062
64.750 31.750
64.750 32.000
65.000 32.000
65.000 31.750
Building 4 5 0.062
64.750 32.000
64.750 32.250
65.000 32.250
65.000 32.000
Building 4 5 0.062
65.000 32.500
65.000 32.250
64.750 32.250
64.750 32.500
Building 4 5 0.062
65.000 27.500
65.000 27.750
65.250 27.750
65.250 27.500
Building 4 5 0.062
65.000 27.750
65.000 28.000
65.250 28.000
65.250 27.750
Building 4 5 0.062
65.000 28.000
65.000 28.250
65.250 28.250
65.250 28.000
Building 4 5 0.062
65.000 28.250
65.000 28.500
65.250 28.500
65.250 28.250
Building 4 5 0.062
65.000 28.500
65.000 28.750
65.250 28.750
65.250 28.500
Building 4 5 0.062
65.000 28.750
65.000 29.000
65.250 29.000
65.250 28.750
Building 4 5 0.062
65.000 29.000
65.000 29.250
65.250 29.250
65.250 29.000
Building 4 5 0.062
65.250 29.500
65.250 29.250
65.000 29.250
65.000 29.500
Building 4 5 0.062
65.000 30.500
65.000 30.750
65.250 30.750
65.250 30.500
Building 4 5 0.062
65.000 30.750
65.000 31.000
65.250 31.000
65.250 30.750
Building 4 5 0.062
65.000 31.000
65.000 31.250
65.250 31.250
65.250 31.000
Building 4 5 0.062
65.000 31.250
65.000 31.500
65.250 31.500
65.250 31.250
Building 4 5 0.062
65.000 31.500
65.000 31.750
65.250 31.750
65.250 31.500
Building 4 5 0.062
65.000 31.750
65.000 32.000
65.250 32.000
65.250 31.750
Building 4 5 0.062
65.000 32.000
65.000 32.250
65.250 32.250
65.250 32.000
Building 4 5 0.062
65.250 32.500
65.250 32.250
65.000 32.250
65.000 32.500
Building 4 5 0.062
65.250 27.500
65.250 27.750
65.500 27.750
65.500 27.500
Building 4 5 0.062
65.250 27.750
65.250 28.000
65.500 28.000
65.500 27.750
Building 4 5 0.062
65.250 28.000
65.250 28.250
65.500 28.250
65.500 28.000
Building 4 5 0.062
65.250 28.250
65.250 28.500
65.500 28.500
65.500 28.250
Building 4 5 0.062
65.250 28.500
65.250 28.750
65.500 28.750
65.500 28.500
Building 4 5 0.062
65.250 28.750
65.250 29.000
65.500 29.000
65.500 28.750
Building 4 5 0.062
65.250 29.000
65.250 29.250
65.500 29.250
65.500 29.000
Building 4 5 0.062
65.500 29.500
65.500 29.250
65.250 29.250
65.250 29.500
Building 4 5 0.062
65.250 30.500
65.250 30.750
65.500 30.750
65.500 30.500
Building 4 5 0.062
65.250 30.750
65.250 31.000
65.500 31.000
65.500 30.750
Building 4 5 0.062
65.250 31.000
65.250 31.250
65.500 31.250
65.500 31.000
Building 4 5 0.062
65.250 31.250
65.250 31.500
65.500 31.500
65.500 31.250
Building 4 5 0.062
65.250 31.500
65.250 31.750
65.500 31.750
65.500 31.500
Building 4 5 0.062
65.250 31.750
65.250 32.000
65.500 32.000
65.500 31.750
Building 4 5 0.062
65.250 32.000
65.250 32.250
65.500 32.250
65.500 32.000
Building 4 5 0.062
65.500 32.500
65.500 32.250
65.250 32.250
65.250 32.500
Building 4 5 0.062
65.500 27.500
65.500 27.750
65.750 27.750
65.750 27.500
Building 4 5 0.062
65.500 27.750
65.500 28.000
65.750 28.000
65.750 27.750
Building 4 5 0.062
65.500 28.000
65.500 28.250
65.750 28.250
65.750 28.000
Building 4 5 0.062
65.500 28.250
65.500 28.500
65.750 28.500
65.750 28.250
Building 4 5 0.062
65.500 28.500
65.500 28.750
65.750 28.750
65.750 28.500
Building 4 5 0.062
65.500 28.750
65.500 29.000
65.750 29.000
65.750 28.750
Building 4 5 0.062
65.500 29.000
65.500 29.250
65.750 29.250
65.750 29.000
Building 4 5 0.062
65.750 29.500
65.750 29.250
65.500 29.250
65.500 29.500
Building 4 5 0.062
65.500 30.500
65.500 30.750
65.750 30.750
65.750 30.500
Building 4 5 0.062
65.500 30.750
65.500 31.000
65.750 31.000
65.750 30.750
Building 4 5 0.062
65.500 31.000
65.500 31.250
65.750 31.250
65.750 31.000
Building 4 5 0.062
65.500 31.250
65.500 31.500
65.750 31.500
65.750 31.250
Building 4 5 0.062
65.500 31.500
65.500 31.750
65.750 31.750
65.750 31.500
Building 4 5 0.062
65.500 31.750
65.500 32.000
65.750 32.000
65.750 31.750
Building 4 5 0.062
65.500 32.000
65.500 32.250
65.750 32.250
65.750 32.000
Building 4 5 0.062
65.750 32.500
65.750 32.250
65.500 32.250
65.500 32.500
Building 4 5 0.062
65.750 27.500
65.750 27.750
66.000 27.750
66.000 27.500
Building 4 5 0.062
65.750 27.750
65.750 28.000
66.000 28.000
66.000 27.750
Building 4 5 0.062
65.750 28.000
65.750 28.250
66.000 28.250
66.000 28.000
Building 4 5 0.062
65.750 28.250
65.750 28.500
66.000 28.500
66.000 28.250
Building 4 5 0.062
65.750 28.500
65.750 28.750
66.000 28.750
66.000 28.500
Building 4 5 0.062
65.750 28.750
65.750 29.000
66.000 29.000
66.000 28.750
Building 4 5 0.062
65.750 29.000
65.750 29.250
66.000 29.250
66.000 29.000
Building 4 5 0.062
66.000 29.500
66.000 29.250
65.750 29.250
65.750 29.500
Building 4 5 0.062
65.750 30.500
65.750 30.750
66.000 30.750
66.000 30.500
Building 4 5 0.062
65.750 30.750
65.750 31.000
66.000 31.000
66.000 30.750
Building 4 5 0.062
65.750 31.000
65.750 31.250
66.000 31.250
66.000 31.000
Building 4 5 0.062
65.750 31.250
65.750 31.500
66.000 31.500
66.000 31.250
Building 4 5 0.062
65.750 31.500
65.750 31.750
66.000 31.750
66.000 31.500
Building 4 5 0.062
65.750 31.750
65.750 32.000
66.000 32.000
66.000 31.750
Building 4 5 0.062
65.750 32.000
65.750 32.250
66.000 32.250
66.000 32.000
Building 4 5 0.062
66.000 32.500
66.000 32.250
65.750 32.250
65.750 32.500
Building 4 5 0.062
66.000 27.500
66.000 27.750
66.250 27.750
66.250 27.500
Building 4 5 0.062
66.000 27.750
66.000 28.000
66.250 28.000
66.250 27.750
Building 4 5 0.062
66.000 28.000
66.000 28.250
66.250 28.250
66.250 28.000
Building 4 5 0.062
66.000 28.250
66.000 28.500
66.250 28.500
66.250 28.250
Building 4 5 0.062
66.000 28.500
66.000 28.750
66.250 28.750
66.250 28.500
Building 4 5 0.062
66.000 28.750
66.000 29.000
66.250 29.000
66.250 28.750
Building 4 5 0.062
66.000 29.000
66.000 29.250
66.250 29.250
66.250 29.000
Building 4 5 0.062
66.250 29.500
66.250 29.250
66.000 29.250
66.000 29.500
Building 4 5 0.062
66.000 30.500
66.000 30.750
66.250 30.750
66.250 30.500
Building 4 5 0.062
66.000 30.750
66.000 31.000
66.250 31.000
66.250 30.750
Building 4 5 0.062
66.000 31.000
66.000 31.250
66.250 31.250
66.250 31.000
Building 4 5 0.062
66.000 31.250
66.000 31.500
66.250 31.500
66.250 31.250
Building 4 5 0.062
66.000 31.500
66.000 31.750
66.250 31.750
66.250 31.500
Building 4 5 0.062
66.000 31.750
66.000 32.000
66.250 32.000
66.250 31.750
Building 4 5 0.062
66.000 32.000
66.000 32.250
66.250 32.250
66.250 32.000
Building 4 5 0.062
66.250 32.500
66.250 32.250
66.000 32.250
66.000 32.500
Building 4 5 0.062
66.250 27.500
66.250 27.750
66.500 27.750
66.500 27.500
Building 4 5 0.062
66.250 27.750
66.250 28.000
66.500 28.000
66.500 27.750
Building 4 5 0.062
66.250 28.000
66.250 28.250
66.500 28.250
66.500 28.000
Building 4 5 0.062
66.250 28.250
66.250 28.500
66.500 28.500
66.500 28.250
Building 4 5 0.062
66.250 28.500
66.250 28.750
66.500 28.750
66.500 28.500
Building 4 5 0.062
66.250 28.750
66.250 29.000
66.500 29.000
66.500 28.750
Building 4 5 0.062
66.250 29.000
66.250 29.250
66.500 29.250
66.500 29.000
Building 4 5 0.062
66.500 29.500
66.500 29.250
66.250 29.250
66.250 29.500
Building 4 5 0.062
66.250 30.500
66.250 30.750
66.500 30.750
66.500 30.500
Building 4 5 0.062
66.250 30.750
66.250 31.000
66.500 31.000
66.500 30.750
Building 4 5 0.062
66.250 31.000
66.250 31.250
66.500 31.250
66.500 31.000
Building 4 5 0.062
66.250 31.250
66.250 31.500
66.500 31.500
66.500 31.250
Building 4 5 0.062
66.250 31.500
66.250 31.750
66.500 31.750
66.500 31.500
Building 4 5 0.062
66.250 31.750
66.250 32.000
66.500 32.000
66.500 31.750
Building 4 5 0.062
66.250 32.000
66.250 32.250
66.500 32.250
66.500 32.000
Building 4 5 0.062
66.500 32.500
66.500 32.250
66.250 32.250
66.250 32.500
Building 4 5 0.062
66.500 27.500
66.500 27.750
66.750 27.750
66.750 27.500
Building 4 5 0.062
66.500 27.750
66.500 28.000
66.750 28.000
66.750 27.750
Building 4 5 0.062
66.500 28.000
66.500 28.250
66.750 28.250
66.750 28.000
Building 4 5 0.062
66.500 28.250
66.500 28.500
66.750 28.500
66.750 28.250
Building 4 5 0.062
66.500 28.500
66.500 28.750
66.750 28.750
66.750 28.500
Building 4 5 0.062
66.500 28.750
66.500 29.000
66.750 29.000
66.750 28.750
Building 4 5 0.062
66.500 29.000
66.500 29.250
66.750 29.250
66.750 29.000
Building 4 5 0.062
66.750 29.500
66.750 29.250
66.500 29.250
66.500 29.500
Building 4 5 0.062
66.500 30.500
66.500 30.750
66.750 30.750
66.750 30.500
Building 4 5 0.062
66.500 30.750
66.500 31.000
66.750 31.000
66.750 30.750
Building 4 5 0.062
66.500 31.000
66.500 31.250
66.750 31.250
66.750 31.000
Building 4 5 0.062
66.500 31.250
66.500 31.500
66.750 31.500
66.750 31.250
Building 4 5 0.062
66.500 31.500
66.500 31.750
66.750 31.750
66.750 31.500
Building 4 5 0.062
66.500 31.750
66.500 32.000
66.750 32.000
66.750 31.750
Building 4 5 0.062
66.500 32.000
66.500 32.250
66.750 32.250
66.750 32.000
Building 4 5 0.062
66.750 32.500
66.750 32.250
66.500 32.250
66.500 32.500
Building 4 5 0.062
66.750 27.500
66.750 27.750
67.000 27.750
67.000 27.500
Building 4 5 0.062
66.750 27.750
66.750 28.000
67.000 28.000
67.000 27.750
Building 4 5 0.062
66.750 28.000
66.750 28.250
67.000 28.250
67.000 28.000
Building 4 5 0.062
66.750 28.250
66.750 28.500
67.000 28.500
67.000 28.250
Building 4 5 0.062
66.750 28.500
66.750 28.750
67.000 28.750
67.000 28.500
Building 4 5 0.062
66.750 28.750
66.750 29.000
67.000 29.000
67.000 28.750
Building 4 5 0.062
66.750 29.000
66.750 29.250
67.000 29.250
67.000 29.000
Building 4 5 0.062
67.000 29.500
67.000 29.250
66.750 29.250
66.750 29.500
Building 4 5 0.062
66.750 30.500
66.750 30.750
67.000 30.750
67.000 30.500
Building 4 5 0.062
66.750 30.750
66.750 31.000
67.000 31.000
67.000 30.750
Building 4 5 0.062
66.750 31.000
66.750 31.250
67.000 31.250
67.000 31.000
Building 4 5 0.062
66.750 31.250
66.750 31.500
67.000 31.500
67.000 31.250
Building 4 5 0.062
66.750 31.500
66.750 31.750
67.000 31.750
67.000 31.500
Building 4 5 0.062
66.750 31.750
66.750 32.000
67.000 32.000
67.000 31.750
Building 4 5 0.062
66.750 32.000
66.750 32.250
67.000 32.250
67.000 32.000
Building 4 5 0.062
67.000 32.500
67.000 32.250
66.750 32.250
66.750 32.500
Building 4 5 0.062
67.000 27.500
67.000 27.750
67.250 27.750
67.250 27.500
Building 4 5 0.062
67.000 27.750
67.000 28.000
67.250 28.000
67.250 27.750
Building 4 5 0.062
67.000 28.000
67.000 28.250
67.250 28.250
67.250 28.000
Building 4 5 0.062
67.000 28.250
67.000 28.500
67.250 28.500
67.250 28.250
Building 4 5 0.062
67.000 28.500
67.000 28.750
67.250 28.750
67.250 28.500
Building 4 5 0.062
67.000 28.750
67.000 29.000
67.250 29.000
67.250 28.750
Building 4 5 0.062
67.000 29.000
67.000 29.250
67.250 29.250
67.250 29.000
Building 4 5 0.062
67.250 29.500
67.250 29.250
67.000 29.250
67.000 29.500
Building 4 5 0.062
67.000 30.500
67.000 30.750
67.250 30.750
67.250 30.500
Building 4 5 0.062
67.000 30.750
67.000 31.000
67.250 31.000
67.250 30.750
Building 4 5 0.062
67.000 31.000
67.000 31.250
67.250 31.250
67.250 31.000
Building 4 5 0.062
67.000 31.250
67.000 31.500
67.250 31.500
67.250 31.250
Building 4 5 0.062
67.000 31.500
67.000 31.750
67.250 31.750
67.250 31.500
Building 4 5 0.062
67.000 31.750
67.000 32.000
67.250 32.000
67.250 31.750
Building 4 5 0.062
67.000 32.000
67.000 32.250
67.250 32.250
67.250 32.000
Building 4 5 0.062
67.250 32.500
67.250 32.250
67.000 32.250
67.000 32.500
Building 4 5 0.062
67.250 27.500
67.250 27.750
67.500 27.750
67.500 27.500
Building 4 5 0.062
67.250 27.750
67.250 28.000
67.500 28.000
67.500 27.750
Building 4 5 0.062
67.250 28.000
67.250 28.250
67.500 28.250
67.500 28.000
Building 4 5 0.062
67.250 28.250
67.250 28.500
67.500 28.500
67.500 28.250
Building 4 5 0.062
67.250 28.500
67.250 28.750
67.500 28.750
67.500 28.500
Building 4 5 0.062
67.250 28.750
67.250 29.000
67.500 29.000
67.500 28.750
Building 4 5 0.062
67.250 29.000
67.250 29.250
67.500 29.250
67.500 29.000
Building 4 5 0.062
67.500 29.500
67.500 29.250
67.250 29.250
67.250 29.500
Building 4 5 0.062
67.250 30.500
67.250 30.750
67.500 30.750
67.500 30.500
Building 4 5 0.062
67.250 30.750
67.250 31.000
67.500 31.000
67.500 30.750
Building 4 5 0.062
67.250 31.000
67.250 31.250
67.500 31.250
67.500 31.000
Building 4 5 0.062
67.250 31.250
67.250 31.500
67.500 31.500
67.500 31.250
Building 4 5 0.062
67.250 31.500
67.250 31.750
67.500 31.750
67.500 31.500
Building 4 5 0.062
67.250 31.750
67.250 32.000
67.500 32.000
67.500 31.750
Building 4 5 0.062
67.250 32.000
67.250 32.250
67.500 32.250
67.500 32.000
Building 4 5 0.062
67.500 32.500
67.500 32.250
67.250 32.250
67.250 32.500
Building 4 5 0.062
67.500 27.500
67.500 27.750
67.750 27.750
67.750 27.500
Building 4 5 0.062
67.500 27.750
67.500 28.000
67.750 28.000
67.750 27.750
Building 4 5 0.062
67.500 28.000
67.500 28.250
67.750 28.250
67.750 28.000
Building 4 5 0.062
67.500 28.250
67.500 28.500
67.750 28.500
67.750 28.250
Building 4 5 0.062
67.500 28.500
67.500 28.750
67.750 28.750
67.750 28.500
Building 4 5 0.062
67.500 28.750
67.500 29.000
67.750 29.000
67.750 28.750
Building 4 5 0.062
67.500 29.000
67.500 29.250
67.750 29.250
67.750 29.000
Building 4 5 0.062
67.750 29.500
67.750 29.250
67.500 29.250
67.500 29.500
Building 4 5 0.062
67.500 30.500
67.500 30.750
67.750 30.750
67.750 30.500
Building 4 5 0.062
67.500 30.750
67.500 31.000
67.750 31.000
67.750 30.750
Building 4 5 0.062
67.500 31.000
67.500 31.250
67.750 31.250
67.750 31.000
Building 4 5 0.062
67.500 31.250
67.500 31.500
67.750 31.500
67.750 31.250
Building 4 5 0.062
67.500 31.500
67.500 31.750
67.750 31.750
67.750 31.500
Building 4 5 0.062
67.500 31.750
67.500 32.000
67.750 32.000
67.750 31.750
Building 4 5 0.062
67.500 32.000
67.500 32.250
67.750 32.250
67.750 32.000
Building 4 5 0.062
67.750 32.500
67.750 32.250
67.500 32.250
67.500 32.500
Building 4 5 0.062
67.750 27.500
67.750 27.750
68.000 27.750
68.000 27.500
Building 4 5 0.062
67.750 27.750
67.750 28.000
68.000 28.000
68.000 27.750
Building 4 5 0.062
67.750 28.000
67.750 28.250
68.000 28.250
68.000 28.000
Building 4 5 0.062
67.750 28.250
67.750 28.500
68.000 28.500
68.000 28.250
Building 4 5 0.062
67.750 28.500
67.750 28.750
68.000 28.750
68.000 28.500
Building 4 5 0.062
67.750 28.750
67.750 29.000
68.000 29.000
68.000 28.750
Building 4 5 0.062
67.750 29.000
67.750 29.250
68.000 29.250
68.000 29.000
Building 4 5 0.062
68.000 29.500
68.000 29.250
67.750 29.250
67.750 29.500
Building 4 5 0.062
67.750 30.500
67.750 30.750
68.000 30.750
68.000 30.500
Building 4 5 0.062
67.750 30.750
67.750 31.000
68.000 31.000
68.000 30.750
Building 4 5 0.062
67.750 31.000
67.750 31.250
68.000 31.250
68.000 31.000
Building 4 5 0.062
67.750 31.250
67.750 31.500
68.000 31.500
68.000 31.250
Building 4 5 0.062
67.750 31.500
67.750 31.750
68.000 31.750
68.000 31.500
Building 4 5 0.062
67.750 31.750
67.750 32.000
68.000 32.000
68.000 31.750
Building 4 5 0.062
67.750 32.000
67.750 32.250
68.000 32.250
68.000 32.000
Building 4 5 0.062
68.000 32.500
68.000 32.250
67.750 32.250
67.750 32.500
Building 4 5 0.062
68.000 27.500
68.000 27.750
68.250 27.750
68.250 27.500
Building 4 5 0.062
68.000 27.750
68.000 28.000
68.250 28.000
68.250 27.750
Building 4 5 0.062
68.000 28.000
68.000 28.250
68.250 28.250
68.250 28.000
Building 4 5 0.062
68.000 28.250
68.000 28.500
68.250 28.500
68.250 28.250
Building 4 5 0.062
68.000 28.500
68.000 28.750
68.250 28.750
68.250 28.500
Building 4 5 0.062
68.000 28.750
68.000 29.000
68.250 29.000
68.250 28.750
Building 4 5 0.062
68.000 29.000
68.000 29.250
68.250 29.250
68.250 29.000
Building 4 5 0.062
68.250 29.500
68.250 29.250
68.000 29.250
68.000 29.500
Building 4 5 0.062
68.000 30.500
68.000 30.750
68.250 30.750
68.250 30.500
Building 4 5 0.062
68.000 30.750
68.000 31.000
68.250 31.000
68.250 30.750
Building 4 5 0.062
68.000 31.000
68.000 31.250
68.250 31.250
68.250 31.000
Building 4 5 0.062
68.000 31.250
68.000 31.500
68.250 31.500
68.250 31.250
Building 4 5 0.062
68.000 31.500
68.000 31.750
68.250 31.750
68.250 31.500
Building 4 5 0.062
68.000 31.750
68.000 32.000
68.250 32.000
68.250 31.750
Building 4 5 0.062
68.000 32.000
68.000 32.250
68.250 32.250
68.250 32.000
Building 4 5 0.062
68.250 32.500
68.250 32.250
68.000 32.250
68.000 32.500
Building 4 5 0.062
68.250 27.500
68.250 27.750
68.500 27.750
68.500 27.500
Building 4 5 0.062
68.250 27.750
68.250 28.000
68.500 28.000
68.500 27.750
Building 4 5 0.062
68.250 28.000
68.250 28.250
68.500 28.250
68.500 28.000
Building 4 5 0.062
68.250 28.250
68.250 28.500
68.500 28.500
68.500 28.250
Building 4 5 0.062
68.250 28.500
68.250 28.750
68.500 28.750
68.500 28.500
Building 4 5 0.062
68.250 28.750
68.250 29.000
68.500 29.000
68.500 28.750
Building 4 5 0.062
68.250 29.000
68.250 29.250
68.500 29.250
68.500 29.000
Building 4 5 0.062
68.500 29.500
68.500 29.250
68.250 29.250
68.250 29.500
Building 4 5 0.062
68.250 30.500
68.250 30.750
68.500 30.750
68.500 30.500
Building 4 5 0.062
68.250 30.750
68.250 31.000
68.500 31.000
68.500 30.750
Building 4 5 0.062
68.250 31.000
68.250 31.250
68.500 31.250
68.500 31.000
Building 4 5 0.062
68.250 31.250
68.250 31.500
68.500 31.500
68.500 31.250
Building 4 5 0.062
68.250 31.500
68.250 31.750
68.500 31.750
68.500 31.500
Building 4 5 0.062
68.250 31.750
68.250 32.000
68.500 32.000
68.500 31.750
Building 4 5 0.062
68.250 32.000
68.250 32.250
68.500 32.250
68.500 32.000
Building 4 5 0.062
68.500 32.500
68.500 32.250
68.250 32.250
68.250 32.500
Building 4 5 0.062
68.500 27.500
68.500 27.750
68.750 27.750
68.750 27.500
Building 4 5 0.062
68.500 27.750
68.500 28.000
68.750 28.000
68.750 27.750
Building 4 5 0.062
68.500 28.000
68.500 28.250
68.750 28.250
68.750 28.000
Building 4 5 0.062
68.500 28.250
68.500 28.500
68.750 28.500
68.750 28.250
Building 4 5 0.062
68.500 28.500
68.500 28.750
68.750 28.750
68.750 28.500
Building 4 5 0.062
68.500 28.750
68.500 29.000
68.750 29.000
68.750 28.750
Building 4 5 0.062
68.500 29.000
68.500 29.250
68.750 29.250
68.750 29.000
Building 4 5 0.062
68.750 29.500
68.750 29.250
68.500 29.250
68.500 29.500
Building 4 5 0.062
68.500 30.500
68.500 30.750
68.750 30.750
68.750 30.500
Building 4 5 0.062
68.500 30.750
68.500 31.000
68.750 31.000
68.750 30.750
Building 4 5 0.062
68.500 31.000
68.500 31.250
68.750 31.250
68.750 31.000
Building 4 5 0.062
68.500 31.250
68.500 31.500
68.750 31.500
68.750 31.250
Building 4 5 0.062
68.500 31.500
68.500 31.750
68.750 31.750
68.750 31.500
Building 4 5 0.062
68.500 31.750
68.500 32.000
68.750 32.000
68.750 31.750
Building 4 5 0.062
68.500 32.000
68.500 32.250
68.750 32.250
68.750 32.000
Building 4 5 0.062
68.750 32.500
68.750 32.250
68.500 32.250
68.500 32.500
Building 4 5 0.062
68.750 27.500
68.750 27.750
69.000 27.750
69.000 27.500
Building 4 5 0.062
68.750 27.750
68.750 28.000
69.000 28.000
69.000 27.750
Building 4 5 0.062
68.750 28.000
68.750 28.250
69.000 28.250
69.000 28.000
Building 4 5 0.062
68.750 28.250
68.750 28.500
69.000 28.500
69.000 28.250
Building 4 5 0.062
68.750 28.500
68.750 28.750
69.000 28.750
69.000 28.500
Building 4 5 0.062
68.750 28.750
68.750 29.000
69.000 29.000
69.000 28.750
Building 4 5 0.062
68.750 29.000
68.750 29.250
69.000 29.250
69.000 29.000
Building 4 5 0.062
69.000 29.500
69.000 29.250
68.750 29.250
68.750 29.500
Building 4 5 0.062
68.750 30.500
68.750 30.750
69.000 30.750
69.000 30.500
Building 4 5 0.062
68.750 30.750
68.750 31.000
69.000 31.000
69.000 30.750
Building 4 5 0.062
68.750 31.000
68.750 31.250
69.000 31.250
69.000 31.000
Building 4 5 0.062
68.750 31.250
68.750 31.500
69.000 31.500
69.000 31.250
Building 4 5 0.062
68.750 31.500
68.750 31.750
69.000 31.750
69.000 31.500
Building 4 5 0.062
68.750 31.750
68.750 32.000
69.000 32.000
69.000 31.750
Building 4 5 0.062
68.750 32.000
68.750 32.250
69.000 32.250
69.000 32.000
Building 4 5 0.062
69.000 32.500
69.000 32.250
68.750 32.250
68.750 32.500
Building 4 5 0.062
69.000 27.500
69.000 27.750
69.250 27.750
69.250 27.500
Building 4 5 0.062
69.000 27.750
69.000 28.000
69.250 28.000
69.250 27.750
Building 4 5 0.062
69.000 28.000
69.000 28.250
69.250 28.250
69.250 28.000
Building 4 5 0.062
69.000 28.250
69.000 28.500
69.250 28.500
69.250 28.250
Building 4 5 0.062
69.000 28.500
69.000 28.750
69.250 28.750
69.250 28.500
Building 4 5 0.062
69.000 28.750
69.000 29.000
69.250 29.000
69.250 28.750
Building 4 5 0.062
69.000 29.000
69.000 29.250
69.250 29.250
69.250 29.000
Building 4 5 0.062
69.250 29.500
69.250 29.250
69.000 29.250
69.000 29.500
Building 4 5 0.062
69.000 30.500
69.000 30.750
69.250 30.750
69.250 30.500
Building 4 5 0.062
69.000 30.750
69.000 31.000
69.250 31.000
69.250 30.750
Building 4 5 0.062
69.000 31.000
69.000 31.250
69.250 31.250
69.250 31.000
Building 4 5 0.062
69.000 31.250
69.000 31.500
69.250 31.500
69.250 31.250
Building 4 5 0.062
69.000 31.500
69.000 31.750
69.250 31.750
69.250 31.500
Building 4 5 0.062
69.000 31.750
69.000 32.000
69.250 32.000
69.250 31.750
Building 4 5 0.062
69.000 32.000
69.000 32.250
69.250 32.250
69.250 32.000
Building 4 5 0.062
69.250 32.500
69.250 32.250
69.000 32.250
69.000 32.500
Building 4 5 0.062
69.250 27.500
69.250 27.750
69.500 27.750
69.500 27.500
Building 4 5 0.062
69.250 27.750
69.250 28.000
69.500 28.000
69.500 27.750
Building 4 5 0.062
69.250 28.000
69.250 28.250
69.500 28.250
69.500 28.000
Building 4 5 0.062
69.250 28.250
69.250 28.500
69.500 28.500
69.500 28.250
Building 4 5 0.062
69.250 28.500
69.250 28.750
69.500 28.750
69.500 28.500
Building 4 5 0.062
69.250 28.750
69.250 29.000
69.500 29.000
69.500 28.750
Building 4 5 0.062
69.250 29.000
69.250 29.250
69.500 29.250
69.500 29.000
Building 4 5 0.062
69.500 29.500
69.500 29.250
69.250 29.250
69.250 29.500
Building 4 5 0.062
69.250 30.500
69.250 30.750
69.500 30.750
69.500 30.500
Building 4 5 0.062
69.250 30.750
69.250 31.000
69.500 31.000
69.500 30.750
Building 4 5 0.062
69.250 31.000
69.250 31.250
69.500 31.250
69.500 31.000
Building 4 5 0.062
69.250 31.250
69.250 31.500
69.500 31.500
69.500 31.250
Building 4 5 0.062
69.250 31.500
69.250 31.750
69.500 31.750
69.500 31.500
Building 4 5 0.062
69.250 31.750
69.250 32.000
69.500 32.000
69.500 31.750
Building 4 5 0.062
69.250 32.000
69.250 32.250
69.500 32.250
69.500 32.000
Building 4 5 0.062
69.500 32.500
69.500 32.250
69.250 32.250
69.250 32.500
Building 4 5 0.062
69.500 27.500
69.500 27.750
69.750 27.750
69.750 27.500
Building 4 5 0.062
69.500 27.750
69.500 28.000
69.750 28.000
69.750 27.750
Building 4 5 0.062
69.500 28.000
69.500 28.250
69.750 28.250
69.750 28.000
Building 4 5 0.062
69.500 28.250
69.500 28.500
69.750 28.500
69.750 28.250
Building 4 5 0.062
69.500 28.500
69.500 28.750
69.750 28.750
69.750 28.500
Building 4 5 0.062
69.500 28.750
69.500 29.000
69.750 29.000
69.750 28.750
Building 4 5 0.062
69.500 29.000
69.500 29.250
69.750 29.250
69.750 29.000
Building 4 5 0.062
69.750 29.500
69.750 29.250
69.500 29.250
69.500 29.500
Building 4 5 0.062
69.500 30.500
69.500 30.750
69.750 30.750
69.750 30.500
Building 4 5 0.062
69.500 30.750
69.500 31.000
69.750 31.000
69.750 30.750
Building 4 5 0.062
69.500 31.000
69.500 31.250
69.750 31.250
69.750 31.000
Building 4 5 0.062
69.500 31.250
69.500 31.500
69.750 31.500
69.750 31.250
Building 4 5 0.062
69.500 31.500
69.500 31.750
69.750 31.750
69.750 31.500
Building 4 5 0.062
69.500 31.750
69.500 32.000
69.750 32.000
69.750 31.750
Building 4 5 0.062
69.500 32.000
69.500 32.250
69.750 32.250
69.750 32.000
Building 4 5 0.062
69.750 32.500
69.750 32.250
69.500 32.250
69.500 32.500
Building 4 5 0.062
69.750 27.500
69.750 27.750
70.000 27.750
70.000 27.500
Building 4 5 0.062
69.750 27.750
69.750 28.000
70.000 28.000
70.000 27.750
Building 4 5 0.062
69.750 28.000
69.750 28.250
70.000 28.250
70.000 28.000
Building 4 5 0.062
69.750 28.250
69.750 28.500
70.000 28.500
70.000 28.250
Building 4 5 0.062
69.750 28.500
69.750 28.750
70.000 28.750
70.000 28.500
Building 4 5 0.062
69.750 28.750
69.750 29.000
70.000 29.000
70.000 28.750
Building 4 5 0.062
69.750 29.000
69.750 29.250
70.000 29.250
70.000 29.000
Building 4 5 0.062
70.000 29.500
70.000 29.250
69.750 29.250
69.750 29.500
Building 4 5 0.062
69.750 30.500
69.750 30.750
70.000 30.750
70.000 30.500
Building 4 5 0.062
69.750 30.750
69.750 31.000
70.000 31.000
70.000 30.750
Building 4 5 0.062
69.750 31.000
69.750 31.250
70.000 31.250
70.000 31.000
Building 4 5 0.062
69.750 31.250
69.750 31.500
70.000 31.500
70.000 31.250
Building 4 5 0.062
69.750 31.500
69.750 31.750
70.000 31.750
70.000 31.500
Building 4 5 0.062
69.750 31.750
69.750 32.000
70.000 32.000
70.000 31.750
Building 4 5 0.062
69.750 32.000
69.750 32.250
70.000 32.250
70.000 32.000
Building 4 5 0.062
70.000 32.500
70.000 32.250
69.750 32.250
69.750 32.500
Building 4 5 0.062
70.000 27.500
70.000 27.750
70.250 27.750
70.250 27.500
Building 4 5 0.062
70.000 27.750
70.000 28.000
70.250 28.000
70.250 27.750
Building 4 5 0.062
70.000 28.000
70.000 28.250
70.250 28.250
70.250 28.000
Building 4 5 0.062
70.000 28.250
70.000 28.500
70.250 28.500
70.250 28.250
Building 4 5 0.062
70.000 28.500
70.000 28.750
70.250 28.750
70.250 28.500
Building 4 5 0.062
70.000 28.750
70.000 29.000
70.250 29.000
70.250 28.750
Building 4 5 0.062
70.000 29.000
70.000 29.250
70.250 29.250
70.250 29.000
Building 4 5 0.062
70.250 29.500
70.250 29.250
70.000 29.250
70.000 29.500
Building 4 5 0.062
70.000 30.500
70.000 30.750
70.250 30.750
70.250 30.500
Building 4 5 0.062
70.000 30.750
70.000 31.000
70.250 31.000
70.250 30.750
Building 4 5 0.062
70.000 31.000
70.000 31.250
70.250 31.250
70.250 31.000
Building 4 5 0.062
70.000 31.250
70.000 31.500
70.250 31.500
70.250 31.250
Building 4 5 0.062
70.000 31.500
70.000 31.750
70.250 31.750
70.250 31.500
Building 4 5 0.062
70.000 31.750
70.000 32.000
70.250 32.000
70.250 31.750
Building 4 5 0.062
70.000 32.000
70.000 32.250
70.250 32.250
70.250 32.000
Building 4 5 0.062
70.250 32.500
70.250 32.250
70.000 32.250
70.000 32.500
Building 4 5 0.062
70.250 27.500
70.250 27.750
70.500 27.750
70.500 27.500
Building 4 5 0.062
70.250 27.750
70.250 28.000
70.500 28.000
70.500 27.750
Building 4 5 0.062
70.250 28.000
70.250 28.250
70.500 28.250
70.500 28.000
Building 4 5 0.062
70.250 28.250
70.250 28.500
70.500 28.500
70.500 28.250
Building 4 5 0.062
70.250 28.500
70.250 28.750
70.500 28.750
70.500 28.500
Building 4 5 0.062
70.250 28.750
70.250 29.000
70.500 29.000
70.500 28.750
Building 4 5 0.062
70.250 29.000
70.250 29.250
70.500 29.250
70.500 29.000
Building 4 5 0.062
70.500 29.500
70.500 29.250
70.250 29.250
70.250 29.500
Building 4 5 0.062
70.250 30.500
70.250 30.750
70.500 30.750
70.500 30.500
Building 4 5 0.062
70.250 30.750
70.250 31.000
70.500 31.000
70.500 30.750
Building 4 5 0.062
70.250 31.000
70.250 31.250
70.500 31.250
70.500 31.000
Building 4 5 0.062
70.250 31.250
70.250 31.500
70.500 31.500
70.500 31.250
Building 4 5 0.062
70.250 31.500
70.250 31.750
70.500 31.750
70.500 31.500
Building 4 5 0.062
70.250 31.750
70.250 32.000
70.500 32.000
70.500 31.750
Building 4 5 0.062
70.250 32.000
70.250 32.250
70.500 32.250
70.500 32.000
Building 4 5 0.062
70.500 32.500
70.500 32.250
70.250 32.250
70.250 32.500
Building 4 5 0.062
70.500 27.500
70.500 27.750
70.750 27.750
70.750 27.500
Building 4 5 0.062
70.500 27.750
70.500 28.000
70.750 28.000
70.750 27.750
Building 4 5 0.062
70.500 28.000
70.500 28.250
70.750 28.250
70.750 28.000
Building 4 5 0.062
70.500 28.250
70.500 28.500
70.750 28.500
70.750 28.250
Building 4 5 0.062
70.500 28.500
70.500 28.750
70.750 28.750
70.750 28.500
Building 4 5 0.062
70.500 28.750
70.500 29.000
70.750 29.000
70.750 28.750
Building 4 5 0.062
70.500 29.000
70.500 29.250
70.750 29.250
70.750 29.000
Building 4 5 0.062
70.750 29.500
70.750 29.250
70.500 29.250
70.500 29.500
Building 4 5 0.062
70.500 30.500
70.500 30.750
70.750 30.750
70.750 30.500
Building 4 5 0.062
70.500 30.750
70.500 31.000
70.750 31.000
70.750 30.750
Building 4 5 0.062
70.500 31.000
70.500 31.250
70.750 31.250
70.750 31.000
Building 4 5 0.062
70.500 31.250
70.500 31.500
70.750 31.500
70.750 31.250
Building 4 5 0.062
70.500 31.500
70.500 31.750
70.750 31.750
70.750 31.500
Building 4 5 0.062
70.500 31.750
70.500 32.000
70.750 32.000
70.750 31.750
Building 4 5 0.062
70.500 32.000
70.500 32.250
70.750 32.250
70.750 32.000
Building 4 5 0.062
70.750 32.500
70.750 32.250
70.500 32.250
70.500 32.500
Building 4 5 0.062
70.750 27.500
70.750 27.750
71.000 27.750
71.000 27.500
Building 4 5 0.062
70.750 27.750
70.750 28.000
71.000 28.000
71.000 27.750
Building 4 5 0.062
70.750 28.000
70.750 28.250
71.000 28.250
71.000 28.000
Building 4 5 0.062
70.750 28.250
70.750 28.500
71.000 28.500
71.000 28.250
Building 4 5 0.062
70.750 28.500
70.750 28.750
71.000 28.750
71.000 28.500
Building 4 5 0.062
70.750 28.750
70.750 29.000
71.000 29.000
71.000 28.750
Building 4 5 0.062
70.750 29.000
70.750 29.250
71.000 29.250
71.000 29.000
Building 4 5 0.062
71.000 29.500
71.000 29.250
70.750 29.250
70.750 29.500
Building 4 5 0.062
70.750 30.500
70.750 30.750
71.000 30.750
71.000 30.500
Building 4 5 0.062
70.750 30.750
70.750 31.000
71.000 31.000
71.000 30.750
Building 4 5 0.062
70.750 31.000
70.750 31.250
71.000 31.250
71.000 31.000
Building 4 5 0.062
70.750 31.250
70.750 31.500
71.000 31.500
71.000 31.250
Building 4 5 0.062
70.750 31.500
70.750 31.750
71.000 31.750
71.000 31.500
Building 4 5 0.062
70.750 31.750
70.750 32.000
71.000 32.000
71.000 31.750
Building 4 5 0.062
70.750 32.000
70.750 32.250
71.000 32.250
71.000 32.000
Building 4 5 0.062
71.000 32.500
71.000 32.250
70.750 32.250
70.750 32.500
Building 4 5 0.062
71.000 27.500
71.000 27.750
71.250 27.750
71.250 27.500
Building 4 5 0.062
71.000 27.750
71.000 28.000
71.250 28.000
71.250 27.750
Building 4 5 0.062
71.000 28.000
71.000 28.250
71.250 28.250
71.250 28.000
Building 4 5 0.062
71.000 28.250
71.000 28.500
71.250 28.500
71.250 28.250
Building 4 5 0.062
71.000 28.500
71.000 28.750
71.250 28.750
71.250 28.500
Building 4 5 0.062
71.000 28.750
71.000 29.000
71.250 29.000
71.250 28.750
Building 4 5 0.062
71.000 29.000
71.000 29.250
71.250 29.250
71.250 29.000
Building 4 5 0.062
71.250 29.500
71.250 29.250
71.000 29.250
71.000 29.500
Building 4 5 0.062
71.000 30.500
71.000 30.750
71.250 30.750
71.250 30.500
Building 4 5 0.062
71.000 30.750
71.000 31.000
71.250 31.000
71.250 30.750
Building 4 5 0.062
71.000 31.000
71.000 31.250
71.250 31.250
71.250 31.000
Building 4 5 0.062
71.000 31.250
71.000 31.500
71.250 31.500
71.250 31.250
Building 4 5 0.062
71.000 31.500
71.000 31.750
71.250 31.750
71.250 31.500
Building 4 5 0.062
71.000 31.750
71.000 32.000
71.250 32.000
71.250 31.750
Building 4 5 0.062
71.000 32.000
71.000 32.250
71.250 32.250
71.250 32.000
Building 4 5 0.062
71.250 32.500
71.250 32.250
71.000 32.250
71.000 32.500
Building 4 5 0.062
71.250 27.500
71.250 27.750
71.500 27.750
71.500 27.500
Building 4 5 0.062
71.250 27.750
71.250 28.000
71.500 28.000
71.500 27.750
Building 4 5 0.062
71.250 28.000
71.250 28.250
71.500 28.250
71.500 28.000
Building 4 5 0.062
71.250 28.250
71.250 28.500
71.500 28.500
71.500 28.250
Building 4 5 0.062
71.250 28.500
71.250 28.750
71.500 28.750
71.500 28.500
Building 4 5 0.062
71.250 28.750
71.250 29.000
71.500 29.000
71.500 28.750
Building 4 5 0.062
71.250 29.000
71.250 29.250
71.500 29.250
71.500 29.000
Building 4 5 0.062
71.500 29.500
71.500 29.250
71.250 29.250
71.250 29.500
Building 4 5 0.062
71.250 30.500
71.250 30.750
71.500 30.750
71.500 30.500
Building 4 5 0.062
71.250 30.750
71.250 31.000
71.500 31.000
71.500 30.750
Building 4 5 0.062
71.250 31.000
71.250 31.250
71.500 31.250
71.500 31.000
Building 4 5 0.062
71.250 31.250
71.250 31.500
71.500 31.500
71.500 31.250
Building 4 5 0.062
71.250 31.500
71.250 31.750
71.500 31.750
71.500 31.500
Building 4 5 0.062
71.250 31.750
71.250 32.000
71.500 32.000
71.500 31.750
Building 4 5 0.062
71.250 32.000
71.250 32.250
71.500 32.250
71.500 32.000
Building 4 5 0.062
71.500 32.500
71.500 32.250
71.250 32.250
71.250 32.500
Building 4 5 0.062
71.500 27.500
71.500 27.750
71.750 27.750
71.750 27.500
Building 4 5 0.062
71.500 27.750
71.500 28.000
71.750 28.000
71.750 27.750
Building 4 5 0.062
71.500 28.000
71.500 28.250
71.750 28.250
71.750 28.000
Building 4 5 0.062
71.500 28.250
71.500 28.500
71.750 28.500
71.750 28.250
Building 4 5 0.062
71.500 28.500
71.500 28.750
71.750 28.750
71.750 28.500
Building 4 5 0.062
71.500 28.750
71.500 29.000
71.750 29.000
71.750 28.750
Building 4 5 0.062
71.500 29.000
71.500 29.250
71.750 29.250
71.750 29.000
Building 4 5 0.062
71.750 29.500
71.750 29.250
71.500 29.250
71.500 29.500
Building 4 5 0.062
71.500 30.500
71.500 30.750
71.750 30.750
71.750 30.500
Building 4 5 0.062
71.500 30.750
71.500 31.000
71.750 31.000
71.750 30.750
Building 4 5 0.062
71.500 31.000
71.500 31.250
71.750 31.250
71.750 31.000
Building 4 5 0.062
71.500 31.250
71.500 31.500
71.750 31.500
71.750 31.250
Building 4 5 0.062
71.500 31.500
71.500 31.750
71.750 31.750
71.750 31.500
Building 4 5 0.062
71.500 31.750
71.500 32.000
71.750 32.000
71.750 31.750
Building 4 5 0.062
71.500 32.000
71.500 32.250
71.750 32.250
71.750 32.000
Building 4 5 0.062
71.750 32.500
71.750 32.250
71.500 32.250
71.500 32.500
Building 4 5 0.062
71.750 27.500
71.750 27.750
72.000 27.750
72.000 27.500
Building 4 5 0.062
71.750 27.750
71.750 28.000
72.000 28.000
72.000 27.750
Building 4 5 0.062
71.750 28.000
71.750 28.250
72.000 28.250
72.000 28.000
Building 4 5 0.062
71.750 28.250
71.750 28.500
72.000 28.500
72.000 28.250
Building 4 5 0.062
71.750 28.500
71.750 28.750
72.000 28.750
72.000 28.500
Building 4 5 0.062
71.750 28.750
71.750 29.000
72.000 29.000
72.000 28.750
Building 4 5 0.062
71.750 29.000
71.750 29.250
72.000 29.250
72.000 29.000
Building 4 5 0.062
72.000 29.500
72.000 29.250
71.750 29.250
71.750 29.500
Building 4 5 0.062
71.750 30.500
71.750 30.750
72.000 30.750
72.000 30.500
Building 4 5 0.062
71.750 30.750
71.750 31.000
72.000 31.000
72.000 30.750
Building 4 5 0.062
71.750 31.000
71.750 31.250
72.000 31.250
72.000 31.000
Building 4 5 0.062
71.750 31.250
71.750 31.500
72.000 31.500
72.000 31.250
Building 4 5 0.062
71.750 31.500
71.750 31.750
72.000 31.750
72.000 31.500
Building 4 5 0.062
71.750 31.750
71.750 32.000
72.000 32.000
72.000 31.750
Building 4 5 0.062
71.750 32.000
71.750 32.250
72.000 32.250
72.000 32.000
Building 4 5 0.062
72.000 32.500
72.000 32.250
71.750 32.250
71.750 32.500
Building 4 5 0.062
72.000 27.500
72.000 27.750
72.250 27.750
72.250 27.500
Building 4 5 0.062
72.000 27.750
72.000 28.000
72.250 28.000
72.250 27.750
Building 4 5 0.062
72.000 28.000
72.000 28.250
72.250 28.250
72.250 28.000
Building 4 5 0.062
72.000 28.250
72.000 28.500
72.250 28.500
72.250 28.250
Building 4 5 0.062
72.000 28.500
72.000 28.750
72.250 28.750
72.250 28.500
Building 4 5 0.062
72.000 28.750
72.000 29.000
72.250 29.000
72.250 28.750
Building 4 5 0.062
72.000 29.000
72.000 29.250
72.250 29.250
72.250 29.000
Building 4 5 0.062
72.250 29.500
72.250 29.250
72.000 29.250
72.000 29.500
Building 4 5 0.062
72.000 30.500
72.000 30.750
72.250 30.750
72.250 30.500
Building 4 5 0.062
72.000 30.750
72.000 31.000
72.250 31.000
72.250 30.750
Building 4 5 0.062
72.000 31.000
72.000 31.250
72.250 31.250
72.250 31.000
Building 4 5 0.062
72.000 31.250
72.000 31.500
72.250 31.500
72.250 31.250
Building 4 5 0.062
72.000 31.500
72.000 31.750
72.250 31.750
72.250 31.500
Building 4 5 0.062
72.000 31.750
72.000 32.000
72.250 32.000
72.250 31.750
Building 4 5 0.062
72.000 32.000
72.000 32.250
72.250 32.250
72.250 32.000
Building 4 5 0.062
72.250 32.500
72.250 32.250
72.000 32.250
72.000 32.500
Building 4 5 0.062
72.250 27.500
72.250 27.750
72.500 27.750
72.500 27.500
Building 4 5 0.062
72.250 27.750
72.250 28.000
72.500 28.000
72.500 27.750
Building 4 5 0.062
72.250 28.000
72.250 28.250
72.500 28.250
72.500 28.000
Building 4 5 0.062
72.250 28.250
72.250 28.500
72.500 28.500
72.500 28.250
Building 4 5 0.062
72.250 28.500
72.250 28.750
72.500 28.750
72.500 28.500
Building 4 5 0.062
72.250 28.750
72.250 29.000
72.500 29.000
72.500 28.750
Building 4 5 0.062
72.250 29.000
72.250 29.250
72.500 29.250
72.500 29.000
Building 4 5 0.062
72.500 29.500
72.500 29.250
72.250 29.250
72.250 29.500
Building 4 5 0.062
72.250 30.500
72.250 30.750
72.500 30.750
72.500 30.500
Building 4 5 0.062
72.250 30.750
72.250 31.000
72.500 31.000
72.500 30.750
Building 4 5 0.062
72.250 31.000
72.250 31.250
72.500 31.250
72.500 31.000
Building 4 5 0.062
72.250 31.250
72.250 31.500
72.500 31.500
72.500 31.250
Building 4 5 0.062
72.250 31.500
72.250 31.750
72.500 31.750
72.500 31.500
Building 4 5 0.062
72.250 31.750
72.250 32.000
72.500 32.000
72.500 31.750
Building 4 5 0.062
72.250 32.000
72.250 32.250
72.500 32.250
72.500 32.000
Building 4 5 0.062
72.500 32.500
72.500 32.250
72.250 32.250
72.250 32.500
Building 4 5 0.062
72.500 27.500
72.500 27.750
72.750 27.750
72.750 27.500
Building 4 5 0.062
72.500 27.750
72.500 28.000
72.750 28.000
72.750 27.750
Building 4 5 0.062
72.500 28.000
72.500 28.250
72.750 28.250
72.750 28.000
Building 4 5 0.062
72.500 28.250
72.500 28.500
72.750 28.500
72.750 28.250
Building 4 5 0.062
72.500 28.500
72.500 28.750
72.750 28.750
72.750 28.500
Building 4 5 0.062
72.500 28.750
72.500 29.000
72.750 29.000
72.750 28.750
Building 4 5 0.062
72.500 29.000
72.500 29.250
72.750 29.250
72.750 29.000
Building 4 5 0.062
72.750 29.500
72.750 29.250
72.500 29.250
72.500 29.500
Building 4 5 0.062
72.500 30.500
72.500 30.750
72.750 30.750
72.750 30.500
Building 4 5 0.062
72.500 30.750
72.500 31.000
72.750 31.000
72.750 30.750
Building 4 5 0.062
72.500 31.000
72.500 31.250
72.750 31.250
72.750 31.000
Building 4 5 0.062
72.500 31.250
72.500 31.500
72.750 31.500
72.750 31.250
Building 4 5 0.062
72.500 31.500
72.500 31.750
72.750 31.750
72.750 31.500
Building 4 5 0.062
72.500 31.750
72.500 32.000
72.750 32.000
72.750 31.750
Building 4 5 0.062
72.500 32.000
72.500 32.250
72.750 32.250
72.750 32.000
Building 4 5 0.062
72.750 32.500
72.750 32.250
72.500 32.250
72.500 32.500
Building 4 5 0.062
72.750 27.500
72.750 27.750
73.000 27.750
73.000 27.500
Building 4 5 0.062
72.750 27.750
72.750 28.000
73.000 28.000
73.000 27.750
Building 4 5 0.062
72.750 28.000
72.750 28.250
73.000 28.250
73.000 28.000
Building 4 5 0.062
72.750 28.250
72.750 28.500
73.000 28.500
73.000 28.250
Building 4 5 0.062
72.750 28.500
72.750 28.750
73.000 28.750
73.000 28.500
Building 4 5 0.062
72.750 28.750
72.750 29.000
73.000 29.000
73.000 28.750
Building 4 5 0.062
72.750 29.000
72.750 29.250
73.000 29.250
73.000 29.000
Building 4 5 0.062
73.000 29.500
73.000 29.250
72.750 29.250
72.750 29.500
Building 4 5 0.062
72.750 30.500
72.750 30.750
73.000 30.750
73.000 30.500
Building 4 5 0.062
72.750 30.750
72.750 31.000
73.000 31.000
73.000 30.750
Building 4 5 0.062
72.750 31.000
72.750 31.250
73.000 31.250
73.000 31.000
Building 4 5 0.062
72.750 31.250
72.750 31.500
73.000 31.500
73.000 31.250
Building 4 5 0.062
72.750 31.500
72.750 31.750
73.000 31.750
73.000 31.500
Building 4 5 0.062
72.750 31.750
72.750 32.000
73.000 32.000
73.000 31.750
Building 4 5 0.062
72.750 32.000
72.750 32.250
73.000 32.250
73.000 32.000
Building 4 5 0.062
73.000 32.500
73.000 32.250
72.750 32.250
72.750 32.500
Building 4 5 0.062
73.000 27.500
73.000 27.750
73.250 27.750
73.250 27.500
Building 4 5 0.062
73.000 27.750
73.000 28.000
73.250 28.000
73.250 27.750
Building 4 5 0.062
73.000 28.000
73.000 28.250
73.250 28.250
73.250 28.000
Building 4 5 0.062
73.000 28.250
73.000 28.500
73.250 28.500
73.250 28.250
Building 4 5 0.062
73.000 28.500
73.000 28.750
73.250 28.750
73.250 28.500
Building 4 5 0.062
73.000 28.750
73.000 29.000
73.250 29.000
73.250 28.750
Building 4 5 0.062
73.000 29.000
73.000 29.250
73.250 29.250
73.250 29.000
Building 4 5 0.062
73.250 29.500
73.250 29.250
73.000 29.250
73.000 29.500
Building 4 5 0.062
73.000 30.500
73.000 30.750
73.250 30.750
73.250 30.500
Building 4 5 0.062
73.000 30.750
73.000 31.000
73.250 31.000
73.250 30.750
Building 4 5 0.062
73.000 31.000
73.000 31.250
73.250 31.250
73.250 31.000
Building 4 5 0.062
73.000 31.250
73.000 31.500
73.250 31.500
73.250 31.250
Building 4 5 0.062
73.000 31.500
73.000 31.750
73.250 31.750
73.250 31.500
Building 4 5 0.062
73.000 31.750
73.000 32.000
73.250 32.000
73.250 31.750
Building 4 5 0.062
73.000 32.000
73.000 32.250
73.250 32.250
73.250 32.000
Building 4 5 0.062
73.250 32.500
73.250 32.250
73.000 32.250
73.000 32.500
Building 4 5 0.062
73.250 27.500
73.250 27.750
73.500 27.750
73.500 27.500
Building 4 5 0.062
73.250 27.750
73.250 28.000
73.500 28.000
73.500 27.750
Building 4 5 0.062
73.250 28.000
73.250 28.250
73.500 28.250
73.500 28.000
Building 4 5 0.062
73.250 28.250
73.250 28.500
73.500 28.500
73.500 28.250
Building 4 5 0.062
73.250 28.500
73.250 28.750
73.500 28.750
73.500 28.500
Building 4 5 0.062
73.250 28.750
73.250 29.000
73.500 29.000
73.500 28.750
Building 4 5 0.062
73.250 29.000
73.250 29.250
73.500 29.250
73.500 29.000
Building 4 5 0.062
73.500 29.500
73.500 29.250
73.250 29.250
73.250 29.500
Building 4 5 0.062
73.250 30.500
73.250 30.750
73.500 30.750
73.500 30.500
Building 4 5 0.062
73.250 30.750
73.250 31.000
73.500 31.000
73.500 30.750
Building 4 5 0.062
73.250 31.000
73.250 31.250
73.500 31.250
73.500 31.000
Building 4 5 0.062
73.250 31.250
73.250 31.500
73.500 31.500
73.500 31.250
Building 4 5 0.062
73.250 31.500
73.250 31.750
73.500 31.750
73.500 31.500
Building 4 5 0.062
73.250 31.750
73.250 32.000
73.500 32.000
73.500 31.750
Building 4 5 0.062
73.250 32.000
73.250 32.250
73.500 32.250
73.500 32.000
Building 4 5 0.062
73.500 32.500
73.500 32.250
73.250 32.250
73.250 32.500
Building 4 5 0.062
73.500 27.500
73.500 27.750
73.750 27.750
73.750 27.500
Building 4 5 0.062
73.500 27.750
73.500 28.000
73.750 28.000
73.750 27.750
Building 4 5 0.062
73.500 28.000
73.500 28.250
73.750 28.250
73.750 28.000
Building 4 5 0.062
73.500 28.250
73.500 28.500
73.750 28.500
73.750 28.250
Building 4 5 0.062
73.500 28.500
73.500 28.750
73.750 28.750
73.750 28.500
Building 4 5 0.062
73.500 28.750
73.500 29.000
73.750 29.000
73.750 28.750
Building 4 5 0.062
73.500 29.000
73.500 29.250
73.750 29.250
73.750 29.000
Building 4 5 0.062
73.750 29.500
73.750 29.250
73.500 29.250
73.500 29.500
Building 4 5 0.062
73.500 30.500
73.500 30.750
73.750 30.750
73.750 30.500
Building 4 5 0.062
73.500 30.750
73.500 31.000
73.750 31.000
73.750 30.750
Building 4 5 0.062
73.500 31.000
73.500 31.250
73.750 31.250
73.750 31.000
Building 4 5 0.062
73.500 31.250
73.500 31.500
73.750 31.500
73.750 31.250
Building 4 5 0.062
73.500 31.500
73.500 31.750
73.750 31.750
73.750 31.500
Building 4 5 0.062
73.500 31.750
73.500 32.000
73.750 32.000
73.750 31.750
Building 4 5 0.062
73.500 32.000
73.500 32.250
73.750 32.250
73.750 32.000
Building 4 5 0.062
73.750 32.500
73.750 32.250
73.500 32.250
73.500 32.500
Building 4 5 0.062
73.750 27.500
73.750 27.750
74.000 27.750
74.000 27.500
Building 4 5 0.062
73.750 27.750
73.750 28.000
74.000 28.000
74.000 27.750
Building 4 5 0.062
73.750 28.000
73.750 28.250
74.000 28.250
74.000 28.000
Building 4 5 0.062
73.750 28.250
73.750 28.500
74.000 28.500
74.000 28.250
Building 4 5 0.062
73.750 28.500
73.750 28.750
74.000 28.750
74.000 28.500
Building 4 5 0.062
73.750 28.750
73.750 29.000
74.000 29.000
74.000 28.750
Building 4 5 0.062
73.750 29.000
73.750 29.250
74.000 29.250
74.000 29.000
Building 4 5 0.062
74.000 29.500
74.000 29.250
73.750 29.250
73.750 29.500
Building 4 5 0.062
73.750 30.500
73.750 30.750
74.000 30.750
74.000 30.500
Building 4 5 0.062
73.750 30.750
73.750 31.000
74.000 31.000
74.000 30.750
Building 4 5 0.062
73.750 31.000
73.750 31.250
74.000 31.250
74.000 31.000
Building 4 5 0.062
73.750 31.250
73.750 31.500
74.000 31.500
74.000 31.250
Building 4 5 0.062
73.750 31.500
73.750 31.750
74.000 31.750
74.000 31.500
Building 4 5 0.062
73.750 31.750
73.750 32.000
74.000 32.000
74.000 31.750
Building 4 5 0.062
73.750 32.000
73.750 32.250
74.000 32.250
74.000 32.000
Building 4 5 0.062
74.000 32.500
74.000 32.250
73.750 32.250
73.750 32.500
Building 4 5 0.062
74.000 27.500
74.000 27.750
74.250 27.750
74.250 27.500
Building 4 5 0.062
74.000 27.750
74.000 28.000
74.250 28.000
74.250 27.750
Building 4 5 0.062
74.000 28.000
74.000 28.250
74.250 28.250
74.250 28.000
Building 4 5 0.062
74.000 28.250
74.000 28.500
74.250 28.500
74.250 28.250
Building 4 5 0.062
74.000 28.500
74.000 28.750
74.250 28.750
74.250 28.500
Building 4 5 0.062
74.000 28.750
74.000 29.000
74.250 29.000
74.250 28.750
Building 4 5 0.062
74.000 29.000
74.000 29.250
74.250 29.250
74.250 29.000
Building 4 5 0.062
74.250 29.500
74.250 29.250
74.000 29.250
74.000 29.500
Building 4 5 0.062
74.000 30.500
74.000 30.750
74.250 30.750
74.250 30.500
Building 4 5 0.062
74.000 30.750
74.000 31.000
74.250 31.000
74.250 30.750
Building 4 5 0.062
74.000 31.000
74.000 31.250
74.250 31.250
74.250 31.000
Building 4 5 0.062
74.000 31.250
74.000 31.500
74.250 31.500
74.250 31.250
Building 4 5 0.062
74.000 31.500
74.000 31.750
74.250 31.750
74.250 31.500
Building 4 5 0.062
74.000 31.750
74.000 32.000
74.250 32.000
74.250 31.750
Building 4 5 0.062
74.000 32.000
74.000 32.250
74.250 32.250
74.250 32.000
Building 4 5 0.062
74.250 32.500
74.250 32.250
74.000 32.250
74.000 32.500
Building 4 5 0.062
74.250 27.500
74.250 27.750
74.500 27.750
74.500 27.500
Building 4 5 0.062
74.250 27.750
74.250 28.000
74.500 28.000
74.500 27.750
Building 4 5 0.062
74.250 28.000
74.250 28.250
74.500 28.250
74.500 28.000
Building 4 5 0.062
74.250 28.250
74.250 28.500
74.500 28.500
74.500 28.250
Building 4 5 0.062
74.250 28.500
74.250 28.750
74.500 28.750
74.500 28.500
Building 4 5 0.062
74.250 28.750
74.250 29.000
74.500 29.000
74.500 28.750
Building 4 5 0.062
74.250 29.000
74.250 29.250
74.500 29.250
74.500 29.000
Building 4 5 0.062
74.500 29.500
74.500 29.250
74.250 29.250
74.250 29.500
Building 4 5 0.062
74.250 30.500
74.250 30.750
74.500 30.750
74.500 30.500
Building 4 5 0.062
74.250 30.750
74.250 31.000
74.500 31.000
74.500 30.750
Building 4 5 0.062
74.250 31.000
74.250 31.250
74.500 31.250
74.500 31.000
Building 4 5 0.062
74.250 31.250
74.250 31.500
74.500 31.500
74.500 31.250
Building 4 5 0.062
74.250 31.500
74.250 31.750
74.500 31.750
74.500 31.500
Building 4 5 0.062
74.250 31.750
74.250 32.000
74.500 32.000
74.500 31.750
Building 4 5 0.062
74.250 32.000
74.250 32.250
74.500 32.250
74.500 32.000
Building 4 5 0.062
74.500 32.500
74.500 32.250
74.250 32.250
74.250 32.500
Building 4 5 0.062
74.500 27.500
74.500 27.750
74.750 27.750
74.750 27.500
Building 4 5 0.062
74.500 27.750
74.500 28.000
74.750 28.000
74.750 27.750
Building 4 5 0.062
74.500 28.000
74.500 28.250
74.750 28.250
74.750 28.000
Building 4 5 0.062
74.500 28.250
74.500 28.500
74.750 28.500
74.750 28.250
Building 4 5 0.062
74.500 28.500
74.500 28.750
74.750 28.750
74.750 28.500
Building 4 5 0.062
74.500 28.750
74.500 29.000
74.750 29.000
74.750 28.750
Building 4 5 0.062
74.500 29.000
74.500 29.250
74.750 29.250
74.750 29.000
Building 4 5 0.062
74.750 29.500
74.750 29.250
74.500 29.250
74.500 29.500
Building 4 5 0.062
74.500 30.500
74.500 30.750
74.750 30.750
74.750 30.500
Building 4 5 0.062
74.500 30.750
74.500 31.000
74.750 31.000
74.750 30.750
Building 4 5 0.062
74.500 31.000
74.500 31.250
74.750 31.250
74.750 31.000
Building 4 5 0.062
74.500 31.250
74.500 31.500
74.750 31.500
74.750 31.250
Building 4 5 0.062
74.500 31.500
74.500 31.750
74.750 31.750
74.750 31.500
Building 4 5 0.062
74.500 31.750
74.500 32.000
74.750 32.000
74.750 31.750
Building 4 5 0.062
74.500 32.000
74.500 32.250
74.750 32.250
74.750 32.000
Building 4 5 0.062
74.750 32.500
74.750 32.250
74.500 32.250
74.500 32.500
Building 4 5 0.062
74.750 27.500
74.750 27.750
75.000 27.750
75.000 27.500
Building 4 5 0.062
74.750 27.750
74.750 28.000
75.000 28.000
75.000 27.750
Building 4 5 0.062
74.750 28.000
74.750 28.250
75.000 28.250
75.000 28.000
Building 4 5 0.062
74.750 28.250
74.750 28.500
75.000 28.500
75.000 28.250
Building 4 5 0.062
74.750 28.500
74.750 28.750
75.000 28.750
75.000 28.500
Building 4 5 0.062
74.750 28.750
74.750 29.000
75.000 29.000
75.000 28.750
Building 4 5 0.062
74.750 29.000
74.750 29.250
75.000 29.250
75.000 29.000
Building 4 5 0.062
75.000 29.500
75.000 29.250
74.750 29.250
74.750 29.500
Building 4 5 0.062
74.750 30.500
74.750 30.750
75.000 30.750
75.000 30.500
Building 4 5 0.062
74.750 30.750
74.750 31.000
75.000 31.000
75.000 30.750
Building 4 5 0.062
74.750 31.000
74.750 31.250
75.000 31.250
75.000 31.000
Building 4 5 0.062
74.750 31.250
74.750 31.500
75.000 31.500
75.000 31.250
Building 4 5 0.062
74.750 31.500
74.750 31.750
75.000 31.750
75.000 31.500
Building 4 5 0.062
74.750 31.750
74.750 32.000
75.000 32.000
75.000 31.750
Building 4 5 0.062
74.750 32.000
74.750 32.250
75.000 32.250
75.000 32.000
Building 4 5 0.062
75.000 32.500
75.000 32.250
74.750 32.250
74.750 32.500
Building 4 5 0.062
75.000 27.500
75.000 27.750
75.250 27.750
75.250 27.500
Building 4 5 0.062
75.000 27.750
75.000 28.000
75.250 28.000
75.250 27.750
Building 4 5 0.062
75.000 28.000
75.000 28.250
75.250 28.250
75.250 28.000
Building 4 5 0.062
75.000 28.250
75.000 28.500
75.250 28.500
75.250 28.250
Building 4 5 0.062
75.000 28.500
75.000 28.750
75.250 28.750
75.250 28.500
Building 4 5 0.062
75.000 28.750
75.000 29.000
75.250 29.000
75.250 28.750
Building 4 5 0.062
75.000 29.000
75.000 29.250
75.250 29.250
75.250 29.000
Building 4 5 0.062
75.250 29.500
75.250 29.250
75.000 29.250
75.000 29.500
Building 4 5 0.062
75.000 30.500
75.000 30.750
75.250 30.750
75.250 30.500
Building 4 5 0.062
75.000 30.750
75.000 31.000
75.250 31.000
75.250 30.750
Building 4 5 0.062
75.000 31.000
75.000 31.250
75.250 31.250
75.250 31.000
Building 4 5 0.062
75.000 31.250
75.000 31.500
75.250 31.500
75.250 31.250
Building 4 5 0.062
75.000 31.500
75.000 31.750
75.250 31.750
75.250 31.500
Building 4 5 0.062
75.000 31.750
75.000 32.000
75.250 32.000
75.250 31.750
Building 4 5 0.062
75.000 32.000
75.000 32.250
75.250 32.250
75.250 32.000
Building 4 5 0.062
75.250 32.500
75.250 32.250
75.000 32.250
75.000 32.500
Building 4 5 0.062
75.250 27.500
75.250 27.750
75.500 27.750
75.500 27.500
Building 4 5 0.062
75.250 27.750
75.250 28.000
75.500 28.000
75.500 27.750
Building 4 5 0.062
75.250 28.000
75.250 28.250
75.500 28.250
75.500 28.000
Building 4 5 0.062
75.250 28.250
75.250 28.500
75.500 28.500
75.500 28.250
Building 4 5 0.062
75.250 28.500
75.250 28.750
75.500 28.750
75.500 28.500
Building 4 5 0.062
75.250 28.750
75.250 29.000
75.500 29.000
75.500 28.750
Building 4 5 0.062
75.250 29.000
75.250 29.250
75.500 29.250
75.500 29.000
Building 4 5 0.062
75.500 29.500
75.500 29.250
75.250 29.250
75.250 29.500
Building 4 5 0.062
75.250 30.500
75.250 30.750
75.500 30.750
75.500 30.500
Building 4 5 0.062
75.250 30.750
75.250 31.000
75.500 31.000
75.500 30.750
Building 4 5 0.062
75.250 31.000
75.250 31.250
75.500 31.250
75.500 31.000
Building 4 5 0.062
75.250 31.250
75.250 31.500
75.500 31.500
75.500 31.250
Building 4 5 0.062
75.250 31.500
75.250 31.750
75.500 31.750
75.500 31.500
Building 4 5 0.062
75.250 31.750
75.250 32.000
75.500 32.000
75.500 31.750
Building 4 5 0.062
75.250 32.000
75.250 32.250
75.500 32.250
75.500 32.000
Building 4 5 0.062
75.500 32.500
75.500 32.250
75.250 32.250
75.250 32.500
Building 4 5 0.062
75.500 27.500
75.500 27.750
75.750 27.750
75.750 27.500
Building 4 5 0.062
75.500 27.750
75.500 28.000
75.750 28.000
75.750 27.750
Building 4 5 0.062
75.500 28.000
75.500 28.250
75.750 28.250
75.750 28.000
Building 4 5 0.062
75.500 28.250
75.500 28.500
75.750 28.500
75.750 28.250
Building 4 5 0.062
75.500 28.500
75.500 28.750
75.750 28.750
75.750 28.500
Building 4 5 0.062
75.500 28.750
75.500 29.000
75.750 29.000
75.750 28.750
Building 4 5 0.062
75.500 29.000
75.500 29.250
75.750 29.250
75.750 29.000
Building 4 5 0.062
75.750 29.500
75.750 29.250
75.500 29.250
75.500 29.500
Building 4 5 0.062
75.500 30.500
75.500 30.750
75.750 30.750
75.750 30.500
Building 4 5 0.062
75.500 30.750
75.500 31.000
75.750 31.000
75.750 30.750
Building 4 5 0.062
75.500 31.000
75.500 31.250
75.750 31.250
75.750 31.000
Building 4 5 0.062
75.500 31.250
75.500 31.500
75.750 31.500
75.750 31.250
Building 4 5 0.062
75.500 31.500
75.500 31.750
75.750 31.750
75.750 31.500
Building 4 5 0.062
75.500 31.750
75.500 32.000
75.750 32.000
75.750 31.750
Building 4 5 0.062
75.500 32.000
75.500 32.250
75.750 32.250
75.750 32.000
Building 4 5 0.062
75.750 32.500
75.750 32.250
75.500 32.250
75.500 32.500
Building 4 5 0.062
75.750 27.500
75.750 27.750
76.000 27.750
76.000 27.500
Building 4 5 0.062
75.750 27.750
75.750 28.000
76.000 28.000
76.000 27.750
Building 4 5 0.062
75.750 28.000
75.750 28.250
76.000 28.250
76.000 28.000
Building 4 5 0.062
75.750 28.250
75.750 28.500
76.000 28.500
76.000 28.250
Building 4 5 0.062
75.750 28.500
75.750 28.750
76.000 28.750
76.000 28.500
Building 4 5 0.062
75.750 28.750
75.750 29.000
76.000 29.000
76.000 28.750
Building 4 5 0.062
75.750 29.000
75.750 29.250
76.000 29.250
76.000 29.000
Building 4 5 0.062
76.000 29.500
76.000 29.250
75.750 29.250
75.750 29.500
Building 4 5 0.062
75.750 30.500
75.750 30.750
76.000 30.750
76.000 30.500
Building 4 5 0.062
75.750 30.750
75.750 31.000
76.000 31.000
76.000 30.750
Building 4 5 0.062
75.750 31.000
75.750 31.250
76.000 31.250
76.000 31.000
Building 4 5 0.062
75.750 31.250
75.750 31.500
76.000 31.500
76.000 31.250
Building 4 5 0.062
75.750 31.500
75.750 31.750
76.000 31.750
76.000 31.500
Building 4 5 0.062
75.750 31.750
75.750 32.000
76.000 32.000
76.000 31.750
Building 4 5 0.062
75.750 32.000
75.750 32.250
76.000 32.250
76.000 32.000
Building 4 5 0.062
76.000 32.500
76.000 32.250
75.750 32.250
75.750 32.500
Building 4 5 0.062
76.000 27.500
76.000 27.750
76.250 27.750
76.250 27.500
Building 4 5 0.062
76.000 27.750
76.000 28.000
76.250 28.000
76.250 27.750
Building 4 5 0.062
76.000 28.000
76.000 28.250
76.250 28.250
76.250 28.000
Building 4 5 0.062
76.000 28.250
76.000 28.500
76.250 28.500
76.250 28.250
Building 4 5 0.062
76.000 28.500
76.000 28.750
76.250 28.750
76.250 28.500
Building 4 5 0.062
76.000 28.750
76.000 29.000
76.250 29.000
76.250 28.750
Building 4 5 0.062
76.000 29.000
76.000 29.250
76.250 29.250
76.250 29.000
Building 4 5 0.062
76.250 29.500
76.250 29.250
76.000 29.250
76.000 29.500
Building 4 5 0.062
76.000 30.500
76.000 30.750
76.250 30.750
76.250 30.500
Building 4 5 0.062
76.000 30.750
76.000 31.000
76.250 31.000
76.250 30.750
Building 4 5 0.062
76.000 31.000
76.000 31.250
76.250 31.250
76.250 31.000
Building 4 5 0.062
76.000 31.250
76.000 31.500
76.250 31.500
76.250 31.250
Building 4 5 0.062
76.000 31.500
76.000 31.750
76.250 31.750
76.250 31.500
Building 4 5 0.062
76.000 31.750
76.000 32.000
76.250 32.000
76.250 31.750
Building 4 5 0.062
76.000 32.000
76.000 32.250
76.250 32.250
76.250 32.000
Building 4 5 0.062
76.250 32.500
76.250 32.250
76.000 32.250
76.000 32.500
Building 4 5 0.062
76.250 27.500
76.250 27.750
76.500 27.750
76.500 27.500
Building 4 5 0.062
76.250 27.750
76.250 28.000
76.500 28.000
76.500 27.750
Building 4 5 0.062
76.250 28.000
76.250 28.250
76.500 28.250
76.500 28.000
Building 4 5 0.062
76.250 28.250
76.250 28.500
76.500 28.500
76.500 28.250
Building 4 5 0.062
76.250 28.500
76.250 28.750
76.500 28.750
76.500 28.500
Building 4 5 0.062
76.250 28.750
76.250 29.000
76.500 29.000
76.500 28.750
Building 4 5 0.062
76.250 29.000
76.250 29.250
76.500 29.250
76.500 29.000
Building 4 5 0.062
76.500 29.500
76.500 29.250
76.250 29.250
76.250 29.500
Building 4 5 0.062
76.250 30.500
76.250 30.750
76.500 30.750
76.500 30.500
Building 4 5 0.062
76.250 30.750
76.250 31.000
76.500 31.000
76.500 30.750
Building 4 5 0.062
76.250 31.000
76.250 31.250
76.500 31.250
76.500 31.000
Building 4 5 0.062
76.250 31.250
76.250 31.500
76.500 31.500
76.500 31.250
Building 4 5 0.062
76.250 31.500
76.250 31.750
76.500 31.750
76.500 31.500
Building 4 5 0.062
76.250 31.750
76.250 32.000
76.500 32.000
76.500 31.750
Building 4 5 0.062
76.250 32.000
76.250 32.250
76.500 32.250
76.500 32.000
Building 4 5 0.062
76.500 32.500
76.500 32.250
76.250 32.250
76.250 32.500
Building 4 5 0.062
76.500 27.500
76.500 27.750
76.750 27.750
76.750 27.500
Building 4 5 0.062
76.500 27.750
76.500 28.000
76.750 28.000
76.750 27.750
Building 4 5 0.062
76.500 28.000
76.500 28.250
76.750 28.250
76.750 28.000
Building 4 5 0.062
76.500 28.250
76.500 28.500
76.750 28.500
76.750 28.250
Building 4 5 0.062
76.500 28.500
76.500 28.750
76.750 28.750
76.750 28.500
Building 4 5 0.062
76.500 28.750
76.500 29.000
76.750 29.000
76.750 28.750
Building 4 5 0.062
76.500 29.000
76.500 29.250
76.750 29.250
76.750 29.000
Building 4 5 0.062
76.750 29.500
76.750 29.250
76.500 29.250
76.500 29.500
Building 4 5 0.062
76.500 30.500
76.500 30.750
76.750 30.750
76.750 30.500
Building 4 5 0.062
76.500 30.750
76.500 31.000
76.750 31.000
76.750 30.750
Building 4 5 0.062
76.500 31.000
76.500 31.250
76.750 31.250
76.750 31.000
Building 4 5 0.062
76.500 31.250
76.500 31.500
76.750 31.500
76.750 31.250
Building 4 5 0.062
76.500 31.500
76.500 31.750
76.750 31.750
76.750 31.500
Building 4 5 0.062
76.500 31.750
76.500 32.000
76.750 32.000
76.750 31.750
Building 4 5 0.062
76.500 32.000
76.500 32.250
76.750 32.250
76.750 32.000
Building 4 5 0.062
76.750 32.500
76.750 32.250
76.500 32.250
76.500 32.500
Building 4 5 0.062
76.750 27.500
76.750 27.750
77.000 27.750
77.000 27.500
Building 4 5 0.062
76.750 27.750
76.750 28.000
77.000 28.000
77.000 27.750
Building 4 5 0.062
76.750 28.000
76.750 28.250
77.000 28.250
77.000 28.000
Building 4 5 0.062
76.750 28.250
76.750 28.500
77.000 28.500
77.000 28.250
Building 4 5 0.062
76.750 28.500
76.750 28.750
77.000 28.750
77.000 28.500
Building 4 5 0.062
76.750 28.750
76.750 29.000
77.000 29.000
77.000 28.750
Building 4 5 0.062
76.750 29.000
76.750 29.250
77.000 29.250
77.000 29.000
Building 4 5 0.062
77.000 29.500
77.000 29.250
76.750 29.250
76.750 29.500
Building 4 5 0.062
76.750 30.500
76.750 30.750
77.000 30.750
77.000 30.500
Building 4 5 0.062
76.750 30.750
76.750 31.000
77.000 31.000
77.000 30.750
Building 4 5 0.062
76.750 31.000
76.750 31.250
77.000 31.250
77.000 31.000
Building 4 5 0.062
76.750 31.250
76.750 31.500
77.000 31.500
77.000 31.250
Building 4 5 0.062
76.750 31.500
76.750 31.750
77.000 31.750
77.000 31.500
Building 4 5 0.062
76.750 31.750
76.750 32.000
77.000 32.000
77.000 31.750
Building 4 5 0.062
76.750 32.000
76.750 32.250
77.000 32.250
77.000 32.000
Building 4 5 0.062
77.000 32.500
77.000 32.250
76.750 32.250
76.750 32.500
Building 4 5 0.062
77.000 27.500
77.000 27.750
77.250 27.750
77.250 27.500
Building 4 5 0.062
77.000 27.750
77.000 28.000
77.250 28.000
77.250 27.750
Building 4 5 0.062
77.000 28.000
77.000 28.250
77.250 28.250
77.250 28.000
Building 4 5 0.062
77.000 28.250
77.000 28.500
77.250 28.500
77.250 28.250
Building 4 5 0.062
77.000 28.500
77.000 28.750
77.250 28.750
77.250 28.500
Building 4 5 0.062
77.000 28.750
77.000 29.000
77.250 29.000
77.250 28.750
Building 4 5 0.062
77.000 29.000
77.000 29.250
77.250 29.250
77.250 29.000
Building 4 5 0.062
77.250 29.500
77.250 29.250
77.000 29.250
77.000 29.500
Building 4 5 0.062
77.000 30.500
77.000 30.750
77.250 30.750
77.250 30.500
Building 4 5 0.062
77.000 30.750
77.000 31.000
77.250 31.000
77.250 30.750
Building 4 5 0.062
77.000 31.000
77.000 31.250
77.250 31.250
77.250 31.000
Building 4 5 0.062
77.000 31.250
77.000 31.500
77.250 31.500
77.250 31.250
Building 4 5 0.062
77.000 31.500
77.000 31.750
77.250 31.750
77.250 31.500
Building 4 5 0.062
77.000 31.750
77.000 32.000
77.250 32.000
77.250 31.750
Building 4 5 0.062
77.000 32.000
77.000 32.250
77.250 32.250
77.250 32.000
Building 4 5 0.062
77.250 32.500
77.250 32.250
77.000 32.250
77.000 32.500
Building 4 5 0.062
77.250 27.500
77.250 27.750
77.500 27.750
77.500 27.500
Building 4 5 0.062
77.250 27.750
77.250 28.000
77.500 28.000
77.500 27.750
Building 4 5 0.062
77.250 28.000
77.250 28.250
77.500 28.250
77.500 28.000
Building 4 5 0.062
77.250 28.250
77.250 28.500
77.500 28.500
77.500 28.250
Building 4 5 0.062
77.250 28.500
77.250 28.750
77.500 28.750
77.500 28.500
Building 4 5 0.062
77.250 28.750
77.250 29.000
77.500 29.000
77.500 28.750
Building 4 5 0.062
77.250 29.000
77.250 29.250
77.500 29.250
77.500 29.000
Building 4 5 0.062
77.500 29.500
77.500 29.250
77.250 29.250
77.250 29.500
Building 4 5 0.062
77.250 30.500
77.250 30.750
77.500 30.750
77.500 30.500
Building 4 5 0.062
77.250 30.750
77.250 31.000
77.500 31.000
77.500 30.750
Building 4 5 0.062
77.250 31.000
77.250 31.250
77.500 31.250
77.500 31.000
Building 4 5 0.062
77.250 31.250
77.250 31.500
77.500 31.500
77.500 31.250
Building 4 5 0.062
77.250 31.500
77.250 31.750
77.500 31.750
77.500 31.500
Building 4 5 0.062
77.250 31.750
77.250 32.000
77.500 32.000
77.500 31.750
Building 4 5 0.062
77.250 32.000
77.250 32.250
77.500 32.250
77.500 32.000
Building 4 5 0.062
77.500 32.500
77.500 32.250
77.250 32.250
77.250 32.500
Building 4 5 0.062
77.500 27.500
77.500 27.750
77.750 27.750
77.750 27.500
Building 4 5 0.062
77.500 27.750
77.500 28.000
77.750 28.000
77.750 27.750
Building 4 5 0.062
77.500 28.000
77.500 28.250
77.750 28.250
77.750 28.000
Building 4 5 0.062
77.500 28.250
77.500 28.500
77.750 28.500
77.750 28.250
Building 4 5 0.062
77.500 28.500
77.500 28.750
77.750 28.750
77.750 28.500
Building 4 5 0.062
77.500 28.750
77.500 29.000
77.750 29.000
77.750 28.750
Building 4 5 0.062
77.500 29.000
77.500 29.250
77.750 29.250
77.750 29.000
Building 4 5 0.062
77.750 29.500
77.750 29.250
77.500 29.250
77.500 29.500
Building 4 5 0.062
77.500 30.500
77.500 30.750
77.750 30.750
77.750 30.500
Building 4 5 0.062
77.500 30.750
77.500 31.000
77.750 31.000
77.750 30.750
Building 4 5 0.062
77.500 31.000
77.500 31.250
77.750 31.250
77.750 31.000
Building 4 5 0.062
77.500 31.250
77.500 31.500
77.750 31.500
77.750 31.250
Building 4 5 0.062
77.500 31.500
77.500 31.750
77.750 31.750
77.750 31.500
Building 4 5 0.062
77.500 31.750
77.500 32.000
77.750 32.000
77.750 31.750
Building 4 5 0.062
77.500 32.000
77.500 32.250
77.750 32.250
77.750 32.000
Building 4 5 0.062
77.750 32.500
77.750 32.250
77.500 32.250
77.500 32.500
Building 4 5 0.062
77.750 27.500
77.750 27.750
78.000 27.750
78.000 27.500
Building 4 5 0.062
77.750 27.750
77.750 28.000
78.000 28.000
78.000 27.750
Building 4 5 0.062
77.750 28.000
77.750 28.250
78.000 28.250
78.000 28.000
Building 4 5 0.062
77.750 28.250
77.750 28.500
78.000 28.500
78.000 28.250
Building 4 5 0.062
77.750 28.500
77.750 28.750
78.000 28.750
78.000 28.500
Building 4 5 0.062
77.750 28.750
77.750 29.000
78.000 29.000
78.000 28.750
Building 4 5 0.062
77.750 29.000
77.750 29.250
78.000 29.250
78.000 29.000
Building 4 5 0.062
78.000 29.500
78.000 29.250
77.750 29.250
77.750 29.500
Building 4 5 0.062
77.750 30.500
77.750 30.750
78.000 30.750
78.000 30.500
Building 4 5 0.062
77.750 30.750
77.750 31.000
78.000 31.000
78.000 30.750
Building 4 5 0.062
77.750 31.000
77.750 31.250
78.000 31.250
78.000 31.000
Building 4 5 0.062
77.750 31.250
77.750 31.500
78.000 31.500
78.000 31.250
Building 4 5 0.062
77.750 31.500
77.750 31.750
78.000 31.750
78.000 31.500
Building 4 5 0.062
77.750 31.750
77.750 32.000
78.000 32.000
78.000 31.750
Building 4 5 0.062
77.750 32.000
77.750 32.250
78.000 32.250
78.000 32.000
Building 4 5 0.062
78.000 32.500
78.000 32.250
77.750 32.250
77.750 32.500
Building 4 5 0.062
78.000 27.500
78.000 27.750
78.250 27.750
78.250 27.500
Building 4 5 0.062
78.000 27.750
78.000 28.000
78.250 28.000
78.250 27.750
Building 4 5 0.062
78.000 28.000
78.000 28.250
78.250 28.250
78.250 28.000
Building 4 5 0.062
78.000 28.250
78.000 28.500
78.250 28.500
78.250 28.250
Building 4 5 0.062
78.000 28.500
78.000 28.750
78.250 28.750
78.250 28.500
Building 4 5 0.062
78.000 28.750
78.000 29.000
78.250 29.000
78.250 28.750
Building 4 5 0.062
78.000 29.000
78.000 29.250
78.250 29.250
78.250 29.000
Building 4 5 0.062
78.250 29.500
78.250 29.250
78.000 29.250
78.000 29.500
Building 4 5 0.062
78.000 30.500
78.000 30.750
78.250 30.750
78.250 30.500
Building 4 5 0.062
78.000 30.750
78.000 31.000
78.250 31.000
78.250 30.750
Building 4 5 0.062
78.000 31.000
78.000 31.250
78.250 31.250
78.250 31.000
Building 4 5 0.062
78.000 31.250
78.000 31.500
78.250 31.500
78.250 31.250
Building 4 5 0.062
78.000 31.500
78.000 31.750
78.250 31.750
78.250 31.500
Building 4 5 0.062
78.000 31.750
78.000 32.000
78.250 32.000
78.250 31.750
Building 4 5 0.062
78.000 32.000
78.000 32.250
78.250 32.250
78.250 32.000
Building 4 5 0.062
78.250 32.500
78.250 32.250
78.000 32.250
78.000 32.500
Building 4 5 0.062
78.250 27.500
78.250 27.750
78.500 27.750
78.500 27.500
Building 4 5 0.062
78.250 27.750
78.250 28.000
78.500 28.000
78.500 27.750
Building 4 5 0.062
78.250 28.000
78.250 28.250
78.500 28.250
78.500 28.000
Building 4 5 0.062
78.250 28.250
78.250 28.500
78.500 28.500
78.500 28.250
Building 4 5 0.062
78.250 28.500
78.250 28.750
78.500 28.750
78.500 28.500
Building 4 5 0.062
78.250 28.750
78.250 29.000
78.500 29.000
78.500 28.750
Building 4 5 0.062
78.250 29.000
78.250 29.250
78.500 29.250
78.500 29.000
Building 4 5 0.062
78.500 29.500
78.500 29.250
78.250 29.250
78.250 29.500
Building 4 5 0.062
78.250 30.500
78.250 30.750
78.500 30.750
78.500 30.500
Building 4 5 0.062
78.250 30.750
78.250 31.000
78.500 31.000
78.500 30.750
Building 4 5 0.062
78.250 31.000
78.250 31.250
78.500 31.250
78.500 31.000
Building 4 5 0.062
78.250 31.250
78.250 31.500
78.500 31.500
78.500 31.250
Building 4 5 0.062
78.250 31.500
78.250 31.750
78.500 31.750
78.500 31.500
Building 4 5 0.062
78.250 31.750
78.250 32.000
78.500 32.000
78.500 31.750
Building 4 5 0.062
78.250 32.000
78.250 32.250
78.500 32.250
78.500 32.000
Building 4 5 0.062
78.500 32.500
78.500 32.250
78.250 32.250
78.250 32.500
Building 4 5 0.062
78.500 27.500
78.500 27.750
78.750 27.750
78.750 27.500
Building 4 5 0.062
78.500 27.750
78.500 28.000
78.750 28.000
78.750 27.750
Building 4 5 0.062
78.500 28.000
78.500 28.250
78.750 28.250
78.750 28.000
Building 4 5 0.062
78.500 28.250
78.500 28.500
78.750 28.500
78.750 28.250
Building 4 5 0.062
78.500 28.500
78.500 28.750
78.750 28.750
78.750 28.500
Building 4 5 0.062
78.500 28.750
78.500 29.000
78.750 29.000
78.750 28.750
Building 4 5 0.062
78.500 29.000
78.500 29.250
78.750 29.250
78.750 29.000
Building 4 5 0.062
78.750 29.500
78.750 29.250
78.500 29.250
78.500 29.500
Building 4 5 0.062
78.500 30.500
78.500 30.750
78.750 30.750
78.750 30.500
Building 4 5 0.062
78.500 30.750
78.500 31.000
78.750 31.000
78.750 30.750
Building 4 5 0.062
78.500 31.000
78.500 31.250
78.750 31.250
78.750 31.000
Building 4 5 0.062
78.500 31.250
78.500 31.500
78.750 31.500
78.750 31.250
Building 4 5 0.062
78.500 31.500
78.500 31.750
78.750 31.750
78.750 31.500
Building 4 5 0.062
78.500 31.750
78.500 32.000
78.750 32.000
78.750 31.750
Building 4 5 0.062
78.500 32.000
78.500 32.250
78.750 32.250
78.750 32.000
Building 4 5 0.062
78.750 32.500
78.750 32.250
78.500 32.250
78.500 32.500
Building 4 5 0.062
78.750 27.500
78.750 27.750
79.000 27.750
79.000 27.500
Building 4 5 0.062
78.750 27.750
78.750 28.000
79.000 28.000
79.000 27.750
Building 4 5 0.062
78.750 28.000
78.750 28.250
79.000 28.250
79.000 28.000
Building 4 5 0.062
78.750 28.250
78.750 28.500
79.000 28.500
79.000 28.250
Building 4 5 0.062
78.750 28.500
78.750 28.750
79.000 28.750
79.000 28.500
Building 4 5 0.062
78.750 28.750
78.750 29.000
79.000 29.000
79.000 28.750
Building 4 5 0.062
78.750 29.000
78.750 29.250
79.000 29.250
79.000 29.000
Building 4 5 0.062
79.000 29.500
79.000 29.250
78.750 29.250
78.750 29.500
Building 4 5 0.062
78.750 30.500
78.750 30.750
79.000 30.750
79.000 30.500
Building 4 5 0.062
78.750 30.750
78.750 31.000
79.000 31.000
79.000 30.750
Building 4 5 0.062
78.750 31.000
78.750 31.250
79.000 31.250
79.000 31.000
Building 4 5 0.062
78.750 31.250
78.750 31.500
79.000 31.500
79.000 31.250
Building 4 5 0.062
78.750 31.500
78.750 31.750
79.000 31.750
79.000 31.500
Building 4 5 0.062
78.750 31.750
78.750 32.000
79.000 32.000
79.000 31.750
Building 4 5 0.062
78.750 32.000
78.750 32.250
79.000 32.250
79.000 32.000
Building 4 5 0.062
79.000 32.500
79.000 32.250
78.750 32.250
78.750 32.500
Building 4 5 0.062
79.000 27.500
79.000 27.750
79.250 27.750
79.250 27.500
Building 4 5 0.062
79.000 27.750
79.000 28.000
79.250 28.000
79.250 27.750
Building 4 5 0.062
79.000 28.000
79.000 28.250
79.250 28.250
79.250 28.000
Building 4 5 0.062
79.000 28.250
79.000 28.500
79.250 28.500
79.250 28.250
Building 4 5 0.062
79.000 28.500
79.000 28.750
79.250 28.750
79.250 28.500
Building 4 5 0.062
79.000 28.750
79.000 29.000
79.250 29.000
79.250 28.750
Building 4 5 0.062
79.000 29.000
79.000 29.250
79.250 29.250
79.250 29.000
Building 4 5 0.062
79.250 29.500
79.250 29.250
79.000 29.250
79.000 29.500
Building 4 5 0.062
79.000 30.500
79.000 30.750
79.250 30.750
79.250 30.500
Building 4 5 0.062
79.000 30.750
79.000 31.000
79.250 31.000
79.250 30.750
Building 4 5 0.062
79.000 31.000
79.000 31.250
79.250 31.250
79.250 31.000
Building 4 5 0.062
79.000 31.250
79.000 31.500
79.250 31.500
79.250 31.250
Building 4 5 0.062
79.000 31.500
79.000 31.750
79.250 31.750
79.250 31.500
Building 4 5 0.062
79.000 31.750
79.000 32.000
79.250 32.000
79.250 31.750
Building 4 5 0.062
79.000 32.000
79.000 32.250
79.250 32.250
79.250 32.000
Building 4 5 0.062
79.250 32.500
79.250 32.250
79.000 32.250
79.000 32.500
Building 4 5 0.062
79.250 27.500
79.250 27.750
79.500 27.750
79.500 27.500
Building 4 5 0.062
79.250 27.750
79.250 28.000
79.500 28.000
79.500 27.750
Building 4 5 0.062
79.250 28.000
79.250 28.250
79.500 28.250
79.500 28.000
Building 4 5 0.062
79.250 28.250
79.250 28.500
79.500 28.500
79.500 28.250
Building 4 5 0.062
79.250 28.500
79.250 28.750
79.500 28.750
79.500 28.500
Building 4 5 0.062
79.250 28.750
79.250 29.000
79.500 29.000
79.500 28.750
Building 4 5 0.062
79.250 29.000
79.250 29.250
79.500 29.250
79.500 29.000
Building 4 5 0.062
79.500 29.500
79.500 29.250
79.250 29.250
79.250 29.500
Building 4 5 0.062
79.250 30.500
79.250 30.750
79.500 30.750
79.500 30.500
Building 4 5 0.062
79.250 30.750
79.250 31.000
79.500 31.000
79.500 30.750
Building 4 5 0.062
79.250 31.000
79.250 31.250
79.500 31.250
79.500 31.000
Building 4 5 0.062
79.250 31.250
79.250 31.500
79.500 31.500
79.500 31.250
Building 4 5 0.062
79.250 31.500
79.250 31.750
79.500 31.750
79.500 31.500
Building 4 5 0.062
79.250 31.750
79.250 32.000
79.500 32.000
79.500 31.750
Building 4 5 0.062
79.250 32.000
79.250 32.250
79.500 32.250
79.500 32.000
Building 4 5 0.062
79.500 32.500
79.500 32.250
79.250 32.250
79.250 32.500
Building 4 5 0.062
79.500 27.500
79.500 27.750
79.750 27.750
79.750 27.500
Building 4 5 0.062
79.500 27.750
79.500 28.000
79.750 28.000
79.750 27.750
Building 4 5 0.062
79.500 28.000
79.500 28.250
79.750 28.250
79.750 28.000
Building 4 5 0.062
79.500 28.250
79.500 28.500
79.750 28.500
79.750 28.250
Building 4 5 0.062
79.500 28.500
79.500 28.750
79.750 28.750
79.750 28.500
Building 4 5 0.062
79.500 28.750
79.500 29.000
79.750 29.000
79.750 28.750
Building 4 5 0.062
79.500 29.000
79.500 29.250
79.750 29.250
79.750 29.000
Building 4 5 0.062
79.750 29.500
79.750 29.250
79.500 29.250
79.500 29.500
Building 4 5 0.062
79.500 30.500
79.500 30.750
79.750 30.750
79.750 30.500
Building 4 5 0.062
79.500 30.750
79.500 31.000
79.750 31.000
79.750 30.750
Building 4 5 0.062
79.500 31.000
79.500 31.250
79.750 31.250
79.750 31.000
Building 4 5 0.062
79.500 31.250
79.500 31.500
79.750 31.500
79.750 31.250
Building 4 5 0.062
79.500 31.500
79.500 31.750
79.750 31.750
79.750 31.500
Building 4 5 0.062
79.500 31.750
79.500 32.000
79.750 32.000
79.750 31.750
Building 4 5 0.062
79.500 32.000
79.500 32.250
79.750 32.250
79.750 32.000
Building 4 5 0.062
79.750 32.500
79.750 32.250
79.500 32.250
79.500 32.500
Building 4 5 0.062
79.750 27.500
79.750 27.750
80.000 27.750
80.000 27.500
Building 4 5 0.062
79.750 27.750
79.750 28.000
80.000 28.000
80.000 27.750
Building 4 5 0.062
79.750 28.000
79.750 28.250
80.000 28.250
80.000 28.000
Building 4 5 0.062
79.750 28.250
79.750 28.500
80.000 28.500
80.000 28.250
Building 4 5 0.062
79.750 28.500
79.750 28.750
80.000 28.750
80.000 28.500
Building 4 5 0.062
79.750 28.750
79.750 29.000
80.000 29.000
80.000 28.750
Building 4 5 0.062
79.750 29.000
79.750 29.250
80.000 29.250
80.000 29.000
Building 4 5 0.062
80.000 29.500
80.000 29.250
79.750 29.250
79.750 29.500
Building 4 5 0.062
79.750 30.500
79.750 30.750
80.000 30.750
80.000 30.500
Building 4 5 0.062
79.750 30.750
79.750 31.000
80.000 31.000
80.000 30.750
Building 4 5 0.062
79.750 31.000
79.750 31.250
80.000 31.250
80.000 31.000
Building 4 5 0.062
79.750 31.250
79.750 31.500
80.000 31.500
80.000 31.250
Building 4 5 0.062
79.750 31.500
79.750 31.750
80.000 31.750
80.000 31.500
Building 4 5 0.062
79.750 31.750
79.750 32.000
80.000 32.000
80.000 31.750
Building 4 5 0.062
79.750 32.000
79.750 32.250
80.000 32.250
80.000 32.000
Building 4 5 0.062
80.000 32.500
80.000 32.250
79.750 32.250
79.750 32.500
Building 4 5 0.062
80.000 27.500
80.000 27.750
80.250 27.750
80.250 27.500
Building 4 5 0.062
80.000 27.750
80.000 28.000
80.250 28.000
80.250 27.750
Building 4 5 0.062
80.000 28.000
80.000 28.250
80.250 28.250
80.250 28.000
Building 4 5 0.062
80.000 28.250
80.000 28.500
80.250 28.500
80.250 28.250
Building 4 5 0.062
80.000 28.500
80.000 28.750
80.250 28.750
80.250 28.500
Building 4 5 0.062
80.000 28.750
80.000 29.000
80.250 29.000
80.250 28.750
Building 4 5 0.062
80.000 29.000
80.000 29.250
80.250 29.250
80.250 29.000
Building 4 5 0.062
80.250 29.500
80.250 29.250
80.000 29.250
80.000 29.500
Building 4 5 0.062
80.000 30.500
80.000 30.750
80.250 30.750
80.250 30.500
Building 4 5 0.062
80.000 30.750
80.000 31.000
80.250 31.000
80.250 30.750
Building 4 5 0.062
80.000 31.000
80.000 31.250
80.250 31.250
80.250 31.000
Building 4 5 0.062
80.000 31.250
80.000 31.500
80.250 31.500
80.250 31.250
Building 4 5 0.062
80.000 31.500
80.000 31.750
80.250 31.750
80.250 31.500
Building 4 5 0.062
80.000 31.750
80.000 32.000
80.250 32.000
80.250 31.750
Building 4 5 0.062
80.000 32.000
80.000 32.250
80.250 32.250
80.250 32.000
Building 4 5 0.062
80.250 32.500
80.250 32.250
80.000 32.250
80.000 32.500
Building 4 5 0.062
80.250 27.500
80.250 27.750
80.500 27.750
80.500 27.500
Building 4 5 0.062
80.250 27.750
80.250 28.000
80.500 28.000
80.500 27.750
Building 4 5 0.062
80.250 28.000
80.250 28.250
80.500 28.250
80.500 28.000
Building 4 5 0.062
80.250 28.250
80.250 28.500
80.500 28.500
80.500 28.250
Building 4 5 0.062
80.250 28.500
80.250 28.750
80.500 28.750
80.500 28.500
Building 4 5 0.062
80.250 28.750
80.250 29.000
80.500 29.000
80.500 28.750
Building 4 5 0.062
80.250 29.000
80.250 29.250
80.500 29.250
80.500 29.000
Building 4 5 0.062
80.500 29.500
80.500 29.250
80.250 29.250
80.250 29.500
Building 4 5 0.062
80.250 30.500
80.250 30.750
80.500 30.750
80.500 30.500
Building 4 5 0.062
80.250 30.750
80.250 31.000
80.500 31.000
80.500 30.750
Building 4 5 0.062
80.250 31.000
80.250 31.250
80.500 31.250
80.500 31.000
Building 4 5 0.062
80.250 31.250
80.250 31.500
80.500 31.500
80.500 31.250
Building 4 5 0.062
80.250 31.500
80.250 31.750
80.500 31.750
80.500 31.500
Building 4 5 0.062
80.250 31.750
80.250 32.000
80.500 32.000
80.500 31.750
Building 4 5 0.062
80.250 32.000
80.250 32.250
80.500 32.250
80.500 32.000
Building 4 5 0.062
80.500 32.500
80.500 32.250
80.250 32.250
80.250 32.500
Building 4 5 0.062
80.500 27.500
80.500 27.750
80.750 27.750
80.750 27.500
Building 4 5 0.062
80.500 27.750
80.500 28.000
80.750 28.000
80.750 27.750
Building 4 5 0.062
80.500 28.000
80.500 28.250
80.750 28.250
80.750 28.000
Building 4 5 0.062
80.500 28.250
80.500 28.500
80.750 28.500
80.750 28.250
Building 4 5 0.062
80.500 28.500
80.500 28.750
80.750 28.750
80.750 28.500
Building 4 5 0.062
80.500 28.750
80.500 29.000
80.750 29.000
80.750 28.750
Building 4 5 0.062
80.500 29.000
80.500 29.250
80.750 29.250
80.750 29.000
Building 4 5 0.062
80.750 29.500
80.750 29.250
80.500 29.250
80.500 29.500
Building 4 5 0.062
80.500 30.500
80.500 30.750
80.750 30.750
80.750 30.500
Building 4 5 0.062
80.500 30.750
80.500 31.000
80.750 31.000
80.750 30.750
Building 4 5 0.062
80.500 31.000
80.500 31.250
80.750 31.250
80.750 31.000
Building 4 5 0.062
80.500 31.250
80.500 31.500
80.750 31.500
80.750 31.250
Building 4 5 0.062
80.500 31.500
80.500 31.750
80.750 31.750
80.750 31.500
Building 4 5 0.062
80.500 31.750
80.500 32.000
80.750 32.000
80.750 31.750
Building 4 5 0.062
80.500 32.000
80.500 32.250
80.750 32.250
80.750 32.000
Building 4 5 0.062
80.750 32.500
80.750 32.250
80.500 32.250
80.500 32.500
Building 4 5 0.062
80.750 27.500
80.750 27.750
81.000 27.750
81.000 27.500
Building 4 5 0.062
80.750 27.750
80.750 28.000
81.000 28.000
81.000 27.750
Building 4 5 0.062
80.750 28.000
80.750 28.250
81.000 28.250
81.000 28.000
Building 4 5 0.062
80.750 28.250
80.750 28.500
81.000 28.500
81.000 28.250
Building 4 5 0.062
80.750 28.500
80.750 28.750
81.000 28.750
81.000 28.500
Building 4 5 0.062
80.750 28.750
80.750 29.000
81.000 29.000
81.000 28.750
Building 4 5 0.062
80.750 29.000
80.750 29.250
81.000 29.250
81.000 29.000
Building 4 5 0.062
81.000 29.500
81.000 29.250
80.750 29.250
80.750 29.500
Building 4 5 0.062
80.750 30.500
80.750 30.750
81.000 30.750
81.000 30.500
Building 4 5 0.062
80.750 30.750
80.750 31.000
81.000 31.000
81.000 30.750
Building 4 5 0.062
80.750 31.000
80.750 31.250
81.000 31.250
81.000 31.000
Building 4 5 0.062
80.750 31.250
80.750 31.500
81.000 31.500
81.000 31.250
Building 4 5 0.062
80.750 31.500
80.750 31.750
81.000 31.750
81.000 31.500
Building 4 5 0.062
80.750 31.750
80.750 32.000
81.000 32.000
81.000 31.750
Building 4 5 0.062
80.750 32.000
80.750 32.250
81.000 32.250
81.000 32.000
Building 4 5 0.062
81.000 32.500
81.000 32.250
80.750 32.250
80.750 32.500
Building 4 5 0.062
81.000 27.500
81.000 27.750
81.250 27.750
81.250 27.500
Building 4 5 0.062
81.000 27.750
81.000 28.000
81.250 28.000
81.250 27.750
Building 4 5 0.062
81.000 28.000
81.000 28.250
81.250 28.250
81.250 28.000
Building 4 5 0.062
81.000 28.250
81.000 28.500
81.250 28.500
81.250 28.250
Building 4 5 0.062
81.000 28.500
81.000 28.750
81.250 28.750
81.250 28.500
Building 4 5 0.062
81.000 28.750
81.000 29.000
81.250 29.000
81.250 28.750
Building 4 5 0.062
81.000 29.000
81.000 29.250
81.250 29.250
81.250 29.000
Building 4 5 0.062
81.250 29.500
81.250 29.250
81.000 29.250
81.000 29.500
Building 4 5 0.062
81.000 30.500
81.000 30.750
81.250 30.750
81.250 30.500
Building 4 5 0.062
81.000 30.750
81.000 31.000
81.250 31.000
81.250 30.750
Building 4 5 0.062
81.000 31.000
81.000 31.250
81.250 31.250
81.250 31.000
Building 4 5 0.062
81.000 31.250
81.000 31.500
81.250 31.500
81.250 31.250
Building 4 5 0.062
81.000 31.500
81.000 31.750
81.250 31.750
81.250 31.500
Building 4 5 0.062
81.000 31.750
81.000 32.000
81.250 32.000
81.250 31.750
Building 4 5 0.062
81.000 32.000
81.000 32.250
81.250 32.250
81.250 32.000
Building 4 5 0.062
81.250 32.500
81.250 32.250
81.000 32.250
81.000 32.500
Building 4 5 0.062
81.250 27.500
81.250 27.750
81.500 27.750
81.500 27.500
Building 4 5 0.062
81.250 27.750
81.250 28.000
81.500 28.000
81.500 27.750
Building 4 5 0.062
81.250 28.000
81.250 28.250
81.500 28.250
81.500 28.000
Building 4 5 0.062
81.250 28.250
81.250 28.500
81.500 28.500
81.500 28.250
Building 4 5 0.062
81.250 28.500
81.250 28.750
81.500 28.750
81.500 28.500
Building 4 5 0.062
81.250 28.750
81.250 29.000
81.500 29.000
81.500 28.750
Building 4 5 0.062
81.250 29.000
81.250 29.250
81.500 29.250
81.500 29.000
Building 4 5 0.062
81.500 29.500
81.500 29.250
81.250 29.250
81.250 29.500
Building 4 5 0.062
81.250 30.500
81.250 30.750
81.500 30.750
81.500 30.500
Building 4 5 0.062
81.250 30.750
81.250 31.000
81.500 31.000
81.500 30.750
Building 4 5 0.062
81.250 31.000
81.250 31.250
81.500 31.250
81.500 31.000
Building 4 5 0.062
81.250 31.250
81.250 31.500
81.500 31.500
81.500 31.250
Building 4 5 0.062
81.250 31.500
81.250 31.750
81.500 31.750
81.500 31.500
Building 4 5 0.062
81.250 31.750
81.250 32.000
81.500 32.000
81.500 31.750
Building 4 5 0.062
81.250 32.000
81.250 32.250
81.500 32.250
81.500 32.000
Building 4 5 0.062
81.500 32.500
81.500 32.250
81.250 32.250
81.250 32.500
Building 4 5 0.062
81.500 27.500
81.500 27.750
81.750 27.750
81.750 27.500
Building 4 5 0.062
81.500 27.750
81.500 28.000
81.750 28.000
81.750 27.750
Building 4 5 0.062
81.500 28.000
81.500 28.250
81.750 28.250
81.750 28.000
Building 4 5 0.062
81.500 28.250
81.500 28.500
81.750 28.500
81.750 28.250
Building 4 5 0.062
81.500 28.500
81.500 28.750
81.750 28.750
81.750 28.500
Building 4 5 0.062
81.500 28.750
81.500 29.000
81.750 29.000
81.750 28.750
Building 4 5 0.062
81.500 29.000
81.500 29.250
81.750 29.250
81.750 29.000
Building 4 5 0.062
81.750 29.500
81.750 29.250
81.500 29.250
81.500 29.500
Building 4 5 0.062
81.500 30.500
81.500 30.750
81.750 30.750
81.750 30.500
Building 4 5 0.062
81.500 30.750
81.500 31.000
81.750 31.000
81.750 30.750
Building 4 5 0.062
81.500 31.000
81.500 31.250
81.750 31.250
81.750 31.000
Building 4 5 0.062
81.500 31.250
81.500 31.500
81.750 31.500
81.750 31.250
Building 4 5 0.062
81.500 31.500
81.500 31.750
81.750 31.750
81.750 31.500
Building 4 5 0.062
81.500 31.750
81.500 32.000
81.750 32.000
81.750 31.750
Building 4 5 0.062
81.500 32.000
81.500 32.250
81.750 32.250
81.750 32.000
Building 4 5 0.062
81.750 32.500
81.750 32.250
81.500 32.250
81.500 32.500
Building 4 5 0.062
81.750 27.500
81.750 27.750
82.000 27.750
82.000 27.500
Building 4 5 0.062
81.750 27.750
81.750 28.000
82.000 28.000
82.000 27.750
Building 4 5 0.062
81.750 28.000
81.750 28.250
82.000 28.250
82.000 28.000
Building 4 5 0.062
81.750 28.250
81.750 28.500
82.000 28.500
82.000 28.250
Building 4 5 0.062
81.750 28.500
81.750 28.750
82.000 28.750
82.000 28.500
Building 4 5 0.062
81.750 28.750
81.750 29.000
82.000 29.000
82.000 28.750
Building 4 5 0.062
81.750 29.000
81.750 29.250
82.000 29.250
82.000 29.000
Building 4 5 0.062
82.000 29.500
82.000 29.250
81.750 29.250
81.750 29.500
Building 4 5 0.062
81.750 30.500
81.750 30.750
82.000 30.750
82.000 30.500
Building 4 5 0.062
81.750 30.750
81.750 31.000
82.000 31.000
82.000 30.750
Building 4 5 0.062
81.750 31.000
81.750 31.250
82.000 31.250
82.000 31.000
Building 4 5 0.062
81.750 31.250
81.750 31.500
82.000 31.500
82.000 31.250
Building 4 5 0.062
81.750 31.500
81.750 31.750
82.000 31.750
82.000 31.500
Building 4 5 0.062
81.750 31.750
81.750 32.000
82.000 32.000
82.000 31.750
Building 4 5 0.062
81.750 32.000
81.750 32.250
82.000 32.250
82.000 32.000
Building 4 5 0.062
82.000 32.500
82.000 32.250
81.750 32.250
81.750 32.500
Building 4 5 0.062
82.000 27.500
82.000 27.750
82.250 27.750
82.250 27.500
Building 4 5 0.062
82.000 27.750
82.000 28.000
82.250 28.000
82.250 27.750
Building 4 5 0.062
82.000 28.000
82.000 28.250
82.250 28.250
82.250 28.000
Building 4 5 0.062
82.000 28.250
82.000 28.500
82.250 28.500
82.250 28.250
Building 4 5 0.062
82.000 28.500
82.000 28.750
82.250 28.750
82.250 28.500
Building 4 5 0.062
82.000 28.750
82.000 29.000
82.250 29.000
82.250 28.750
Building 4 5 0.062
82.000 29.000
82.000 29.250
82.250 29.250
82.250 29.000
Building 4 5 0.062
82.250 29.500
82.250 29.250
82.000 29.250
82.000 29.500
Building 4 5 0.062
82.000 30.500
82.000 30.750
82.250 30.750
82.250 30.500
Building 4 5 0.062
82.000 30.750
82.000 31.000
82.250 31.000
82.250 30.750
Building 4 5 0.062
82.000 31.000
82.000 31.250
82.250 31.250
82.250 31.000
Building 4 5 0.062
82.000 31.250
82.000 31.500
82.250 31.500
82.250 31.250
Building 4 5 0.062
82.000 31.500
82.000 31.750
82.250 31.750
82.250 31.500
Building 4 5 0.062
82.000 31.750
82.000 32.000
82.250 32.000
82.250 31.750
Building 4 5 0.062
82.000 32.000
82.000 32.250
82.250 32.250
82.250 32.000
Building 4 5 0.062
82.250 32.500
82.250 32.250
82.000 32.250
82.000 32.500
Building 4 5 0.062
82.250 27.500
82.250 27.750
82.500 27.750
82.500 27.500
Building 4 5 0.062
82.250 27.750
82.250 28.000
82.500 28.000
82.500 27.750
Building 4 5 0.062
82.250 28.000
82.250 28.250
82.500 28.250
82.500 28.000
Building 4 5 0.062
82.250 28.250
82.250 28.500
82.500 28.500
82.500 28.250
Building 4 5 0.062
82.250 28.500
82.250 28.750
82.500 28.750
82.500 28.500
Building 4 5 0.062
82.250 28.750
82.250 29.000
82.500 29.000
82.500 28.750
Building 4 5 0.062
82.250 29.000
82.250 29.250
82.500 29.250
82.500 29.000
Building 4 5 0.062
82.500 29.500
82.500 29.250
82.250 29.250
82.250 29.500
Building 4 5 0.062
82.250 30.500
82.250 30.750
82.500 30.750
82.500 30.500
Building 4 5 0.062
82.250 30.750
82.250 31.000
82.500 31.000
82.500 30.750
Building 4 5 0.062
82.250 31.000
82.250 31.250
82.500 31.250
82.500 31.000
Building 4 5 0.062
82.250 31.250
82.250 31.500
82.500 31.500
82.500 31.250
Building 4 5 0.062
82.250 31.500
82.250 31.750
82.500 31.750
82.500 31.500
Building 4 5 0.062
82.250 31.750
82.250 32.000
82.500 32.000
82.500 31.750
Building 4 5 0.062
82.250 32.000
82.250 32.250
82.500 32.250
82.500 32.000
Building 4 5 0.062
82.500 32.500
82.500 32.250
82.250 32.250
82.250 32.500
Building 4 5 0.062
82.500 27.500
82.500 27.750
82.750 27.750
82.750 27.500
Building 4 5 0.062
82.500 27.750
82.500 28.000
82.750 28.000
82.750 27.750
Building 4 5 0.062
82.500 28.000
82.500 28.250
82.750 28.250
82.750 28.000
Building 4 5 0.062
82.500 28.250
82.500 28.500
82.750 28.500
82.750 28.250
Building 4 5 0.062
82.500 28.500
82.500 28.750
82.750 28.750
82.750 28.500
Building 4 5 0.062
82.500 28.750
82.500 29.000
82.750 29.000
82.750 28.750
Building 4 5 0.062
82.500 29.000
82.500 29.250
82.750 29.250
82.750 29.000
Building 4 5 0.062
82.750 29.500
82.750 29.250
82.500 29.250
82.500 29.500
Building 4 5 0.062
82.500 30.500
82.500 30.750
82.750 30.750
82.750 30.500
Building 4 5 0.062
82.500 30.750
82.500 31.000
82.750 31.000
82.750 30.750
Building 4 5 0.062
82.500 31.000
82.500 31.250
82.750 31.250
82.750 31.000
Building 4 5 0.062
82.500 31.250
82.500 31.500
82.750 31.500
82.750 31.250
Building 4 5 0.062
82.500 31.500
82.500 31.750
82.750 31.750
82.750 31.500
Building 4 5 0.062
82.500 31.750
82.500 32.000
82.750 32.000
82.750 31.750
Building 4 5 0.062
82.500 32.000
82.500 32.250
82.750 32.250
82.750 32.000
Building 4 5 0.062
82.750 32.500
82.750 32.250
82.500 32.250
82.500 32.500
Building 4 5 0.062
82.750 27.500
82.750 27.750
83.000 27.750
83.000 27.500
Building 4 5 0.062
82.750 27.750
82.750 28.000
83.000 28.000
83.000 27.750
Building 4 5 0.062
82.750 28.000
82.750 28.250
83.000 28.250
83.000 28.000
Building 4 5 0.062
82.750 28.250
82.750 28.500
83.000 28.500
83.000 28.250
Building 4 5 0.062
82.750 28.500
82.750 28.750
83.000 28.750
83.000 28.500
Building 4 5 0.062
82.750 28.750
82.750 29.000
83.000 29.000
83.000 28.750
Building 4 5 0.062
82.750 29.000
82.750 29.250
83.000 29.250
83.000 29.000
Building 4 5 0.062
83.000 29.500
83.000 29.250
82.750 29.250
82.750 29.500
Building 4 5 0.062
82.750 30.500
82.750 30.750
83.000 30.750
83.000 30.500
Building 4 5 0.062
82.750 30.750
82.750 31.000
83.000 31.000
83.000 30.750
Building 4 5 0.062
82.750 31.000
82.750 31.250
83.000 31.250
83.000 31.000
Building 4 5 0.062
82.750 31.250
82.750 31.500
83.000 31.500
83.000 31.250
Building 4 5 0.062
82.750 31.500
82.750 31.750
83.000 31.750
83.000 31.500
Building 4 5 0.062
82.750 31.750
82.750 32.000
83.000 32.000
83.000 31.750
Building 4 5 0.062
82.750 32.000
82.750 32.250
83.000 32.250
83.000 32.000
Building 4 5 0.062
83.000 32.500
83.000 32.250
82.750 32.250
82.750 32.500
Building 4 5 0.062
83.000 27.500
83.000 27.750
83.250 27.750
83.250 27.500
Building 4 5 0.062
83.000 27.750
83.000 28.000
83.250 28.000
83.250 27.750
Building 4 5 0.062
83.000 28.000
83.000 28.250
83.250 28.250
83.250 28.000
Building 4 5 0.062
83.000 28.250
83.000 28.500
83.250 28.500
83.250 28.250
Building 4 5 0.062
83.000 28.500
83.000 28.750
83.250 28.750
83.250 28.500
Building 4 5 0.062
83.000 28.750
83.000 29.000
83.250 29.000
83.250 28.750
Building 4 5 0.062
83.000 29.000
83.000 29.250
83.250 29.250
83.250 29.000
Building 4 5 0.062
83.250 29.500
83.250 29.250
83.000 29.250
83.000 29.500
Building 4 5 0.062
83.000 30.500
83.000 30.750
83.250 30.750
83.250 30.500
Building 4 5 0.062
83.000 30.750
83.000 31.000
83.250 31.000
83.250 30.750
Building 4 5 0.062
83.000 31.000
83.000 31.250
83.250 31.250
83.250 31.000
Building 4 5 0.062
83.000 31.250
83.000 31.500
83.250 31.500
83.250 31.250
Building 4 5 0.062
83.000 31.500
83.000 31.750
83.250 31.750
83.250 31.500
Building 4 5 0.062
83.000 31.750
83.000 32.000
83.250 32.000
83.250 31.750
Building 4 5 0.062
83.000 32.000
83.000 32.250
83.250 32.250
83.250 32.000
Building 4 5 0.062
83.250 32.500
83.250 32.250
83.000 32.250
83.000 32.500
Building 4 5 0.062
83.250 27.500
83.250 27.750
83.500 27.750
83.500 27.500
Building 4 5 0.062
83.250 27.750
83.250 28.000
83.500 28.000
83.500 27.750
Building 4 5 0.062
83.250 28.000
83.250 28.250
83.500 28.250
83.500 28.000
Building 4 5 0.062
83.250 28.250
83.250 28.500
83.500 28.500
83.500 28.250
Building 4 5 0.062
83.250 28.500
83.250 28.750
83.500 28.750
83.500 28.500
Building 4 5 0.062
83.250 28.750
83.250 29.000
83.500 29.000
83.500 28.750
Building 4 5 0.062
83.250 29.000
83.250 29.250
83.500 29.250
83.500 29.000
Building 4 5 0.062
83.500 29.500
83.500 29.250
83.250 29.250
83.250 29.500
Building 4 5 0.062
83.250 30.500
83.250 30.750
83.500 30.750
83.500 30.500
Building 4 5 0.062
83.250 30.750
83.250 31.000
83.500 31.000
83.500 30.750
Building 4 5 0.062
83.250 31.000
83.250 31.250
83.500 31.250
83.500 31.000
Building 4 5 0.062
83.250 31.250
83.250 31.500
83.500 31.500
83.500 31.250
Building 4 5 0.062
83.250 31.500
83.250 31.750
83.500 31.750
83.500 31.500
Building 4 5 0.062
83.250 31.750
83.250 32.000
83.500 32.000
83.500 31.750
Building 4 5 0.062
83.250 32.000
83.250 32.250
83.500 32.250
83.500 32.000
Building 4 5 0.062
83.500 32.500
83.500 32.250
83.250 32.250
83.250 32.500
Building 4 5 0.062
83.500 27.500
83.500 27.750
83.750 27.750
83.750 27.500
Building 4 5 0.062
83.500 27.750
83.500 28.000
83.750 28.000
83.750 27.750
Building 4 5 0.062
83.500 28.000
83.500 28.250
83.750 28.250
83.750 28.000
Building 4 5 0.062
83.500 28.250
83.500 28.500
83.750 28.500
83.750 28.250
Building 4 5 0.062
83.500 28.500
83.500 28.750
83.750 28.750
83.750 28.500
Building 4 5 0.062
83.500 28.750
83.500 29.000
83.750 29.000
83.750 28.750
Building 4 5 0.062
83.500 29.000
83.500 29.250
83.750 29.250
83.750 29.000
Building 4 5 0.062
83.750 29.500
83.750 29.250
83.500 29.250
83.500 29.500
Building 4 5 0.062
83.500 30.500
83.500 30.750
83.750 30.750
83.750 30.500
Building 4 5 0.062
83.500 30.750
83.500 31.000
83.750 31.000
83.750 30.750
Building 4 5 0.062
83.500 31.000
83.500 31.250
83.750 31.250
83.750 31.000
Building 4 5 0.062
83.500 31.250
83.500 31.500
83.750 31.500
83.750 31.250
Building 4 5 0.062
83.500 31.500
83.500 31.750
83.750 31.750
83.750 31.500
Building 4 5 0.062
83.500 31.750
83.500 32.000
83.750 32.000
83.750 31.750
Building 4 5 0.062
83.500 32.000
83.500 32.250
83.750 32.250
83.750 32.000
Building 4 5 0.062
83.750 32.500
83.750 32.250
83.500 32.250
83.500 32.500
Building 4 5 0.062
83.750 27.500
83.750 27.750
84.000 27.750
84.000 27.500
Building 4 5 0.062
83.750 27.750
83.750 28.000
84.000 28.000
84.000 27.750
Building 4 5 0.062
83.750 28.000
83.750 28.250
84.000 28.250
84.000 28.000
Building 4 5 0.062
83.750 28.250
83.750 28.500
84.000 28.500
84.000 28.250
Building 4 5 0.062
83.750 28.500
83.750 28.750
84.000 28.750
84.000 28.500
Building 4 5 0.062
83.750 28.750
83.750 29.000
84.000 29.000
84.000 28.750
Building 4 5 0.062
83.750 29.000
83.750 29.250
84.000 29.250
84.000 29.000
Building 4 5 0.062
84.000 29.500
84.000 29.250
83.750 29.250
83.750 29.500
Building 4 5 0.062
83.750 30.500
83.750 30.750
84.000 30.750
84.000 30.500
Building 4 5 0.062
83.750 30.750
83.750 31.000
84.000 31.000
84.000 30.750
Building 4 5 0.062
83.750 31.000
83.750 31.250
84.000 31.250
84.000 31.000
Building 4 5 0.062
83.750 31.250
83.750 31.500
84.000 31.500
84.000 31.250
Building 4 5 0.062
83.750 31.500
83.750 31.750
84.000 31.750
84.000 31.500
Building 4 5 0.062
83.750 31.750
83.750 32.000
84.000 32.000
84.000 31.750
Building 4 5 0.062
83.750 32.000
83.750 32.250
84.000 32.250
84.000 32.000
Building 4 5 0.062
84.000 32.500
84.000 32.250
83.750 32.250
83.750 32.500
Building 4 5 0.062
84.000 27.500
84.000 27.750
84.250 27.750
84.250 27.500
Building 4 5 0.062
84.000 27.750
84.000 28.000
84.250 28.000
84.250 27.750
Building 4 5 0.062
84.000 28.000
84.000 28.250
84.250 28.250
84.250 28.000
Building 4 5 0.062
84.000 28.250
84.000 28.500
84.250 28.500
84.250 28.250
Building 4 5 0.062
84.000 28.500
84.000 28.750
84.250 28.750
84.250 28.500
Building 4 5 0.062
84.000 28.750
84.000 29.000
84.250 29.000
84.250 28.750
Building 4 5 0.062
84.000 29.000
84.000 29.250
84.250 29.250
84.250 29.000
Building 4 5 0.062
84.250 29.500
84.250 29.250
84.000 29.250
84.000 29.500
Building 4 5 0.062
84.000 30.500
84.000 30.750
84.250 30.750
84.250 30.500
Building 4 5 0.062
84.000 30.750
84.000 31.000
84.250 31.000
84.250 30.750
Building 4 5 0.062
84.000 31.000
84.000 31.250
84.250 31.250
84.250 31.000
Building 4 5 0.062
84.000 31.250
84.000 31.500
84.250 31.500
84.250 31.250
Building 4 5 0.062
84.000 31.500
84.000 31.750
84.250 31.750
84.250 31.500
Building 4 5 0.062
84.000 31.750
84.000 32.000
84.250 32.000
84.250 31.750
Building 4 5 0.062
84.000 32.000
84.000 32.250
84.250 32.250
84.250 32.000
Building 4 5 0.062
84.250 32.500
84.250 32.250
84.000 32.250
84.000 32.500
Building 4 5 0.062
84.250 27.500
84.250 27.750
84.500 27.750
84.500 27.500
Building 4 5 0.062
84.250 27.750
84.250 28.000
84.500 28.000
84.500 27.750
Building 4 5 0.062
84.250 28.000
84.250 28.250
84.500 28.250
84.500 28.000
Building 4 5 0.062
84.250 28.250
84.250 28.500
84.500 28.500
84.500 28.250
Building 4 5 0.062
84.250 28.500
84.250 28.750
84.500 28.750
84.500 28.500
Building 4 5 0.062
84.250 28.750
84.250 29.000
84.500 29.000
84.500 28.750
Building 4 5 0.062
84.250 29.000
84.250 29.250
84.500 29.250
84.500 29.000
Building 4 5 0.062
84.500 29.500
84.500 29.250
84.250 29.250
84.250 29.500
Building 4 5 0.062
84.250 30.500
84.250 30.750
84.500 30.750
84.500 30.500
Building 4 5 0.062
84.250 30.750
84.250 31.000
84.500 31.000
84.500 30.750
Building 4 5 0.062
84.250 31.000
84.250 31.250
84.500 31.250
84.500 31.000
Building 4 5 0.062
84.250 31.250
84.250 31.500
84.500 31.500
84.500 31.250
Building 4 5 0.062
84.250 31.500
84.250 31.750
84.500 31.750
84.500 31.500
Building 4 5 0.062
84.250 31.750
84.250 32.000
84.500 32.000
84.500 31.750
Building 4 5 0.062
84.250 32.000
84.250 32.250
84.500 32.250
84.500 32.000
Building 4 5 0.062
84.500 32.500
84.500 32.250
84.250 32.250
84.250 32.500
Building 4 5 0.062
84.500 27.500
84.500 27.750
84.750 27.750
84.750 27.500
Building 4 5 0.062
84.500 27.750
84.500 28.000
84.750 28.000
84.750 27.750
Building 4 5 0.062
84.500 28.000
84.500 28.250
84.750 28.250
84.750 28.000
Building 4 5 0.062
84.500 28.250
84.500 28.500
84.750 28.500
84.750 28.250
Building 4 5 0.062
84.500 28.500
84.500 28.750
84.750 28.750
84.750 28.500
Building 4 5 0.062
84.500 28.750
84.500 29.000
84.750 29.000
84.750 28.750
Building 4 5 0.062
84.500 29.000
84.500 29.250
84.750 29.250
84.750 29.000
Building 4 5 0.062
84.750 29.500
84.750 29.250
84.500 29.250
84.500 29.500
Building 4 5 0.062
84.500 30.500
84.500 30.750
84.750 30.750
84.750 30.500
Building 4 5 0.062
84.500 30.750
84.500 31.000
84.750 31.000
84.750 30.750
Building 4 5 0.062
84.500 31.000
84.500 31.250
84.750 31.250
84.750 31.000
Building 4 5 0.062
84.500 31.250
84.500 31.500
84.750 31.500
84.750 31.250
Building 4 5 0.062
84.500 31.500
84.500 31.750
84.750 31.750
84.750 31.500
Building 4 5 0.062
84.500 31.750
84.500 32.000
84.750 32.000
84.750 31.750
Building 4 5 0.062
84.500 32.000
84.500 32.250
84.750 32.250
84.750 32.000
Building 4 5 0.062
84.750 32.500
84.750 32.250
84.500 32.250
84.500 32.500
Building 4 5 0.062
84.750 27.500
84.750 27.750
85.000 27.750
85.000 27.500
Building 4 5 0.062
84.750 27.750
84.750 28.000
85.000 28.000
85.000 27.750
Building 4 5 0.062
84.750 28.000
84.750 28.250
85.000 28.250
85.000 28.000
Building 4 5 0.062
84.750 28.250
84.750 28.500
85.000 28.500
85.000 28.250
Building 4 5 0.062
84.750 28.500
84.750 28.750
85.000 28.750
85.000 28.500
Building 4 5 0.062
84.750 28.750
84.750 29.000
85.000 29.000
85.000 28.750
Building 4 5 0.062
84.750 29.000
84.750 29.250
85.000 29.250
85.000 29.000
Building 4 5 0.062
85.000 29.500
85.000 29.250
84.750 29.250
84.750 29.500
Building 4 5 0.062
84.750 30.500
84.750 30.750
85.000 30.750
85.000 30.500
Building 4 5 0.062
84.750 30.750
84.750 31.000
85.000 31.000
85.000 30.750
Building 4 5 0.062
84.750 31.000
84.750 31.250
85.000 31.250
85.000 31.000
Building 4 5 0.062
84.750 31.250
84.750 31.500
85.000 31.500
85.000 31.250
Building 4 5 0.062
84.750 31.500
84.750 31.750
85.000 31.750
85.000 31.500
Building 4 5 0.062
84.750 31.750
84.750 32.000
85.000 32.000
85.000 31.750
Building 4 5 0.062
84.750 32.000
84.750 32.250
85.000 32.250
85.000 32.000
Building 4 5 0.062
85.000 32.500
85.000 32.250
84.750 32.250
84.750 32.500
Building 4 5 0.062
85.000 27.500
85.000 27.750
85.250 27.750
85.250 27.500
Building 4 5 0.062
85.000 27.750
85.000 28.000
85.250 28.000
85.250 27.750
Building 4 5 0.062
85.000 28.000
85.000 28.250
85.250 28.250
85.250 28.000
Building 4 5 0.062
85.000 28.250
85.000 28.500
85.250 28.500
85.250 28.250
Building 4 5 0.062
85.000 28.500
85.000 28.750
85.250 28.750
85.250 28.500
Building 4 5 0.062
85.000 28.750
85.000 29.000
85.250 29.000
85.250 28.750
Building 4 5 0.062
85.000 29.000
85.000 29.250
85.250 29.250
85.250 29.000
Building 4 5 0.062
85.250 29.500
85.250 29.250
85.000 29.250
85.000 29.500
Building 4 5 0.062
85.000 30.500
85.000 30.750
85.250 30.750
85.250 30.500
Building 4 5 0.062
85.000 30.750
85.000 31.000
85.250 31.000
85.250 30.750
Building 4 5 0.062
85.000 31.000
85.000 31.250
85.250 31.250
85.250 31.000
Building 4 5 0.062
85.000 31.250
85.000 31.500
85.250 31.500
85.250 31.250
Building 4 5 0.062
85.000 31.500
85.000 31.750
85.250 31.750
85.250 31.500
Building 4 5 0.062
85.000 31.750
85.000 32.000
85.250 32.000
85.250 31.750
Building 4 5 0.062
85.000 32.000
85.000 32.250
85.250 32.250
85.250 32.000
Building 4 5 0.062
85.250 32.500
85.250 32.250
85.000 32.250
85.000 32.500
Building 4 5 0.062
85.250 27.500
85.250 27.750
85.500 27.750
85.500 27.500
Building 4 5 0.062
85.250 27.750
85.250 28.000
85.500 28.000
85.500 27.750
Building 4 5 0.062
85.250 28.000
85.250 28.250
85.500 28.250
85.500 28.000
Building 4 5 0.062
85.250 28.250
85.250 28.500
85.500 28.500
85.500 28.250
Building 4 5 0.062
85.250 28.500
85.250 28.750
85.500 28.750
85.500 28.500
Building 4 5 0.062
85.250 28.750
85.250 29.000
85.500 29.000
85.500 28.750
Building 4 5 0.062
85.250 29.000
85.250 29.250
85.500 29.250
85.500 29.000
Building 4 5 0.062
85.500 29.500
85.500 29.250
85.250 29.250
85.250 29.500
Building 4 5 0.062
85.250 30.500
85.250 30.750
85.500 30.750
85.500 30.500
Building 4 5 0.062
85.250 30.750
85.250 31.000
85.500 31.000
85.500 30.750
Building 4 5 0.062
85.250 31.000
85.250 31.250
85.500 31.250
85.500 31.000
Building 4 5 0.062
85.250 31.250
85.250 31.500
85.500 31.500
85.500 31.250
Building 4 5 0.062
85.250 31.500
85.250 31.750
85.500 31.750
85.500 31.500
Building 4 5 0.062
85.250 31.750
85.250 32.000
85.500 32.000
85.500 31.750
Building 4 5 0.062
85.250 32.000
85.250 32.250
85.500 32.250
85.500 32.000
Building 4 5 0.062
85.500 32.500
85.500 32.250
85.250 32.250
85.250 32.500
Building 4 5 0.062
85.500 27.500
85.500 27.750
85.750 27.750
85.750 27.500
Building 4 5 0.062
85.500 27.750
85.500 28.000
85.750 28.000
85.750 27.750
Building 4 5 0.062
85.500 28.000
85.500 28.250
85.750 28.250
85.750 28.000
Building 4 5 0.062
85.500 28.250
85.500 28.500
85.750 28.500
85.750 28.250
Building 4 5 0.062
85.500 28.500
85.500 28.750
85.750 28.750
85.750 28.500
Building 4 5 0.062
85.500 28.750
85.500 29.000
85.750 29.000
85.750 28.750
Building 4 5 0.062
85.500 29.000
85.500 29.250
85.750 29.250
85.750 29.000
Building 4 5 0.062
85.750 29.500
85.750 29.250
85.500 29.250
85.500 29.500
Building 4 5 0.062
85.500 30.500
85.500 30.750
85.750 30.750
85.750 30.500
Building 4 5 0.062
85.500 30.750
85.500 31.000
85.750 31.000
85.750 30.750
Building 4 5 0.062
85.500 31.000
85.500 31.250
85.750 31.250
85.750 31.000
Building 4 5 0.062
85.500 31.250
85.500 31.500
85.750 31.500
85.750 31.250
Building 4 5 0.062
85.500 31.500
85.500 31.750
85.750 31.750
85.750 31.500
Building 4 5 0.062
85.500 31.750
85.500 32.000
85.750 32.000
85.750 31.750
Building 4 5 0.062
85.500 32.000
85.500 32.250
85.750 32.250
85.750 32.000
Building 4 5 0.062
85.750 32.500
85.750 32.250
85.500 32.250
85.500 32.500
Building 4 5 0.062
85.750 27.500
85.750 27.750
86.000 27.750
86.000 27.500
Building 4 5 0.062
85.750 27.750
85.750 28.000
86.000 28.000
86.000 27.750
Building 4 5 0.062
85.750 28.000
85.750 28.250
86.000 28.250
86.000 28.000
Building 4 5 0.062
85.750 28.250
85.750 28.500
86.000 28.500
86.000 28.250
Building 4 5 0.062
85.750 28.500
85.750 28.750
86.000 28.750
86.000 28.500
Building 4 5 0.062
85.750 28.750
85.750 29.000
86.000 29.000
86.000 28.750
Building 4 5 0.062
85.750 29.000
85.750 29.250
86.000 29.250
86.000 29.000
Building 4 5 0.062
86.000 29.500
86.000 29.250
85.750 29.250
85.750 29.500
Building 4 5 0.062
85.750 30.500
85.750 30.750
86.000 30.750
86.000 30.500
Building 4 5 0.062
85.750 30.750
85.750 31.000
86.000 31.000
86.000 30.750
Building 4 5 0.062
85.750 31.000
85.750 31.250
86.000 31.250
86.000 31.000
Building 4 5 0.062
85.750 31.250
85.750 31.500
86.000 31.500
86.000 31.250
Building 4 5 0.062
85.750 31.500
85.750 31.750
86.000 31.750
86.000 31.500
Building 4 5 0.062
85.750 31.750
85.750 32.000
86.000 32.000
86.000 31.750
Building 4 5 0.062
85.750 32.000
85.750 32.250
86.000 32.250
86.000 32.000
Building 4 5 0.062
86.000 32.500
86.000 32.250
85.750 32.250
85.750 32.500
Building 4 5 0.062
86.000 27.500
86.000 27.750
86.250 27.750
86.250 27.500
Building 4 5 0.062
86.000 27.750
86.000 28.000
86.250 28.000
86.250 27.750
Building 4 5 0.062
86.000 28.000
86.000 28.250
86.250 28.250
86.250 28.000
Building 4 5 0.062
86.000 28.250
86.000 28.500
86.250 28.500
86.250 28.250
Building 4 5 0.062
86.000 28.500
86.000 28.750
86.250 28.750
86.250 28.500
Building 4 5 0.062
86.000 28.750
86.000 29.000
86.250 29.000
86.250 28.750
Building 4 5 0.062
86.000 29.000
86.000 29.250
86.250 29.250
86.250 29.000
Building 4 5 0.062
86.250 29.500
86.250 29.250
86.000 29.250
86.000 29.500
Building 4 5 0.062
86.000 30.500
86.000 30.750
86.250 30.750
86.250 30.500
Building 4 5 0.062
86.000 30.750
86.000 31.000
86.250 31.000
86.250 30.750
Building 4 5 0.062
86.000 31.000
86.000 31.250
86.250 31.250
86.250 31.000
Building 4 5 0.062
86.000 31.250
86.000 31.500
86.250 31.500
86.250 31.250
Building 4 5 0.062
86.000 31.500
86.000 31.750
86.250 31.750
86.250 31.500
Building 4 5 0.062
86.000 31.750
86.000 32.000
86.250 32.000
86.250 31.750
Building 4 5 0.062
86.000 32.000
86.000 32.250
86.250 32.250
86.250 32.000
Building 4 5 0.062
86.250 32.500
86.250 32.250
86.000 32.250
86.000 32.500
Building 4 5 0.062
86.250 27.500
86.250 27.750
86.500 27.750
86.500 27.500
Building 4 5 0.062
86.250 27.750
86.250 28.000
86.500 28.000
86.500 27.750
Building 4 5 0.062
86.250 28.000
86.250 28.250
86.500 28.250
86.500 28.000
Building 4 5 0.062
86.250 28.250
86.250 28.500
86.500 28.500
86.500 28.250
Building 4 5 0.062
86.250 28.500
86.250 28.750
86.500 28.750
86.500 28.500
Building 4 5 0.062
86.250 28.750
86.250 29.000
86.500 29.000
86.500 28.750
Building 4 5 0.062
86.250 29.000
86.250 29.250
86.500 29.250
86.500 29.000
Building 4 5 0.062
86.500 29.500
86.500 29.250
86.250 29.250
86.250 29.500
Building 4 5 0.062
86.250 30.500
86.250 30.750
86.500 30.750
86.500 30.500
Building 4 5 0.062
86.250 30.750
86.250 31.000
86.500 31.000
86.500 30.750
Building 4 5 0.062
86.250 31.000
86.250 31.250
86.500 31.250
86.500 31.000
Building 4 5 0.062
86.250 31.250
86.250 31.500
86.500 31.500
86.500 31.250
Building 4 5 0.062
86.250 31.500
86.250 31.750
86.500 31.750
86.500 31.500
Building 4 5 0.062
86.250 31.750
86.250 32.000
86.500 32.000
86.500 31.750
Building 4 5 0.062
86.250 32.000
86.250 32.250
86.500 32.250
86.500 32.000
Building 4 5 0.062
86.500 32.500
86.500 32.250
86.250 32.250
86.250 32.500
Building 4 5 0.062
86.500 27.500
86.500 27.750
86.750 27.750
86.750 27.500
Building 4 5 0.062
86.500 27.750
86.500 28.000
86.750 28.000
86.750 27.750
Building 4 5 0.062
86.500 28.000
86.500 28.250
86.750 28.250
86.750 28.000
Building 4 5 0.062
86.500 28.250
86.500 28.500
86.750 28.500
86.750 28.250
Building 4 5 0.062
86.500 28.500
86.500 28.750
86.750 28.750
86.750 28.500
Building 4 5 0.062
86.500 28.750
86.500 29.000
86.750 29.000
86.750 28.750
Building 4 5 0.062
86.500 29.000
86.500 29.250
86.750 29.250
86.750 29.000
Building 4 5 0.062
86.750 29.500
86.750 29.250
86.500 29.250
86.500 29.500
Building 4 5 0.062
86.500 30.500
86.500 30.750
86.750 30.750
86.750 30.500
Building 4 5 0.062
86.500 30.750
86.500 31.000
86.750 31.000
86.750 30.750
Building 4 5 0.062
86.500 31.000
86.500 31.250
86.750 31.250
86.750 31.000
Building 4 5 0.062
86.500 31.250
86.500 31.500
86.750 31.500
86.750 31.250
Building 4 5 0.062
86.500 31.500
86.500 31.750
86.750 31.750
86.750 31.500
Building 4 5 0.062
86.500 31.750
86.500 32.000
86.750 32.000
86.750 31.750
Building 4 5 0.062
86.500 32.000
86.500 32.250
86.750 32.250
86.750 32.000
Building 4 5 0.062
86.750 32.500
86.750 32.250
86.500 32.250
86.500 32.500
Building 4 5 0.062
86.750 27.500
86.750 27.750
87.000 27.750
87.000 27.500
Building 4 5 0.062
86.750 27.750
86.750 28.000
87.000 28.000
87.000 27.750
Building 4 5 0.062
86.750 28.000
86.750 28.250
87.000 28.250
87.000 28.000
Building 4 5 0.062
86.750 28.250
86.750 28.500
87.000 28.500
87.000 28.250
Building 4 5 0.062
86.750 28.500
86.750 28.750
87.000 28.750
87.000 28.500
Building 4 5 0.062
86.750 28.750
86.750 29.000
87.000 29.000
87.000 28.750
Building 4 5 0.062
86.750 29.000
86.750 29.250
87.000 29.250
87.000 29.000
Building 4 5 0.062
87.000 29.500
87.000 29.250
86.750 29.250
86.750 29.500
Building 4 5 0.062
86.750 30.500
86.750 30.750
87.000 30.750
87.000 30.500
Building 4 5 0.062
86.750 30.750
86.750 31.000
87.000 31.000
87.000 30.750
Building 4 5 0.062
86.750 31.000
86.750 31.250
87.000 31.250
87.000 31.000
Building 4 5 0.062
86.750 31.250
86.750 31.500
87.000 31.500
87.000 31.250
Building 4 5 0.062
86.750 31.500
86.750 31.750
87.000 31.750
87.000 31.500
Building 4 5 0.062
86.750 31.750
86.750 32.000
87.000 32.000
87.000 31.750
Building 4 5 0.062
86.750 32.000
86.750 32.250
87.000 32.250
87.000 32.000
Building 4 5 0.062
87.000 32.500
87.000 32.250
86.750 32.250
86.750 32.500
Building 4 5 0.062
87.000 27.500
87.000 27.750
87.250 27.750
87.250 27.500
Building 4 5 0.062
87.000 27.750
87.000 28.000
87.250 28.000
87.250 27.750
Building 4 5 0.062
87.000 28.000
87.000 28.250
87.250 28.250
87.250 28.000
Building 4 5 0.062
87.000 28.250
87.000 28.500
87.250 28.500
87.250 28.250
Building 4 5 0.062
87.000 28.500
87.000 28.750
87.250 28.750
87.250 28.500
Building 4 5 0.062
87.000 28.750
87.000 29.000
87.250 29.000
87.250 28.750
Building 4 5 0.062
87.000 29.000
87.000 29.250
87.250 29.250
87.250 29.000
Building 4 5 0.062
87.250 29.500
87.250 29.250
87.000 29.250
87.000 29.500
Building 4 5 0.062
87.000 30.500
87.000 30.750
87.250 30.750
87.250 30.500
Building 4 5 0.062
87.000 30.750
87.000 31.000
87.250 31.000
87.250 30.750
Building 4 5 0.062
87.000 31.000
87.000 31.250
87.250 31.250
87.250 31.000
Building 4 5 0.062
87.000 31.250
87.000 31.500
87.250 31.500
87.250 31.250
Building 4 5 0.062
87.000 31.500
87.000 31.750
87.250 31.750
87.250 31.500
Building 4 5 0.062
87.000 31.750
87.000 32.000
87.250 32.000
87.250 31.750
Building 4 5 0.062
87.000 32.000
87.000 32.250
87.250 32.250
87.250 32.000
Building 4 5 0.062
87.250 32.500
87.250 32.250
87.000 32.250
87.000 32.500
Building 4 5 0.062
87.250 27.500
87.250 27.750
87.500 27.750
87.500 27.500
Building 4 5 0.062
87.250 27.750
87.250 28.000
87.500 28.000
87.500 27.750
Building 4 5 0.062
87.250 28.000
87.250 28.250
87.500 28.250
87.500 28.000
Building 4 5 0.062
87.250 28.250
87.250 28.500
87.500 28.500
87.500 28.250
Building 4 5 0.062
87.250 28.500
87.250 28.750
87.500 28.750
87.500 28.500
Building 4 5 0.062
87.250 28.750
87.250 29.000
87.500 29.000
87.500 28.750
Building 4 5 0.062
87.250 29.000
87.250 29.250
87.500 29.250
87.500 29.000
Building 4 5 0.062
87.500 29.500
87.500 29.250
87.250 29.250
87.250 29.500
Building 4 5 0.062
87.250 30.500
87.250 30.750
87.500 30.750
87.500 30.500
Building 4 5 0.062
87.250 30.750
87.250 31.000
87.500 31.000
87.500 30.750
Building 4 5 0.062
87.250 31.000
87.250 31.250
87.500 31.250
87.500 31.000
Building 4 5 0.062
87.250 31.250
87.250 31.500
87.500 31.500
87.500 31.250
Building 4 5 0.062
87.250 31.500
87.250 31.750
87.500 31.750
87.500 31.500
Building 4 5 0.062
87.250 31.750
87.250 32.000
87.500 32.000
87.500 31.750
Building 4 5 0.062
87.250 32.000
87.250 32.250
87.500 32.250
87.500 32.000
Building 4 5 0.062
87.500 32.500
87.500 32.250
87.250 32.250
87.250 32.500
Building 4 5 0.062
87.500 27.500
87.500 27.750
87.750 27.750
87.750 27.500
Building 4 5 0.062
87.500 27.750
87.500 28.000
87.750 28.000
87.750 27.750
Building 4 5 0.062
87.500 28.000
87.500 28.250
87.750 28.250
87.750 28.000
Building 4 5 0.062
87.500 28.250
87.500 28.500
87.750 28.500
87.750 28.250
Building 4 5 0.062
87.500 28.500
87.500 28.750
87.750 28.750
87.750 28.500
Building 4 5 0.062
87.500 28.750
87.500 29.000
87.750 29.000
87.750 28.750
Building 4 5 0.062
87.500 29.000
87.500 29.250
87.750 29.250
87.750 29.000
Building 4 5 0.062
87.750 29.500
87.750 29.250
87.500 29.250
87.500 29.500
Building 4 5 0.062
87.500 30.500
87.500 30.750
87.750 30.750
87.750 30.500
Building 4 5 0.062
87.500 30.750
87.500 31.000
87.750 31.000
87.750 30.750
Building 4 5 0.062
87.500 31.000
87.500 31.250
87.750 31.250
87.750 31.000
Building 4 5 0.062
87.500 31.250
87.500 31.500
87.750 31.500
87.750 31.250
Building 4 5 0.062
87.500 31.500
87.500 31.750
87.750 31.750
87.750 31.500
Building 4 5 0.062
87.500 31.750
87.500 32.000
87.750 32.000
87.750 31.750
Building 4 5 0.062
87.500 32.000
87.500 32.250
87.750 32.250
87.750 32.000
Building 4 5 0.062
87.750 32.500
87.750 32.250
87.500 32.250
87.500 32.500
Building 4 5 0.062
87.750 27.500
87.750 27.750
88.000 27.750
88.000 27.500
Building 4 5 0.062
87.750 27.750
87.750 28.000
88.000 28.000
88.000 27.750
Building 4 5 0.062
87.750 28.000
87.750 28.250
88.000 28.250
88.000 28.000
Building 4 5 0.062
87.750 28.250
87.750 28.500
88.000 28.500
88.000 28.250
Building 4 5 0.062
87.750 28.500
87.750 28.750
88.000 28.750
88.000 28.500
Building 4 5 0.062
87.750 28.750
87.750 29.000
88.000 29.000
88.000 28.750
Building 4 5 0.062
87.750 29.000
87.750 29.250
88.000 29.250
88.000 29.000
Building 4 5 0.062
88.000 29.500
88.000 29.250
87.750 29.250
87.750 29.500
Building 4 5 0.062
87.750 30.500
87.750 30.750
88.000 30.750
88.000 30.500
Building 4 5 0.062
87.750 30.750
87.750 31.000
88.000 31.000
88.000 30.750
Building 4 5 0.062
87.750 31.000
87.750 31.250
88.000 31.250
88.000 31.000
Building 4 5 0.062
87.750 31.250
87.750 31.500
88.000 31.500
88.000 31.250
Building 4 5 0.062
87.750 31.500
87.750 31.750
88.000 31.750
88.000 31.500
Building 4 5 0.062
87.750 31.750
87.750 32.000
88.000 32.000
88.000 31.750
Building 4 5 0.062
87.750 32.000
87.750 32.250
88.000 32.250
88.000 32.000
Building 4 5 0.062
88.000 32.500
88.000 32.250
87.750 32.250
87.750 32.500
Building 4 5 0.062
88.000 27.500
88.000 27.750
88.250 27.750
88.250 27.500
Building 4 5 0.062
88.000 27.750
88.000 28.000
88.250 28.000
88.250 27.750
Building 4 5 0.062
88.000 28.000
88.000 28.250
88.250 28.250
88.250 28.000
Building 4 5 0.062
88.000 28.250
88.000 28.500
88.250 28.500
88.250 28.250
Building 4 5 0.062
88.000 28.500
88.000 28.750
88.250 28.750
88.250 28.500
Building 4 5 0.062
88.000 28.750
88.000 29.000
88.250 29.000
88.250 28.750
Building 4 5 0.062
88.000 29.000
88.000 29.250
88.250 29.250
88.250 29.000
Building 4 5 0.062
88.250 29.500
88.250 29.250
88.000 29.250
88.000 29.500
Building 4 5 0.062
88.000 30.500
88.000 30.750
88.250 30.750
88.250 30.500
Building 4 5 0.062
88.000 30.750
88.000 31.000
88.250 31.000
88.250 30.750
Building 4 5 0.062
88.000 31.000
88.000 31.250
88.250 31.250
88.250 31.000
Building 4 5 0.062
88.000 31.250
88.000 31.500
88.250 31.500
88.250 31.250
Building 4 5 0.062
88.000 31.500
88.000 31.750
88.250 31.750
88.250 31.500
Building 4 5 0.062
88.000 31.750
88.000 32.000
88.250 32.000
88.250 31.750
Building 4 5 0.062
88.000 32.000
88.000 32.250
88.250 32.250
88.250 32.000
Building 4 5 0.062
88.250 32.500
88.250 32.250
88.000 32.250
88.000 32.500
Building 4 5 0.062
88.250 27.500
88.250 27.750
88.500 27.750
88.500 27.500
Building 4 5 0.062
88.250 27.750
88.250 28.000
88.500 28.000
88.500 27.750
Building 4 5 0.062
88.250 28.000
88.250 28.250
88.500 28.250
88.500 28.000
Building 4 5 0.062
88.250 28.250
88.250 28.500
88.500 28.500
88.500 28.250
Building 4 5 0.062
88.250 28.500
88.250 28.750
88.500 28.750
88.500 28.500
Building 4 5 0.062
88.250 28.750
88.250 29.000
88.500 29.000
88.500 28.750
Building 4 5 0.062
88.250 29.000
88.250 29.250
88.500 29.250
88.500 29.000
Building 4 5 0.062
88.500 29.500
88.500 29.250
88.250 29.250
88.250 29.500
Building 4 5 0.062
88.250 30.500
88.250 30.750
88.500 30.750
88.500 30.500
Building 4 5 0.062
88.250 30.750
88.250 31.000
88.500 31.000
88.500 30.750
Building 4 5 0.062
88.250 31.000
88.250 31.250
88.500 31.250
88.500 31.000
Building 4 5 0.062
88.250 31.250
88.250 31.500
88.500 31.500
88.500 31.250
Building 4 5 0.062
88.250 31.500
88.250 31.750
88.500 31.750
88.500 31.500
Building 4 5 0.062
88.250 31.750
88.250 32.000
88.500 32.000
88.500 31.750
Building 4 5 0.062
88.250 32.000
88.250 32.250
88.500 32.250
88.500 32.000
Building 4 5 0.062
88.500 32.500
88.500 32.250
88.250 32.250
88.250 32.500
Building 4 5 0.062
88.500 27.500
88.500 27.750
88.750 27.750
88.750 27.500
Building 4 5 0.062
88.500 27.750
88.500 28.000
88.750 28.000
88.750 27.750
Building 4 5 0.062
88.500 28.000
88.500 28.250
88.750 28.250
88.750 28.000
Building 4 5 0.062
88.500 28.250
88.500 28.500
88.750 28.500
88.750 28.250
Building 4 5 0.062
88.500 28.500
88.500 28.750
88.750 28.750
88.750 28.500
Building 4 5 0.062
88.500 28.750
88.500 29.000
88.750 29.000
88.750 28.750
Building 4 5 0.062
88.500 29.000
88.500 29.250
88.750 29.250
88.750 29.000
Building 4 5 0.062
88.750 29.500
88.750 29.250
88.500 29.250
88.500 29.500
Building 4 5 0.062
88.500 30.500
88.500 30.750
88.750 30.750
88.750 30.500
Building 4 5 0.062
88.500 30.750
88.500 31.000
88.750 31.000
88.750 30.750
Building 4 5 0.062
88.500 31.000
88.500 31.250
88.750 31.250
88.750 31.000
Building 4 5 0.062
88.500 31.250
88.500 31.500
88.750 31.500
88.750 31.250
Building 4 5 0.062
88.500 31.500
88.500 31.750
88.750 31.750
88.750 31.500
Building 4 5 0.062
88.500 31.750
88.500 32.000
88.750 32.000
88.750 31.750
Building 4 5 0.062
88.500 32.000
88.500 32.250
88.750 32.250
88.750 32.000
Building 4 5 0.062
88.750 32.500
88.750 32.250
88.500 32.250
88.500 32.500
Building 4 5 0.062
88.750 27.500
88.750 27.750
89.000 27.750
89.000 27.500
Building 4 5 0.062
88.750 27.750
88.750 28.000
89.000 28.000
89.000 27.750
Building 4 5 0.062
88.750 28.000
88.750 28.250
89.000 28.250
89.000 28.000
Building 4 5 0.062
88.750 28.250
88.750 28.500
89.000 28.500
89.000 28.250
Building 4 5 0.062
88.750 28.500
88.750 28.750
89.000 28.750
89.000 28.500
Building 4 5 0.062
88.750 28.750
88.750 29.000
89.000 29.000
89.000 28.750
Building 4 5 0.062
88.750 29.000
88.750 29.250
89.000 29.250
89.000 29.000
Building 4 5 0.062
89.000 29.500
89.000 29.250
88.750 29.250
88.750 29.500
Building 4 5 0.062
88.750 30.500
88.750 30.750
89.000 30.750
89.000 30.500
Building 4 5 0.062
88.750 30.750
88.750 31.000
89.000 31.000
89.000 30.750
Building 4 5 0.062
88.750 31.000
88.750 31.250
89.000 31.250
89.000 31.000
Building 4 5 0.062
88.750 31.250
88.750 31.500
89.000 31.500
89.000 31.250
Building 4 5 0.062
88.750 31.500
88.750 31.750
89.000 31.750
89.000 31.500
Building 4 5 0.062
88.750 31.750
88.750 32.000
89.000 32.000
89.000 31.750
Building 4 5 0.062
88.750 32.000
88.750 32.250
89.000 32.250
89.000 32.000
Building 4 5 0.062
89.000 32.500
89.000 32.250
88.750 32.250
88.750 32.500
Building 4 5 0.062
89.000 27.500
89.000 27.750
89.250 27.750
89.250 27.500
Building 4 5 0.062
89.000 27.750
89.000 28.000
89.250 28.000
89.250 27.750
Building 4 5 0.062
89.000 28.000
89.000 28.250
89.250 28.250
89.250 28.000
Building 4 5 0.062
89.000 28.250
89.000 28.500
89.250 28.500
89.250 28.250
Building 4 5 0.062
89.000 28.500
89.000 28.750
89.250 28.750
89.250 28.500
Building 4 5 0.062
89.000 28.750
89.000 29.000
89.250 29.000
89.250 28.750
Building 4 5 0.062
89.000 29.000
89.000 29.250
89.250 29.250
89.250 29.000
Building 4 5 0.062
89.250 29.500
89.250 29.250
89.000 29.250
89.000 29.500
Building 4 5 0.062
89.000 30.500
89.000 30.750
89.250 30.750
89.250 30.500
Building 4 5 0.062
89.000 30.750
89.000 31.000
89.250 31.000
89.250 30.750
Building 4 5 0.062
89.000 31.000
89.000 31.250
89.250 31.250
89.250 31.000
Building 4 5 0.062
89.000 31.250
89.000 31.500
89.250 31.500
89.250 31.250
Building 4 5 0.062
89.000 31.500
89.000 31.750
89.250 31.750
89.250 31.500
Building 4 5 0.062
89.000 31.750
89.000 32.000
89.250 32.000
89.250 31.750
Building 4 5 0.062
89.000 32.000
89.000 32.250
89.250 32.250
89.250 32.000
Building 4 5 0.062
89.250 32.500
89.250 32.250
89.000 32.250
89.000 32.500
Building 4 5 0.062
89.250 27.500
89.250 27.750
89.500 27.750
89.500 27.500
Building 4 5 0.062
89.250 27.750
89.250 28.000
89.500 28.000
89.500 27.750
Building 4 5 0.062
89.250 28.000
89.250 28.250
89.500 28.250
89.500 28.000
Building 4 5 0.062
89.250 28.250
89.250 28.500
89.500 28.500
89.500 28.250
Building 4 5 0.062
89.250 28.500
89.250 28.750
89.500 28.750
89.500 28.500
Building 4 5 0.062
89.250 28.750
89.250 29.000
89.500 29.000
89.500 28.750
Building 4 5 0.062
89.250 29.000
89.250 29.250
89.500 29.250
89.500 29.000
Building 4 5 0.062
89.500 29.500
89.500 29.250
89.250 29.250
89.250 29.500
Building 4 5 0.062
89.250 30.500
89.250 30.750
89.500 30.750
89.500 30.500
Building 4 5 0.062
89.250 30.750
89.250 31.000
89.500 31.000
89.500 30.750
Building 4 5 0.062
89.250 31.000
89.250 31.250
89.500 31.250
89.500 31.000
Building 4 5 0.062
89.250 31.250
89.250 31.500
89.500 31.500
89.500 31.250
Building 4 5 0.062
89.250 31.500
89.250 31.750
89.500 31.750
89.500 31.500
Building 4 5 0.062
89.250 31.750
89.250 32.000
89.500 32.000
89.500 31.750
Building 4 5 0.062
89.250 32.000
89.250 32.250
89.500 32.250
89.500 32.000
Building 4 5 0.062
89.500 32.500
89.500 32.250
89.250 32.250
89.250 32.500
Building 4 5 0.062
89.500 27.500
89.500 27.750
89.750 27.750
89.750 27.500
Building 4 5 0.062
89.500 27.750
89.500 28.000
89.750 28.000
89.750 27.750
Building 4 5 0.062
89.500 28.000
89.500 28.250
89.750 28.250
89.750 28.000
Building 4 5 0.062
89.500 28.250
89.500 28.500
89.750 28.500
89.750 28.250
Building 4 5 0.062
89.500 28.500
89.500 28.750
89.750 28.750
89.750 28.500
Building 4 5 0.062
89.500 28.750
89.500 29.000
89.750 29.000
89.750 28.750
Building 4 5 0.062
89.500 29.000
89.500 29.250
89.750 29.250
89.750 29.000
Building 4 5 0.062
89.750 29.500
89.750 29.250
89.500 29.250
89.500 29.500
Building 4 5 0.062
89.500 30.500
89.500 30.750
89.750 30.750
89.750 30.500
Building 4 5 0.062
89.500 30.750
89.500 31.000
89.750 31.000
89.750 30.750
Building 4 5 0.062
89.500 31.000
89.500 31.250
89.750 31.250
89.750 31.000
Building 4 5 0.062
89.500 31.250
89.500 31.500
89.750 31.500
89.750 31.250
Building 4 5 0.062
89.500 31.500
89.500 31.750
89.750 31.750
89.750 31.500
Building 4 5 0.062
89.500 31.750
89.500 32.000
89.750 32.000
89.750 31.750
Building 4 5 0.062
89.500 32.000
89.500 32.250
89.750 32.250
89.750 32.000
Building 4 5 0.062
89.750 32.500
89.750 32.250
89.500 32.250
89.500 32.500
Building 4 5 0.062
89.750 27.500
89.750 27.750
90.000 27.750
90.000 27.500
Building 4 5 0.062
89.750 27.750
89.750 28.000
90.000 28.000
90.000 27.750
Building 4 5 0.062
89.750 28.000
89.750 28.250
90.000 28.250
90.000 28.000
Building 4 5 0.062
89.750 28.250
89.750 28.500
90.000 28.500
90.000 28.250
Building 4 5 0.062
89.750 28.500
89.750 28.750
90.000 28.750
90.000 28.500
Building 4 5 0.062
89.750 28.750
89.750 29.000
90.000 29.000
90.000 28.750
Building 4 5 0.062
89.750 29.000
89.750 29.250
90.000 29.250
90.000 29.000
Building 4 5 0.062
90.000 29.500
90.000 29.250
89.750 29.250
89.750 29.500
Building 4 5 0.062
89.750 30.500
89.750 30.750
90.000 30.750
90.000 30.500
Building 4 5 0.062
89.750 30.750
89.750 31.000
90.000 31.000
90.000 30.750
Building 4 5 0.062
89.750 31.000
89.750 31.250
90.000 31.250
90.000 31.000
Building 4 5 0.062
89.750 31.250
89.750 31.500
90.000 31.500
90.000 31.250
Building 4 5 0.062
89.750 31.500
89.750 31.750
90.000 31.750
90.000 31.500
Building 4 5 0.062
89.750 31.750
89.750 32.000
90.000 32.000
90.000 31.750
Building 4 5 0.062
89.750 32.000
89.750 32.250
90.000 32.250
90.000 32.000
Building 4 5 0.062
90.000 32.500
90.000 32.250
89.750 32.250
89.750 32.500
Building 4 5 0.062
90.000 27.500
90.000 27.750
90.250 27.750
90.250 27.500
Building 4 5 0.062
90.000 27.750
90.000 28.000
90.250 28.000
90.250 27.750
Building 4 5 0.062
90.000 28.000
90.000 28.250
90.250 28.250
90.250 28.000
Building 4 5 0.062
90.000 28.250
90.000 28.500
90.250 28.500
90.250 28.250
Building 4 5 0.062
90.000 28.500
90.000 28.750
90.250 28.750
90.250 28.500
Building 4 5 0.062
90.000 28.750
90.000 29.000
90.250 29.000
90.250 28.750
Building 4 5 0.062
90.000 29.000
90.000 29.250
90.250 29.250
90.250 29.000
Building 4 5 0.062
90.250 29.500
90.250 29.250
90.000 29.250
90.000 29.500
Building 4 5 0.062
90.000 30.500
90.000 30.750
90.250 30.750
90.250 30.500
Building 4 5 0.062
90.000 30.750
90.000 31.000
90.250 31.000
90.250 30.750
Building 4 5 0.062
90.000 31.000
90.000 31.250
90.250 31.250
90.250 31.000
Building 4 5 0.062
90.000 31.250
90.000 31.500
90.250 31.500
90.250 31.250
Building 4 5 0.062
90.000 31.500
90.000 31.750
90.250 31.750
90.250 31.500
Building 4 5 0.062
90.000 31.750
90.000 32.000
90.250 32.000
90.250 31.750
Building 4 5 0.062
90.000 32.000
90.000 32.250
90.250 32.250
90.250 32.000
Building 4 5 0.062
90.250 32.500
90.250 32.250
90.000 32.250
90.000 32.500
Building 4 5 0.062
90.250 27.500
90.250 27.750
90.500 27.750
90.500 27.500
Building 4 5 0.062
90.250 27.750
90.250 28.000
90.500 28.000
90.500 27.750
Building 4 5 0.062
90.250 28.000
90.250 28.250
90.500 28.250
90.500 28.000
Building 4 5 0.062
90.250 28.250
90.250 28.500
90.500 28.500
90.500 28.250
Building 4 5 0.062
90.250 28.500
90.250 28.750
90.500 28.750
90.500 28.500
Building 4 5 0.062
90.250 28.750
90.250 29.000
90.500 29.000
90.500 28.750
Building 4 5 0.062
90.250 29.000
90.250 29.250
90.500 29.250
90.500 29.000
Building 4 5 0.062
90.500 29.500
90.500 29.250
90.250 29.250
90.250 29.500
Building 4 5 0.062
90.250 30.500
90.250 30.750
90.500 30.750
90.500 30.500
Building 4 5 0.062
90.250 30.750
90.250 31.000
90.500 31.000
90.500 30.750
Building 4 5 0.062
90.250 31.000
90.250 31.250
90.500 31.250
90.500 31.000
Building 4 5 0.062
90.250 31.250
90.250 31.500
90.500 31.500
90.500 31.250
Building 4 5 0.062
90.250 31.500
90.250 31.750
90.500 31.750
90.500 31.500
Building 4 5 0.062
90.250 31.750
90.250 32.000
90.500 32.000
90.500 31.750
Building 4 5 0.062
90.250 32.000
90.250 32.250
90.500 32.250
90.500 32.000
Building 4 5 0.062
90.500 32.500
90.500 32.250
90.250 32.250
90.250 32.500
Building 4 5 0.062
90.500 27.500
90.500 27.750
90.750 27.750
90.750 27.500
Building 4 5 0.062
90.500 27.750
90.500 28.000
90.750 28.000
90.750 27.750
Building 4 5 0.062
90.500 28.000
90.500 28.250
90.750 28.250
90.750 28.000
Building 4 5 0.062
90.500 28.250
90.500 28.500
90.750 28.500
90.750 28.250
Building 4 5 0.062
90.500 28.500
90.500 28.750
90.750 28.750
90.750 28.500
Building 4 5 0.062
90.500 28.750
90.500 29.000
90.750 29.000
90.750 28.750
Building 4 5 0.062
90.500 29.000
90.500 29.250
90.750 29.250
90.750 29.000
Building 4 5 0.062
90.750 29.500
90.750 29.250
90.500 29.250
90.500 29.500
Building 4 5 0.062
90.500 30.500
90.500 30.750
90.750 30.750
90.750 30.500
Building 4 5 0.062
90.500 30.750
90.500 31.000
90.750 31.000
90.750 30.750
Building 4 5 0.062
90.500 31.000
90.500 31.250
90.750 31.250
90.750 31.000
Building 4 5 0.062
90.500 31.250
90.500 31.500
90.750 31.500
90.750 31.250
Building 4 5 0.062
90.500 31.500
90.500 31.750
90.750 31.750
90.750 31.500
Building 4 5 0.062
90.500 31.750
90.500 32.000
90.750 32.000
90.750 31.750
Building 4 5 0.062
90.500 32.000
90.500 32.250
90.750 32.250
90.750 32.000
Building 4 5 0.062
90.750 32.500
90.750 32.250
90.500 32.250
90.500 32.500
Building 4 5 0.062
90.750 27.500
90.750 27.750
91.000 27.750
91.000 27.500
Building 4 5 0.062
90.750 27.750
90.750 28.000
91.000 28.000
91.000 27.750
Building 4 5 0.062
90.750 28.000
90.750 28.250
91.000 28.250
91.000 28.000
Building 4 5 0.062
90.750 28.250
90.750 28.500
91.000 28.500
91.000 28.250
Building 4 5 0.062
90.750 28.500
90.750 28.750
91.000 28.750
91.000 28.500
Building 4 5 0.062
90.750 28.750
90.750 29.000
91.000 29.000
91.000 28.750
Building 4 5 0.062
90.750 29.000
90.750 29.250
91.000 29.250
91.000 29.000
Building 4 5 0.062
91.000 29.500
91.000 29.250
90.750 29.250
90.750 29.500
Building 4 5 0.062
90.750 30.500
90.750 30.750
91.000 30.750
91.000 30.500
Building 4 5 0.062
90.750 30.750
90.750 31.000
91.000 31.000
91.000 30.750
Building 4 5 0.062
90.750 31.000
90.750 31.250
91.000 31.250
91.000 31.000
Building 4 5 0.062
90.750 31.250
90.750 31.500
91.000 31.500
91.000 31.250
Building 4 5 0.062
90.750 31.500
90.750 31.750
91.000 31.750
91.000 31.500
Building 4 5 0.062
90.750 31.750
90.750 32.000
91.000 32.000
91.000 31.750
Building 4 5 0.062
90.750 32.000
90.750 32.250
91.000 32.250
91.000 32.000
Building 4 5 0.062
91.000 32.500
91.000 32.250
90.750 32.250
90.750 32.500
Building 4 5 0.062
91.000 27.500
91.000 27.750
91.250 27.750
91.250 27.500
Building 4 5 0.062
91.000 27.750
91.000 28.000
91.250 28.000
91.250 27.750
Building 4 5 0.062
91.000 28.000
91.000 28.250
91.250 28.250
91.250 28.000
Building 4 5 0.062
91.000 28.250
91.000 28.500
91.250 28.500
91.250 28.250
Building 4 5 0.062
91.000 28.500
91.000 28.750
91.250 28.750
91.250 28.500
Building 4 5 0.062
91.000 28.750
91.000 29.000
91.250 29.000
91.250 28.750
Building 4 5 0.062
91.000 29.000
91.000 29.250
91.250 29.250
91.250 29.000
Building 4 5 0.062
91.250 29.500
91.250 29.250
91.000 29.250
91.000 29.500
Building 4 5 0.062
91.000 30.500
91.000 30.750
91.250 30.750
91.250 30.500
Building 4 5 0.062
91.000 30.750
91.000 31.000
91.250 31.000
91.250 30.750
Building 4 5 0.062
91.000 31.000
91.000 31.250
91.250 31.250
91.250 31.000
Building 4 5 0.062
91.000 31.250
91.000 31.500
91.250 31.500
91.250 31.250
Building 4 5 0.062
91.000 31.500
91.000 31.750
91.250 31.750
91.250 31.500
Building 4 5 0.062
91.000 31.750
91.000 32.000
91.250 32.000
91.250 31.750
Building 4 5 0.062
91.000 32.000
91.000 32.250
91.250 32.250
91.250 32.000
Building 4 5 0.062
91.250 32.500
91.250 32.250
91.000 32.250
91.000 32.500
Building 4 5 0.062
91.250 27.500
91.250 27.750
91.500 27.750
91.500 27.500
Building 4 5 0.062
91.250 27.750
91.250 28.000
91.500 28.000
91.500 27.750
Building 4 5 0.062
91.250 28.000
91.250 28.250
91.500 28.250
91.500 28.000
Building 4 5 0.062
91.250 28.250
91.250 28.500
91.500 28.500
91.500 28.250
Building 4 5 0.062
91.250 28.500
91.250 28.750
91.500 28.750
91.500 28.500
Building 4 5 0.062
91.250 28.750
91.250 29.000
91.500 29.000
91.500 28.750
Building 4 5 0.062
91.250 29.000
91.250 29.250
91.500 29.250
91.500 29.000
Building 4 5 0.062
91.500 29.500
91.500 29.250
91.250 29.250
91.250 29.500
Building 4 5 0.062
91.250 30.500
91.250 30.750
91.500 30.750
91.500 30.500
Building 4 5 0.062
91.250 30.750
91.250 31.000
91.500 31.000
91.500 30.750
Building 4 5 0.062
91.250 31.000
91.250 31.250
91.500 31.250
91.500 31.000
Building 4 5 0.062
91.250 31.250
91.250 31.500
91.500 31.500
91.500 31.250
Building 4 5 0.062
91.250 31.500
91.250 31.750
91.500 31.750
91.500 31.500
Building 4 5 0.062
91.250 31.750
91.250 32.000
91.500 32.000
91.500 31.750
Building 4 5 0.062
91.250 32.000
91.250 32.250
91.500 32.250
91.500 32.000
Building 4 5 0.062
91.500 32.500
91.500 32.250
91.250 32.250
91.250 32.500
Building 4 5 0.062
91.500 27.500
91.500 27.750
91.750 27.750
91.750 27.500
Building 4 5 0.062
91.500 27.750
91.500 28.000
91.750 28.000
91.750 27.750
Building 4 5 0.062
91.500 28.000
91.500 28.250
91.750 28.250
91.750 28.000
Building 4 5 0.062
91.500 28.250
91.500 28.500
91.750 28.500
91.750 28.250
Building 4 5 0.062
91.500 28.500
91.500 28.750
91.750 28.750
91.750 28.500
Building 4 5 0.062
91.500 28.750
91.500 29.000
91.750 29.000
91.750 28.750
Building 4 5 0.062
91.500 29.000
91.500 29.250
91.750 29.250
91.750 29.000
Building 4 5 0.062
91.750 29.500
91.750 29.250
91.500 29.250
91.500 29.500
Building 4 5 0.062
91.500 30.500
91.500 30.750
91.750 30.750
91.750 30.500
Building 4 5 0.062
91.500 30.750
91.500 31.000
91.750 31.000
91.750 30.750
Building 4 5 0.062
91.500 31.000
91.500 31.250
91.750 31.250
91.750 31.000
Building 4 5 0.062
91.500 31.250
91.500 31.500
91.750 31.500
91.750 31.250
Building 4 5 0.062
91.500 31.500
91.500 31.750
91.750 31.750
91.750 31.500
Building 4 5 0.062
91.500 31.750
91.500 32.000
91.750 32.000
91.750 31.750
Building 4 5 0.062
91.500 32.000
91.500 32.250
91.750 32.250
91.750 32.000
Building 4 5 0.062
91.750 32.500
91.750 32.250
91.500 32.250
91.500 32.500
Building 4 5 0.062
91.750 27.500
91.750 27.750
92.000 27.750
92.000 27.500
Building 4 5 0.062
91.750 27.750
91.750 28.000
92.000 28.000
92.000 27.750
Building 4 5 0.062
91.750 28.000
91.750 28.250
92.000 28.250
92.000 28.000
Building 4 5 0.062
91.750 28.250
91.750 28.500
92.000 28.500
92.000 28.250
Building 4 5 0.062
91.750 28.500
91.750 28.750
92.000 28.750
92.000 28.500
Building 4 5 0.062
91.750 28.750
91.750 29.000
92.000 29.000
92.000 28.750
Building 4 5 0.062
91.750 29.000
91.750 29.250
92.000 29.250
92.000 29.000
Building 4 5 0.062
92.000 29.500
92.000 29.250
91.750 29.250
91.750 29.500
Building 4 5 0.062
91.750 30.500
91.750 30.750
92.000 30.750
92.000 30.500
Building 4 5 0.062
91.750 30.750
91.750 31.000
92.000 31.000
92.000 30.750
Building 4 5 0.062
91.750 31.000
91.750 31.250
92.000 31.250
92.000 31.000
Building 4 5 0.062
91.750 31.250
91.750 31.500
92.000 31.500
92.000 31.250
Building 4 5 0.062
91.750 31.500
91.750 31.750
92.000 31.750
92.000 31.500
Building 4 5 0.062
91.750 31.750
91.750 32.000
92.000 32.000
92.000 31.750
Building 4 5 0.062
91.750 32.000
91.750 32.250
92.000 32.250
92.000 32.000
Building 4 5 0.062
92.000 32.500
92.000 32.250
91.750 32.250
91.750 32.500
Building 4 5 0.062
92.000 27.500
92.000 27.750
92.250 27.750
92.250 27.500
Building 4 5 0.062
92.000 27.750
92.000 28.000
92.250 28.000
92.250 27.750
Building 4 5 0.062
92.000 28.000
92.000 28.250
92.250 28.250
92.250 28.000
Building 4 5 0.062
92.000 28.250
92.000 28.500
92.250 28.500
92.250 28.250
Building 4 5 0.062
92.000 28.500
92.000 28.750
92.250 28.750
92.250 28.500
Building 4 5 0.062
92.000 28.750
92.000 29.000
92.250 29.000
92.250 28.750
Building 4 5 0.062
92.000 29.000
92.000 29.250
92.250 29.250
92.250 29.000
Building 4 5 0.062
92.250 29.500
92.250 29.250
92.000 29.250
92.000 29.500
Building 4 5 0.062
92.000 30.500
92.000 30.750
92.250 30.750
92.250 30.500
Building 4 5 0.062
92.000 30.750
92.000 31.000
92.250 31.000
92.250 30.750
Building 4 5 0.062
92.000 31.000
92.000 31.250
92.250 31.250
92.250 31.000
Building 4 5 0.062
92.000 31.250
92.000 31.500
92.250 31.500
92.250 31.250
Building 4 5 0.062
92.000 31.500
92.000 31.750
92.250 31.750
92.250 31.500
Building 4 5 0.062
92.000 31.750
92.000 32.000
92.250 32.000
92.250 31.750
Building 4 5 0.062
92.000 32.000
92.000 32.250
92.250 32.250
92.250 32.000
Building 4 5 0.062
92.250 32.500
92.250 32.250
92.000 32.250
92.000 32.500
Building 4 5 0.062
92.250 27.500
92.250 27.750
92.500 27.750
92.500 27.500
Building 4 5 0.062
92.250 27.750
92.250 28.000
92.500 28.000
92.500 27.750
Building 4 5 0.062
92.250 28.000
92.250 28.250
92.500 28.250
92.500 28.000
Building 4 5 0.062
92.250 28.250
92.250 28.500
92.500 28.500
92.500 28.250
Building 4 5 0.062
92.250 28.500
92.250 28.750
92.500 28.750
92.500 28.500
Building 4 5 0.062
92.250 28.750
92.250 29.000
92.500 29.000
92.500 28.750
Building 4 5 0.062
92.250 29.000
92.250 29.250
92.500 29.250
92.500 29.000
Building 4 5 0.062
92.500 29.500
92.500 29.250
92.250 29.250
92.250 29.500
Building 4 5 0.062
92.250 30.500
92.250 30.750
92.500 30.750
92.500 30.500
Building 4 5 0.062
92.250 30.750
92.250 31.000
92.500 31.000
92.500 30.750
Building 4 5 0.062
92.250 31.000
92.250 31.250
92.500 31.250
92.500 31.000
Building 4 5 0.062
92.250 31.250
92.250 31.500
92.500 31.500
92.500 31.250
Building 4 5 0.062
92.250 31.500
92.250 31.750
92.500 31.750
92.500 31.500
Building 4 5 0.062
92.250 31.750
92.250 32.000
92.500 32.000
92.500 31.750
Building 4 5 0.062
92.250 32.000
92.250 32.250
92.500 32.250
92.500 32.000
Building 4 5 0.062
92.500 32.500
92.500 32.250
92.250 32.250
92.250 32.500
Building 4 5 0.062
92.500 27.500
92.500 27.750
92.750 27.750
92.750 27.500
Building 4 5 0.062
92.500 27.750
92.500 28.000
92.750 28.000
92.750 27.750
Building 4 5 0.062
92.500 28.000
92.500 28.250
92.750 28.250
92.750 28.000
Building 4 5 0.062
92.500 28.250
92.500 28.500
92.750 28.500
92.750 28.250
Building 4 5 0.062
92.500 28.500
92.500 28.750
92.750 28.750
92.750 28.500
Building 4 5 0.062
92.500 28.750
92.500 29.000
92.750 29.000
92.750 28.750
Building 4 5 0.062
92.500 29.000
92.500 29.250
92.750 29.250
92.750 29.000
Building 4 5 0.062
92.750 29.500
92.750 29.250
92.500 29.250
92.500 29.500
Building 4 5 0.062
92.500 30.500
92.500 30.750
92.750 30.750
92.750 30.500
Building 4 5 0.062
92.500 30.750
92.500 31.000
92.750 31.000
92.750 30.750
Building 4 5 0.062
92.500 31.000
92.500 31.250
92.750 31.250
92.750 31.000
Building 4 5 0.062
92.500 31.250
92.500 31.500
92.750 31.500
92.750 31.250
Building 4 5 0.062
92.500 31.500
92.500 31.750
92.750 31.750
92.750 31.500
Building 4 5 0.062
92.500 31.750
92.500 32.000
92.750 32.000
92.750 31.750
Building 4 5 0.062
92.500 32.000
92.500 32.250
92.750 32.250
92.750 32.000
Building 4 5 0.062
92.750 32.500
92.750 32.250
92.500 32.250
92.500 32.500
Building 4 5 0.062
92.750 27.500
92.750 27.750
93.000 27.750
93.000 27.500
Building 4 5 0.062
92.750 27.750
92.750 28.000
93.000 28.000
93.000 27.750
Building 4 5 0.062
92.750 28.000
92.750 28.250
93.000 28.250
93.000 28.000
Building 4 5 0.062
92.750 28.250
92.750 28.500
93.000 28.500
93.000 28.250
Building 4 5 0.062
92.750 28.500
92.750 28.750
93.000 28.750
93.000 28.500
Building 4 5 0.062
92.750 28.750
92.750 29.000
93.000 29.000
93.000 28.750
Building 4 5 0.062
92.750 29.000
92.750 29.250
93.000 29.250
93.000 29.000
Building 4 5 0.062
93.000 29.500
93.000 29.250
92.750 29.250
92.750 29.500
Building 4 5 0.062
92.750 30.500
92.750 30.750
93.000 30.750
93.000 30.500
Building 4 5 0.062
92.750 30.750
92.750 31.000
93.000 31.000
93.000 30.750
Building 4 5 0.062
92.750 31.000
92.750 31.250
93.000 31.250
93.000 31.000
Building 4 5 0.062
92.750 31.250
92.750 31.500
93.000 31.500
93.000 31.250
Building 4 5 0.062
92.750 31.500
92.750 31.750
93.000 31.750
93.000 31.500
Building 4 5 0.062
92.750 31.750
92.750 32.000
93.000 32.000
93.000 31.750
Building 4 5 0.062
92.750 32.000
92.750 32.250
93.000 32.250
93.000 32.000
Building 4 5 0.062
93.000 32.500
93.000 32.250
92.750 32.250
92.750 32.500
Building 4 5 0.062
93.000 27.500
93.000 27.750
93.250 27.750
93.250 27.500
Building 4 5 0.062
93.000 27.750
93.000 28.000
93.250 28.000
93.250 27.750
Building 4 5 0.062
93.000 28.000
93.000 28.250
93.250 28.250
93.250 28.000
Building 4 5 0.062
93.000 28.250
93.000 28.500
93.250 28.500
93.250 28.250
Building 4 5 0.062
93.000 28.500
93.000 28.750
93.250 28.750
93.250 28.500
Building 4 5 0.062
93.000 28.750
93.000 29.000
93.250 29.000
93.250 28.750
Building 4 5 0.062
93.000 29.000
93.000 29.250
93.250 29.250
93.250 29.000
Building 4 5 0.062
93.250 29.500
93.250 29.250
93.000 29.250
93.000 29.500
Building 4 5 0.062
93.000 30.500
93.000 30.750
93.250 30.750
93.250 30.500
Building 4 5 0.062
93.000 30.750
93.000 31.000
93.250 31.000
93.250 30.750
Building 4 5 0.062
93.000 31.000
93.000 31.250
93.250 31.250
93.250 31.000
Building 4 5 0.062
93.000 31.250
93.000 31.500
93.250 31.500
93.250 31.250
Building 4 5 0.062
93.000 31.500
93.000 31.750
93.250 31.750
93.250 31.500
Building 4 5 0.062
93.000 31.750
93.000 32.000
93.250 32.000
93.250 31.750
Building 4 5 0.062
93.000 32.000
93.000 32.250
93.250 32.250
93.250 32.000
Building 4 5 0.062
93.250 32.500
93.250 32.250
93.000 32.250
93.000 32.500
Building 4 5 0.062
93.250 27.500
93.250 27.750
93.500 27.750
93.500 27.500
Building 4 5 0.062
93.250 27.750
93.250 28.000
93.500 28.000
93.500 27.750
Building 4 5 0.062
93.250 28.000
93.250 28.250
93.500 28.250
93.500 28.000
Building 4 5 0.062
93.250 28.250
93.250 28.500
93.500 28.500
93.500 28.250
Building 4 5 0.062
93.250 28.500
93.250 28.750
93.500 28.750
93.500 28.500
Building 4 5 0.062
93.250 28.750
93.250 29.000
93.500 29.000
93.500 28.750
Building 4 5 0.062
93.250 29.000
93.250 29.250
93.500 29.250
93.500 29.000
Building 4 5 0.062
93.500 29.500
93.500 29.250
93.250 29.250
93.250 29.500
Building 4 5 0.062
93.250 30.500
93.250 30.750
93.500 30.750
93.500 30.500
Building 4 5 0.062
93.250 30.750
93.250 31.000
93.500 31.000
93.500 30.750
Building 4 5 0.062
93.250 31.000
93.250 31.250
93.500 31.250
93.500 31.000
Building 4 5 0.062
93.250 31.250
93.250 31.500
93.500 31.500
93.500 31.250
Building 4 5 0.062
93.250 31.500
93.250 31.750
93.500 31.750
93.500 31.500
Building 4 5 0.062
93.250 31.750
93.250 32.000
93.500 32.000
93.500 31.750
Building 4 5 0.062
93.250 32.000
93.250 32.250
93.500 32.250
93.500 32.000
Building 4 5 0.062
93.500 32.500
93.500 32.250
93.250 32.250
93.250 32.500
Building 4 5 0.062
93.500 27.500
93.500 27.750
93.750 27.750
93.750 27.500
Building 4 5 0.062
93.500 27.750
93.500 28.000
93.750 28.000
93.750 27.750
Building 4 5 0.062
93.500 28.000
93.500 28.250
93.750 28.250
93.750 28.000
Building 4 5 0.062
93.500 28.250
93.500 28.500
93.750 28.500
93.750 28.250
Building 4 5 0.062
93.500 28.500
93.500 28.750
93.750 28.750
93.750 28.500
Building 4 5 0.062
93.500 28.750
93.500 29.000
93.750 29.000
93.750 28.750
Building 4 5 0.062
93.500 29.000
93.500 29.250
93.750 29.250
93.750 29.000
Building 4 5 0.062
93.750 29.500
93.750 29.250
93.500 29.250
93.500 29.500
Building 4 5 0.062
93.500 30.500
93.500 30.750
93.750 30.750
93.750 30.500
Building 4 5 0.062
93.500 30.750
93.500 31.000
93.750 31.000
93.750 30.750
Building 4 5 0.062
93.500 31.000
93.500 31.250
93.750 31.250
93.750 31.000
Building 4 5 0.062
93.500 31.250
93.500 31.500
93.750 31.500
93.750 31.250
Building 4 5 0.062
93.500 31.500
93.500 31.750
93.750 31.750
93.750 31.500
Building 4 5 0.062
93.500 31.750
93.500 32.000
93.750 32.000
93.750 31.750
Building 4 5 0.062
93.500 32.000
93.500 32.250
93.750 32.250
93.750 32.000
Building 4 5 0.062
93.750 32.500
93.750 32.250
93.500 32.250
93.500 32.500
Building 4 5 0.062
93.750 27.500
93.750 27.750
94.000 27.750
94.000 27.500
Building 4 5 0.062
93.750 27.750
93.750 28.000
94.000 28.000
94.000 27.750
Building 4 5 0.062
93.750 28.000
93.750 28.250
94.000 28.250
94.000 28.000
Building 4 5 0.062
93.750 28.250
93.750 28.500
94.000 28.500
94.000 28.250
Building 4 5 0.062
93.750 28.500
93.750 28.750
94.000 28.750
94.000 28.500
Building 4 5 0.062
93.750 28.750
93.750 29.000
94.000 29.000
94.000 28.750
Building 4 5 0.062
93.750 29.000
93.750 29.250
94.000 29.250
94.000 29.000
Building 4 5 0.062
94.000 29.500
94.000 29.250
93.750 29.250
93.750 29.500
Building 4 5 0.062
93.750 30.500
93.750 30.750
94.000 30.750
94.000 30.500
Building 4 5 0.062
93.750 30.750
93.750 31.000
94.000 31.000
94.000 30.750
Building 4 5 0.062
93.750 31.000
93.750 31.250
94.000 31.250
94.000 31.000
Building 4 5 0.062
93.750 31.250
93.750 31.500
94.000 31.500
94.000 31.250
Building 4 5 0.062
93.750 31.500
93.750 31.750
94.000 31.750
94.000 31.500
Building 4 5 0.062
93.750 31.750
93.750 32.000
94.000 32.000
94.000 31.750
Building 4 5 0.062
93.750 32.000
93.750 32.250
94.000 32.250
94.000 32.000
Building 4 5 0.062
94.000 32.500
94.000 32.250
93.750 32.250
93.750 32.500
Building 4 5 0.062
94.000 27.500
94.000 27.750
94.250 27.750
94.250 27.500
Building 4 5 0.062
94.000 27.750
94.000 28.000
94.250 28.000
94.250 27.750
Building 4 5 0.062
94.000 28.000
94.000 28.250
94.250 28.250
94.250 28.000
Building 4 5 0.062
94.000 28.250
94.000 28.500
94.250 28.500
94.250 28.250
Building 4 5 0.062
94.000 28.500
94.000 28.750
94.250 28.750
94.250 28.500
Building 4 5 0.062
94.000 28.750
94.000 29.000
94.250 29.000
94.250 28.750
Building 4 5 0.062
94.000 29.000
94.000 29.250
94.250 29.250
94.250 29.000
Building 4 5 0.062
94.250 29.500
94.250 29.250
94.000 29.250
94.000 29.500
Building 4 5 0.062
94.000 30.500
94.000 30.750
94.250 30.750
94.250 30.500
Building 4 5 0.062
94.000 30.750
94.000 31.000
94.250 31.000
94.250 30.750
Building 4 5 0.062
94.000 31.000
94.000 31.250
94.250 31.250
94.250 31.000
Building 4 5 0.062
94.000 31.250
94.000 31.500
94.250 31.500
94.250 31.250
Building 4 5 0.062
94.000 31.500
94.000 31.750
94.250 31.750
94.250 31.500
Building 4 5 0.062
94.000 31.750
94.000 32.000
94.250 32.000
94.250 31.750
Building 4 5 0.062
94.000 32.000
94.000 32.250
94.250 32.250
94.250 32.000
Building 4 5 0.062
94.250 32.500
94.250 32.250
94.000 32.250
94.000 32.500
Building 4 5 0.062
94.250 27.500
94.250 27.750
94.500 27.750
94.500 27.500
Building 4 5 0.062
94.250 27.750
94.250 28.000
94.500 28.000
94.500 27.750
Building 4 5 0.062
94.250 28.000
94.250 28.250
94.500 28.250
94.500 28.000
Building 4 5 0.062
94.250 28.250
94.250 28.500
94.500 28.500
94.500 28.250
Building 4 5 0.062
94.250 28.500
94.250 28.750
94.500 28.750
94.500 28.500
Building 4 5 0.062
94.250 28.750
94.250 29.000
94.500 29.000
94.500 28.750
Building 4 5 0.062
94.250 29.000
94.250 29.250
94.500 29.250
94.500 29.000
Building 4 5 0.062
94.500 29.500
94.500 29.250
94.250 29.250
94.250 29.500
Building 4 5 0.062
94.250 30.500
94.250 30.750
94.500 30.750
94.500 30.500
Building 4 5 0.062
94.250 30.750
94.250 31.000
94.500 31.000
94.500 30.750
Building 4 5 0.062
94.250 31.000
94.250 31.250
94.500 31.250
94.500 31.000
Building 4 5 0.062
94.250 31.250
94.250 31.500
94.500 31.500
94.500 31.250
Building 4 5 0.062
94.250 31.500
94.250 31.750
94.500 31.750
94.500 31.500
Building 4 5 0.062
94.250 31.750
94.250 32.000
94.500 32.000
94.500 31.750
Building 4 5 0.062
94.250 32.000
94.250 32.250
94.500 32.250
94.500 32.000
Building 4 5 0.062
94.500 32.500
94.500 32.250
94.250 32.250
94.250 32.500
Building 4 5 0.062
94.500 27.500
94.500 27.750
94.750 27.750
94.750 27.500
Building 4 5 0.062
94.500 27.750
94.500 28.000
94.750 28.000
94.750 27.750
Building 4 5 0.062
94.500 28.000
94.500 28.250
94.750 28.250
94.750 28.000
Building 4 5 0.062
94.500 28.250
94.500 28.500
94.750 28.500
94.750 28.250
Building 4 5 0.062
94.500 28.500
94.500 28.750
94.750 28.750
94.750 28.500
Building 4 5 0.062
94.500 28.750
94.500 29.000
94.750 29.000
94.750 28.750
Building 4 5 0.062
94.500 29.000
94.500 29.250
94.750 29.250
94.750 29.000
Building 4 5 0.062
94.750 29.500
94.750 29.250
94.500 29.250
94.500 29.500
Building 4 5 0.062
94.500 30.500
94.500 30.750
94.750 30.750
94.750 30.500
Building 4 5 0.062
94.500 30.750
94.500 31.000
94.750 31.000
94.750 30.750
Building 4 5 0.062
94.500 31.000
94.500 31.250
94.750 31.250
94.750 31.000
Building 4 5 0.062
94.500 31.250
94.500 31.500
94.750 31.500
94.750 31.250
Building 4 5 0.062
94.500 31.500
94.500 31.750
94.750 31.750
94.750 31.500
Building 4 5 0.062
94.500 31.750
94.500 32.000
94.750 32.000
94.750 31.750
Building 4 5 0.062
94.500 32.000
94.500 32.250
94.750 32.250
94.750 32.000
Building 4 5 0.062
94.750 32.500
94.750 32.250
94.500 32.250
94.500 32.500
Building 4 5 0.062
94.750 27.500
94.750 27.750
95.000 27.750
95.000 27.500
Building 4 5 0.062
94.750 27.750
94.750 28.000
95.000 28.000
95.000 27.750
Building 4 5 0.062
94.750 28.000
94.750 28.250
95.000 28.250
95.000 28.000
Building 4 5 0.062
94.750 28.250
94.750 28.500
95.000 28.500
95.000 28.250
Building 4 5 0.062
94.750 28.500
94.750 28.750
95.000 28.750
95.000 28.500
Building 4 5 0.062
94.750 28.750
94.750 29.000
95.000 29.000
95.000 28.750
Building 4 5 0.062
94.750 29.000
94.750 29.250
95.000 29.250
95.000 29.000
Building 4 5 0.062
95.000 29.500
95.000 29.250
94.750 29.250
94.750 29.500
Building 4 5 0.062
94.750 30.500
94.750 30.750
95.000 30.750
95.000 30.500
Building 4 5 0.062
94.750 30.750
94.750 31.000
95.000 31.000
95.000 30.750
Building 4 5 0.062
94.750 31.000
94.750 31.250
95.000 31.250
95.000 31.000
Building 4 5 0.062
94.750 31.250
94.750 31.500
95.000 31.500
95.000 31.250
Building 4 5 0.062
94.750 31.500
94.750 31.750
95.000 31.750
95.000 31.500
Building 4 5 0.062
94.750 31.750
94.750 32.000
95.000 32.000
95.000 31.750
Building 4 5 0.062
94.750 32.000
94.750 32.250
95.000 32.250
95.000 32.000
Building 4 5 0.062
95.000 32.500
95.000 32.250
94.750 32.250
94.750 32.500
Building 4 5 0.062
95.000 27.500
95.000 27.750
95.250 27.750
95.250 27.500
Building 4 5 0.062
95.000 27.750
95.000 28.000
95.250 28.000
95.250 27.750
Building 4 5 0.062
95.000 28.000
95.000 28.250
95.250 28.250
95.250 28.000
Building 4 5 0.062
95.000 28.250
95.000 28.500
95.250 28.500
95.250 28.250
Building 4 5 0.062
95.000 28.500
95.000 28.750
95.250 28.750
95.250 28.500
Building 4 5 0.062
95.000 28.750
95.000 29.000
95.250 29.000
95.250 28.750
Building 4 5 0.062
95.000 29.000
95.000 29.250
95.250 29.250
95.250 29.000
Building 4 5 0.062
95.250 29.500
95.250 29.250
95.000 29.250
95.000 29.500
Building 4 5 0.062
95.000 30.500
95.000 30.750
95.250 30.750
95.250 30.500
Building 4 5 0.062
95.000 30.750
95.000 31.000
95.250 31.000
95.250 30.750
Building 4 5 0.062
95.000 31.000
95.000 31.250
95.250 31.250
95.250 31.000
Building 4 5 0.062
95.000 31.250
95.000 31.500
95.250 31.500
95.250 31.250
Building 4 5 0.062
95.000 31.500
95.000 31.750
95.250 31.750
95.250 31.500
Building 4 5 0.062
95.000 31.750
95.000 32.000
95.250 32.000
95.250 31.750
Building 4 5 0.062
95.000 32.000
95.000 32.250
95.250 32.250
95.250 32.000
Building 4 5 0.062
95.250 32.500
95.250 32.250
95.000 32.250
95.000 32.500
Building 4 5 0.062
95.250 27.500
95.250 27.750
95.500 27.750
95.500 27.500
Building 4 5 0.062
95.250 27.750
95.250 28.000
95.500 28.000
95.500 27.750
Building 4 5 0.062
95.250 28.000
95.250 28.250
95.500 28.250
95.500 28.000
Building 4 5 0.062
95.250 28.250
95.250 28.500
95.500 28.500
95.500 28.250
Building 4 5 0.062
95.250 28.500
95.250 28.750
95.500 28.750
95.500 28.500
Building 4 5 0.062
95.250 28.750
95.250 29.000
95.500 29.000
95.500 28.750
Building 4 5 0.062
95.250 29.000
95.250 29.250
95.500 29.250
95.500 29.000
Building 4 5 0.062
95.500 29.500
95.500 29.250
95.250 29.250
95.250 29.500
Building 4 5 0.062
95.250 30.500
95.250 30.750
95.500 30.750
95.500 30.500
Building 4 5 0.062
95.250 30.750
95.250 31.000
95.500 31.000
95.500 30.750
Building 4 5 0.062
95.250 31.000
95.250 31.250
95.500 31.250
95.500 31.000
Building 4 5 0.062
95.250 31.250
95.250 31.500
95.500 31.500
95.500 31.250
Building 4 5 0.062
95.250 31.500
95.250 31.750
95.500 31.750
95.500 31.500
Building 4 5 0.062
95.250 31.750
95.250 32.000
95.500 32.000
95.500 31.750
Building 4 5 0.062
95.250 32.000
95.250 32.250
95.500 32.250
95.500 32.000
Building 4 5 0.062
95.500 32.500
95.500 32.250
95.250 32.250
95.250 32.500
Building 4 5 0.062
95.500 27.500
95.500 27.750
95.750 27.750
95.750 27.500
Building 4 5 0.062
95.500 27.750
95.500 28.000
95.750 28.000
95.750 27.750
Building 4 5 0.062
95.500 28.000
95.500 28.250
95.750 28.250
95.750 28.000
Building 4 5 0.062
95.500 28.250
95.500 28.500
95.750 28.500
95.750 28.250
Building 4 5 0.062
95.500 28.500
95.500 28.750
95.750 28.750
95.750 28.500
Building 4 5 0.062
95.500 28.750
95.500 29.000
95.750 29.000
95.750 28.750
Building 4 5 0.062
95.500 29.000
95.500 29.250
95.750 29.250
95.750 29.000
Building 4 5 0.062
95.750 29.500
95.750 29.250
95.500 29.250
95.500 29.500
Building 4 5 0.062
95.500 30.500
95.500 30.750
95.750 30.750
95.750 30.500
Building 4 5 0.062
95.500 30.750
95.500 31.000
95.750 31.000
95.750 30.750
Building 4 5 0.062
95.500 31.000
95.500 31.250
95.750 31.250
95.750 31.000
Building 4 5 0.062
95.500 31.250
95.500 31.500
95.750 31.500
95.750 31.250
Building 4 5 0.062
95.500 31.500
95.500 31.750
95.750 31.750
95.750 31.500
Building 4 5 0.062
95.500 31.750
95.500 32.000
95.750 32.000
95.750 31.750
Building 4 5 0.062
95.500 32.000
95.500 32.250
95.750 32.250
95.750 32.000
Building 4 5 0.062
95.750 32.500
95.750 32.250
95.500 32.250
95.500 32.500
Building 4 5 0.062
95.750 27.500
95.750 27.750
96.000 27.750
96.000 27.500
Building 4 5 0.062
95.750 27.750
95.750 28.000
96.000 28.000
96.000 27.750
Building 4 5 0.062
95.750 28.000
95.750 28.250
96.000 28.250
96.000 28.000
Building 4 5 0.062
95.750 28.250
95.750 28.500
96.000 28.500
96.000 28.250
Building 4 5 0.062
95.750 28.500
95.750 28.750
96.000 28.750
96.000 28.500
Building 4 5 0.062
95.750 28.750
95.750 29.000
96.000 29.000
96.000 28.750
Building 4 5 0.062
95.750 29.000
95.750 29.250
96.000 29.250
96.000 29.000
Building 4 5 0.062
96.000 29.500
96.000 29.250
95.750 29.250
95.750 29.500
Building 4 5 0.062
95.750 30.500
95.750 30.750
96.000 30.750
96.000 30.500
Building 4 5 0.062
95.750 30.750
95.750 31.000
96.000 31.000
96.000 30.750
Building 4 5 0.062
95.750 31.000
95.750 31.250
96.000 31.250
96.000 31.000
Building 4 5 0.062
95.750 31.250
95.750 31.500
96.000 31.500
96.000 31.250
Building 4 5 0.062
95.750 31.500
95.750 31.750
96.000 31.750
96.000 31.500
Building 4 5 0.062
95.750 31.750
95.750 32.000
96.000 32.000
96.000 31.750
Building 4 5 0.062
95.750 32.000
95.750 32.250
96.000 32.250
96.000 32.000
Building 4 5 0.062
96.000 32.500
96.000 32.250
95.750 32.250
95.750 32.500
Building 4 5 0.062
96.000 27.500
96.000 27.750
96.250 27.750
96.250 27.500
Building 4 5 0.062
96.000 27.750
96.000 28.000
96.250 28.000
96.250 27.750
Building 4 5 0.062
96.000 28.000
96.000 28.250
96.250 28.250
96.250 28.000
Building 4 5 0.062
96.000 28.250
96.000 28.500
96.250 28.500
96.250 28.250
Building 4 5 0.062
96.000 28.500
96.000 28.750
96.250 28.750
96.250 28.500
Building 4 5 0.062
96.000 28.750
96.000 29.000
96.250 29.000
96.250 28.750
Building 4 5 0.062
96.000 29.000
96.000 29.250
96.250 29.250
96.250 29.000
Building 4 5 0.062
96.250 29.500
96.250 29.250
96.000 29.250
96.000 29.500
Building 4 5 0.062
96.000 30.500
96.000 30.750
96.250 30.750
96.250 30.500
Building 4 5 0.062
96.000 30.750
96.000 31.000
96.250 31.000
96.250 30.750
Building 4 5 0.062
96.000 31.000
96.000 31.250
96.250 31.250
96.250 31.000
Building 4 5 0.062
96.000 31.250
96.000 31.500
96.250 31.500
96.250 31.250
Building 4 5 0.062
96.000 31.500
96.000 31.750
96.250 31.750
96.250 31.500
Building 4 5 0.062
96.000 31.750
96.000 32.000
96.250 32.000
96.250 31.750
Building 4 5 0.062
96.000 32.000
96.000 32.250
96.250 32.250
96.250 32.000
Building 4 5 0.062
96.250 32.500
96.250 32.250
96.000 32.250
96.000 32.500
Building 4 5 0.062
96.250 27.500
96.250 27.750
96.500 27.750
96.500 27.500
Building 4 5 0.062
96.250 27.750
96.250 28.000
96.500 28.000
96.500 27.750
Building 4 5 0.062
96.250 28.000
96.250 28.250
96.500 28.250
96.500 28.000
Building 4 5 0.062
96.250 28.250
96.250 28.500
96.500 28.500
96.500 28.250
Building 4 5 0.062
96.250 28.500
96.250 28.750
96.500 28.750
96.500 28.500
Building 4 5 0.062
96.250 28.750
96.250 29.000
96.500 29.000
96.500 28.750
Building 4 5 0.062
96.250 29.000
96.250 29.250
96.500 29.250
96.500 29.000
Building 4 5 0.062
96.500 29.500
96.500 29.250
96.250 29.250
96.250 29.500
Building 4 5 0.062
96.250 30.500
96.250 30.750
96.500 30.750
96.500 30.500
Building 4 5 0.062
96.250 30.750
96.250 31.000
96.500 31.000
96.500 30.750
Building 4 5 0.062
96.250 31.000
96.250 31.250
96.500 31.250
96.500 31.000
Building 4 5 0.062
96.250 31.250
96.250 31.500
96.500 31.500
96.500 31.250
Building 4 5 0.062
96.250 31.500
96.250 31.750
96.500 31.750
96.500 31.500
Building 4 5 0.062
96.250 31.750
96.250 32.000
96.500 32.000
96.500 31.750
Building 4 5 0.062
96.250 32.000
96.250 32.250
96.500 32.250
96.500 32.000
Building 4 5 0.062
96.500 32.500
96.500 32.250
96.250 32.250
96.250 32.500
Building 4 5 0.062
96.500 27.500
96.500 27.750
96.750 27.750
96.750 27.500
Building 4 5 0.062
96.500 27.750
96.500 28.000
96.750 28.000
96.750 27.750
Building 4 5 0.062
96.500 28.000
96.500 28.250
96.750 28.250
96.750 28.000
Building 4 5 0.062
96.500 28.250
96.500 28.500
96.750 28.500
96.750 28.250
Building 4 5 0.062
96.500 28.500
96.500 28.750
96.750 28.750
96.750 28.500
Building 4 5 0.062
96.500 28.750
96.500 29.000
96.750 29.000
96.750 28.750
Building 4 5 0.062
96.500 29.000
96.500 29.250
96.750 29.250
96.750 29.000
Building 4 5 0.062
96.750 29.500
96.750 29.250
96.500 29.250
96.500 29.500
Building 4 5 0.062
96.500 30.500
96.500 30.750
96.750 30.750
96.750 30.500
Building 4 5 0.062
96.500 30.750
96.500 31.000
96.750 31.000
96.750 30.750
Building 4 5 0.062
96.500 31.000
96.500 31.250
96.750 31.250
96.750 31.000
Building 4 5 0.062
96.500 31.250
96.500 31.500
96.750 31.500
96.750 31.250
Building 4 5 0.062
96.500 31.500
96.500 31.750
96.750 31.750
96.750 31.500
Building 4 5 0.062
96.500 31.750
96.500 32.000
96.750 32.000
96.750 31.750
Building 4 5 0.062
96.500 32.000
96.500 32.250
96.750 32.250
96.750 32.000
Building 4 5 0.062
96.750 32.500
96.750 32.250
96.500 32.250
96.500 32.500
Building 4 5 0.062
96.750 27.500
96.750 27.750
97.000 27.750
97.000 27.500
Building 4 5 0.062
96.750 27.750
96.750 28.000
97.000 28.000
97.000 27.750
Building 4 5 0.062
96.750 28.000
96.750 28.250
97.000 28.250
97.000 28.000
Building 4 5 0.062
96.750 28.250
96.750 28.500
97.000 28.500
97.000 28.250
Building 4 5 0.062
96.750 28.500
96.750 28.750
97.000 28.750
97.000 28.500
Building 4 5 0.062
96.750 28.750
96.750 29.000
97.000 29.000
97.000 28.750
Building 4 5 0.062
96.750 29.000
96.750 29.250
97.000 29.250
97.000 29.000
Building 4 5 0.062
97.000 29.500
97.000 29.250
96.750 29.250
96.750 29.500
Building 4 5 0.062
96.750 30.500
96.750 30.750
97.000 30.750
97.000 30.500
Building 4 5 0.062
96.750 30.750
96.750 31.000
97.000 31.000
97.000 30.750
Building 4 5 0.062
96.750 31.000
96.750 31.250
97.000 31.250
97.000 31.000
Building 4 5 0.062
96.750 31.250
96.750 31.500
97.000 31.500
97.000 31.250
Building 4 5 0.062
96.750 31.500
96.750 31.750
97.000 31.750
97.000 31.500
Building 4 5 0.062
96.750 31.750
96.750 32.000
97.000 32.000
97.000 31.750
Building 4 5 0.062
96.750 32.000
96.750 32.250
97.000 32.250
97.000 32.000
Building 4 5 0.062
97.000 32.500
97.000 32.250
96.750 32.250
96.750 32.500
Building 4 5 0.062
97.000 27.500
97.000 27.750
97.250 27.750
97.250 27.500
Building 4 5 0.062
97.000 27.750
97.000 28.000
97.250 28.000
97.250 27.750
Building 4 5 0.062
97.000 28.000
97.000 28.250
97.250 28.250
97.250 28.000
Building 4 5 0.062
97.000 28.250
97.000 28.500
97.250 28.500
97.250 28.250
Building 4 5 0.062
97.000 28.500
97.000 28.750
97.250 28.750
97.250 28.500
Building 4 5 0.062
97.000 28.750
97.000 29.000
97.250 29.000
97.250 28.750
Building 4 5 0.062
97.000 29.000
97.000 29.250
97.250 29.250
97.250 29.000
Building 4 5 0.062
97.250 29.500
97.250 29.250
97.000 29.250
97.000 29.500
Building 4 5 0.062
97.000 29.750
97.250 29.750
97.250 29.500
97.000 29.500
Building 4 5 0.062
97.000 30.000
97.250 30.000
97.250 29.750
97.000 29.750
Building 4 5 0.062
97.000 30.250
97.250 30.250
97.250 30.000
97.000 30.000
Building 4 5 0.062
97.000 30.500
97.250 30.500
97.250 30.250
97.000 30.250
Building 4 5 0.062
97.000 30.750
97.250 30.750
97.250 30.500
97.000 30.500
Building 4 5 0.062
97.000 30.750
97.000 31.000
97.250 31.000
97.250 30.750
Building 4 5 0.062
97.000 31.000
97.000 31.250
97.250 31.250
97.250 31.000
Building 4 5 0.062
97.000 31.250
97.000 31.500
97.250 31.500
97.250 31.250
Building 4 5 0.062
97.000 31.500
97.000 31.750
97.250 31.750
97.250 31.500
Building 4 5 0.062
97.000 31.750
97.000 32.000
97.250 32.000
97.250 31.750
Building 4 5 0.062
97.000 32.000
97.000 32.250
97.250 32.250
97.250 32.000
Building 4 5 0.062
97.250 32.500
97.250 32.250
97.000 32.250
97.000 32.500
Building 4 5 0.062
97.250 27.500
97.250 27.750
97.500 27.750
97.500 27.500
Building 4 5 0.062
97.250 27.750
97.250 28.000
97.500 28.000
97.500 27.750
Building 4 5 0.062
97.250 28.000
97.250 28.250
97.500 28.250
97.500 28.000
Building 4 5 0.062
97.250 28.250
97.250 28.500
97.500 28.500
97.500 28.250
Building 4 5 0.062
97.250 28.500
97.250 28.750
97.500 28.750
97.500 28.500
Building 4 5 0.062
97.250 28.750
97.250 29.000
97.500 29.000
97.500 28.750
Building 4 5 0.062
97.250 29.000
97.250 29.250
97.500 29.250
97.500 29.000
Building 4 5 0.062
97.250 29.250
97.250 29.500
97.500 29.500
97.500 29.250
Building 4 5 0.062
97.250 29.500
97.250 29.750
97.500 29.750
97.500 29.500
Building 4 5 0.062
97.250 29.750
97.250 30.000
97.500 30.000
97.500 29.750
Building 4 5 0.062
97.250 30.000
97.250 30.250
97.500 30.250
97.500 30.000
Building 4 5 0.062
97.250 30.250
97.250 30.500
97.500 30.500
97.500 30.250
Building 4 5 0.062
97.250 30.500
97.250 30.750
97.500 30.750
97.500 30.500
Building 4 5 0.062
97.250 30.750
97.250 31.000
97.500 31.000
97.500 30.750
Building 4 5 0.062
97.250 31.000
97.250 31.250
97.500 31.250
97.500 31.000
Building 4 5 0.062
97.250 31.250
97.250 31.500
97.500 31.500
97.500 31.250
Building 4 5 0.062
97.250 31.500
97.250 31.750
97.500 31.750
97.500 31.500
Building 4 5 0.062
97.250 31.750
97.250 32.000
97.500 32.000
97.500 31.750
Building 4 5 0.062
97.250 32.000
97.250 32.250
97.500 32.250
97.500 32.000
Building 4 5 0.062
97.500 32.500
97.500 32.250
97.250 32.250
97.250 32.500
Building 4 5 0.062
97.500 27.500
97.500 27.750
97.750 27.750
97.750 27.500
Building 4 5 0.062
97.500 27.750
97.500 28.000
97.750 28.000
97.750 27.750
Building 4 5 0.062
97.500 28.000
97.500 28.250
97.750 28.250
97.750 28.000
Building 4 5 0.062
97.500 28.250
97.500 28.500
97.750 28.500
97.750 28.250
Building 4 5 0.062
97.500 28.500
97.500 28.750
97.750 28.750
97.750 28.500
Building 4 5 0.062
97.500 28.750
97.500 29.000
97.750 29.000
97.750 28.750
Building 4 5 0.062
97.500 29.000
97.500 29.250
97.750 29.250
97.750 29.000
Building 4 5 0.062
97.500 29.250
97.500 29.500
97.750 29.500
97.750 29.250
Building 4 5 0.062
97.500 29.500
97.500 29.750
97.750 29.750
97.750 29.500
Building 4 5 0.062
97.500 29.750
97.500 30.000
97.750 30.000
97.750 29.750
Building 4 5 0.062
97.500 30.000
97.500 30.250
97.750 30.250
97.750 30.000
Building 4 5 0.062
97.500 30.250
97.500 30.500
97.750 30.500
97.750 30.250
Building 4 5 0.062
97.500 30.500
97.500 30.750
97.750 30.750
97.750 30.500
Building 4 5 0.062
97.500 30.750
97.500 31.000
97.750 31.000
97.750 30.750
Building 4 5 0.062
97.500 31.000
97.500 31.250
97.750 31.250
97.750 31.000
Building 4 5 0.062
97.500 31.250
97.500 31.500
97.750 31.500
97.750 31.250
Building 4 5 0.062
97.500 31.500
97.500 31.750
97.750 31.750
97.750 31.500
Building 4 5 0.062
97.500 31.750
97.500 32.000
97.750 32.000
97.750 31.750
Building 4 5 0.062
97.500 32.000
97.500 32.250
97.750 32.250
97.750 32.000
Building 4 5 0.062
97.750 32.500
97.750 32.250
97.500 32.250
97.500 32.500
Building 4 5 0.062
97.750 27.500
97.750 27.750
98.000 27.750
98.000 27.500
Building 4 5 0.062
97.750 27.750
97.750 28.000
98.000 28.000
98.000 27.750
Building 4 5 0.062
97.750 28.000
97.750 28.250
98.000 28.250
98.000 28.000
Building 4 5 0.062
97.750 28.250
97.750 28.500
98.000 28.500
98.000 28.250
Building 4 5 0.062
97.750 28.500
97.750 28.750
98.000 28.750
98.000 28.500
Building 4 5 0.062
97.750 28.750
97.750 29.000
98.000 29.000
98.000 28.750
Building 4 5 0.062
97.750 29.000
97.750 29.250
98.000 29.250
98.000 29.000
Building 4 5 0.062
97.750 29.250
97.750 29.500
98.000 29.500
98.000 29.250
Building 4 5 0.062
97.750 29.500
97.750 29.750
98.000 29.750
98.000 29.500
Building 4 5 0.062
97.750 29.750
97.750 30.000
98.000 30.000
98.000 29.750
Building 4 5 0.062
97.750 30.000
97.750 30.250
98.000 30.250
98.000 30.000
Building 4 5 0.062
97.750 30.250
97.750 30.500
98.000 30.500
98.000 30.250
Building 4 5 0.062
97.750 30.500
97.750 30.750
98.000 30.750
98.000 30.500
Building 4 5 0.062
97.750 30.750
97.750 31.000
98.000 31.000
98.000 30.750
Building 4 5 0.062
97.750 31.000
97.750 31.250
98.000 31.250
98.000 31.000
Building 4 5 0.062
97.750 31.250
97.750 31.500
98.000 31.500
98.000 31.250
Building 4 5 0.062
97.750 31.500
97.750 31.750
98.000 31.750
98.000 31.500
Building 4 5 0.062
97.750 31.750
97.750 32.000
98.000 32.000
98.000 31.750
Building 4 5 0.062
97.750 32.000
97.750 32.250
98.000 32.250
98.000 32.000
Building 4 5 0.062
98.000 32.500
98.000 32.250
97.750 32.250
97.750 32.500
Building 4 5 0.062
98.000 27.500
98.000 27.750
98.250 27.750
98.250 27.500
Building 4 5 0.062
98.000 27.750
98.000 28.000
98.250 28.000
98.250 27.750
Building 4 5 0.062
98.000 28.000
98.000 28.250
98.250 28.250
98.250 28.000
Building 4 5 0.062
98.000 28.250
98.000 28.500
98.250 28.500
98.250 28.250
Building 4 5 0.062
98.000 28.500
98.000 28.750
98.250 28.750
98.250 28.500
Building 4 5 0.062
98.000 28.750
98.000 29.000
98.250 29.000
98.250 28.750
Building 4 5 0.062
98.000 29.000
98.000 29.250
98.250 29.250
98.250 29.000
Building 4 5 0.062
98.000 29.250
98.000 29.500
98.250 29.500
98.250 29.250
Building 4 5 0.062
98.000 29.500
98.000 29.750
98.250 29.750
98.250 29.500
Building 4 5 0.062
98.000 29.750
98.000 30.000
98.250 30.000
98.250 29.750
Building 4 5 0.062
98.000 30.000
98.000 30.250
98.250 30.250
98.250 30.000
Building 4 5 0.062
98.000 30.250
98.000 30.500
98.250 30.500
98.250 30.250
Building 4 5 0.062
98.000 30.500
98.000 30.750
98.250 30.750
98.250 30.500
Building 4 5 0.062
98.000 30.750
98.000 31.000
98.250 31.000
98.250 30.750
Building 4 5 0.062
98.000 31.000
98.000 31.250
98.250 31.250
98.250 31.000
Building 4 5 0.062
98.000 31.250
98.000 31.500
98.250 31.500
98.250 31.250
Building 4 5 0.062
98.000 31.500
98.000 31.750
98.250 31.750
98.250 31.500
Building 4 5 0.062
98.000 31.750
98.000 32.000
98.250 32.000
98.250 31.750
Building 4 5 0.062
98.000 32.000
98.000 32.250
98.250 32.250
98.250 32.000
Building 4 5 0.062
98.250 32.500
98.250 32.250
98.000 32.250
98.000 32.500
Building 4 5 0.062
98.250 27.500
98.250 27.750
98.500 27.750
98.500 27.500
Building 4 5 0.062
98.250 27.750
98.250 28.000
98.500 28.000
98.500 27.750
Building 4 5 0.062
98.250 28.000
98.250 28.250
98.500 28.250
98.500 28.000
Building 4 5 0.062
98.250 28.250
98.250 28.500
98.500 28.500
98.500 28.250
Building 4 5 0.062
98.250 28.500
98.250 28.750
98.500 28.750
98.500 28.500
Building 4 5 0.062
98.250 28.750
98.250 29.000
98.500 29.000
98.500 28.750
Building 4 5 0.062
98.250 29.000
98.250 29.250
98.500 29.250
98.500 29.000
Building 4 5 0.062
98.250 29.250
98.250 29.500
98.500 29.500
98.500 29.250
Building 4 5 0.062
98.250 29.500
98.250 29.750
98.500 29.750
98.500 29.500
Building 4 5 0.062
98.250 29.750
98.250 30.000
98.500 30.000
98.500 29.750
Building 4 5 0.062
98.250 30.000
98.250 30.250
98.500 30.250
98.500 30.000
Building 4 5 0.062
98.250 30.250
98.250 30.500
98.500 30.500
98.500 30.250
Building 4 5 0.062
98.250 30.500
98.250 30.750
98.500 30.750
98.500 30.500
Building 4 5 0.062
98.250 30.750
98.250 31.000
98.500 31.000
98.500 30.750
Building 4 5 0.062
98.250 31.000
98.250 31.250
98.500 31.250
98.500 31.000
Building 4 5 0.062
98.250 31.250
98.250 31.500
98.500 31.500
98.500 31.250
Building 4 5 0.062
98.250 31.500
98.250 31.750
98.500 31.750
98.500 31.500
Building 4 5 0.062
98.250 31.750
98.250 32.000
98.500 32.000
98.500 31.750
Building 4 5 0.062
98.250 32.000
98.250 32.250
98.500 32.250
98.500 32.000
Building 4 5 0.062
98.500 32.500
98.500 32.250
98.250 32.250
98.250 32.500
Building 4 5 0.062
98.500 27.500
98.500 27.750
98.750 27.750
98.750 27.500
Building 4 5 0.062
98.500 27.750
98.500 28.000
98.750 28.000
98.750 27.750
Building 4 5 0.062
98.500 28.000
98.500 28.250
98.750 28.250
98.750 28.000
Building 4 5 0.062
98.500 28.250
98.500 28.500
98.750 28.500
98.750 28.250
Building 4 5 0.062
98.500 28.500
98.500 28.750
98.750 28.750
98.750 28.500
Building 4 5 0.062
98.500 28.750
98.500 29.000
98.750 29.000
98.750 28.750
Building 4 5 0.062
98.500 29.000
98.500 29.250
98.750 29.250
98.750 29.000
Building 4 5 0.062
98.500 29.250
98.500 29.500
98.750 29.500
98.750 29.250
Building 4 5 0.062
98.500 29.500
98.500 29.750
98.750 29.750
98.750 29.500
Building 4 5 0.062
98.500 29.750
98.500 30.000
98.750 30.000
98.750 29.750
Building 4 5 0.062
98.500 30.000
98.500 30.250
98.750 30.250
98.750 30.000
Building 4 5 0.062
98.500 30.250
98.500 30.500
98.750 30.500
98.750 30.250
Building 4 5 0.062
98.500 30.500
98.500 30.750
98.750 30.750
98.750 30.500
Building 4 5 0.062
98.500 30.750
98.500 31.000
98.750 31.000
98.750 30.750
Building 4 5 0.062
98.500 31.000
98.500 31.250
98.750 31.250
98.750 31.000
Building 4 5 0.062
98.500 31.250
98.500 31.500
98.750 31.500
98.750 31.250
Building 4 5 0.062
98.500 31.500
98.500 31.750
98.750 31.750
98.750 31.500
Building 4 5 0.062
98.500 31.750
98.500 32.000
98.750 32.000
98.750 31.750
Building 4 5 0.062
98.500 32.000
98.500 32.250
98.750 32.250
98.750 32.000
Building 4 5 0.062
98.750 32.500
98.750 32.250
98.500 32.250
98.500 32.500
Building 4 5 0.062
99.000 27.500
98.750 27.500
98.750 27.750
99.000 27.750
Building 4 5 0.062
99.000 27.750
98.750 27.750
98.750 28.000
99.000 28.000
Building 4 5 0.062
99.000 28.000
98.750 28.000
98.750 28.250
99.000 28.250
Building 4 5 0.062
99.000 28.250
98.750 28.250
98.750 28.500
99.000 28.500
Building 4 5 0.062
99.000 28.500
98.750 28.500
98.750 28.750
99.000 28.750
Building 4 5 0.062
99.000 28.750
98.750 28.750
98.750 29.000
99.000 29.000
Building 4 5 0.062
99.000 29.000
98.750 29.000
98.750 29.250
99.000 29.250
Building 4 5 0.062
99.000 29.250
98.750 29.250
98.750 29.500
99.000 29.500
Building 4 5 0.062
99.000 29.500
98.750 29.500
98.750 29.750
99.000 29.750
Building 4 5 0.062
99.000 29.750
98.750 29.750
98.750 30.000
99.000 30.000
Building 4 5 0.062
99.000 30.000
98.750 30.000
98.750 30.250
99.000 30.250
Building 4 5 0.062
99.000 30.250
98.750 30.250
98.750 30.500
99.000 30.500
Building 4 5 0.062
99.000 30.500
98.750 30.500
98.750 30.750
99.000 30.750
Building 4 5 0.062
99.000 30.750
98.750 30.750
98.750 31.000
99.000 31.000
Building 4 5 0.062
99.000 31.000
98.750 31.000
98.750 31.250
99.000 31.250
Building 4 5 0.062
99.000 31.250
98.750 31.250
98.750 31.500
99.000 31.500
Building 4 5 0.062
99.000 31.500
98.750 31.500
98.750 31.750
99.000 31.750
Building 4 5 0.062
99.000 31.750
98.750 31.750
98.750 32.000
99.000 32.000
Building 4 5 0.062
99.000 32.000
98.750 32.000
98.750 32.250
99.000 32.250
Building 4 5 0.062
99.000 32.500
99.000 32.250
98.750 32.250
98.750 32.500
