6208
Building 4 5 0.062
3.000 57.000
3.000 57.250
3.250 57.250
3.250 57.000
Building 4 5 0.062
3.000 57.500
3.250 57.500
3.250 57.250
3.000 57.250
Building 4 5 0.062
3.000 57.750
3.250 57.750
3.250 57.500
3.000 57.500
Building 4 5 0.062
3.000 58.000
3.250 58.000
3.250 57.750
3.000 57.750
Building 4 5 0.062
3.000 58.250
3.250 58.250
3.250 58.000
3.000 58.000
Building 4 5 0.062
3.000 58.500
3.250 58.500
3.250 58.250
3.000 58.250
Building 4 5 0.062
3.000 58.750
3.250 58.750
3.250 58.500
3.000 58.500
Building 4 5 0.062
3.000 59.000
3.250 59.000
3.250 58.750
3.000 58.750
Building 4 5 0.062
3.000 59.250
3.250 59.250
3.250 59.000
3.000 59.000
Building 4 5 0.062
3.000 59.500
3.250 59.500
3.250 59.250
3.000 59.250
Building 4 5 0.062
3.000 59.750
3.250 59.750
3.250 59.500
3.000 59.500
Building 4 5 0.062
3.000 60.000
3.250 60.000
3.250 59.750
3.000 59.750
Building 4 5 0.062
3.000 60.250
3.250 60.250
3.250 60.000
3.000 60.000
Building 4 5 0.062
3.000 60.500
3.250 60.500
3.250 60.250
3.000 60.250
Building 4 5 0.062
3.000 60.750
3.250 60.750
3.250 60.500
3.000 60.500
Building 4 5 0.062
3.000 61.000
3.250 61.000
3.250 60.750
3.000 60.750
Building 4 5 0.062
3.000 61.250
3.250 61.250
3.250 61.000
3.000 61.000
Building 4 5 0.062
3.000 61.500
3.250 61.500
3.250 61.250
3.000 61.250
Building 4 5 0.062
3.000 61.750
3.250 61.750
3.250 61.500
3.000 61.500
Building 4 5 0.062
3.000 62.000
3.250 62.000
3.250 61.750
3.000 61.750
Building 4 5 0.062
3.000 62.250
3.250 62.250
3.250 62.000
3.000 62.000
Building 4 5 0.062
3.000 62.500
3.250 62.500
3.250 62.250
3.000 62.250
Building 4 5 0.062
3.000 62.750
3.250 62.750
3.250 62.500
3.000 62.500
Building 4 5 0.062
3.000 63.000
3.250 63.000
3.250 62.750
3.000 62.750
Building 4 5 0.062
3.250 57.000
3.250 57.250
3.500 57.250
3.500 57.000
Building 4 5 0.062
3.250 57.250
3.250 57.500
3.500 57.500
3.500 57.250
Building 4 5 0.062
3.250 57.500
3.250 57.750
3.500 57.750
3.500 57.500
Building 4 5 0.062
3.250 57.750
3.250 58.000
3.500 58.000
3.500 57.750
Building 4 5 0.062
3.250 58.000
3.250 58.250
3.500 58.250
3.500 58.000
Building 4 5 0.062
3.250 58.250
3.250 58.500
3.500 58.500
3.500 58.250
Building 4 5 0.062
3.250 58.500
3.250 58.750
3.500 58.750
3.500 58.500
Building 4 5 0.062
3.250 58.750
3.250 59.000
3.500 59.000
3.500 58.750
Building 4 5 0.062
3.250 59.000
3.250 59.250
3.500 59.250
3.500 59.000
Building 4 5 0.062
3.250 59.250
3.250 59.500
3.500 59.500
3.500 59.250
Building 4 5 0.062
3.250 59.500
3.250 59.750
3.500 59.750
3.500 59.500
Building 4 5 0.062
3.250 59.750
3.250 60.000
3.500 60.000
3.500 59.750
Building 4 5 0.062
3.250 60.000
3.250 60.250
3.500 60.250
3.500 60.000
Building 4 5 0.062
3.250 60.250
3.250 60.500
3.500 60.500
3.500 60.250
Building 4 5 0.062
3.250 60.500
3.250 60.750
3.500 60.750
3.500 60.500
Building 4 5 0.062
3.250 60.750
3.250 61.000
3.500 61.000
3.500 60.750
Building 4 5 0.062
3.250 61.000
3.250 61.250
3.500 61.250
3.500 61.000
Building 4 5 0.062
3.250 61.250
3.250 61.500
3.500 61.500
3.500 61.250
Building 4 5 0.062
3.250 61.500
3.250 61.750
3.500 61.750
3.500 61.500
Building 4 5 0.062
3.250 61.750
3.250 62.000
3.500 62.000
3.500 61.750
Building 4 5 0.062
3.250 62.000
3.250 62.250
3.500 62.250
3.500 62.000
Building 4 5 0.062
3.250 62.250
3.250 62.500
3.500 62.500
3.500 62.250
Building 4 5 0.062
3.250 62.500
3.250 62.750
3.500 62.750
3.500 62.500
Building 4 5 0.062
3.500 63.000
3.500 62.750
3.250 62.750
3.250 63.000
Building 4 5 0.062
3.500 57.000
3.500 57.250
3.750 57.250
3.750 57.000
Building 4 5 0.062
3.500 57.250
3.500 57.500
3.750 57.500
3.750 57.250
Building 4 5 0.062
3.500 57.500
3.500 57.750
3.750 57.750
3.750 57.500
Building 4 5 0.062
3.500 57.750
3.500 58.000
3.750 58.000
3.750 57.750
Building 4 5 0.062
3.500 58.000
3.500 58.250
3.750 58.250
3.750 58.000
Building 4 5 0.062
3.500 58.250
3.500 58.500
3.750 58.500
3.750 58.250
Building 4 5 0.062
3.500 58.500
3.500 58.750
3.750 58.750
3.750 58.500
Building 4 5 0.062
3.500 58.750
3.500 59.000
3.750 59.000
3.750 58.750
Building 4 5 0.062
3.500 59.000
3.500 59.250
3.750 59.250
3.750 59.000
Building 4 5 0.062
3.500 59.250
3.500 59.500
3.750 59.500
3.750 59.250
Building 4 5 0.062
3.500 59.500
3.500 59.750
3.750 59.750
3.750 59.500
Building 4 5 0.062
3.500 59.750
3.500 60.000
3.750 60.000
3.750 59.750
Building 4 5 0.062
3.500 60.000
3.500 60.250
3.750 60.250
3.750 60.000
Building 4 5 0.062
3.500 60.250
3.500 60.500
3.750 60.500
3.750 60.250
Building 4 5 0.062
3.500 60.500
3.500 60.750
3.750 60.750
3.750 60.500
Building 4 5 0.062
3.500 60.750
3.500 61.000
3.750 61.000
3.750 60.750
Building 4 5 0.062
3.500 61.000
3.500 61.250
3.750 61.250
3.750 61.000
Building 4 5 0.062
3.500 61.250
3.500 61.500
3.750 61.500
3.750 61.250
Building 4 5 0.062
3.500 61.500
3.500 61.750
3.750 61.750
3.750 61.500
Building 4 5 0.062
3.500 61.750
3.500 62.000
3.750 62.000
3.750 61.750
Building 4 5 0.062
3.500 62.000
3.500 62.250
3.750 62.250
3.750 62.000
Building 4 5 0.062
3.500 62.250
3.500 62.500
3.750 62.500
3.750 62.250
Building 4 5 0.062
3.500 62.500
3.500 62.750
3.750 62.750
3.750 62.500
Building 4 5 0.062
3.750 63.000
3.750 62.750
3.500 62.750
3.500 63.000
Building 4 5 0.062
3.750 57.000
3.750 57.250
4.000 57.250
4.000 57.000
Building 4 5 0.062
3.750 57.250
3.750 57.500
4.000 57.500
4.000 57.250
Building 4 5 0.062
3.750 57.500
3.750 57.750
4.000 57.750
4.000 57.500
Building 4 5 0.062
3.750 57.750
3.750 58.000
4.000 58.000
4.000 57.750
Building 4 5 0.062
3.750 58.000
3.750 58.250
4.000 58.250
4.000 58.000
Building 4 5 0.062
3.750 58.250
3.750 58.500
4.000 58.500
4.000 58.250
Building 4 5 0.062
3.750 58.500
3.750 58.750
4.000 58.750
4.000 58.500
Building 4 5 0.062
3.750 58.750
3.750 59.000
4.000 59.000
4.000 58.750
Building 4 5 0.062
3.750 59.000
3.750 59.250
4.000 59.250
4.000 59.000
Building 4 5 0.062
3.750 59.250
3.750 59.500
4.000 59.500
4.000 59.250
Building 4 5 0.062
3.750 59.500
3.750 59.750
4.000 59.750
4.000 59.500
Building 4 5 0.062
3.750 59.750
3.750 60.000
4.000 60.000
4.000 59.750
Building 4 5 0.062
3.750 60.000
3.750 60.250
4.000 60.250
4.000 60.000
Building 4 5 0.062
3.750 60.250
3.750 60.500
4.000 60.500
4.000 60.250
Building 4 5 0.062
3.750 60.500
3.750 60.750
4.000 60.750
4.000 60.500
Building 4 5 0.062
3.750 60.750
3.750 61.000
4.000 61.000
4.000 60.750
Building 4 5 0.062
3.750 61.000
3.750 61.250
4.000 61.250
4.000 61.000
Building 4 5 0.062
3.750 61.250
3.750 61.500
4.000 61.500
4.000 61.250
Building 4 5 0.062
3.750 61.500
3.750 61.750
4.000 61.750
4.000 61.500
Building 4 5 0.062
3.750 61.750
3.750 62.000
4.000 62.000
4.000 61.750
Building 4 5 0.062
3.750 62.000
3.750 62.250
4.000 62.250
4.000 62.000
Building 4 5 0.062
3.750 62.250
3.750 62.500
4.000 62.500
4.000 62.250
Building 4 5 0.062
3.750 62.500
3.750 62.750
4.000 62.750
4.000 62.500
Building 4 5 0.062
4.000 63.000
4.000 62.750
3.750 62.750
3.750 63.000
Building 4 5 0.062
4.000 57.000
4.000 57.250
4.250 57.250
4.250 57.000
Building 4 5 0.062
4.000 57.250
4.000 57.500
4.250 57.500
4.250 57.250
Building 4 5 0.062
4.000 57.500
4.000 57.750
4.250 57.750
4.250 57.500
Building 4 5 0.062
4.000 57.750
4.000 58.000
4.250 58.000
4.250 57.750
Building 4 5 0.062
4.000 58.000
4.000 58.250
4.250 58.250
4.250 58.000
Building 4 5 0.062
4.000 58.250
4.000 58.500
4.250 58.500
4.250 58.250
Building 4 5 0.062
4.000 58.500
4.000 58.750
4.250 58.750
4.250 58.500
Building 4 5 0.062
4.000 58.750
4.000 59.000
4.250 59.000
4.250 58.750
Building 4 5 0.062
4.000 59.000
4.000 59.250
4.250 59.250
4.250 59.000
Building 4 5 0.062
4.000 59.250
4.000 59.500
4.250 59.500
4.250 59.250
Building 4 5 0.062
4.000 59.500
4.000 59.750
4.250 59.750
4.250 59.500
Building 4 5 0.062
4.000 59.750
4.000 60.000
4.250 60.000
4.250 59.750
Building 4 5 0.062
4.000 60.000
4.000 60.250
4.250 60.250
4.250 60.000
Building 4 5 0.062
4.000 60.250
4.000 60.500
4.250 60.500
4.250 60.250
Building 4 5 0.062
4.000 60.500
4.000 60.750
4.250 60.750
4.250 60.500
Building 4 5 0.062
4.000 60.750
4.000 61.000
4.250 61.000
4.250 60.750
Building 4 5 0.062
4.000 61.000
4.000 61.250
4.250 61.250
4.250 61.000
Building 4 5 0.062
4.000 61.250
4.000 61.500
4.250 61.500
4.250 61.250
Building 4 5 0.062
4.000 61.500
4.000 61.750
4.250 61.750
4.250 61.500
Building 4 5 0.062
4.000 61.750
4.000 62.000
4.250 62.000
4.250 61.750
Building 4 5 0.062
4.000 62.000
4.000 62.250
4.250 62.250
4.250 62.000
Building 4 5 0.062
4.000 62.250
4.000 62.500
4.250 62.500
4.250 62.250
Building 4 5 0.062
4.000 62.500
4.000 62.750
4.250 62.750
4.250 62.500
Building 4 5 0.062
4.250 63.000
4.250 62.750
4.000 62.750
4.000 63.000
Building 4 5 0.062
4.250 57.000
4.250 57.250
4.500 57.250
4.500 57.000
Building 4 5 0.062
4.250 57.250
4.250 57.500
4.500 57.500
4.500 57.250
Building 4 5 0.062
4.250 57.500
4.250 57.750
4.500 57.750
4.500 57.500
Building 4 5 0.062
4.250 57.750
4.250 58.000
4.500 58.000
4.500 57.750
Building 4 5 0.062
4.250 58.000
4.250 58.250
4.500 58.250
4.500 58.000
Building 4 5 0.062
4.250 58.250
4.250 58.500
4.500 58.500
4.500 58.250
Building 4 5 0.062
4.250 58.500
4.250 58.750
4.500 58.750
4.500 58.500
Building 4 5 0.062
4.250 58.750
4.250 59.000
4.500 59.000
4.500 58.750
Building 4 5 0.062
4.250 59.000
4.250 59.250
4.500 59.250
4.500 59.000
Building 4 5 0.062
4.250 59.250
4.250 59.500
4.500 59.500
4.500 59.250
Building 4 5 0.062
4.250 59.500
4.250 59.750
4.500 59.750
4.500 59.500
Building 4 5 0.062
4.250 59.750
4.250 60.000
4.500 60.000
4.500 59.750
Building 4 5 0.062
4.250 60.000
4.250 60.250
4.500 60.250
4.500 60.000
Building 4 5 0.062
4.250 60.250
4.250 60.500
4.500 60.500
4.500 60.250
Building 4 5 0.062
4.250 60.500
4.250 60.750
4.500 60.750
4.500 60.500
Building 4 5 0.062
4.250 60.750
4.250 61.000
4.500 61.000
4.500 60.750
Building 4 5 0.062
4.250 61.000
4.250 61.250
4.500 61.250
4.500 61.000
Building 4 5 0.062
4.250 61.250
4.250 61.500
4.500 61.500
4.500 61.250
Building 4 5 0.062
4.250 61.500
4.250 61.750
4.500 61.750
4.500 61.500
Building 4 5 0.062
4.250 61.750
4.250 62.000
4.500 62.000
4.500 61.750
Building 4 5 0.062
4.250 62.000
4.250 62.250
4.500 62.250
4.500 62.000
Building 4 5 0.062
4.250 62.250
4.250 62.500
4.500 62.500
4.500 62.250
Building 4 5 0.062
4.250 62.500
4.250 62.750
4.500 62.750
4.500 62.500
Building 4 5 0.062
4.500 63.000
4.500 62.750
4.250 62.750
4.250 63.000
Building 4 5 0.062
4.500 57.000
4.500 57.250
4.750 57.250
4.750 57.000
Building 4 5 0.062
4.500 57.250
4.500 57.500
4.750 57.500
4.750 57.250
Building 4 5 0.062
4.500 57.500
4.500 57.750
4.750 57.750
4.750 57.500
Building 4 5 0.062
4.500 57.750
4.500 58.000
4.750 58.000
4.750 57.750
Building 4 5 0.062
4.500 58.000
4.500 58.250
4.750 58.250
4.750 58.000
Building 4 5 0.062
4.500 58.250
4.500 58.500
4.750 58.500
4.750 58.250
Building 4 5 0.062
4.500 58.500
4.500 58.750
4.750 58.750
4.750 58.500
Building 4 5 0.062
4.500 58.750
4.500 59.000
4.750 59.000
4.750 58.750
Building 4 5 0.062
4.500 59.000
4.500 59.250
4.750 59.250
4.750 59.000
Building 4 5 0.062
4.500 59.250
4.500 59.500
4.750 59.500
4.750 59.250
Building 4 5 0.062
4.500 59.500
4.500 59.750
4.750 59.750
4.750 59.500
Building 4 5 0.062
4.500 59.750
4.500 60.000
4.750 60.000
4.750 59.750
Building 4 5 0.062
4.500 60.000
4.500 60.250
4.750 60.250
4.750 60.000
Building 4 5 0.062
4.500 60.250
4.500 60.500
4.750 60.500
4.750 60.250
Building 4 5 0.062
4.500 60.500
4.500 60.750
4.750 60.750
4.750 60.500
Building 4 5 0.062
4.500 60.750
4.500 61.000
4.750 61.000
4.750 60.750
Building 4 5 0.062
4.500 61.000
4.500 61.250
4.750 61.250
4.750 61.000
Building 4 5 0.062
4.500 61.250
4.500 61.500
4.750 61.500
4.750 61.250
Building 4 5 0.062
4.500 61.500
4.500 61.750
4.750 61.750
4.750 61.500
Building 4 5 0.062
4.500 61.750
4.500 62.000
4.750 62.000
4.750 61.750
Building 4 5 0.062
4.500 62.000
4.500 62.250
4.750 62.250
4.750 62.000
Building 4 5 0.062
4.500 62.250
4.500 62.500
4.750 62.500
4.750 62.250
Building 4 5 0.062
4.500 62.500
4.500 62.750
4.750 62.750
4.750 62.500
Building 4 5 0.062
4.750 63.000
4.750 62.750
4.500 62.750
4.500 63.000
Building 4 5 0.062
4.750 57.000
4.750 57.250
5.000 57.250
5.000 57.000
Building 4 5 0.062
4.750 57.250
4.750 57.500
5.000 57.500
5.000 57.250
Building 4 5 0.062
4.750 57.500
4.750 57.750
5.000 57.750
5.000 57.500
Building 4 5 0.062
4.750 57.750
4.750 58.000
5.000 58.000
5.000 57.750
Building 4 5 0.062
4.750 58.000
4.750 58.250
5.000 58.250
5.000 58.000
Building 4 5 0.062
4.750 58.250
4.750 58.500
5.000 58.500
5.000 58.250
Building 4 5 0.062
4.750 58.500
4.750 58.750
5.000 58.750
5.000 58.500
Building 4 5 0.062
5.000 58.750
4.750 58.750
4.750 59.000
5.000 59.000
Building 4 5 0.062
5.000 59.000
4.750 59.000
4.750 59.250
5.000 59.250
Building 4 5 0.062
5.000 59.250
4.750 59.250
4.750 59.500
5.000 59.500
Building 4 5 0.062
5.000 59.500
4.750 59.500
4.750 59.750
5.000 59.750
Building 4 5 0.062
5.000 59.750
4.750 59.750
4.750 60.000
5.000 60.000
Building 4 5 0.062
5.000 60.000
4.750 60.000
4.750 60.250
5.000 60.250
Building 4 5 0.062
5.000 60.250
4.750 60.250
4.750 60.500
5.000 60.500
Building 4 5 0.062
5.000 60.500
4.750 60.500
4.750 60.750
5.000 60.750
Building 4 5 0.062
5.000 60.750
4.750 60.750
4.750 61.000
5.000 61.000
Building 4 5 0.062
4.750 61.000
4.750 61.250
5.000 61.250
5.000 61.000
Building 4 5 0.062
4.750 61.250
4.750 61.500
5.000 61.500
5.000 61.250
Building 4 5 0.062
4.750 61.500
4.750 61.750
5.000 61.750
5.000 61.500
Building 4 5 0.062
4.750 61.750
4.750 62.000
5.000 62.000
5.000 61.750
Building 4 5 0.062
4.750 62.000
4.750 62.250
5.000 62.250
5.000 62.000
Building 4 5 0.062
4.750 62.250
4.750 62.500
5.000 62.500
5.000 62.250
Building 4 5 0.062
4.750 62.500
4.750 62.750
5.000 62.750
5.000 62.500
Building 4 5 0.062
5.000 63.000
5.000 62.750
4.750 62.750
4.750 63.000
Building 4 5 0.062
5.000 57.000
5.000 57.250
5.250 57.250
5.250 57.000
Building 4 5 0.062
5.000 57.250
5.000 57.500
5.250 57.500
5.250 57.250
Building 4 5 0.062
5.000 57.500
5.000 57.750
5.250 57.750
5.250 57.500
Building 4 5 0.062
5.000 57.750
5.000 58.000
5.250 58.000
5.250 57.750
Building 4 5 0.062
5.000 58.000
5.000 58.250
5.250 58.250
5.250 58.000
Building 4 5 0.062
5.000 58.250
5.000 58.500
5.250 58.500
5.250 58.250
Building 4 5 0.062
5.000 58.500
5.000 58.750
5.250 58.750
5.250 58.500
Building 4 5 0.062
5.250 59.000
5.250 58.750
5.000 58.750
5.000 59.000
Building 4 5 0.062
5.000 61.000
5.000 61.250
5.250 61.250
5.250 61.000
Building 4 5 0.062
5.000 61.250
5.000 61.500
5.250 61.500
5.250 61.250
Building 4 5 0.062
5.000 61.500
5.000 61.750
5.250 61.750
5.250 61.500
Building 4 5 0.062
5.000 61.750
5.000 62.000
5.250 62.000
5.250 61.750
Building 4 5 0.062
5.000 62.000
5.000 62.250
5.250 62.250
5.250 62.000
Building 4 5 0.062
5.000 62.250
5.000 62.500
5.250 62.500
5.250 62.250
Building 4 5 0.062
5.000 62.500
5.000 62.750
5.250 62.750
5.250 62.500
Building 4 5 0.062
5.250 63.000
5.250 62.750
5.000 62.750
5.000 63.000
Building 4 5 0.062
5.250 57.000
5.250 57.250
5.500 57.250
5.500 57.000
Building 4 5 0.062
5.250 57.250
5.250 57.500
5.500 57.500
5.500 57.250
Building 4 5 0.062
5.250 57.500
5.250 57.750
5.500 57.750
5.500 57.500
Building 4 5 0.062
5.250 57.750
5.250 58.000
5.500 58.000
5.500 57.750
Building 4 5 0.062
5.250 58.000
5.250 58.250
5.500 58.250
5.500 58.000
Building 4 5 0.062
5.250 58.250
5.250 58.500
5.500 58.500
5.500 58.250
Building 4 5 0.062
5.250 58.500
5.250 58.750
5.500 58.750
5.500 58.500
Building 4 5 0.062
5.500 59.000
5.500 58.750
5.250 58.750
5.250 59.000
Building 4 5 0.062
5.250 61.000
5.250 61.250
5.500 61.250
5.500 61.000
Building 4 5 0.062
5.250 61.250
5.250 61.500
5.500 61.500
5.500 61.250
Building 4 5 0.062
5.250 61.500
5.250 61.750
5.500 61.750
5.500 61.500
Building 4 5 0.062
5.250 61.750
5.250 62.000
5.500 62.000
5.500 61.750
Building 4 5 0.062
5.250 62.000
5.250 62.250
5.500 62.250
5.500 62.000
Building 4 5 0.062
5.250 62.250
5.250 62.500
5.500 62.500
5.500 62.250
Building 4 5 0.062
5.250 62.500
5.250 62.750
5.500 62.750
5.500 62.500
Building 4 5 0.062
5.500 63.000
5.500 62.750
5.250 62.750
5.250 63.000
Building 4 5 0.062
5.500 57.000
5.500 57.250
5.750 57.250
5.750 57.000
Building 4 5 0.062
5.500 57.250
5.500 57.500
5.750 57.500
5.750 57.250
Building 4 5 0.062
5.500 57.500
5.500 57.750
5.750 57.750
5.750 57.500
Building 4 5 0.062
5.500 57.750
5.500 58.000
5.750 58.000
5.750 57.750
Building 4 5 0.062
5.500 58.000
5.500 58.250
5.750 58.250
5.750 58.000
Building 4 5 0.062
5.500 58.250
5.500 58.500
5.750 58.500
5.750 58.250
Building 4 5 0.062
5.500 58.500
5.500 58.750
5.750 58.750
5.750 58.500
Building 4 5 0.062
5.750 59.000
5.750 58.750
5.500 58.750
5.500 59.000
Building 4 5 0.062
5.500 61.000
5.500 61.250
5.750 61.250
5.750 61.000
Building 4 5 0.062
5.500 61.250
5.500 61.500
5.750 61.500
5.750 61.250
Building 4 5 0.062
5.500 61.500
5.500 61.750
5.750 61.750
5.750 61.500
Building 4 5 0.062
5.500 61.750
5.500 62.000
5.750 62.000
5.750 61.750
Building 4 5 0.062
5.500 62.000
5.500 62.250
5.750 62.250
5.750 62.000
Building 4 5 0.062
5.500 62.250
5.500 62.500
5.750 62.500
5.750 62.250
Building 4 5 0.062
5.500 62.500
5.500 62.750
5.750 62.750
5.750 62.500
Building 4 5 0.062
5.750 63.000
5.750 62.750
5.500 62.750
5.500 63.000
Building 4 5 0.062
5.750 57.000
5.750 57.250
6.000 57.250
6.000 57.000
Building 4 5 0.062
5.750 57.250
5.750 57.500
6.000 57.500
6.000 57.250
Building 4 5 0.062
5.750 57.500
5.750 57.750
6.000 57.750
6.000 57.500
Building 4 5 0.062
5.750 57.750
5.750 58.000
6.000 58.000
6.000 57.750
Building 4 5 0.062
5.750 58.000
5.750 58.250
6.000 58.250
6.000 58.000
Building 4 5 0.062
5.750 58.250
5.750 58.500
6.000 58.500
6.000 58.250
Building 4 5 0.062
5.750 58.500
5.750 58.750
6.000 58.750
6.000 58.500
Building 4 5 0.062
6.000 59.000
6.000 58.750
5.750 58.750
5.750 59.000
Building 4 5 0.062
5.750 61.000
5.750 61.250
6.000 61.250
6.000 61.000
Building 4 5 0.062
5.750 61.250
5.750 61.500
6.000 61.500
6.000 61.250
Building 4 5 0.062
5.750 61.500
5.750 61.750
6.000 61.750
6.000 61.500
Building 4 5 0.062
5.750 61.750
5.750 62.000
6.000 62.000
6.000 61.750
Building 4 5 0.062
5.750 62.000
5.750 62.250
6.000 62.250
6.000 62.000
Building 4 5 0.062
5.750 62.250
5.750 62.500
6.000 62.500
6.000 62.250
Building 4 5 0.062
5.750 62.500
5.750 62.750
6.000 62.750
6.000 62.500
Building 4 5 0.062
6.000 63.000
6.000 62.750
5.750 62.750
5.750 63.000
Building 4 5 0.062
6.000 57.000
6.000 57.250
6.250 57.250
6.250 57.000
Building 4 5 0.062
6.000 57.250
6.000 57.500
6.250 57.500
6.250 57.250
Building 4 5 0.062
6.000 57.500
6.000 57.750
6.250 57.750
6.250 57.500
Building 4 5 0.062
6.000 57.750
6.000 58.000
6.250 58.000
6.250 57.750
Building 4 5 0.062
6.000 58.000
6.000 58.250
6.250 58.250
6.250 58.000
Building 4 5 0.062
6.000 58.250
6.000 58.500
6.250 58.500
6.250 58.250
Building 4 5 0.062
6.000 58.500
6.000 58.750
6.250 58.750
6.250 58.500
Building 4 5 0.062
6.250 59.000
6.250 58.750
6.000 58.750
6.000 59.000
Building 4 5 0.062
6.000 61.000
6.000 61.250
6.250 61.250
6.250 61.000
Building 4 5 0.062
6.000 61.250
6.000 61.500
6.250 61.500
6.250 61.250
Building 4 5 0.062
6.000 61.500
6.000 61.750
6.250 61.750
6.250 61.500
Building 4 5 0.062
6.000 61.750
6.000 62.000
6.250 62.000
6.250 61.750
Building 4 5 0.062
6.000 62.000
6.000 62.250
6.250 62.250
6.250 62.000
Building 4 5 0.062
6.000 62.250
6.000 62.500
6.250 62.500
6.250 62.250
Building 4 5 0.062
6.000 62.500
6.000 62.750
6.250 62.750
6.250 62.500
Building 4 5 0.062
6.250 63.000
6.250 62.750
6.000 62.750
6.000 63.000
Building 4 5 0.062
6.250 57.000
6.250 57.250
6.500 57.250
6.500 57.000
Building 4 5 0.062
6.250 57.250
6.250 57.500
6.500 57.500
6.500 57.250
Building 4 5 0.062
6.250 57.500
6.250 57.750
6.500 57.750
6.500 57.500
Building 4 5 0.062
6.250 57.750
6.250 58.000
6.500 58.000
6.500 57.750
Building 4 5 0.062
6.250 58.000
6.250 58.250
6.500 58.250
6.500 58.000
Building 4 5 0.062
6.250 58.250
6.250 58.500
6.500 58.500
6.500 58.250
Building 4 5 0.062
6.250 58.500
6.250 58.750
6.500 58.750
6.500 58.500
Building 4 5 0.062
6.500 59.000
6.500 58.750
6.250 58.750
6.250 59.000
Building 4 5 0.062
6.250 61.000
6.250 61.250
6.500 61.250
6.500 61.000
Building 4 5 0.062
6.250 61.250
6.250 61.500
6.500 61.500
6.500 61.250
Building 4 5 0.062
6.250 61.500
6.250 61.750
6.500 61.750
6.500 61.500
Building 4 5 0.062
6.250 61.750
6.250 62.000
6.500 62.000
6.500 61.750
Building 4 5 0.062
6.250 62.000
6.250 62.250
6.500 62.250
6.500 62.000
Building 4 5 0.062
6.250 62.250
6.250 62.500
6.500 62.500
6.500 62.250
Building 4 5 0.062
6.250 62.500
6.250 62.750
6.500 62.750
6.500 62.500
Building 4 5 0.062
6.500 63.000
6.500 62.750
6.250 62.750
6.250 63.000
Building 4 5 0.062
6.500 57.000
6.500 57.250
6.750 57.250
6.750 57.000
Building 4 5 0.062
6.500 57.250
6.500 57.500
6.750 57.500
6.750 57.250
Building 4 5 0.062
6.500 57.500
6.500 57.750
6.750 57.750
6.750 57.500
Building 4 5 0.062
6.500 57.750
6.500 58.000
6.750 58.000
6.750 57.750
Building 4 5 0.062
6.500 58.000
6.500 58.250
6.750 58.250
6.750 58.000
Building 4 5 0.062
6.500 58.250
6.500 58.500
6.750 58.500
6.750 58.250
Building 4 5 0.062
6.500 58.500
6.500 58.750
6.750 58.750
6.750 58.500
Building 4 5 0.062
6.750 59.000
6.750 58.750
6.500 58.750
6.500 59.000
Building 4 5 0.062
6.500 61.000
6.500 61.250
6.750 61.250
6.750 61.000
Building 4 5 0.062
6.500 61.250
6.500 61.500
6.750 61.500
6.750 61.250
Building 4 5 0.062
6.500 61.500
6.500 61.750
6.750 61.750
6.750 61.500
Building 4 5 0.062
6.500 61.750
6.500 62.000
6.750 62.000
6.750 61.750
Building 4 5 0.062
6.500 62.000
6.500 62.250
6.750 62.250
6.750 62.000
Building 4 5 0.062
6.500 62.250
6.500 62.500
6.750 62.500
6.750 62.250
Building 4 5 0.062
6.500 62.500
6.500 62.750
6.750 62.750
6.750 62.500
Building 4 5 0.062
6.750 63.000
6.750 62.750
6.500 62.750
6.500 63.000
Building 4 5 0.062
6.750 57.000
6.750 57.250
7.000 57.250
7.000 57.000
Building 4 5 0.062
6.750 57.250
6.750 57.500
7.000 57.500
7.000 57.250
Building 4 5 0.062
6.750 57.500
6.750 57.750
7.000 57.750
7.000 57.500
Building 4 5 0.062
6.750 57.750
6.750 58.000
7.000 58.000
7.000 57.750
Building 4 5 0.062
6.750 58.000
6.750 58.250
7.000 58.250
7.000 58.000
Building 4 5 0.062
6.750 58.250
6.750 58.500
7.000 58.500
7.000 58.250
Building 4 5 0.062
6.750 58.500
6.750 58.750
7.000 58.750
7.000 58.500
Building 4 5 0.062
7.000 59.000
7.000 58.750
6.750 58.750
6.750 59.000
Building 4 5 0.062
6.750 61.000
6.750 61.250
7.000 61.250
7.000 61.000
Building 4 5 0.062
6.750 61.250
6.750 61.500
7.000 61.500
7.000 61.250
Building 4 5 0.062
6.750 61.500
6.750 61.750
7.000 61.750
7.000 61.500
Building 4 5 0.062
6.750 61.750
6.750 62.000
7.000 62.000
7.000 61.750
Building 4 5 0.062
6.750 62.000
6.750 62.250
7.000 62.250
7.000 62.000
Building 4 5 0.062
6.750 62.250
6.750 62.500
7.000 62.500
7.000 62.250
Building 4 5 0.062
6.750 62.500
6.750 62.750
7.000 62.750
7.000 62.500
Building 4 5 0.062
7.000 63.000
7.000 62.750
6.750 62.750
6.750 63.000
Building 4 5 0.062
7.000 57.000
7.000 57.250
7.250 57.250
7.250 57.000
Building 4 5 0.062
7.000 57.250
7.000 57.500
7.250 57.500
7.250 57.250
Building 4 5 0.062
7.000 57.500
7.000 57.750
7.250 57.750
7.250 57.500
Building 4 5 0.062
7.000 57.750
7.000 58.000
7.250 58.000
7.250 57.750
Building 4 5 0.062
7.000 58.000
7.000 58.250
7.250 58.250
7.250 58.000
Building 4 5 0.062
7.000 58.250
7.000 58.500
7.250 58.500
7.250 58.250
Building 4 5 0.062
7.000 58.500
7.000 58.750
7.250 58.750
7.250 58.500
Building 4 5 0.062
7.250 59.000
7.250 58.750
7.000 58.750
7.000 59.000
Building 4 5 0.062
7.000 61.000
7.000 61.250
7.250 61.250
7.250 61.000
Building 4 5 0.062
7.000 61.250
7.000 61.500
7.250 61.500
7.250 61.250
Building 4 5 0.062
7.000 61.500
7.000 61.750
7.250 61.750
7.250 61.500
Building 4 5 0.062
7.000 61.750
7.000 62.000
7.250 62.000
7.250 61.750
Building 4 5 0.062
7.000 62.000
7.000 62.250
7.250 62.250
7.250 62.000
Building 4 5 0.062
7.000 62.250
7.000 62.500
7.250 62.500
7.250 62.250
Building 4 5 0.062
7.000 62.500
7.000 62.750
7.250 62.750
7.250 62.500
Building 4 5 0.062
7.250 63.000
7.250 62.750
7.000 62.750
7.000 63.000
Building 4 5 0.062
7.250 57.000
7.250 57.250
7.500 57.250
7.500 57.000
Building 4 5 0.062
7.250 57.250
7.250 57.500
7.500 57.500
7.500 57.250
Building 4 5 0.062
7.250 57.500
7.250 57.750
7.500 57.750
7.500 57.500
Building 4 5 0.062
7.250 57.750
7.250 58.000
7.500 58.000
7.500 57.750
Building 4 5 0.062
7.250 58.000
7.250 58.250
7.500 58.250
7.500 58.000
Building 4 5 0.062
7.250 58.250
7.250 58.500
7.500 58.500
7.500 58.250
Building 4 5 0.062
7.250 58.500
7.250 58.750
7.500 58.750
7.500 58.500
Building 4 5 0.062
7.500 59.000
7.500 58.750
7.250 58.750
7.250 59.000
Building 4 5 0.062
7.250 61.000
7.250 61.250
7.500 61.250
7.500 61.000
Building 4 5 0.062
7.250 61.250
7.250 61.500
7.500 61.500
7.500 61.250
Building 4 5 0.062
7.250 61.500
7.250 61.750
7.500 61.750
7.500 61.500
Building 4 5 0.062
7.250 61.750
7.250 62.000
7.500 62.000
7.500 61.750
Building 4 5 0.062
7.250 62.000
7.250 62.250
7.500 62.250
7.500 62.000
Building 4 5 0.062
7.250 62.250
7.250 62.500
7.500 62.500
7.500 62.250
Building 4 5 0.062
7.250 62.500
7.250 62.750
7.500 62.750
7.500 62.500
Building 4 5 0.062
7.500 63.000
7.500 62.750
7.250 62.750
7.250 63.000
Building 4 5 0.062
7.500 57.000
7.500 57.250
7.750 57.250
7.750 57.000
Building 4 5 0.062
7.500 57.250
7.500 57.500
7.750 57.500
7.750 57.250
Building 4 5 0.062
7.500 57.500
7.500 57.750
7.750 57.750
7.750 57.500
Building 4 5 0.062
7.500 57.750
7.500 58.000
7.750 58.000
7.750 57.750
Building 4 5 0.062
7.500 58.000
7.500 58.250
7.750 58.250
7.750 58.000
Building 4 5 0.062
7.500 58.250
7.500 58.500
7.750 58.500
7.750 58.250
Building 4 5 0.062
7.500 58.500
7.500 58.750
7.750 58.750
7.750 58.500
Building 4 5 0.062
7.750 59.000
7.750 58.750
7.500 58.750
7.500 59.000
Building 4 5 0.062
7.500 61.000
7.500 61.250
7.750 61.250
7.750 61.000
Building 4 5 0.062
7.500 61.250
7.500 61.500
7.750 61.500
7.750 61.250
Building 4 5 0.062
7.500 61.500
7.500 61.750
7.750 61.750
7.750 61.500
Building 4 5 0.062
7.500 61.750
7.500 62.000
7.750 62.000
7.750 61.750
Building 4 5 0.062
7.500 62.000
7.500 62.250
7.750 62.250
7.750 62.000
Building 4 5 0.062
7.500 62.250
7.500 62.500
7.750 62.500
7.750 62.250
Building 4 5 0.062
7.500 62.500
7.500 62.750
7.750 62.750
7.750 62.500
Building 4 5 0.062
7.750 63.000
7.750 62.750
7.500 62.750
7.500 63.000
Building 4 5 0.062
7.750 57.000
7.750 57.250
8.000 57.250
8.000 57.000
Building 4 5 0.062
7.750 57.250
7.750 57.500
8.000 57.500
8.000 57.250
Building 4 5 0.062
7.750 57.500
7.750 57.750
8.000 57.750
8.000 57.500
Building 4 5 0.062
7.750 57.750
7.750 58.000
8.000 58.000
8.000 57.750
Building 4 5 0.062
7.750 58.000
7.750 58.250
8.000 58.250
8.000 58.000
Building 4 5 0.062
7.750 58.250
7.750 58.500
8.000 58.500
8.000 58.250
Building 4 5 0.062
7.750 58.500
7.750 58.750
8.000 58.750
8.000 58.500
Building 4 5 0.062
8.000 59.000
8.000 58.750
7.750 58.750
7.750 59.000
Building 4 5 0.062
7.750 61.000
7.750 61.250
8.000 61.250
8.000 61.000
Building 4 5 0.062
7.750 61.250
7.750 61.500
8.000 61.500
8.000 61.250
Building 4 5 0.062
7.750 61.500
7.750 61.750
8.000 61.750
8.000 61.500
Building 4 5 0.062
7.750 61.750
7.750 62.000
8.000 62.000
8.000 61.750
Building 4 5 0.062
7.750 62.000
7.750 62.250
8.000 62.250
8.000 62.000
Building 4 5 0.062
7.750 62.250
7.750 62.500
8.000 62.500
8.000 62.250
Building 4 5 0.062
7.750 62.500
7.750 62.750
8.000 62.750
8.000 62.500
Building 4 5 0.062
8.000 63.000
8.000 62.750
7.750 62.750
7.750 63.000
Building 4 5 0.062
8.000 57.000
8.000 57.250
8.250 57.250
8.250 57.000
Building 4 5 0.062
8.000 57.250
8.000 57.500
8.250 57.500
8.250 57.250
Building 4 5 0.062
8.000 57.500
8.000 57.750
8.250 57.750
8.250 57.500
Building 4 5 0.062
8.000 57.750
8.000 58.000
8.250 58.000
8.250 57.750
Building 4 5 0.062
8.000 58.000
8.000 58.250
8.250 58.250
8.250 58.000
Building 4 5 0.062
8.000 58.250
8.000 58.500
8.250 58.500
8.250 58.250
Building 4 5 0.062
8.000 58.500
8.000 58.750
8.250 58.750
8.250 58.500
Building 4 5 0.062
8.250 59.000
8.250 58.750
8.000 58.750
8.000 59.000
Building 4 5 0.062
8.000 61.000
8.000 61.250
8.250 61.250
8.250 61.000
Building 4 5 0.062
8.000 61.250
8.000 61.500
8.250 61.500
8.250 61.250
Building 4 5 0.062
8.000 61.500
8.000 61.750
8.250 61.750
8.250 61.500
Building 4 5 0.062
8.000 61.750
8.000 62.000
8.250 62.000
8.250 61.750
Building 4 5 0.062
8.000 62.000
8.000 62.250
8.250 62.250
8.250 62.000
Building 4 5 0.062
8.000 62.250
8.000 62.500
8.250 62.500
8.250 62.250
Building 4 5 0.062
8.000 62.500
8.000 62.750
8.250 62.750
8.250 62.500
Building 4 5 0.062
8.250 63.000
8.250 62.750
8.000 62.750
8.000 63.000
Building 4 5 0.062
8.250 57.000
8.250 57.250
8.500 57.250
8.500 57.000
Building 4 5 0.062
8.250 57.250
8.250 57.500
8.500 57.500
8.500 57.250
Building 4 5 0.062
8.250 57.500
8.250 57.750
8.500 57.750
8.500 57.500
Building 4 5 0.062
8.250 57.750
8.250 58.000
8.500 58.000
8.500 57.750
Building 4 5 0.062
8.250 58.000
8.250 58.250
8.500 58.250
8.500 58.000
Building 4 5 0.062
8.250 58.250
8.250 58.500
8.500 58.500
8.500 58.250
Building 4 5 0.062
8.250 58.500
8.250 58.750
8.500 58.750
8.500 58.500
Building 4 5 0.062
8.500 59.000
8.500 58.750
8.250 58.750
8.250 59.000
Building 4 5 0.062
8.250 61.000
8.250 61.250
8.500 61.250
8.500 61.000
Building 4 5 0.062
8.250 61.250
8.250 61.500
8.500 61.500
8.500 61.250
Building 4 5 0.062
8.250 61.500
8.250 61.750
8.500 61.750
8.500 61.500
Building 4 5 0.062
8.250 61.750
8.250 62.000
8.500 62.000
8.500 61.750
Building 4 5 0.062
8.250 62.000
8.250 62.250
8.500 62.250
8.500 62.000
Building 4 5 0.062
8.250 62.250
8.250 62.500
8.500 62.500
8.500 62.250
Building 4 5 0.062
8.250 62.500
8.250 62.750
8.500 62.750
8.500 62.500
Building 4 5 0.062
8.500 63.000
8.500 62.750
8.250 62.750
8.250 63.000
Building 4 5 0.062
8.500 57.000
8.500 57.250
8.750 57.250
8.750 57.000
Building 4 5 0.062
8.500 57.250
8.500 57.500
8.750 57.500
8.750 57.250
Building 4 5 0.062
8.500 57.500
8.500 57.750
8.750 57.750
8.750 57.500
Building 4 5 0.062
8.500 57.750
8.500 58.000
8.750 58.000
8.750 57.750
Building 4 5 0.062
8.500 58.000
8.500 58.250
8.750 58.250
8.750 58.000
Building 4 5 0.062
8.500 58.250
8.500 58.500
8.750 58.500
8.750 58.250
Building 4 5 0.062
8.500 58.500
8.500 58.750
8.750 58.750
8.750 58.500
Building 4 5 0.062
8.750 59.000
8.750 58.750
8.500 58.750
8.500 59.000
Building 4 5 0.062
8.500 61.000
8.500 61.250
8.750 61.250
8.750 61.000
Building 4 5 0.062
8.500 61.250
8.500 61.500
8.750 61.500
8.750 61.250
Building 4 5 0.062
8.500 61.500
8.500 61.750
8.750 61.750
8.750 61.500
Building 4 5 0.062
8.500 61.750
8.500 62.000
8.750 62.000
8.750 61.750
Building 4 5 0.062
8.500 62.000
8.500 62.250
8.750 62.250
8.750 62.000
Building 4 5 0.062
8.500 62.250
8.500 62.500
8.750 62.500
8.750 62.250
Building 4 5 0.062
8.500 62.500
8.500 62.750
8.750 62.750
8.750 62.500
Building 4 5 0.062
8.750 63.000
8.750 62.750
8.500 62.750
8.500 63.000
Building 4 5 0.062
8.750 57.000
8.750 57.250
9.000 57.250
9.000 57.000
Building 4 5 0.062
8.750 57.250
8.750 57.500
9.000 57.500
9.000 57.250
Building 4 5 0.062
8.750 57.500
8.750 57.750
9.000 57.750
9.000 57.500
Building 4 5 0.062
8.750 57.750
8.750 58.000
9.000 58.000
9.000 57.750
Building 4 5 0.062
8.750 58.000
8.750 58.250
9.000 58.250
9.000 58.000
Building 4 5 0.062
8.750 58.250
8.750 58.500
9.000 58.500
9.000 58.250
Building 4 5 0.062
8.750 58.500
8.750 58.750
9.000 58.750
9.000 58.500
Building 4 5 0.062
9.000 59.000
9.000 58.750
8.750 58.750
8.750 59.000
Building 4 5 0.062
8.750 61.000
8.750 61.250
9.000 61.250
9.000 61.000
Building 4 5 0.062
8.750 61.250
8.750 61.500
9.000 61.500
9.000 61.250
Building 4 5 0.062
8.750 61.500
8.750 61.750
9.000 61.750
9.000 61.500
Building 4 5 0.062
8.750 61.750
8.750 62.000
9.000 62.000
9.000 61.750
Building 4 5 0.062
8.750 62.000
8.750 62.250
9.000 62.250
9.000 62.000
Building 4 5 0.062
8.750 62.250
8.750 62.500
9.000 62.500
9.000 62.250
Building 4 5 0.062
8.750 62.500
8.750 62.750
9.000 62.750
9.000 62.500
Building 4 5 0.062
9.000 63.000
9.000 62.750
8.750 62.750
8.750 63.000
Building 4 5 0.062
9.000 57.000
9.000 57.250
9.250 57.250
9.250 57.000
Building 4 5 0.062
9.000 57.250
9.000 57.500
9.250 57.500
9.250 57.250
Building 4 5 0.062
9.000 57.500
9.000 57.750
9.250 57.750
9.250 57.500
Building 4 5 0.062
9.000 57.750
9.000 58.000
9.250 58.000
9.250 57.750
Building 4 5 0.062
9.000 58.000
9.000 58.250
9.250 58.250
9.250 58.000
Building 4 5 0.062
9.000 58.250
9.000 58.500
9.250 58.500
9.250 58.250
Building 4 5 0.062
9.000 58.500
9.000 58.750
9.250 58.750
9.250 58.500
Building 4 5 0.062
9.250 59.000
9.250 58.750
9.000 58.750
9.000 59.000
Building 4 5 0.062
9.000 61.000
9.000 61.250
9.250 61.250
9.250 61.000
Building 4 5 0.062
9.000 61.250
9.000 61.500
9.250 61.500
9.250 61.250
Building 4 5 0.062
9.000 61.500
9.000 61.750
9.250 61.750
9.250 61.500
Building 4 5 0.062
9.000 61.750
9.000 62.000
9.250 62.000
9.250 61.750
Building 4 5 0.062
9.000 62.000
9.000 62.250
9.250 62.250
9.250 62.000
Building 4 5 0.062
9.000 62.250
9.000 62.500
9.250 62.500
9.250 62.250
Building 4 5 0.062
9.000 62.500
9.000 62.750
9.250 62.750
9.250 62.500
Building 4 5 0.062
9.250 63.000
9.250 62.750
9.000 62.750
9.000 63.000
Building 4 5 0.062
9.250 57.000
9.250 57.250
9.500 57.250
9.500 57.000
Building 4 5 0.062
9.250 57.250
9.250 57.500
9.500 57.500
9.500 57.250
Building 4 5 0.062
9.250 57.500
9.250 57.750
9.500 57.750
9.500 57.500
Building 4 5 0.062
9.250 57.750
9.250 58.000
9.500 58.000
9.500 57.750
Building 4 5 0.062
9.250 58.000
9.250 58.250
9.500 58.250
9.500 58.000
Building 4 5 0.062
9.250 58.250
9.250 58.500
9.500 58.500
9.500 58.250
Building 4 5 0.062
9.250 58.500
9.250 58.750
9.500 58.750
9.500 58.500
Building 4 5 0.062
9.500 59.000
9.500 58.750
9.250 58.750
9.250 59.000
Building 4 5 0.062
9.250 61.000
9.250 61.250
9.500 61.250
9.500 61.000
Building 4 5 0.062
9.250 61.250
9.250 61.500
9.500 61.500
9.500 61.250
Building 4 5 0.062
9.250 61.500
9.250 61.750
9.500 61.750
9.500 61.500
Building 4 5 0.062
9.250 61.750
9.250 62.000
9.500 62.000
9.500 61.750
Building 4 5 0.062
9.250 62.000
9.250 62.250
9.500 62.250
9.500 62.000
Building 4 5 0.062
9.250 62.250
9.250 62.500
9.500 62.500
9.500 62.250
Building 4 5 0.062
9.250 62.500
9.250 62.750
9.500 62.750
9.500 62.500
Building 4 5 0.062
9.500 63.000
9.500 62.750
9.250 62.750
9.250 63.000
Building 4 5 0.062
9.500 57.000
9.500 57.250
9.750 57.250
9.750 57.000
Building 4 5 0.062
9.500 57.250
9.500 57.500
9.750 57.500
9.750 57.250
Building 4 5 0.062
9.500 57.500
9.500 57.750
9.750 57.750
9.750 57.500
Building 4 5 0.062
9.500 57.750
9.500 58.000
9.750 58.000
9.750 57.750
Building 4 5 0.062
9.500 58.000
9.500 58.250
9.750 58.250
9.750 58.000
Building 4 5 0.062
9.500 58.250
9.500 58.500
9.750 58.500
9.750 58.250
Building 4 5 0.062
9.500 58.500
9.500 58.750
9.750 58.750
9.750 58.500
Building 4 5 0.062
9.750 59.000
9.750 58.750
9.500 58.750
9.500 59.000
Building 4 5 0.062
9.500 61.000
9.500 61.250
9.750 61.250
9.750 61.000
Building 4 5 0.062
9.500 61.250
9.500 61.500
9.750 61.500
9.750 61.250
Building 4 5 0.062
9.500 61.500
9.500 61.750
9.750 61.750
9.750 61.500
Building 4 5 0.062
9.500 61.750
9.500 62.000
9.750 62.000
9.750 61.750
Building 4 5 0.062
9.500 62.000
9.500 62.250
9.750 62.250
9.750 62.000
Building 4 5 0.062
9.500 62.250
9.500 62.500
9.750 62.500
9.750 62.250
Building 4 5 0.062
9.500 62.500
9.500 62.750
9.750 62.750
9.750 62.500
Building 4 5 0.062
9.750 63.000
9.750 62.750
9.500 62.750
9.500 63.000
Building 4 5 0.062
9.750 57.000
9.750 57.250
10.000 57.250
10.000 57.000
Building 4 5 0.062
9.750 57.250
9.750 57.500
10.000 57.500
10.000 57.250
Building 4 5 0.062
9.750 57.500
9.750 57.750
10.000 57.750
10.000 57.500
Building 4 5 0.062
9.750 57.750
9.750 58.000
10.000 58.000
10.000 57.750
Building 4 5 0.062
9.750 58.000
9.750 58.250
10.000 58.250
10.000 58.000
Building 4 5 0.062
9.750 58.250
9.750 58.500
10.000 58.500
10.000 58.250
Building 4 5 0.062
9.750 58.500
9.750 58.750
10.000 58.750
10.000 58.500
Building 4 5 0.062
10.000 59.000
10.000 58.750
9.750 58.750
9.750 59.000
Building 4 5 0.062
9.750 61.000
9.750 61.250
10.000 61.250
10.000 61.000
Building 4 5 0.062
9.750 61.250
9.750 61.500
10.000 61.500
10.000 61.250
Building 4 5 0.062
9.750 61.500
9.750 61.750
10.000 61.750
10.000 61.500
Building 4 5 0.062
9.750 61.750
9.750 62.000
10.000 62.000
10.000 61.750
Building 4 5 0.062
9.750 62.000
9.750 62.250
10.000 62.250
10.000 62.000
Building 4 5 0.062
9.750 62.250
9.750 62.500
10.000 62.500
10.000 62.250
Building 4 5 0.062
9.750 62.500
9.750 62.750
10.000 62.750
10.000 62.500
Building 4 5 0.062
10.000 63.000
10.000 62.750
9.750 62.750
9.750 63.000
Building 4 5 0.062
10.000 57.000
10.000 57.250
10.250 57.250
10.250 57.000
Building 4 5 0.062
10.000 57.250
10.000 57.500
10.250 57.500
10.250 57.250
Building 4 5 0.062
10.000 57.500
10.000 57.750
10.250 57.750
10.250 57.500
Building 4 5 0.062
10.000 57.750
10.000 58.000
10.250 58.000
10.250 57.750
Building 4 5 0.062
10.000 58.000
10.000 58.250
10.250 58.250
10.250 58.000
Building 4 5 0.062
10.000 58.250
10.000 58.500
10.250 58.500
10.250 58.250
Building 4 5 0.062
10.000 58.500
10.000 58.750
10.250 58.750
10.250 58.500
Building 4 5 0.062
10.250 59.000
10.250 58.750
10.000 58.750
10.000 59.000
Building 4 5 0.062
10.000 61.000
10.000 61.250
10.250 61.250
10.250 61.000
Building 4 5 0.062
10.000 61.250
10.000 61.500
10.250 61.500
10.250 61.250
Building 4 5 0.062
10.000 61.500
10.000 61.750
10.250 61.750
10.250 61.500
Building 4 5 0.062
10.000 61.750
10.000 62.000
10.250 62.000
10.250 61.750
Building 4 5 0.062
10.000 62.000
10.000 62.250
10.250 62.250
10.250 62.000
Building 4 5 0.062
10.000 62.250
10.000 62.500
10.250 62.500
10.250 62.250
Building 4 5 0.062
10.000 62.500
10.000 62.750
10.250 62.750
10.250 62.500
Building 4 5 0.062
10.250 63.000
10.250 62.750
10.000 62.750
10.000 63.000
Building 4 5 0.062
10.250 57.000
10.250 57.250
10.500 57.250
10.500 57.000
Building 4 5 0.062
10.250 57.250
10.250 57.500
10.500 57.500
10.500 57.250
Building 4 5 0.062
10.250 57.500
10.250 57.750
10.500 57.750
10.500 57.500
Building 4 5 0.062
10.250 57.750
10.250 58.000
10.500 58.000
10.500 57.750
Building 4 5 0.062
10.250 58.000
10.250 58.250
10.500 58.250
10.500 58.000
Building 4 5 0.062
10.250 58.250
10.250 58.500
10.500 58.500
10.500 58.250
Building 4 5 0.062
10.250 58.500
10.250 58.750
10.500 58.750
10.500 58.500
Building 4 5 0.062
10.500 59.000
10.500 58.750
10.250 58.750
10.250 59.000
Building 4 5 0.062
10.250 61.000
10.250 61.250
10.500 61.250
10.500 61.000
Building 4 5 0.062
10.250 61.250
10.250 61.500
10.500 61.500
10.500 61.250
Building 4 5 0.062
10.250 61.500
10.250 61.750
10.500 61.750
10.500 61.500
Building 4 5 0.062
10.250 61.750
10.250 62.000
10.500 62.000
10.500 61.750
Building 4 5 0.062
10.250 62.000
10.250 62.250
10.500 62.250
10.500 62.000
Building 4 5 0.062
10.250 62.250
10.250 62.500
10.500 62.500
10.500 62.250
Building 4 5 0.062
10.250 62.500
10.250 62.750
10.500 62.750
10.500 62.500
Building 4 5 0.062
10.500 63.000
10.500 62.750
10.250 62.750
10.250 63.000
Building 4 5 0.062
10.500 57.000
10.500 57.250
10.750 57.250
10.750 57.000
Building 4 5 0.062
10.500 57.250
10.500 57.500
10.750 57.500
10.750 57.250
Building 4 5 0.062
10.500 57.500
10.500 57.750
10.750 57.750
10.750 57.500
Building 4 5 0.062
10.500 57.750
10.500 58.000
10.750 58.000
10.750 57.750
Building 4 5 0.062
10.500 58.000
10.500 58.250
10.750 58.250
10.750 58.000
Building 4 5 0.062
10.500 58.250
10.500 58.500
10.750 58.500
10.750 58.250
Building 4 5 0.062
10.500 58.500
10.500 58.750
10.750 58.750
10.750 58.500
Building 4 5 0.062
10.750 59.000
10.750 58.750
10.500 58.750
10.500 59.000
Building 4 5 0.062
10.500 61.000
10.500 61.250
10.750 61.250
10.750 61.000
Building 4 5 0.062
10.500 61.250
10.500 61.500
10.750 61.500
10.750 61.250
Building 4 5 0.062
10.500 61.500
10.500 61.750
10.750 61.750
10.750 61.500
Building 4 5 0.062
10.500 61.750
10.500 62.000
10.750 62.000
10.750 61.750
Building 4 5 0.062
10.500 62.000
10.500 62.250
10.750 62.250
10.750 62.000
Building 4 5 0.062
10.500 62.250
10.500 62.500
10.750 62.500
10.750 62.250
Building 4 5 0.062
10.500 62.500
10.500 62.750
10.750 62.750
10.750 62.500
Building 4 5 0.062
10.750 63.000
10.750 62.750
10.500 62.750
10.500 63.000
Building 4 5 0.062
10.750 57.000
10.750 57.250
11.000 57.250
11.000 57.000
Building 4 5 0.062
10.750 57.250
10.750 57.500
11.000 57.500
11.000 57.250
Building 4 5 0.062
10.750 57.500
10.750 57.750
11.000 57.750
11.000 57.500
Building 4 5 0.062
10.750 57.750
10.750 58.000
11.000 58.000
11.000 57.750
Building 4 5 0.062
10.750 58.000
10.750 58.250
11.000 58.250
11.000 58.000
Building 4 5 0.062
10.750 58.250
10.750 58.500
11.000 58.500
11.000 58.250
Building 4 5 0.062
10.750 58.500
10.750 58.750
11.000 58.750
11.000 58.500
Building 4 5 0.062
11.000 59.000
11.000 58.750
10.750 58.750
10.750 59.000
Building 4 5 0.062
10.750 61.000
10.750 61.250
11.000 61.250
11.000 61.000
Building 4 5 0.062
10.750 61.250
10.750 61.500
11.000 61.500
11.000 61.250
Building 4 5 0.062
10.750 61.500
10.750 61.750
11.000 61.750
11.000 61.500
Building 4 5 0.062
10.750 61.750
10.750 62.000
11.000 62.000
11.000 61.750
Building 4 5 0.062
10.750 62.000
10.750 62.250
11.000 62.250
11.000 62.000
Building 4 5 0.062
10.750 62.250
10.750 62.500
11.000 62.500
11.000 62.250
Building 4 5 0.062
10.750 62.500
10.750 62.750
11.000 62.750
11.000 62.500
Building 4 5 0.062
11.000 63.000
11.000 62.750
10.750 62.750
10.750 63.000
Building 4 5 0.062
11.000 57.000
11.000 57.250
11.250 57.250
11.250 57.000
Building 4 5 0.062
11.000 57.250
11.000 57.500
11.250 57.500
11.250 57.250
Building 4 5 0.062
11.000 57.500
11.000 57.750
11.250 57.750
11.250 57.500
Building 4 5 0.062
11.000 57.750
11.000 58.000
11.250 58.000
11.250 57.750
Building 4 5 0.062
11.000 58.000
11.000 58.250
11.250 58.250
11.250 58.000
Building 4 5 0.062
11.000 58.250
11.000 58.500
11.250 58.500
11.250 58.250
Building 4 5 0.062
11.000 58.500
11.000 58.750
11.250 58.750
11.250 58.500
Building 4 5 0.062
11.250 59.000
11.250 58.750
11.000 58.750
11.000 59.000
Building 4 5 0.062
11.000 61.000
11.000 61.250
11.250 61.250
11.250 61.000
Building 4 5 0.062
11.000 61.250
11.000 61.500
11.250 61.500
11.250 61.250
Building 4 5 0.062
11.000 61.500
11.000 61.750
11.250 61.750
11.250 61.500
Building 4 5 0.062
11.000 61.750
11.000 62.000
11.250 62.000
11.250 61.750
Building 4 5 0.062
11.000 62.000
11.000 62.250
11.250 62.250
11.250 62.000
Building 4 5 0.062
11.000 62.250
11.000 62.500
11.250 62.500
11.250 62.250
Building 4 5 0.062
11.000 62.500
11.000 62.750
11.250 62.750
11.250 62.500
Building 4 5 0.062
11.250 63.000
11.250 62.750
11.000 62.750
11.000 63.000
Building 4 5 0.062
11.250 57.000
11.250 57.250
11.500 57.250
11.500 57.000
Building 4 5 0.062
11.250 57.250
11.250 57.500
11.500 57.500
11.500 57.250
Building 4 5 0.062
11.250 57.500
11.250 57.750
11.500 57.750
11.500 57.500
Building 4 5 0.062
11.250 57.750
11.250 58.000
11.500 58.000
11.500 57.750
Building 4 5 0.062
11.250 58.000
11.250 58.250
11.500 58.250
11.500 58.000
Building 4 5 0.062
11.250 58.250
11.250 58.500
11.500 58.500
11.500 58.250
Building 4 5 0.062
11.250 58.500
11.250 58.750
11.500 58.750
11.500 58.500
Building 4 5 0.062
11.500 59.000
11.500 58.750
11.250 58.750
11.250 59.000
Building 4 5 0.062
11.250 61.000
11.250 61.250
11.500 61.250
11.500 61.000
Building 4 5 0.062
11.250 61.250
11.250 61.500
11.500 61.500
11.500 61.250
Building 4 5 0.062
11.250 61.500
11.250 61.750
11.500 61.750
11.500 61.500
Building 4 5 0.062
11.250 61.750
11.250 62.000
11.500 62.000
11.500 61.750
Building 4 5 0.062
11.250 62.000
11.250 62.250
11.500 62.250
11.500 62.000
Building 4 5 0.062
11.250 62.250
11.250 62.500
11.500 62.500
11.500 62.250
Building 4 5 0.062
11.250 62.500
11.250 62.750
11.500 62.750
11.500 62.500
Building 4 5 0.062
11.500 63.000
11.500 62.750
11.250 62.750
11.250 63.000
Building 4 5 0.062
11.500 57.000
11.500 57.250
11.750 57.250
11.750 57.000
Building 4 5 0.062
11.500 57.250
11.500 57.500
11.750 57.500
11.750 57.250
Building 4 5 0.062
11.500 57.500
11.500 57.750
11.750 57.750
11.750 57.500
Building 4 5 0.062
11.500 57.750
11.500 58.000
11.750 58.000
11.750 57.750
Building 4 5 0.062
11.500 58.000
11.500 58.250
11.750 58.250
11.750 58.000
Building 4 5 0.062
11.500 58.250
11.500 58.500
11.750 58.500
11.750 58.250
Building 4 5 0.062
11.500 58.500
11.500 58.750
11.750 58.750
11.750 58.500
Building 4 5 0.062
11.750 59.000
11.750 58.750
11.500 58.750
11.500 59.000
Building 4 5 0.062
11.500 61.000
11.500 61.250
11.750 61.250
11.750 61.000
Building 4 5 0.062
11.500 61.250
11.500 61.500
11.750 61.500
11.750 61.250
Building 4 5 0.062
11.500 61.500
11.500 61.750
11.750 61.750
11.750 61.500
Building 4 5 0.062
11.500 61.750
11.500 62.000
11.750 62.000
11.750 61.750
Building 4 5 0.062
11.500 62.000
11.500 62.250
11.750 62.250
11.750 62.000
Building 4 5 0.062
11.500 62.250
11.500 62.500
11.750 62.500
11.750 62.250
Building 4 5 0.062
11.500 62.500
11.500 62.750
11.750 62.750
11.750 62.500
Building 4 5 0.062
11.750 63.000
11.750 62.750
11.500 62.750
11.500 63.000
Building 4 5 0.062
11.750 57.000
11.750 57.250
12.000 57.250
12.000 57.000
Building 4 5 0.062
11.750 57.250
11.750 57.500
12.000 57.500
12.000 57.250
Building 4 5 0.062
11.750 57.500
11.750 57.750
12.000 57.750
12.000 57.500
Building 4 5 0.062
11.750 57.750
11.750 58.000
12.000 58.000
12.000 57.750
Building 4 5 0.062
11.750 58.000
11.750 58.250
12.000 58.250
12.000 58.000
Building 4 5 0.062
11.750 58.250
11.750 58.500
12.000 58.500
12.000 58.250
Building 4 5 0.062
11.750 58.500
11.750 58.750
12.000 58.750
12.000 58.500
Building 4 5 0.062
12.000 59.000
12.000 58.750
11.750 58.750
11.750 59.000
Building 4 5 0.062
11.750 61.000
11.750 61.250
12.000 61.250
12.000 61.000
Building 4 5 0.062
11.750 61.250
11.750 61.500
12.000 61.500
12.000 61.250
Building 4 5 0.062
11.750 61.500
11.750 61.750
12.000 61.750
12.000 61.500
Building 4 5 0.062
11.750 61.750
11.750 62.000
12.000 62.000
12.000 61.750
Building 4 5 0.062
11.750 62.000
11.750 62.250
12.000 62.250
12.000 62.000
Building 4 5 0.062
11.750 62.250
11.750 62.500
12.000 62.500
12.000 62.250
Building 4 5 0.062
11.750 62.500
11.750 62.750
12.000 62.750
12.000 62.500
Building 4 5 0.062
12.000 63.000
12.000 62.750
11.750 62.750
11.750 63.000
Building 4 5 0.062
12.000 57.000
12.000 57.250
12.250 57.250
12.250 57.000
Building 4 5 0.062
12.000 57.250
12.000 57.500
12.250 57.500
12.250 57.250
Building 4 5 0.062
12.000 57.500
12.000 57.750
12.250 57.750
12.250 57.500
Building 4 5 0.062
12.000 57.750
12.000 58.000
12.250 58.000
12.250 57.750
Building 4 5 0.062
12.000 58.000
12.000 58.250
12.250 58.250
12.250 58.000
Building 4 5 0.062
12.000 58.250
12.000 58.500
12.250 58.500
12.250 58.250
Building 4 5 0.062
12.000 58.500
12.000 58.750
12.250 58.750
12.250 58.500
Building 4 5 0.062
12.250 59.000
12.250 58.750
12.000 58.750
12.000 59.000
Building 4 5 0.062
12.000 61.000
12.000 61.250
12.250 61.250
12.250 61.000
Building 4 5 0.062
12.000 61.250
12.000 61.500
12.250 61.500
12.250 61.250
Building 4 5 0.062
12.000 61.500
12.000 61.750
12.250 61.750
12.250 61.500
Building 4 5 0.062
12.000 61.750
12.000 62.000
12.250 62.000
12.250 61.750
Building 4 5 0.062
12.000 62.000
12.000 62.250
12.250 62.250
12.250 62.000
Building 4 5 0.062
12.000 62.250
12.000 62.500
12.250 62.500
12.250 62.250
Building 4 5 0.062
12.000 62.500
12.000 62.750
12.250 62.750
12.250 62.500
Building 4 5 0.062
12.250 63.000
12.250 62.750
12.000 62.750
12.000 63.000
Building 4 5 0.062
12.250 57.000
12.250 57.250
12.500 57.250
12.500 57.000
Building 4 5 0.062
12.250 57.250
12.250 57.500
12.500 57.500
12.500 57.250
Building 4 5 0.062
12.250 57.500
12.250 57.750
12.500 57.750
12.500 57.500
Building 4 5 0.062
12.250 57.750
12.250 58.000
12.500 58.000
12.500 57.750
Building 4 5 0.062
12.250 58.000
12.250 58.250
12.500 58.250
12.500 58.000
Building 4 5 0.062
12.250 58.250
12.250 58.500
12.500 58.500
12.500 58.250
Building 4 5 0.062
12.250 58.500
12.250 58.750
12.500 58.750
12.500 58.500
Building 4 5 0.062
12.500 59.000
12.500 58.750
12.250 58.750
12.250 59.000
Building 4 5 0.062
12.250 61.000
12.250 61.250
12.500 61.250
12.500 61.000
Building 4 5 0.062
12.250 61.250
12.250 61.500
12.500 61.500
12.500 61.250
Building 4 5 0.062
12.250 61.500
12.250 61.750
12.500 61.750
12.500 61.500
Building 4 5 0.062
12.250 61.750
12.250 62.000
12.500 62.000
12.500 61.750
Building 4 5 0.062
12.250 62.000
12.250 62.250
12.500 62.250
12.500 62.000
Building 4 5 0.062
12.250 62.250
12.250 62.500
12.500 62.500
12.500 62.250
Building 4 5 0.062
12.250 62.500
12.250 62.750
12.500 62.750
12.500 62.500
Building 4 5 0.062
12.500 63.000
12.500 62.750
12.250 62.750
12.250 63.000
Building 4 5 0.062
12.500 57.000
12.500 57.250
12.750 57.250
12.750 57.000
Building 4 5 0.062
12.500 57.250
12.500 57.500
12.750 57.500
12.750 57.250
Building 4 5 0.062
12.500 57.500
12.500 57.750
12.750 57.750
12.750 57.500
Building 4 5 0.062
12.500 57.750
12.500 58.000
12.750 58.000
12.750 57.750
Building 4 5 0.062
12.500 58.000
12.500 58.250
12.750 58.250
12.750 58.000
Building 4 5 0.062
12.500 58.250
12.500 58.500
12.750 58.500
12.750 58.250
Building 4 5 0.062
12.500 58.500
12.500 58.750
12.750 58.750
12.750 58.500
Building 4 5 0.062
12.750 59.000
12.750 58.750
12.500 58.750
12.500 59.000
Building 4 5 0.062
12.500 61.000
12.500 61.250
12.750 61.250
12.750 61.000
Building 4 5 0.062
12.500 61.250
12.500 61.500
12.750 61.500
12.750 61.250
Building 4 5 0.062
12.500 61.500
12.500 61.750
12.750 61.750
12.750 61.500
Building 4 5 0.062
12.500 61.750
12.500 62.000
12.750 62.000
12.750 61.750
Building 4 5 0.062
12.500 62.000
12.500 62.250
12.750 62.250
12.750 62.000
Building 4 5 0.062
12.500 62.250
12.500 62.500
12.750 62.500
12.750 62.250
Building 4 5 0.062
12.500 62.500
12.500 62.750
12.750 62.750
12.750 62.500
Building 4 5 0.062
12.750 63.000
12.750 62.750
12.500 62.750
12.500 63.000
Building 4 5 0.062
12.750 57.000
12.750 57.250
13.000 57.250
13.000 57.000
Building 4 5 0.062
12.750 57.250
12.750 57.500
13.000 57.500
13.000 57.250
Building 4 5 0.062
12.750 57.500
12.750 57.750
13.000 57.750
13.000 57.500
Building 4 5 0.062
12.750 57.750
12.750 58.000
13.000 58.000
13.000 57.750
Building 4 5 0.062
12.750 58.000
12.750 58.250
13.000 58.250
13.000 58.000
Building 4 5 0.062
12.750 58.250
12.750 58.500
13.000 58.500
13.000 58.250
Building 4 5 0.062
12.750 58.500
12.750 58.750
13.000 58.750
13.000 58.500
Building 4 5 0.062
13.000 59.000
13.000 58.750
12.750 58.750
12.750 59.000
Building 4 5 0.062
12.750 61.000
12.750 61.250
13.000 61.250
13.000 61.000
Building 4 5 0.062
12.750 61.250
12.750 61.500
13.000 61.500
13.000 61.250
Building 4 5 0.062
12.750 61.500
12.750 61.750
13.000 61.750
13.000 61.500
Building 4 5 0.062
12.750 61.750
12.750 62.000
13.000 62.000
13.000 61.750
Building 4 5 0.062
12.750 62.000
12.750 62.250
13.000 62.250
13.000 62.000
Building 4 5 0.062
12.750 62.250
12.750 62.500
13.000 62.500
13.000 62.250
Building 4 5 0.062
12.750 62.500
12.750 62.750
13.000 62.750
13.000 62.500
Building 4 5 0.062
13.000 63.000
13.000 62.750
12.750 62.750
12.750 63.000
Building 4 5 0.062
13.000 57.000
13.000 57.250
13.250 57.250
13.250 57.000
Building 4 5 0.062
13.000 57.250
13.000 57.500
13.250 57.500
13.250 57.250
Building 4 5 0.062
13.000 57.500
13.000 57.750
13.250 57.750
13.250 57.500
Building 4 5 0.062
13.000 57.750
13.000 58.000
13.250 58.000
13.250 57.750
Building 4 5 0.062
13.000 58.000
13.000 58.250
13.250 58.250
13.250 58.000
Building 4 5 0.062
13.000 58.250
13.000 58.500
13.250 58.500
13.250 58.250
Building 4 5 0.062
13.000 58.500
13.000 58.750
13.250 58.750
13.250 58.500
Building 4 5 0.062
13.250 59.000
13.250 58.750
13.000 58.750
13.000 59.000
Building 4 5 0.062
13.000 61.000
13.000 61.250
13.250 61.250
13.250 61.000
Building 4 5 0.062
13.000 61.250
13.000 61.500
13.250 61.500
13.250 61.250
Building 4 5 0.062
13.000 61.500
13.000 61.750
13.250 61.750
13.250 61.500
Building 4 5 0.062
13.000 61.750
13.000 62.000
13.250 62.000
13.250 61.750
Building 4 5 0.062
13.000 62.000
13.000 62.250
13.250 62.250
13.250 62.000
Building 4 5 0.062
13.000 62.250
13.000 62.500
13.250 62.500
13.250 62.250
Building 4 5 0.062
13.000 62.500
13.000 62.750
13.250 62.750
13.250 62.500
Building 4 5 0.062
13.250 63.000
13.250 62.750
13.000 62.750
13.000 63.000
Building 4 5 0.062
13.250 57.000
13.250 57.250
13.500 57.250
13.500 57.000
Building 4 5 0.062
13.250 57.250
13.250 57.500
13.500 57.500
13.500 57.250
Building 4 5 0.062
13.250 57.500
13.250 57.750
13.500 57.750
13.500 57.500
Building 4 5 0.062
13.250 57.750
13.250 58.000
13.500 58.000
13.500 57.750
Building 4 5 0.062
13.250 58.000
13.250 58.250
13.500 58.250
13.500 58.000
Building 4 5 0.062
13.250 58.250
13.250 58.500
13.500 58.500
13.500 58.250
Building 4 5 0.062
13.250 58.500
13.250 58.750
13.500 58.750
13.500 58.500
Building 4 5 0.062
13.500 59.000
13.500 58.750
13.250 58.750
13.250 59.000
Building 4 5 0.062
13.250 61.000
13.250 61.250
13.500 61.250
13.500 61.000
Building 4 5 0.062
13.250 61.250
13.250 61.500
13.500 61.500
13.500 61.250
Building 4 5 0.062
13.250 61.500
13.250 61.750
13.500 61.750
13.500 61.500
Building 4 5 0.062
13.250 61.750
13.250 62.000
13.500 62.000
13.500 61.750
Building 4 5 0.062
13.250 62.000
13.250 62.250
13.500 62.250
13.500 62.000
Building 4 5 0.062
13.250 62.250
13.250 62.500
13.500 62.500
13.500 62.250
Building 4 5 0.062
13.250 62.500
13.250 62.750
13.500 62.750
13.500 62.500
Building 4 5 0.062
13.500 63.000
13.500 62.750
13.250 62.750
13.250 63.000
Building 4 5 0.062
13.500 57.000
13.500 57.250
13.750 57.250
13.750 57.000
Building 4 5 0.062
13.500 57.250
13.500 57.500
13.750 57.500
13.750 57.250
Building 4 5 0.062
13.500 57.500
13.500 57.750
13.750 57.750
13.750 57.500
Building 4 5 0.062
13.500 57.750
13.500 58.000
13.750 58.000
13.750 57.750
Building 4 5 0.062
13.500 58.000
13.500 58.250
13.750 58.250
13.750 58.000
Building 4 5 0.062
13.500 58.250
13.500 58.500
13.750 58.500
13.750 58.250
Building 4 5 0.062
13.500 58.500
13.500 58.750
13.750 58.750
13.750 58.500
Building 4 5 0.062
13.750 59.000
13.750 58.750
13.500 58.750
13.500 59.000
Building 4 5 0.062
13.500 61.000
13.500 61.250
13.750 61.250
13.750 61.000
Building 4 5 0.062
13.500 61.250
13.500 61.500
13.750 61.500
13.750 61.250
Building 4 5 0.062
13.500 61.500
13.500 61.750
13.750 61.750
13.750 61.500
Building 4 5 0.062
13.500 61.750
13.500 62.000
13.750 62.000
13.750 61.750
Building 4 5 0.062
13.500 62.000
13.500 62.250
13.750 62.250
13.750 62.000
Building 4 5 0.062
13.500 62.250
13.500 62.500
13.750 62.500
13.750 62.250
Building 4 5 0.062
13.500 62.500
13.500 62.750
13.750 62.750
13.750 62.500
Building 4 5 0.062
13.750 63.000
13.750 62.750
13.500 62.750
13.500 63.000
Building 4 5 0.062
13.750 57.000
13.750 57.250
14.000 57.250
14.000 57.000
Building 4 5 0.062
13.750 57.250
13.750 57.500
14.000 57.500
14.000 57.250
Building 4 5 0.062
13.750 57.500
13.750 57.750
14.000 57.750
14.000 57.500
Building 4 5 0.062
13.750 57.750
13.750 58.000
14.000 58.000
14.000 57.750
Building 4 5 0.062
13.750 58.000
13.750 58.250
14.000 58.250
14.000 58.000
Building 4 5 0.062
13.750 58.250
13.750 58.500
14.000 58.500
14.000 58.250
Building 4 5 0.062
13.750 58.500
13.750 58.750
14.000 58.750
14.000 58.500
Building 4 5 0.062
14.000 59.000
14.000 58.750
13.750 58.750
13.750 59.000
Building 4 5 0.062
13.750 61.000
13.750 61.250
14.000 61.250
14.000 61.000
Building 4 5 0.062
13.750 61.250
13.750 61.500
14.000 61.500
14.000 61.250
Building 4 5 0.062
13.750 61.500
13.750 61.750
14.000 61.750
14.000 61.500
Building 4 5 0.062
13.750 61.750
13.750 62.000
14.000 62.000
14.000 61.750
Building 4 5 0.062
13.750 62.000
13.750 62.250
14.000 62.250
14.000 62.000
Building 4 5 0.062
13.750 62.250
13.750 62.500
14.000 62.500
14.000 62.250
Building 4 5 0.062
13.750 62.500
13.750 62.750
14.000 62.750
14.000 62.500
Building 4 5 0.062
14.000 63.000
14.000 62.750
13.750 62.750
13.750 63.000
Building 4 5 0.062
14.000 57.000
14.000 57.250
14.250 57.250
14.250 57.000
Building 4 5 0.062
14.000 57.250
14.000 57.500
14.250 57.500
14.250 57.250
Building 4 5 0.062
14.000 57.500
14.000 57.750
14.250 57.750
14.250 57.500
Building 4 5 0.062
14.000 57.750
14.000 58.000
14.250 58.000
14.250 57.750
Building 4 5 0.062
14.000 58.000
14.000 58.250
14.250 58.250
14.250 58.000
Building 4 5 0.062
14.000 58.250
14.000 58.500
14.250 58.500
14.250 58.250
Building 4 5 0.062
14.000 58.500
14.000 58.750
14.250 58.750
14.250 58.500
Building 4 5 0.062
14.250 59.000
14.250 58.750
14.000 58.750
14.000 59.000
Building 4 5 0.062
14.000 61.000
14.000 61.250
14.250 61.250
14.250 61.000
Building 4 5 0.062
14.000 61.250
14.000 61.500
14.250 61.500
14.250 61.250
Building 4 5 0.062
14.000 61.500
14.000 61.750
14.250 61.750
14.250 61.500
Building 4 5 0.062
14.000 61.750
14.000 62.000
14.250 62.000
14.250 61.750
Building 4 5 0.062
14.000 62.000
14.000 62.250
14.250 62.250
14.250 62.000
Building 4 5 0.062
14.000 62.250
14.000 62.500
14.250 62.500
14.250 62.250
Building 4 5 0.062
14.000 62.500
14.000 62.750
14.250 62.750
14.250 62.500
Building 4 5 0.062
14.250 63.000
14.250 62.750
14.000 62.750
14.000 63.000
Building 4 5 0.062
14.250 57.000
14.250 57.250
14.500 57.250
14.500 57.000
Building 4 5 0.062
14.250 57.250
14.250 57.500
14.500 57.500
14.500 57.250
Building 4 5 0.062
14.250 57.500
14.250 57.750
14.500 57.750
14.500 57.500
Building 4 5 0.062
14.250 57.750
14.250 58.000
14.500 58.000
14.500 57.750
Building 4 5 0.062
14.250 58.000
14.250 58.250
14.500 58.250
14.500 58.000
Building 4 5 0.062
14.250 58.250
14.250 58.500
14.500 58.500
14.500 58.250
Building 4 5 0.062
14.250 58.500
14.250 58.750
14.500 58.750
14.500 58.500
Building 4 5 0.062
14.500 59.000
14.500 58.750
14.250 58.750
14.250 59.000
Building 4 5 0.062
14.250 61.000
14.250 61.250
14.500 61.250
14.500 61.000
Building 4 5 0.062
14.250 61.250
14.250 61.500
14.500 61.500
14.500 61.250
Building 4 5 0.062
14.250 61.500
14.250 61.750
14.500 61.750
14.500 61.500
Building 4 5 0.062
14.250 61.750
14.250 62.000
14.500 62.000
14.500 61.750
Building 4 5 0.062
14.250 62.000
14.250 62.250
14.500 62.250
14.500 62.000
Building 4 5 0.062
14.250 62.250
14.250 62.500
14.500 62.500
14.500 62.250
Building 4 5 0.062
14.250 62.500
14.250 62.750
14.500 62.750
14.500 62.500
Building 4 5 0.062
14.500 63.000
14.500 62.750
14.250 62.750
14.250 63.000
Building 4 5 0.062
14.500 57.000
14.500 57.250
14.750 57.250
14.750 57.000
Building 4 5 0.062
14.500 57.250
14.500 57.500
14.750 57.500
14.750 57.250
Building 4 5 0.062
14.500 57.500
14.500 57.750
14.750 57.750
14.750 57.500
Building 4 5 0.062
14.500 57.750
14.500 58.000
14.750 58.000
14.750 57.750
Building 4 5 0.062
14.500 58.000
14.500 58.250
14.750 58.250
14.750 58.000
Building 4 5 0.062
14.500 58.250
14.500 58.500
14.750 58.500
14.750 58.250
Building 4 5 0.062
14.500 58.500
14.500 58.750
14.750 58.750
14.750 58.500
Building 4 5 0.062
14.750 59.000
14.750 58.750
14.500 58.750
14.500 59.000
Building 4 5 0.062
14.500 61.000
14.500 61.250
14.750 61.250
14.750 61.000
Building 4 5 0.062
14.500 61.250
14.500 61.500
14.750 61.500
14.750 61.250
Building 4 5 0.062
14.500 61.500
14.500 61.750
14.750 61.750
14.750 61.500
Building 4 5 0.062
14.500 61.750
14.500 62.000
14.750 62.000
14.750 61.750
Building 4 5 0.062
14.500 62.000
14.500 62.250
14.750 62.250
14.750 62.000
Building 4 5 0.062
14.500 62.250
14.500 62.500
14.750 62.500
14.750 62.250
Building 4 5 0.062
14.500 62.500
14.500 62.750
14.750 62.750
14.750 62.500
Building 4 5 0.062
14.750 63.000
14.750 62.750
14.500 62.750
14.500 63.000
Building 4 5 0.062
14.750 57.000
14.750 57.250
15.000 57.250
15.000 57.000
Building 4 5 0.062
14.750 57.250
14.750 57.500
15.000 57.500
15.000 57.250
Building 4 5 0.062
14.750 57.500
14.750 57.750
15.000 57.750
15.000 57.500
Building 4 5 0.062
14.750 57.750
14.750 58.000
15.000 58.000
15.000 57.750
Building 4 5 0.062
14.750 58.000
14.750 58.250
15.000 58.250
15.000 58.000
Building 4 5 0.062
14.750 58.250
14.750 58.500
15.000 58.500
15.000 58.250
Building 4 5 0.062
14.750 58.500
14.750 58.750
15.000 58.750
15.000 58.500
Building 4 5 0.062
15.000 59.000
15.000 58.750
14.750 58.750
14.750 59.000
Building 4 5 0.062
14.750 61.000
14.750 61.250
15.000 61.250
15.000 61.000
Building 4 5 0.062
14.750 61.250
14.750 61.500
15.000 61.500
15.000 61.250
Building 4 5 0.062
14.750 61.500
14.750 61.750
15.000 61.750
15.000 61.500
Building 4 5 0.062
14.750 61.750
14.750 62.000
15.000 62.000
15.000 61.750
Building 4 5 0.062
14.750 62.000
14.750 62.250
15.000 62.250
15.000 62.000
Building 4 5 0.062
14.750 62.250
14.750 62.500
15.000 62.500
15.000 62.250
Building 4 5 0.062
14.750 62.500
14.750 62.750
15.000 62.750
15.000 62.500
Building 4 5 0.062
15.000 63.000
15.000 62.750
14.750 62.750
14.750 63.000
Building 4 5 0.062
15.000 57.000
15.000 57.250
15.250 57.250
15.250 57.000
Building 4 5 0.062
15.000 57.250
15.000 57.500
15.250 57.500
15.250 57.250
Building 4 5 0.062
15.000 57.500
15.000 57.750
15.250 57.750
15.250 57.500
Building 4 5 0.062
15.000 57.750
15.000 58.000
15.250 58.000
15.250 57.750
Building 4 5 0.062
15.000 58.000
15.000 58.250
15.250 58.250
15.250 58.000
Building 4 5 0.062
15.000 58.250
15.000 58.500
15.250 58.500
15.250 58.250
Building 4 5 0.062
15.000 58.500
15.000 58.750
15.250 58.750
15.250 58.500
Building 4 5 0.062
15.250 59.000
15.250 58.750
15.000 58.750
15.000 59.000
Building 4 5 0.062
15.000 61.000
15.000 61.250
15.250 61.250
15.250 61.000
Building 4 5 0.062
15.000 61.250
15.000 61.500
15.250 61.500
15.250 61.250
Building 4 5 0.062
15.000 61.500
15.000 61.750
15.250 61.750
15.250 61.500
Building 4 5 0.062
15.000 61.750
15.000 62.000
15.250 62.000
15.250 61.750
Building 4 5 0.062
15.000 62.000
15.000 62.250
15.250 62.250
15.250 62.000
Building 4 5 0.062
15.000 62.250
15.000 62.500
15.250 62.500
15.250 62.250
Building 4 5 0.062
15.000 62.500
15.000 62.750
15.250 62.750
15.250 62.500
Building 4 5 0.062
15.250 63.000
15.250 62.750
15.000 62.750
15.000 63.000
Building 4 5 0.062
15.250 57.000
15.250 57.250
15.500 57.250
15.500 57.000
Building 4 5 0.062
15.250 57.250
15.250 57.500
15.500 57.500
15.500 57.250
Building 4 5 0.062
15.250 57.500
15.250 57.750
15.500 57.750
15.500 57.500
Building 4 5 0.062
15.250 57.750
15.250 58.000
15.500 58.000
15.500 57.750
Building 4 5 0.062
15.250 58.000
15.250 58.250
15.500 58.250
15.500 58.000
Building 4 5 0.062
15.250 58.250
15.250 58.500
15.500 58.500
15.500 58.250
Building 4 5 0.062
15.250 58.500
15.250 58.750
15.500 58.750
15.500 58.500
Building 4 5 0.062
15.500 59.000
15.500 58.750
15.250 58.750
15.250 59.000
Building 4 5 0.062
15.250 61.000
15.250 61.250
15.500 61.250
15.500 61.000
Building 4 5 0.062
15.250 61.250
15.250 61.500
15.500 61.500
15.500 61.250
Building 4 5 0.062
15.250 61.500
15.250 61.750
15.500 61.750
15.500 61.500
Building 4 5 0.062
15.250 61.750
15.250 62.000
15.500 62.000
15.500 61.750
Building 4 5 0.062
15.250 62.000
15.250 62.250
15.500 62.250
15.500 62.000
Building 4 5 0.062
15.250 62.250
15.250 62.500
15.500 62.500
15.500 62.250
Building 4 5 0.062
15.250 62.500
15.250 62.750
15.500 62.750
15.500 62.500
Building 4 5 0.062
15.500 63.000
15.500 62.750
15.250 62.750
15.250 63.000
Building 4 5 0.062
15.500 57.000
15.500 57.250
15.750 57.250
15.750 57.000
Building 4 5 0.062
15.500 57.250
15.500 57.500
15.750 57.500
15.750 57.250
Building 4 5 0.062
15.500 57.500
15.500 57.750
15.750 57.750
15.750 57.500
Building 4 5 0.062
15.500 57.750
15.500 58.000
15.750 58.000
15.750 57.750
Building 4 5 0.062
15.500 58.000
15.500 58.250
15.750 58.250
15.750 58.000
Building 4 5 0.062
15.500 58.250
15.500 58.500
15.750 58.500
15.750 58.250
Building 4 5 0.062
15.500 58.500
15.500 58.750
15.750 58.750
15.750 58.500
Building 4 5 0.062
15.750 59.000
15.750 58.750
15.500 58.750
15.500 59.000
Building 4 5 0.062
15.500 61.000
15.500 61.250
15.750 61.250
15.750 61.000
Building 4 5 0.062
15.500 61.250
15.500 61.500
15.750 61.500
15.750 61.250
Building 4 5 0.062
15.500 61.500
15.500 61.750
15.750 61.750
15.750 61.500
Building 4 5 0.062
15.500 61.750
15.500 62.000
15.750 62.000
15.750 61.750
Building 4 5 0.062
15.500 62.000
15.500 62.250
15.750 62.250
15.750 62.000
Building 4 5 0.062
15.500 62.250
15.500 62.500
15.750 62.500
15.750 62.250
Building 4 5 0.062
15.500 62.500
15.500 62.750
15.750 62.750
15.750 62.500
Building 4 5 0.062
15.750 63.000
15.750 62.750
15.500 62.750
15.500 63.000
Building 4 5 0.062
15.750 57.000
15.750 57.250
16.000 57.250
16.000 57.000
Building 4 5 0.062
15.750 57.250
15.750 57.500
16.000 57.500
16.000 57.250
Building 4 5 0.062
15.750 57.500
15.750 57.750
16.000 57.750
16.000 57.500
Building 4 5 0.062
15.750 57.750
15.750 58.000
16.000 58.000
16.000 57.750
Building 4 5 0.062
15.750 58.000
15.750 58.250
16.000 58.250
16.000 58.000
Building 4 5 0.062
15.750 58.250
15.750 58.500
16.000 58.500
16.000 58.250
Building 4 5 0.062
15.750 58.500
15.750 58.750
16.000 58.750
16.000 58.500
Building 4 5 0.062
16.000 59.000
16.000 58.750
15.750 58.750
15.750 59.000
Building 4 5 0.062
15.750 61.000
15.750 61.250
16.000 61.250
16.000 61.000
Building 4 5 0.062
15.750 61.250
15.750 61.500
16.000 61.500
16.000 61.250
Building 4 5 0.062
15.750 61.500
15.750 61.750
16.000 61.750
16.000 61.500
Building 4 5 0.062
15.750 61.750
15.750 62.000
16.000 62.000
16.000 61.750
Building 4 5 0.062
15.750 62.000
15.750 62.250
16.000 62.250
16.000 62.000
Building 4 5 0.062
15.750 62.250
15.750 62.500
16.000 62.500
16.000 62.250
Building 4 5 0.062
15.750 62.500
15.750 62.750
16.000 62.750
16.000 62.500
Building 4 5 0.062
16.000 63.000
16.000 62.750
15.750 62.750
15.750 63.000
Building 4 5 0.062
16.000 57.000
16.000 57.250
16.250 57.250
16.250 57.000
Building 4 5 0.062
16.000 57.250
16.000 57.500
16.250 57.500
16.250 57.250
Building 4 5 0.062
16.000 57.500
16.000 57.750
16.250 57.750
16.250 57.500
Building 4 5 0.062
16.000 57.750
16.000 58.000
16.250 58.000
16.250 57.750
Building 4 5 0.062
16.000 58.000
16.000 58.250
16.250 58.250
16.250 58.000
Building 4 5 0.062
16.000 58.250
16.000 58.500
16.250 58.500
16.250 58.250
Building 4 5 0.062
16.000 58.500
16.000 58.750
16.250 58.750
16.250 58.500
Building 4 5 0.062
16.250 59.000
16.250 58.750
16.000 58.750
16.000 59.000
Building 4 5 0.062
16.000 61.000
16.000 61.250
16.250 61.250
16.250 61.000
Building 4 5 0.062
16.000 61.250
16.000 61.500
16.250 61.500
16.250 61.250
Building 4 5 0.062
16.000 61.500
16.000 61.750
16.250 61.750
16.250 61.500
Building 4 5 0.062
16.000 61.750
16.000 62.000
16.250 62.000
16.250 61.750
Building 4 5 0.062
16.000 62.000
16.000 62.250
16.250 62.250
16.250 62.000
Building 4 5 0.062
16.000 62.250
16.000 62.500
16.250 62.500
16.250 62.250
Building 4 5 0.062
16.000 62.500
16.000 62.750
16.250 62.750
16.250 62.500
Building 4 5 0.062
16.250 63.000
16.250 62.750
16.000 62.750
16.000 63.000
Building 4 5 0.062
16.250 57.000
16.250 57.250
16.500 57.250
16.500 57.000
Building 4 5 0.062
16.250 57.250
16.250 57.500
16.500 57.500
16.500 57.250
Building 4 5 0.062
16.250 57.500
16.250 57.750
16.500 57.750
16.500 57.500
Building 4 5 0.062
16.250 57.750
16.250 58.000
16.500 58.000
16.500 57.750
Building 4 5 0.062
16.250 58.000
16.250 58.250
16.500 58.250
16.500 58.000
Building 4 5 0.062
16.250 58.250
16.250 58.500
16.500 58.500
16.500 58.250
Building 4 5 0.062
16.250 58.500
16.250 58.750
16.500 58.750
16.500 58.500
Building 4 5 0.062
16.500 59.000
16.500 58.750
16.250 58.750
16.250 59.000
Building 4 5 0.062
16.250 61.000
16.250 61.250
16.500 61.250
16.500 61.000
Building 4 5 0.062
16.250 61.250
16.250 61.500
16.500 61.500
16.500 61.250
Building 4 5 0.062
16.250 61.500
16.250 61.750
16.500 61.750
16.500 61.500
Building 4 5 0.062
16.250 61.750
16.250 62.000
16.500 62.000
16.500 61.750
Building 4 5 0.062
16.250 62.000
16.250 62.250
16.500 62.250
16.500 62.000
Building 4 5 0.062
16.250 62.250
16.250 62.500
16.500 62.500
16.500 62.250
Building 4 5 0.062
16.250 62.500
16.250 62.750
16.500 62.750
16.500 62.500
Building 4 5 0.062
16.500 63.000
16.500 62.750
16.250 62.750
16.250 63.000
Building 4 5 0.062
16.500 57.000
16.500 57.250
16.750 57.250
16.750 57.000
Building 4 5 0.062
16.500 57.250
16.500 57.500
16.750 57.500
16.750 57.250
Building 4 5 0.062
16.500 57.500
16.500 57.750
16.750 57.750
16.750 57.500
Building 4 5 0.062
16.500 57.750
16.500 58.000
16.750 58.000
16.750 57.750
Building 4 5 0.062
16.500 58.000
16.500 58.250
16.750 58.250
16.750 58.000
Building 4 5 0.062
16.500 58.250
16.500 58.500
16.750 58.500
16.750 58.250
Building 4 5 0.062
16.500 58.500
16.500 58.750
16.750 58.750
16.750 58.500
Building 4 5 0.062
16.750 59.000
16.750 58.750
16.500 58.750
16.500 59.000
Building 4 5 0.062
16.500 61.000
16.500 61.250
16.750 61.250
16.750 61.000
Building 4 5 0.062
16.500 61.250
16.500 61.500
16.750 61.500
16.750 61.250
Building 4 5 0.062
16.500 61.500
16.500 61.750
16.750 61.750
16.750 61.500
Building 4 5 0.062
16.500 61.750
16.500 62.000
16.750 62.000
16.750 61.750
Building 4 5 0.062
16.500 62.000
16.500 62.250
16.750 62.250
16.750 62.000
Building 4 5 0.062
16.500 62.250
16.500 62.500
16.750 62.500
16.750 62.250
Building 4 5 0.062
16.500 62.500
16.500 62.750
16.750 62.750
16.750 62.500
Building 4 5 0.062
16.750 63.000
16.750 62.750
16.500 62.750
16.500 63.000
Building 4 5 0.062
16.750 57.000
16.750 57.250
17.000 57.250
17.000 57.000
Building 4 5 0.062
16.750 57.250
16.750 57.500
17.000 57.500
17.000 57.250
Building 4 5 0.062
16.750 57.500
16.750 57.750
17.000 57.750
17.000 57.500
Building 4 5 0.062
16.750 57.750
16.750 58.000
17.000 58.000
17.000 57.750
Building 4 5 0.062
16.750 58.000
16.750 58.250
17.000 58.250
17.000 58.000
Building 4 5 0.062
16.750 58.250
16.750 58.500
17.000 58.500
17.000 58.250
Building 4 5 0.062
16.750 58.500
16.750 58.750
17.000 58.750
17.000 58.500
Building 4 5 0.062
17.000 59.000
17.000 58.750
16.750 58.750
16.750 59.000
Building 4 5 0.062
16.750 61.000
16.750 61.250
17.000 61.250
17.000 61.000
Building 4 5 0.062
16.750 61.250
16.750 61.500
17.000 61.500
17.000 61.250
Building 4 5 0.062
16.750 61.500
16.750 61.750
17.000 61.750
17.000 61.500
Building 4 5 0.062
16.750 61.750
16.750 62.000
17.000 62.000
17.000 61.750
Building 4 5 0.062
16.750 62.000
16.750 62.250
17.000 62.250
17.000 62.000
Building 4 5 0.062
16.750 62.250
16.750 62.500
17.000 62.500
17.000 62.250
Building 4 5 0.062
16.750 62.500
16.750 62.750
17.000 62.750
17.000 62.500
Building 4 5 0.062
17.000 63.000
17.000 62.750
16.750 62.750
16.750 63.000
Building 4 5 0.062
17.000 57.000
17.000 57.250
17.250 57.250
17.250 57.000
Building 4 5 0.062
17.000 57.250
17.000 57.500
17.250 57.500
17.250 57.250
Building 4 5 0.062
17.000 57.500
17.000 57.750
17.250 57.750
17.250 57.500
Building 4 5 0.062
17.000 57.750
17.000 58.000
17.250 58.000
17.250 57.750
Building 4 5 0.062
17.000 58.000
17.000 58.250
17.250 58.250
17.250 58.000
Building 4 5 0.062
17.000 58.250
17.000 58.500
17.250 58.500
17.250 58.250
Building 4 5 0.062
17.000 58.500
17.000 58.750
17.250 58.750
17.250 58.500
Building 4 5 0.062
17.250 59.000
17.250 58.750
17.000 58.750
17.000 59.000
Building 4 5 0.062
17.000 61.000
17.000 61.250
17.250 61.250
17.250 61.000
Building 4 5 0.062
17.000 61.250
17.000 61.500
17.250 61.500
17.250 61.250
Building 4 5 0.062
17.000 61.500
17.000 61.750
17.250 61.750
17.250 61.500
Building 4 5 0.062
17.000 61.750
17.000 62.000
17.250 62.000
17.250 61.750
Building 4 5 0.062
17.000 62.000
17.000 62.250
17.250 62.250
17.250 62.000
Building 4 5 0.062
17.000 62.250
17.000 62.500
17.250 62.500
17.250 62.250
Building 4 5 0.062
17.000 62.500
17.000 62.750
17.250 62.750
17.250 62.500
Building 4 5 0.062
17.250 63.000
17.250 62.750
17.000 62.750
17.000 63.000
Building 4 5 0.062
17.250 57.000
17.250 57.250
17.500 57.250
17.500 57.000
Building 4 5 0.062
17.250 57.250
17.250 57.500
17.500 57.500
17.500 57.250
Building 4 5 0.062
17.250 57.500
17.250 57.750
17.500 57.750
17.500 57.500
Building 4 5 0.062
17.250 57.750
17.250 58.000
17.500 58.000
17.500 57.750
Building 4 5 0.062
17.250 58.000
17.250 58.250
17.500 58.250
17.500 58.000
Building 4 5 0.062
17.250 58.250
17.250 58.500
17.500 58.500
17.500 58.250
Building 4 5 0.062
17.250 58.500
17.250 58.750
17.500 58.750
17.500 58.500
Building 4 5 0.062
17.500 59.000
17.500 58.750
17.250 58.750
17.250 59.000
Building 4 5 0.062
17.250 61.000
17.250 61.250
17.500 61.250
17.500 61.000
Building 4 5 0.062
17.250 61.250
17.250 61.500
17.500 61.500
17.500 61.250
Building 4 5 0.062
17.250 61.500
17.250 61.750
17.500 61.750
17.500 61.500
Building 4 5 0.062
17.250 61.750
17.250 62.000
17.500 62.000
17.500 61.750
Building 4 5 0.062
17.250 62.000
17.250 62.250
17.500 62.250
17.500 62.000
Building 4 5 0.062
17.250 62.250
17.250 62.500
17.500 62.500
17.500 62.250
Building 4 5 0.062
17.250 62.500
17.250 62.750
17.500 62.750
17.500 62.500
Building 4 5 0.062
17.500 63.000
17.500 62.750
17.250 62.750
17.250 63.000
Building 4 5 0.062
17.500 57.000
17.500 57.250
17.750 57.250
17.750 57.000
Building 4 5 0.062
17.500 57.250
17.500 57.500
17.750 57.500
17.750 57.250
Building 4 5 0.062
17.500 57.500
17.500 57.750
17.750 57.750
17.750 57.500
Building 4 5 0.062
17.500 57.750
17.500 58.000
17.750 58.000
17.750 57.750
Building 4 5 0.062
17.500 58.000
17.500 58.250
17.750 58.250
17.750 58.000
Building 4 5 0.062
17.500 58.250
17.500 58.500
17.750 58.500
17.750 58.250
Building 4 5 0.062
17.500 58.500
17.500 58.750
17.750 58.750
17.750 58.500
Building 4 5 0.062
17.750 59.000
17.750 58.750
17.500 58.750
17.500 59.000
Building 4 5 0.062
17.500 61.000
17.500 61.250
17.750 61.250
17.750 61.000
Building 4 5 0.062
17.500 61.250
17.500 61.500
17.750 61.500
17.750 61.250
Building 4 5 0.062
17.500 61.500
17.500 61.750
17.750 61.750
17.750 61.500
Building 4 5 0.062
17.500 61.750
17.500 62.000
17.750 62.000
17.750 61.750
Building 4 5 0.062
17.500 62.000
17.500 62.250
17.750 62.250
17.750 62.000
Building 4 5 0.062
17.500 62.250
17.500 62.500
17.750 62.500
17.750 62.250
Building 4 5 0.062
17.500 62.500
17.500 62.750
17.750 62.750
17.750 62.500
Building 4 5 0.062
17.750 63.000
17.750 62.750
17.500 62.750
17.500 63.000
Building 4 5 0.062
17.750 57.000
17.750 57.250
18.000 57.250
18.000 57.000
Building 4 5 0.062
17.750 57.250
17.750 57.500
18.000 57.500
18.000 57.250
Building 4 5 0.062
17.750 57.500
17.750 57.750
18.000 57.750
18.000 57.500
Building 4 5 0.062
17.750 57.750
17.750 58.000
18.000 58.000
18.000 57.750
Building 4 5 0.062
17.750 58.000
17.750 58.250
18.000 58.250
18.000 58.000
Building 4 5 0.062
17.750 58.250
17.750 58.500
18.000 58.500
18.000 58.250
Building 4 5 0.062
17.750 58.500
17.750 58.750
18.000 58.750
18.000 58.500
Building 4 5 0.062
18.000 59.000
18.000 58.750
17.750 58.750
17.750 59.000
Building 4 5 0.062
17.750 61.000
17.750 61.250
18.000 61.250
18.000 61.000
Building 4 5 0.062
17.750 61.250
17.750 61.500
18.000 61.500
18.000 61.250
Building 4 5 0.062
17.750 61.500
17.750 61.750
18.000 61.750
18.000 61.500
Building 4 5 0.062
17.750 61.750
17.750 62.000
18.000 62.000
18.000 61.750
Building 4 5 0.062
17.750 62.000
17.750 62.250
18.000 62.250
18.000 62.000
Building 4 5 0.062
17.750 62.250
17.750 62.500
18.000 62.500
18.000 62.250
Building 4 5 0.062
17.750 62.500
17.750 62.750
18.000 62.750
18.000 62.500
Building 4 5 0.062
18.000 63.000
18.000 62.750
17.750 62.750
17.750 63.000
Building 4 5 0.062
18.000 57.000
18.000 57.250
18.250 57.250
18.250 57.000
Building 4 5 0.062
18.000 57.250
18.000 57.500
18.250 57.500
18.250 57.250
Building 4 5 0.062
18.000 57.500
18.000 57.750
18.250 57.750
18.250 57.500
Building 4 5 0.062
18.000 57.750
18.000 58.000
18.250 58.000
18.250 57.750
Building 4 5 0.062
18.000 58.000
18.000 58.250
18.250 58.250
18.250 58.000
Building 4 5 0.062
18.000 58.250
18.000 58.500
18.250 58.500
18.250 58.250
Building 4 5 0.062
18.000 58.500
18.000 58.750
18.250 58.750
18.250 58.500
Building 4 5 0.062
18.250 59.000
18.250 58.750
18.000 58.750
18.000 59.000
Building 4 5 0.062
18.000 61.000
18.000 61.250
18.250 61.250
18.250 61.000
Building 4 5 0.062
18.000 61.250
18.000 61.500
18.250 61.500
18.250 61.250
Building 4 5 0.062
18.000 61.500
18.000 61.750
18.250 61.750
18.250 61.500
Building 4 5 0.062
18.000 61.750
18.000 62.000
18.250 62.000
18.250 61.750
Building 4 5 0.062
18.000 62.000
18.000 62.250
18.250 62.250
18.250 62.000
Building 4 5 0.062
18.000 62.250
18.000 62.500
18.250 62.500
18.250 62.250
Building 4 5 0.062
18.000 62.500
18.000 62.750
18.250 62.750
18.250 62.500
Building 4 5 0.062
18.250 63.000
18.250 62.750
18.000 62.750
18.000 63.000
Building 4 5 0.062
18.250 57.000
18.250 57.250
18.500 57.250
18.500 57.000
Building 4 5 0.062
18.250 57.250
18.250 57.500
18.500 57.500
18.500 57.250
Building 4 5 0.062
18.250 57.500
18.250 57.750
18.500 57.750
18.500 57.500
Building 4 5 0.062
18.250 57.750
18.250 58.000
18.500 58.000
18.500 57.750
Building 4 5 0.062
18.250 58.000
18.250 58.250
18.500 58.250
18.500 58.000
Building 4 5 0.062
18.250 58.250
18.250 58.500
18.500 58.500
18.500 58.250
Building 4 5 0.062
18.250 58.500
18.250 58.750
18.500 58.750
18.500 58.500
Building 4 5 0.062
18.500 59.000
18.500 58.750
18.250 58.750
18.250 59.000
Building 4 5 0.062
18.250 61.000
18.250 61.250
18.500 61.250
18.500 61.000
Building 4 5 0.062
18.250 61.250
18.250 61.500
18.500 61.500
18.500 61.250
Building 4 5 0.062
18.250 61.500
18.250 61.750
18.500 61.750
18.500 61.500
Building 4 5 0.062
18.250 61.750
18.250 62.000
18.500 62.000
18.500 61.750
Building 4 5 0.062
18.250 62.000
18.250 62.250
18.500 62.250
18.500 62.000
Building 4 5 0.062
18.250 62.250
18.250 62.500
18.500 62.500
18.500 62.250
Building 4 5 0.062
18.250 62.500
18.250 62.750
18.500 62.750
18.500 62.500
Building 4 5 0.062
18.500 63.000
18.500 62.750
18.250 62.750
18.250 63.000
Building 4 5 0.062
18.500 57.000
18.500 57.250
18.750 57.250
18.750 57.000
Building 4 5 0.062
18.500 57.250
18.500 57.500
18.750 57.500
18.750 57.250
Building 4 5 0.062
18.500 57.500
18.500 57.750
18.750 57.750
18.750 57.500
Building 4 5 0.062
18.500 57.750
18.500 58.000
18.750 58.000
18.750 57.750
Building 4 5 0.062
18.500 58.000
18.500 58.250
18.750 58.250
18.750 58.000
Building 4 5 0.062
18.500 58.250
18.500 58.500
18.750 58.500
18.750 58.250
Building 4 5 0.062
18.500 58.500
18.500 58.750
18.750 58.750
18.750 58.500
Building 4 5 0.062
18.750 59.000
18.750 58.750
18.500 58.750
18.500 59.000
Building 4 5 0.062
18.500 61.000
18.500 61.250
18.750 61.250
18.750 61.000
Building 4 5 0.062
18.500 61.250
18.500 61.500
18.750 61.500
18.750 61.250
Building 4 5 0.062
18.500 61.500
18.500 61.750
18.750 61.750
18.750 61.500
Building 4 5 0.062
18.500 61.750
18.500 62.000
18.750 62.000
18.750 61.750
Building 4 5 0.062
18.500 62.000
18.500 62.250
18.750 62.250
18.750 62.000
Building 4 5 0.062
18.500 62.250
18.500 62.500
18.750 62.500
18.750 62.250
Building 4 5 0.062
18.500 62.500
18.500 62.750
18.750 62.750
18.750 62.500
Building 4 5 0.062
18.750 63.000
18.750 62.750
18.500 62.750
18.500 63.000
Building 4 5 0.062
18.750 57.000
18.750 57.250
19.000 57.250
19.000 57.000
Building 4 5 0.062
18.750 57.250
18.750 57.500
19.000 57.500
19.000 57.250
Building 4 5 0.062
18.750 57.500
18.750 57.750
19.000 57.750
19.000 57.500
Building 4 5 0.062
18.750 57.750
18.750 58.000
19.000 58.000
19.000 57.750
Building 4 5 0.062
18.750 58.000
18.750 58.250
19.000 58.250
19.000 58.000
Building 4 5 0.062
18.750 58.250
18.750 58.500
19.000 58.500
19.000 58.250
Building 4 5 0.062
18.750 58.500
18.750 58.750
19.000 58.750
19.000 58.500
Building 4 5 0.062
19.000 59.000
19.000 58.750
18.750 58.750
18.750 59.000
Building 4 5 0.062
18.750 61.000
18.750 61.250
19.000 61.250
19.000 61.000
Building 4 5 0.062
18.750 61.250
18.750 61.500
19.000 61.500
19.000 61.250
Building 4 5 0.062
18.750 61.500
18.750 61.750
19.000 61.750
19.000 61.500
Building 4 5 0.062
18.750 61.750
18.750 62.000
19.000 62.000
19.000 61.750
Building 4 5 0.062
18.750 62.000
18.750 62.250
19.000 62.250
19.000 62.000
Building 4 5 0.062
18.750 62.250
18.750 62.500
19.000 62.500
19.000 62.250
Building 4 5 0.062
18.750 62.500
18.750 62.750
19.000 62.750
19.000 62.500
Building 4 5 0.062
19.000 63.000
19.000 62.750
18.750 62.750
18.750 63.000
Building 4 5 0.062
19.000 57.000
19.000 57.250
19.250 57.250
19.250 57.000
Building 4 5 0.062
19.000 57.250
19.000 57.500
19.250 57.500
19.250 57.250
Building 4 5 0.062
19.000 57.500
19.000 57.750
19.250 57.750
19.250 57.500
Building 4 5 0.062
19.000 57.750
19.000 58.000
19.250 58.000
19.250 57.750
Building 4 5 0.062
19.000 58.000
19.000 58.250
19.250 58.250
19.250 58.000
Building 4 5 0.062
19.000 58.250
19.000 58.500
19.250 58.500
19.250 58.250
Building 4 5 0.062
19.000 58.500
19.000 58.750
19.250 58.750
19.250 58.500
Building 4 5 0.062
19.250 59.000
19.250 58.750
19.000 58.750
19.000 59.000
Building 4 5 0.062
19.000 61.000
19.000 61.250
19.250 61.250
19.250 61.000
Building 4 5 0.062
19.000 61.250
19.000 61.500
19.250 61.500
19.250 61.250
Building 4 5 0.062
19.000 61.500
19.000 61.750
19.250 61.750
19.250 61.500
Building 4 5 0.062
19.000 61.750
19.000 62.000
19.250 62.000
19.250 61.750
Building 4 5 0.062
19.000 62.000
19.000 62.250
19.250 62.250
19.250 62.000
Building 4 5 0.062
19.000 62.250
19.000 62.500
19.250 62.500
19.250 62.250
Building 4 5 0.062
19.000 62.500
19.000 62.750
19.250 62.750
19.250 62.500
Building 4 5 0.062
19.250 63.000
19.250 62.750
19.000 62.750
19.000 63.000
Building 4 5 0.062
19.250 57.000
19.250 57.250
19.500 57.250
19.500 57.000
Building 4 5 0.062
19.250 57.250
19.250 57.500
19.500 57.500
19.500 57.250
Building 4 5 0.062
19.250 57.500
19.250 57.750
19.500 57.750
19.500 57.500
Building 4 5 0.062
19.250 57.750
19.250 58.000
19.500 58.000
19.500 57.750
Building 4 5 0.062
19.250 58.000
19.250 58.250
19.500 58.250
19.500 58.000
Building 4 5 0.062
19.250 58.250
19.250 58.500
19.500 58.500
19.500 58.250
Building 4 5 0.062
19.250 58.500
19.250 58.750
19.500 58.750
19.500 58.500
Building 4 5 0.062
19.500 59.000
19.500 58.750
19.250 58.750
19.250 59.000
Building 4 5 0.062
19.250 61.000
19.250 61.250
19.500 61.250
19.500 61.000
Building 4 5 0.062
19.250 61.250
19.250 61.500
19.500 61.500
19.500 61.250
Building 4 5 0.062
19.250 61.500
19.250 61.750
19.500 61.750
19.500 61.500
Building 4 5 0.062
19.250 61.750
19.250 62.000
19.500 62.000
19.500 61.750
Building 4 5 0.062
19.250 62.000
19.250 62.250
19.500 62.250
19.500 62.000
Building 4 5 0.062
19.250 62.250
19.250 62.500
19.500 62.500
19.500 62.250
Building 4 5 0.062
19.250 62.500
19.250 62.750
19.500 62.750
19.500 62.500
Building 4 5 0.062
19.500 63.000
19.500 62.750
19.250 62.750
19.250 63.000
Building 4 5 0.062
19.500 57.000
19.500 57.250
19.750 57.250
19.750 57.000
Building 4 5 0.062
19.500 57.250
19.500 57.500
19.750 57.500
19.750 57.250
Building 4 5 0.062
19.500 57.500
19.500 57.750
19.750 57.750
19.750 57.500
Building 4 5 0.062
19.500 57.750
19.500 58.000
19.750 58.000
19.750 57.750
Building 4 5 0.062
19.500 58.000
19.500 58.250
19.750 58.250
19.750 58.000
Building 4 5 0.062
19.500 58.250
19.500 58.500
19.750 58.500
19.750 58.250
Building 4 5 0.062
19.500 58.500
19.500 58.750
19.750 58.750
19.750 58.500
Building 4 5 0.062
19.750 59.000
19.750 58.750
19.500 58.750
19.500 59.000
Building 4 5 0.062
19.500 61.000
19.500 61.250
19.750 61.250
19.750 61.000
Building 4 5 0.062
19.500 61.250
19.500 61.500
19.750 61.500
19.750 61.250
Building 4 5 0.062
19.500 61.500
19.500 61.750
19.750 61.750
19.750 61.500
Building 4 5 0.062
19.500 61.750
19.500 62.000
19.750 62.000
19.750 61.750
Building 4 5 0.062
19.500 62.000
19.500 62.250
19.750 62.250
19.750 62.000
Building 4 5 0.062
19.500 62.250
19.500 62.500
19.750 62.500
19.750 62.250
Building 4 5 0.062
19.500 62.500
19.500 62.750
19.750 62.750
19.750 62.500
Building 4 5 0.062
19.750 63.000
19.750 62.750
19.500 62.750
19.500 63.000
Building 4 5 0.062
19.750 57.000
19.750 57.250
20.000 57.250
20.000 57.000
Building 4 5 0.062
19.750 57.250
19.750 57.500
20.000 57.500
20.000 57.250
Building 4 5 0.062
19.750 57.500
19.750 57.750
20.000 57.750
20.000 57.500
Building 4 5 0.062
19.750 57.750
19.750 58.000
20.000 58.000
20.000 57.750
Building 4 5 0.062
19.750 58.000
19.750 58.250
20.000 58.250
20.000 58.000
Building 4 5 0.062
19.750 58.250
19.750 58.500
20.000 58.500
20.000 58.250
Building 4 5 0.062
19.750 58.500
19.750 58.750
20.000 58.750
20.000 58.500
Building 4 5 0.062
20.000 59.000
20.000 58.750
19.750 58.750
19.750 59.000
Building 4 5 0.062
19.750 61.000
19.750 61.250
20.000 61.250
20.000 61.000
Building 4 5 0.062
19.750 61.250
19.750 61.500
20.000 61.500
20.000 61.250
Building 4 5 0.062
19.750 61.500
19.750 61.750
20.000 61.750
20.000 61.500
Building 4 5 0.062
19.750 61.750
19.750 62.000
20.000 62.000
20.000 61.750
Building 4 5 0.062
19.750 62.000
19.750 62.250
20.000 62.250
20.000 62.000
Building 4 5 0.062
19.750 62.250
19.750 62.500
20.000 62.500
20.000 62.250
Building 4 5 0.062
19.750 62.500
19.750 62.750
20.000 62.750
20.000 62.500
Building 4 5 0.062
20.000 63.000
20.000 62.750
19.750 62.750
19.750 63.000
Building 4 5 0.062
20.000 57.000
20.000 57.250
20.250 57.250
20.250 57.000
Building 4 5 0.062
20.000 57.250
20.000 57.500
20.250 57.500
20.250 57.250
Building 4 5 0.062
20.000 57.500
20.000 57.750
20.250 57.750
20.250 57.500
Building 4 5 0.062
20.000 57.750
20.000 58.000
20.250 58.000
20.250 57.750
Building 4 5 0.062
20.000 58.000
20.000 58.250
20.250 58.250
20.250 58.000
Building 4 5 0.062
20.000 58.250
20.000 58.500
20.250 58.500
20.250 58.250
Building 4 5 0.062
20.000 58.500
20.000 58.750
20.250 58.750
20.250 58.500
Building 4 5 0.062
20.250 59.000
20.250 58.750
20.000 58.750
20.000 59.000
Building 4 5 0.062
20.000 61.000
20.000 61.250
20.250 61.250
20.250 61.000
Building 4 5 0.062
20.000 61.250
20.000 61.500
20.250 61.500
20.250 61.250
Building 4 5 0.062
20.000 61.500
20.000 61.750
20.250 61.750
20.250 61.500
Building 4 5 0.062
20.000 61.750
20.000 62.000
20.250 62.000
20.250 61.750
Building 4 5 0.062
20.000 62.000
20.000 62.250
20.250 62.250
20.250 62.000
Building 4 5 0.062
20.000 62.250
20.000 62.500
20.250 62.500
20.250 62.250
Building 4 5 0.062
20.000 62.500
20.000 62.750
20.250 62.750
20.250 62.500
Building 4 5 0.062
20.250 63.000
20.250 62.750
20.000 62.750
20.000 63.000
Building 4 5 0.062
20.250 57.000
20.250 57.250
20.500 57.250
20.500 57.000
Building 4 5 0.062
20.250 57.250
20.250 57.500
20.500 57.500
20.500 57.250
Building 4 5 0.062
20.250 57.500
20.250 57.750
20.500 57.750
20.500 57.500
Building 4 5 0.062
20.250 57.750
20.250 58.000
20.500 58.000
20.500 57.750
Building 4 5 0.062
20.250 58.000
20.250 58.250
20.500 58.250
20.500 58.000
Building 4 5 0.062
20.250 58.250
20.250 58.500
20.500 58.500
20.500 58.250
Building 4 5 0.062
20.250 58.500
20.250 58.750
20.500 58.750
20.500 58.500
Building 4 5 0.062
20.500 59.000
20.500 58.750
20.250 58.750
20.250 59.000
Building 4 5 0.062
20.250 61.000
20.250 61.250
20.500 61.250
20.500 61.000
Building 4 5 0.062
20.250 61.250
20.250 61.500
20.500 61.500
20.500 61.250
Building 4 5 0.062
20.250 61.500
20.250 61.750
20.500 61.750
20.500 61.500
Building 4 5 0.062
20.250 61.750
20.250 62.000
20.500 62.000
20.500 61.750
Building 4 5 0.062
20.250 62.000
20.250 62.250
20.500 62.250
20.500 62.000
Building 4 5 0.062
20.250 62.250
20.250 62.500
20.500 62.500
20.500 62.250
Building 4 5 0.062
20.250 62.500
20.250 62.750
20.500 62.750
20.500 62.500
Building 4 5 0.062
20.500 63.000
20.500 62.750
20.250 62.750
20.250 63.000
Building 4 5 0.062
20.500 57.000
20.500 57.250
20.750 57.250
20.750 57.000
Building 4 5 0.062
20.500 57.250
20.500 57.500
20.750 57.500
20.750 57.250
Building 4 5 0.062
20.500 57.500
20.500 57.750
20.750 57.750
20.750 57.500
Building 4 5 0.062
20.500 57.750
20.500 58.000
20.750 58.000
20.750 57.750
Building 4 5 0.062
20.500 58.000
20.500 58.250
20.750 58.250
20.750 58.000
Building 4 5 0.062
20.500 58.250
20.500 58.500
20.750 58.500
20.750 58.250
Building 4 5 0.062
20.500 58.500
20.500 58.750
20.750 58.750
20.750 58.500
Building 4 5 0.062
20.750 59.000
20.750 58.750
20.500 58.750
20.500 59.000
Building 4 5 0.062
20.500 61.000
20.500 61.250
20.750 61.250
20.750 61.000
Building 4 5 0.062
20.500 61.250
20.500 61.500
20.750 61.500
20.750 61.250
Building 4 5 0.062
20.500 61.500
20.500 61.750
20.750 61.750
20.750 61.500
Building 4 5 0.062
20.500 61.750
20.500 62.000
20.750 62.000
20.750 61.750
Building 4 5 0.062
20.500 62.000
20.500 62.250
20.750 62.250
20.750 62.000
Building 4 5 0.062
20.500 62.250
20.500 62.500
20.750 62.500
20.750 62.250
Building 4 5 0.062
20.500 62.500
20.500 62.750
20.750 62.750
20.750 62.500
Building 4 5 0.062
20.750 63.000
20.750 62.750
20.500 62.750
20.500 63.000
Building 4 5 0.062
20.750 57.000
20.750 57.250
21.000 57.250
21.000 57.000
Building 4 5 0.062
20.750 57.250
20.750 57.500
21.000 57.500
21.000 57.250
Building 4 5 0.062
20.750 57.500
20.750 57.750
21.000 57.750
21.000 57.500
Building 4 5 0.062
20.750 57.750
20.750 58.000
21.000 58.000
21.000 57.750
Building 4 5 0.062
20.750 58.000
20.750 58.250
21.000 58.250
21.000 58.000
Building 4 5 0.062
20.750 58.250
20.750 58.500
21.000 58.500
21.000 58.250
Building 4 5 0.062
20.750 58.500
20.750 58.750
21.000 58.750
21.000 58.500
Building 4 5 0.062
21.000 59.000
21.000 58.750
20.750 58.750
20.750 59.000
Building 4 5 0.062
20.750 61.000
20.750 61.250
21.000 61.250
21.000 61.000
Building 4 5 0.062
20.750 61.250
20.750 61.500
21.000 61.500
21.000 61.250
Building 4 5 0.062
20.750 61.500
20.750 61.750
21.000 61.750
21.000 61.500
Building 4 5 0.062
20.750 61.750
20.750 62.000
21.000 62.000
21.000 61.750
Building 4 5 0.062
20.750 62.000
20.750 62.250
21.000 62.250
21.000 62.000
Building 4 5 0.062
20.750 62.250
20.750 62.500
21.000 62.500
21.000 62.250
Building 4 5 0.062
20.750 62.500
20.750 62.750
21.000 62.750
21.000 62.500
Building 4 5 0.062
21.000 63.000
21.000 62.750
20.750 62.750
20.750 63.000
Building 4 5 0.062
21.000 57.000
21.000 57.250
21.250 57.250
21.250 57.000
Building 4 5 0.062
21.000 57.250
21.000 57.500
21.250 57.500
21.250 57.250
Building 4 5 0.062
21.000 57.500
21.000 57.750
21.250 57.750
21.250 57.500
Building 4 5 0.062
21.000 57.750
21.000 58.000
21.250 58.000
21.250 57.750
Building 4 5 0.062
21.000 58.000
21.000 58.250
21.250 58.250
21.250 58.000
Building 4 5 0.062
21.000 58.250
21.000 58.500
21.250 58.500
21.250 58.250
Building 4 5 0.062
21.000 58.500
21.000 58.750
21.250 58.750
21.250 58.500
Building 4 5 0.062
21.250 59.000
21.250 58.750
21.000 58.750
21.000 59.000
Building 4 5 0.062
21.000 61.000
21.000 61.250
21.250 61.250
21.250 61.000
Building 4 5 0.062
21.000 61.250
21.000 61.500
21.250 61.500
21.250 61.250
Building 4 5 0.062
21.000 61.500
21.000 61.750
21.250 61.750
21.250 61.500
Building 4 5 0.062
21.000 61.750
21.000 62.000
21.250 62.000
21.250 61.750
Building 4 5 0.062
21.000 62.000
21.000 62.250
21.250 62.250
21.250 62.000
Building 4 5 0.062
21.000 62.250
21.000 62.500
21.250 62.500
21.250 62.250
Building 4 5 0.062
21.000 62.500
21.000 62.750
21.250 62.750
21.250 62.500
Building 4 5 0.062
21.250 63.000
21.250 62.750
21.000 62.750
21.000 63.000
Building 4 5 0.062
21.250 57.000
21.250 57.250
21.500 57.250
21.500 57.000
Building 4 5 0.062
21.250 57.250
21.250 57.500
21.500 57.500
21.500 57.250
Building 4 5 0.062
21.250 57.500
21.250 57.750
21.500 57.750
21.500 57.500
Building 4 5 0.062
21.250 57.750
21.250 58.000
21.500 58.000
21.500 57.750
Building 4 5 0.062
21.250 58.000
21.250 58.250
21.500 58.250
21.500 58.000
Building 4 5 0.062
21.250 58.250
21.250 58.500
21.500 58.500
21.500 58.250
Building 4 5 0.062
21.250 58.500
21.250 58.750
21.500 58.750
21.500 58.500
Building 4 5 0.062
21.500 59.000
21.500 58.750
21.250 58.750
21.250 59.000
Building 4 5 0.062
21.250 61.000
21.250 61.250
21.500 61.250
21.500 61.000
Building 4 5 0.062
21.250 61.250
21.250 61.500
21.500 61.500
21.500 61.250
Building 4 5 0.062
21.250 61.500
21.250 61.750
21.500 61.750
21.500 61.500
Building 4 5 0.062
21.250 61.750
21.250 62.000
21.500 62.000
21.500 61.750
Building 4 5 0.062
21.250 62.000
21.250 62.250
21.500 62.250
21.500 62.000
Building 4 5 0.062
21.250 62.250
21.250 62.500
21.500 62.500
21.500 62.250
Building 4 5 0.062
21.250 62.500
21.250 62.750
21.500 62.750
21.500 62.500
Building 4 5 0.062
21.500 63.000
21.500 62.750
21.250 62.750
21.250 63.000
Building 4 5 0.062
21.500 57.000
21.500 57.250
21.750 57.250
21.750 57.000
Building 4 5 0.062
21.500 57.250
21.500 57.500
21.750 57.500
21.750 57.250
Building 4 5 0.062
21.500 57.500
21.500 57.750
21.750 57.750
21.750 57.500
Building 4 5 0.062
21.500 57.750
21.500 58.000
21.750 58.000
21.750 57.750
Building 4 5 0.062
21.500 58.000
21.500 58.250
21.750 58.250
21.750 58.000
Building 4 5 0.062
21.500 58.250
21.500 58.500
21.750 58.500
21.750 58.250
Building 4 5 0.062
21.500 58.500
21.500 58.750
21.750 58.750
21.750 58.500
Building 4 5 0.062
21.750 59.000
21.750 58.750
21.500 58.750
21.500 59.000
Building 4 5 0.062
21.500 61.000
21.500 61.250
21.750 61.250
21.750 61.000
Building 4 5 0.062
21.500 61.250
21.500 61.500
21.750 61.500
21.750 61.250
Building 4 5 0.062
21.500 61.500
21.500 61.750
21.750 61.750
21.750 61.500
Building 4 5 0.062
21.500 61.750
21.500 62.000
21.750 62.000
21.750 61.750
Building 4 5 0.062
21.500 62.000
21.500 62.250
21.750 62.250
21.750 62.000
Building 4 5 0.062
21.500 62.250
21.500 62.500
21.750 62.500
21.750 62.250
Building 4 5 0.062
21.500 62.500
21.500 62.750
21.750 62.750
21.750 62.500
Building 4 5 0.062
21.750 63.000
21.750 62.750
21.500 62.750
21.500 63.000
Building 4 5 0.062
21.750 57.000
21.750 57.250
22.000 57.250
22.000 57.000
Building 4 5 0.062
21.750 57.250
21.750 57.500
22.000 57.500
22.000 57.250
Building 4 5 0.062
21.750 57.500
21.750 57.750
22.000 57.750
22.000 57.500
Building 4 5 0.062
21.750 57.750
21.750 58.000
22.000 58.000
22.000 57.750
Building 4 5 0.062
21.750 58.000
21.750 58.250
22.000 58.250
22.000 58.000
Building 4 5 0.062
21.750 58.250
21.750 58.500
22.000 58.500
22.000 58.250
Building 4 5 0.062
21.750 58.500
21.750 58.750
22.000 58.750
22.000 58.500
Building 4 5 0.062
22.000 59.000
22.000 58.750
21.750 58.750
21.750 59.000
Building 4 5 0.062
21.750 61.000
21.750 61.250
22.000 61.250
22.000 61.000
Building 4 5 0.062
21.750 61.250
21.750 61.500
22.000 61.500
22.000 61.250
Building 4 5 0.062
21.750 61.500
21.750 61.750
22.000 61.750
22.000 61.500
Building 4 5 0.062
21.750 61.750
21.750 62.000
22.000 62.000
22.000 61.750
Building 4 5 0.062
21.750 62.000
21.750 62.250
22.000 62.250
22.000 62.000
Building 4 5 0.062
21.750 62.250
21.750 62.500
22.000 62.500
22.000 62.250
Building 4 5 0.062
21.750 62.500
21.750 62.750
22.000 62.750
22.000 62.500
Building 4 5 0.062
22.000 63.000
22.000 62.750
21.750 62.750
21.750 63.000
Building 4 5 0.062
22.000 57.000
22.000 57.250
22.250 57.250
22.250 57.000
Building 4 5 0.062
22.000 57.250
22.000 57.500
22.250 57.500
22.250 57.250
Building 4 5 0.062
22.000 57.500
22.000 57.750
22.250 57.750
22.250 57.500
Building 4 5 0.062
22.000 57.750
22.000 58.000
22.250 58.000
22.250 57.750
Building 4 5 0.062
22.000 58.000
22.000 58.250
22.250 58.250
22.250 58.000
Building 4 5 0.062
22.000 58.250
22.000 58.500
22.250 58.500
22.250 58.250
Building 4 5 0.062
22.000 58.500
22.000 58.750
22.250 58.750
22.250 58.500
Building 4 5 0.062
22.250 59.000
22.250 58.750
22.000 58.750
22.000 59.000
Building 4 5 0.062
22.000 61.000
22.000 61.250
22.250 61.250
22.250 61.000
Building 4 5 0.062
22.000 61.250
22.000 61.500
22.250 61.500
22.250 61.250
Building 4 5 0.062
22.000 61.500
22.000 61.750
22.250 61.750
22.250 61.500
Building 4 5 0.062
22.000 61.750
22.000 62.000
22.250 62.000
22.250 61.750
Building 4 5 0.062
22.000 62.000
22.000 62.250
22.250 62.250
22.250 62.000
Building 4 5 0.062
22.000 62.250
22.000 62.500
22.250 62.500
22.250 62.250
Building 4 5 0.062
22.000 62.500
22.000 62.750
22.250 62.750
22.250 62.500
Building 4 5 0.062
22.250 63.000
22.250 62.750
22.000 62.750
22.000 63.000
Building 4 5 0.062
22.250 57.000
22.250 57.250
22.500 57.250
22.500 57.000
Building 4 5 0.062
22.250 57.250
22.250 57.500
22.500 57.500
22.500 57.250
Building 4 5 0.062
22.250 57.500
22.250 57.750
22.500 57.750
22.500 57.500
Building 4 5 0.062
22.250 57.750
22.250 58.000
22.500 58.000
22.500 57.750
Building 4 5 0.062
22.250 58.000
22.250 58.250
22.500 58.250
22.500 58.000
Building 4 5 0.062
22.250 58.250
22.250 58.500
22.500 58.500
22.500 58.250
Building 4 5 0.062
22.250 58.500
22.250 58.750
22.500 58.750
22.500 58.500
Building 4 5 0.062
22.500 59.000
22.500 58.750
22.250 58.750
22.250 59.000
Building 4 5 0.062
22.250 61.000
22.250 61.250
22.500 61.250
22.500 61.000
Building 4 5 0.062
22.250 61.250
22.250 61.500
22.500 61.500
22.500 61.250
Building 4 5 0.062
22.250 61.500
22.250 61.750
22.500 61.750
22.500 61.500
Building 4 5 0.062
22.250 61.750
22.250 62.000
22.500 62.000
22.500 61.750
Building 4 5 0.062
22.250 62.000
22.250 62.250
22.500 62.250
22.500 62.000
Building 4 5 0.062
22.250 62.250
22.250 62.500
22.500 62.500
22.500 62.250
Building 4 5 0.062
22.250 62.500
22.250 62.750
22.500 62.750
22.500 62.500
Building 4 5 0.062
22.500 63.000
22.500 62.750
22.250 62.750
22.250 63.000
Building 4 5 0.062
22.500 57.000
22.500 57.250
22.750 57.250
22.750 57.000
Building 4 5 0.062
22.500 57.250
22.500 57.500
22.750 57.500
22.750 57.250
Building 4 5 0.062
22.500 57.500
22.500 57.750
22.750 57.750
22.750 57.500
Building 4 5 0.062
22.500 57.750
22.500 58.000
22.750 58.000
22.750 57.750
Building 4 5 0.062
22.500 58.000
22.500 58.250
22.750 58.250
22.750 58.000
Building 4 5 0.062
22.500 58.250
22.500 58.500
22.750 58.500
22.750 58.250
Building 4 5 0.062
22.500 58.500
22.500 58.750
22.750 58.750
22.750 58.500
Building 4 5 0.062
22.750 59.000
22.750 58.750
22.500 58.750
22.500 59.000
Building 4 5 0.062
22.500 61.000
22.500 61.250
22.750 61.250
22.750 61.000
Building 4 5 0.062
22.500 61.250
22.500 61.500
22.750 61.500
22.750 61.250
Building 4 5 0.062
22.500 61.500
22.500 61.750
22.750 61.750
22.750 61.500
Building 4 5 0.062
22.500 61.750
22.500 62.000
22.750 62.000
22.750 61.750
Building 4 5 0.062
22.500 62.000
22.500 62.250
22.750 62.250
22.750 62.000
Building 4 5 0.062
22.500 62.250
22.500 62.500
22.750 62.500
22.750 62.250
Building 4 5 0.062
22.500 62.500
22.500 62.750
22.750 62.750
22.750 62.500
Building 4 5 0.062
22.750 63.000
22.750 62.750
22.500 62.750
22.500 63.000
Building 4 5 0.062
22.750 57.000
22.750 57.250
23.000 57.250
23.000 57.000
Building 4 5 0.062
22.750 57.250
22.750 57.500
23.000 57.500
23.000 57.250
Building 4 5 0.062
22.750 57.500
22.750 57.750
23.000 57.750
23.000 57.500
Building 4 5 0.062
22.750 57.750
22.750 58.000
23.000 58.000
23.000 57.750
Building 4 5 0.062
22.750 58.000
22.750 58.250
23.000 58.250
23.000 58.000
Building 4 5 0.062
22.750 58.250
22.750 58.500
23.000 58.500
23.000 58.250
Building 4 5 0.062
22.750 58.500
22.750 58.750
23.000 58.750
23.000 58.500
Building 4 5 0.062
23.000 59.000
23.000 58.750
22.750 58.750
22.750 59.000
Building 4 5 0.062
22.750 61.000
22.750 61.250
23.000 61.250
23.000 61.000
Building 4 5 0.062
22.750 61.250
22.750 61.500
23.000 61.500
23.000 61.250
Building 4 5 0.062
22.750 61.500
22.750 61.750
23.000 61.750
23.000 61.500
Building 4 5 0.062
22.750 61.750
22.750 62.000
23.000 62.000
23.000 61.750
Building 4 5 0.062
22.750 62.000
22.750 62.250
23.000 62.250
23.000 62.000
Building 4 5 0.062
22.750 62.250
22.750 62.500
23.000 62.500
23.000 62.250
Building 4 5 0.062
22.750 62.500
22.750 62.750
23.000 62.750
23.000 62.500
Building 4 5 0.062
23.000 63.000
23.000 62.750
22.750 62.750
22.750 63.000
Building 4 5 0.062
23.000 57.000
23.000 57.250
23.250 57.250
23.250 57.000
Building 4 5 0.062
23.000 57.250
23.000 57.500
23.250 57.500
23.250 57.250
Building 4 5 0.062
23.000 57.500
23.000 57.750
23.250 57.750
23.250 57.500
Building 4 5 0.062
23.000 57.750
23.000 58.000
23.250 58.000
23.250 57.750
Building 4 5 0.062
23.000 58.000
23.000 58.250
23.250 58.250
23.250 58.000
Building 4 5 0.062
23.000 58.250
23.000 58.500
23.250 58.500
23.250 58.250
Building 4 5 0.062
23.000 58.500
23.000 58.750
23.250 58.750
23.250 58.500
Building 4 5 0.062
23.250 59.000
23.250 58.750
23.000 58.750
23.000 59.000
Building 4 5 0.062
23.000 61.000
23.000 61.250
23.250 61.250
23.250 61.000
Building 4 5 0.062
23.000 61.250
23.000 61.500
23.250 61.500
23.250 61.250
Building 4 5 0.062
23.000 61.500
23.000 61.750
23.250 61.750
23.250 61.500
Building 4 5 0.062
23.000 61.750
23.000 62.000
23.250 62.000
23.250 61.750
Building 4 5 0.062
23.000 62.000
23.000 62.250
23.250 62.250
23.250 62.000
Building 4 5 0.062
23.000 62.250
23.000 62.500
23.250 62.500
23.250 62.250
Building 4 5 0.062
23.000 62.500
23.000 62.750
23.250 62.750
23.250 62.500
Building 4 5 0.062
23.250 63.000
23.250 62.750
23.000 62.750
23.000 63.000
Building 4 5 0.062
23.250 57.000
23.250 57.250
23.500 57.250
23.500 57.000
Building 4 5 0.062
23.250 57.250
23.250 57.500
23.500 57.500
23.500 57.250
Building 4 5 0.062
23.250 57.500
23.250 57.750
23.500 57.750
23.500 57.500
Building 4 5 0.062
23.250 57.750
23.250 58.000
23.500 58.000
23.500 57.750
Building 4 5 0.062
23.250 58.000
23.250 58.250
23.500 58.250
23.500 58.000
Building 4 5 0.062
23.250 58.250
23.250 58.500
23.500 58.500
23.500 58.250
Building 4 5 0.062
23.250 58.500
23.250 58.750
23.500 58.750
23.500 58.500
Building 4 5 0.062
23.500 59.000
23.500 58.750
23.250 58.750
23.250 59.000
Building 4 5 0.062
23.250 61.000
23.250 61.250
23.500 61.250
23.500 61.000
Building 4 5 0.062
23.250 61.250
23.250 61.500
23.500 61.500
23.500 61.250
Building 4 5 0.062
23.250 61.500
23.250 61.750
23.500 61.750
23.500 61.500
Building 4 5 0.062
23.250 61.750
23.250 62.000
23.500 62.000
23.500 61.750
Building 4 5 0.062
23.250 62.000
23.250 62.250
23.500 62.250
23.500 62.000
Building 4 5 0.062
23.250 62.250
23.250 62.500
23.500 62.500
23.500 62.250
Building 4 5 0.062
23.250 62.500
23.250 62.750
23.500 62.750
23.500 62.500
Building 4 5 0.062
23.500 63.000
23.500 62.750
23.250 62.750
23.250 63.000
Building 4 5 0.062
23.500 57.000
23.500 57.250
23.750 57.250
23.750 57.000
Building 4 5 0.062
23.500 57.250
23.500 57.500
23.750 57.500
23.750 57.250
Building 4 5 0.062
23.500 57.500
23.500 57.750
23.750 57.750
23.750 57.500
Building 4 5 0.062
23.500 57.750
23.500 58.000
23.750 58.000
23.750 57.750
Building 4 5 0.062
23.500 58.000
23.500 58.250
23.750 58.250
23.750 58.000
Building 4 5 0.062
23.500 58.250
23.500 58.500
23.750 58.500
23.750 58.250
Building 4 5 0.062
23.500 58.500
23.500 58.750
23.750 58.750
23.750 58.500
Building 4 5 0.062
23.750 59.000
23.750 58.750
23.500 58.750
23.500 59.000
Building 4 5 0.062
23.500 61.000
23.500 61.250
23.750 61.250
23.750 61.000
Building 4 5 0.062
23.500 61.250
23.500 61.500
23.750 61.500
23.750 61.250
Building 4 5 0.062
23.500 61.500
23.500 61.750
23.750 61.750
23.750 61.500
Building 4 5 0.062
23.500 61.750
23.500 62.000
23.750 62.000
23.750 61.750
Building 4 5 0.062
23.500 62.000
23.500 62.250
23.750 62.250
23.750 62.000
Building 4 5 0.062
23.500 62.250
23.500 62.500
23.750 62.500
23.750 62.250
Building 4 5 0.062
23.500 62.500
23.500 62.750
23.750 62.750
23.750 62.500
Building 4 5 0.062
23.750 63.000
23.750 62.750
23.500 62.750
23.500 63.000
Building 4 5 0.062
23.750 57.000
23.750 57.250
24.000 57.250
24.000 57.000
Building 4 5 0.062
23.750 57.250
23.750 57.500
24.000 57.500
24.000 57.250
Building 4 5 0.062
23.750 57.500
23.750 57.750
24.000 57.750
24.000 57.500
Building 4 5 0.062
23.750 57.750
23.750 58.000
24.000 58.000
24.000 57.750
Building 4 5 0.062
23.750 58.000
23.750 58.250
24.000 58.250
24.000 58.000
Building 4 5 0.062
23.750 58.250
23.750 58.500
24.000 58.500
24.000 58.250
Building 4 5 0.062
23.750 58.500
23.750 58.750
24.000 58.750
24.000 58.500
Building 4 5 0.062
24.000 59.000
24.000 58.750
23.750 58.750
23.750 59.000
Building 4 5 0.062
23.750 61.000
23.750 61.250
24.000 61.250
24.000 61.000
Building 4 5 0.062
23.750 61.250
23.750 61.500
24.000 61.500
24.000 61.250
Building 4 5 0.062
23.750 61.500
23.750 61.750
24.000 61.750
24.000 61.500
Building 4 5 0.062
23.750 61.750
23.750 62.000
24.000 62.000
24.000 61.750
Building 4 5 0.062
23.750 62.000
23.750 62.250
24.000 62.250
24.000 62.000
Building 4 5 0.062
23.750 62.250
23.750 62.500
24.000 62.500
24.000 62.250
Building 4 5 0.062
23.750 62.500
23.750 62.750
24.000 62.750
24.000 62.500
Building 4 5 0.062
24.000 63.000
24.000 62.750
23.750 62.750
23.750 63.000
Building 4 5 0.062
24.000 57.000
24.000 57.250
24.250 57.250
24.250 57.000
Building 4 5 0.062
24.000 57.250
24.000 57.500
24.250 57.500
24.250 57.250
Building 4 5 0.062
24.000 57.500
24.000 57.750
24.250 57.750
24.250 57.500
Building 4 5 0.062
24.000 57.750
24.000 58.000
24.250 58.000
24.250 57.750
Building 4 5 0.062
24.000 58.000
24.000 58.250
24.250 58.250
24.250 58.000
Building 4 5 0.062
24.000 58.250
24.000 58.500
24.250 58.500
24.250 58.250
Building 4 5 0.062
24.000 58.500
24.000 58.750
24.250 58.750
24.250 58.500
Building 4 5 0.062
24.250 59.000
24.250 58.750
24.000 58.750
24.000 59.000
Building 4 5 0.062
24.000 61.000
24.000 61.250
24.250 61.250
24.250 61.000
Building 4 5 0.062
24.000 61.250
24.000 61.500
24.250 61.500
24.250 61.250
Building 4 5 0.062
24.000 61.500
24.000 61.750
24.250 61.750
24.250 61.500
Building 4 5 0.062
24.000 61.750
24.000 62.000
24.250 62.000
24.250 61.750
Building 4 5 0.062
24.000 62.000
24.000 62.250
24.250 62.250
24.250 62.000
Building 4 5 0.062
24.000 62.250
24.000 62.500
24.250 62.500
24.250 62.250
Building 4 5 0.062
24.000 62.500
24.000 62.750
24.250 62.750
24.250 62.500
Building 4 5 0.062
24.250 63.000
24.250 62.750
24.000 62.750
24.000 63.000
Building 4 5 0.062
24.250 57.000
24.250 57.250
24.500 57.250
24.500 57.000
Building 4 5 0.062
24.250 57.250
24.250 57.500
24.500 57.500
24.500 57.250
Building 4 5 0.062
24.250 57.500
24.250 57.750
24.500 57.750
24.500 57.500
Building 4 5 0.062
24.250 57.750
24.250 58.000
24.500 58.000
24.500 57.750
Building 4 5 0.062
24.250 58.000
24.250 58.250
24.500 58.250
24.500 58.000
Building 4 5 0.062
24.250 58.250
24.250 58.500
24.500 58.500
24.500 58.250
Building 4 5 0.062
24.250 58.500
24.250 58.750
24.500 58.750
24.500 58.500
Building 4 5 0.062
24.500 59.000
24.500 58.750
24.250 58.750
24.250 59.000
Building 4 5 0.062
24.250 61.000
24.250 61.250
24.500 61.250
24.500 61.000
Building 4 5 0.062
24.250 61.250
24.250 61.500
24.500 61.500
24.500 61.250
Building 4 5 0.062
24.250 61.500
24.250 61.750
24.500 61.750
24.500 61.500
Building 4 5 0.062
24.250 61.750
24.250 62.000
24.500 62.000
24.500 61.750
Building 4 5 0.062
24.250 62.000
24.250 62.250
24.500 62.250
24.500 62.000
Building 4 5 0.062
24.250 62.250
24.250 62.500
24.500 62.500
24.500 62.250
Building 4 5 0.062
24.250 62.500
24.250 62.750
24.500 62.750
24.500 62.500
Building 4 5 0.062
24.500 63.000
24.500 62.750
24.250 62.750
24.250 63.000
Building 4 5 0.062
24.500 57.000
24.500 57.250
24.750 57.250
24.750 57.000
Building 4 5 0.062
24.500 57.250
24.500 57.500
24.750 57.500
24.750 57.250
Building 4 5 0.062
24.500 57.500
24.500 57.750
24.750 57.750
24.750 57.500
Building 4 5 0.062
24.500 57.750
24.500 58.000
24.750 58.000
24.750 57.750
Building 4 5 0.062
24.500 58.000
24.500 58.250
24.750 58.250
24.750 58.000
Building 4 5 0.062
24.500 58.250
24.500 58.500
24.750 58.500
24.750 58.250
Building 4 5 0.062
24.500 58.500
24.500 58.750
24.750 58.750
24.750 58.500
Building 4 5 0.062
24.750 59.000
24.750 58.750
24.500 58.750
24.500 59.000
Building 4 5 0.062
24.500 61.000
24.500 61.250
24.750 61.250
24.750 61.000
Building 4 5 0.062
24.500 61.250
24.500 61.500
24.750 61.500
24.750 61.250
Building 4 5 0.062
24.500 61.500
24.500 61.750
24.750 61.750
24.750 61.500
Building 4 5 0.062
24.500 61.750
24.500 62.000
24.750 62.000
24.750 61.750
Building 4 5 0.062
24.500 62.000
24.500 62.250
24.750 62.250
24.750 62.000
Building 4 5 0.062
24.500 62.250
24.500 62.500
24.750 62.500
24.750 62.250
Building 4 5 0.062
24.500 62.500
24.500 62.750
24.750 62.750
24.750 62.500
Building 4 5 0.062
24.750 63.000
24.750 62.750
24.500 62.750
24.500 63.000
Building 4 5 0.062
24.750 57.000
24.750 57.250
25.000 57.250
25.000 57.000
Building 4 5 0.062
24.750 57.250
24.750 57.500
25.000 57.500
25.000 57.250
Building 4 5 0.062
24.750 57.500
24.750 57.750
25.000 57.750
25.000 57.500
Building 4 5 0.062
24.750 57.750
24.750 58.000
25.000 58.000
25.000 57.750
Building 4 5 0.062
24.750 58.000
24.750 58.250
25.000 58.250
25.000 58.000
Building 4 5 0.062
24.750 58.250
24.750 58.500
25.000 58.500
25.000 58.250
Building 4 5 0.062
24.750 58.500
24.750 58.750
25.000 58.750
25.000 58.500
Building 4 5 0.062
25.000 59.000
25.000 58.750
24.750 58.750
24.750 59.000
Building 4 5 0.062
24.750 61.000
24.750 61.250
25.000 61.250
25.000 61.000
Building 4 5 0.062
24.750 61.250
24.750 61.500
25.000 61.500
25.000 61.250
Building 4 5 0.062
24.750 61.500
24.750 61.750
25.000 61.750
25.000 61.500
Building 4 5 0.062
24.750 61.750
24.750 62.000
25.000 62.000
25.000 61.750
Building 4 5 0.062
24.750 62.000
24.750 62.250
25.000 62.250
25.000 62.000
Building 4 5 0.062
24.750 62.250
24.750 62.500
25.000 62.500
25.000 62.250
Building 4 5 0.062
24.750 62.500
24.750 62.750
25.000 62.750
25.000 62.500
Building 4 5 0.062
25.000 63.000
25.000 62.750
24.750 62.750
24.750 63.000
Building 4 5 0.062
25.000 57.000
25.000 57.250
25.250 57.250
25.250 57.000
Building 4 5 0.062
25.000 57.250
25.000 57.500
25.250 57.500
25.250 57.250
Building 4 5 0.062
25.000 57.500
25.000 57.750
25.250 57.750
25.250 57.500
Building 4 5 0.062
25.000 57.750
25.000 58.000
25.250 58.000
25.250 57.750
Building 4 5 0.062
25.000 58.000
25.000 58.250
25.250 58.250
25.250 58.000
Building 4 5 0.062
25.000 58.250
25.000 58.500
25.250 58.500
25.250 58.250
Building 4 5 0.062
25.000 58.500
25.000 58.750
25.250 58.750
25.250 58.500
Building 4 5 0.062
25.250 59.000
25.250 58.750
25.000 58.750
25.000 59.000
Building 4 5 0.062
25.000 61.000
25.000 61.250
25.250 61.250
25.250 61.000
Building 4 5 0.062
25.000 61.250
25.000 61.500
25.250 61.500
25.250 61.250
Building 4 5 0.062
25.000 61.500
25.000 61.750
25.250 61.750
25.250 61.500
Building 4 5 0.062
25.000 61.750
25.000 62.000
25.250 62.000
25.250 61.750
Building 4 5 0.062
25.000 62.000
25.000 62.250
25.250 62.250
25.250 62.000
Building 4 5 0.062
25.000 62.250
25.000 62.500
25.250 62.500
25.250 62.250
Building 4 5 0.062
25.000 62.500
25.000 62.750
25.250 62.750
25.250 62.500
Building 4 5 0.062
25.250 63.000
25.250 62.750
25.000 62.750
25.000 63.000
Building 4 5 0.062
25.250 57.000
25.250 57.250
25.500 57.250
25.500 57.000
Building 4 5 0.062
25.250 57.250
25.250 57.500
25.500 57.500
25.500 57.250
Building 4 5 0.062
25.250 57.500
25.250 57.750
25.500 57.750
25.500 57.500
Building 4 5 0.062
25.250 57.750
25.250 58.000
25.500 58.000
25.500 57.750
Building 4 5 0.062
25.250 58.000
25.250 58.250
25.500 58.250
25.500 58.000
Building 4 5 0.062
25.250 58.250
25.250 58.500
25.500 58.500
25.500 58.250
Building 4 5 0.062
25.250 58.500
25.250 58.750
25.500 58.750
25.500 58.500
Building 4 5 0.062
25.500 59.000
25.500 58.750
25.250 58.750
25.250 59.000
Building 4 5 0.062
25.250 61.000
25.250 61.250
25.500 61.250
25.500 61.000
Building 4 5 0.062
25.250 61.250
25.250 61.500
25.500 61.500
25.500 61.250
Building 4 5 0.062
25.250 61.500
25.250 61.750
25.500 61.750
25.500 61.500
Building 4 5 0.062
25.250 61.750
25.250 62.000
25.500 62.000
25.500 61.750
Building 4 5 0.062
25.250 62.000
25.250 62.250
25.500 62.250
25.500 62.000
Building 4 5 0.062
25.250 62.250
25.250 62.500
25.500 62.500
25.500 62.250
Building 4 5 0.062
25.250 62.500
25.250 62.750
25.500 62.750
25.500 62.500
Building 4 5 0.062
25.500 63.000
25.500 62.750
25.250 62.750
25.250 63.000
Building 4 5 0.062
25.500 57.000
25.500 57.250
25.750 57.250
25.750 57.000
Building 4 5 0.062
25.500 57.250
25.500 57.500
25.750 57.500
25.750 57.250
Building 4 5 0.062
25.500 57.500
25.500 57.750
25.750 57.750
25.750 57.500
Building 4 5 0.062
25.500 57.750
25.500 58.000
25.750 58.000
25.750 57.750
Building 4 5 0.062
25.500 58.000
25.500 58.250
25.750 58.250
25.750 58.000
Building 4 5 0.062
25.500 58.250
25.500 58.500
25.750 58.500
25.750 58.250
Building 4 5 0.062
25.500 58.500
25.500 58.750
25.750 58.750
25.750 58.500
Building 4 5 0.062
25.750 59.000
25.750 58.750
25.500 58.750
25.500 59.000
Building 4 5 0.062
25.500 61.000
25.500 61.250
25.750 61.250
25.750 61.000
Building 4 5 0.062
25.500 61.250
25.500 61.500
25.750 61.500
25.750 61.250
Building 4 5 0.062
25.500 61.500
25.500 61.750
25.750 61.750
25.750 61.500
Building 4 5 0.062
25.500 61.750
25.500 62.000
25.750 62.000
25.750 61.750
Building 4 5 0.062
25.500 62.000
25.500 62.250
25.750 62.250
25.750 62.000
Building 4 5 0.062
25.500 62.250
25.500 62.500
25.750 62.500
25.750 62.250
Building 4 5 0.062
25.500 62.500
25.500 62.750
25.750 62.750
25.750 62.500
Building 4 5 0.062
25.750 63.000
25.750 62.750
25.500 62.750
25.500 63.000
Building 4 5 0.062
25.750 57.000
25.750 57.250
26.000 57.250
26.000 57.000
Building 4 5 0.062
25.750 57.250
25.750 57.500
26.000 57.500
26.000 57.250
Building 4 5 0.062
25.750 57.500
25.750 57.750
26.000 57.750
26.000 57.500
Building 4 5 0.062
25.750 57.750
25.750 58.000
26.000 58.000
26.000 57.750
Building 4 5 0.062
25.750 58.000
25.750 58.250
26.000 58.250
26.000 58.000
Building 4 5 0.062
25.750 58.250
25.750 58.500
26.000 58.500
26.000 58.250
Building 4 5 0.062
25.750 58.500
25.750 58.750
26.000 58.750
26.000 58.500
Building 4 5 0.062
26.000 59.000
26.000 58.750
25.750 58.750
25.750 59.000
Building 4 5 0.062
25.750 61.000
25.750 61.250
26.000 61.250
26.000 61.000
Building 4 5 0.062
25.750 61.250
25.750 61.500
26.000 61.500
26.000 61.250
Building 4 5 0.062
25.750 61.500
25.750 61.750
26.000 61.750
26.000 61.500
Building 4 5 0.062
25.750 61.750
25.750 62.000
26.000 62.000
26.000 61.750
Building 4 5 0.062
25.750 62.000
25.750 62.250
26.000 62.250
26.000 62.000
Building 4 5 0.062
25.750 62.250
25.750 62.500
26.000 62.500
26.000 62.250
Building 4 5 0.062
25.750 62.500
25.750 62.750
26.000 62.750
26.000 62.500
Building 4 5 0.062
26.000 63.000
26.000 62.750
25.750 62.750
25.750 63.000
Building 4 5 0.062
26.000 57.000
26.000 57.250
26.250 57.250
26.250 57.000
Building 4 5 0.062
26.000 57.250
26.000 57.500
26.250 57.500
26.250 57.250
Building 4 5 0.062
26.000 57.500
26.000 57.750
26.250 57.750
26.250 57.500
Building 4 5 0.062
26.000 57.750
26.000 58.000
26.250 58.000
26.250 57.750
Building 4 5 0.062
26.000 58.000
26.000 58.250
26.250 58.250
26.250 58.000
Building 4 5 0.062
26.000 58.250
26.000 58.500
26.250 58.500
26.250 58.250
Building 4 5 0.062
26.000 58.500
26.000 58.750
26.250 58.750
26.250 58.500
Building 4 5 0.062
26.250 59.000
26.250 58.750
26.000 58.750
26.000 59.000
Building 4 5 0.062
26.000 61.000
26.000 61.250
26.250 61.250
26.250 61.000
Building 4 5 0.062
26.000 61.250
26.000 61.500
26.250 61.500
26.250 61.250
Building 4 5 0.062
26.000 61.500
26.000 61.750
26.250 61.750
26.250 61.500
Building 4 5 0.062
26.000 61.750
26.000 62.000
26.250 62.000
26.250 61.750
Building 4 5 0.062
26.000 62.000
26.000 62.250
26.250 62.250
26.250 62.000
Building 4 5 0.062
26.000 62.250
26.000 62.500
26.250 62.500
26.250 62.250
Building 4 5 0.062
26.000 62.500
26.000 62.750
26.250 62.750
26.250 62.500
Building 4 5 0.062
26.250 63.000
26.250 62.750
26.000 62.750
26.000 63.000
Building 4 5 0.062
26.250 57.000
26.250 57.250
26.500 57.250
26.500 57.000
Building 4 5 0.062
26.250 57.250
26.250 57.500
26.500 57.500
26.500 57.250
Building 4 5 0.062
26.250 57.500
26.250 57.750
26.500 57.750
26.500 57.500
Building 4 5 0.062
26.250 57.750
26.250 58.000
26.500 58.000
26.500 57.750
Building 4 5 0.062
26.250 58.000
26.250 58.250
26.500 58.250
26.500 58.000
Building 4 5 0.062
26.250 58.250
26.250 58.500
26.500 58.500
26.500 58.250
Building 4 5 0.062
26.250 58.500
26.250 58.750
26.500 58.750
26.500 58.500
Building 4 5 0.062
26.500 59.000
26.500 58.750
26.250 58.750
26.250 59.000
Building 4 5 0.062
26.250 61.000
26.250 61.250
26.500 61.250
26.500 61.000
Building 4 5 0.062
26.250 61.250
26.250 61.500
26.500 61.500
26.500 61.250
Building 4 5 0.062
26.250 61.500
26.250 61.750
26.500 61.750
26.500 61.500
Building 4 5 0.062
26.250 61.750
26.250 62.000
26.500 62.000
26.500 61.750
Building 4 5 0.062
26.250 62.000
26.250 62.250
26.500 62.250
26.500 62.000
Building 4 5 0.062
26.250 62.250
26.250 62.500
26.500 62.500
26.500 62.250
Building 4 5 0.062
26.250 62.500
26.250 62.750
26.500 62.750
26.500 62.500
Building 4 5 0.062
26.500 63.000
26.500 62.750
26.250 62.750
26.250 63.000
Building 4 5 0.062
26.500 57.000
26.500 57.250
26.750 57.250
26.750 57.000
Building 4 5 0.062
26.500 57.250
26.500 57.500
26.750 57.500
26.750 57.250
Building 4 5 0.062
26.500 57.500
26.500 57.750
26.750 57.750
26.750 57.500
Building 4 5 0.062
26.500 57.750
26.500 58.000
26.750 58.000
26.750 57.750
Building 4 5 0.062
26.500 58.000
26.500 58.250
26.750 58.250
26.750 58.000
Building 4 5 0.062
26.500 58.250
26.500 58.500
26.750 58.500
26.750 58.250
Building 4 5 0.062
26.500 58.500
26.500 58.750
26.750 58.750
26.750 58.500
Building 4 5 0.062
26.750 59.000
26.750 58.750
26.500 58.750
26.500 59.000
Building 4 5 0.062
26.500 61.000
26.500 61.250
26.750 61.250
26.750 61.000
Building 4 5 0.062
26.500 61.250
26.500 61.500
26.750 61.500
26.750 61.250
Building 4 5 0.062
26.500 61.500
26.500 61.750
26.750 61.750
26.750 61.500
Building 4 5 0.062
26.500 61.750
26.500 62.000
26.750 62.000
26.750 61.750
Building 4 5 0.062
26.500 62.000
26.500 62.250
26.750 62.250
26.750 62.000
Building 4 5 0.062
26.500 62.250
26.500 62.500
26.750 62.500
26.750 62.250
Building 4 5 0.062
26.500 62.500
26.500 62.750
26.750 62.750
26.750 62.500
Building 4 5 0.062
26.750 63.000
26.750 62.750
26.500 62.750
26.500 63.000
Building 4 5 0.062
26.750 57.000
26.750 57.250
27.000 57.250
27.000 57.000
Building 4 5 0.062
26.750 57.250
26.750 57.500
27.000 57.500
27.000 57.250
Building 4 5 0.062
26.750 57.500
26.750 57.750
27.000 57.750
27.000 57.500
Building 4 5 0.062
26.750 57.750
26.750 58.000
27.000 58.000
27.000 57.750
Building 4 5 0.062
26.750 58.000
26.750 58.250
27.000 58.250
27.000 58.000
Building 4 5 0.062
26.750 58.250
26.750 58.500
27.000 58.500
27.000 58.250
Building 4 5 0.062
26.750 58.500
26.750 58.750
27.000 58.750
27.000 58.500
Building 4 5 0.062
27.000 59.000
27.000 58.750
26.750 58.750
26.750 59.000
Building 4 5 0.062
26.750 61.000
26.750 61.250
27.000 61.250
27.000 61.000
Building 4 5 0.062
26.750 61.250
26.750 61.500
27.000 61.500
27.000 61.250
Building 4 5 0.062
26.750 61.500
26.750 61.750
27.000 61.750
27.000 61.500
Building 4 5 0.062
26.750 61.750
26.750 62.000
27.000 62.000
27.000 61.750
Building 4 5 0.062
26.750 62.000
26.750 62.250
27.000 62.250
27.000 62.000
Building 4 5 0.062
26.750 62.250
26.750 62.500
27.000 62.500
27.000 62.250
Building 4 5 0.062
26.750 62.500
26.750 62.750
27.000 62.750
27.000 62.500
Building 4 5 0.062
27.000 63.000
27.000 62.750
26.750 62.750
26.750 63.000
Building 4 5 0.062
27.000 57.000
27.000 57.250
27.250 57.250
27.250 57.000
Building 4 5 0.062
27.000 57.250
27.000 57.500
27.250 57.500
27.250 57.250
Building 4 5 0.062
27.000 57.500
27.000 57.750
27.250 57.750
27.250 57.500
Building 4 5 0.062
27.000 57.750
27.000 58.000
27.250 58.000
27.250 57.750
Building 4 5 0.062
27.000 58.000
27.000 58.250
27.250 58.250
27.250 58.000
Building 4 5 0.062
27.000 58.250
27.000 58.500
27.250 58.500
27.250 58.250
Building 4 5 0.062
27.000 58.500
27.000 58.750
27.250 58.750
27.250 58.500
Building 4 5 0.062
27.250 59.000
27.250 58.750
27.000 58.750
27.000 59.000
Building 4 5 0.062
27.000 61.000
27.000 61.250
27.250 61.250
27.250 61.000
Building 4 5 0.062
27.000 61.250
27.000 61.500
27.250 61.500
27.250 61.250
Building 4 5 0.062
27.000 61.500
27.000 61.750
27.250 61.750
27.250 61.500
Building 4 5 0.062
27.000 61.750
27.000 62.000
27.250 62.000
27.250 61.750
Building 4 5 0.062
27.000 62.000
27.000 62.250
27.250 62.250
27.250 62.000
Building 4 5 0.062
27.000 62.250
27.000 62.500
27.250 62.500
27.250 62.250
Building 4 5 0.062
27.000 62.500
27.000 62.750
27.250 62.750
27.250 62.500
Building 4 5 0.062
27.250 63.000
27.250 62.750
27.000 62.750
27.000 63.000
Building 4 5 0.062
27.250 57.000
27.250 57.250
27.500 57.250
27.500 57.000
Building 4 5 0.062
27.250 57.250
27.250 57.500
27.500 57.500
27.500 57.250
Building 4 5 0.062
27.250 57.500
27.250 57.750
27.500 57.750
27.500 57.500
Building 4 5 0.062
27.250 57.750
27.250 58.000
27.500 58.000
27.500 57.750
Building 4 5 0.062
27.250 58.000
27.250 58.250
27.500 58.250
27.500 58.000
Building 4 5 0.062
27.250 58.250
27.250 58.500
27.500 58.500
27.500 58.250
Building 4 5 0.062
27.250 58.500
27.250 58.750
27.500 58.750
27.500 58.500
Building 4 5 0.062
27.500 59.000
27.500 58.750
27.250 58.750
27.250 59.000
Building 4 5 0.062
27.250 61.000
27.250 61.250
27.500 61.250
27.500 61.000
Building 4 5 0.062
27.250 61.250
27.250 61.500
27.500 61.500
27.500 61.250
Building 4 5 0.062
27.250 61.500
27.250 61.750
27.500 61.750
27.500 61.500
Building 4 5 0.062
27.250 61.750
27.250 62.000
27.500 62.000
27.500 61.750
Building 4 5 0.062
27.250 62.000
27.250 62.250
27.500 62.250
27.500 62.000
Building 4 5 0.062
27.250 62.250
27.250 62.500
27.500 62.500
27.500 62.250
Building 4 5 0.062
27.250 62.500
27.250 62.750
27.500 62.750
27.500 62.500
Building 4 5 0.062
27.500 63.000
27.500 62.750
27.250 62.750
27.250 63.000
Building 4 5 0.062
27.500 57.000
27.500 57.250
27.750 57.250
27.750 57.000
Building 4 5 0.062
27.500 57.250
27.500 57.500
27.750 57.500
27.750 57.250
Building 4 5 0.062
27.500 57.500
27.500 57.750
27.750 57.750
27.750 57.500
Building 4 5 0.062
27.500 57.750
27.500 58.000
27.750 58.000
27.750 57.750
Building 4 5 0.062
27.500 58.000
27.500 58.250
27.750 58.250
27.750 58.000
Building 4 5 0.062
27.500 58.250
27.500 58.500
27.750 58.500
27.750 58.250
Building 4 5 0.062
27.500 58.500
27.500 58.750
27.750 58.750
27.750 58.500
Building 4 5 0.062
27.750 59.000
27.750 58.750
27.500 58.750
27.500 59.000
Building 4 5 0.062
27.500 61.000
27.500 61.250
27.750 61.250
27.750 61.000
Building 4 5 0.062
27.500 61.250
27.500 61.500
27.750 61.500
27.750 61.250
Building 4 5 0.062
27.500 61.500
27.500 61.750
27.750 61.750
27.750 61.500
Building 4 5 0.062
27.500 61.750
27.500 62.000
27.750 62.000
27.750 61.750
Building 4 5 0.062
27.500 62.000
27.500 62.250
27.750 62.250
27.750 62.000
Building 4 5 0.062
27.500 62.250
27.500 62.500
27.750 62.500
27.750 62.250
Building 4 5 0.062
27.500 62.500
27.500 62.750
27.750 62.750
27.750 62.500
Building 4 5 0.062
27.750 63.000
27.750 62.750
27.500 62.750
27.500 63.000
Building 4 5 0.062
27.750 57.000
27.750 57.250
28.000 57.250
28.000 57.000
Building 4 5 0.062
27.750 57.250
27.750 57.500
28.000 57.500
28.000 57.250
Building 4 5 0.062
27.750 57.500
27.750 57.750
28.000 57.750
28.000 57.500
Building 4 5 0.062
27.750 57.750
27.750 58.000
28.000 58.000
28.000 57.750
Building 4 5 0.062
27.750 58.000
27.750 58.250
28.000 58.250
28.000 58.000
Building 4 5 0.062
27.750 58.250
27.750 58.500
28.000 58.500
28.000 58.250
Building 4 5 0.062
27.750 58.500
27.750 58.750
28.000 58.750
28.000 58.500
Building 4 5 0.062
28.000 59.000
28.000 58.750
27.750 58.750
27.750 59.000
Building 4 5 0.062
27.750 61.000
27.750 61.250
28.000 61.250
28.000 61.000
Building 4 5 0.062
27.750 61.250
27.750 61.500
28.000 61.500
28.000 61.250
Building 4 5 0.062
27.750 61.500
27.750 61.750
28.000 61.750
28.000 61.500
Building 4 5 0.062
27.750 61.750
27.750 62.000
28.000 62.000
28.000 61.750
Building 4 5 0.062
27.750 62.000
27.750 62.250
28.000 62.250
28.000 62.000
Building 4 5 0.062
27.750 62.250
27.750 62.500
28.000 62.500
28.000 62.250
Building 4 5 0.062
27.750 62.500
27.750 62.750
28.000 62.750
28.000 62.500
Building 4 5 0.062
28.000 63.000
28.000 62.750
27.750 62.750
27.750 63.000
Building 4 5 0.062
28.000 57.000
28.000 57.250
28.250 57.250
28.250 57.000
Building 4 5 0.062
28.000 57.250
28.000 57.500
28.250 57.500
28.250 57.250
Building 4 5 0.062
28.000 57.500
28.000 57.750
28.250 57.750
28.250 57.500
Building 4 5 0.062
28.000 57.750
28.000 58.000
28.250 58.000
28.250 57.750
Building 4 5 0.062
28.000 58.000
28.000 58.250
28.250 58.250
28.250 58.000
Building 4 5 0.062
28.000 58.250
28.000 58.500
28.250 58.500
28.250 58.250
Building 4 5 0.062
28.000 58.500
28.000 58.750
28.250 58.750
28.250 58.500
Building 4 5 0.062
28.250 59.000
28.250 58.750
28.000 58.750
28.000 59.000
Building 4 5 0.062
28.000 61.000
28.000 61.250
28.250 61.250
28.250 61.000
Building 4 5 0.062
28.000 61.250
28.000 61.500
28.250 61.500
28.250 61.250
Building 4 5 0.062
28.000 61.500
28.000 61.750
28.250 61.750
28.250 61.500
Building 4 5 0.062
28.000 61.750
28.000 62.000
28.250 62.000
28.250 61.750
Building 4 5 0.062
28.000 62.000
28.000 62.250
28.250 62.250
28.250 62.000
Building 4 5 0.062
28.000 62.250
28.000 62.500
28.250 62.500
28.250 62.250
Building 4 5 0.062
28.000 62.500
28.000 62.750
28.250 62.750
28.250 62.500
Building 4 5 0.062
28.250 63.000
28.250 62.750
28.000 62.750
28.000 63.000
Building 4 5 0.062
28.250 57.000
28.250 57.250
28.500 57.250
28.500 57.000
Building 4 5 0.062
28.250 57.250
28.250 57.500
28.500 57.500
28.500 57.250
Building 4 5 0.062
28.250 57.500
28.250 57.750
28.500 57.750
28.500 57.500
Building 4 5 0.062
28.250 57.750
28.250 58.000
28.500 58.000
28.500 57.750
Building 4 5 0.062
28.250 58.000
28.250 58.250
28.500 58.250
28.500 58.000
Building 4 5 0.062
28.250 58.250
28.250 58.500
28.500 58.500
28.500 58.250
Building 4 5 0.062
28.250 58.500
28.250 58.750
28.500 58.750
28.500 58.500
Building 4 5 0.062
28.500 59.000
28.500 58.750
28.250 58.750
28.250 59.000
Building 4 5 0.062
28.250 61.000
28.250 61.250
28.500 61.250
28.500 61.000
Building 4 5 0.062
28.250 61.250
28.250 61.500
28.500 61.500
28.500 61.250
Building 4 5 0.062
28.250 61.500
28.250 61.750
28.500 61.750
28.500 61.500
Building 4 5 0.062
28.250 61.750
28.250 62.000
28.500 62.000
28.500 61.750
Building 4 5 0.062
28.250 62.000
28.250 62.250
28.500 62.250
28.500 62.000
Building 4 5 0.062
28.250 62.250
28.250 62.500
28.500 62.500
28.500 62.250
Building 4 5 0.062
28.250 62.500
28.250 62.750
28.500 62.750
28.500 62.500
Building 4 5 0.062
28.500 63.000
28.500 62.750
28.250 62.750
28.250 63.000
Building 4 5 0.062
28.500 57.000
28.500 57.250
28.750 57.250
28.750 57.000
Building 4 5 0.062
28.500 57.250
28.500 57.500
28.750 57.500
28.750 57.250
Building 4 5 0.062
28.500 57.500
28.500 57.750
28.750 57.750
28.750 57.500
Building 4 5 0.062
28.500 57.750
28.500 58.000
28.750 58.000
28.750 57.750
Building 4 5 0.062
28.500 58.000
28.500 58.250
28.750 58.250
28.750 58.000
Building 4 5 0.062
28.500 58.250
28.500 58.500
28.750 58.500
28.750 58.250
Building 4 5 0.062
28.500 58.500
28.500 58.750
28.750 58.750
28.750 58.500
Building 4 5 0.062
28.750 59.000
28.750 58.750
28.500 58.750
28.500 59.000
Building 4 5 0.062
28.500 61.000
28.500 61.250
28.750 61.250
28.750 61.000
Building 4 5 0.062
28.500 61.250
28.500 61.500
28.750 61.500
28.750 61.250
Building 4 5 0.062
28.500 61.500
28.500 61.750
28.750 61.750
28.750 61.500
Building 4 5 0.062
28.500 61.750
28.500 62.000
28.750 62.000
28.750 61.750
Building 4 5 0.062
28.500 62.000
28.500 62.250
28.750 62.250
28.750 62.000
Building 4 5 0.062
28.500 62.250
28.500 62.500
28.750 62.500
28.750 62.250
Building 4 5 0.062
28.500 62.500
28.500 62.750
28.750 62.750
28.750 62.500
Building 4 5 0.062
28.750 63.000
28.750 62.750
28.500 62.750
28.500 63.000
Building 4 5 0.062
28.750 57.000
28.750 57.250
29.000 57.250
29.000 57.000
Building 4 5 0.062
28.750 57.250
28.750 57.500
29.000 57.500
29.000 57.250
Building 4 5 0.062
28.750 57.500
28.750 57.750
29.000 57.750
29.000 57.500
Building 4 5 0.062
28.750 57.750
28.750 58.000
29.000 58.000
29.000 57.750
Building 4 5 0.062
28.750 58.000
28.750 58.250
29.000 58.250
29.000 58.000
Building 4 5 0.062
28.750 58.250
28.750 58.500
29.000 58.500
29.000 58.250
Building 4 5 0.062
28.750 58.500
28.750 58.750
29.000 58.750
29.000 58.500
Building 4 5 0.062
29.000 59.000
29.000 58.750
28.750 58.750
28.750 59.000
Building 4 5 0.062
28.750 61.000
28.750 61.250
29.000 61.250
29.000 61.000
Building 4 5 0.062
28.750 61.250
28.750 61.500
29.000 61.500
29.000 61.250
Building 4 5 0.062
28.750 61.500
28.750 61.750
29.000 61.750
29.000 61.500
Building 4 5 0.062
28.750 61.750
28.750 62.000
29.000 62.000
29.000 61.750
Building 4 5 0.062
28.750 62.000
28.750 62.250
29.000 62.250
29.000 62.000
Building 4 5 0.062
28.750 62.250
28.750 62.500
29.000 62.500
29.000 62.250
Building 4 5 0.062
28.750 62.500
28.750 62.750
29.000 62.750
29.000 62.500
Building 4 5 0.062
29.000 63.000
29.000 62.750
28.750 62.750
28.750 63.000
Building 4 5 0.062
29.000 57.000
29.000 57.250
29.250 57.250
29.250 57.000
Building 4 5 0.062
29.000 57.250
29.000 57.500
29.250 57.500
29.250 57.250
Building 4 5 0.062
29.000 57.500
29.000 57.750
29.250 57.750
29.250 57.500
Building 4 5 0.062
29.000 57.750
29.000 58.000
29.250 58.000
29.250 57.750
Building 4 5 0.062
29.000 58.000
29.000 58.250
29.250 58.250
29.250 58.000
Building 4 5 0.062
29.000 58.250
29.000 58.500
29.250 58.500
29.250 58.250
Building 4 5 0.062
29.000 58.500
29.000 58.750
29.250 58.750
29.250 58.500
Building 4 5 0.062
29.250 59.000
29.250 58.750
29.000 58.750
29.000 59.000
Building 4 5 0.062
29.000 61.000
29.000 61.250
29.250 61.250
29.250 61.000
Building 4 5 0.062
29.000 61.250
29.000 61.500
29.250 61.500
29.250 61.250
Building 4 5 0.062
29.000 61.500
29.000 61.750
29.250 61.750
29.250 61.500
Building 4 5 0.062
29.000 61.750
29.000 62.000
29.250 62.000
29.250 61.750
Building 4 5 0.062
29.000 62.000
29.000 62.250
29.250 62.250
29.250 62.000
Building 4 5 0.062
29.000 62.250
29.000 62.500
29.250 62.500
29.250 62.250
Building 4 5 0.062
29.000 62.500
29.000 62.750
29.250 62.750
29.250 62.500
Building 4 5 0.062
29.250 63.000
29.250 62.750
29.000 62.750
29.000 63.000
Building 4 5 0.062
29.250 57.000
29.250 57.250
29.500 57.250
29.500 57.000
Building 4 5 0.062
29.250 57.250
29.250 57.500
29.500 57.500
29.500 57.250
Building 4 5 0.062
29.250 57.500
29.250 57.750
29.500 57.750
29.500 57.500
Building 4 5 0.062
29.250 57.750
29.250 58.000
29.500 58.000
29.500 57.750
Building 4 5 0.062
29.250 58.000
29.250 58.250
29.500 58.250
29.500 58.000
Building 4 5 0.062
29.250 58.250
29.250 58.500
29.500 58.500
29.500 58.250
Building 4 5 0.062
29.250 58.500
29.250 58.750
29.500 58.750
29.500 58.500
Building 4 5 0.062
29.500 59.000
29.500 58.750
29.250 58.750
29.250 59.000
Building 4 5 0.062
29.250 61.000
29.250 61.250
29.500 61.250
29.500 61.000
Building 4 5 0.062
29.250 61.250
29.250 61.500
29.500 61.500
29.500 61.250
Building 4 5 0.062
29.250 61.500
29.250 61.750
29.500 61.750
29.500 61.500
Building 4 5 0.062
29.250 61.750
29.250 62.000
29.500 62.000
29.500 61.750
Building 4 5 0.062
29.250 62.000
29.250 62.250
29.500 62.250
29.500 62.000
Building 4 5 0.062
29.250 62.250
29.250 62.500
29.500 62.500
29.500 62.250
Building 4 5 0.062
29.250 62.500
29.250 62.750
29.500 62.750
29.500 62.500
Building 4 5 0.062
29.500 63.000
29.500 62.750
29.250 62.750
29.250 63.000
Building 4 5 0.062
29.500 57.000
29.500 57.250
29.750 57.250
29.750 57.000
Building 4 5 0.062
29.500 57.250
29.500 57.500
29.750 57.500
29.750 57.250
Building 4 5 0.062
29.500 57.500
29.500 57.750
29.750 57.750
29.750 57.500
Building 4 5 0.062
29.500 57.750
29.500 58.000
29.750 58.000
29.750 57.750
Building 4 5 0.062
29.500 58.000
29.500 58.250
29.750 58.250
29.750 58.000
Building 4 5 0.062
29.500 58.250
29.500 58.500
29.750 58.500
29.750 58.250
Building 4 5 0.062
29.500 58.500
29.500 58.750
29.750 58.750
29.750 58.500
Building 4 5 0.062
29.750 59.000
29.750 58.750
29.500 58.750
29.500 59.000
Building 4 5 0.062
29.500 61.000
29.500 61.250
29.750 61.250
29.750 61.000
Building 4 5 0.062
29.500 61.250
29.500 61.500
29.750 61.500
29.750 61.250
Building 4 5 0.062
29.500 61.500
29.500 61.750
29.750 61.750
29.750 61.500
Building 4 5 0.062
29.500 61.750
29.500 62.000
29.750 62.000
29.750 61.750
Building 4 5 0.062
29.500 62.000
29.500 62.250
29.750 62.250
29.750 62.000
Building 4 5 0.062
29.500 62.250
29.500 62.500
29.750 62.500
29.750 62.250
Building 4 5 0.062
29.500 62.500
29.500 62.750
29.750 62.750
29.750 62.500
Building 4 5 0.062
29.750 63.000
29.750 62.750
29.500 62.750
29.500 63.000
Building 4 5 0.062
29.750 57.000
29.750 57.250
30.000 57.250
30.000 57.000
Building 4 5 0.062
29.750 57.250
29.750 57.500
30.000 57.500
30.000 57.250
Building 4 5 0.062
29.750 57.500
29.750 57.750
30.000 57.750
30.000 57.500
Building 4 5 0.062
29.750 57.750
29.750 58.000
30.000 58.000
30.000 57.750
Building 4 5 0.062
29.750 58.000
29.750 58.250
30.000 58.250
30.000 58.000
Building 4 5 0.062
29.750 58.250
29.750 58.500
30.000 58.500
30.000 58.250
Building 4 5 0.062
29.750 58.500
29.750 58.750
30.000 58.750
30.000 58.500
Building 4 5 0.062
30.000 59.000
30.000 58.750
29.750 58.750
29.750 59.000
Building 4 5 0.062
29.750 61.000
29.750 61.250
30.000 61.250
30.000 61.000
Building 4 5 0.062
29.750 61.250
29.750 61.500
30.000 61.500
30.000 61.250
Building 4 5 0.062
29.750 61.500
29.750 61.750
30.000 61.750
30.000 61.500
Building 4 5 0.062
29.750 61.750
29.750 62.000
30.000 62.000
30.000 61.750
Building 4 5 0.062
29.750 62.000
29.750 62.250
30.000 62.250
30.000 62.000
Building 4 5 0.062
29.750 62.250
29.750 62.500
30.000 62.500
30.000 62.250
Building 4 5 0.062
29.750 62.500
29.750 62.750
30.000 62.750
30.000 62.500
Building 4 5 0.062
30.000 63.000
30.000 62.750
29.750 62.750
29.750 63.000
Building 4 5 0.062
30.000 57.000
30.000 57.250
30.250 57.250
30.250 57.000
Building 4 5 0.062
30.000 57.250
30.000 57.500
30.250 57.500
30.250 57.250
Building 4 5 0.062
30.000 57.500
30.000 57.750
30.250 57.750
30.250 57.500
Building 4 5 0.062
30.000 57.750
30.000 58.000
30.250 58.000
30.250 57.750
Building 4 5 0.062
30.000 58.000
30.000 58.250
30.250 58.250
30.250 58.000
Building 4 5 0.062
30.000 58.250
30.000 58.500
30.250 58.500
30.250 58.250
Building 4 5 0.062
30.000 58.500
30.000 58.750
30.250 58.750
30.250 58.500
Building 4 5 0.062
30.250 59.000
30.250 58.750
30.000 58.750
30.000 59.000
Building 4 5 0.062
30.000 61.000
30.000 61.250
30.250 61.250
30.250 61.000
Building 4 5 0.062
30.000 61.250
30.000 61.500
30.250 61.500
30.250 61.250
Building 4 5 0.062
30.000 61.500
30.000 61.750
30.250 61.750
30.250 61.500
Building 4 5 0.062
30.000 61.750
30.000 62.000
30.250 62.000
30.250 61.750
Building 4 5 0.062
30.000 62.000
30.000 62.250
30.250 62.250
30.250 62.000
Building 4 5 0.062
30.000 62.250
30.000 62.500
30.250 62.500
30.250 62.250
Building 4 5 0.062
30.000 62.500
30.000 62.750
30.250 62.750
30.250 62.500
Building 4 5 0.062
30.250 63.000
30.250 62.750
30.000 62.750
30.000 63.000
Building 4 5 0.062
30.250 57.000
30.250 57.250
30.500 57.250
30.500 57.000
Building 4 5 0.062
30.250 57.250
30.250 57.500
30.500 57.500
30.500 57.250
Building 4 5 0.062
30.250 57.500
30.250 57.750
30.500 57.750
30.500 57.500
Building 4 5 0.062
30.250 57.750
30.250 58.000
30.500 58.000
30.500 57.750
Building 4 5 0.062
30.250 58.000
30.250 58.250
30.500 58.250
30.500 58.000
Building 4 5 0.062
30.250 58.250
30.250 58.500
30.500 58.500
30.500 58.250
Building 4 5 0.062
30.250 58.500
30.250 58.750
30.500 58.750
30.500 58.500
Building 4 5 0.062
30.500 59.000
30.500 58.750
30.250 58.750
30.250 59.000
Building 4 5 0.062
30.250 61.000
30.250 61.250
30.500 61.250
30.500 61.000
Building 4 5 0.062
30.250 61.250
30.250 61.500
30.500 61.500
30.500 61.250
Building 4 5 0.062
30.250 61.500
30.250 61.750
30.500 61.750
30.500 61.500
Building 4 5 0.062
30.250 61.750
30.250 62.000
30.500 62.000
30.500 61.750
Building 4 5 0.062
30.250 62.000
30.250 62.250
30.500 62.250
30.500 62.000
Building 4 5 0.062
30.250 62.250
30.250 62.500
30.500 62.500
30.500 62.250
Building 4 5 0.062
30.250 62.500
30.250 62.750
30.500 62.750
30.500 62.500
Building 4 5 0.062
30.500 63.000
30.500 62.750
30.250 62.750
30.250 63.000
Building 4 5 0.062
30.500 57.000
30.500 57.250
30.750 57.250
30.750 57.000
Building 4 5 0.062
30.500 57.250
30.500 57.500
30.750 57.500
30.750 57.250
Building 4 5 0.062
30.500 57.500
30.500 57.750
30.750 57.750
30.750 57.500
Building 4 5 0.062
30.500 57.750
30.500 58.000
30.750 58.000
30.750 57.750
Building 4 5 0.062
30.500 58.000
30.500 58.250
30.750 58.250
30.750 58.000
Building 4 5 0.062
30.500 58.250
30.500 58.500
30.750 58.500
30.750 58.250
Building 4 5 0.062
30.500 58.500
30.500 58.750
30.750 58.750
30.750 58.500
Building 4 5 0.062
30.750 59.000
30.750 58.750
30.500 58.750
30.500 59.000
Building 4 5 0.062
30.500 61.000
30.500 61.250
30.750 61.250
30.750 61.000
Building 4 5 0.062
30.500 61.250
30.500 61.500
30.750 61.500
30.750 61.250
Building 4 5 0.062
30.500 61.500
30.500 61.750
30.750 61.750
30.750 61.500
Building 4 5 0.062
30.500 61.750
30.500 62.000
30.750 62.000
30.750 61.750
Building 4 5 0.062
30.500 62.000
30.500 62.250
30.750 62.250
30.750 62.000
Building 4 5 0.062
30.500 62.250
30.500 62.500
30.750 62.500
30.750 62.250
Building 4 5 0.062
30.500 62.500
30.500 62.750
30.750 62.750
30.750 62.500
Building 4 5 0.062
30.750 63.000
30.750 62.750
30.500 62.750
30.500 63.000
Building 4 5 0.062
30.750 57.000
30.750 57.250
31.000 57.250
31.000 57.000
Building 4 5 0.062
30.750 57.250
30.750 57.500
31.000 57.500
31.000 57.250
Building 4 5 0.062
30.750 57.500
30.750 57.750
31.000 57.750
31.000 57.500
Building 4 5 0.062
30.750 57.750
30.750 58.000
31.000 58.000
31.000 57.750
Building 4 5 0.062
30.750 58.000
30.750 58.250
31.000 58.250
31.000 58.000
Building 4 5 0.062
30.750 58.250
30.750 58.500
31.000 58.500
31.000 58.250
Building 4 5 0.062
30.750 58.500
30.750 58.750
31.000 58.750
31.000 58.500
Building 4 5 0.062
31.000 59.000
31.000 58.750
30.750 58.750
30.750 59.000
Building 4 5 0.062
30.750 61.000
30.750 61.250
31.000 61.250
31.000 61.000
Building 4 5 0.062
30.750 61.250
30.750 61.500
31.000 61.500
31.000 61.250
Building 4 5 0.062
30.750 61.500
30.750 61.750
31.000 61.750
31.000 61.500
Building 4 5 0.062
30.750 61.750
30.750 62.000
31.000 62.000
31.000 61.750
Building 4 5 0.062
30.750 62.000
30.750 62.250
31.000 62.250
31.000 62.000
Building 4 5 0.062
30.750 62.250
30.750 62.500
31.000 62.500
31.000 62.250
Building 4 5 0.062
30.750 62.500
30.750 62.750
31.000 62.750
31.000 62.500
Building 4 5 0.062
31.000 63.000
31.000 62.750
30.750 62.750
30.750 63.000
Building 4 5 0.062
31.000 57.000
31.000 57.250
31.250 57.250
31.250 57.000
Building 4 5 0.062
31.000 57.250
31.000 57.500
31.250 57.500
31.250 57.250
Building 4 5 0.062
31.000 57.500
31.000 57.750
31.250 57.750
31.250 57.500
Building 4 5 0.062
31.000 57.750
31.000 58.000
31.250 58.000
31.250 57.750
Building 4 5 0.062
31.000 58.000
31.000 58.250
31.250 58.250
31.250 58.000
Building 4 5 0.062
31.000 58.250
31.000 58.500
31.250 58.500
31.250 58.250
Building 4 5 0.062
31.000 58.500
31.000 58.750
31.250 58.750
31.250 58.500
Building 4 5 0.062
31.250 59.000
31.250 58.750
31.000 58.750
31.000 59.000
Building 4 5 0.062
31.000 61.000
31.000 61.250
31.250 61.250
31.250 61.000
Building 4 5 0.062
31.000 61.250
31.000 61.500
31.250 61.500
31.250 61.250
Building 4 5 0.062
31.000 61.500
31.000 61.750
31.250 61.750
31.250 61.500
Building 4 5 0.062
31.000 61.750
31.000 62.000
31.250 62.000
31.250 61.750
Building 4 5 0.062
31.000 62.000
31.000 62.250
31.250 62.250
31.250 62.000
Building 4 5 0.062
31.000 62.250
31.000 62.500
31.250 62.500
31.250 62.250
Building 4 5 0.062
31.000 62.500
31.000 62.750
31.250 62.750
31.250 62.500
Building 4 5 0.062
31.250 63.000
31.250 62.750
31.000 62.750
31.000 63.000
Building 4 5 0.062
31.250 57.000
31.250 57.250
31.500 57.250
31.500 57.000
Building 4 5 0.062
31.250 57.250
31.250 57.500
31.500 57.500
31.500 57.250
Building 4 5 0.062
31.250 57.500
31.250 57.750
31.500 57.750
31.500 57.500
Building 4 5 0.062
31.250 57.750
31.250 58.000
31.500 58.000
31.500 57.750
Building 4 5 0.062
31.250 58.000
31.250 58.250
31.500 58.250
31.500 58.000
Building 4 5 0.062
31.250 58.250
31.250 58.500
31.500 58.500
31.500 58.250
Building 4 5 0.062
31.250 58.500
31.250 58.750
31.500 58.750
31.500 58.500
Building 4 5 0.062
31.500 59.000
31.500 58.750
31.250 58.750
31.250 59.000
Building 4 5 0.062
31.250 61.000
31.250 61.250
31.500 61.250
31.500 61.000
Building 4 5 0.062
31.250 61.250
31.250 61.500
31.500 61.500
31.500 61.250
Building 4 5 0.062
31.250 61.500
31.250 61.750
31.500 61.750
31.500 61.500
Building 4 5 0.062
31.250 61.750
31.250 62.000
31.500 62.000
31.500 61.750
Building 4 5 0.062
31.250 62.000
31.250 62.250
31.500 62.250
31.500 62.000
Building 4 5 0.062
31.250 62.250
31.250 62.500
31.500 62.500
31.500 62.250
Building 4 5 0.062
31.250 62.500
31.250 62.750
31.500 62.750
31.500 62.500
Building 4 5 0.062
31.500 63.000
31.500 62.750
31.250 62.750
31.250 63.000
Building 4 5 0.062
31.500 57.000
31.500 57.250
31.750 57.250
31.750 57.000
Building 4 5 0.062
31.500 57.250
31.500 57.500
31.750 57.500
31.750 57.250
Building 4 5 0.062
31.500 57.500
31.500 57.750
31.750 57.750
31.750 57.500
Building 4 5 0.062
31.500 57.750
31.500 58.000
31.750 58.000
31.750 57.750
Building 4 5 0.062
31.500 58.000
31.500 58.250
31.750 58.250
31.750 58.000
Building 4 5 0.062
31.500 58.250
31.500 58.500
31.750 58.500
31.750 58.250
Building 4 5 0.062
31.500 58.500
31.500 58.750
31.750 58.750
31.750 58.500
Building 4 5 0.062
31.750 59.000
31.750 58.750
31.500 58.750
31.500 59.000
Building 4 5 0.062
31.500 61.000
31.500 61.250
31.750 61.250
31.750 61.000
Building 4 5 0.062
31.500 61.250
31.500 61.500
31.750 61.500
31.750 61.250
Building 4 5 0.062
31.500 61.500
31.500 61.750
31.750 61.750
31.750 61.500
Building 4 5 0.062
31.500 61.750
31.500 62.000
31.750 62.000
31.750 61.750
Building 4 5 0.062
31.500 62.000
31.500 62.250
31.750 62.250
31.750 62.000
Building 4 5 0.062
31.500 62.250
31.500 62.500
31.750 62.500
31.750 62.250
Building 4 5 0.062
31.500 62.500
31.500 62.750
31.750 62.750
31.750 62.500
Building 4 5 0.062
31.750 63.000
31.750 62.750
31.500 62.750
31.500 63.000
Building 4 5 0.062
31.750 57.000
31.750 57.250
32.000 57.250
32.000 57.000
Building 4 5 0.062
31.750 57.250
31.750 57.500
32.000 57.500
32.000 57.250
Building 4 5 0.062
31.750 57.500
31.750 57.750
32.000 57.750
32.000 57.500
Building 4 5 0.062
31.750 57.750
31.750 58.000
32.000 58.000
32.000 57.750
Building 4 5 0.062
31.750 58.000
31.750 58.250
32.000 58.250
32.000 58.000
Building 4 5 0.062
31.750 58.250
31.750 58.500
32.000 58.500
32.000 58.250
Building 4 5 0.062
31.750 58.500
31.750 58.750
32.000 58.750
32.000 58.500
Building 4 5 0.062
32.000 59.000
32.000 58.750
31.750 58.750
31.750 59.000
Building 4 5 0.062
31.750 61.000
31.750 61.250
32.000 61.250
32.000 61.000
Building 4 5 0.062
31.750 61.250
31.750 61.500
32.000 61.500
32.000 61.250
Building 4 5 0.062
31.750 61.500
31.750 61.750
32.000 61.750
32.000 61.500
Building 4 5 0.062
31.750 61.750
31.750 62.000
32.000 62.000
32.000 61.750
Building 4 5 0.062
31.750 62.000
31.750 62.250
32.000 62.250
32.000 62.000
Building 4 5 0.062
31.750 62.250
31.750 62.500
32.000 62.500
32.000 62.250
Building 4 5 0.062
31.750 62.500
31.750 62.750
32.000 62.750
32.000 62.500
Building 4 5 0.062
32.000 63.000
32.000 62.750
31.750 62.750
31.750 63.000
Building 4 5 0.062
32.000 26.250
32.250 26.250
32.250 26.000
32.000 26.000
Building 4 5 0.062
32.000 26.500
32.250 26.500
32.250 26.250
32.000 26.250
Building 4 5 0.062
32.000 26.750
32.250 26.750
32.250 26.500
32.000 26.500
Building 4 5 0.062
32.000 27.000
32.250 27.000
32.250 26.750
32.000 26.750
Building 4 5 0.062
32.000 27.250
32.250 27.250
32.250 27.000
32.000 27.000
Building 4 5 0.062
32.000 27.500
32.250 27.500
32.250 27.250
32.000 27.250
Building 4 5 0.062
32.000 27.750
32.250 27.750
32.250 27.500
32.000 27.500
Building 4 5 0.062
32.000 28.000
32.250 28.000
32.250 27.750
32.000 27.750
Building 4 5 0.062
32.000 28.250
32.250 28.250
32.250 28.000
32.000 28.000
Building 4 5 0.062
32.000 28.500
32.250 28.500
32.250 28.250
32.000 28.250
Building 4 5 0.062
32.000 28.750
32.250 28.750
32.250 28.500
32.000 28.500
Building 4 5 0.062
32.000 29.000
32.250 29.000
32.250 28.750
32.000 28.750
Building 4 5 0.062
32.000 29.250
32.250 29.250
32.250 29.000
32.000 29.000
Building 4 5 0.062
32.000 29.500
32.250 29.500
32.250 29.250
32.000 29.250
Building 4 5 0.062
32.000 29.750
32.250 29.750
32.250 29.500
32.000 29.500
Building 4 5 0.062
32.000 30.000
32.250 30.000
32.250 29.750
32.000 29.750
Building 4 5 0.062
32.000 30.250
32.250 30.250
32.250 30.000
32.000 30.000
Building 4 5 0.062
32.000 30.500
32.250 30.500
32.250 30.250
32.000 30.250
Building 4 5 0.062
32.000 30.750
32.250 30.750
32.250 30.500
32.000 30.500
Building 4 5 0.062
32.000 31.000
32.250 31.000
32.250 30.750
32.000 30.750
Building 4 5 0.062
32.000 31.250
32.250 31.250
32.250 31.000
32.000 31.000
Building 4 5 0.062
32.000 31.500
32.250 31.500
32.250 31.250
32.000 31.250
Building 4 5 0.062
32.000 31.750
32.250 31.750
32.250 31.500
32.000 31.500
Building 4 5 0.062
32.000 32.000
32.250 32.000
32.250 31.750
32.000 31.750
Building 4 5 0.062
32.000 32.250
32.250 32.250
32.250 32.000
32.000 32.000
Building 4 5 0.062
32.000 32.500
32.250 32.500
32.250 32.250
32.000 32.250
Building 4 5 0.062
32.000 32.750
32.250 32.750
32.250 32.500
32.000 32.500
Building 4 5 0.062
32.000 33.000
32.250 33.000
32.250 32.750
32.000 32.750
Building 4 5 0.062
32.000 33.250
32.250 33.250
32.250 33.000
32.000 33.000
Building 4 5 0.062
32.000 33.500
32.250 33.500
32.250 33.250
32.000 33.250
Building 4 5 0.062
32.000 33.750
32.250 33.750
32.250 33.500
32.000 33.500
Building 4 5 0.062
32.000 34.000
32.250 34.000
32.250 33.750
32.000 33.750
Building 4 5 0.062
32.000 34.250
32.250 34.250
32.250 34.000
32.000 34.000
Building 4 5 0.062
32.000 34.500
32.250 34.500
32.250 34.250
32.000 34.250
Building 4 5 0.062
32.000 34.750
32.250 34.750
32.250 34.500
32.000 34.500
Building 4 5 0.062
32.000 35.000
32.250 35.000
32.250 34.750
32.000 34.750
Building 4 5 0.062
32.000 35.250
32.250 35.250
32.250 35.000
32.000 35.000
Building 4 5 0.062
32.000 35.500
32.250 35.500
32.250 35.250
32.000 35.250
Building 4 5 0.062
32.000 35.750
32.250 35.750
32.250 35.500
32.000 35.500
Building 4 5 0.062
32.000 36.000
32.250 36.000
32.250 35.750
32.000 35.750
Building 4 5 0.062
32.000 36.250
32.250 36.250
32.250 36.000
32.000 36.000
Building 4 5 0.062
32.000 36.500
32.250 36.500
32.250 36.250
32.000 36.250
Building 4 5 0.062
32.000 36.750
32.250 36.750
32.250 36.500
32.000 36.500
Building 4 5 0.062
32.000 37.000
32.250 37.000
32.250 36.750
32.000 36.750
Building 4 5 0.062
32.000 37.250
32.250 37.250
32.250 37.000
32.000 37.000
Building 4 5 0.062
32.000 37.500
32.250 37.500
32.250 37.250
32.000 37.250
Building 4 5 0.062
32.000 37.750
32.250 37.750
32.250 37.500
32.000 37.500
Building 4 5 0.062
32.000 38.000
32.250 38.000
32.250 37.750
32.000 37.750
Building 4 5 0.062
32.000 38.250
32.250 38.250
32.250 38.000
32.000 38.000
Building 4 5 0.062
32.000 38.500
32.250 38.500
32.250 38.250
32.000 38.250
Building 4 5 0.062
32.000 38.750
32.250 38.750
32.250 38.500
32.000 38.500
Building 4 5 0.062
32.000 39.000
32.250 39.000
32.250 38.750
32.000 38.750
Building 4 5 0.062
32.000 39.250
32.250 39.250
32.250 39.000
32.000 39.000
Building 4 5 0.062
32.000 39.500
32.250 39.500
32.250 39.250
32.000 39.250
Building 4 5 0.062
32.000 39.750
32.250 39.750
32.250 39.500
32.000 39.500
Building 4 5 0.062
32.000 40.000
32.250 40.000
32.250 39.750
32.000 39.750
Building 4 5 0.062
32.000 40.250
32.250 40.250
32.250 40.000
32.000 40.000
Building 4 5 0.062
32.000 40.500
32.250 40.500
32.250 40.250
32.000 40.250
Building 4 5 0.062
32.000 40.750
32.250 40.750
32.250 40.500
32.000 40.500
Building 4 5 0.062
32.000 41.000
32.250 41.000
32.250 40.750
32.000 40.750
Building 4 5 0.062
32.000 41.250
32.250 41.250
32.250 41.000
32.000 41.000
Building 4 5 0.062
32.000 41.500
32.250 41.500
32.250 41.250
32.000 41.250
Building 4 5 0.062
32.000 41.750
32.250 41.750
32.250 41.500
32.000 41.500
Building 4 5 0.062
32.000 42.000
32.250 42.000
32.250 41.750
32.000 41.750
Building 4 5 0.062
32.000 42.250
32.250 42.250
32.250 42.000
32.000 42.000
Building 4 5 0.062
32.000 42.500
32.250 42.500
32.250 42.250
32.000 42.250
Building 4 5 0.062
32.000 42.750
32.250 42.750
32.250 42.500
32.000 42.500
Building 4 5 0.062
32.000 43.000
32.250 43.000
32.250 42.750
32.000 42.750
Building 4 5 0.062
32.000 43.250
32.250 43.250
32.250 43.000
32.000 43.000
Building 4 5 0.062
32.000 43.500
32.250 43.500
32.250 43.250
32.000 43.250
Building 4 5 0.062
32.000 43.750
32.250 43.750
32.250 43.500
32.000 43.500
Building 4 5 0.062
32.000 44.000
32.250 44.000
32.250 43.750
32.000 43.750
Building 4 5 0.062
32.000 44.250
32.250 44.250
32.250 44.000
32.000 44.000
Building 4 5 0.062
32.000 44.500
32.250 44.500
32.250 44.250
32.000 44.250
Building 4 5 0.062
32.000 44.750
32.250 44.750
32.250 44.500
32.000 44.500
Building 4 5 0.062
32.000 45.000
32.250 45.000
32.250 44.750
32.000 44.750
Building 4 5 0.062
32.000 45.250
32.250 45.250
32.250 45.000
32.000 45.000
Building 4 5 0.062
32.000 45.500
32.250 45.500
32.250 45.250
32.000 45.250
Building 4 5 0.062
32.000 45.750
32.250 45.750
32.250 45.500
32.000 45.500
Building 4 5 0.062
32.000 46.000
32.250 46.000
32.250 45.750
32.000 45.750
Building 4 5 0.062
32.000 46.250
32.250 46.250
32.250 46.000
32.000 46.000
Building 4 5 0.062
32.000 46.500
32.250 46.500
32.250 46.250
32.000 46.250
Building 4 5 0.062
32.000 46.750
32.250 46.750
32.250 46.500
32.000 46.500
Building 4 5 0.062
32.000 47.000
32.250 47.000
32.250 46.750
32.000 46.750
Building 4 5 0.062
32.000 47.250
32.250 47.250
32.250 47.000
32.000 47.000
Building 4 5 0.062
32.000 47.500
32.250 47.500
32.250 47.250
32.000 47.250
Building 4 5 0.062
32.000 47.750
32.250 47.750
32.250 47.500
32.000 47.500
Building 4 5 0.062
32.000 48.000
32.250 48.000
32.250 47.750
32.000 47.750
Building 4 5 0.062
32.000 48.250
32.250 48.250
32.250 48.000
32.000 48.000
Building 4 5 0.062
32.000 48.500
32.250 48.500
32.250 48.250
32.000 48.250
Building 4 5 0.062
32.000 48.750
32.250 48.750
32.250 48.500
32.000 48.500
Building 4 5 0.062
32.000 49.000
32.250 49.000
32.250 48.750
32.000 48.750
Building 4 5 0.062
32.000 49.250
32.250 49.250
32.250 49.000
32.000 49.000
Building 4 5 0.062
32.000 49.500
32.250 49.500
32.250 49.250
32.000 49.250
Building 4 5 0.062
32.000 49.750
32.250 49.750
32.250 49.500
32.000 49.500
Building 4 5 0.062
32.000 50.000
32.250 50.000
32.250 49.750
32.000 49.750
Building 4 5 0.062
32.000 50.250
32.250 50.250
32.250 50.000
32.000 50.000
Building 4 5 0.062
32.000 50.500
32.250 50.500
32.250 50.250
32.000 50.250
Building 4 5 0.062
32.000 50.750
32.250 50.750
32.250 50.500
32.000 50.500
Building 4 5 0.062
32.000 51.000
32.250 51.000
32.250 50.750
32.000 50.750
Building 4 5 0.062
32.000 51.250
32.250 51.250
32.250 51.000
32.000 51.000
Building 4 5 0.062
32.000 51.500
32.250 51.500
32.250 51.250
32.000 51.250
Building 4 5 0.062
32.000 51.750
32.250 51.750
32.250 51.500
32.000 51.500
Building 4 5 0.062
32.000 52.000
32.250 52.000
32.250 51.750
32.000 51.750
Building 4 5 0.062
32.000 52.250
32.250 52.250
32.250 52.000
32.000 52.000
Building 4 5 0.062
32.000 52.500
32.250 52.500
32.250 52.250
32.000 52.250
Building 4 5 0.062
32.000 52.750
32.250 52.750
32.250 52.500
32.000 52.500
Building 4 5 0.062
32.000 53.000
32.250 53.000
32.250 52.750
32.000 52.750
Building 4 5 0.062
32.000 53.250
32.250 53.250
32.250 53.000
32.000 53.000
Building 4 5 0.062
32.000 53.500
32.250 53.500
32.250 53.250
32.000 53.250
Building 4 5 0.062
32.000 53.750
32.250 53.750
32.250 53.500
32.000 53.500
Building 4 5 0.062
32.000 54.000
32.250 54.000
32.250 53.750
32.000 53.750
Building 4 5 0.062
32.000 54.250
32.250 54.250
32.250 54.000
32.000 54.000
Building 4 5 0.062
32.000 54.500
32.250 54.500
32.250 54.250
32.000 54.250
Building 4 5 0.062
32.000 54.750
32.250 54.750
32.250 54.500
32.000 54.500
Building 4 5 0.062
32.000 55.000
32.250 55.000
32.250 54.750
32.000 54.750
Building 4 5 0.062
32.000 55.250
32.250 55.250
32.250 55.000
32.000 55.000
Building 4 5 0.062
32.000 55.500
32.250 55.500
32.250 55.250
32.000 55.250
Building 4 5 0.062
32.000 55.750
32.250 55.750
32.250 55.500
32.000 55.500
Building 4 5 0.062
32.000 56.000
32.250 56.000
32.250 55.750
32.000 55.750
Building 4 5 0.062
32.000 56.250
32.250 56.250
32.250 56.000
32.000 56.000
Building 4 5 0.062
32.000 56.500
32.250 56.500
32.250 56.250
32.000 56.250
Building 4 5 0.062
32.000 56.750
32.250 56.750
32.250 56.500
32.000 56.500
Building 4 5 0.062
32.000 57.000
32.250 57.000
32.250 56.750
32.000 56.750
Building 4 5 0.062
32.000 57.250
32.250 57.250
32.250 57.000
32.000 57.000
Building 4 5 0.062
32.000 57.250
32.000 57.500
32.250 57.500
32.250 57.250
Building 4 5 0.062
32.000 57.500
32.000 57.750
32.250 57.750
32.250 57.500
Building 4 5 0.062
32.000 57.750
32.000 58.000
32.250 58.000
32.250 57.750
Building 4 5 0.062
32.000 58.000
32.000 58.250
32.250 58.250
32.250 58.000
Building 4 5 0.062
32.000 58.250
32.000 58.500
32.250 58.500
32.250 58.250
Building 4 5 0.062
32.000 58.500
32.000 58.750
32.250 58.750
32.250 58.500
Building 4 5 0.062
32.250 59.000
32.250 58.750
32.000 58.750
32.000 59.000
Building 4 5 0.062
32.000 61.000
32.000 61.250
32.250 61.250
32.250 61.000
Building 4 5 0.062
32.000 61.250
32.000 61.500
32.250 61.500
32.250 61.250
Building 4 5 0.062
32.000 61.500
32.000 61.750
32.250 61.750
32.250 61.500
Building 4 5 0.062
32.000 61.750
32.000 62.000
32.250 62.000
32.250 61.750
Building 4 5 0.062
32.000 62.000
32.000 62.250
32.250 62.250
32.250 62.000
Building 4 5 0.062
32.000 62.250
32.000 62.500
32.250 62.500
32.250 62.250
Building 4 5 0.062
32.000 62.500
32.000 62.750
32.250 62.750
32.250 62.500
Building 4 5 0.062
32.250 63.000
32.250 62.750
32.000 62.750
32.000 63.000
Building 4 5 0.062
32.250 26.000
32.250 26.250
32.500 26.250
32.500 26.000
Building 4 5 0.062
32.250 26.250
32.250 26.500
32.500 26.500
32.500 26.250
Building 4 5 0.062
32.250 26.500
32.250 26.750
32.500 26.750
32.500 26.500
Building 4 5 0.062
32.250 26.750
32.250 27.000
32.500 27.000
32.500 26.750
Building 4 5 0.062
32.250 27.000
32.250 27.250
32.500 27.250
32.500 27.000
Building 4 5 0.062
32.250 27.250
32.250 27.500
32.500 27.500
32.500 27.250
Building 4 5 0.062
32.250 27.500
32.250 27.750
32.500 27.750
32.500 27.500
Building 4 5 0.062
32.250 27.750
32.250 28.000
32.500 28.000
32.500 27.750
Building 4 5 0.062
32.250 28.000
32.250 28.250
32.500 28.250
32.500 28.000
Building 4 5 0.062
32.250 28.250
32.250 28.500
32.500 28.500
32.500 28.250
Building 4 5 0.062
32.250 28.500
32.250 28.750
32.500 28.750
32.500 28.500
Building 4 5 0.062
32.250 28.750
32.250 29.000
32.500 29.000
32.500 28.750
Building 4 5 0.062
32.250 29.000
32.250 29.250
32.500 29.250
32.500 29.000
Building 4 5 0.062
32.250 29.250
32.250 29.500
32.500 29.500
32.500 29.250
Building 4 5 0.062
32.250 29.500
32.250 29.750
32.500 29.750
32.500 29.500
Building 4 5 0.062
32.250 29.750
32.250 30.000
32.500 30.000
32.500 29.750
Building 4 5 0.062
32.250 30.000
32.250 30.250
32.500 30.250
32.500 30.000
Building 4 5 0.062
32.250 30.250
32.250 30.500
32.500 30.500
32.500 30.250
Building 4 5 0.062
32.250 30.500
32.250 30.750
32.500 30.750
32.500 30.500
Building 4 5 0.062
32.250 30.750
32.250 31.000
32.500 31.000
32.500 30.750
Building 4 5 0.062
32.250 31.000
32.250 31.250
32.500 31.250
32.500 31.000
Building 4 5 0.062
32.250 31.250
32.250 31.500
32.500 31.500
32.500 31.250
Building 4 5 0.062
32.250 31.500
32.250 31.750
32.500 31.750
32.500 31.500
Building 4 5 0.062
32.250 31.750
32.250 32.000
32.500 32.000
32.500 31.750
Building 4 5 0.062
32.250 32.000
32.250 32.250
32.500 32.250
32.500 32.000
Building 4 5 0.062
32.250 32.250
32.250 32.500
32.500 32.500
32.500 32.250
Building 4 5 0.062
32.250 32.500
32.250 32.750
32.500 32.750
32.500 32.500
Building 4 5 0.062
32.250 32.750
32.250 33.000
32.500 33.000
32.500 32.750
Building 4 5 0.062
32.250 33.000
32.250 33.250
32.500 33.250
32.500 33.000
Building 4 5 0.062
32.250 33.250
32.250 33.500
32.500 33.500
32.500 33.250
Building 4 5 0.062
32.250 33.500
32.250 33.750
32.500 33.750
32.500 33.500
Building 4 5 0.062
32.250 33.750
32.250 34.000
32.500 34.000
32.500 33.750
Building 4 5 0.062
32.250 34.000
32.250 34.250
32.500 34.250
32.500 34.000
Building 4 5 0.062
32.250 34.250
32.250 34.500
32.500 34.500
32.500 34.250
Building 4 5 0.062
32.250 34.500
32.250 34.750
32.500 34.750
32.500 34.500
Building 4 5 0.062
32.250 34.750
32.250 35.000
32.500 35.000
32.500 34.750
Building 4 5 0.062
32.250 35.000
32.250 35.250
32.500 35.250
32.500 35.000
Building 4 5 0.062
32.250 35.250
32.250 35.500
32.500 35.500
32.500 35.250
Building 4 5 0.062
32.250 35.500
32.250 35.750
32.500 35.750
32.500 35.500
Building 4 5 0.062
32.250 35.750
32.250 36.000
32.500 36.000
32.500 35.750
Building 4 5 0.062
32.250 36.000
32.250 36.250
32.500 36.250
32.500 36.000
Building 4 5 0.062
32.250 36.250
32.250 36.500
32.500 36.500
32.500 36.250
Building 4 5 0.062
32.250 36.500
32.250 36.750
32.500 36.750
32.500 36.500
Building 4 5 0.062
32.250 36.750
32.250 37.000
32.500 37.000
32.500 36.750
Building 4 5 0.062
32.250 37.000
32.250 37.250
32.500 37.250
32.500 37.000
Building 4 5 0.062
32.250 37.250
32.250 37.500
32.500 37.500
32.500 37.250
Building 4 5 0.062
32.250 37.500
32.250 37.750
32.500 37.750
32.500 37.500
Building 4 5 0.062
32.250 37.750
32.250 38.000
32.500 38.000
32.500 37.750
Building 4 5 0.062
32.250 38.000
32.250 38.250
32.500 38.250
32.500 38.000
Building 4 5 0.062
32.250 38.250
32.250 38.500
32.500 38.500
32.500 38.250
Building 4 5 0.062
32.250 38.500
32.250 38.750
32.500 38.750
32.500 38.500
Building 4 5 0.062
32.250 38.750
32.250 39.000
32.500 39.000
32.500 38.750
Building 4 5 0.062
32.250 39.000
32.250 39.250
32.500 39.250
32.500 39.000
Building 4 5 0.062
32.250 39.250
32.250 39.500
32.500 39.500
32.500 39.250
Building 4 5 0.062
32.250 39.500
32.250 39.750
32.500 39.750
32.500 39.500
Building 4 5 0.062
32.250 39.750
32.250 40.000
32.500 40.000
32.500 39.750
Building 4 5 0.062
32.250 40.000
32.250 40.250
32.500 40.250
32.500 40.000
Building 4 5 0.062
32.250 40.250
32.250 40.500
32.500 40.500
32.500 40.250
Building 4 5 0.062
32.250 40.500
32.250 40.750
32.500 40.750
32.500 40.500
Building 4 5 0.062
32.250 40.750
32.250 41.000
32.500 41.000
32.500 40.750
Building 4 5 0.062
32.250 41.000
32.250 41.250
32.500 41.250
32.500 41.000
Building 4 5 0.062
32.250 41.250
32.250 41.500
32.500 41.500
32.500 41.250
Building 4 5 0.062
32.250 41.500
32.250 41.750
32.500 41.750
32.500 41.500
Building 4 5 0.062
32.250 41.750
32.250 42.000
32.500 42.000
32.500 41.750
Building 4 5 0.062
32.250 42.000
32.250 42.250
32.500 42.250
32.500 42.000
Building 4 5 0.062
32.250 42.250
32.250 42.500
32.500 42.500
32.500 42.250
Building 4 5 0.062
32.250 42.500
32.250 42.750
32.500 42.750
32.500 42.500
Building 4 5 0.062
32.250 42.750
32.250 43.000
32.500 43.000
32.500 42.750
Building 4 5 0.062
32.250 43.000
32.250 43.250
32.500 43.250
32.500 43.000
Building 4 5 0.062
32.250 43.250
32.250 43.500
32.500 43.500
32.500 43.250
Building 4 5 0.062
32.250 43.500
32.250 43.750
32.500 43.750
32.500 43.500
Building 4 5 0.062
32.250 43.750
32.250 44.000
32.500 44.000
32.500 43.750
Building 4 5 0.062
32.250 44.000
32.250 44.250
32.500 44.250
32.500 44.000
Building 4 5 0.062
32.250 44.250
32.250 44.500
32.500 44.500
32.500 44.250
Building 4 5 0.062
32.250 44.500
32.250 44.750
32.500 44.750
32.500 44.500
Building 4 5 0.062
32.250 44.750
32.250 45.000
32.500 45.000
32.500 44.750
Building 4 5 0.062
32.250 45.000
32.250 45.250
32.500 45.250
32.500 45.000
Building 4 5 0.062
32.250 45.250
32.250 45.500
32.500 45.500
32.500 45.250
Building 4 5 0.062
32.250 45.500
32.250 45.750
32.500 45.750
32.500 45.500
Building 4 5 0.062
32.250 45.750
32.250 46.000
32.500 46.000
32.500 45.750
Building 4 5 0.062
32.250 46.000
32.250 46.250
32.500 46.250
32.500 46.000
Building 4 5 0.062
32.250 46.250
32.250 46.500
32.500 46.500
32.500 46.250
Building 4 5 0.062
32.250 46.500
32.250 46.750
32.500 46.750
32.500 46.500
Building 4 5 0.062
32.250 46.750
32.250 47.000
32.500 47.000
32.500 46.750
Building 4 5 0.062
32.250 47.000
32.250 47.250
32.500 47.250
32.500 47.000
Building 4 5 0.062
32.250 47.250
32.250 47.500
32.500 47.500
32.500 47.250
Building 4 5 0.062
32.250 47.500
32.250 47.750
32.500 47.750
32.500 47.500
Building 4 5 0.062
32.250 47.750
32.250 48.000
32.500 48.000
32.500 47.750
Building 4 5 0.062
32.250 48.000
32.250 48.250
32.500 48.250
32.500 48.000
Building 4 5 0.062
32.250 48.250
32.250 48.500
32.500 48.500
32.500 48.250
Building 4 5 0.062
32.250 48.500
32.250 48.750
32.500 48.750
32.500 48.500
Building 4 5 0.062
32.250 48.750
32.250 49.000
32.500 49.000
32.500 48.750
Building 4 5 0.062
32.250 49.000
32.250 49.250
32.500 49.250
32.500 49.000
Building 4 5 0.062
32.250 49.250
32.250 49.500
32.500 49.500
32.500 49.250
Building 4 5 0.062
32.250 49.500
32.250 49.750
32.500 49.750
32.500 49.500
Building 4 5 0.062
32.250 49.750
32.250 50.000
32.500 50.000
32.500 49.750
Building 4 5 0.062
32.250 50.000
32.250 50.250
32.500 50.250
32.500 50.000
Building 4 5 0.062
32.250 50.250
32.250 50.500
32.500 50.500
32.500 50.250
Building 4 5 0.062
32.250 50.500
32.250 50.750
32.500 50.750
32.500 50.500
Building 4 5 0.062
32.250 50.750
32.250 51.000
32.500 51.000
32.500 50.750
Building 4 5 0.062
32.250 51.000
32.250 51.250
32.500 51.250
32.500 51.000
Building 4 5 0.062
32.250 51.250
32.250 51.500
32.500 51.500
32.500 51.250
Building 4 5 0.062
32.250 51.500
32.250 51.750
32.500 51.750
32.500 51.500
Building 4 5 0.062
32.250 51.750
32.250 52.000
32.500 52.000
32.500 51.750
Building 4 5 0.062
32.250 52.000
32.250 52.250
32.500 52.250
32.500 52.000
Building 4 5 0.062
32.250 52.250
32.250 52.500
32.500 52.500
32.500 52.250
Building 4 5 0.062
32.250 52.500
32.250 52.750
32.500 52.750
32.500 52.500
Building 4 5 0.062
32.250 52.750
32.250 53.000
32.500 53.000
32.500 52.750
Building 4 5 0.062
32.250 53.000
32.250 53.250
32.500 53.250
32.500 53.000
Building 4 5 0.062
32.250 53.250
32.250 53.500
32.500 53.500
32.500 53.250
Building 4 5 0.062
32.250 53.500
32.250 53.750
32.500 53.750
32.500 53.500
Building 4 5 0.062
32.250 53.750
32.250 54.000
32.500 54.000
32.500 53.750
Building 4 5 0.062
32.250 54.000
32.250 54.250
32.500 54.250
32.500 54.000
Building 4 5 0.062
32.250 54.250
32.250 54.500
32.500 54.500
32.500 54.250
Building 4 5 0.062
32.250 54.500
32.250 54.750
32.500 54.750
32.500 54.500
Building 4 5 0.062
32.250 54.750
32.250 55.000
32.500 55.000
32.500 54.750
Building 4 5 0.062
32.250 55.000
32.250 55.250
32.500 55.250
32.500 55.000
Building 4 5 0.062
32.250 55.250
32.250 55.500
32.500 55.500
32.500 55.250
Building 4 5 0.062
32.250 55.500
32.250 55.750
32.500 55.750
32.500 55.500
Building 4 5 0.062
32.250 55.750
32.250 56.000
32.500 56.000
32.500 55.750
Building 4 5 0.062
32.250 56.000
32.250 56.250
32.500 56.250
32.500 56.000
Building 4 5 0.062
32.250 56.250
32.250 56.500
32.500 56.500
32.500 56.250
Building 4 5 0.062
32.250 56.500
32.250 56.750
32.500 56.750
32.500 56.500
Building 4 5 0.062
32.250 56.750
32.250 57.000
32.500 57.000
32.500 56.750
Building 4 5 0.062
32.250 57.000
32.250 57.250
32.500 57.250
32.500 57.000
Building 4 5 0.062
32.250 57.250
32.250 57.500
32.500 57.500
32.500 57.250
Building 4 5 0.062
32.250 57.500
32.250 57.750
32.500 57.750
32.500 57.500
Building 4 5 0.062
32.250 57.750
32.250 58.000
32.500 58.000
32.500 57.750
Building 4 5 0.062
32.250 58.000
32.250 58.250
32.500 58.250
32.500 58.000
Building 4 5 0.062
32.250 58.250
32.250 58.500
32.500 58.500
32.500 58.250
Building 4 5 0.062
32.250 58.500
32.250 58.750
32.500 58.750
32.500 58.500
Building 4 5 0.062
32.500 59.000
32.500 58.750
32.250 58.750
32.250 59.000
Building 4 5 0.062
32.250 61.000
32.250 61.250
32.500 61.250
32.500 61.000
Building 4 5 0.062
32.250 61.250
32.250 61.500
32.500 61.500
32.500 61.250
Building 4 5 0.062
32.250 61.500
32.250 61.750
32.500 61.750
32.500 61.500
Building 4 5 0.062
32.250 61.750
32.250 62.000
32.500 62.000
32.500 61.750
Building 4 5 0.062
32.250 62.000
32.250 62.250
32.500 62.250
32.500 62.000
Building 4 5 0.062
32.250 62.250
32.250 62.500
32.500 62.500
32.500 62.250
Building 4 5 0.062
32.250 62.500
32.250 62.750
32.500 62.750
32.500 62.500
Building 4 5 0.062
32.500 63.000
32.500 62.750
32.250 62.750
32.250 63.000
Building 4 5 0.062
32.500 26.000
32.500 26.250
32.750 26.250
32.750 26.000
Building 4 5 0.062
32.500 26.250
32.500 26.500
32.750 26.500
32.750 26.250
Building 4 5 0.062
32.500 26.500
32.500 26.750
32.750 26.750
32.750 26.500
Building 4 5 0.062
32.500 26.750
32.500 27.000
32.750 27.000
32.750 26.750
Building 4 5 0.062
32.500 27.000
32.500 27.250
32.750 27.250
32.750 27.000
Building 4 5 0.062
32.500 27.250
32.500 27.500
32.750 27.500
32.750 27.250
Building 4 5 0.062
32.500 27.500
32.500 27.750
32.750 27.750
32.750 27.500
Building 4 5 0.062
32.500 27.750
32.500 28.000
32.750 28.000
32.750 27.750
Building 4 5 0.062
32.500 28.000
32.500 28.250
32.750 28.250
32.750 28.000
Building 4 5 0.062
32.500 28.250
32.500 28.500
32.750 28.500
32.750 28.250
Building 4 5 0.062
32.500 28.500
32.500 28.750
32.750 28.750
32.750 28.500
Building 4 5 0.062
32.500 28.750
32.500 29.000
32.750 29.000
32.750 28.750
Building 4 5 0.062
32.500 29.000
32.500 29.250
32.750 29.250
32.750 29.000
Building 4 5 0.062
32.500 29.250
32.500 29.500
32.750 29.500
32.750 29.250
Building 4 5 0.062
32.500 29.500
32.500 29.750
32.750 29.750
32.750 29.500
Building 4 5 0.062
32.500 29.750
32.500 30.000
32.750 30.000
32.750 29.750
Building 4 5 0.062
32.500 30.000
32.500 30.250
32.750 30.250
32.750 30.000
Building 4 5 0.062
32.500 30.250
32.500 30.500
32.750 30.500
32.750 30.250
Building 4 5 0.062
32.500 30.500
32.500 30.750
32.750 30.750
32.750 30.500
Building 4 5 0.062
32.500 30.750
32.500 31.000
32.750 31.000
32.750 30.750
Building 4 5 0.062
32.500 31.000
32.500 31.250
32.750 31.250
32.750 31.000
Building 4 5 0.062
32.500 31.250
32.500 31.500
32.750 31.500
32.750 31.250
Building 4 5 0.062
32.500 31.500
32.500 31.750
32.750 31.750
32.750 31.500
Building 4 5 0.062
32.500 31.750
32.500 32.000
32.750 32.000
32.750 31.750
Building 4 5 0.062
32.500 32.000
32.500 32.250
32.750 32.250
32.750 32.000
Building 4 5 0.062
32.500 32.250
32.500 32.500
32.750 32.500
32.750 32.250
Building 4 5 0.062
32.500 32.500
32.500 32.750
32.750 32.750
32.750 32.500
Building 4 5 0.062
32.500 32.750
32.500 33.000
32.750 33.000
32.750 32.750
Building 4 5 0.062
32.500 33.000
32.500 33.250
32.750 33.250
32.750 33.000
Building 4 5 0.062
32.500 33.250
32.500 33.500
32.750 33.500
32.750 33.250
Building 4 5 0.062
32.500 33.500
32.500 33.750
32.750 33.750
32.750 33.500
Building 4 5 0.062
32.500 33.750
32.500 34.000
32.750 34.000
32.750 33.750
Building 4 5 0.062
32.500 34.000
32.500 34.250
32.750 34.250
32.750 34.000
Building 4 5 0.062
32.500 34.250
32.500 34.500
32.750 34.500
32.750 34.250
Building 4 5 0.062
32.500 34.500
32.500 34.750
32.750 34.750
32.750 34.500
Building 4 5 0.062
32.500 34.750
32.500 35.000
32.750 35.000
32.750 34.750
Building 4 5 0.062
32.500 35.000
32.500 35.250
32.750 35.250
32.750 35.000
Building 4 5 0.062
32.500 35.250
32.500 35.500
32.750 35.500
32.750 35.250
Building 4 5 0.062
32.500 35.500
32.500 35.750
32.750 35.750
32.750 35.500
Building 4 5 0.062
32.500 35.750
32.500 36.000
32.750 36.000
32.750 35.750
Building 4 5 0.062
32.500 36.000
32.500 36.250
32.750 36.250
32.750 36.000
Building 4 5 0.062
32.500 36.250
32.500 36.500
32.750 36.500
32.750 36.250
Building 4 5 0.062
32.500 36.500
32.500 36.750
32.750 36.750
32.750 36.500
Building 4 5 0.062
32.500 36.750
32.500 37.000
32.750 37.000
32.750 36.750
Building 4 5 0.062
32.500 37.000
32.500 37.250
32.750 37.250
32.750 37.000
Building 4 5 0.062
32.500 37.250
32.500 37.500
32.750 37.500
32.750 37.250
Building 4 5 0.062
32.500 37.500
32.500 37.750
32.750 37.750
32.750 37.500
Building 4 5 0.062
32.500 37.750
32.500 38.000
32.750 38.000
32.750 37.750
Building 4 5 0.062
32.500 38.000
32.500 38.250
32.750 38.250
32.750 38.000
Building 4 5 0.062
32.500 38.250
32.500 38.500
32.750 38.500
32.750 38.250
Building 4 5 0.062
32.500 38.500
32.500 38.750
32.750 38.750
32.750 38.500
Building 4 5 0.062
32.500 38.750
32.500 39.000
32.750 39.000
32.750 38.750
Building 4 5 0.062
32.500 39.000
32.500 39.250
32.750 39.250
32.750 39.000
Building 4 5 0.062
32.500 39.250
32.500 39.500
32.750 39.500
32.750 39.250
Building 4 5 0.062
32.500 39.500
32.500 39.750
32.750 39.750
32.750 39.500
Building 4 5 0.062
32.500 39.750
32.500 40.000
32.750 40.000
32.750 39.750
Building 4 5 0.062
32.500 40.000
32.500 40.250
32.750 40.250
32.750 40.000
Building 4 5 0.062
32.500 40.250
32.500 40.500
32.750 40.500
32.750 40.250
Building 4 5 0.062
32.500 40.500
32.500 40.750
32.750 40.750
32.750 40.500
Building 4 5 0.062
32.500 40.750
32.500 41.000
32.750 41.000
32.750 40.750
Building 4 5 0.062
32.500 41.000
32.500 41.250
32.750 41.250
32.750 41.000
Building 4 5 0.062
32.500 41.250
32.500 41.500
32.750 41.500
32.750 41.250
Building 4 5 0.062
32.500 41.500
32.500 41.750
32.750 41.750
32.750 41.500
Building 4 5 0.062
32.500 41.750
32.500 42.000
32.750 42.000
32.750 41.750
Building 4 5 0.062
32.500 42.000
32.500 42.250
32.750 42.250
32.750 42.000
Building 4 5 0.062
32.500 42.250
32.500 42.500
32.750 42.500
32.750 42.250
Building 4 5 0.062
32.500 42.500
32.500 42.750
32.750 42.750
32.750 42.500
Building 4 5 0.062
32.500 42.750
32.500 43.000
32.750 43.000
32.750 42.750
Building 4 5 0.062
32.500 43.000
32.500 43.250
32.750 43.250
32.750 43.000
Building 4 5 0.062
32.500 43.250
32.500 43.500
32.750 43.500
32.750 43.250
Building 4 5 0.062
32.500 43.500
32.500 43.750
32.750 43.750
32.750 43.500
Building 4 5 0.062
32.500 43.750
32.500 44.000
32.750 44.000
32.750 43.750
Building 4 5 0.062
32.500 44.000
32.500 44.250
32.750 44.250
32.750 44.000
Building 4 5 0.062
32.500 44.250
32.500 44.500
32.750 44.500
32.750 44.250
Building 4 5 0.062
32.500 44.500
32.500 44.750
32.750 44.750
32.750 44.500
Building 4 5 0.062
32.500 44.750
32.500 45.000
32.750 45.000
32.750 44.750
Building 4 5 0.062
32.500 45.000
32.500 45.250
32.750 45.250
32.750 45.000
Building 4 5 0.062
32.500 45.250
32.500 45.500
32.750 45.500
32.750 45.250
Building 4 5 0.062
32.500 45.500
32.500 45.750
32.750 45.750
32.750 45.500
Building 4 5 0.062
32.500 45.750
32.500 46.000
32.750 46.000
32.750 45.750
Building 4 5 0.062
32.500 46.000
32.500 46.250
32.750 46.250
32.750 46.000
Building 4 5 0.062
32.500 46.250
32.500 46.500
32.750 46.500
32.750 46.250
Building 4 5 0.062
32.500 46.500
32.500 46.750
32.750 46.750
32.750 46.500
Building 4 5 0.062
32.500 46.750
32.500 47.000
32.750 47.000
32.750 46.750
Building 4 5 0.062
32.500 47.000
32.500 47.250
32.750 47.250
32.750 47.000
Building 4 5 0.062
32.500 47.250
32.500 47.500
32.750 47.500
32.750 47.250
Building 4 5 0.062
32.500 47.500
32.500 47.750
32.750 47.750
32.750 47.500
Building 4 5 0.062
32.500 47.750
32.500 48.000
32.750 48.000
32.750 47.750
Building 4 5 0.062
32.500 48.000
32.500 48.250
32.750 48.250
32.750 48.000
Building 4 5 0.062
32.500 48.250
32.500 48.500
32.750 48.500
32.750 48.250
Building 4 5 0.062
32.500 48.500
32.500 48.750
32.750 48.750
32.750 48.500
Building 4 5 0.062
32.500 48.750
32.500 49.000
32.750 49.000
32.750 48.750
Building 4 5 0.062
32.500 49.000
32.500 49.250
32.750 49.250
32.750 49.000
Building 4 5 0.062
32.500 49.250
32.500 49.500
32.750 49.500
32.750 49.250
Building 4 5 0.062
32.500 49.500
32.500 49.750
32.750 49.750
32.750 49.500
Building 4 5 0.062
32.500 49.750
32.500 50.000
32.750 50.000
32.750 49.750
Building 4 5 0.062
32.500 50.000
32.500 50.250
32.750 50.250
32.750 50.000
Building 4 5 0.062
32.500 50.250
32.500 50.500
32.750 50.500
32.750 50.250
Building 4 5 0.062
32.500 50.500
32.500 50.750
32.750 50.750
32.750 50.500
Building 4 5 0.062
32.500 50.750
32.500 51.000
32.750 51.000
32.750 50.750
Building 4 5 0.062
32.500 51.000
32.500 51.250
32.750 51.250
32.750 51.000
Building 4 5 0.062
32.500 51.250
32.500 51.500
32.750 51.500
32.750 51.250
Building 4 5 0.062
32.500 51.500
32.500 51.750
32.750 51.750
32.750 51.500
Building 4 5 0.062
32.500 51.750
32.500 52.000
32.750 52.000
32.750 51.750
Building 4 5 0.062
32.500 52.000
32.500 52.250
32.750 52.250
32.750 52.000
Building 4 5 0.062
32.500 52.250
32.500 52.500
32.750 52.500
32.750 52.250
Building 4 5 0.062
32.500 52.500
32.500 52.750
32.750 52.750
32.750 52.500
Building 4 5 0.062
32.500 52.750
32.500 53.000
32.750 53.000
32.750 52.750
Building 4 5 0.062
32.500 53.000
32.500 53.250
32.750 53.250
32.750 53.000
Building 4 5 0.062
32.500 53.250
32.500 53.500
32.750 53.500
32.750 53.250
Building 4 5 0.062
32.500 53.500
32.500 53.750
32.750 53.750
32.750 53.500
Building 4 5 0.062
32.500 53.750
32.500 54.000
32.750 54.000
32.750 53.750
Building 4 5 0.062
32.500 54.000
32.500 54.250
32.750 54.250
32.750 54.000
Building 4 5 0.062
32.500 54.250
32.500 54.500
32.750 54.500
32.750 54.250
Building 4 5 0.062
32.500 54.500
32.500 54.750
32.750 54.750
32.750 54.500
Building 4 5 0.062
32.500 54.750
32.500 55.000
32.750 55.000
32.750 54.750
Building 4 5 0.062
32.500 55.000
32.500 55.250
32.750 55.250
32.750 55.000
Building 4 5 0.062
32.500 55.250
32.500 55.500
32.750 55.500
32.750 55.250
Building 4 5 0.062
32.500 55.500
32.500 55.750
32.750 55.750
32.750 55.500
Building 4 5 0.062
32.500 55.750
32.500 56.000
32.750 56.000
32.750 55.750
Building 4 5 0.062
32.500 56.000
32.500 56.250
32.750 56.250
32.750 56.000
Building 4 5 0.062
32.500 56.250
32.500 56.500
32.750 56.500
32.750 56.250
Building 4 5 0.062
32.500 56.500
32.500 56.750
32.750 56.750
32.750 56.500
Building 4 5 0.062
32.500 56.750
32.500 57.000
32.750 57.000
32.750 56.750
Building 4 5 0.062
32.500 57.000
32.500 57.250
32.750 57.250
32.750 57.000
Building 4 5 0.062
32.500 57.250
32.500 57.500
32.750 57.500
32.750 57.250
Building 4 5 0.062
32.500 57.500
32.500 57.750
32.750 57.750
32.750 57.500
Building 4 5 0.062
32.500 57.750
32.500 58.000
32.750 58.000
32.750 57.750
Building 4 5 0.062
32.500 58.000
32.500 58.250
32.750 58.250
32.750 58.000
Building 4 5 0.062
32.500 58.250
32.500 58.500
32.750 58.500
32.750 58.250
Building 4 5 0.062
32.500 58.500
32.500 58.750
32.750 58.750
32.750 58.500
Building 4 5 0.062
32.750 59.000
32.750 58.750
32.500 58.750
32.500 59.000
Building 4 5 0.062
32.500 61.000
32.500 61.250
32.750 61.250
32.750 61.000
Building 4 5 0.062
32.500 61.250
32.500 61.500
32.750 61.500
32.750 61.250
Building 4 5 0.062
32.500 61.500
32.500 61.750
32.750 61.750
32.750 61.500
Building 4 5 0.062
32.500 61.750
32.500 62.000
32.750 62.000
32.750 61.750
Building 4 5 0.062
32.500 62.000
32.500 62.250
32.750 62.250
32.750 62.000
Building 4 5 0.062
32.500 62.250
32.500 62.500
32.750 62.500
32.750 62.250
Building 4 5 0.062
32.500 62.500
32.500 62.750
32.750 62.750
32.750 62.500
Building 4 5 0.062
32.750 63.000
32.750 62.750
32.500 62.750
32.500 63.000
Building 4 5 0.062
32.750 26.000
32.750 26.250
33.000 26.250
33.000 26.000
Building 4 5 0.062
32.750 26.250
32.750 26.500
33.000 26.500
33.000 26.250
Building 4 5 0.062
32.750 26.500
32.750 26.750
33.000 26.750
33.000 26.500
Building 4 5 0.062
32.750 26.750
32.750 27.000
33.000 27.000
33.000 26.750
Building 4 5 0.062
32.750 27.000
32.750 27.250
33.000 27.250
33.000 27.000
Building 4 5 0.062
32.750 27.250
32.750 27.500
33.000 27.500
33.000 27.250
Building 4 5 0.062
32.750 27.500
32.750 27.750
33.000 27.750
33.000 27.500
Building 4 5 0.062
32.750 27.750
32.750 28.000
33.000 28.000
33.000 27.750
Building 4 5 0.062
32.750 28.000
32.750 28.250
33.000 28.250
33.000 28.000
Building 4 5 0.062
32.750 28.250
32.750 28.500
33.000 28.500
33.000 28.250
Building 4 5 0.062
32.750 28.500
32.750 28.750
33.000 28.750
33.000 28.500
Building 4 5 0.062
32.750 28.750
32.750 29.000
33.000 29.000
33.000 28.750
Building 4 5 0.062
32.750 29.000
32.750 29.250
33.000 29.250
33.000 29.000
Building 4 5 0.062
32.750 29.250
32.750 29.500
33.000 29.500
33.000 29.250
Building 4 5 0.062
32.750 29.500
32.750 29.750
33.000 29.750
33.000 29.500
Building 4 5 0.062
32.750 29.750
32.750 30.000
33.000 30.000
33.000 29.750
Building 4 5 0.062
32.750 30.000
32.750 30.250
33.000 30.250
33.000 30.000
Building 4 5 0.062
32.750 30.250
32.750 30.500
33.000 30.500
33.000 30.250
Building 4 5 0.062
32.750 30.500
32.750 30.750
33.000 30.750
33.000 30.500
Building 4 5 0.062
32.750 30.750
32.750 31.000
33.000 31.000
33.000 30.750
Building 4 5 0.062
32.750 31.000
32.750 31.250
33.000 31.250
33.000 31.000
Building 4 5 0.062
32.750 31.250
32.750 31.500
33.000 31.500
33.000 31.250
Building 4 5 0.062
32.750 31.500
32.750 31.750
33.000 31.750
33.000 31.500
Building 4 5 0.062
32.750 31.750
32.750 32.000
33.000 32.000
33.000 31.750
Building 4 5 0.062
32.750 32.000
32.750 32.250
33.000 32.250
33.000 32.000
Building 4 5 0.062
32.750 32.250
32.750 32.500
33.000 32.500
33.000 32.250
Building 4 5 0.062
32.750 32.500
32.750 32.750
33.000 32.750
33.000 32.500
Building 4 5 0.062
32.750 32.750
32.750 33.000
33.000 33.000
33.000 32.750
Building 4 5 0.062
32.750 33.000
32.750 33.250
33.000 33.250
33.000 33.000
Building 4 5 0.062
32.750 33.250
32.750 33.500
33.000 33.500
33.000 33.250
Building 4 5 0.062
32.750 33.500
32.750 33.750
33.000 33.750
33.000 33.500
Building 4 5 0.062
32.750 33.750
32.750 34.000
33.000 34.000
33.000 33.750
Building 4 5 0.062
32.750 34.000
32.750 34.250
33.000 34.250
33.000 34.000
Building 4 5 0.062
32.750 34.250
32.750 34.500
33.000 34.500
33.000 34.250
Building 4 5 0.062
32.750 34.500
32.750 34.750
33.000 34.750
33.000 34.500
Building 4 5 0.062
32.750 34.750
32.750 35.000
33.000 35.000
33.000 34.750
Building 4 5 0.062
32.750 35.000
32.750 35.250
33.000 35.250
33.000 35.000
Building 4 5 0.062
32.750 35.250
32.750 35.500
33.000 35.500
33.000 35.250
Building 4 5 0.062
32.750 35.500
32.750 35.750
33.000 35.750
33.000 35.500
Building 4 5 0.062
32.750 35.750
32.750 36.000
33.000 36.000
33.000 35.750
Building 4 5 0.062
32.750 36.000
32.750 36.250
33.000 36.250
33.000 36.000
Building 4 5 0.062
32.750 36.250
32.750 36.500
33.000 36.500
33.000 36.250
Building 4 5 0.062
32.750 36.500
32.750 36.750
33.000 36.750
33.000 36.500
Building 4 5 0.062
32.750 36.750
32.750 37.000
33.000 37.000
33.000 36.750
Building 4 5 0.062
32.750 37.000
32.750 37.250
33.000 37.250
33.000 37.000
Building 4 5 0.062
32.750 37.250
32.750 37.500
33.000 37.500
33.000 37.250
Building 4 5 0.062
32.750 37.500
32.750 37.750
33.000 37.750
33.000 37.500
Building 4 5 0.062
32.750 37.750
32.750 38.000
33.000 38.000
33.000 37.750
Building 4 5 0.062
32.750 38.000
32.750 38.250
33.000 38.250
33.000 38.000
Building 4 5 0.062
32.750 38.250
32.750 38.500
33.000 38.500
33.000 38.250
Building 4 5 0.062
32.750 38.500
32.750 38.750
33.000 38.750
33.000 38.500
Building 4 5 0.062
32.750 38.750
32.750 39.000
33.000 39.000
33.000 38.750
Building 4 5 0.062
32.750 39.000
32.750 39.250
33.000 39.250
33.000 39.000
Building 4 5 0.062
32.750 39.250
32.750 39.500
33.000 39.500
33.000 39.250
Building 4 5 0.062
32.750 39.500
32.750 39.750
33.000 39.750
33.000 39.500
Building 4 5 0.062
32.750 39.750
32.750 40.000
33.000 40.000
33.000 39.750
Building 4 5 0.062
32.750 40.000
32.750 40.250
33.000 40.250
33.000 40.000
Building 4 5 0.062
32.750 40.250
32.750 40.500
33.000 40.500
33.000 40.250
Building 4 5 0.062
32.750 40.500
32.750 40.750
33.000 40.750
33.000 40.500
Building 4 5 0.062
32.750 40.750
32.750 41.000
33.000 41.000
33.000 40.750
Building 4 5 0.062
32.750 41.000
32.750 41.250
33.000 41.250
33.000 41.000
Building 4 5 0.062
32.750 41.250
32.750 41.500
33.000 41.500
33.000 41.250
Building 4 5 0.062
32.750 41.500
32.750 41.750
33.000 41.750
33.000 41.500
Building 4 5 0.062
32.750 41.750
32.750 42.000
33.000 42.000
33.000 41.750
Building 4 5 0.062
32.750 42.000
32.750 42.250
33.000 42.250
33.000 42.000
Building 4 5 0.062
32.750 42.250
32.750 42.500
33.000 42.500
33.000 42.250
Building 4 5 0.062
32.750 42.500
32.750 42.750
33.000 42.750
33.000 42.500
Building 4 5 0.062
32.750 42.750
32.750 43.000
33.000 43.000
33.000 42.750
Building 4 5 0.062
32.750 43.000
32.750 43.250
33.000 43.250
33.000 43.000
Building 4 5 0.062
32.750 43.250
32.750 43.500
33.000 43.500
33.000 43.250
Building 4 5 0.062
32.750 43.500
32.750 43.750
33.000 43.750
33.000 43.500
Building 4 5 0.062
32.750 43.750
32.750 44.000
33.000 44.000
33.000 43.750
Building 4 5 0.062
32.750 44.000
32.750 44.250
33.000 44.250
33.000 44.000
Building 4 5 0.062
32.750 44.250
32.750 44.500
33.000 44.500
33.000 44.250
Building 4 5 0.062
32.750 44.500
32.750 44.750
33.000 44.750
33.000 44.500
Building 4 5 0.062
32.750 44.750
32.750 45.000
33.000 45.000
33.000 44.750
Building 4 5 0.062
32.750 45.000
32.750 45.250
33.000 45.250
33.000 45.000
Building 4 5 0.062
32.750 45.250
32.750 45.500
33.000 45.500
33.000 45.250
Building 4 5 0.062
32.750 45.500
32.750 45.750
33.000 45.750
33.000 45.500
Building 4 5 0.062
32.750 45.750
32.750 46.000
33.000 46.000
33.000 45.750
Building 4 5 0.062
32.750 46.000
32.750 46.250
33.000 46.250
33.000 46.000
Building 4 5 0.062
32.750 46.250
32.750 46.500
33.000 46.500
33.000 46.250
Building 4 5 0.062
32.750 46.500
32.750 46.750
33.000 46.750
33.000 46.500
Building 4 5 0.062
32.750 46.750
32.750 47.000
33.000 47.000
33.000 46.750
Building 4 5 0.062
32.750 47.000
32.750 47.250
33.000 47.250
33.000 47.000
Building 4 5 0.062
32.750 47.250
32.750 47.500
33.000 47.500
33.000 47.250
Building 4 5 0.062
32.750 47.500
32.750 47.750
33.000 47.750
33.000 47.500
Building 4 5 0.062
32.750 47.750
32.750 48.000
33.000 48.000
33.000 47.750
Building 4 5 0.062
32.750 48.000
32.750 48.250
33.000 48.250
33.000 48.000
Building 4 5 0.062
32.750 48.250
32.750 48.500
33.000 48.500
33.000 48.250
Building 4 5 0.062
32.750 48.500
32.750 48.750
33.000 48.750
33.000 48.500
Building 4 5 0.062
32.750 48.750
32.750 49.000
33.000 49.000
33.000 48.750
Building 4 5 0.062
32.750 49.000
32.750 49.250
33.000 49.250
33.000 49.000
Building 4 5 0.062
32.750 49.250
32.750 49.500
33.000 49.500
33.000 49.250
Building 4 5 0.062
32.750 49.500
32.750 49.750
33.000 49.750
33.000 49.500
Building 4 5 0.062
32.750 49.750
32.750 50.000
33.000 50.000
33.000 49.750
Building 4 5 0.062
32.750 50.000
32.750 50.250
33.000 50.250
33.000 50.000
Building 4 5 0.062
32.750 50.250
32.750 50.500
33.000 50.500
33.000 50.250
Building 4 5 0.062
32.750 50.500
32.750 50.750
33.000 50.750
33.000 50.500
Building 4 5 0.062
32.750 50.750
32.750 51.000
33.000 51.000
33.000 50.750
Building 4 5 0.062
32.750 51.000
32.750 51.250
33.000 51.250
33.000 51.000
Building 4 5 0.062
32.750 51.250
32.750 51.500
33.000 51.500
33.000 51.250
Building 4 5 0.062
32.750 51.500
32.750 51.750
33.000 51.750
33.000 51.500
Building 4 5 0.062
32.750 51.750
32.750 52.000
33.000 52.000
33.000 51.750
Building 4 5 0.062
32.750 52.000
32.750 52.250
33.000 52.250
33.000 52.000
Building 4 5 0.062
32.750 52.250
32.750 52.500
33.000 52.500
33.000 52.250
Building 4 5 0.062
32.750 52.500
32.750 52.750
33.000 52.750
33.000 52.500
Building 4 5 0.062
32.750 52.750
32.750 53.000
33.000 53.000
33.000 52.750
Building 4 5 0.062
32.750 53.000
32.750 53.250
33.000 53.250
33.000 53.000
Building 4 5 0.062
32.750 53.250
32.750 53.500
33.000 53.500
33.000 53.250
Building 4 5 0.062
32.750 53.500
32.750 53.750
33.000 53.750
33.000 53.500
Building 4 5 0.062
32.750 53.750
32.750 54.000
33.000 54.000
33.000 53.750
Building 4 5 0.062
32.750 54.000
32.750 54.250
33.000 54.250
33.000 54.000
Building 4 5 0.062
32.750 54.250
32.750 54.500
33.000 54.500
33.000 54.250
Building 4 5 0.062
32.750 54.500
32.750 54.750
33.000 54.750
33.000 54.500
Building 4 5 0.062
32.750 54.750
32.750 55.000
33.000 55.000
33.000 54.750
Building 4 5 0.062
32.750 55.000
32.750 55.250
33.000 55.250
33.000 55.000
Building 4 5 0.062
32.750 55.250
32.750 55.500
33.000 55.500
33.000 55.250
Building 4 5 0.062
32.750 55.500
32.750 55.750
33.000 55.750
33.000 55.500
Building 4 5 0.062
32.750 55.750
32.750 56.000
33.000 56.000
33.000 55.750
Building 4 5 0.062
32.750 56.000
32.750 56.250
33.000 56.250
33.000 56.000
Building 4 5 0.062
32.750 56.250
32.750 56.500
33.000 56.500
33.000 56.250
Building 4 5 0.062
32.750 56.500
32.750 56.750
33.000 56.750
33.000 56.500
Building 4 5 0.062
32.750 56.750
32.750 57.000
33.000 57.000
33.000 56.750
Building 4 5 0.062
32.750 57.000
32.750 57.250
33.000 57.250
33.000 57.000
Building 4 5 0.062
32.750 57.250
32.750 57.500
33.000 57.500
33.000 57.250
Building 4 5 0.062
32.750 57.500
32.750 57.750
33.000 57.750
33.000 57.500
Building 4 5 0.062
32.750 57.750
32.750 58.000
33.000 58.000
33.000 57.750
Building 4 5 0.062
32.750 58.000
32.750 58.250
33.000 58.250
33.000 58.000
Building 4 5 0.062
32.750 58.250
32.750 58.500
33.000 58.500
33.000 58.250
Building 4 5 0.062
32.750 58.500
32.750 58.750
33.000 58.750
33.000 58.500
Building 4 5 0.062
33.000 59.000
33.000 58.750
32.750 58.750
32.750 59.000
Building 4 5 0.062
32.750 61.000
32.750 61.250
33.000 61.250
33.000 61.000
Building 4 5 0.062
32.750 61.250
32.750 61.500
33.000 61.500
33.000 61.250
Building 4 5 0.062
32.750 61.500
32.750 61.750
33.000 61.750
33.000 61.500
Building 4 5 0.062
32.750 61.750
32.750 62.000
33.000 62.000
33.000 61.750
Building 4 5 0.062
32.750 62.000
32.750 62.250
33.000 62.250
33.000 62.000
Building 4 5 0.062
32.750 62.250
32.750 62.500
33.000 62.500
33.000 62.250
Building 4 5 0.062
32.750 62.500
32.750 62.750
33.000 62.750
33.000 62.500
Building 4 5 0.062
33.000 63.000
33.000 62.750
32.750 62.750
32.750 63.000
Building 4 5 0.062
33.000 26.000
33.000 26.250
33.250 26.250
33.250 26.000
Building 4 5 0.062
33.000 26.250
33.000 26.500
33.250 26.500
33.250 26.250
Building 4 5 0.062
33.000 26.500
33.000 26.750
33.250 26.750
33.250 26.500
Building 4 5 0.062
33.000 26.750
33.000 27.000
33.250 27.000
33.250 26.750
Building 4 5 0.062
33.000 27.000
33.000 27.250
33.250 27.250
33.250 27.000
Building 4 5 0.062
33.000 27.250
33.000 27.500
33.250 27.500
33.250 27.250
Building 4 5 0.062
33.000 27.500
33.000 27.750
33.250 27.750
33.250 27.500
Building 4 5 0.062
33.000 27.750
33.000 28.000
33.250 28.000
33.250 27.750
Building 4 5 0.062
33.000 28.000
33.000 28.250
33.250 28.250
33.250 28.000
Building 4 5 0.062
33.000 28.250
33.000 28.500
33.250 28.500
33.250 28.250
Building 4 5 0.062
33.000 28.500
33.000 28.750
33.250 28.750
33.250 28.500
Building 4 5 0.062
33.000 28.750
33.000 29.000
33.250 29.000
33.250 28.750
Building 4 5 0.062
33.000 29.000
33.000 29.250
33.250 29.250
33.250 29.000
Building 4 5 0.062
33.000 29.250
33.000 29.500
33.250 29.500
33.250 29.250
Building 4 5 0.062
33.000 29.500
33.000 29.750
33.250 29.750
33.250 29.500
Building 4 5 0.062
33.000 29.750
33.000 30.000
33.250 30.000
33.250 29.750
Building 4 5 0.062
33.000 30.000
33.000 30.250
33.250 30.250
33.250 30.000
Building 4 5 0.062
33.000 30.250
33.000 30.500
33.250 30.500
33.250 30.250
Building 4 5 0.062
33.000 30.500
33.000 30.750
33.250 30.750
33.250 30.500
Building 4 5 0.062
33.000 30.750
33.000 31.000
33.250 31.000
33.250 30.750
Building 4 5 0.062
33.000 31.000
33.000 31.250
33.250 31.250
33.250 31.000
Building 4 5 0.062
33.000 31.250
33.000 31.500
33.250 31.500
33.250 31.250
Building 4 5 0.062
33.000 31.500
33.000 31.750
33.250 31.750
33.250 31.500
Building 4 5 0.062
33.000 31.750
33.000 32.000
33.250 32.000
33.250 31.750
Building 4 5 0.062
33.000 32.000
33.000 32.250
33.250 32.250
33.250 32.000
Building 4 5 0.062
33.000 32.250
33.000 32.500
33.250 32.500
33.250 32.250
Building 4 5 0.062
33.000 32.500
33.000 32.750
33.250 32.750
33.250 32.500
Building 4 5 0.062
33.000 32.750
33.000 33.000
33.250 33.000
33.250 32.750
Building 4 5 0.062
33.000 33.000
33.000 33.250
33.250 33.250
33.250 33.000
Building 4 5 0.062
33.000 33.250
33.000 33.500
33.250 33.500
33.250 33.250
Building 4 5 0.062
33.000 33.500
33.000 33.750
33.250 33.750
33.250 33.500
Building 4 5 0.062
33.000 33.750
33.000 34.000
33.250 34.000
33.250 33.750
Building 4 5 0.062
33.000 34.000
33.000 34.250
33.250 34.250
33.250 34.000
Building 4 5 0.062
33.000 34.250
33.000 34.500
33.250 34.500
33.250 34.250
Building 4 5 0.062
33.000 34.500
33.000 34.750
33.250 34.750
33.250 34.500
Building 4 5 0.062
33.000 34.750
33.000 35.000
33.250 35.000
33.250 34.750
Building 4 5 0.062
33.000 35.000
33.000 35.250
33.250 35.250
33.250 35.000
Building 4 5 0.062
33.000 35.250
33.000 35.500
33.250 35.500
33.250 35.250
Building 4 5 0.062
33.000 35.500
33.000 35.750
33.250 35.750
33.250 35.500
Building 4 5 0.062
33.000 35.750
33.000 36.000
33.250 36.000
33.250 35.750
Building 4 5 0.062
33.000 36.000
33.000 36.250
33.250 36.250
33.250 36.000
Building 4 5 0.062
33.000 36.250
33.000 36.500
33.250 36.500
33.250 36.250
Building 4 5 0.062
33.000 36.500
33.000 36.750
33.250 36.750
33.250 36.500
Building 4 5 0.062
33.000 36.750
33.000 37.000
33.250 37.000
33.250 36.750
Building 4 5 0.062
33.000 37.000
33.000 37.250
33.250 37.250
33.250 37.000
Building 4 5 0.062
33.000 37.250
33.000 37.500
33.250 37.500
33.250 37.250
Building 4 5 0.062
33.000 37.500
33.000 37.750
33.250 37.750
33.250 37.500
Building 4 5 0.062
33.000 37.750
33.000 38.000
33.250 38.000
33.250 37.750
Building 4 5 0.062
33.000 38.000
33.000 38.250
33.250 38.250
33.250 38.000
Building 4 5 0.062
33.000 38.250
33.000 38.500
33.250 38.500
33.250 38.250
Building 4 5 0.062
33.000 38.500
33.000 38.750
33.250 38.750
33.250 38.500
Building 4 5 0.062
33.000 38.750
33.000 39.000
33.250 39.000
33.250 38.750
Building 4 5 0.062
33.000 39.000
33.000 39.250
33.250 39.250
33.250 39.000
Building 4 5 0.062
33.000 39.250
33.000 39.500
33.250 39.500
33.250 39.250
Building 4 5 0.062
33.000 39.500
33.000 39.750
33.250 39.750
33.250 39.500
Building 4 5 0.062
33.000 39.750
33.000 40.000
33.250 40.000
33.250 39.750
Building 4 5 0.062
33.000 40.000
33.000 40.250
33.250 40.250
33.250 40.000
Building 4 5 0.062
33.000 40.250
33.000 40.500
33.250 40.500
33.250 40.250
Building 4 5 0.062
33.000 40.500
33.000 40.750
33.250 40.750
33.250 40.500
Building 4 5 0.062
33.000 40.750
33.000 41.000
33.250 41.000
33.250 40.750
Building 4 5 0.062
33.000 41.000
33.000 41.250
33.250 41.250
33.250 41.000
Building 4 5 0.062
33.000 41.250
33.000 41.500
33.250 41.500
33.250 41.250
Building 4 5 0.062
33.000 41.500
33.000 41.750
33.250 41.750
33.250 41.500
Building 4 5 0.062
33.000 41.750
33.000 42.000
33.250 42.000
33.250 41.750
Building 4 5 0.062
33.000 42.000
33.000 42.250
33.250 42.250
33.250 42.000
Building 4 5 0.062
33.000 42.250
33.000 42.500
33.250 42.500
33.250 42.250
Building 4 5 0.062
33.000 42.500
33.000 42.750
33.250 42.750
33.250 42.500
Building 4 5 0.062
33.000 42.750
33.000 43.000
33.250 43.000
33.250 42.750
Building 4 5 0.062
33.000 43.000
33.000 43.250
33.250 43.250
33.250 43.000
Building 4 5 0.062
33.000 43.250
33.000 43.500
33.250 43.500
33.250 43.250
Building 4 5 0.062
33.000 43.500
33.000 43.750
33.250 43.750
33.250 43.500
Building 4 5 0.062
33.000 43.750
33.000 44.000
33.250 44.000
33.250 43.750
Building 4 5 0.062
33.000 44.000
33.000 44.250
33.250 44.250
33.250 44.000
Building 4 5 0.062
33.000 44.250
33.000 44.500
33.250 44.500
33.250 44.250
Building 4 5 0.062
33.000 44.500
33.000 44.750
33.250 44.750
33.250 44.500
Building 4 5 0.062
33.000 44.750
33.000 45.000
33.250 45.000
33.250 44.750
Building 4 5 0.062
33.000 45.000
33.000 45.250
33.250 45.250
33.250 45.000
Building 4 5 0.062
33.000 45.250
33.000 45.500
33.250 45.500
33.250 45.250
Building 4 5 0.062
33.000 45.500
33.000 45.750
33.250 45.750
33.250 45.500
Building 4 5 0.062
33.000 45.750
33.000 46.000
33.250 46.000
33.250 45.750
Building 4 5 0.062
33.000 46.000
33.000 46.250
33.250 46.250
33.250 46.000
Building 4 5 0.062
33.000 46.250
33.000 46.500
33.250 46.500
33.250 46.250
Building 4 5 0.062
33.000 46.500
33.000 46.750
33.250 46.750
33.250 46.500
Building 4 5 0.062
33.000 46.750
33.000 47.000
33.250 47.000
33.250 46.750
Building 4 5 0.062
33.000 47.000
33.000 47.250
33.250 47.250
33.250 47.000
Building 4 5 0.062
33.000 47.250
33.000 47.500
33.250 47.500
33.250 47.250
Building 4 5 0.062
33.000 47.500
33.000 47.750
33.250 47.750
33.250 47.500
Building 4 5 0.062
33.000 47.750
33.000 48.000
33.250 48.000
33.250 47.750
Building 4 5 0.062
33.000 48.000
33.000 48.250
33.250 48.250
33.250 48.000
Building 4 5 0.062
33.000 48.250
33.000 48.500
33.250 48.500
33.250 48.250
Building 4 5 0.062
33.000 48.500
33.000 48.750
33.250 48.750
33.250 48.500
Building 4 5 0.062
33.000 48.750
33.000 49.000
33.250 49.000
33.250 48.750
Building 4 5 0.062
33.000 49.000
33.000 49.250
33.250 49.250
33.250 49.000
Building 4 5 0.062
33.000 49.250
33.000 49.500
33.250 49.500
33.250 49.250
Building 4 5 0.062
33.000 49.500
33.000 49.750
33.250 49.750
33.250 49.500
Building 4 5 0.062
33.000 49.750
33.000 50.000
33.250 50.000
33.250 49.750
Building 4 5 0.062
33.000 50.000
33.000 50.250
33.250 50.250
33.250 50.000
Building 4 5 0.062
33.000 50.250
33.000 50.500
33.250 50.500
33.250 50.250
Building 4 5 0.062
33.000 50.500
33.000 50.750
33.250 50.750
33.250 50.500
Building 4 5 0.062
33.000 50.750
33.000 51.000
33.250 51.000
33.250 50.750
Building 4 5 0.062
33.000 51.000
33.000 51.250
33.250 51.250
33.250 51.000
Building 4 5 0.062
33.000 51.250
33.000 51.500
33.250 51.500
33.250 51.250
Building 4 5 0.062
33.000 51.500
33.000 51.750
33.250 51.750
33.250 51.500
Building 4 5 0.062
33.000 51.750
33.000 52.000
33.250 52.000
33.250 51.750
Building 4 5 0.062
33.000 52.000
33.000 52.250
33.250 52.250
33.250 52.000
Building 4 5 0.062
33.000 52.250
33.000 52.500
33.250 52.500
33.250 52.250
Building 4 5 0.062
33.000 52.500
33.000 52.750
33.250 52.750
33.250 52.500
Building 4 5 0.062
33.000 52.750
33.000 53.000
33.250 53.000
33.250 52.750
Building 4 5 0.062
33.000 53.000
33.000 53.250
33.250 53.250
33.250 53.000
Building 4 5 0.062
33.000 53.250
33.000 53.500
33.250 53.500
33.250 53.250
Building 4 5 0.062
33.000 53.500
33.000 53.750
33.250 53.750
33.250 53.500
Building 4 5 0.062
33.000 53.750
33.000 54.000
33.250 54.000
33.250 53.750
Building 4 5 0.062
33.000 54.000
33.000 54.250
33.250 54.250
33.250 54.000
Building 4 5 0.062
33.000 54.250
33.000 54.500
33.250 54.500
33.250 54.250
Building 4 5 0.062
33.000 54.500
33.000 54.750
33.250 54.750
33.250 54.500
Building 4 5 0.062
33.000 54.750
33.000 55.000
33.250 55.000
33.250 54.750
Building 4 5 0.062
33.000 55.000
33.000 55.250
33.250 55.250
33.250 55.000
Building 4 5 0.062
33.000 55.250
33.000 55.500
33.250 55.500
33.250 55.250
Building 4 5 0.062
33.000 55.500
33.000 55.750
33.250 55.750
33.250 55.500
Building 4 5 0.062
33.000 55.750
33.000 56.000
33.250 56.000
33.250 55.750
Building 4 5 0.062
33.000 56.000
33.000 56.250
33.250 56.250
33.250 56.000
Building 4 5 0.062
33.000 56.250
33.000 56.500
33.250 56.500
33.250 56.250
Building 4 5 0.062
33.000 56.500
33.000 56.750
33.250 56.750
33.250 56.500
Building 4 5 0.062
33.000 56.750
33.000 57.000
33.250 57.000
33.250 56.750
Building 4 5 0.062
33.000 57.000
33.000 57.250
33.250 57.250
33.250 57.000
Building 4 5 0.062
33.000 57.250
33.000 57.500
33.250 57.500
33.250 57.250
Building 4 5 0.062
33.000 57.500
33.000 57.750
33.250 57.750
33.250 57.500
Building 4 5 0.062
33.000 57.750
33.000 58.000
33.250 58.000
33.250 57.750
Building 4 5 0.062
33.000 58.000
33.000 58.250
33.250 58.250
33.250 58.000
Building 4 5 0.062
33.000 58.250
33.000 58.500
33.250 58.500
33.250 58.250
Building 4 5 0.062
33.000 58.500
33.000 58.750
33.250 58.750
33.250 58.500
Building 4 5 0.062
33.250 59.000
33.250 58.750
33.000 58.750
33.000 59.000
Building 4 5 0.062
33.000 61.000
33.000 61.250
33.250 61.250
33.250 61.000
Building 4 5 0.062
33.000 61.250
33.000 61.500
33.250 61.500
33.250 61.250
Building 4 5 0.062
33.000 61.500
33.000 61.750
33.250 61.750
33.250 61.500
Building 4 5 0.062
33.000 61.750
33.000 62.000
33.250 62.000
33.250 61.750
Building 4 5 0.062
33.000 62.000
33.000 62.250
33.250 62.250
33.250 62.000
Building 4 5 0.062
33.000 62.250
33.000 62.500
33.250 62.500
33.250 62.250
Building 4 5 0.062
33.000 62.500
33.000 62.750
33.250 62.750
33.250 62.500
Building 4 5 0.062
33.250 63.000
33.250 62.750
33.000 62.750
33.000 63.000
Building 4 5 0.062
33.250 26.000
33.250 26.250
33.500 26.250
33.500 26.000
Building 4 5 0.062
33.250 26.250
33.250 26.500
33.500 26.500
33.500 26.250
Building 4 5 0.062
33.250 26.500
33.250 26.750
33.500 26.750
33.500 26.500
Building 4 5 0.062
33.250 26.750
33.250 27.000
33.500 27.000
33.500 26.750
Building 4 5 0.062
33.250 27.000
33.250 27.250
33.500 27.250
33.500 27.000
Building 4 5 0.062
33.250 27.250
33.250 27.500
33.500 27.500
33.500 27.250
Building 4 5 0.062
33.250 27.500
33.250 27.750
33.500 27.750
33.500 27.500
Building 4 5 0.062
33.250 27.750
33.250 28.000
33.500 28.000
33.500 27.750
Building 4 5 0.062
33.250 28.000
33.250 28.250
33.500 28.250
33.500 28.000
Building 4 5 0.062
33.250 28.250
33.250 28.500
33.500 28.500
33.500 28.250
Building 4 5 0.062
33.250 28.500
33.250 28.750
33.500 28.750
33.500 28.500
Building 4 5 0.062
33.250 28.750
33.250 29.000
33.500 29.000
33.500 28.750
Building 4 5 0.062
33.250 29.000
33.250 29.250
33.500 29.250
33.500 29.000
Building 4 5 0.062
33.250 29.250
33.250 29.500
33.500 29.500
33.500 29.250
Building 4 5 0.062
33.250 29.500
33.250 29.750
33.500 29.750
33.500 29.500
Building 4 5 0.062
33.250 29.750
33.250 30.000
33.500 30.000
33.500 29.750
Building 4 5 0.062
33.250 30.000
33.250 30.250
33.500 30.250
33.500 30.000
Building 4 5 0.062
33.250 30.250
33.250 30.500
33.500 30.500
33.500 30.250
Building 4 5 0.062
33.250 30.500
33.250 30.750
33.500 30.750
33.500 30.500
Building 4 5 0.062
33.250 30.750
33.250 31.000
33.500 31.000
33.500 30.750
Building 4 5 0.062
33.250 31.000
33.250 31.250
33.500 31.250
33.500 31.000
Building 4 5 0.062
33.250 31.250
33.250 31.500
33.500 31.500
33.500 31.250
Building 4 5 0.062
33.250 31.500
33.250 31.750
33.500 31.750
33.500 31.500
Building 4 5 0.062
33.250 31.750
33.250 32.000
33.500 32.000
33.500 31.750
Building 4 5 0.062
33.250 32.000
33.250 32.250
33.500 32.250
33.500 32.000
Building 4 5 0.062
33.250 32.250
33.250 32.500
33.500 32.500
33.500 32.250
Building 4 5 0.062
33.250 32.500
33.250 32.750
33.500 32.750
33.500 32.500
Building 4 5 0.062
33.250 32.750
33.250 33.000
33.500 33.000
33.500 32.750
Building 4 5 0.062
33.250 33.000
33.250 33.250
33.500 33.250
33.500 33.000
Building 4 5 0.062
33.250 33.250
33.250 33.500
33.500 33.500
33.500 33.250
Building 4 5 0.062
33.250 33.500
33.250 33.750
33.500 33.750
33.500 33.500
Building 4 5 0.062
33.250 33.750
33.250 34.000
33.500 34.000
33.500 33.750
Building 4 5 0.062
33.250 34.000
33.250 34.250
33.500 34.250
33.500 34.000
Building 4 5 0.062
33.250 34.250
33.250 34.500
33.500 34.500
33.500 34.250
Building 4 5 0.062
33.250 34.500
33.250 34.750
33.500 34.750
33.500 34.500
Building 4 5 0.062
33.250 34.750
33.250 35.000
33.500 35.000
33.500 34.750
Building 4 5 0.062
33.250 35.000
33.250 35.250
33.500 35.250
33.500 35.000
Building 4 5 0.062
33.250 35.250
33.250 35.500
33.500 35.500
33.500 35.250
Building 4 5 0.062
33.250 35.500
33.250 35.750
33.500 35.750
33.500 35.500
Building 4 5 0.062
33.250 35.750
33.250 36.000
33.500 36.000
33.500 35.750
Building 4 5 0.062
33.250 36.000
33.250 36.250
33.500 36.250
33.500 36.000
Building 4 5 0.062
33.250 36.250
33.250 36.500
33.500 36.500
33.500 36.250
Building 4 5 0.062
33.250 36.500
33.250 36.750
33.500 36.750
33.500 36.500
Building 4 5 0.062
33.250 36.750
33.250 37.000
33.500 37.000
33.500 36.750
Building 4 5 0.062
33.250 37.000
33.250 37.250
33.500 37.250
33.500 37.000
Building 4 5 0.062
33.250 37.250
33.250 37.500
33.500 37.500
33.500 37.250
Building 4 5 0.062
33.250 37.500
33.250 37.750
33.500 37.750
33.500 37.500
Building 4 5 0.062
33.250 37.750
33.250 38.000
33.500 38.000
33.500 37.750
Building 4 5 0.062
33.250 38.000
33.250 38.250
33.500 38.250
33.500 38.000
Building 4 5 0.062
33.250 38.250
33.250 38.500
33.500 38.500
33.500 38.250
Building 4 5 0.062
33.250 38.500
33.250 38.750
33.500 38.750
33.500 38.500
Building 4 5 0.062
33.250 38.750
33.250 39.000
33.500 39.000
33.500 38.750
Building 4 5 0.062
33.250 39.000
33.250 39.250
33.500 39.250
33.500 39.000
Building 4 5 0.062
33.250 39.250
33.250 39.500
33.500 39.500
33.500 39.250
Building 4 5 0.062
33.250 39.500
33.250 39.750
33.500 39.750
33.500 39.500
Building 4 5 0.062
33.250 39.750
33.250 40.000
33.500 40.000
33.500 39.750
Building 4 5 0.062
33.250 40.000
33.250 40.250
33.500 40.250
33.500 40.000
Building 4 5 0.062
33.250 40.250
33.250 40.500
33.500 40.500
33.500 40.250
Building 4 5 0.062
33.250 40.500
33.250 40.750
33.500 40.750
33.500 40.500
Building 4 5 0.062
33.250 40.750
33.250 41.000
33.500 41.000
33.500 40.750
Building 4 5 0.062
33.250 41.000
33.250 41.250
33.500 41.250
33.500 41.000
Building 4 5 0.062
33.250 41.250
33.250 41.500
33.500 41.500
33.500 41.250
Building 4 5 0.062
33.250 41.500
33.250 41.750
33.500 41.750
33.500 41.500
Building 4 5 0.062
33.250 41.750
33.250 42.000
33.500 42.000
33.500 41.750
Building 4 5 0.062
33.250 42.000
33.250 42.250
33.500 42.250
33.500 42.000
Building 4 5 0.062
33.250 42.250
33.250 42.500
33.500 42.500
33.500 42.250
Building 4 5 0.062
33.250 42.500
33.250 42.750
33.500 42.750
33.500 42.500
Building 4 5 0.062
33.250 42.750
33.250 43.000
33.500 43.000
33.500 42.750
Building 4 5 0.062
33.250 43.000
33.250 43.250
33.500 43.250
33.500 43.000
Building 4 5 0.062
33.250 43.250
33.250 43.500
33.500 43.500
33.500 43.250
Building 4 5 0.062
33.250 43.500
33.250 43.750
33.500 43.750
33.500 43.500
Building 4 5 0.062
33.250 43.750
33.250 44.000
33.500 44.000
33.500 43.750
Building 4 5 0.062
33.250 44.000
33.250 44.250
33.500 44.250
33.500 44.000
Building 4 5 0.062
33.250 44.250
33.250 44.500
33.500 44.500
33.500 44.250
Building 4 5 0.062
33.250 44.500
33.250 44.750
33.500 44.750
33.500 44.500
Building 4 5 0.062
33.250 44.750
33.250 45.000
33.500 45.000
33.500 44.750
Building 4 5 0.062
33.250 45.000
33.250 45.250
33.500 45.250
33.500 45.000
Building 4 5 0.062
33.250 45.250
33.250 45.500
33.500 45.500
33.500 45.250
Building 4 5 0.062
33.250 45.500
33.250 45.750
33.500 45.750
33.500 45.500
Building 4 5 0.062
33.250 45.750
33.250 46.000
33.500 46.000
33.500 45.750
Building 4 5 0.062
33.250 46.000
33.250 46.250
33.500 46.250
33.500 46.000
Building 4 5 0.062
33.250 46.250
33.250 46.500
33.500 46.500
33.500 46.250
Building 4 5 0.062
33.250 46.500
33.250 46.750
33.500 46.750
33.500 46.500
Building 4 5 0.062
33.250 46.750
33.250 47.000
33.500 47.000
33.500 46.750
Building 4 5 0.062
33.250 47.000
33.250 47.250
33.500 47.250
33.500 47.000
Building 4 5 0.062
33.250 47.250
33.250 47.500
33.500 47.500
33.500 47.250
Building 4 5 0.062
33.250 47.500
33.250 47.750
33.500 47.750
33.500 47.500
Building 4 5 0.062
33.250 47.750
33.250 48.000
33.500 48.000
33.500 47.750
Building 4 5 0.062
33.250 48.000
33.250 48.250
33.500 48.250
33.500 48.000
Building 4 5 0.062
33.250 48.250
33.250 48.500
33.500 48.500
33.500 48.250
Building 4 5 0.062
33.250 48.500
33.250 48.750
33.500 48.750
33.500 48.500
Building 4 5 0.062
33.250 48.750
33.250 49.000
33.500 49.000
33.500 48.750
Building 4 5 0.062
33.250 49.000
33.250 49.250
33.500 49.250
33.500 49.000
Building 4 5 0.062
33.250 49.250
33.250 49.500
33.500 49.500
33.500 49.250
Building 4 5 0.062
33.250 49.500
33.250 49.750
33.500 49.750
33.500 49.500
Building 4 5 0.062
33.250 49.750
33.250 50.000
33.500 50.000
33.500 49.750
Building 4 5 0.062
33.250 50.000
33.250 50.250
33.500 50.250
33.500 50.000
Building 4 5 0.062
33.250 50.250
33.250 50.500
33.500 50.500
33.500 50.250
Building 4 5 0.062
33.250 50.500
33.250 50.750
33.500 50.750
33.500 50.500
Building 4 5 0.062
33.250 50.750
33.250 51.000
33.500 51.000
33.500 50.750
Building 4 5 0.062
33.250 51.000
33.250 51.250
33.500 51.250
33.500 51.000
Building 4 5 0.062
33.250 51.250
33.250 51.500
33.500 51.500
33.500 51.250
Building 4 5 0.062
33.250 51.500
33.250 51.750
33.500 51.750
33.500 51.500
Building 4 5 0.062
33.250 51.750
33.250 52.000
33.500 52.000
33.500 51.750
Building 4 5 0.062
33.250 52.000
33.250 52.250
33.500 52.250
33.500 52.000
Building 4 5 0.062
33.250 52.250
33.250 52.500
33.500 52.500
33.500 52.250
Building 4 5 0.062
33.250 52.500
33.250 52.750
33.500 52.750
33.500 52.500
Building 4 5 0.062
33.250 52.750
33.250 53.000
33.500 53.000
33.500 52.750
Building 4 5 0.062
33.250 53.000
33.250 53.250
33.500 53.250
33.500 53.000
Building 4 5 0.062
33.250 53.250
33.250 53.500
33.500 53.500
33.500 53.250
Building 4 5 0.062
33.250 53.500
33.250 53.750
33.500 53.750
33.500 53.500
Building 4 5 0.062
33.250 53.750
33.250 54.000
33.500 54.000
33.500 53.750
Building 4 5 0.062
33.250 54.000
33.250 54.250
33.500 54.250
33.500 54.000
Building 4 5 0.062
33.250 54.250
33.250 54.500
33.500 54.500
33.500 54.250
Building 4 5 0.062
33.250 54.500
33.250 54.750
33.500 54.750
33.500 54.500
Building 4 5 0.062
33.250 54.750
33.250 55.000
33.500 55.000
33.500 54.750
Building 4 5 0.062
33.250 55.000
33.250 55.250
33.500 55.250
33.500 55.000
Building 4 5 0.062
33.250 55.250
33.250 55.500
33.500 55.500
33.500 55.250
Building 4 5 0.062
33.250 55.500
33.250 55.750
33.500 55.750
33.500 55.500
Building 4 5 0.062
33.250 55.750
33.250 56.000
33.500 56.000
33.500 55.750
Building 4 5 0.062
33.250 56.000
33.250 56.250
33.500 56.250
33.500 56.000
Building 4 5 0.062
33.250 56.250
33.250 56.500
33.500 56.500
33.500 56.250
Building 4 5 0.062
33.250 56.500
33.250 56.750
33.500 56.750
33.500 56.500
Building 4 5 0.062
33.250 56.750
33.250 57.000
33.500 57.000
33.500 56.750
Building 4 5 0.062
33.250 57.000
33.250 57.250
33.500 57.250
33.500 57.000
Building 4 5 0.062
33.250 57.250
33.250 57.500
33.500 57.500
33.500 57.250
Building 4 5 0.062
33.250 57.500
33.250 57.750
33.500 57.750
33.500 57.500
Building 4 5 0.062
33.250 57.750
33.250 58.000
33.500 58.000
33.500 57.750
Building 4 5 0.062
33.250 58.000
33.250 58.250
33.500 58.250
33.500 58.000
Building 4 5 0.062
33.250 58.250
33.250 58.500
33.500 58.500
33.500 58.250
Building 4 5 0.062
33.250 58.500
33.250 58.750
33.500 58.750
33.500 58.500
Building 4 5 0.062
33.500 59.000
33.500 58.750
33.250 58.750
33.250 59.000
Building 4 5 0.062
33.250 61.000
33.250 61.250
33.500 61.250
33.500 61.000
Building 4 5 0.062
33.250 61.250
33.250 61.500
33.500 61.500
33.500 61.250
Building 4 5 0.062
33.250 61.500
33.250 61.750
33.500 61.750
33.500 61.500
Building 4 5 0.062
33.250 61.750
33.250 62.000
33.500 62.000
33.500 61.750
Building 4 5 0.062
33.250 62.000
33.250 62.250
33.500 62.250
33.500 62.000
Building 4 5 0.062
33.250 62.250
33.250 62.500
33.500 62.500
33.500 62.250
Building 4 5 0.062
33.250 62.500
33.250 62.750
33.500 62.750
33.500 62.500
Building 4 5 0.062
33.500 63.000
33.500 62.750
33.250 62.750
33.250 63.000
Building 4 5 0.062
33.500 26.000
33.500 26.250
33.750 26.250
33.750 26.000
Building 4 5 0.062
33.500 26.250
33.500 26.500
33.750 26.500
33.750 26.250
Building 4 5 0.062
33.500 26.500
33.500 26.750
33.750 26.750
33.750 26.500
Building 4 5 0.062
33.500 26.750
33.500 27.000
33.750 27.000
33.750 26.750
Building 4 5 0.062
33.500 27.000
33.500 27.250
33.750 27.250
33.750 27.000
Building 4 5 0.062
33.500 27.250
33.500 27.500
33.750 27.500
33.750 27.250
Building 4 5 0.062
33.500 27.500
33.500 27.750
33.750 27.750
33.750 27.500
Building 4 5 0.062
33.500 27.750
33.500 28.000
33.750 28.000
33.750 27.750
Building 4 5 0.062
33.500 28.000
33.500 28.250
33.750 28.250
33.750 28.000
Building 4 5 0.062
33.500 28.250
33.500 28.500
33.750 28.500
33.750 28.250
Building 4 5 0.062
33.500 28.500
33.500 28.750
33.750 28.750
33.750 28.500
Building 4 5 0.062
33.500 28.750
33.500 29.000
33.750 29.000
33.750 28.750
Building 4 5 0.062
33.500 29.000
33.500 29.250
33.750 29.250
33.750 29.000
Building 4 5 0.062
33.500 29.250
33.500 29.500
33.750 29.500
33.750 29.250
Building 4 5 0.062
33.500 29.500
33.500 29.750
33.750 29.750
33.750 29.500
Building 4 5 0.062
33.500 29.750
33.500 30.000
33.750 30.000
33.750 29.750
Building 4 5 0.062
33.500 30.000
33.500 30.250
33.750 30.250
33.750 30.000
Building 4 5 0.062
33.500 30.250
33.500 30.500
33.750 30.500
33.750 30.250
Building 4 5 0.062
33.500 30.500
33.500 30.750
33.750 30.750
33.750 30.500
Building 4 5 0.062
33.500 30.750
33.500 31.000
33.750 31.000
33.750 30.750
Building 4 5 0.062
33.500 31.000
33.500 31.250
33.750 31.250
33.750 31.000
Building 4 5 0.062
33.500 31.250
33.500 31.500
33.750 31.500
33.750 31.250
Building 4 5 0.062
33.500 31.500
33.500 31.750
33.750 31.750
33.750 31.500
Building 4 5 0.062
33.500 31.750
33.500 32.000
33.750 32.000
33.750 31.750
Building 4 5 0.062
33.500 32.000
33.500 32.250
33.750 32.250
33.750 32.000
Building 4 5 0.062
33.500 32.250
33.500 32.500
33.750 32.500
33.750 32.250
Building 4 5 0.062
33.500 32.500
33.500 32.750
33.750 32.750
33.750 32.500
Building 4 5 0.062
33.500 32.750
33.500 33.000
33.750 33.000
33.750 32.750
Building 4 5 0.062
33.500 33.000
33.500 33.250
33.750 33.250
33.750 33.000
Building 4 5 0.062
33.500 33.250
33.500 33.500
33.750 33.500
33.750 33.250
Building 4 5 0.062
33.500 33.500
33.500 33.750
33.750 33.750
33.750 33.500
Building 4 5 0.062
33.500 33.750
33.500 34.000
33.750 34.000
33.750 33.750
Building 4 5 0.062
33.500 34.000
33.500 34.250
33.750 34.250
33.750 34.000
Building 4 5 0.062
33.500 34.250
33.500 34.500
33.750 34.500
33.750 34.250
Building 4 5 0.062
33.500 34.500
33.500 34.750
33.750 34.750
33.750 34.500
Building 4 5 0.062
33.500 34.750
33.500 35.000
33.750 35.000
33.750 34.750
Building 4 5 0.062
33.500 35.000
33.500 35.250
33.750 35.250
33.750 35.000
Building 4 5 0.062
33.500 35.250
33.500 35.500
33.750 35.500
33.750 35.250
Building 4 5 0.062
33.500 35.500
33.500 35.750
33.750 35.750
33.750 35.500
Building 4 5 0.062
33.500 35.750
33.500 36.000
33.750 36.000
33.750 35.750
Building 4 5 0.062
33.500 36.000
33.500 36.250
33.750 36.250
33.750 36.000
Building 4 5 0.062
33.500 36.250
33.500 36.500
33.750 36.500
33.750 36.250
Building 4 5 0.062
33.500 36.500
33.500 36.750
33.750 36.750
33.750 36.500
Building 4 5 0.062
33.500 36.750
33.500 37.000
33.750 37.000
33.750 36.750
Building 4 5 0.062
33.500 37.000
33.500 37.250
33.750 37.250
33.750 37.000
Building 4 5 0.062
33.500 37.250
33.500 37.500
33.750 37.500
33.750 37.250
Building 4 5 0.062
33.500 37.500
33.500 37.750
33.750 37.750
33.750 37.500
Building 4 5 0.062
33.500 37.750
33.500 38.000
33.750 38.000
33.750 37.750
Building 4 5 0.062
33.500 38.000
33.500 38.250
33.750 38.250
33.750 38.000
Building 4 5 0.062
33.500 38.250
33.500 38.500
33.750 38.500
33.750 38.250
Building 4 5 0.062
33.500 38.500
33.500 38.750
33.750 38.750
33.750 38.500
Building 4 5 0.062
33.500 38.750
33.500 39.000
33.750 39.000
33.750 38.750
Building 4 5 0.062
33.500 39.000
33.500 39.250
33.750 39.250
33.750 39.000
Building 4 5 0.062
33.500 39.250
33.500 39.500
33.750 39.500
33.750 39.250
Building 4 5 0.062
33.500 39.500
33.500 39.750
33.750 39.750
33.750 39.500
Building 4 5 0.062
33.500 39.750
33.500 40.000
33.750 40.000
33.750 39.750
Building 4 5 0.062
33.500 40.000
33.500 40.250
33.750 40.250
33.750 40.000
Building 4 5 0.062
33.500 40.250
33.500 40.500
33.750 40.500
33.750 40.250
Building 4 5 0.062
33.500 40.500
33.500 40.750
33.750 40.750
33.750 40.500
Building 4 5 0.062
33.500 40.750
33.500 41.000
33.750 41.000
33.750 40.750
Building 4 5 0.062
33.500 41.000
33.500 41.250
33.750 41.250
33.750 41.000
Building 4 5 0.062
33.500 41.250
33.500 41.500
33.750 41.500
33.750 41.250
Building 4 5 0.062
33.500 41.500
33.500 41.750
33.750 41.750
33.750 41.500
Building 4 5 0.062
33.500 41.750
33.500 42.000
33.750 42.000
33.750 41.750
Building 4 5 0.062
33.500 42.000
33.500 42.250
33.750 42.250
33.750 42.000
Building 4 5 0.062
33.500 42.250
33.500 42.500
33.750 42.500
33.750 42.250
Building 4 5 0.062
33.500 42.500
33.500 42.750
33.750 42.750
33.750 42.500
Building 4 5 0.062
33.500 42.750
33.500 43.000
33.750 43.000
33.750 42.750
Building 4 5 0.062
33.500 43.000
33.500 43.250
33.750 43.250
33.750 43.000
Building 4 5 0.062
33.500 43.250
33.500 43.500
33.750 43.500
33.750 43.250
Building 4 5 0.062
33.500 43.500
33.500 43.750
33.750 43.750
33.750 43.500
Building 4 5 0.062
33.500 43.750
33.500 44.000
33.750 44.000
33.750 43.750
Building 4 5 0.062
33.500 44.000
33.500 44.250
33.750 44.250
33.750 44.000
Building 4 5 0.062
33.500 44.250
33.500 44.500
33.750 44.500
33.750 44.250
Building 4 5 0.062
33.500 44.500
33.500 44.750
33.750 44.750
33.750 44.500
Building 4 5 0.062
33.500 44.750
33.500 45.000
33.750 45.000
33.750 44.750
Building 4 5 0.062
33.500 45.000
33.500 45.250
33.750 45.250
33.750 45.000
Building 4 5 0.062
33.500 45.250
33.500 45.500
33.750 45.500
33.750 45.250
Building 4 5 0.062
33.500 45.500
33.500 45.750
33.750 45.750
33.750 45.500
Building 4 5 0.062
33.500 45.750
33.500 46.000
33.750 46.000
33.750 45.750
Building 4 5 0.062
33.500 46.000
33.500 46.250
33.750 46.250
33.750 46.000
Building 4 5 0.062
33.500 46.250
33.500 46.500
33.750 46.500
33.750 46.250
Building 4 5 0.062
33.500 46.500
33.500 46.750
33.750 46.750
33.750 46.500
Building 4 5 0.062
33.500 46.750
33.500 47.000
33.750 47.000
33.750 46.750
Building 4 5 0.062
33.500 47.000
33.500 47.250
33.750 47.250
33.750 47.000
Building 4 5 0.062
33.500 47.250
33.500 47.500
33.750 47.500
33.750 47.250
Building 4 5 0.062
33.500 47.500
33.500 47.750
33.750 47.750
33.750 47.500
Building 4 5 0.062
33.500 47.750
33.500 48.000
33.750 48.000
33.750 47.750
Building 4 5 0.062
33.500 48.000
33.500 48.250
33.750 48.250
33.750 48.000
Building 4 5 0.062
33.500 48.250
33.500 48.500
33.750 48.500
33.750 48.250
Building 4 5 0.062
33.500 48.500
33.500 48.750
33.750 48.750
33.750 48.500
Building 4 5 0.062
33.500 48.750
33.500 49.000
33.750 49.000
33.750 48.750
Building 4 5 0.062
33.500 49.000
33.500 49.250
33.750 49.250
33.750 49.000
Building 4 5 0.062
33.500 49.250
33.500 49.500
33.750 49.500
33.750 49.250
Building 4 5 0.062
33.500 49.500
33.500 49.750
33.750 49.750
33.750 49.500
Building 4 5 0.062
33.500 49.750
33.500 50.000
33.750 50.000
33.750 49.750
Building 4 5 0.062
33.500 50.000
33.500 50.250
33.750 50.250
33.750 50.000
Building 4 5 0.062
33.500 50.250
33.500 50.500
33.750 50.500
33.750 50.250
Building 4 5 0.062
33.500 50.500
33.500 50.750
33.750 50.750
33.750 50.500
Building 4 5 0.062
33.500 50.750
33.500 51.000
33.750 51.000
33.750 50.750
Building 4 5 0.062
33.500 51.000
33.500 51.250
33.750 51.250
33.750 51.000
Building 4 5 0.062
33.500 51.250
33.500 51.500
33.750 51.500
33.750 51.250
Building 4 5 0.062
33.500 51.500
33.500 51.750
33.750 51.750
33.750 51.500
Building 4 5 0.062
33.500 51.750
33.500 52.000
33.750 52.000
33.750 51.750
Building 4 5 0.062
33.500 52.000
33.500 52.250
33.750 52.250
33.750 52.000
Building 4 5 0.062
33.500 52.250
33.500 52.500
33.750 52.500
33.750 52.250
Building 4 5 0.062
33.500 52.500
33.500 52.750
33.750 52.750
33.750 52.500
Building 4 5 0.062
33.500 52.750
33.500 53.000
33.750 53.000
33.750 52.750
Building 4 5 0.062
33.500 53.000
33.500 53.250
33.750 53.250
33.750 53.000
Building 4 5 0.062
33.500 53.250
33.500 53.500
33.750 53.500
33.750 53.250
Building 4 5 0.062
33.500 53.500
33.500 53.750
33.750 53.750
33.750 53.500
Building 4 5 0.062
33.500 53.750
33.500 54.000
33.750 54.000
33.750 53.750
Building 4 5 0.062
33.500 54.000
33.500 54.250
33.750 54.250
33.750 54.000
Building 4 5 0.062
33.500 54.250
33.500 54.500
33.750 54.500
33.750 54.250
Building 4 5 0.062
33.500 54.500
33.500 54.750
33.750 54.750
33.750 54.500
Building 4 5 0.062
33.500 54.750
33.500 55.000
33.750 55.000
33.750 54.750
Building 4 5 0.062
33.500 55.000
33.500 55.250
33.750 55.250
33.750 55.000
Building 4 5 0.062
33.500 55.250
33.500 55.500
33.750 55.500
33.750 55.250
Building 4 5 0.062
33.500 55.500
33.500 55.750
33.750 55.750
33.750 55.500
Building 4 5 0.062
33.500 55.750
33.500 56.000
33.750 56.000
33.750 55.750
Building 4 5 0.062
33.500 56.000
33.500 56.250
33.750 56.250
33.750 56.000
Building 4 5 0.062
33.500 56.250
33.500 56.500
33.750 56.500
33.750 56.250
Building 4 5 0.062
33.500 56.500
33.500 56.750
33.750 56.750
33.750 56.500
Building 4 5 0.062
33.500 56.750
33.500 57.000
33.750 57.000
33.750 56.750
Building 4 5 0.062
33.500 57.000
33.500 57.250
33.750 57.250
33.750 57.000
Building 4 5 0.062
33.500 57.250
33.500 57.500
33.750 57.500
33.750 57.250
Building 4 5 0.062
33.500 57.500
33.500 57.750
33.750 57.750
33.750 57.500
Building 4 5 0.062
33.500 57.750
33.500 58.000
33.750 58.000
33.750 57.750
Building 4 5 0.062
33.500 58.000
33.500 58.250
33.750 58.250
33.750 58.000
Building 4 5 0.062
33.500 58.250
33.500 58.500
33.750 58.500
33.750 58.250
Building 4 5 0.062
33.500 58.500
33.500 58.750
33.750 58.750
33.750 58.500
Building 4 5 0.062
33.750 59.000
33.750 58.750
33.500 58.750
33.500 59.000
Building 4 5 0.062
33.500 61.000
33.500 61.250
33.750 61.250
33.750 61.000
Building 4 5 0.062
33.500 61.250
33.500 61.500
33.750 61.500
33.750 61.250
Building 4 5 0.062
33.500 61.500
33.500 61.750
33.750 61.750
33.750 61.500
Building 4 5 0.062
33.500 61.750
33.500 62.000
33.750 62.000
33.750 61.750
Building 4 5 0.062
33.500 62.000
33.500 62.250
33.750 62.250
33.750 62.000
Building 4 5 0.062
33.500 62.250
33.500 62.500
33.750 62.500
33.750 62.250
Building 4 5 0.062
33.500 62.500
33.500 62.750
33.750 62.750
33.750 62.500
Building 4 5 0.062
33.750 63.000
33.750 62.750
33.500 62.750
33.500 63.000
Building 4 5 0.062
33.750 26.000
33.750 26.250
34.000 26.250
34.000 26.000
Building 4 5 0.062
33.750 26.250
33.750 26.500
34.000 26.500
34.000 26.250
Building 4 5 0.062
33.750 26.500
33.750 26.750
34.000 26.750
34.000 26.500
Building 4 5 0.062
33.750 26.750
33.750 27.000
34.000 27.000
34.000 26.750
Building 4 5 0.062
33.750 27.000
33.750 27.250
34.000 27.250
34.000 27.000
Building 4 5 0.062
33.750 27.250
33.750 27.500
34.000 27.500
34.000 27.250
Building 4 5 0.062
33.750 27.500
33.750 27.750
34.000 27.750
34.000 27.500
Building 4 5 0.062
34.000 27.750
33.750 27.750
33.750 28.000
34.000 28.000
Building 4 5 0.062
34.000 28.000
33.750 28.000
33.750 28.250
34.000 28.250
Building 4 5 0.062
34.000 28.250
33.750 28.250
33.750 28.500
34.000 28.500
Building 4 5 0.062
34.000 28.500
33.750 28.500
33.750 28.750
34.000 28.750
Building 4 5 0.062
34.000 28.750
33.750 28.750
33.750 29.000
34.000 29.000
Building 4 5 0.062
34.000 29.000
33.750 29.000
33.750 29.250
34.000 29.250
Building 4 5 0.062
34.000 29.250
33.750 29.250
33.750 29.500
34.000 29.500
Building 4 5 0.062
34.000 29.500
33.750 29.500
33.750 29.750
34.000 29.750
Building 4 5 0.062
34.000 29.750
33.750 29.750
33.750 30.000
34.000 30.000
Building 4 5 0.062
34.000 30.000
33.750 30.000
33.750 30.250
34.000 30.250
Building 4 5 0.062
34.000 30.250
33.750 30.250
33.750 30.500
34.000 30.500
Building 4 5 0.062
34.000 30.500
33.750 30.500
33.750 30.750
34.000 30.750
Building 4 5 0.062
34.000 30.750
33.750 30.750
33.750 31.000
34.000 31.000
Building 4 5 0.062
34.000 31.000
33.750 31.000
33.750 31.250
34.000 31.250
Building 4 5 0.062
34.000 31.250
33.750 31.250
33.750 31.500
34.000 31.500
Building 4 5 0.062
34.000 31.500
33.750 31.500
33.750 31.750
34.000 31.750
Building 4 5 0.062
34.000 31.750
33.750 31.750
33.750 32.000
34.000 32.000
Building 4 5 0.062
34.000 32.000
33.750 32.000
33.750 32.250
34.000 32.250
Building 4 5 0.062
34.000 32.250
33.750 32.250
33.750 32.500
34.000 32.500
Building 4 5 0.062
34.000 32.500
33.750 32.500
33.750 32.750
34.000 32.750
Building 4 5 0.062
34.000 32.750
33.750 32.750
33.750 33.000
34.000 33.000
Building 4 5 0.062
34.000 33.000
33.750 33.000
33.750 33.250
34.000 33.250
Building 4 5 0.062
34.000 33.250
33.750 33.250
33.750 33.500
34.000 33.500
Building 4 5 0.062
34.000 33.500
33.750 33.500
33.750 33.750
34.000 33.750
Building 4 5 0.062
34.000 33.750
33.750 33.750
33.750 34.000
34.000 34.000
Building 4 5 0.062
34.000 34.000
33.750 34.000
33.750 34.250
34.000 34.250
Building 4 5 0.062
34.000 34.250
33.750 34.250
33.750 34.500
34.000 34.500
Building 4 5 0.062
34.000 34.500
33.750 34.500
33.750 34.750
34.000 34.750
Building 4 5 0.062
34.000 34.750
33.750 34.750
33.750 35.000
34.000 35.000
Building 4 5 0.062
34.000 35.000
33.750 35.000
33.750 35.250
34.000 35.250
Building 4 5 0.062
34.000 35.250
33.750 35.250
33.750 35.500
34.000 35.500
Building 4 5 0.062
34.000 35.500
33.750 35.500
33.750 35.750
34.000 35.750
Building 4 5 0.062
34.000 35.750
33.750 35.750
33.750 36.000
34.000 36.000
Building 4 5 0.062
34.000 36.000
33.750 36.000
33.750 36.250
34.000 36.250
Building 4 5 0.062
34.000 36.250
33.750 36.250
33.750 36.500
34.000 36.500
Building 4 5 0.062
34.000 36.500
33.750 36.500
33.750 36.750
34.000 36.750
Building 4 5 0.062
34.000 36.750
33.750 36.750
33.750 37.000
34.000 37.000
Building 4 5 0.062
34.000 37.000
33.750 37.000
33.750 37.250
34.000 37.250
Building 4 5 0.062
34.000 37.250
33.750 37.250
33.750 37.500
34.000 37.500
Building 4 5 0.062
34.000 37.500
33.750 37.500
33.750 37.750
34.000 37.750
Building 4 5 0.062
34.000 37.750
33.750 37.750
33.750 38.000
34.000 38.000
Building 4 5 0.062
34.000 38.000
33.750 38.000
33.750 38.250
34.000 38.250
Building 4 5 0.062
34.000 38.250
33.750 38.250
33.750 38.500
34.000 38.500
Building 4 5 0.062
34.000 38.500
33.750 38.500
33.750 38.750
34.000 38.750
Building 4 5 0.062
34.000 38.750
33.750 38.750
33.750 39.000
34.000 39.000
Building 4 5 0.062
34.000 39.000
33.750 39.000
33.750 39.250
34.000 39.250
Building 4 5 0.062
34.000 39.250
33.750 39.250
33.750 39.500
34.000 39.500
Building 4 5 0.062
34.000 39.500
33.750 39.500
33.750 39.750
34.000 39.750
Building 4 5 0.062
34.000 39.750
33.750 39.750
33.750 40.000
34.000 40.000
Building 4 5 0.062
34.000 40.000
33.750 40.000
33.750 40.250
34.000 40.250
Building 4 5 0.062
34.000 40.250
33.750 40.250
33.750 40.500
34.000 40.500
Building 4 5 0.062
34.000 40.500
33.750 40.500
33.750 40.750
34.000 40.750
Building 4 5 0.062
34.000 40.750
33.750 40.750
33.750 41.000
34.000 41.000
Building 4 5 0.062
34.000 41.000
33.750 41.000
33.750 41.250
34.000 41.250
Building 4 5 0.062
34.000 41.250
33.750 41.250
33.750 41.500
34.000 41.500
Building 4 5 0.062
34.000 41.500
33.750 41.500
33.750 41.750
34.000 41.750
Building 4 5 0.062
34.000 41.750
33.750 41.750
33.750 42.000
34.000 42.000
Building 4 5 0.062
34.000 42.000
33.750 42.000
33.750 42.250
34.000 42.250
Building 4 5 0.062
34.000 42.250
33.750 42.250
33.750 42.500
34.000 42.500
Building 4 5 0.062
34.000 42.500
33.750 42.500
33.750 42.750
34.000 42.750
Building 4 5 0.062
34.000 42.750
33.750 42.750
33.750 43.000
34.000 43.000
Building 4 5 0.062
34.000 43.000
33.750 43.000
33.750 43.250
34.000 43.250
Building 4 5 0.062
34.000 43.250
33.750 43.250
33.750 43.500
34.000 43.500
Building 4 5 0.062
34.000 43.500
33.750 43.500
33.750 43.750
34.000 43.750
Building 4 5 0.062
34.000 43.750
33.750 43.750
33.750 44.000
34.000 44.000
Building 4 5 0.062
34.000 44.000
33.750 44.000
33.750 44.250
34.000 44.250
Building 4 5 0.062
34.000 44.250
33.750 44.250
33.750 44.500
34.000 44.500
Building 4 5 0.062
34.000 44.500
33.750 44.500
33.750 44.750
34.000 44.750
Building 4 5 0.062
34.000 44.750
33.750 44.750
33.750 45.000
34.000 45.000
Building 4 5 0.062
34.000 45.000
33.750 45.000
33.750 45.250
34.000 45.250
Building 4 5 0.062
34.000 45.250
33.750 45.250
33.750 45.500
34.000 45.500
Building 4 5 0.062
34.000 45.500
33.750 45.500
33.750 45.750
34.000 45.750
Building 4 5 0.062
34.000 45.750
33.750 45.750
33.750 46.000
34.000 46.000
Building 4 5 0.062
34.000 46.000
33.750 46.000
33.750 46.250
34.000 46.250
Building 4 5 0.062
34.000 46.250
33.750 46.250
33.750 46.500
34.000 46.500
Building 4 5 0.062
34.000 46.500
33.750 46.500
33.750 46.750
34.000 46.750
Building 4 5 0.062
34.000 46.750
33.750 46.750
33.750 47.000
34.000 47.000
Building 4 5 0.062
34.000 47.000
33.750 47.000
33.750 47.250
34.000 47.250
Building 4 5 0.062
34.000 47.250
33.750 47.250
33.750 47.500
34.000 47.500
Building 4 5 0.062
34.000 47.500
33.750 47.500
33.750 47.750
34.000 47.750
Building 4 5 0.062
34.000 47.750
33.750 47.750
33.750 48.000
34.000 48.000
Building 4 5 0.062
34.000 48.000
33.750 48.000
33.750 48.250
34.000 48.250
Building 4 5 0.062
34.000 48.250
33.750 48.250
33.750 48.500
34.000 48.500
Building 4 5 0.062
34.000 48.500
33.750 48.500
33.750 48.750
34.000 48.750
Building 4 5 0.062
34.000 48.750
33.750 48.750
33.750 49.000
34.000 49.000
Building 4 5 0.062
34.000 49.000
33.750 49.000
33.750 49.250
34.000 49.250
Building 4 5 0.062
34.000 49.250
33.750 49.250
33.750 49.500
34.000 49.500
Building 4 5 0.062
34.000 49.500
33.750 49.500
33.750 49.750
34.000 49.750
Building 4 5 0.062
34.000 49.750
33.750 49.750
33.750 50.000
34.000 50.000
Building 4 5 0.062
34.000 50.000
33.750 50.000
33.750 50.250
34.000 50.250
Building 4 5 0.062
34.000 50.250
33.750 50.250
33.750 50.500
34.000 50.500
Building 4 5 0.062
34.000 50.500
33.750 50.500
33.750 50.750
34.000 50.750
Building 4 5 0.062
34.000 50.750
33.750 50.750
33.750 51.000
34.000 51.000
Building 4 5 0.062
34.000 51.000
33.750 51.000
33.750 51.250
34.000 51.250
Building 4 5 0.062
34.000 51.250
33.750 51.250
33.750 51.500
34.000 51.500
Building 4 5 0.062
34.000 51.500
33.750 51.500
33.750 51.750
34.000 51.750
Building 4 5 0.062
34.000 51.750
33.750 51.750
33.750 52.000
34.000 52.000
Building 4 5 0.062
34.000 52.000
33.750 52.000
33.750 52.250
34.000 52.250
Building 4 5 0.062
34.000 52.250
33.750 52.250
33.750 52.500
34.000 52.500
Building 4 5 0.062
34.000 52.500
33.750 52.500
33.750 52.750
34.000 52.750
Building 4 5 0.062
34.000 52.750
33.750 52.750
33.750 53.000
34.000 53.000
Building 4 5 0.062
34.000 53.000
33.750 53.000
33.750 53.250
34.000 53.250
Building 4 5 0.062
34.000 53.250
33.750 53.250
33.750 53.500
34.000 53.500
Building 4 5 0.062
34.000 53.500
33.750 53.500
33.750 53.750
34.000 53.750
Building 4 5 0.062
34.000 53.750
33.750 53.750
33.750 54.000
34.000 54.000
Building 4 5 0.062
34.000 54.000
33.750 54.000
33.750 54.250
34.000 54.250
Building 4 5 0.062
34.000 54.250
33.750 54.250
33.750 54.500
34.000 54.500
Building 4 5 0.062
34.000 54.500
33.750 54.500
33.750 54.750
34.000 54.750
Building 4 5 0.062
34.000 54.750
33.750 54.750
33.750 55.000
34.000 55.000
Building 4 5 0.062
34.000 55.000
33.750 55.000
33.750 55.250
34.000 55.250
Building 4 5 0.062
34.000 55.250
33.750 55.250
33.750 55.500
34.000 55.500
Building 4 5 0.062
34.000 55.500
33.750 55.500
33.750 55.750
34.000 55.750
Building 4 5 0.062
34.000 55.750
33.750 55.750
33.750 56.000
34.000 56.000
Building 4 5 0.062
34.000 56.000
33.750 56.000
33.750 56.250
34.000 56.250
Building 4 5 0.062
34.000 56.250
33.750 56.250
33.750 56.500
34.000 56.500
Building 4 5 0.062
34.000 56.500
33.750 56.500
33.750 56.750
34.000 56.750
Building 4 5 0.062
34.000 56.750
33.750 56.750
33.750 57.000
34.000 57.000
Building 4 5 0.062
34.000 57.000
33.750 57.000
33.750 57.250
34.000 57.250
Building 4 5 0.062
34.000 57.250
33.750 57.250
33.750 57.500
34.000 57.500
Building 4 5 0.062
34.000 57.500
33.750 57.500
33.750 57.750
34.000 57.750
Building 4 5 0.062
34.000 57.750
33.750 57.750
33.750 58.000
34.000 58.000
Building 4 5 0.062
34.000 58.000
33.750 58.000
33.750 58.250
34.000 58.250
Building 4 5 0.062
34.000 58.250
33.750 58.250
33.750 58.500
34.000 58.500
Building 4 5 0.062
34.000 58.500
33.750 58.500
33.750 58.750
34.000 58.750
Building 4 5 0.062
34.000 59.000
34.000 58.750
33.750 58.750
33.750 59.000
Building 4 5 0.062
33.750 61.000
33.750 61.250
34.000 61.250
34.000 61.000
Building 4 5 0.062
33.750 61.250
33.750 61.500
34.000 61.500
34.000 61.250
Building 4 5 0.062
33.750 61.500
33.750 61.750
34.000 61.750
34.000 61.500
Building 4 5 0.062
33.750 61.750
33.750 62.000
34.000 62.000
34.000 61.750
Building 4 5 0.062
33.750 62.000
33.750 62.250
34.000 62.250
34.000 62.000
Building 4 5 0.062
33.750 62.250
33.750 62.500
34.000 62.500
34.000 62.250
Building 4 5 0.062
33.750 62.500
33.750 62.750
34.000 62.750
34.000 62.500
Building 4 5 0.062
34.000 63.000
34.000 62.750
33.750 62.750
33.750 63.000
Building 4 5 0.062
34.000 26.000
34.000 26.250
34.250 26.250
34.250 26.000
Building 4 5 0.062
34.000 26.250
34.000 26.500
34.250 26.500
34.250 26.250
Building 4 5 0.062
34.000 26.500
34.000 26.750
34.250 26.750
34.250 26.500
Building 4 5 0.062
34.000 26.750
34.000 27.000
34.250 27.000
34.250 26.750
Building 4 5 0.062
34.000 27.000
34.000 27.250
34.250 27.250
34.250 27.000
Building 4 5 0.062
34.000 27.250
34.000 27.500
34.250 27.500
34.250 27.250
Building 4 5 0.062
34.000 27.500
34.000 27.750
34.250 27.750
34.250 27.500
Building 4 5 0.062
34.250 28.000
34.250 27.750
34.000 27.750
34.000 28.000
Building 4 5 0.062
34.000 61.000
34.000 61.250
34.250 61.250
34.250 61.000
Building 4 5 0.062
34.000 61.250
34.000 61.500
34.250 61.500
34.250 61.250
Building 4 5 0.062
34.000 61.500
34.000 61.750
34.250 61.750
34.250 61.500
Building 4 5 0.062
34.000 61.750
34.000 62.000
34.250 62.000
34.250 61.750
Building 4 5 0.062
34.000 62.000
34.000 62.250
34.250 62.250
34.250 62.000
Building 4 5 0.062
34.000 62.250
34.000 62.500
34.250 62.500
34.250 62.250
Building 4 5 0.062
34.000 62.500
34.000 62.750
34.250 62.750
34.250 62.500
Building 4 5 0.062
34.250 63.000
34.250 62.750
34.000 62.750
34.000 63.000
Building 4 5 0.062
34.250 26.000
34.250 26.250
34.500 26.250
34.500 26.000
Building 4 5 0.062
34.250 26.250
34.250 26.500
34.500 26.500
34.500 26.250
Building 4 5 0.062
34.250 26.500
34.250 26.750
34.500 26.750
34.500 26.500
Building 4 5 0.062
34.250 26.750
34.250 27.000
34.500 27.000
34.500 26.750
Building 4 5 0.062
34.250 27.000
34.250 27.250
34.500 27.250
34.500 27.000
Building 4 5 0.062
34.250 27.250
34.250 27.500
34.500 27.500
34.500 27.250
Building 4 5 0.062
34.250 27.500
34.250 27.750
34.500 27.750
34.500 27.500
Building 4 5 0.062
34.500 28.000
34.500 27.750
34.250 27.750
34.250 28.000
Building 4 5 0.062
34.250 61.000
34.250 61.250
34.500 61.250
34.500 61.000
Building 4 5 0.062
34.250 61.250
34.250 61.500
34.500 61.500
34.500 61.250
Building 4 5 0.062
34.250 61.500
34.250 61.750
34.500 61.750
34.500 61.500
Building 4 5 0.062
34.250 61.750
34.250 62.000
34.500 62.000
34.500 61.750
Building 4 5 0.062
34.250 62.000
34.250 62.250
34.500 62.250
34.500 62.000
Building 4 5 0.062
34.250 62.250
34.250 62.500
34.500 62.500
34.500 62.250
Building 4 5 0.062
34.250 62.500
34.250 62.750
34.500 62.750
34.500 62.500
Building 4 5 0.062
34.500 63.000
34.500 62.750
34.250 62.750
34.250 63.000
Building 4 5 0.062
34.500 26.000
34.500 26.250
34.750 26.250
34.750 26.000
Building 4 5 0.062
34.500 26.250
34.500 26.500
34.750 26.500
34.750 26.250
Building 4 5 0.062
34.500 26.500
34.500 26.750
34.750 26.750
34.750 26.500
Building 4 5 0.062
34.500 26.750
34.500 27.000
34.750 27.000
34.750 26.750
Building 4 5 0.062
34.500 27.000
34.500 27.250
34.750 27.250
34.750 27.000
Building 4 5 0.062
34.500 27.250
34.500 27.500
34.750 27.500
34.750 27.250
Building 4 5 0.062
34.500 27.500
34.500 27.750
34.750 27.750
34.750 27.500
Building 4 5 0.062
34.750 28.000
34.750 27.750
34.500 27.750
34.500 28.000
Building 4 5 0.062
34.500 61.000
34.500 61.250
34.750 61.250
34.750 61.000
Building 4 5 0.062
34.500 61.250
34.500 61.500
34.750 61.500
34.750 61.250
Building 4 5 0.062
34.500 61.500
34.500 61.750
34.750 61.750
34.750 61.500
Building 4 5 0.062
34.500 61.750
34.500 62.000
34.750 62.000
34.750 61.750
Building 4 5 0.062
34.500 62.000
34.500 62.250
34.750 62.250
34.750 62.000
Building 4 5 0.062
34.500 62.250
34.500 62.500
34.750 62.500
34.750 62.250
Building 4 5 0.062
34.500 62.500
34.500 62.750
34.750 62.750
34.750 62.500
Building 4 5 0.062
34.750 63.000
34.750 62.750
34.500 62.750
34.500 63.000
Building 4 5 0.062
34.750 26.000
34.750 26.250
35.000 26.250
35.000 26.000
Building 4 5 0.062
34.750 26.250
34.750 26.500
35.000 26.500
35.000 26.250
Building 4 5 0.062
34.750 26.500
34.750 26.750
35.000 26.750
35.000 26.500
Building 4 5 0.062
34.750 26.750
34.750 27.000
35.000 27.000
35.000 26.750
Building 4 5 0.062
34.750 27.000
34.750 27.250
35.000 27.250
35.000 27.000
Building 4 5 0.062
34.750 27.250
34.750 27.500
35.000 27.500
35.000 27.250
Building 4 5 0.062
34.750 27.500
34.750 27.750
35.000 27.750
35.000 27.500
Building 4 5 0.062
35.000 28.000
35.000 27.750
34.750 27.750
34.750 28.000
Building 4 5 0.062
34.750 61.000
34.750 61.250
35.000 61.250
35.000 61.000
Building 4 5 0.062
34.750 61.250
34.750 61.500
35.000 61.500
35.000 61.250
Building 4 5 0.062
34.750 61.500
34.750 61.750
35.000 61.750
35.000 61.500
Building 4 5 0.062
34.750 61.750
34.750 62.000
35.000 62.000
35.000 61.750
Building 4 5 0.062
34.750 62.000
34.750 62.250
35.000 62.250
35.000 62.000
Building 4 5 0.062
34.750 62.250
34.750 62.500
35.000 62.500
35.000 62.250
Building 4 5 0.062
34.750 62.500
34.750 62.750
35.000 62.750
35.000 62.500
Building 4 5 0.062
35.000 63.000
35.000 62.750
34.750 62.750
34.750 63.000
Building 4 5 0.062
35.000 26.000
35.000 26.250
35.250 26.250
35.250 26.000
Building 4 5 0.062
35.000 26.250
35.000 26.500
35.250 26.500
35.250 26.250
Building 4 5 0.062
35.000 26.500
35.000 26.750
35.250 26.750
35.250 26.500
Building 4 5 0.062
35.000 26.750
35.000 27.000
35.250 27.000
35.250 26.750
Building 4 5 0.062
35.000 27.000
35.000 27.250
35.250 27.250
35.250 27.000
Building 4 5 0.062
35.000 27.250
35.000 27.500
35.250 27.500
35.250 27.250
Building 4 5 0.062
35.000 27.500
35.000 27.750
35.250 27.750
35.250 27.500
Building 4 5 0.062
35.250 28.000
35.250 27.750
35.000 27.750
35.000 28.000
Building 4 5 0.062
35.000 61.000
35.000 61.250
35.250 61.250
35.250 61.000
Building 4 5 0.062
35.000 61.250
35.000 61.500
35.250 61.500
35.250 61.250
Building 4 5 0.062
35.000 61.500
35.000 61.750
35.250 61.750
35.250 61.500
Building 4 5 0.062
35.000 61.750
35.000 62.000
35.250 62.000
35.250 61.750
Building 4 5 0.062
35.000 62.000
35.000 62.250
35.250 62.250
35.250 62.000
Building 4 5 0.062
35.000 62.250
35.000 62.500
35.250 62.500
35.250 62.250
Building 4 5 0.062
35.000 62.500
35.000 62.750
35.250 62.750
35.250 62.500
Building 4 5 0.062
35.250 63.000
35.250 62.750
35.000 62.750
35.000 63.000
Building 4 5 0.062
35.250 26.000
35.250 26.250
35.500 26.250
35.500 26.000
Building 4 5 0.062
35.250 26.250
35.250 26.500
35.500 26.500
35.500 26.250
Building 4 5 0.062
35.250 26.500
35.250 26.750
35.500 26.750
35.500 26.500
Building 4 5 0.062
35.250 26.750
35.250 27.000
35.500 27.000
35.500 26.750
Building 4 5 0.062
35.250 27.000
35.250 27.250
35.500 27.250
35.500 27.000
Building 4 5 0.062
35.250 27.250
35.250 27.500
35.500 27.500
35.500 27.250
Building 4 5 0.062
35.250 27.500
35.250 27.750
35.500 27.750
35.500 27.500
Building 4 5 0.062
35.500 28.000
35.500 27.750
35.250 27.750
35.250 28.000
Building 4 5 0.062
35.250 61.000
35.250 61.250
35.500 61.250
35.500 61.000
Building 4 5 0.062
35.250 61.250
35.250 61.500
35.500 61.500
35.500 61.250
Building 4 5 0.062
35.250 61.500
35.250 61.750
35.500 61.750
35.500 61.500
Building 4 5 0.062
35.250 61.750
35.250 62.000
35.500 62.000
35.500 61.750
Building 4 5 0.062
35.250 62.000
35.250 62.250
35.500 62.250
35.500 62.000
Building 4 5 0.062
35.250 62.250
35.250 62.500
35.500 62.500
35.500 62.250
Building 4 5 0.062
35.250 62.500
35.250 62.750
35.500 62.750
35.500 62.500
Building 4 5 0.062
35.500 63.000
35.500 62.750
35.250 62.750
35.250 63.000
Building 4 5 0.062
35.500 26.000
35.500 26.250
35.750 26.250
35.750 26.000
Building 4 5 0.062
35.500 26.250
35.500 26.500
35.750 26.500
35.750 26.250
Building 4 5 0.062
35.500 26.500
35.500 26.750
35.750 26.750
35.750 26.500
Building 4 5 0.062
35.500 26.750
35.500 27.000
35.750 27.000
35.750 26.750
Building 4 5 0.062
35.500 27.000
35.500 27.250
35.750 27.250
35.750 27.000
Building 4 5 0.062
35.500 27.250
35.500 27.500
35.750 27.500
35.750 27.250
Building 4 5 0.062
35.500 27.500
35.500 27.750
35.750 27.750
35.750 27.500
Building 4 5 0.062
35.750 28.000
35.750 27.750
35.500 27.750
35.500 28.000
Building 4 5 0.062
35.500 61.000
35.500 61.250
35.750 61.250
35.750 61.000
Building 4 5 0.062
35.500 61.250
35.500 61.500
35.750 61.500
35.750 61.250
Building 4 5 0.062
35.500 61.500
35.500 61.750
35.750 61.750
35.750 61.500
Building 4 5 0.062
35.500 61.750
35.500 62.000
35.750 62.000
35.750 61.750
Building 4 5 0.062
35.500 62.000
35.500 62.250
35.750 62.250
35.750 62.000
Building 4 5 0.062
35.500 62.250
35.500 62.500
35.750 62.500
35.750 62.250
Building 4 5 0.062
35.500 62.500
35.500 62.750
35.750 62.750
35.750 62.500
Building 4 5 0.062
35.750 63.000
35.750 62.750
35.500 62.750
35.500 63.000
Building 4 5 0.062
35.750 26.000
35.750 26.250
36.000 26.250
36.000 26.000
Building 4 5 0.062
35.750 26.250
35.750 26.500
36.000 26.500
36.000 26.250
Building 4 5 0.062
35.750 26.500
35.750 26.750
36.000 26.750
36.000 26.500
Building 4 5 0.062
35.750 26.750
35.750 27.000
36.000 27.000
36.000 26.750
Building 4 5 0.062
35.750 27.000
35.750 27.250
36.000 27.250
36.000 27.000
Building 4 5 0.062
35.750 27.250
35.750 27.500
36.000 27.500
36.000 27.250
Building 4 5 0.062
35.750 27.500
35.750 27.750
36.000 27.750
36.000 27.500
Building 4 5 0.062
36.000 28.000
36.000 27.750
35.750 27.750
35.750 28.000
Building 4 5 0.062
35.750 61.000
35.750 61.250
36.000 61.250
36.000 61.000
Building 4 5 0.062
35.750 61.250
35.750 61.500
36.000 61.500
36.000 61.250
Building 4 5 0.062
35.750 61.500
35.750 61.750
36.000 61.750
36.000 61.500
Building 4 5 0.062
35.750 61.750
35.750 62.000
36.000 62.000
36.000 61.750
Building 4 5 0.062
35.750 62.000
35.750 62.250
36.000 62.250
36.000 62.000
Building 4 5 0.062
35.750 62.250
35.750 62.500
36.000 62.500
36.000 62.250
Building 4 5 0.062
35.750 62.500
35.750 62.750
36.000 62.750
36.000 62.500
Building 4 5 0.062
36.000 63.000
36.000 62.750
35.750 62.750
35.750 63.000
Building 4 5 0.062
36.000 26.000
36.000 26.250
36.250 26.250
36.250 26.000
Building 4 5 0.062
36.000 26.250
36.000 26.500
36.250 26.500
36.250 26.250
Building 4 5 0.062
36.000 26.500
36.000 26.750
36.250 26.750
36.250 26.500
Building 4 5 0.062
36.000 26.750
36.000 27.000
36.250 27.000
36.250 26.750
Building 4 5 0.062
36.000 27.000
36.000 27.250
36.250 27.250
36.250 27.000
Building 4 5 0.062
36.000 27.250
36.000 27.500
36.250 27.500
36.250 27.250
Building 4 5 0.062
36.000 27.500
36.000 27.750
36.250 27.750
36.250 27.500
Building 4 5 0.062
36.250 28.000
36.250 27.750
36.000 27.750
36.000 28.000
Building 4 5 0.062
36.000 28.250
36.250 28.250
36.250 28.000
36.000 28.000
Building 4 5 0.062
36.000 28.500
36.250 28.500
36.250 28.250
36.000 28.250
Building 4 5 0.062
36.000 28.750
36.250 28.750
36.250 28.500
36.000 28.500
Building 4 5 0.062
36.000 29.000
36.250 29.000
36.250 28.750
36.000 28.750
Building 4 5 0.062
36.000 29.250
36.250 29.250
36.250 29.000
36.000 29.000
Building 4 5 0.062
36.000 29.500
36.250 29.500
36.250 29.250
36.000 29.250
Building 4 5 0.062
36.000 29.750
36.250 29.750
36.250 29.500
36.000 29.500
Building 4 5 0.062
36.000 30.000
36.250 30.000
36.250 29.750
36.000 29.750
Building 4 5 0.062
36.000 30.250
36.250 30.250
36.250 30.000
36.000 30.000
Building 4 5 0.062
36.000 30.500
36.250 30.500
36.250 30.250
36.000 30.250
Building 4 5 0.062
36.000 30.750
36.250 30.750
36.250 30.500
36.000 30.500
Building 4 5 0.062
36.000 31.000
36.250 31.000
36.250 30.750
36.000 30.750
Building 4 5 0.062
36.000 31.250
36.250 31.250
36.250 31.000
36.000 31.000
Building 4 5 0.062
36.000 31.500
36.250 31.500
36.250 31.250
36.000 31.250
Building 4 5 0.062
36.000 31.750
36.250 31.750
36.250 31.500
36.000 31.500
Building 4 5 0.062
36.000 32.000
36.250 32.000
36.250 31.750
36.000 31.750
Building 4 5 0.062
36.000 32.250
36.250 32.250
36.250 32.000
36.000 32.000
Building 4 5 0.062
36.000 32.500
36.250 32.500
36.250 32.250
36.000 32.250
Building 4 5 0.062
36.000 32.750
36.250 32.750
36.250 32.500
36.000 32.500
Building 4 5 0.062
36.000 33.000
36.250 33.000
36.250 32.750
36.000 32.750
Building 4 5 0.062
36.000 33.250
36.250 33.250
36.250 33.000
36.000 33.000
Building 4 5 0.062
36.000 33.500
36.250 33.500
36.250 33.250
36.000 33.250
Building 4 5 0.062
36.000 33.750
36.250 33.750
36.250 33.500
36.000 33.500
Building 4 5 0.062
36.000 34.000
36.250 34.000
36.250 33.750
36.000 33.750
Building 4 5 0.062
36.000 34.250
36.250 34.250
36.250 34.000
36.000 34.000
Building 4 5 0.062
36.000 34.500
36.250 34.500
36.250 34.250
36.000 34.250
Building 4 5 0.062
36.000 34.750
36.250 34.750
36.250 34.500
36.000 34.500
Building 4 5 0.062
36.000 35.000
36.250 35.000
36.250 34.750
36.000 34.750
Building 4 5 0.062
36.000 35.250
36.250 35.250
36.250 35.000
36.000 35.000
Building 4 5 0.062
36.000 35.500
36.250 35.500
36.250 35.250
36.000 35.250
Building 4 5 0.062
36.000 35.750
36.250 35.750
36.250 35.500
36.000 35.500
Building 4 5 0.062
36.000 36.000
36.250 36.000
36.250 35.750
36.000 35.750
Building 4 5 0.062
36.000 36.250
36.250 36.250
36.250 36.000
36.000 36.000
Building 4 5 0.062
36.000 36.500
36.250 36.500
36.250 36.250
36.000 36.250
Building 4 5 0.062
36.000 36.750
36.250 36.750
36.250 36.500
36.000 36.500
Building 4 5 0.062
36.000 37.000
36.250 37.000
36.250 36.750
36.000 36.750
Building 4 5 0.062
36.000 37.250
36.250 37.250
36.250 37.000
36.000 37.000
Building 4 5 0.062
36.000 37.500
36.250 37.500
36.250 37.250
36.000 37.250
Building 4 5 0.062
36.000 37.750
36.250 37.750
36.250 37.500
36.000 37.500
Building 4 5 0.062
36.000 38.000
36.250 38.000
36.250 37.750
36.000 37.750
Building 4 5 0.062
36.000 38.250
36.250 38.250
36.250 38.000
36.000 38.000
Building 4 5 0.062
36.000 38.500
36.250 38.500
36.250 38.250
36.000 38.250
Building 4 5 0.062
36.000 38.750
36.250 38.750
36.250 38.500
36.000 38.500
Building 4 5 0.062
36.000 39.000
36.250 39.000
36.250 38.750
36.000 38.750
Building 4 5 0.062
36.000 39.250
36.250 39.250
36.250 39.000
36.000 39.000
Building 4 5 0.062
36.000 39.500
36.250 39.500
36.250 39.250
36.000 39.250
Building 4 5 0.062
36.000 39.750
36.250 39.750
36.250 39.500
36.000 39.500
Building 4 5 0.062
36.000 40.000
36.250 40.000
36.250 39.750
36.000 39.750
Building 4 5 0.062
36.000 40.250
36.250 40.250
36.250 40.000
36.000 40.000
Building 4 5 0.062
36.000 40.500
36.250 40.500
36.250 40.250
36.000 40.250
Building 4 5 0.062
36.000 40.750
36.250 40.750
36.250 40.500
36.000 40.500
Building 4 5 0.062
36.000 41.000
36.250 41.000
36.250 40.750
36.000 40.750
Building 4 5 0.062
36.000 41.250
36.250 41.250
36.250 41.000
36.000 41.000
Building 4 5 0.062
36.000 41.500
36.250 41.500
36.250 41.250
36.000 41.250
Building 4 5 0.062
36.000 41.750
36.250 41.750
36.250 41.500
36.000 41.500
Building 4 5 0.062
36.000 42.000
36.250 42.000
36.250 41.750
36.000 41.750
Building 4 5 0.062
36.000 42.250
36.250 42.250
36.250 42.000
36.000 42.000
Building 4 5 0.062
36.000 42.500
36.250 42.500
36.250 42.250
36.000 42.250
Building 4 5 0.062
36.000 42.750
36.250 42.750
36.250 42.500
36.000 42.500
Building 4 5 0.062
36.000 43.000
36.250 43.000
36.250 42.750
36.000 42.750
Building 4 5 0.062
36.000 43.250
36.250 43.250
36.250 43.000
36.000 43.000
Building 4 5 0.062
36.000 43.500
36.250 43.500
36.250 43.250
36.000 43.250
Building 4 5 0.062
36.000 43.750
36.250 43.750
36.250 43.500
36.000 43.500
Building 4 5 0.062
36.000 44.000
36.250 44.000
36.250 43.750
36.000 43.750
Building 4 5 0.062
36.000 44.250
36.250 44.250
36.250 44.000
36.000 44.000
Building 4 5 0.062
36.000 44.500
36.250 44.500
36.250 44.250
36.000 44.250
Building 4 5 0.062
36.000 44.750
36.250 44.750
36.250 44.500
36.000 44.500
Building 4 5 0.062
36.000 45.000
36.250 45.000
36.250 44.750
36.000 44.750
Building 4 5 0.062
36.000 45.250
36.250 45.250
36.250 45.000
36.000 45.000
Building 4 5 0.062
36.000 45.500
36.250 45.500
36.250 45.250
36.000 45.250
Building 4 5 0.062
36.000 45.750
36.250 45.750
36.250 45.500
36.000 45.500
Building 4 5 0.062
36.000 46.000
36.250 46.000
36.250 45.750
36.000 45.750
Building 4 5 0.062
36.000 46.250
36.250 46.250
36.250 46.000
36.000 46.000
Building 4 5 0.062
36.000 46.500
36.250 46.500
36.250 46.250
36.000 46.250
Building 4 5 0.062
36.000 46.750
36.250 46.750
36.250 46.500
36.000 46.500
Building 4 5 0.062
36.000 47.000
36.250 47.000
36.250 46.750
36.000 46.750
Building 4 5 0.062
36.000 47.250
36.250 47.250
36.250 47.000
36.000 47.000
Building 4 5 0.062
36.000 47.500
36.250 47.500
36.250 47.250
36.000 47.250
Building 4 5 0.062
36.000 47.750
36.250 47.750
36.250 47.500
36.000 47.500
Building 4 5 0.062
36.000 48.000
36.250 48.000
36.250 47.750
36.000 47.750
Building 4 5 0.062
36.000 48.250
36.250 48.250
36.250 48.000
36.000 48.000
Building 4 5 0.062
36.000 48.500
36.250 48.500
36.250 48.250
36.000 48.250
Building 4 5 0.062
36.000 48.750
36.250 48.750
36.250 48.500
36.000 48.500
Building 4 5 0.062
36.000 49.000
36.250 49.000
36.250 48.750
36.000 48.750
Building 4 5 0.062
36.000 49.250
36.250 49.250
36.250 49.000
36.000 49.000
Building 4 5 0.062
36.000 49.500
36.250 49.500
36.250 49.250
36.000 49.250
Building 4 5 0.062
36.000 49.750
36.250 49.750
36.250 49.500
36.000 49.500
Building 4 5 0.062
36.000 50.000
36.250 50.000
36.250 49.750
36.000 49.750
Building 4 5 0.062
36.000 50.250
36.250 50.250
36.250 50.000
36.000 50.000
Building 4 5 0.062
36.000 50.500
36.250 50.500
36.250 50.250
36.000 50.250
Building 4 5 0.062
36.000 50.750
36.250 50.750
36.250 50.500
36.000 50.500
Building 4 5 0.062
36.000 51.000
36.250 51.000
36.250 50.750
36.000 50.750
Building 4 5 0.062
36.000 51.250
36.250 51.250
36.250 51.000
36.000 51.000
Building 4 5 0.062
36.000 51.500
36.250 51.500
36.250 51.250
36.000 51.250
Building 4 5 0.062
36.000 51.750
36.250 51.750
36.250 51.500
36.000 51.500
Building 4 5 0.062
36.000 52.000
36.250 52.000
36.250 51.750
36.000 51.750
Building 4 5 0.062
36.000 52.250
36.250 52.250
36.250 52.000
36.000 52.000
Building 4 5 0.062
36.000 52.500
36.250 52.500
36.250 52.250
36.000 52.250
Building 4 5 0.062
36.000 52.750
36.250 52.750
36.250 52.500
36.000 52.500
Building 4 5 0.062
36.000 53.000
36.250 53.000
36.250 52.750
36.000 52.750
Building 4 5 0.062
36.000 53.250
36.250 53.250
36.250 53.000
36.000 53.000
Building 4 5 0.062
36.000 53.500
36.250 53.500
36.250 53.250
36.000 53.250
Building 4 5 0.062
36.000 53.750
36.250 53.750
36.250 53.500
36.000 53.500
Building 4 5 0.062
36.000 54.000
36.250 54.000
36.250 53.750
36.000 53.750
Building 4 5 0.062
36.000 54.250
36.250 54.250
36.250 54.000
36.000 54.000
Building 4 5 0.062
36.000 54.500
36.250 54.500
36.250 54.250
36.000 54.250
Building 4 5 0.062
36.000 54.750
36.250 54.750
36.250 54.500
36.000 54.500
Building 4 5 0.062
36.000 55.000
36.250 55.000
36.250 54.750
36.000 54.750
Building 4 5 0.062
36.000 55.250
36.250 55.250
36.250 55.000
36.000 55.000
Building 4 5 0.062
36.000 55.500
36.250 55.500
36.250 55.250
36.000 55.250
Building 4 5 0.062
36.000 55.750
36.250 55.750
36.250 55.500
36.000 55.500
Building 4 5 0.062
36.000 56.000
36.250 56.000
36.250 55.750
36.000 55.750
Building 4 5 0.062
36.000 56.250
36.250 56.250
36.250 56.000
36.000 56.000
Building 4 5 0.062
36.000 56.500
36.250 56.500
36.250 56.250
36.000 56.250
Building 4 5 0.062
36.000 56.750
36.250 56.750
36.250 56.500
36.000 56.500
Building 4 5 0.062
36.000 57.000
36.250 57.000
36.250 56.750
36.000 56.750
Building 4 5 0.062
36.000 57.250
36.250 57.250
36.250 57.000
36.000 57.000
Building 4 5 0.062
36.000 57.500
36.250 57.500
36.250 57.250
36.000 57.250
Building 4 5 0.062
36.000 57.750
36.250 57.750
36.250 57.500
36.000 57.500
Building 4 5 0.062
36.000 58.000
36.250 58.000
36.250 57.750
36.000 57.750
Building 4 5 0.062
36.000 58.250
36.250 58.250
36.250 58.000
36.000 58.000
Building 4 5 0.062
36.000 58.500
36.250 58.500
36.250 58.250
36.000 58.250
Building 4 5 0.062
36.000 58.750
36.250 58.750
36.250 58.500
36.000 58.500
Building 4 5 0.062
36.250 59.000
36.250 58.750
36.000 58.750
36.000 59.000
Building 4 5 0.062
36.000 61.000
36.000 61.250
36.250 61.250
36.250 61.000
Building 4 5 0.062
36.000 61.250
36.000 61.500
36.250 61.500
36.250 61.250
Building 4 5 0.062
36.000 61.500
36.000 61.750
36.250 61.750
36.250 61.500
Building 4 5 0.062
36.000 61.750
36.000 62.000
36.250 62.000
36.250 61.750
Building 4 5 0.062
36.000 62.000
36.000 62.250
36.250 62.250
36.250 62.000
Building 4 5 0.062
36.000 62.250
36.000 62.500
36.250 62.500
36.250 62.250
Building 4 5 0.062
36.000 62.500
36.000 62.750
36.250 62.750
36.250 62.500
Building 4 5 0.062
36.250 63.000
36.250 62.750
36.000 62.750
36.000 63.000
Building 4 5 0.062
36.250 26.000
36.250 26.250
36.500 26.250
36.500 26.000
Building 4 5 0.062
36.250 26.250
36.250 26.500
36.500 26.500
36.500 26.250
Building 4 5 0.062
36.250 26.500
36.250 26.750
36.500 26.750
36.500 26.500
Building 4 5 0.062
36.250 26.750
36.250 27.000
36.500 27.000
36.500 26.750
Building 4 5 0.062
36.250 27.000
36.250 27.250
36.500 27.250
36.500 27.000
Building 4 5 0.062
36.250 27.250
36.250 27.500
36.500 27.500
36.500 27.250
Building 4 5 0.062
36.250 27.500
36.250 27.750
36.500 27.750
36.500 27.500
Building 4 5 0.062
36.250 27.750
36.250 28.000
36.500 28.000
36.500 27.750
Building 4 5 0.062
36.250 28.000
36.250 28.250
36.500 28.250
36.500 28.000
Building 4 5 0.062
36.250 28.250
36.250 28.500
36.500 28.500
36.500 28.250
Building 4 5 0.062
36.250 28.500
36.250 28.750
36.500 28.750
36.500 28.500
Building 4 5 0.062
36.250 28.750
36.250 29.000
36.500 29.000
36.500 28.750
Building 4 5 0.062
36.250 29.000
36.250 29.250
36.500 29.250
36.500 29.000
Building 4 5 0.062
36.250 29.250
36.250 29.500
36.500 29.500
36.500 29.250
Building 4 5 0.062
36.250 29.500
36.250 29.750
36.500 29.750
36.500 29.500
Building 4 5 0.062
36.250 29.750
36.250 30.000
36.500 30.000
36.500 29.750
Building 4 5 0.062
36.250 30.000
36.250 30.250
36.500 30.250
36.500 30.000
Building 4 5 0.062
36.250 30.250
36.250 30.500
36.500 30.500
36.500 30.250
Building 4 5 0.062
36.250 30.500
36.250 30.750
36.500 30.750
36.500 30.500
Building 4 5 0.062
36.250 30.750
36.250 31.000
36.500 31.000
36.500 30.750
Building 4 5 0.062
36.250 31.000
36.250 31.250
36.500 31.250
36.500 31.000
Building 4 5 0.062
36.250 31.250
36.250 31.500
36.500 31.500
36.500 31.250
Building 4 5 0.062
36.250 31.500
36.250 31.750
36.500 31.750
36.500 31.500
Building 4 5 0.062
36.250 31.750
36.250 32.000
36.500 32.000
36.500 31.750
Building 4 5 0.062
36.250 32.000
36.250 32.250
36.500 32.250
36.500 32.000
Building 4 5 0.062
36.250 32.250
36.250 32.500
36.500 32.500
36.500 32.250
Building 4 5 0.062
36.250 32.500
36.250 32.750
36.500 32.750
36.500 32.500
Building 4 5 0.062
36.250 32.750
36.250 33.000
36.500 33.000
36.500 32.750
Building 4 5 0.062
36.250 33.000
36.250 33.250
36.500 33.250
36.500 33.000
Building 4 5 0.062
36.250 33.250
36.250 33.500
36.500 33.500
36.500 33.250
Building 4 5 0.062
36.250 33.500
36.250 33.750
36.500 33.750
36.500 33.500
Building 4 5 0.062
36.250 33.750
36.250 34.000
36.500 34.000
36.500 33.750
Building 4 5 0.062
36.250 34.000
36.250 34.250
36.500 34.250
36.500 34.000
Building 4 5 0.062
36.250 34.250
36.250 34.500
36.500 34.500
36.500 34.250
Building 4 5 0.062
36.250 34.500
36.250 34.750
36.500 34.750
36.500 34.500
Building 4 5 0.062
36.250 34.750
36.250 35.000
36.500 35.000
36.500 34.750
Building 4 5 0.062
36.250 35.000
36.250 35.250
36.500 35.250
36.500 35.000
Building 4 5 0.062
36.250 35.250
36.250 35.500
36.500 35.500
36.500 35.250
Building 4 5 0.062
36.250 35.500
36.250 35.750
36.500 35.750
36.500 35.500
Building 4 5 0.062
36.250 35.750
36.250 36.000
36.500 36.000
36.500 35.750
Building 4 5 0.062
36.250 36.000
36.250 36.250
36.500 36.250
36.500 36.000
Building 4 5 0.062
36.250 36.250
36.250 36.500
36.500 36.500
36.500 36.250
Building 4 5 0.062
36.250 36.500
36.250 36.750
36.500 36.750
36.500 36.500
Building 4 5 0.062
36.250 36.750
36.250 37.000
36.500 37.000
36.500 36.750
Building 4 5 0.062
36.250 37.000
36.250 37.250
36.500 37.250
36.500 37.000
Building 4 5 0.062
36.250 37.250
36.250 37.500
36.500 37.500
36.500 37.250
Building 4 5 0.062
36.250 37.500
36.250 37.750
36.500 37.750
36.500 37.500
Building 4 5 0.062
36.250 37.750
36.250 38.000
36.500 38.000
36.500 37.750
Building 4 5 0.062
36.250 38.000
36.250 38.250
36.500 38.250
36.500 38.000
Building 4 5 0.062
36.250 38.250
36.250 38.500
36.500 38.500
36.500 38.250
Building 4 5 0.062
36.250 38.500
36.250 38.750
36.500 38.750
36.500 38.500
Building 4 5 0.062
36.250 38.750
36.250 39.000
36.500 39.000
36.500 38.750
Building 4 5 0.062
36.250 39.000
36.250 39.250
36.500 39.250
36.500 39.000
Building 4 5 0.062
36.250 39.250
36.250 39.500
36.500 39.500
36.500 39.250
Building 4 5 0.062
36.250 39.500
36.250 39.750
36.500 39.750
36.500 39.500
Building 4 5 0.062
36.250 39.750
36.250 40.000
36.500 40.000
36.500 39.750
Building 4 5 0.062
36.250 40.000
36.250 40.250
36.500 40.250
36.500 40.000
Building 4 5 0.062
36.250 40.250
36.250 40.500
36.500 40.500
36.500 40.250
Building 4 5 0.062
36.250 40.500
36.250 40.750
36.500 40.750
36.500 40.500
Building 4 5 0.062
36.250 40.750
36.250 41.000
36.500 41.000
36.500 40.750
Building 4 5 0.062
36.250 41.000
36.250 41.250
36.500 41.250
36.500 41.000
Building 4 5 0.062
36.250 41.250
36.250 41.500
36.500 41.500
36.500 41.250
Building 4 5 0.062
36.250 41.500
36.250 41.750
36.500 41.750
36.500 41.500
Building 4 5 0.062
36.250 41.750
36.250 42.000
36.500 42.000
36.500 41.750
Building 4 5 0.062
36.250 42.000
36.250 42.250
36.500 42.250
36.500 42.000
Building 4 5 0.062
36.250 42.250
36.250 42.500
36.500 42.500
36.500 42.250
Building 4 5 0.062
36.250 42.500
36.250 42.750
36.500 42.750
36.500 42.500
Building 4 5 0.062
36.250 42.750
36.250 43.000
36.500 43.000
36.500 42.750
Building 4 5 0.062
36.250 43.000
36.250 43.250
36.500 43.250
36.500 43.000
Building 4 5 0.062
36.250 43.250
36.250 43.500
36.500 43.500
36.500 43.250
Building 4 5 0.062
36.250 43.500
36.250 43.750
36.500 43.750
36.500 43.500
Building 4 5 0.062
36.250 43.750
36.250 44.000
36.500 44.000
36.500 43.750
Building 4 5 0.062
36.250 44.000
36.250 44.250
36.500 44.250
36.500 44.000
Building 4 5 0.062
36.250 44.250
36.250 44.500
36.500 44.500
36.500 44.250
Building 4 5 0.062
36.250 44.500
36.250 44.750
36.500 44.750
36.500 44.500
Building 4 5 0.062
36.250 44.750
36.250 45.000
36.500 45.000
36.500 44.750
Building 4 5 0.062
36.250 45.000
36.250 45.250
36.500 45.250
36.500 45.000
Building 4 5 0.062
36.250 45.250
36.250 45.500
36.500 45.500
36.500 45.250
Building 4 5 0.062
36.250 45.500
36.250 45.750
36.500 45.750
36.500 45.500
Building 4 5 0.062
36.250 45.750
36.250 46.000
36.500 46.000
36.500 45.750
Building 4 5 0.062
36.250 46.000
36.250 46.250
36.500 46.250
36.500 46.000
Building 4 5 0.062
36.250 46.250
36.250 46.500
36.500 46.500
36.500 46.250
Building 4 5 0.062
36.250 46.500
36.250 46.750
36.500 46.750
36.500 46.500
Building 4 5 0.062
36.250 46.750
36.250 47.000
36.500 47.000
36.500 46.750
Building 4 5 0.062
36.250 47.000
36.250 47.250
36.500 47.250
36.500 47.000
Building 4 5 0.062
36.250 47.250
36.250 47.500
36.500 47.500
36.500 47.250
Building 4 5 0.062
36.250 47.500
36.250 47.750
36.500 47.750
36.500 47.500
Building 4 5 0.062
36.250 47.750
36.250 48.000
36.500 48.000
36.500 47.750
Building 4 5 0.062
36.250 48.000
36.250 48.250
36.500 48.250
36.500 48.000
Building 4 5 0.062
36.250 48.250
36.250 48.500
36.500 48.500
36.500 48.250
Building 4 5 0.062
36.250 48.500
36.250 48.750
36.500 48.750
36.500 48.500
Building 4 5 0.062
36.250 48.750
36.250 49.000
36.500 49.000
36.500 48.750
Building 4 5 0.062
36.250 49.000
36.250 49.250
36.500 49.250
36.500 49.000
Building 4 5 0.062
36.250 49.250
36.250 49.500
36.500 49.500
36.500 49.250
Building 4 5 0.062
36.250 49.500
36.250 49.750
36.500 49.750
36.500 49.500
Building 4 5 0.062
36.250 49.750
36.250 50.000
36.500 50.000
36.500 49.750
Building 4 5 0.062
36.250 50.000
36.250 50.250
36.500 50.250
36.500 50.000
Building 4 5 0.062
36.250 50.250
36.250 50.500
36.500 50.500
36.500 50.250
Building 4 5 0.062
36.250 50.500
36.250 50.750
36.500 50.750
36.500 50.500
Building 4 5 0.062
36.250 50.750
36.250 51.000
36.500 51.000
36.500 50.750
Building 4 5 0.062
36.250 51.000
36.250 51.250
36.500 51.250
36.500 51.000
Building 4 5 0.062
36.250 51.250
36.250 51.500
36.500 51.500
36.500 51.250
Building 4 5 0.062
36.250 51.500
36.250 51.750
36.500 51.750
36.500 51.500
Building 4 5 0.062
36.250 51.750
36.250 52.000
36.500 52.000
36.500 51.750
Building 4 5 0.062
36.250 52.000
36.250 52.250
36.500 52.250
36.500 52.000
Building 4 5 0.062
36.250 52.250
36.250 52.500
36.500 52.500
36.500 52.250
Building 4 5 0.062
36.250 52.500
36.250 52.750
36.500 52.750
36.500 52.500
Building 4 5 0.062
36.250 52.750
36.250 53.000
36.500 53.000
36.500 52.750
Building 4 5 0.062
36.250 53.000
36.250 53.250
36.500 53.250
36.500 53.000
Building 4 5 0.062
36.250 53.250
36.250 53.500
36.500 53.500
36.500 53.250
Building 4 5 0.062
36.250 53.500
36.250 53.750
36.500 53.750
36.500 53.500
Building 4 5 0.062
36.250 53.750
36.250 54.000
36.500 54.000
36.500 53.750
Building 4 5 0.062
36.250 54.000
36.250 54.250
36.500 54.250
36.500 54.000
Building 4 5 0.062
36.250 54.250
36.250 54.500
36.500 54.500
36.500 54.250
Building 4 5 0.062
36.250 54.500
36.250 54.750
36.500 54.750
36.500 54.500
Building 4 5 0.062
36.250 54.750
36.250 55.000
36.500 55.000
36.500 54.750
Building 4 5 0.062
36.250 55.000
36.250 55.250
36.500 55.250
36.500 55.000
Building 4 5 0.062
36.250 55.250
36.250 55.500
36.500 55.500
36.500 55.250
Building 4 5 0.062
36.250 55.500
36.250 55.750
36.500 55.750
36.500 55.500
Building 4 5 0.062
36.250 55.750
36.250 56.000
36.500 56.000
36.500 55.750
Building 4 5 0.062
36.250 56.000
36.250 56.250
36.500 56.250
36.500 56.000
Building 4 5 0.062
36.250 56.250
36.250 56.500
36.500 56.500
36.500 56.250
Building 4 5 0.062
36.250 56.500
36.250 56.750
36.500 56.750
36.500 56.500
Building 4 5 0.062
36.250 56.750
36.250 57.000
36.500 57.000
36.500 56.750
Building 4 5 0.062
36.250 57.000
36.250 57.250
36.500 57.250
36.500 57.000
Building 4 5 0.062
36.250 57.250
36.250 57.500
36.500 57.500
36.500 57.250
Building 4 5 0.062
36.250 57.500
36.250 57.750
36.500 57.750
36.500 57.500
Building 4 5 0.062
36.250 57.750
36.250 58.000
36.500 58.000
36.500 57.750
Building 4 5 0.062
36.250 58.000
36.250 58.250
36.500 58.250
36.500 58.000
Building 4 5 0.062
36.250 58.250
36.250 58.500
36.500 58.500
36.500 58.250
Building 4 5 0.062
36.250 58.500
36.250 58.750
36.500 58.750
36.500 58.500
Building 4 5 0.062
36.500 59.000
36.500 58.750
36.250 58.750
36.250 59.000
Building 4 5 0.062
36.250 61.000
36.250 61.250
36.500 61.250
36.500 61.000
Building 4 5 0.062
36.250 61.250
36.250 61.500
36.500 61.500
36.500 61.250
Building 4 5 0.062
36.250 61.500
36.250 61.750
36.500 61.750
36.500 61.500
Building 4 5 0.062
36.250 61.750
36.250 62.000
36.500 62.000
36.500 61.750
Building 4 5 0.062
36.250 62.000
36.250 62.250
36.500 62.250
36.500 62.000
Building 4 5 0.062
36.250 62.250
36.250 62.500
36.500 62.500
36.500 62.250
Building 4 5 0.062
36.250 62.500
36.250 62.750
36.500 62.750
36.500 62.500
Building 4 5 0.062
36.500 63.000
36.500 62.750
36.250 62.750
36.250 63.000
Building 4 5 0.062
36.500 26.000
36.500 26.250
36.750 26.250
36.750 26.000
Building 4 5 0.062
36.500 26.250
36.500 26.500
36.750 26.500
36.750 26.250
Building 4 5 0.062
36.500 26.500
36.500 26.750
36.750 26.750
36.750 26.500
Building 4 5 0.062
36.500 26.750
36.500 27.000
36.750 27.000
36.750 26.750
Building 4 5 0.062
36.500 27.000
36.500 27.250
36.750 27.250
36.750 27.000
Building 4 5 0.062
36.500 27.250
36.500 27.500
36.750 27.500
36.750 27.250
Building 4 5 0.062
36.500 27.500
36.500 27.750
36.750 27.750
36.750 27.500
Building 4 5 0.062
36.500 27.750
36.500 28.000
36.750 28.000
36.750 27.750
Building 4 5 0.062
36.500 28.000
36.500 28.250
36.750 28.250
36.750 28.000
Building 4 5 0.062
36.500 28.250
36.500 28.500
36.750 28.500
36.750 28.250
Building 4 5 0.062
36.500 28.500
36.500 28.750
36.750 28.750
36.750 28.500
Building 4 5 0.062
36.500 28.750
36.500 29.000
36.750 29.000
36.750 28.750
Building 4 5 0.062
36.500 29.000
36.500 29.250
36.750 29.250
36.750 29.000
Building 4 5 0.062
36.500 29.250
36.500 29.500
36.750 29.500
36.750 29.250
Building 4 5 0.062
36.500 29.500
36.500 29.750
36.750 29.750
36.750 29.500
Building 4 5 0.062
36.500 29.750
36.500 30.000
36.750 30.000
36.750 29.750
Building 4 5 0.062
36.500 30.000
36.500 30.250
36.750 30.250
36.750 30.000
Building 4 5 0.062
36.500 30.250
36.500 30.500
36.750 30.500
36.750 30.250
Building 4 5 0.062
36.500 30.500
36.500 30.750
36.750 30.750
36.750 30.500
Building 4 5 0.062
36.500 30.750
36.500 31.000
36.750 31.000
36.750 30.750
Building 4 5 0.062
36.500 31.000
36.500 31.250
36.750 31.250
36.750 31.000
Building 4 5 0.062
36.500 31.250
36.500 31.500
36.750 31.500
36.750 31.250
Building 4 5 0.062
36.500 31.500
36.500 31.750
36.750 31.750
36.750 31.500
Building 4 5 0.062
36.500 31.750
36.500 32.000
36.750 32.000
36.750 31.750
Building 4 5 0.062
36.500 32.000
36.500 32.250
36.750 32.250
36.750 32.000
Building 4 5 0.062
36.500 32.250
36.500 32.500
36.750 32.500
36.750 32.250
Building 4 5 0.062
36.500 32.500
36.500 32.750
36.750 32.750
36.750 32.500
Building 4 5 0.062
36.500 32.750
36.500 33.000
36.750 33.000
36.750 32.750
Building 4 5 0.062
36.500 33.000
36.500 33.250
36.750 33.250
36.750 33.000
Building 4 5 0.062
36.500 33.250
36.500 33.500
36.750 33.500
36.750 33.250
Building 4 5 0.062
36.500 33.500
36.500 33.750
36.750 33.750
36.750 33.500
Building 4 5 0.062
36.500 33.750
36.500 34.000
36.750 34.000
36.750 33.750
Building 4 5 0.062
36.500 34.000
36.500 34.250
36.750 34.250
36.750 34.000
Building 4 5 0.062
36.500 34.250
36.500 34.500
36.750 34.500
36.750 34.250
Building 4 5 0.062
36.500 34.500
36.500 34.750
36.750 34.750
36.750 34.500
Building 4 5 0.062
36.500 34.750
36.500 35.000
36.750 35.000
36.750 34.750
Building 4 5 0.062
36.500 35.000
36.500 35.250
36.750 35.250
36.750 35.000
Building 4 5 0.062
36.500 35.250
36.500 35.500
36.750 35.500
36.750 35.250
Building 4 5 0.062
36.500 35.500
36.500 35.750
36.750 35.750
36.750 35.500
Building 4 5 0.062
36.500 35.750
36.500 36.000
36.750 36.000
36.750 35.750
Building 4 5 0.062
36.500 36.000
36.500 36.250
36.750 36.250
36.750 36.000
Building 4 5 0.062
36.500 36.250
36.500 36.500
36.750 36.500
36.750 36.250
Building 4 5 0.062
36.500 36.500
36.500 36.750
36.750 36.750
36.750 36.500
Building 4 5 0.062
36.500 36.750
36.500 37.000
36.750 37.000
36.750 36.750
Building 4 5 0.062
36.500 37.000
36.500 37.250
36.750 37.250
36.750 37.000
Building 4 5 0.062
36.500 37.250
36.500 37.500
36.750 37.500
36.750 37.250
Building 4 5 0.062
36.500 37.500
36.500 37.750
36.750 37.750
36.750 37.500
Building 4 5 0.062
36.500 37.750
36.500 38.000
36.750 38.000
36.750 37.750
Building 4 5 0.062
36.500 38.000
36.500 38.250
36.750 38.250
36.750 38.000
Building 4 5 0.062
36.500 38.250
36.500 38.500
36.750 38.500
36.750 38.250
Building 4 5 0.062
36.500 38.500
36.500 38.750
36.750 38.750
36.750 38.500
Building 4 5 0.062
36.500 38.750
36.500 39.000
36.750 39.000
36.750 38.750
Building 4 5 0.062
36.500 39.000
36.500 39.250
36.750 39.250
36.750 39.000
Building 4 5 0.062
36.500 39.250
36.500 39.500
36.750 39.500
36.750 39.250
Building 4 5 0.062
36.500 39.500
36.500 39.750
36.750 39.750
36.750 39.500
Building 4 5 0.062
36.500 39.750
36.500 40.000
36.750 40.000
36.750 39.750
Building 4 5 0.062
36.500 40.000
36.500 40.250
36.750 40.250
36.750 40.000
Building 4 5 0.062
36.500 40.250
36.500 40.500
36.750 40.500
36.750 40.250
Building 4 5 0.062
36.500 40.500
36.500 40.750
36.750 40.750
36.750 40.500
Building 4 5 0.062
36.500 40.750
36.500 41.000
36.750 41.000
36.750 40.750
Building 4 5 0.062
36.500 41.000
36.500 41.250
36.750 41.250
36.750 41.000
Building 4 5 0.062
36.500 41.250
36.500 41.500
36.750 41.500
36.750 41.250
Building 4 5 0.062
36.500 41.500
36.500 41.750
36.750 41.750
36.750 41.500
Building 4 5 0.062
36.500 41.750
36.500 42.000
36.750 42.000
36.750 41.750
Building 4 5 0.062
36.500 42.000
36.500 42.250
36.750 42.250
36.750 42.000
Building 4 5 0.062
36.500 42.250
36.500 42.500
36.750 42.500
36.750 42.250
Building 4 5 0.062
36.500 42.500
36.500 42.750
36.750 42.750
36.750 42.500
Building 4 5 0.062
36.500 42.750
36.500 43.000
36.750 43.000
36.750 42.750
Building 4 5 0.062
36.500 43.000
36.500 43.250
36.750 43.250
36.750 43.000
Building 4 5 0.062
36.500 43.250
36.500 43.500
36.750 43.500
36.750 43.250
Building 4 5 0.062
36.500 43.500
36.500 43.750
36.750 43.750
36.750 43.500
Building 4 5 0.062
36.500 43.750
36.500 44.000
36.750 44.000
36.750 43.750
Building 4 5 0.062
36.500 44.000
36.500 44.250
36.750 44.250
36.750 44.000
Building 4 5 0.062
36.500 44.250
36.500 44.500
36.750 44.500
36.750 44.250
Building 4 5 0.062
36.500 44.500
36.500 44.750
36.750 44.750
36.750 44.500
Building 4 5 0.062
36.500 44.750
36.500 45.000
36.750 45.000
36.750 44.750
Building 4 5 0.062
36.500 45.000
36.500 45.250
36.750 45.250
36.750 45.000
Building 4 5 0.062
36.500 45.250
36.500 45.500
36.750 45.500
36.750 45.250
Building 4 5 0.062
36.500 45.500
36.500 45.750
36.750 45.750
36.750 45.500
Building 4 5 0.062
36.500 45.750
36.500 46.000
36.750 46.000
36.750 45.750
Building 4 5 0.062
36.500 46.000
36.500 46.250
36.750 46.250
36.750 46.000
Building 4 5 0.062
36.500 46.250
36.500 46.500
36.750 46.500
36.750 46.250
Building 4 5 0.062
36.500 46.500
36.500 46.750
36.750 46.750
36.750 46.500
Building 4 5 0.062
36.500 46.750
36.500 47.000
36.750 47.000
36.750 46.750
Building 4 5 0.062
36.500 47.000
36.500 47.250
36.750 47.250
36.750 47.000
Building 4 5 0.062
36.500 47.250
36.500 47.500
36.750 47.500
36.750 47.250
Building 4 5 0.062
36.500 47.500
36.500 47.750
36.750 47.750
36.750 47.500
Building 4 5 0.062
36.500 47.750
36.500 48.000
36.750 48.000
36.750 47.750
Building 4 5 0.062
36.500 48.000
36.500 48.250
36.750 48.250
36.750 48.000
Building 4 5 0.062
36.500 48.250
36.500 48.500
36.750 48.500
36.750 48.250
Building 4 5 0.062
36.500 48.500
36.500 48.750
36.750 48.750
36.750 48.500
Building 4 5 0.062
36.500 48.750
36.500 49.000
36.750 49.000
36.750 48.750
Building 4 5 0.062
36.500 49.000
36.500 49.250
36.750 49.250
36.750 49.000
Building 4 5 0.062
36.500 49.250
36.500 49.500
36.750 49.500
36.750 49.250
Building 4 5 0.062
36.500 49.500
36.500 49.750
36.750 49.750
36.750 49.500
Building 4 5 0.062
36.500 49.750
36.500 50.000
36.750 50.000
36.750 49.750
Building 4 5 0.062
36.500 50.000
36.500 50.250
36.750 50.250
36.750 50.000
Building 4 5 0.062
36.500 50.250
36.500 50.500
36.750 50.500
36.750 50.250
Building 4 5 0.062
36.500 50.500
36.500 50.750
36.750 50.750
36.750 50.500
Building 4 5 0.062
36.500 50.750
36.500 51.000
36.750 51.000
36.750 50.750
Building 4 5 0.062
36.500 51.000
36.500 51.250
36.750 51.250
36.750 51.000
Building 4 5 0.062
36.500 51.250
36.500 51.500
36.750 51.500
36.750 51.250
Building 4 5 0.062
36.500 51.500
36.500 51.750
36.750 51.750
36.750 51.500
Building 4 5 0.062
36.500 51.750
36.500 52.000
36.750 52.000
36.750 51.750
Building 4 5 0.062
36.500 52.000
36.500 52.250
36.750 52.250
36.750 52.000
Building 4 5 0.062
36.500 52.250
36.500 52.500
36.750 52.500
36.750 52.250
Building 4 5 0.062
36.500 52.500
36.500 52.750
36.750 52.750
36.750 52.500
Building 4 5 0.062
36.500 52.750
36.500 53.000
36.750 53.000
36.750 52.750
Building 4 5 0.062
36.500 53.000
36.500 53.250
36.750 53.250
36.750 53.000
Building 4 5 0.062
36.500 53.250
36.500 53.500
36.750 53.500
36.750 53.250
Building 4 5 0.062
36.500 53.500
36.500 53.750
36.750 53.750
36.750 53.500
Building 4 5 0.062
36.500 53.750
36.500 54.000
36.750 54.000
36.750 53.750
Building 4 5 0.062
36.500 54.000
36.500 54.250
36.750 54.250
36.750 54.000
Building 4 5 0.062
36.500 54.250
36.500 54.500
36.750 54.500
36.750 54.250
Building 4 5 0.062
36.500 54.500
36.500 54.750
36.750 54.750
36.750 54.500
Building 4 5 0.062
36.500 54.750
36.500 55.000
36.750 55.000
36.750 54.750
Building 4 5 0.062
36.500 55.000
36.500 55.250
36.750 55.250
36.750 55.000
Building 4 5 0.062
36.500 55.250
36.500 55.500
36.750 55.500
36.750 55.250
Building 4 5 0.062
36.500 55.500
36.500 55.750
36.750 55.750
36.750 55.500
Building 4 5 0.062
36.500 55.750
36.500 56.000
36.750 56.000
36.750 55.750
Building 4 5 0.062
36.500 56.000
36.500 56.250
36.750 56.250
36.750 56.000
Building 4 5 0.062
36.500 56.250
36.500 56.500
36.750 56.500
36.750 56.250
Building 4 5 0.062
36.500 56.500
36.500 56.750
36.750 56.750
36.750 56.500
Building 4 5 0.062
36.500 56.750
36.500 57.000
36.750 57.000
36.750 56.750
Building 4 5 0.062
36.500 57.000
36.500 57.250
36.750 57.250
36.750 57.000
Building 4 5 0.062
36.500 57.250
36.500 57.500
36.750 57.500
36.750 57.250
Building 4 5 0.062
36.500 57.500
36.500 57.750
36.750 57.750
36.750 57.500
Building 4 5 0.062
36.500 57.750
36.500 58.000
36.750 58.000
36.750 57.750
Building 4 5 0.062
36.500 58.000
36.500 58.250
36.750 58.250
36.750 58.000
Building 4 5 0.062
36.500 58.250
36.500 58.500
36.750 58.500
36.750 58.250
Building 4 5 0.062
36.500 58.500
36.500 58.750
36.750 58.750
36.750 58.500
Building 4 5 0.062
36.750 59.000
36.750 58.750
36.500 58.750
36.500 59.000
Building 4 5 0.062
36.500 61.000
36.500 61.250
36.750 61.250
36.750 61.000
Building 4 5 0.062
36.500 61.250
36.500 61.500
36.750 61.500
36.750 61.250
Building 4 5 0.062
36.500 61.500
36.500 61.750
36.750 61.750
36.750 61.500
Building 4 5 0.062
36.500 61.750
36.500 62.000
36.750 62.000
36.750 61.750
Building 4 5 0.062
36.500 62.000
36.500 62.250
36.750 62.250
36.750 62.000
Building 4 5 0.062
36.500 62.250
36.500 62.500
36.750 62.500
36.750 62.250
Building 4 5 0.062
36.500 62.500
36.500 62.750
36.750 62.750
36.750 62.500
Building 4 5 0.062
36.750 63.000
36.750 62.750
36.500 62.750
36.500 63.000
Building 4 5 0.062
36.750 26.000
36.750 26.250
37.000 26.250
37.000 26.000
Building 4 5 0.062
36.750 26.250
36.750 26.500
37.000 26.500
37.000 26.250
Building 4 5 0.062
36.750 26.500
36.750 26.750
37.000 26.750
37.000 26.500
Building 4 5 0.062
36.750 26.750
36.750 27.000
37.000 27.000
37.000 26.750
Building 4 5 0.062
36.750 27.000
36.750 27.250
37.000 27.250
37.000 27.000
Building 4 5 0.062
36.750 27.250
36.750 27.500
37.000 27.500
37.000 27.250
Building 4 5 0.062
36.750 27.500
36.750 27.750
37.000 27.750
37.000 27.500
Building 4 5 0.062
36.750 27.750
36.750 28.000
37.000 28.000
37.000 27.750
Building 4 5 0.062
36.750 28.000
36.750 28.250
37.000 28.250
37.000 28.000
Building 4 5 0.062
36.750 28.250
36.750 28.500
37.000 28.500
37.000 28.250
Building 4 5 0.062
36.750 28.500
36.750 28.750
37.000 28.750
37.000 28.500
Building 4 5 0.062
36.750 28.750
36.750 29.000
37.000 29.000
37.000 28.750
Building 4 5 0.062
36.750 29.000
36.750 29.250
37.000 29.250
37.000 29.000
Building 4 5 0.062
36.750 29.250
36.750 29.500
37.000 29.500
37.000 29.250
Building 4 5 0.062
36.750 29.500
36.750 29.750
37.000 29.750
37.000 29.500
Building 4 5 0.062
36.750 29.750
36.750 30.000
37.000 30.000
37.000 29.750
Building 4 5 0.062
36.750 30.000
36.750 30.250
37.000 30.250
37.000 30.000
Building 4 5 0.062
36.750 30.250
36.750 30.500
37.000 30.500
37.000 30.250
Building 4 5 0.062
36.750 30.500
36.750 30.750
37.000 30.750
37.000 30.500
Building 4 5 0.062
36.750 30.750
36.750 31.000
37.000 31.000
37.000 30.750
Building 4 5 0.062
36.750 31.000
36.750 31.250
37.000 31.250
37.000 31.000
Building 4 5 0.062
36.750 31.250
36.750 31.500
37.000 31.500
37.000 31.250
Building 4 5 0.062
36.750 31.500
36.750 31.750
37.000 31.750
37.000 31.500
Building 4 5 0.062
36.750 31.750
36.750 32.000
37.000 32.000
37.000 31.750
Building 4 5 0.062
36.750 32.000
36.750 32.250
37.000 32.250
37.000 32.000
Building 4 5 0.062
36.750 32.250
36.750 32.500
37.000 32.500
37.000 32.250
Building 4 5 0.062
36.750 32.500
36.750 32.750
37.000 32.750
37.000 32.500
Building 4 5 0.062
36.750 32.750
36.750 33.000
37.000 33.000
37.000 32.750
Building 4 5 0.062
36.750 33.000
36.750 33.250
37.000 33.250
37.000 33.000
Building 4 5 0.062
36.750 33.250
36.750 33.500
37.000 33.500
37.000 33.250
Building 4 5 0.062
36.750 33.500
36.750 33.750
37.000 33.750
37.000 33.500
Building 4 5 0.062
36.750 33.750
36.750 34.000
37.000 34.000
37.000 33.750
Building 4 5 0.062
36.750 34.000
36.750 34.250
37.000 34.250
37.000 34.000
Building 4 5 0.062
36.750 34.250
36.750 34.500
37.000 34.500
37.000 34.250
Building 4 5 0.062
36.750 34.500
36.750 34.750
37.000 34.750
37.000 34.500
Building 4 5 0.062
36.750 34.750
36.750 35.000
37.000 35.000
37.000 34.750
Building 4 5 0.062
36.750 35.000
36.750 35.250
37.000 35.250
37.000 35.000
Building 4 5 0.062
36.750 35.250
36.750 35.500
37.000 35.500
37.000 35.250
Building 4 5 0.062
36.750 35.500
36.750 35.750
37.000 35.750
37.000 35.500
Building 4 5 0.062
36.750 35.750
36.750 36.000
37.000 36.000
37.000 35.750
Building 4 5 0.062
36.750 36.000
36.750 36.250
37.000 36.250
37.000 36.000
Building 4 5 0.062
36.750 36.250
36.750 36.500
37.000 36.500
37.000 36.250
Building 4 5 0.062
36.750 36.500
36.750 36.750
37.000 36.750
37.000 36.500
Building 4 5 0.062
36.750 36.750
36.750 37.000
37.000 37.000
37.000 36.750
Building 4 5 0.062
36.750 37.000
36.750 37.250
37.000 37.250
37.000 37.000
Building 4 5 0.062
36.750 37.250
36.750 37.500
37.000 37.500
37.000 37.250
Building 4 5 0.062
36.750 37.500
36.750 37.750
37.000 37.750
37.000 37.500
Building 4 5 0.062
36.750 37.750
36.750 38.000
37.000 38.000
37.000 37.750
Building 4 5 0.062
36.750 38.000
36.750 38.250
37.000 38.250
37.000 38.000
Building 4 5 0.062
36.750 38.250
36.750 38.500
37.000 38.500
37.000 38.250
Building 4 5 0.062
36.750 38.500
36.750 38.750
37.000 38.750
37.000 38.500
Building 4 5 0.062
36.750 38.750
36.750 39.000
37.000 39.000
37.000 38.750
Building 4 5 0.062
36.750 39.000
36.750 39.250
37.000 39.250
37.000 39.000
Building 4 5 0.062
36.750 39.250
36.750 39.500
37.000 39.500
37.000 39.250
Building 4 5 0.062
36.750 39.500
36.750 39.750
37.000 39.750
37.000 39.500
Building 4 5 0.062
36.750 39.750
36.750 40.000
37.000 40.000
37.000 39.750
Building 4 5 0.062
36.750 40.000
36.750 40.250
37.000 40.250
37.000 40.000
Building 4 5 0.062
36.750 40.250
36.750 40.500
37.000 40.500
37.000 40.250
Building 4 5 0.062
36.750 40.500
36.750 40.750
37.000 40.750
37.000 40.500
Building 4 5 0.062
36.750 40.750
36.750 41.000
37.000 41.000
37.000 40.750
Building 4 5 0.062
36.750 41.000
36.750 41.250
37.000 41.250
37.000 41.000
Building 4 5 0.062
36.750 41.250
36.750 41.500
37.000 41.500
37.000 41.250
Building 4 5 0.062
36.750 41.500
36.750 41.750
37.000 41.750
37.000 41.500
Building 4 5 0.062
36.750 41.750
36.750 42.000
37.000 42.000
37.000 41.750
Building 4 5 0.062
36.750 42.000
36.750 42.250
37.000 42.250
37.000 42.000
Building 4 5 0.062
36.750 42.250
36.750 42.500
37.000 42.500
37.000 42.250
Building 4 5 0.062
36.750 42.500
36.750 42.750
37.000 42.750
37.000 42.500
Building 4 5 0.062
36.750 42.750
36.750 43.000
37.000 43.000
37.000 42.750
Building 4 5 0.062
36.750 43.000
36.750 43.250
37.000 43.250
37.000 43.000
Building 4 5 0.062
36.750 43.250
36.750 43.500
37.000 43.500
37.000 43.250
Building 4 5 0.062
36.750 43.500
36.750 43.750
37.000 43.750
37.000 43.500
Building 4 5 0.062
36.750 43.750
36.750 44.000
37.000 44.000
37.000 43.750
Building 4 5 0.062
36.750 44.000
36.750 44.250
37.000 44.250
37.000 44.000
Building 4 5 0.062
36.750 44.250
36.750 44.500
37.000 44.500
37.000 44.250
Building 4 5 0.062
36.750 44.500
36.750 44.750
37.000 44.750
37.000 44.500
Building 4 5 0.062
36.750 44.750
36.750 45.000
37.000 45.000
37.000 44.750
Building 4 5 0.062
36.750 45.000
36.750 45.250
37.000 45.250
37.000 45.000
Building 4 5 0.062
36.750 45.250
36.750 45.500
37.000 45.500
37.000 45.250
Building 4 5 0.062
36.750 45.500
36.750 45.750
37.000 45.750
37.000 45.500
Building 4 5 0.062
36.750 45.750
36.750 46.000
37.000 46.000
37.000 45.750
Building 4 5 0.062
36.750 46.000
36.750 46.250
37.000 46.250
37.000 46.000
Building 4 5 0.062
36.750 46.250
36.750 46.500
37.000 46.500
37.000 46.250
Building 4 5 0.062
36.750 46.500
36.750 46.750
37.000 46.750
37.000 46.500
Building 4 5 0.062
36.750 46.750
36.750 47.000
37.000 47.000
37.000 46.750
Building 4 5 0.062
36.750 47.000
36.750 47.250
37.000 47.250
37.000 47.000
Building 4 5 0.062
36.750 47.250
36.750 47.500
37.000 47.500
37.000 47.250
Building 4 5 0.062
36.750 47.500
36.750 47.750
37.000 47.750
37.000 47.500
Building 4 5 0.062
36.750 47.750
36.750 48.000
37.000 48.000
37.000 47.750
Building 4 5 0.062
36.750 48.000
36.750 48.250
37.000 48.250
37.000 48.000
Building 4 5 0.062
36.750 48.250
36.750 48.500
37.000 48.500
37.000 48.250
Building 4 5 0.062
36.750 48.500
36.750 48.750
37.000 48.750
37.000 48.500
Building 4 5 0.062
36.750 48.750
36.750 49.000
37.000 49.000
37.000 48.750
Building 4 5 0.062
36.750 49.000
36.750 49.250
37.000 49.250
37.000 49.000
Building 4 5 0.062
36.750 49.250
36.750 49.500
37.000 49.500
37.000 49.250
Building 4 5 0.062
36.750 49.500
36.750 49.750
37.000 49.750
37.000 49.500
Building 4 5 0.062
36.750 49.750
36.750 50.000
37.000 50.000
37.000 49.750
Building 4 5 0.062
36.750 50.000
36.750 50.250
37.000 50.250
37.000 50.000
Building 4 5 0.062
36.750 50.250
36.750 50.500
37.000 50.500
37.000 50.250
Building 4 5 0.062
36.750 50.500
36.750 50.750
37.000 50.750
37.000 50.500
Building 4 5 0.062
36.750 50.750
36.750 51.000
37.000 51.000
37.000 50.750
Building 4 5 0.062
36.750 51.000
36.750 51.250
37.000 51.250
37.000 51.000
Building 4 5 0.062
36.750 51.250
36.750 51.500
37.000 51.500
37.000 51.250
Building 4 5 0.062
36.750 51.500
36.750 51.750
37.000 51.750
37.000 51.500
Building 4 5 0.062
36.750 51.750
36.750 52.000
37.000 52.000
37.000 51.750
Building 4 5 0.062
36.750 52.000
36.750 52.250
37.000 52.250
37.000 52.000
Building 4 5 0.062
36.750 52.250
36.750 52.500
37.000 52.500
37.000 52.250
Building 4 5 0.062
36.750 52.500
36.750 52.750
37.000 52.750
37.000 52.500
Building 4 5 0.062
36.750 52.750
36.750 53.000
37.000 53.000
37.000 52.750
Building 4 5 0.062
36.750 53.000
36.750 53.250
37.000 53.250
37.000 53.000
Building 4 5 0.062
36.750 53.250
36.750 53.500
37.000 53.500
37.000 53.250
Building 4 5 0.062
36.750 53.500
36.750 53.750
37.000 53.750
37.000 53.500
Building 4 5 0.062
36.750 53.750
36.750 54.000
37.000 54.000
37.000 53.750
Building 4 5 0.062
36.750 54.000
36.750 54.250
37.000 54.250
37.000 54.000
Building 4 5 0.062
36.750 54.250
36.750 54.500
37.000 54.500
37.000 54.250
Building 4 5 0.062
36.750 54.500
36.750 54.750
37.000 54.750
37.000 54.500
Building 4 5 0.062
36.750 54.750
36.750 55.000
37.000 55.000
37.000 54.750
Building 4 5 0.062
36.750 55.000
36.750 55.250
37.000 55.250
37.000 55.000
Building 4 5 0.062
36.750 55.250
36.750 55.500
37.000 55.500
37.000 55.250
Building 4 5 0.062
36.750 55.500
36.750 55.750
37.000 55.750
37.000 55.500
Building 4 5 0.062
36.750 55.750
36.750 56.000
37.000 56.000
37.000 55.750
Building 4 5 0.062
36.750 56.000
36.750 56.250
37.000 56.250
37.000 56.000
Building 4 5 0.062
36.750 56.250
36.750 56.500
37.000 56.500
37.000 56.250
Building 4 5 0.062
36.750 56.500
36.750 56.750
37.000 56.750
37.000 56.500
Building 4 5 0.062
36.750 56.750
36.750 57.000
37.000 57.000
37.000 56.750
Building 4 5 0.062
36.750 57.000
36.750 57.250
37.000 57.250
37.000 57.000
Building 4 5 0.062
36.750 57.250
36.750 57.500
37.000 57.500
37.000 57.250
Building 4 5 0.062
36.750 57.500
36.750 57.750
37.000 57.750
37.000 57.500
Building 4 5 0.062
36.750 57.750
36.750 58.000
37.000 58.000
37.000 57.750
Building 4 5 0.062
36.750 58.000
36.750 58.250
37.000 58.250
37.000 58.000
Building 4 5 0.062
36.750 58.250
36.750 58.500
37.000 58.500
37.000 58.250
Building 4 5 0.062
36.750 58.500
36.750 58.750
37.000 58.750
37.000 58.500
Building 4 5 0.062
37.000 59.000
37.000 58.750
36.750 58.750
36.750 59.000
Building 4 5 0.062
36.750 61.000
36.750 61.250
37.000 61.250
37.000 61.000
Building 4 5 0.062
36.750 61.250
36.750 61.500
37.000 61.500
37.000 61.250
Building 4 5 0.062
36.750 61.500
36.750 61.750
37.000 61.750
37.000 61.500
Building 4 5 0.062
36.750 61.750
36.750 62.000
37.000 62.000
37.000 61.750
Building 4 5 0.062
36.750 62.000
36.750 62.250
37.000 62.250
37.000 62.000
Building 4 5 0.062
36.750 62.250
36.750 62.500
37.000 62.500
37.000 62.250
Building 4 5 0.062
36.750 62.500
36.750 62.750
37.000 62.750
37.000 62.500
Building 4 5 0.062
37.000 63.000
37.000 62.750
36.750 62.750
36.750 63.000
Building 4 5 0.062
37.000 26.000
37.000 26.250
37.250 26.250
37.250 26.000
Building 4 5 0.062
37.000 26.250
37.000 26.500
37.250 26.500
37.250 26.250
Building 4 5 0.062
37.000 26.500
37.000 26.750
37.250 26.750
37.250 26.500
Building 4 5 0.062
37.000 26.750
37.000 27.000
37.250 27.000
37.250 26.750
Building 4 5 0.062
37.000 27.000
37.000 27.250
37.250 27.250
37.250 27.000
Building 4 5 0.062
37.000 27.250
37.000 27.500
37.250 27.500
37.250 27.250
Building 4 5 0.062
37.000 27.500
37.000 27.750
37.250 27.750
37.250 27.500
Building 4 5 0.062
37.000 27.750
37.000 28.000
37.250 28.000
37.250 27.750
Building 4 5 0.062
37.000 28.000
37.000 28.250
37.250 28.250
37.250 28.000
Building 4 5 0.062
37.000 28.250
37.000 28.500
37.250 28.500
37.250 28.250
Building 4 5 0.062
37.000 28.500
37.000 28.750
37.250 28.750
37.250 28.500
Building 4 5 0.062
37.000 28.750
37.000 29.000
37.250 29.000
37.250 28.750
Building 4 5 0.062
37.000 29.000
37.000 29.250
37.250 29.250
37.250 29.000
Building 4 5 0.062
37.000 29.250
37.000 29.500
37.250 29.500
37.250 29.250
Building 4 5 0.062
37.000 29.500
37.000 29.750
37.250 29.750
37.250 29.500
Building 4 5 0.062
37.000 29.750
37.000 30.000
37.250 30.000
37.250 29.750
Building 4 5 0.062
37.000 30.000
37.000 30.250
37.250 30.250
37.250 30.000
Building 4 5 0.062
37.000 30.250
37.000 30.500
37.250 30.500
37.250 30.250
Building 4 5 0.062
37.000 30.500
37.000 30.750
37.250 30.750
37.250 30.500
Building 4 5 0.062
37.000 30.750
37.000 31.000
37.250 31.000
37.250 30.750
Building 4 5 0.062
37.000 31.000
37.000 31.250
37.250 31.250
37.250 31.000
Building 4 5 0.062
37.000 31.250
37.000 31.500
37.250 31.500
37.250 31.250
Building 4 5 0.062
37.000 31.500
37.000 31.750
37.250 31.750
37.250 31.500
Building 4 5 0.062
37.000 31.750
37.000 32.000
37.250 32.000
37.250 31.750
Building 4 5 0.062
37.000 32.000
37.000 32.250
37.250 32.250
37.250 32.000
Building 4 5 0.062
37.000 32.250
37.000 32.500
37.250 32.500
37.250 32.250
Building 4 5 0.062
37.000 32.500
37.000 32.750
37.250 32.750
37.250 32.500
Building 4 5 0.062
37.000 32.750
37.000 33.000
37.250 33.000
37.250 32.750
Building 4 5 0.062
37.000 33.000
37.000 33.250
37.250 33.250
37.250 33.000
Building 4 5 0.062
37.000 33.250
37.000 33.500
37.250 33.500
37.250 33.250
Building 4 5 0.062
37.000 33.500
37.000 33.750
37.250 33.750
37.250 33.500
Building 4 5 0.062
37.000 33.750
37.000 34.000
37.250 34.000
37.250 33.750
Building 4 5 0.062
37.000 34.000
37.000 34.250
37.250 34.250
37.250 34.000
Building 4 5 0.062
37.000 34.250
37.000 34.500
37.250 34.500
37.250 34.250
Building 4 5 0.062
37.000 34.500
37.000 34.750
37.250 34.750
37.250 34.500
Building 4 5 0.062
37.000 34.750
37.000 35.000
37.250 35.000
37.250 34.750
Building 4 5 0.062
37.000 35.000
37.000 35.250
37.250 35.250
37.250 35.000
Building 4 5 0.062
37.000 35.250
37.000 35.500
37.250 35.500
37.250 35.250
Building 4 5 0.062
37.000 35.500
37.000 35.750
37.250 35.750
37.250 35.500
Building 4 5 0.062
37.000 35.750
37.000 36.000
37.250 36.000
37.250 35.750
Building 4 5 0.062
37.000 36.000
37.000 36.250
37.250 36.250
37.250 36.000
Building 4 5 0.062
37.000 36.250
37.000 36.500
37.250 36.500
37.250 36.250
Building 4 5 0.062
37.000 36.500
37.000 36.750
37.250 36.750
37.250 36.500
Building 4 5 0.062
37.000 36.750
37.000 37.000
37.250 37.000
37.250 36.750
Building 4 5 0.062
37.000 37.000
37.000 37.250
37.250 37.250
37.250 37.000
Building 4 5 0.062
37.000 37.250
37.000 37.500
37.250 37.500
37.250 37.250
Building 4 5 0.062
37.000 37.500
37.000 37.750
37.250 37.750
37.250 37.500
Building 4 5 0.062
37.000 37.750
37.000 38.000
37.250 38.000
37.250 37.750
Building 4 5 0.062
37.000 38.000
37.000 38.250
37.250 38.250
37.250 38.000
Building 4 5 0.062
37.000 38.250
37.000 38.500
37.250 38.500
37.250 38.250
Building 4 5 0.062
37.000 38.500
37.000 38.750
37.250 38.750
37.250 38.500
Building 4 5 0.062
37.000 38.750
37.000 39.000
37.250 39.000
37.250 38.750
Building 4 5 0.062
37.000 39.000
37.000 39.250
37.250 39.250
37.250 39.000
Building 4 5 0.062
37.000 39.250
37.000 39.500
37.250 39.500
37.250 39.250
Building 4 5 0.062
37.000 39.500
37.000 39.750
37.250 39.750
37.250 39.500
Building 4 5 0.062
37.000 39.750
37.000 40.000
37.250 40.000
37.250 39.750
Building 4 5 0.062
37.000 40.000
37.000 40.250
37.250 40.250
37.250 40.000
Building 4 5 0.062
37.000 40.250
37.000 40.500
37.250 40.500
37.250 40.250
Building 4 5 0.062
37.000 40.500
37.000 40.750
37.250 40.750
37.250 40.500
Building 4 5 0.062
37.000 40.750
37.000 41.000
37.250 41.000
37.250 40.750
Building 4 5 0.062
37.000 41.000
37.000 41.250
37.250 41.250
37.250 41.000
Building 4 5 0.062
37.000 41.250
37.000 41.500
37.250 41.500
37.250 41.250
Building 4 5 0.062
37.000 41.500
37.000 41.750
37.250 41.750
37.250 41.500
Building 4 5 0.062
37.000 41.750
37.000 42.000
37.250 42.000
37.250 41.750
Building 4 5 0.062
37.000 42.000
37.000 42.250
37.250 42.250
37.250 42.000
Building 4 5 0.062
37.000 42.250
37.000 42.500
37.250 42.500
37.250 42.250
Building 4 5 0.062
37.000 42.500
37.000 42.750
37.250 42.750
37.250 42.500
Building 4 5 0.062
37.000 42.750
37.000 43.000
37.250 43.000
37.250 42.750
Building 4 5 0.062
37.000 43.000
37.000 43.250
37.250 43.250
37.250 43.000
Building 4 5 0.062
37.000 43.250
37.000 43.500
37.250 43.500
37.250 43.250
Building 4 5 0.062
37.000 43.500
37.000 43.750
37.250 43.750
37.250 43.500
Building 4 5 0.062
37.000 43.750
37.000 44.000
37.250 44.000
37.250 43.750
Building 4 5 0.062
37.000 44.000
37.000 44.250
37.250 44.250
37.250 44.000
Building 4 5 0.062
37.000 44.250
37.000 44.500
37.250 44.500
37.250 44.250
Building 4 5 0.062
37.000 44.500
37.000 44.750
37.250 44.750
37.250 44.500
Building 4 5 0.062
37.000 44.750
37.000 45.000
37.250 45.000
37.250 44.750
Building 4 5 0.062
37.000 45.000
37.000 45.250
37.250 45.250
37.250 45.000
Building 4 5 0.062
37.000 45.250
37.000 45.500
37.250 45.500
37.250 45.250
Building 4 5 0.062
37.000 45.500
37.000 45.750
37.250 45.750
37.250 45.500
Building 4 5 0.062
37.000 45.750
37.000 46.000
37.250 46.000
37.250 45.750
Building 4 5 0.062
37.000 46.000
37.000 46.250
37.250 46.250
37.250 46.000
Building 4 5 0.062
37.000 46.250
37.000 46.500
37.250 46.500
37.250 46.250
Building 4 5 0.062
37.000 46.500
37.000 46.750
37.250 46.750
37.250 46.500
Building 4 5 0.062
37.000 46.750
37.000 47.000
37.250 47.000
37.250 46.750
Building 4 5 0.062
37.000 47.000
37.000 47.250
37.250 47.250
37.250 47.000
Building 4 5 0.062
37.000 47.250
37.000 47.500
37.250 47.500
37.250 47.250
Building 4 5 0.062
37.000 47.500
37.000 47.750
37.250 47.750
37.250 47.500
Building 4 5 0.062
37.000 47.750
37.000 48.000
37.250 48.000
37.250 47.750
Building 4 5 0.062
37.000 48.000
37.000 48.250
37.250 48.250
37.250 48.000
Building 4 5 0.062
37.000 48.250
37.000 48.500
37.250 48.500
37.250 48.250
Building 4 5 0.062
37.000 48.500
37.000 48.750
37.250 48.750
37.250 48.500
Building 4 5 0.062
37.000 48.750
37.000 49.000
37.250 49.000
37.250 48.750
Building 4 5 0.062
37.000 49.000
37.000 49.250
37.250 49.250
37.250 49.000
Building 4 5 0.062
37.000 49.250
37.000 49.500
37.250 49.500
37.250 49.250
Building 4 5 0.062
37.000 49.500
37.000 49.750
37.250 49.750
37.250 49.500
Building 4 5 0.062
37.000 49.750
37.000 50.000
37.250 50.000
37.250 49.750
Building 4 5 0.062
37.000 50.000
37.000 50.250
37.250 50.250
37.250 50.000
Building 4 5 0.062
37.000 50.250
37.000 50.500
37.250 50.500
37.250 50.250
Building 4 5 0.062
37.000 50.500
37.000 50.750
37.250 50.750
37.250 50.500
Building 4 5 0.062
37.000 50.750
37.000 51.000
37.250 51.000
37.250 50.750
Building 4 5 0.062
37.000 51.000
37.000 51.250
37.250 51.250
37.250 51.000
Building 4 5 0.062
37.000 51.250
37.000 51.500
37.250 51.500
37.250 51.250
Building 4 5 0.062
37.000 51.500
37.000 51.750
37.250 51.750
37.250 51.500
Building 4 5 0.062
37.000 51.750
37.000 52.000
37.250 52.000
37.250 51.750
Building 4 5 0.062
37.000 52.000
37.000 52.250
37.250 52.250
37.250 52.000
Building 4 5 0.062
37.000 52.250
37.000 52.500
37.250 52.500
37.250 52.250
Building 4 5 0.062
37.000 52.500
37.000 52.750
37.250 52.750
37.250 52.500
Building 4 5 0.062
37.000 52.750
37.000 53.000
37.250 53.000
37.250 52.750
Building 4 5 0.062
37.000 53.000
37.000 53.250
37.250 53.250
37.250 53.000
Building 4 5 0.062
37.000 53.250
37.000 53.500
37.250 53.500
37.250 53.250
Building 4 5 0.062
37.000 53.500
37.000 53.750
37.250 53.750
37.250 53.500
Building 4 5 0.062
37.000 53.750
37.000 54.000
37.250 54.000
37.250 53.750
Building 4 5 0.062
37.000 54.000
37.000 54.250
37.250 54.250
37.250 54.000
Building 4 5 0.062
37.000 54.250
37.000 54.500
37.250 54.500
37.250 54.250
Building 4 5 0.062
37.000 54.500
37.000 54.750
37.250 54.750
37.250 54.500
Building 4 5 0.062
37.000 54.750
37.000 55.000
37.250 55.000
37.250 54.750
Building 4 5 0.062
37.000 55.000
37.000 55.250
37.250 55.250
37.250 55.000
Building 4 5 0.062
37.000 55.250
37.000 55.500
37.250 55.500
37.250 55.250
Building 4 5 0.062
37.000 55.500
37.000 55.750
37.250 55.750
37.250 55.500
Building 4 5 0.062
37.000 55.750
37.000 56.000
37.250 56.000
37.250 55.750
Building 4 5 0.062
37.000 56.000
37.000 56.250
37.250 56.250
37.250 56.000
Building 4 5 0.062
37.000 56.250
37.000 56.500
37.250 56.500
37.250 56.250
Building 4 5 0.062
37.000 56.500
37.000 56.750
37.250 56.750
37.250 56.500
Building 4 5 0.062
37.000 56.750
37.000 57.000
37.250 57.000
37.250 56.750
Building 4 5 0.062
37.000 57.000
37.000 57.250
37.250 57.250
37.250 57.000
Building 4 5 0.062
37.000 57.250
37.000 57.500
37.250 57.500
37.250 57.250
Building 4 5 0.062
37.000 57.500
37.000 57.750
37.250 57.750
37.250 57.500
Building 4 5 0.062
37.000 57.750
37.000 58.000
37.250 58.000
37.250 57.750
Building 4 5 0.062
37.000 58.000
37.000 58.250
37.250 58.250
37.250 58.000
Building 4 5 0.062
37.000 58.250
37.000 58.500
37.250 58.500
37.250 58.250
Building 4 5 0.062
37.000 58.500
37.000 58.750
37.250 58.750
37.250 58.500
Building 4 5 0.062
37.250 59.000
37.250 58.750
37.000 58.750
37.000 59.000
Building 4 5 0.062
37.000 61.000
37.000 61.250
37.250 61.250
37.250 61.000
Building 4 5 0.062
37.000 61.250
37.000 61.500
37.250 61.500
37.250 61.250
Building 4 5 0.062
37.000 61.500
37.000 61.750
37.250 61.750
37.250 61.500
Building 4 5 0.062
37.000 61.750
37.000 62.000
37.250 62.000
37.250 61.750
Building 4 5 0.062
37.000 62.000
37.000 62.250
37.250 62.250
37.250 62.000
Building 4 5 0.062
37.000 62.250
37.000 62.500
37.250 62.500
37.250 62.250
Building 4 5 0.062
37.000 62.500
37.000 62.750
37.250 62.750
37.250 62.500
Building 4 5 0.062
37.250 63.000
37.250 62.750
37.000 62.750
37.000 63.000
Building 4 5 0.062
37.250 26.000
37.250 26.250
37.500 26.250
37.500 26.000
Building 4 5 0.062
37.250 26.250
37.250 26.500
37.500 26.500
37.500 26.250
Building 4 5 0.062
37.250 26.500
37.250 26.750
37.500 26.750
37.500 26.500
Building 4 5 0.062
37.250 26.750
37.250 27.000
37.500 27.000
37.500 26.750
Building 4 5 0.062
37.250 27.000
37.250 27.250
37.500 27.250
37.500 27.000
Building 4 5 0.062
37.250 27.250
37.250 27.500
37.500 27.500
37.500 27.250
Building 4 5 0.062
37.250 27.500
37.250 27.750
37.500 27.750
37.500 27.500
Building 4 5 0.062
37.250 27.750
37.250 28.000
37.500 28.000
37.500 27.750
Building 4 5 0.062
37.250 28.000
37.250 28.250
37.500 28.250
37.500 28.000
Building 4 5 0.062
37.250 28.250
37.250 28.500
37.500 28.500
37.500 28.250
Building 4 5 0.062
37.250 28.500
37.250 28.750
37.500 28.750
37.500 28.500
Building 4 5 0.062
37.250 28.750
37.250 29.000
37.500 29.000
37.500 28.750
Building 4 5 0.062
37.250 29.000
37.250 29.250
37.500 29.250
37.500 29.000
Building 4 5 0.062
37.250 29.250
37.250 29.500
37.500 29.500
37.500 29.250
Building 4 5 0.062
37.250 29.500
37.250 29.750
37.500 29.750
37.500 29.500
Building 4 5 0.062
37.250 29.750
37.250 30.000
37.500 30.000
37.500 29.750
Building 4 5 0.062
37.250 30.000
37.250 30.250
37.500 30.250
37.500 30.000
Building 4 5 0.062
37.250 30.250
37.250 30.500
37.500 30.500
37.500 30.250
Building 4 5 0.062
37.250 30.500
37.250 30.750
37.500 30.750
37.500 30.500
Building 4 5 0.062
37.250 30.750
37.250 31.000
37.500 31.000
37.500 30.750
Building 4 5 0.062
37.250 31.000
37.250 31.250
37.500 31.250
37.500 31.000
Building 4 5 0.062
37.250 31.250
37.250 31.500
37.500 31.500
37.500 31.250
Building 4 5 0.062
37.250 31.500
37.250 31.750
37.500 31.750
37.500 31.500
Building 4 5 0.062
37.250 31.750
37.250 32.000
37.500 32.000
37.500 31.750
Building 4 5 0.062
37.250 32.000
37.250 32.250
37.500 32.250
37.500 32.000
Building 4 5 0.062
37.250 32.250
37.250 32.500
37.500 32.500
37.500 32.250
Building 4 5 0.062
37.250 32.500
37.250 32.750
37.500 32.750
37.500 32.500
Building 4 5 0.062
37.250 32.750
37.250 33.000
37.500 33.000
37.500 32.750
Building 4 5 0.062
37.250 33.000
37.250 33.250
37.500 33.250
37.500 33.000
Building 4 5 0.062
37.250 33.250
37.250 33.500
37.500 33.500
37.500 33.250
Building 4 5 0.062
37.250 33.500
37.250 33.750
37.500 33.750
37.500 33.500
Building 4 5 0.062
37.250 33.750
37.250 34.000
37.500 34.000
37.500 33.750
Building 4 5 0.062
37.250 34.000
37.250 34.250
37.500 34.250
37.500 34.000
Building 4 5 0.062
37.250 34.250
37.250 34.500
37.500 34.500
37.500 34.250
Building 4 5 0.062
37.250 34.500
37.250 34.750
37.500 34.750
37.500 34.500
Building 4 5 0.062
37.250 34.750
37.250 35.000
37.500 35.000
37.500 34.750
Building 4 5 0.062
37.250 35.000
37.250 35.250
37.500 35.250
37.500 35.000
Building 4 5 0.062
37.250 35.250
37.250 35.500
37.500 35.500
37.500 35.250
Building 4 5 0.062
37.250 35.500
37.250 35.750
37.500 35.750
37.500 35.500
Building 4 5 0.062
37.250 35.750
37.250 36.000
37.500 36.000
37.500 35.750
Building 4 5 0.062
37.250 36.000
37.250 36.250
37.500 36.250
37.500 36.000
Building 4 5 0.062
37.250 36.250
37.250 36.500
37.500 36.500
37.500 36.250
Building 4 5 0.062
37.250 36.500
37.250 36.750
37.500 36.750
37.500 36.500
Building 4 5 0.062
37.250 36.750
37.250 37.000
37.500 37.000
37.500 36.750
Building 4 5 0.062
37.250 37.000
37.250 37.250
37.500 37.250
37.500 37.000
Building 4 5 0.062
37.250 37.250
37.250 37.500
37.500 37.500
37.500 37.250
Building 4 5 0.062
37.250 37.500
37.250 37.750
37.500 37.750
37.500 37.500
Building 4 5 0.062
37.250 37.750
37.250 38.000
37.500 38.000
37.500 37.750
Building 4 5 0.062
37.250 38.000
37.250 38.250
37.500 38.250
37.500 38.000
Building 4 5 0.062
37.250 38.250
37.250 38.500
37.500 38.500
37.500 38.250
Building 4 5 0.062
37.250 38.500
37.250 38.750
37.500 38.750
37.500 38.500
Building 4 5 0.062
37.250 38.750
37.250 39.000
37.500 39.000
37.500 38.750
Building 4 5 0.062
37.250 39.000
37.250 39.250
37.500 39.250
37.500 39.000
Building 4 5 0.062
37.250 39.250
37.250 39.500
37.500 39.500
37.500 39.250
Building 4 5 0.062
37.250 39.500
37.250 39.750
37.500 39.750
37.500 39.500
Building 4 5 0.062
37.250 39.750
37.250 40.000
37.500 40.000
37.500 39.750
Building 4 5 0.062
37.250 40.000
37.250 40.250
37.500 40.250
37.500 40.000
Building 4 5 0.062
37.250 40.250
37.250 40.500
37.500 40.500
37.500 40.250
Building 4 5 0.062
37.250 40.500
37.250 40.750
37.500 40.750
37.500 40.500
Building 4 5 0.062
37.250 40.750
37.250 41.000
37.500 41.000
37.500 40.750
Building 4 5 0.062
37.250 41.000
37.250 41.250
37.500 41.250
37.500 41.000
Building 4 5 0.062
37.250 41.250
37.250 41.500
37.500 41.500
37.500 41.250
Building 4 5 0.062
37.250 41.500
37.250 41.750
37.500 41.750
37.500 41.500
Building 4 5 0.062
37.250 41.750
37.250 42.000
37.500 42.000
37.500 41.750
Building 4 5 0.062
37.250 42.000
37.250 42.250
37.500 42.250
37.500 42.000
Building 4 5 0.062
37.250 42.250
37.250 42.500
37.500 42.500
37.500 42.250
Building 4 5 0.062
37.250 42.500
37.250 42.750
37.500 42.750
37.500 42.500
Building 4 5 0.062
37.250 42.750
37.250 43.000
37.500 43.000
37.500 42.750
Building 4 5 0.062
37.250 43.000
37.250 43.250
37.500 43.250
37.500 43.000
Building 4 5 0.062
37.250 43.250
37.250 43.500
37.500 43.500
37.500 43.250
Building 4 5 0.062
37.250 43.500
37.250 43.750
37.500 43.750
37.500 43.500
Building 4 5 0.062
37.250 43.750
37.250 44.000
37.500 44.000
37.500 43.750
Building 4 5 0.062
37.250 44.000
37.250 44.250
37.500 44.250
37.500 44.000
Building 4 5 0.062
37.250 44.250
37.250 44.500
37.500 44.500
37.500 44.250
Building 4 5 0.062
37.250 44.500
37.250 44.750
37.500 44.750
37.500 44.500
Building 4 5 0.062
37.250 44.750
37.250 45.000
37.500 45.000
37.500 44.750
Building 4 5 0.062
37.250 45.000
37.250 45.250
37.500 45.250
37.500 45.000
Building 4 5 0.062
37.250 45.250
37.250 45.500
37.500 45.500
37.500 45.250
Building 4 5 0.062
37.250 45.500
37.250 45.750
37.500 45.750
37.500 45.500
Building 4 5 0.062
37.250 45.750
37.250 46.000
37.500 46.000
37.500 45.750
Building 4 5 0.062
37.250 46.000
37.250 46.250
37.500 46.250
37.500 46.000
Building 4 5 0.062
37.250 46.250
37.250 46.500
37.500 46.500
37.500 46.250
Building 4 5 0.062
37.250 46.500
37.250 46.750
37.500 46.750
37.500 46.500
Building 4 5 0.062
37.250 46.750
37.250 47.000
37.500 47.000
37.500 46.750
Building 4 5 0.062
37.250 47.000
37.250 47.250
37.500 47.250
37.500 47.000
Building 4 5 0.062
37.250 47.250
37.250 47.500
37.500 47.500
37.500 47.250
Building 4 5 0.062
37.250 47.500
37.250 47.750
37.500 47.750
37.500 47.500
Building 4 5 0.062
37.250 47.750
37.250 48.000
37.500 48.000
37.500 47.750
Building 4 5 0.062
37.250 48.000
37.250 48.250
37.500 48.250
37.500 48.000
Building 4 5 0.062
37.250 48.250
37.250 48.500
37.500 48.500
37.500 48.250
Building 4 5 0.062
37.250 48.500
37.250 48.750
37.500 48.750
37.500 48.500
Building 4 5 0.062
37.250 48.750
37.250 49.000
37.500 49.000
37.500 48.750
Building 4 5 0.062
37.250 49.000
37.250 49.250
37.500 49.250
37.500 49.000
Building 4 5 0.062
37.250 49.250
37.250 49.500
37.500 49.500
37.500 49.250
Building 4 5 0.062
37.250 49.500
37.250 49.750
37.500 49.750
37.500 49.500
Building 4 5 0.062
37.250 49.750
37.250 50.000
37.500 50.000
37.500 49.750
Building 4 5 0.062
37.250 50.000
37.250 50.250
37.500 50.250
37.500 50.000
Building 4 5 0.062
37.250 50.250
37.250 50.500
37.500 50.500
37.500 50.250
Building 4 5 0.062
37.250 50.500
37.250 50.750
37.500 50.750
37.500 50.500
Building 4 5 0.062
37.250 50.750
37.250 51.000
37.500 51.000
37.500 50.750
Building 4 5 0.062
37.250 51.000
37.250 51.250
37.500 51.250
37.500 51.000
Building 4 5 0.062
37.250 51.250
37.250 51.500
37.500 51.500
37.500 51.250
Building 4 5 0.062
37.250 51.500
37.250 51.750
37.500 51.750
37.500 51.500
Building 4 5 0.062
37.250 51.750
37.250 52.000
37.500 52.000
37.500 51.750
Building 4 5 0.062
37.250 52.000
37.250 52.250
37.500 52.250
37.500 52.000
Building 4 5 0.062
37.250 52.250
37.250 52.500
37.500 52.500
37.500 52.250
Building 4 5 0.062
37.250 52.500
37.250 52.750
37.500 52.750
37.500 52.500
Building 4 5 0.062
37.250 52.750
37.250 53.000
37.500 53.000
37.500 52.750
Building 4 5 0.062
37.250 53.000
37.250 53.250
37.500 53.250
37.500 53.000
Building 4 5 0.062
37.250 53.250
37.250 53.500
37.500 53.500
37.500 53.250
Building 4 5 0.062
37.250 53.500
37.250 53.750
37.500 53.750
37.500 53.500
Building 4 5 0.062
37.250 53.750
37.250 54.000
37.500 54.000
37.500 53.750
Building 4 5 0.062
37.250 54.000
37.250 54.250
37.500 54.250
37.500 54.000
Building 4 5 0.062
37.250 54.250
37.250 54.500
37.500 54.500
37.500 54.250
Building 4 5 0.062
37.250 54.500
37.250 54.750
37.500 54.750
37.500 54.500
Building 4 5 0.062
37.250 54.750
37.250 55.000
37.500 55.000
37.500 54.750
Building 4 5 0.062
37.250 55.000
37.250 55.250
37.500 55.250
37.500 55.000
Building 4 5 0.062
37.250 55.250
37.250 55.500
37.500 55.500
37.500 55.250
Building 4 5 0.062
37.250 55.500
37.250 55.750
37.500 55.750
37.500 55.500
Building 4 5 0.062
37.250 55.750
37.250 56.000
37.500 56.000
37.500 55.750
Building 4 5 0.062
37.250 56.000
37.250 56.250
37.500 56.250
37.500 56.000
Building 4 5 0.062
37.250 56.250
37.250 56.500
37.500 56.500
37.500 56.250
Building 4 5 0.062
37.250 56.500
37.250 56.750
37.500 56.750
37.500 56.500
Building 4 5 0.062
37.250 56.750
37.250 57.000
37.500 57.000
37.500 56.750
Building 4 5 0.062
37.250 57.000
37.250 57.250
37.500 57.250
37.500 57.000
Building 4 5 0.062
37.250 57.250
37.250 57.500
37.500 57.500
37.500 57.250
Building 4 5 0.062
37.250 57.500
37.250 57.750
37.500 57.750
37.500 57.500
Building 4 5 0.062
37.250 57.750
37.250 58.000
37.500 58.000
37.500 57.750
Building 4 5 0.062
37.250 58.000
37.250 58.250
37.500 58.250
37.500 58.000
Building 4 5 0.062
37.250 58.250
37.250 58.500
37.500 58.500
37.500 58.250
Building 4 5 0.062
37.250 58.500
37.250 58.750
37.500 58.750
37.500 58.500
Building 4 5 0.062
37.500 59.000
37.500 58.750
37.250 58.750
37.250 59.000
Building 4 5 0.062
37.250 61.000
37.250 61.250
37.500 61.250
37.500 61.000
Building 4 5 0.062
37.250 61.250
37.250 61.500
37.500 61.500
37.500 61.250
Building 4 5 0.062
37.250 61.500
37.250 61.750
37.500 61.750
37.500 61.500
Building 4 5 0.062
37.250 61.750
37.250 62.000
37.500 62.000
37.500 61.750
Building 4 5 0.062
37.250 62.000
37.250 62.250
37.500 62.250
37.500 62.000
Building 4 5 0.062
37.250 62.250
37.250 62.500
37.500 62.500
37.500 62.250
Building 4 5 0.062
37.250 62.500
37.250 62.750
37.500 62.750
37.500 62.500
Building 4 5 0.062
37.500 63.000
37.500 62.750
37.250 62.750
37.250 63.000
Building 4 5 0.062
37.500 26.000
37.500 26.250
37.750 26.250
37.750 26.000
Building 4 5 0.062
37.500 26.250
37.500 26.500
37.750 26.500
37.750 26.250
Building 4 5 0.062
37.500 26.500
37.500 26.750
37.750 26.750
37.750 26.500
Building 4 5 0.062
37.500 26.750
37.500 27.000
37.750 27.000
37.750 26.750
Building 4 5 0.062
37.500 27.000
37.500 27.250
37.750 27.250
37.750 27.000
Building 4 5 0.062
37.500 27.250
37.500 27.500
37.750 27.500
37.750 27.250
Building 4 5 0.062
37.500 27.500
37.500 27.750
37.750 27.750
37.750 27.500
Building 4 5 0.062
37.500 27.750
37.500 28.000
37.750 28.000
37.750 27.750
Building 4 5 0.062
37.500 28.000
37.500 28.250
37.750 28.250
37.750 28.000
Building 4 5 0.062
37.500 28.250
37.500 28.500
37.750 28.500
37.750 28.250
Building 4 5 0.062
37.500 28.500
37.500 28.750
37.750 28.750
37.750 28.500
Building 4 5 0.062
37.500 28.750
37.500 29.000
37.750 29.000
37.750 28.750
Building 4 5 0.062
37.500 29.000
37.500 29.250
37.750 29.250
37.750 29.000
Building 4 5 0.062
37.500 29.250
37.500 29.500
37.750 29.500
37.750 29.250
Building 4 5 0.062
37.500 29.500
37.500 29.750
37.750 29.750
37.750 29.500
Building 4 5 0.062
37.500 29.750
37.500 30.000
37.750 30.000
37.750 29.750
Building 4 5 0.062
37.500 30.000
37.500 30.250
37.750 30.250
37.750 30.000
Building 4 5 0.062
37.500 30.250
37.500 30.500
37.750 30.500
37.750 30.250
Building 4 5 0.062
37.500 30.500
37.500 30.750
37.750 30.750
37.750 30.500
Building 4 5 0.062
37.500 30.750
37.500 31.000
37.750 31.000
37.750 30.750
Building 4 5 0.062
37.500 31.000
37.500 31.250
37.750 31.250
37.750 31.000
Building 4 5 0.062
37.500 31.250
37.500 31.500
37.750 31.500
37.750 31.250
Building 4 5 0.062
37.500 31.500
37.500 31.750
37.750 31.750
37.750 31.500
Building 4 5 0.062
37.500 31.750
37.500 32.000
37.750 32.000
37.750 31.750
Building 4 5 0.062
37.500 32.000
37.500 32.250
37.750 32.250
37.750 32.000
Building 4 5 0.062
37.500 32.250
37.500 32.500
37.750 32.500
37.750 32.250
Building 4 5 0.062
37.500 32.500
37.500 32.750
37.750 32.750
37.750 32.500
Building 4 5 0.062
37.500 32.750
37.500 33.000
37.750 33.000
37.750 32.750
Building 4 5 0.062
37.500 33.000
37.500 33.250
37.750 33.250
37.750 33.000
Building 4 5 0.062
37.500 33.250
37.500 33.500
37.750 33.500
37.750 33.250
Building 4 5 0.062
37.500 33.500
37.500 33.750
37.750 33.750
37.750 33.500
Building 4 5 0.062
37.500 33.750
37.500 34.000
37.750 34.000
37.750 33.750
Building 4 5 0.062
37.500 34.000
37.500 34.250
37.750 34.250
37.750 34.000
Building 4 5 0.062
37.500 34.250
37.500 34.500
37.750 34.500
37.750 34.250
Building 4 5 0.062
37.500 34.500
37.500 34.750
37.750 34.750
37.750 34.500
Building 4 5 0.062
37.500 34.750
37.500 35.000
37.750 35.000
37.750 34.750
Building 4 5 0.062
37.500 35.000
37.500 35.250
37.750 35.250
37.750 35.000
Building 4 5 0.062
37.500 35.250
37.500 35.500
37.750 35.500
37.750 35.250
Building 4 5 0.062
37.500 35.500
37.500 35.750
37.750 35.750
37.750 35.500
Building 4 5 0.062
37.500 35.750
37.500 36.000
37.750 36.000
37.750 35.750
Building 4 5 0.062
37.500 36.000
37.500 36.250
37.750 36.250
37.750 36.000
Building 4 5 0.062
37.500 36.250
37.500 36.500
37.750 36.500
37.750 36.250
Building 4 5 0.062
37.500 36.500
37.500 36.750
37.750 36.750
37.750 36.500
Building 4 5 0.062
37.500 36.750
37.500 37.000
37.750 37.000
37.750 36.750
Building 4 5 0.062
37.500 37.000
37.500 37.250
37.750 37.250
37.750 37.000
Building 4 5 0.062
37.500 37.250
37.500 37.500
37.750 37.500
37.750 37.250
Building 4 5 0.062
37.500 37.500
37.500 37.750
37.750 37.750
37.750 37.500
Building 4 5 0.062
37.500 37.750
37.500 38.000
37.750 38.000
37.750 37.750
Building 4 5 0.062
37.500 38.000
37.500 38.250
37.750 38.250
37.750 38.000
Building 4 5 0.062
37.500 38.250
37.500 38.500
37.750 38.500
37.750 38.250
Building 4 5 0.062
37.500 38.500
37.500 38.750
37.750 38.750
37.750 38.500
Building 4 5 0.062
37.500 38.750
37.500 39.000
37.750 39.000
37.750 38.750
Building 4 5 0.062
37.500 39.000
37.500 39.250
37.750 39.250
37.750 39.000
Building 4 5 0.062
37.500 39.250
37.500 39.500
37.750 39.500
37.750 39.250
Building 4 5 0.062
37.500 39.500
37.500 39.750
37.750 39.750
37.750 39.500
Building 4 5 0.062
37.500 39.750
37.500 40.000
37.750 40.000
37.750 39.750
Building 4 5 0.062
37.500 40.000
37.500 40.250
37.750 40.250
37.750 40.000
Building 4 5 0.062
37.500 40.250
37.500 40.500
37.750 40.500
37.750 40.250
Building 4 5 0.062
37.500 40.500
37.500 40.750
37.750 40.750
37.750 40.500
Building 4 5 0.062
37.500 40.750
37.500 41.000
37.750 41.000
37.750 40.750
Building 4 5 0.062
37.500 41.000
37.500 41.250
37.750 41.250
37.750 41.000
Building 4 5 0.062
37.500 41.250
37.500 41.500
37.750 41.500
37.750 41.250
Building 4 5 0.062
37.500 41.500
37.500 41.750
37.750 41.750
37.750 41.500
Building 4 5 0.062
37.500 41.750
37.500 42.000
37.750 42.000
37.750 41.750
Building 4 5 0.062
37.500 42.000
37.500 42.250
37.750 42.250
37.750 42.000
Building 4 5 0.062
37.500 42.250
37.500 42.500
37.750 42.500
37.750 42.250
Building 4 5 0.062
37.500 42.500
37.500 42.750
37.750 42.750
37.750 42.500
Building 4 5 0.062
37.500 42.750
37.500 43.000
37.750 43.000
37.750 42.750
Building 4 5 0.062
37.500 43.000
37.500 43.250
37.750 43.250
37.750 43.000
Building 4 5 0.062
37.500 43.250
37.500 43.500
37.750 43.500
37.750 43.250
Building 4 5 0.062
37.500 43.500
37.500 43.750
37.750 43.750
37.750 43.500
Building 4 5 0.062
37.500 43.750
37.500 44.000
37.750 44.000
37.750 43.750
Building 4 5 0.062
37.500 44.000
37.500 44.250
37.750 44.250
37.750 44.000
Building 4 5 0.062
37.500 44.250
37.500 44.500
37.750 44.500
37.750 44.250
Building 4 5 0.062
37.500 44.500
37.500 44.750
37.750 44.750
37.750 44.500
Building 4 5 0.062
37.500 44.750
37.500 45.000
37.750 45.000
37.750 44.750
Building 4 5 0.062
37.500 45.000
37.500 45.250
37.750 45.250
37.750 45.000
Building 4 5 0.062
37.500 45.250
37.500 45.500
37.750 45.500
37.750 45.250
Building 4 5 0.062
37.500 45.500
37.500 45.750
37.750 45.750
37.750 45.500
Building 4 5 0.062
37.500 45.750
37.500 46.000
37.750 46.000
37.750 45.750
Building 4 5 0.062
37.500 46.000
37.500 46.250
37.750 46.250
37.750 46.000
Building 4 5 0.062
37.500 46.250
37.500 46.500
37.750 46.500
37.750 46.250
Building 4 5 0.062
37.500 46.500
37.500 46.750
37.750 46.750
37.750 46.500
Building 4 5 0.062
37.500 46.750
37.500 47.000
37.750 47.000
37.750 46.750
Building 4 5 0.062
37.500 47.000
37.500 47.250
37.750 47.250
37.750 47.000
Building 4 5 0.062
37.500 47.250
37.500 47.500
37.750 47.500
37.750 47.250
Building 4 5 0.062
37.500 47.500
37.500 47.750
37.750 47.750
37.750 47.500
Building 4 5 0.062
37.500 47.750
37.500 48.000
37.750 48.000
37.750 47.750
Building 4 5 0.062
37.500 48.000
37.500 48.250
37.750 48.250
37.750 48.000
Building 4 5 0.062
37.500 48.250
37.500 48.500
37.750 48.500
37.750 48.250
Building 4 5 0.062
37.500 48.500
37.500 48.750
37.750 48.750
37.750 48.500
Building 4 5 0.062
37.500 48.750
37.500 49.000
37.750 49.000
37.750 48.750
Building 4 5 0.062
37.500 49.000
37.500 49.250
37.750 49.250
37.750 49.000
Building 4 5 0.062
37.500 49.250
37.500 49.500
37.750 49.500
37.750 49.250
Building 4 5 0.062
37.500 49.500
37.500 49.750
37.750 49.750
37.750 49.500
Building 4 5 0.062
37.500 49.750
37.500 50.000
37.750 50.000
37.750 49.750
Building 4 5 0.062
37.500 50.000
37.500 50.250
37.750 50.250
37.750 50.000
Building 4 5 0.062
37.500 50.250
37.500 50.500
37.750 50.500
37.750 50.250
Building 4 5 0.062
37.500 50.500
37.500 50.750
37.750 50.750
37.750 50.500
Building 4 5 0.062
37.500 50.750
37.500 51.000
37.750 51.000
37.750 50.750
Building 4 5 0.062
37.500 51.000
37.500 51.250
37.750 51.250
37.750 51.000
Building 4 5 0.062
37.500 51.250
37.500 51.500
37.750 51.500
37.750 51.250
Building 4 5 0.062
37.500 51.500
37.500 51.750
37.750 51.750
37.750 51.500
Building 4 5 0.062
37.500 51.750
37.500 52.000
37.750 52.000
37.750 51.750
Building 4 5 0.062
37.500 52.000
37.500 52.250
37.750 52.250
37.750 52.000
Building 4 5 0.062
37.500 52.250
37.500 52.500
37.750 52.500
37.750 52.250
Building 4 5 0.062
37.500 52.500
37.500 52.750
37.750 52.750
37.750 52.500
Building 4 5 0.062
37.500 52.750
37.500 53.000
37.750 53.000
37.750 52.750
Building 4 5 0.062
37.500 53.000
37.500 53.250
37.750 53.250
37.750 53.000
Building 4 5 0.062
37.500 53.250
37.500 53.500
37.750 53.500
37.750 53.250
Building 4 5 0.062
37.500 53.500
37.500 53.750
37.750 53.750
37.750 53.500
Building 4 5 0.062
37.500 53.750
37.500 54.000
37.750 54.000
37.750 53.750
Building 4 5 0.062
37.500 54.000
37.500 54.250
37.750 54.250
37.750 54.000
Building 4 5 0.062
37.500 54.250
37.500 54.500
37.750 54.500
37.750 54.250
Building 4 5 0.062
37.500 54.500
37.500 54.750
37.750 54.750
37.750 54.500
Building 4 5 0.062
37.500 54.750
37.500 55.000
37.750 55.000
37.750 54.750
Building 4 5 0.062
37.500 55.000
37.500 55.250
37.750 55.250
37.750 55.000
Building 4 5 0.062
37.500 55.250
37.500 55.500
37.750 55.500
37.750 55.250
Building 4 5 0.062
37.500 55.500
37.500 55.750
37.750 55.750
37.750 55.500
Building 4 5 0.062
37.500 55.750
37.500 56.000
37.750 56.000
37.750 55.750
Building 4 5 0.062
37.500 56.000
37.500 56.250
37.750 56.250
37.750 56.000
Building 4 5 0.062
37.500 56.250
37.500 56.500
37.750 56.500
37.750 56.250
Building 4 5 0.062
37.500 56.500
37.500 56.750
37.750 56.750
37.750 56.500
Building 4 5 0.062
37.500 56.750
37.500 57.000
37.750 57.000
37.750 56.750
Building 4 5 0.062
37.500 57.000
37.500 57.250
37.750 57.250
37.750 57.000
Building 4 5 0.062
37.500 57.250
37.500 57.500
37.750 57.500
37.750 57.250
Building 4 5 0.062
37.500 57.500
37.500 57.750
37.750 57.750
37.750 57.500
Building 4 5 0.062
37.500 57.750
37.500 58.000
37.750 58.000
37.750 57.750
Building 4 5 0.062
37.500 58.000
37.500 58.250
37.750 58.250
37.750 58.000
Building 4 5 0.062
37.500 58.250
37.500 58.500
37.750 58.500
37.750 58.250
Building 4 5 0.062
37.500 58.500
37.500 58.750
37.750 58.750
37.750 58.500
Building 4 5 0.062
37.750 59.000
37.750 58.750
37.500 58.750
37.500 59.000
Building 4 5 0.062
37.500 61.000
37.500 61.250
37.750 61.250
37.750 61.000
Building 4 5 0.062
37.500 61.250
37.500 61.500
37.750 61.500
37.750 61.250
Building 4 5 0.062
37.500 61.500
37.500 61.750
37.750 61.750
37.750 61.500
Building 4 5 0.062
37.500 61.750
37.500 62.000
37.750 62.000
37.750 61.750
Building 4 5 0.062
37.500 62.000
37.500 62.250
37.750 62.250
37.750 62.000
Building 4 5 0.062
37.500 62.250
37.500 62.500
37.750 62.500
37.750 62.250
Building 4 5 0.062
37.500 62.500
37.500 62.750
37.750 62.750
37.750 62.500
Building 4 5 0.062
37.750 63.000
37.750 62.750
37.500 62.750
37.500 63.000
Building 4 5 0.062
38.000 26.000
37.750 26.000
37.750 26.250
38.000 26.250
Building 4 5 0.062
38.000 26.250
37.750 26.250
37.750 26.500
38.000 26.500
Building 4 5 0.062
38.000 26.500
37.750 26.500
37.750 26.750
38.000 26.750
Building 4 5 0.062
38.000 26.750
37.750 26.750
37.750 27.000
38.000 27.000
Building 4 5 0.062
38.000 27.000
37.750 27.000
37.750 27.250
38.000 27.250
Building 4 5 0.062
38.000 27.250
37.750 27.250
37.750 27.500
38.000 27.500
Building 4 5 0.062
38.000 27.500
37.750 27.500
37.750 27.750
38.000 27.750
Building 4 5 0.062
38.000 27.750
37.750 27.750
37.750 28.000
38.000 28.000
Building 4 5 0.062
38.000 28.000
37.750 28.000
37.750 28.250
38.000 28.250
Building 4 5 0.062
38.000 28.250
37.750 28.250
37.750 28.500
38.000 28.500
Building 4 5 0.062
38.000 28.500
37.750 28.500
37.750 28.750
38.000 28.750
Building 4 5 0.062
38.000 28.750
37.750 28.750
37.750 29.000
38.000 29.000
Building 4 5 0.062
38.000 29.000
37.750 29.000
37.750 29.250
38.000 29.250
Building 4 5 0.062
38.000 29.250
37.750 29.250
37.750 29.500
38.000 29.500
Building 4 5 0.062
38.000 29.500
37.750 29.500
37.750 29.750
38.000 29.750
Building 4 5 0.062
38.000 29.750
37.750 29.750
37.750 30.000
38.000 30.000
Building 4 5 0.062
38.000 30.000
37.750 30.000
37.750 30.250
38.000 30.250
Building 4 5 0.062
38.000 30.250
37.750 30.250
37.750 30.500
38.000 30.500
Building 4 5 0.062
38.000 30.500
37.750 30.500
37.750 30.750
38.000 30.750
Building 4 5 0.062
38.000 30.750
37.750 30.750
37.750 31.000
38.000 31.000
Building 4 5 0.062
38.000 31.000
37.750 31.000
37.750 31.250
38.000 31.250
Building 4 5 0.062
38.000 31.250
37.750 31.250
37.750 31.500
38.000 31.500
Building 4 5 0.062
38.000 31.500
37.750 31.500
37.750 31.750
38.000 31.750
Building 4 5 0.062
38.000 31.750
37.750 31.750
37.750 32.000
38.000 32.000
Building 4 5 0.062
38.000 32.000
37.750 32.000
37.750 32.250
38.000 32.250
Building 4 5 0.062
38.000 32.250
37.750 32.250
37.750 32.500
38.000 32.500
Building 4 5 0.062
38.000 32.500
37.750 32.500
37.750 32.750
38.000 32.750
Building 4 5 0.062
38.000 32.750
37.750 32.750
37.750 33.000
38.000 33.000
Building 4 5 0.062
38.000 33.000
37.750 33.000
37.750 33.250
38.000 33.250
Building 4 5 0.062
38.000 33.250
37.750 33.250
37.750 33.500
38.000 33.500
Building 4 5 0.062
38.000 33.500
37.750 33.500
37.750 33.750
38.000 33.750
Building 4 5 0.062
38.000 33.750
37.750 33.750
37.750 34.000
38.000 34.000
Building 4 5 0.062
38.000 34.000
37.750 34.000
37.750 34.250
38.000 34.250
Building 4 5 0.062
38.000 34.250
37.750 34.250
37.750 34.500
38.000 34.500
Building 4 5 0.062
38.000 34.500
37.750 34.500
37.750 34.750
38.000 34.750
Building 4 5 0.062
38.000 34.750
37.750 34.750
37.750 35.000
38.000 35.000
Building 4 5 0.062
38.000 35.000
37.750 35.000
37.750 35.250
38.000 35.250
Building 4 5 0.062
38.000 35.250
37.750 35.250
37.750 35.500
38.000 35.500
Building 4 5 0.062
38.000 35.500
37.750 35.500
37.750 35.750
38.000 35.750
Building 4 5 0.062
38.000 35.750
37.750 35.750
37.750 36.000
38.000 36.000
Building 4 5 0.062
38.000 36.000
37.750 36.000
37.750 36.250
38.000 36.250
Building 4 5 0.062
38.000 36.250
37.750 36.250
37.750 36.500
38.000 36.500
Building 4 5 0.062
38.000 36.500
37.750 36.500
37.750 36.750
38.000 36.750
Building 4 5 0.062
38.000 36.750
37.750 36.750
37.750 37.000
38.000 37.000
Building 4 5 0.062
38.000 37.000
37.750 37.000
37.750 37.250
38.000 37.250
Building 4 5 0.062
38.000 37.250
37.750 37.250
37.750 37.500
38.000 37.500
Building 4 5 0.062
38.000 37.500
37.750 37.500
37.750 37.750
38.000 37.750
Building 4 5 0.062
38.000 37.750
37.750 37.750
37.750 38.000
38.000 38.000
Building 4 5 0.062
38.000 38.000
37.750 38.000
37.750 38.250
38.000 38.250
Building 4 5 0.062
38.000 38.250
37.750 38.250
37.750 38.500
38.000 38.500
Building 4 5 0.062
38.000 38.500
37.750 38.500
37.750 38.750
38.000 38.750
Building 4 5 0.062
38.000 38.750
37.750 38.750
37.750 39.000
38.000 39.000
Building 4 5 0.062
38.000 39.000
37.750 39.000
37.750 39.250
38.000 39.250
Building 4 5 0.062
38.000 39.250
37.750 39.250
37.750 39.500
38.000 39.500
Building 4 5 0.062
38.000 39.500
37.750 39.500
37.750 39.750
38.000 39.750
Building 4 5 0.062
38.000 39.750
37.750 39.750
37.750 40.000
38.000 40.000
Building 4 5 0.062
38.000 40.000
37.750 40.000
37.750 40.250
38.000 40.250
Building 4 5 0.062
38.000 40.250
37.750 40.250
37.750 40.500
38.000 40.500
Building 4 5 0.062
38.000 40.500
37.750 40.500
37.750 40.750
38.000 40.750
Building 4 5 0.062
38.000 40.750
37.750 40.750
37.750 41.000
38.000 41.000
Building 4 5 0.062
38.000 41.000
37.750 41.000
37.750 41.250
38.000 41.250
Building 4 5 0.062
38.000 41.250
37.750 41.250
37.750 41.500
38.000 41.500
Building 4 5 0.062
38.000 41.500
37.750 41.500
37.750 41.750
38.000 41.750
Building 4 5 0.062
38.000 41.750
37.750 41.750
37.750 42.000
38.000 42.000
Building 4 5 0.062
38.000 42.000
37.750 42.000
37.750 42.250
38.000 42.250
Building 4 5 0.062
38.000 42.250
37.750 42.250
37.750 42.500
38.000 42.500
Building 4 5 0.062
38.000 42.500
37.750 42.500
37.750 42.750
38.000 42.750
Building 4 5 0.062
38.000 42.750
37.750 42.750
37.750 43.000
38.000 43.000
Building 4 5 0.062
38.000 43.000
37.750 43.000
37.750 43.250
38.000 43.250
Building 4 5 0.062
38.000 43.250
37.750 43.250
37.750 43.500
38.000 43.500
Building 4 5 0.062
38.000 43.500
37.750 43.500
37.750 43.750
38.000 43.750
Building 4 5 0.062
38.000 43.750
37.750 43.750
37.750 44.000
38.000 44.000
Building 4 5 0.062
38.000 44.000
37.750 44.000
37.750 44.250
38.000 44.250
Building 4 5 0.062
38.000 44.250
37.750 44.250
37.750 44.500
38.000 44.500
Building 4 5 0.062
38.000 44.500
37.750 44.500
37.750 44.750
38.000 44.750
Building 4 5 0.062
38.000 44.750
37.750 44.750
37.750 45.000
38.000 45.000
Building 4 5 0.062
38.000 45.000
37.750 45.000
37.750 45.250
38.000 45.250
Building 4 5 0.062
38.000 45.250
37.750 45.250
37.750 45.500
38.000 45.500
Building 4 5 0.062
38.000 45.500
37.750 45.500
37.750 45.750
38.000 45.750
Building 4 5 0.062
38.000 45.750
37.750 45.750
37.750 46.000
38.000 46.000
Building 4 5 0.062
38.000 46.000
37.750 46.000
37.750 46.250
38.000 46.250
Building 4 5 0.062
38.000 46.250
37.750 46.250
37.750 46.500
38.000 46.500
Building 4 5 0.062
38.000 46.500
37.750 46.500
37.750 46.750
38.000 46.750
Building 4 5 0.062
38.000 46.750
37.750 46.750
37.750 47.000
38.000 47.000
Building 4 5 0.062
38.000 47.000
37.750 47.000
37.750 47.250
38.000 47.250
Building 4 5 0.062
38.000 47.250
37.750 47.250
37.750 47.500
38.000 47.500
Building 4 5 0.062
38.000 47.500
37.750 47.500
37.750 47.750
38.000 47.750
Building 4 5 0.062
38.000 47.750
37.750 47.750
37.750 48.000
38.000 48.000
Building 4 5 0.062
38.000 48.000
37.750 48.000
37.750 48.250
38.000 48.250
Building 4 5 0.062
38.000 48.250
37.750 48.250
37.750 48.500
38.000 48.500
Building 4 5 0.062
38.000 48.500
37.750 48.500
37.750 48.750
38.000 48.750
Building 4 5 0.062
38.000 48.750
37.750 48.750
37.750 49.000
38.000 49.000
Building 4 5 0.062
38.000 49.000
37.750 49.000
37.750 49.250
38.000 49.250
Building 4 5 0.062
38.000 49.250
37.750 49.250
37.750 49.500
38.000 49.500
Building 4 5 0.062
38.000 49.500
37.750 49.500
37.750 49.750
38.000 49.750
Building 4 5 0.062
38.000 49.750
37.750 49.750
37.750 50.000
38.000 50.000
Building 4 5 0.062
38.000 50.000
37.750 50.000
37.750 50.250
38.000 50.250
Building 4 5 0.062
38.000 50.250
37.750 50.250
37.750 50.500
38.000 50.500
Building 4 5 0.062
38.000 50.500
37.750 50.500
37.750 50.750
38.000 50.750
Building 4 5 0.062
38.000 50.750
37.750 50.750
37.750 51.000
38.000 51.000
Building 4 5 0.062
38.000 51.000
37.750 51.000
37.750 51.250
38.000 51.250
Building 4 5 0.062
38.000 51.250
37.750 51.250
37.750 51.500
38.000 51.500
Building 4 5 0.062
38.000 51.500
37.750 51.500
37.750 51.750
38.000 51.750
Building 4 5 0.062
38.000 51.750
37.750 51.750
37.750 52.000
38.000 52.000
Building 4 5 0.062
38.000 52.000
37.750 52.000
37.750 52.250
38.000 52.250
Building 4 5 0.062
38.000 52.250
37.750 52.250
37.750 52.500
38.000 52.500
Building 4 5 0.062
38.000 52.500
37.750 52.500
37.750 52.750
38.000 52.750
Building 4 5 0.062
38.000 52.750
37.750 52.750
37.750 53.000
38.000 53.000
Building 4 5 0.062
38.000 53.000
37.750 53.000
37.750 53.250
38.000 53.250
Building 4 5 0.062
38.000 53.250
37.750 53.250
37.750 53.500
38.000 53.500
Building 4 5 0.062
38.000 53.500
37.750 53.500
37.750 53.750
38.000 53.750
Building 4 5 0.062
38.000 53.750
37.750 53.750
37.750 54.000
38.000 54.000
Building 4 5 0.062
38.000 54.000
37.750 54.000
37.750 54.250
38.000 54.250
Building 4 5 0.062
38.000 54.250
37.750 54.250
37.750 54.500
38.000 54.500
Building 4 5 0.062
38.000 54.500
37.750 54.500
37.750 54.750
38.000 54.750
Building 4 5 0.062
38.000 54.750
37.750 54.750
37.750 55.000
38.000 55.000
Building 4 5 0.062
38.000 55.000
37.750 55.000
37.750 55.250
38.000 55.250
Building 4 5 0.062
38.000 55.250
37.750 55.250
37.750 55.500
38.000 55.500
Building 4 5 0.062
38.000 55.500
37.750 55.500
37.750 55.750
38.000 55.750
Building 4 5 0.062
38.000 55.750
37.750 55.750
37.750 56.000
38.000 56.000
Building 4 5 0.062
38.000 56.000
37.750 56.000
37.750 56.250
38.000 56.250
Building 4 5 0.062
38.000 56.250
37.750 56.250
37.750 56.500
38.000 56.500
Building 4 5 0.062
38.000 56.500
37.750 56.500
37.750 56.750
38.000 56.750
Building 4 5 0.062
38.000 56.750
37.750 56.750
37.750 57.000
38.000 57.000
Building 4 5 0.062
37.750 57.000
37.750 57.250
38.000 57.250
38.000 57.000
Building 4 5 0.062
37.750 57.250
37.750 57.500
38.000 57.500
38.000 57.250
Building 4 5 0.062
37.750 57.500
37.750 57.750
38.000 57.750
38.000 57.500
Building 4 5 0.062
37.750 57.750
37.750 58.000
38.000 58.000
38.000 57.750
Building 4 5 0.062
37.750 58.000
37.750 58.250
38.000 58.250
38.000 58.000
Building 4 5 0.062
37.750 58.250
37.750 58.500
38.000 58.500
38.000 58.250
Building 4 5 0.062
37.750 58.500
37.750 58.750
38.000 58.750
38.000 58.500
Building 4 5 0.062
38.000 59.000
38.000 58.750
37.750 58.750
37.750 59.000
Building 4 5 0.062
37.750 61.000
37.750 61.250
38.000 61.250
38.000 61.000
Building 4 5 0.062
37.750 61.250
37.750 61.500
38.000 61.500
38.000 61.250
Building 4 5 0.062
37.750 61.500
37.750 61.750
38.000 61.750
38.000 61.500
Building 4 5 0.062
37.750 61.750
37.750 62.000
38.000 62.000
38.000 61.750
Building 4 5 0.062
37.750 62.000
37.750 62.250
38.000 62.250
38.000 62.000
Building 4 5 0.062
37.750 62.250
37.750 62.500
38.000 62.500
38.000 62.250
Building 4 5 0.062
37.750 62.500
37.750 62.750
38.000 62.750
38.000 62.500
Building 4 5 0.062
38.000 63.000
38.000 62.750
37.750 62.750
37.750 63.000
Building 4 5 0.062
38.000 57.000
38.000 57.250
38.250 57.250
38.250 57.000
Building 4 5 0.062
38.000 57.250
38.000 57.500
38.250 57.500
38.250 57.250
Building 4 5 0.062
38.000 57.500
38.000 57.750
38.250 57.750
38.250 57.500
Building 4 5 0.062
38.000 57.750
38.000 58.000
38.250 58.000
38.250 57.750
Building 4 5 0.062
38.000 58.000
38.000 58.250
38.250 58.250
38.250 58.000
Building 4 5 0.062
38.000 58.250
38.000 58.500
38.250 58.500
38.250 58.250
Building 4 5 0.062
38.000 58.500
38.000 58.750
38.250 58.750
38.250 58.500
Building 4 5 0.062
38.250 59.000
38.250 58.750
38.000 58.750
38.000 59.000
Building 4 5 0.062
38.000 61.000
38.000 61.250
38.250 61.250
38.250 61.000
Building 4 5 0.062
38.000 61.250
38.000 61.500
38.250 61.500
38.250 61.250
Building 4 5 0.062
38.000 61.500
38.000 61.750
38.250 61.750
38.250 61.500
Building 4 5 0.062
38.000 61.750
38.000 62.000
38.250 62.000
38.250 61.750
Building 4 5 0.062
38.000 62.000
38.000 62.250
38.250 62.250
38.250 62.000
Building 4 5 0.062
38.000 62.250
38.000 62.500
38.250 62.500
38.250 62.250
Building 4 5 0.062
38.000 62.500
38.000 62.750
38.250 62.750
38.250 62.500
Building 4 5 0.062
38.250 63.000
38.250 62.750
38.000 62.750
38.000 63.000
Building 4 5 0.062
38.250 57.000
38.250 57.250
38.500 57.250
38.500 57.000
Building 4 5 0.062
38.250 57.250
38.250 57.500
38.500 57.500
38.500 57.250
Building 4 5 0.062
38.250 57.500
38.250 57.750
38.500 57.750
38.500 57.500
Building 4 5 0.062
38.250 57.750
38.250 58.000
38.500 58.000
38.500 57.750
Building 4 5 0.062
38.250 58.000
38.250 58.250
38.500 58.250
38.500 58.000
Building 4 5 0.062
38.250 58.250
38.250 58.500
38.500 58.500
38.500 58.250
Building 4 5 0.062
38.250 58.500
38.250 58.750
38.500 58.750
38.500 58.500
Building 4 5 0.062
38.500 59.000
38.500 58.750
38.250 58.750
38.250 59.000
Building 4 5 0.062
38.250 61.000
38.250 61.250
38.500 61.250
38.500 61.000
Building 4 5 0.062
38.250 61.250
38.250 61.500
38.500 61.500
38.500 61.250
Building 4 5 0.062
38.250 61.500
38.250 61.750
38.500 61.750
38.500 61.500
Building 4 5 0.062
38.250 61.750
38.250 62.000
38.500 62.000
38.500 61.750
Building 4 5 0.062
38.250 62.000
38.250 62.250
38.500 62.250
38.500 62.000
Building 4 5 0.062
38.250 62.250
38.250 62.500
38.500 62.500
38.500 62.250
Building 4 5 0.062
38.250 62.500
38.250 62.750
38.500 62.750
38.500 62.500
Building 4 5 0.062
38.500 63.000
38.500 62.750
38.250 62.750
38.250 63.000
Building 4 5 0.062
38.500 57.000
38.500 57.250
38.750 57.250
38.750 57.000
Building 4 5 0.062
38.500 57.250
38.500 57.500
38.750 57.500
38.750 57.250
Building 4 5 0.062
38.500 57.500
38.500 57.750
38.750 57.750
38.750 57.500
Building 4 5 0.062
38.500 57.750
38.500 58.000
38.750 58.000
38.750 57.750
Building 4 5 0.062
38.500 58.000
38.500 58.250
38.750 58.250
38.750 58.000
Building 4 5 0.062
38.500 58.250
38.500 58.500
38.750 58.500
38.750 58.250
Building 4 5 0.062
38.500 58.500
38.500 58.750
38.750 58.750
38.750 58.500
Building 4 5 0.062
38.750 59.000
38.750 58.750
38.500 58.750
38.500 59.000
Building 4 5 0.062
38.500 61.000
38.500 61.250
38.750 61.250
38.750 61.000
Building 4 5 0.062
38.500 61.250
38.500 61.500
38.750 61.500
38.750 61.250
Building 4 5 0.062
38.500 61.500
38.500 61.750
38.750 61.750
38.750 61.500
Building 4 5 0.062
38.500 61.750
38.500 62.000
38.750 62.000
38.750 61.750
Building 4 5 0.062
38.500 62.000
38.500 62.250
38.750 62.250
38.750 62.000
Building 4 5 0.062
38.500 62.250
38.500 62.500
38.750 62.500
38.750 62.250
Building 4 5 0.062
38.500 62.500
38.500 62.750
38.750 62.750
38.750 62.500
Building 4 5 0.062
38.750 63.000
38.750 62.750
38.500 62.750
38.500 63.000
Building 4 5 0.062
38.750 57.000
38.750 57.250
39.000 57.250
39.000 57.000
Building 4 5 0.062
38.750 57.250
38.750 57.500
39.000 57.500
39.000 57.250
Building 4 5 0.062
38.750 57.500
38.750 57.750
39.000 57.750
39.000 57.500
Building 4 5 0.062
38.750 57.750
38.750 58.000
39.000 58.000
39.000 57.750
Building 4 5 0.062
38.750 58.000
38.750 58.250
39.000 58.250
39.000 58.000
Building 4 5 0.062
38.750 58.250
38.750 58.500
39.000 58.500
39.000 58.250
Building 4 5 0.062
38.750 58.500
38.750 58.750
39.000 58.750
39.000 58.500
Building 4 5 0.062
39.000 59.000
39.000 58.750
38.750 58.750
38.750 59.000
Building 4 5 0.062
38.750 61.000
38.750 61.250
39.000 61.250
39.000 61.000
Building 4 5 0.062
38.750 61.250
38.750 61.500
39.000 61.500
39.000 61.250
Building 4 5 0.062
38.750 61.500
38.750 61.750
39.000 61.750
39.000 61.500
Building 4 5 0.062
38.750 61.750
38.750 62.000
39.000 62.000
39.000 61.750
Building 4 5 0.062
38.750 62.000
38.750 62.250
39.000 62.250
39.000 62.000
Building 4 5 0.062
38.750 62.250
38.750 62.500
39.000 62.500
39.000 62.250
Building 4 5 0.062
38.750 62.500
38.750 62.750
39.000 62.750
39.000 62.500
Building 4 5 0.062
39.000 63.000
39.000 62.750
38.750 62.750
38.750 63.000
Building 4 5 0.062
39.000 57.000
39.000 57.250
39.250 57.250
39.250 57.000
Building 4 5 0.062
39.000 57.250
39.000 57.500
39.250 57.500
39.250 57.250
Building 4 5 0.062
39.000 57.500
39.000 57.750
39.250 57.750
39.250 57.500
Building 4 5 0.062
39.000 57.750
39.000 58.000
39.250 58.000
39.250 57.750
Building 4 5 0.062
39.000 58.000
39.000 58.250
39.250 58.250
39.250 58.000
Building 4 5 0.062
39.000 58.250
39.000 58.500
39.250 58.500
39.250 58.250
Building 4 5 0.062
39.000 58.500
39.000 58.750
39.250 58.750
39.250 58.500
Building 4 5 0.062
39.250 59.000
39.250 58.750
39.000 58.750
39.000 59.000
Building 4 5 0.062
39.000 61.000
39.000 61.250
39.250 61.250
39.250 61.000
Building 4 5 0.062
39.000 61.250
39.000 61.500
39.250 61.500
39.250 61.250
Building 4 5 0.062
39.000 61.500
39.000 61.750
39.250 61.750
39.250 61.500
Building 4 5 0.062
39.000 61.750
39.000 62.000
39.250 62.000
39.250 61.750
Building 4 5 0.062
39.000 62.000
39.000 62.250
39.250 62.250
39.250 62.000
Building 4 5 0.062
39.000 62.250
39.000 62.500
39.250 62.500
39.250 62.250
Building 4 5 0.062
39.000 62.500
39.000 62.750
39.250 62.750
39.250 62.500
Building 4 5 0.062
39.250 63.000
39.250 62.750
39.000 62.750
39.000 63.000
Building 4 5 0.062
39.250 57.000
39.250 57.250
39.500 57.250
39.500 57.000
Building 4 5 0.062
39.250 57.250
39.250 57.500
39.500 57.500
39.500 57.250
Building 4 5 0.062
39.250 57.500
39.250 57.750
39.500 57.750
39.500 57.500
Building 4 5 0.062
39.250 57.750
39.250 58.000
39.500 58.000
39.500 57.750
Building 4 5 0.062
39.250 58.000
39.250 58.250
39.500 58.250
39.500 58.000
Building 4 5 0.062
39.250 58.250
39.250 58.500
39.500 58.500
39.500 58.250
Building 4 5 0.062
39.250 58.500
39.250 58.750
39.500 58.750
39.500 58.500
Building 4 5 0.062
39.500 59.000
39.500 58.750
39.250 58.750
39.250 59.000
Building 4 5 0.062
39.250 61.000
39.250 61.250
39.500 61.250
39.500 61.000
Building 4 5 0.062
39.250 61.250
39.250 61.500
39.500 61.500
39.500 61.250
Building 4 5 0.062
39.250 61.500
39.250 61.750
39.500 61.750
39.500 61.500
Building 4 5 0.062
39.250 61.750
39.250 62.000
39.500 62.000
39.500 61.750
Building 4 5 0.062
39.250 62.000
39.250 62.250
39.500 62.250
39.500 62.000
Building 4 5 0.062
39.250 62.250
39.250 62.500
39.500 62.500
39.500 62.250
Building 4 5 0.062
39.250 62.500
39.250 62.750
39.500 62.750
39.500 62.500
Building 4 5 0.062
39.500 63.000
39.500 62.750
39.250 62.750
39.250 63.000
Building 4 5 0.062
39.500 57.000
39.500 57.250
39.750 57.250
39.750 57.000
Building 4 5 0.062
39.500 57.250
39.500 57.500
39.750 57.500
39.750 57.250
Building 4 5 0.062
39.500 57.500
39.500 57.750
39.750 57.750
39.750 57.500
Building 4 5 0.062
39.500 57.750
39.500 58.000
39.750 58.000
39.750 57.750
Building 4 5 0.062
39.500 58.000
39.500 58.250
39.750 58.250
39.750 58.000
Building 4 5 0.062
39.500 58.250
39.500 58.500
39.750 58.500
39.750 58.250
Building 4 5 0.062
39.500 58.500
39.500 58.750
39.750 58.750
39.750 58.500
Building 4 5 0.062
39.750 59.000
39.750 58.750
39.500 58.750
39.500 59.000
Building 4 5 0.062
39.500 61.000
39.500 61.250
39.750 61.250
39.750 61.000
Building 4 5 0.062
39.500 61.250
39.500 61.500
39.750 61.500
39.750 61.250
Building 4 5 0.062
39.500 61.500
39.500 61.750
39.750 61.750
39.750 61.500
Building 4 5 0.062
39.500 61.750
39.500 62.000
39.750 62.000
39.750 61.750
Building 4 5 0.062
39.500 62.000
39.500 62.250
39.750 62.250
39.750 62.000
Building 4 5 0.062
39.500 62.250
39.500 62.500
39.750 62.500
39.750 62.250
Building 4 5 0.062
39.500 62.500
39.500 62.750
39.750 62.750
39.750 62.500
Building 4 5 0.062
39.750 63.000
39.750 62.750
39.500 62.750
39.500 63.000
Building 4 5 0.062
39.750 57.000
39.750 57.250
40.000 57.250
40.000 57.000
Building 4 5 0.062
39.750 57.250
39.750 57.500
40.000 57.500
40.000 57.250
Building 4 5 0.062
39.750 57.500
39.750 57.750
40.000 57.750
40.000 57.500
Building 4 5 0.062
39.750 57.750
39.750 58.000
40.000 58.000
40.000 57.750
Building 4 5 0.062
39.750 58.000
39.750 58.250
40.000 58.250
40.000 58.000
Building 4 5 0.062
39.750 58.250
39.750 58.500
40.000 58.500
40.000 58.250
Building 4 5 0.062
39.750 58.500
39.750 58.750
40.000 58.750
40.000 58.500
Building 4 5 0.062
40.000 59.000
40.000 58.750
39.750 58.750
39.750 59.000
Building 4 5 0.062
39.750 61.000
39.750 61.250
40.000 61.250
40.000 61.000
Building 4 5 0.062
39.750 61.250
39.750 61.500
40.000 61.500
40.000 61.250
Building 4 5 0.062
39.750 61.500
39.750 61.750
40.000 61.750
40.000 61.500
Building 4 5 0.062
39.750 61.750
39.750 62.000
40.000 62.000
40.000 61.750
Building 4 5 0.062
39.750 62.000
39.750 62.250
40.000 62.250
40.000 62.000
Building 4 5 0.062
39.750 62.250
39.750 62.500
40.000 62.500
40.000 62.250
Building 4 5 0.062
39.750 62.500
39.750 62.750
40.000 62.750
40.000 62.500
Building 4 5 0.062
40.000 63.000
40.000 62.750
39.750 62.750
39.750 63.000
Building 4 5 0.062
40.000 57.000
40.000 57.250
40.250 57.250
40.250 57.000
Building 4 5 0.062
40.000 57.250
40.000 57.500
40.250 57.500
40.250 57.250
Building 4 5 0.062
40.000 57.500
40.000 57.750
40.250 57.750
40.250 57.500
Building 4 5 0.062
40.000 57.750
40.000 58.000
40.250 58.000
40.250 57.750
Building 4 5 0.062
40.000 58.000
40.000 58.250
40.250 58.250
40.250 58.000
Building 4 5 0.062
40.000 58.250
40.000 58.500
40.250 58.500
40.250 58.250
Building 4 5 0.062
40.000 58.500
40.000 58.750
40.250 58.750
40.250 58.500
Building 4 5 0.062
40.250 59.000
40.250 58.750
40.000 58.750
40.000 59.000
Building 4 5 0.062
40.000 61.000
40.000 61.250
40.250 61.250
40.250 61.000
Building 4 5 0.062
40.000 61.250
40.000 61.500
40.250 61.500
40.250 61.250
Building 4 5 0.062
40.000 61.500
40.000 61.750
40.250 61.750
40.250 61.500
Building 4 5 0.062
40.000 61.750
40.000 62.000
40.250 62.000
40.250 61.750
Building 4 5 0.062
40.000 62.000
40.000 62.250
40.250 62.250
40.250 62.000
Building 4 5 0.062
40.000 62.250
40.000 62.500
40.250 62.500
40.250 62.250
Building 4 5 0.062
40.000 62.500
40.000 62.750
40.250 62.750
40.250 62.500
Building 4 5 0.062
40.250 63.000
40.250 62.750
40.000 62.750
40.000 63.000
Building 4 5 0.062
40.250 57.000
40.250 57.250
40.500 57.250
40.500 57.000
Building 4 5 0.062
40.250 57.250
40.250 57.500
40.500 57.500
40.500 57.250
Building 4 5 0.062
40.250 57.500
40.250 57.750
40.500 57.750
40.500 57.500
Building 4 5 0.062
40.250 57.750
40.250 58.000
40.500 58.000
40.500 57.750
Building 4 5 0.062
40.250 58.000
40.250 58.250
40.500 58.250
40.500 58.000
Building 4 5 0.062
40.250 58.250
40.250 58.500
40.500 58.500
40.500 58.250
Building 4 5 0.062
40.250 58.500
40.250 58.750
40.500 58.750
40.500 58.500
Building 4 5 0.062
40.500 59.000
40.500 58.750
40.250 58.750
40.250 59.000
Building 4 5 0.062
40.250 61.000
40.250 61.250
40.500 61.250
40.500 61.000
Building 4 5 0.062
40.250 61.250
40.250 61.500
40.500 61.500
40.500 61.250
Building 4 5 0.062
40.250 61.500
40.250 61.750
40.500 61.750
40.500 61.500
Building 4 5 0.062
40.250 61.750
40.250 62.000
40.500 62.000
40.500 61.750
Building 4 5 0.062
40.250 62.000
40.250 62.250
40.500 62.250
40.500 62.000
Building 4 5 0.062
40.250 62.250
40.250 62.500
40.500 62.500
40.500 62.250
Building 4 5 0.062
40.250 62.500
40.250 62.750
40.500 62.750
40.500 62.500
Building 4 5 0.062
40.500 63.000
40.500 62.750
40.250 62.750
40.250 63.000
Building 4 5 0.062
40.500 57.000
40.500 57.250
40.750 57.250
40.750 57.000
Building 4 5 0.062
40.500 57.250
40.500 57.500
40.750 57.500
40.750 57.250
Building 4 5 0.062
40.500 57.500
40.500 57.750
40.750 57.750
40.750 57.500
Building 4 5 0.062
40.500 57.750
40.500 58.000
40.750 58.000
40.750 57.750
Building 4 5 0.062
40.500 58.000
40.500 58.250
40.750 58.250
40.750 58.000
Building 4 5 0.062
40.500 58.250
40.500 58.500
40.750 58.500
40.750 58.250
Building 4 5 0.062
40.500 58.500
40.500 58.750
40.750 58.750
40.750 58.500
Building 4 5 0.062
40.750 59.000
40.750 58.750
40.500 58.750
40.500 59.000
Building 4 5 0.062
40.500 61.000
40.500 61.250
40.750 61.250
40.750 61.000
Building 4 5 0.062
40.500 61.250
40.500 61.500
40.750 61.500
40.750 61.250
Building 4 5 0.062
40.500 61.500
40.500 61.750
40.750 61.750
40.750 61.500
Building 4 5 0.062
40.500 61.750
40.500 62.000
40.750 62.000
40.750 61.750
Building 4 5 0.062
40.500 62.000
40.500 62.250
40.750 62.250
40.750 62.000
Building 4 5 0.062
40.500 62.250
40.500 62.500
40.750 62.500
40.750 62.250
Building 4 5 0.062
40.500 62.500
40.500 62.750
40.750 62.750
40.750 62.500
Building 4 5 0.062
40.750 63.000
40.750 62.750
40.500 62.750
40.500 63.000
Building 4 5 0.062
40.750 57.000
40.750 57.250
41.000 57.250
41.000 57.000
Building 4 5 0.062
40.750 57.250
40.750 57.500
41.000 57.500
41.000 57.250
Building 4 5 0.062
40.750 57.500
40.750 57.750
41.000 57.750
41.000 57.500
Building 4 5 0.062
40.750 57.750
40.750 58.000
41.000 58.000
41.000 57.750
Building 4 5 0.062
40.750 58.000
40.750 58.250
41.000 58.250
41.000 58.000
Building 4 5 0.062
40.750 58.250
40.750 58.500
41.000 58.500
41.000 58.250
Building 4 5 0.062
40.750 58.500
40.750 58.750
41.000 58.750
41.000 58.500
Building 4 5 0.062
41.000 59.000
41.000 58.750
40.750 58.750
40.750 59.000
Building 4 5 0.062
40.750 61.000
40.750 61.250
41.000 61.250
41.000 61.000
Building 4 5 0.062
40.750 61.250
40.750 61.500
41.000 61.500
41.000 61.250
Building 4 5 0.062
40.750 61.500
40.750 61.750
41.000 61.750
41.000 61.500
Building 4 5 0.062
40.750 61.750
40.750 62.000
41.000 62.000
41.000 61.750
Building 4 5 0.062
40.750 62.000
40.750 62.250
41.000 62.250
41.000 62.000
Building 4 5 0.062
40.750 62.250
40.750 62.500
41.000 62.500
41.000 62.250
Building 4 5 0.062
40.750 62.500
40.750 62.750
41.000 62.750
41.000 62.500
Building 4 5 0.062
41.000 63.000
41.000 62.750
40.750 62.750
40.750 63.000
Building 4 5 0.062
41.000 57.000
41.000 57.250
41.250 57.250
41.250 57.000
Building 4 5 0.062
41.000 57.250
41.000 57.500
41.250 57.500
41.250 57.250
Building 4 5 0.062
41.000 57.500
41.000 57.750
41.250 57.750
41.250 57.500
Building 4 5 0.062
41.000 57.750
41.000 58.000
41.250 58.000
41.250 57.750
Building 4 5 0.062
41.000 58.000
41.000 58.250
41.250 58.250
41.250 58.000
Building 4 5 0.062
41.000 58.250
41.000 58.500
41.250 58.500
41.250 58.250
Building 4 5 0.062
41.000 58.500
41.000 58.750
41.250 58.750
41.250 58.500
Building 4 5 0.062
41.250 59.000
41.250 58.750
41.000 58.750
41.000 59.000
Building 4 5 0.062
41.000 61.000
41.000 61.250
41.250 61.250
41.250 61.000
Building 4 5 0.062
41.000 61.250
41.000 61.500
41.250 61.500
41.250 61.250
Building 4 5 0.062
41.000 61.500
41.000 61.750
41.250 61.750
41.250 61.500
Building 4 5 0.062
41.000 61.750
41.000 62.000
41.250 62.000
41.250 61.750
Building 4 5 0.062
41.000 62.000
41.000 62.250
41.250 62.250
41.250 62.000
Building 4 5 0.062
41.000 62.250
41.000 62.500
41.250 62.500
41.250 62.250
Building 4 5 0.062
41.000 62.500
41.000 62.750
41.250 62.750
41.250 62.500
Building 4 5 0.062
41.250 63.000
41.250 62.750
41.000 62.750
41.000 63.000
Building 4 5 0.062
41.250 57.000
41.250 57.250
41.500 57.250
41.500 57.000
Building 4 5 0.062
41.250 57.250
41.250 57.500
41.500 57.500
41.500 57.250
Building 4 5 0.062
41.250 57.500
41.250 57.750
41.500 57.750
41.500 57.500
Building 4 5 0.062
41.250 57.750
41.250 58.000
41.500 58.000
41.500 57.750
Building 4 5 0.062
41.250 58.000
41.250 58.250
41.500 58.250
41.500 58.000
Building 4 5 0.062
41.250 58.250
41.250 58.500
41.500 58.500
41.500 58.250
Building 4 5 0.062
41.250 58.500
41.250 58.750
41.500 58.750
41.500 58.500
Building 4 5 0.062
41.500 59.000
41.500 58.750
41.250 58.750
41.250 59.000
Building 4 5 0.062
41.250 61.000
41.250 61.250
41.500 61.250
41.500 61.000
Building 4 5 0.062
41.250 61.250
41.250 61.500
41.500 61.500
41.500 61.250
Building 4 5 0.062
41.250 61.500
41.250 61.750
41.500 61.750
41.500 61.500
Building 4 5 0.062
41.250 61.750
41.250 62.000
41.500 62.000
41.500 61.750
Building 4 5 0.062
41.250 62.000
41.250 62.250
41.500 62.250
41.500 62.000
Building 4 5 0.062
41.250 62.250
41.250 62.500
41.500 62.500
41.500 62.250
Building 4 5 0.062
41.250 62.500
41.250 62.750
41.500 62.750
41.500 62.500
Building 4 5 0.062
41.500 63.000
41.500 62.750
41.250 62.750
41.250 63.000
Building 4 5 0.062
41.500 57.000
41.500 57.250
41.750 57.250
41.750 57.000
Building 4 5 0.062
41.500 57.250
41.500 57.500
41.750 57.500
41.750 57.250
Building 4 5 0.062
41.500 57.500
41.500 57.750
41.750 57.750
41.750 57.500
Building 4 5 0.062
41.500 57.750
41.500 58.000
41.750 58.000
41.750 57.750
Building 4 5 0.062
41.500 58.000
41.500 58.250
41.750 58.250
41.750 58.000
Building 4 5 0.062
41.500 58.250
41.500 58.500
41.750 58.500
41.750 58.250
Building 4 5 0.062
41.500 58.500
41.500 58.750
41.750 58.750
41.750 58.500
Building 4 5 0.062
41.750 59.000
41.750 58.750
41.500 58.750
41.500 59.000
Building 4 5 0.062
41.500 61.000
41.500 61.250
41.750 61.250
41.750 61.000
Building 4 5 0.062
41.500 61.250
41.500 61.500
41.750 61.500
41.750 61.250
Building 4 5 0.062
41.500 61.500
41.500 61.750
41.750 61.750
41.750 61.500
Building 4 5 0.062
41.500 61.750
41.500 62.000
41.750 62.000
41.750 61.750
Building 4 5 0.062
41.500 62.000
41.500 62.250
41.750 62.250
41.750 62.000
Building 4 5 0.062
41.500 62.250
41.500 62.500
41.750 62.500
41.750 62.250
Building 4 5 0.062
41.500 62.500
41.500 62.750
41.750 62.750
41.750 62.500
Building 4 5 0.062
41.750 63.000
41.750 62.750
41.500 62.750
41.500 63.000
Building 4 5 0.062
41.750 57.000
41.750 57.250
42.000 57.250
42.000 57.000
Building 4 5 0.062
41.750 57.250
41.750 57.500
42.000 57.500
42.000 57.250
Building 4 5 0.062
41.750 57.500
41.750 57.750
42.000 57.750
42.000 57.500
Building 4 5 0.062
41.750 57.750
41.750 58.000
42.000 58.000
42.000 57.750
Building 4 5 0.062
41.750 58.000
41.750 58.250
42.000 58.250
42.000 58.000
Building 4 5 0.062
41.750 58.250
41.750 58.500
42.000 58.500
42.000 58.250
Building 4 5 0.062
41.750 58.500
41.750 58.750
42.000 58.750
42.000 58.500
Building 4 5 0.062
42.000 59.000
42.000 58.750
41.750 58.750
41.750 59.000
Building 4 5 0.062
41.750 61.000
41.750 61.250
42.000 61.250
42.000 61.000
Building 4 5 0.062
41.750 61.250
41.750 61.500
42.000 61.500
42.000 61.250
Building 4 5 0.062
41.750 61.500
41.750 61.750
42.000 61.750
42.000 61.500
Building 4 5 0.062
41.750 61.750
41.750 62.000
42.000 62.000
42.000 61.750
Building 4 5 0.062
41.750 62.000
41.750 62.250
42.000 62.250
42.000 62.000
Building 4 5 0.062
41.750 62.250
41.750 62.500
42.000 62.500
42.000 62.250
Building 4 5 0.062
41.750 62.500
41.750 62.750
42.000 62.750
42.000 62.500
Building 4 5 0.062
42.000 63.000
42.000 62.750
41.750 62.750
41.750 63.000
Building 4 5 0.062
42.000 57.000
42.000 57.250
42.250 57.250
42.250 57.000
Building 4 5 0.062
42.000 57.250
42.000 57.500
42.250 57.500
42.250 57.250
Building 4 5 0.062
42.000 57.500
42.000 57.750
42.250 57.750
42.250 57.500
Building 4 5 0.062
42.000 57.750
42.000 58.000
42.250 58.000
42.250 57.750
Building 4 5 0.062
42.000 58.000
42.000 58.250
42.250 58.250
42.250 58.000
Building 4 5 0.062
42.000 58.250
42.000 58.500
42.250 58.500
42.250 58.250
Building 4 5 0.062
42.000 58.500
42.000 58.750
42.250 58.750
42.250 58.500
Building 4 5 0.062
42.250 59.000
42.250 58.750
42.000 58.750
42.000 59.000
Building 4 5 0.062
42.000 61.000
42.000 61.250
42.250 61.250
42.250 61.000
Building 4 5 0.062
42.000 61.250
42.000 61.500
42.250 61.500
42.250 61.250
Building 4 5 0.062
42.000 61.500
42.000 61.750
42.250 61.750
42.250 61.500
Building 4 5 0.062
42.000 61.750
42.000 62.000
42.250 62.000
42.250 61.750
Building 4 5 0.062
42.000 62.000
42.000 62.250
42.250 62.250
42.250 62.000
Building 4 5 0.062
42.000 62.250
42.000 62.500
42.250 62.500
42.250 62.250
Building 4 5 0.062
42.000 62.500
42.000 62.750
42.250 62.750
42.250 62.500
Building 4 5 0.062
42.250 63.000
42.250 62.750
42.000 62.750
42.000 63.000
Building 4 5 0.062
42.250 57.000
42.250 57.250
42.500 57.250
42.500 57.000
Building 4 5 0.062
42.250 57.250
42.250 57.500
42.500 57.500
42.500 57.250
Building 4 5 0.062
42.250 57.500
42.250 57.750
42.500 57.750
42.500 57.500
Building 4 5 0.062
42.250 57.750
42.250 58.000
42.500 58.000
42.500 57.750
Building 4 5 0.062
42.250 58.000
42.250 58.250
42.500 58.250
42.500 58.000
Building 4 5 0.062
42.250 58.250
42.250 58.500
42.500 58.500
42.500 58.250
Building 4 5 0.062
42.250 58.500
42.250 58.750
42.500 58.750
42.500 58.500
Building 4 5 0.062
42.500 59.000
42.500 58.750
42.250 58.750
42.250 59.000
Building 4 5 0.062
42.250 61.000
42.250 61.250
42.500 61.250
42.500 61.000
Building 4 5 0.062
42.250 61.250
42.250 61.500
42.500 61.500
42.500 61.250
Building 4 5 0.062
42.250 61.500
42.250 61.750
42.500 61.750
42.500 61.500
Building 4 5 0.062
42.250 61.750
42.250 62.000
42.500 62.000
42.500 61.750
Building 4 5 0.062
42.250 62.000
42.250 62.250
42.500 62.250
42.500 62.000
Building 4 5 0.062
42.250 62.250
42.250 62.500
42.500 62.500
42.500 62.250
Building 4 5 0.062
42.250 62.500
42.250 62.750
42.500 62.750
42.500 62.500
Building 4 5 0.062
42.500 63.000
42.500 62.750
42.250 62.750
42.250 63.000
Building 4 5 0.062
42.500 57.000
42.500 57.250
42.750 57.250
42.750 57.000
Building 4 5 0.062
42.500 57.250
42.500 57.500
42.750 57.500
42.750 57.250
Building 4 5 0.062
42.500 57.500
42.500 57.750
42.750 57.750
42.750 57.500
Building 4 5 0.062
42.500 57.750
42.500 58.000
42.750 58.000
42.750 57.750
Building 4 5 0.062
42.500 58.000
42.500 58.250
42.750 58.250
42.750 58.000
Building 4 5 0.062
42.500 58.250
42.500 58.500
42.750 58.500
42.750 58.250
Building 4 5 0.062
42.500 58.500
42.500 58.750
42.750 58.750
42.750 58.500
Building 4 5 0.062
42.750 59.000
42.750 58.750
42.500 58.750
42.500 59.000
Building 4 5 0.062
42.500 61.000
42.500 61.250
42.750 61.250
42.750 61.000
Building 4 5 0.062
42.500 61.250
42.500 61.500
42.750 61.500
42.750 61.250
Building 4 5 0.062
42.500 61.500
42.500 61.750
42.750 61.750
42.750 61.500
Building 4 5 0.062
42.500 61.750
42.500 62.000
42.750 62.000
42.750 61.750
Building 4 5 0.062
42.500 62.000
42.500 62.250
42.750 62.250
42.750 62.000
Building 4 5 0.062
42.500 62.250
42.500 62.500
42.750 62.500
42.750 62.250
Building 4 5 0.062
42.500 62.500
42.500 62.750
42.750 62.750
42.750 62.500
Building 4 5 0.062
42.750 63.000
42.750 62.750
42.500 62.750
42.500 63.000
Building 4 5 0.062
42.750 57.000
42.750 57.250
43.000 57.250
43.000 57.000
Building 4 5 0.062
42.750 57.250
42.750 57.500
43.000 57.500
43.000 57.250
Building 4 5 0.062
42.750 57.500
42.750 57.750
43.000 57.750
43.000 57.500
Building 4 5 0.062
42.750 57.750
42.750 58.000
43.000 58.000
43.000 57.750
Building 4 5 0.062
42.750 58.000
42.750 58.250
43.000 58.250
43.000 58.000
Building 4 5 0.062
42.750 58.250
42.750 58.500
43.000 58.500
43.000 58.250
Building 4 5 0.062
42.750 58.500
42.750 58.750
43.000 58.750
43.000 58.500
Building 4 5 0.062
43.000 59.000
43.000 58.750
42.750 58.750
42.750 59.000
Building 4 5 0.062
42.750 61.000
42.750 61.250
43.000 61.250
43.000 61.000
Building 4 5 0.062
42.750 61.250
42.750 61.500
43.000 61.500
43.000 61.250
Building 4 5 0.062
42.750 61.500
42.750 61.750
43.000 61.750
43.000 61.500
Building 4 5 0.062
42.750 61.750
42.750 62.000
43.000 62.000
43.000 61.750
Building 4 5 0.062
42.750 62.000
42.750 62.250
43.000 62.250
43.000 62.000
Building 4 5 0.062
42.750 62.250
42.750 62.500
43.000 62.500
43.000 62.250
Building 4 5 0.062
42.750 62.500
42.750 62.750
43.000 62.750
43.000 62.500
Building 4 5 0.062
43.000 63.000
43.000 62.750
42.750 62.750
42.750 63.000
Building 4 5 0.062
43.000 57.000
43.000 57.250
43.250 57.250
43.250 57.000
Building 4 5 0.062
43.000 57.250
43.000 57.500
43.250 57.500
43.250 57.250
Building 4 5 0.062
43.000 57.500
43.000 57.750
43.250 57.750
43.250 57.500
Building 4 5 0.062
43.000 57.750
43.000 58.000
43.250 58.000
43.250 57.750
Building 4 5 0.062
43.000 58.000
43.000 58.250
43.250 58.250
43.250 58.000
Building 4 5 0.062
43.000 58.250
43.000 58.500
43.250 58.500
43.250 58.250
Building 4 5 0.062
43.000 58.500
43.000 58.750
43.250 58.750
43.250 58.500
Building 4 5 0.062
43.250 59.000
43.250 58.750
43.000 58.750
43.000 59.000
Building 4 5 0.062
43.000 61.000
43.000 61.250
43.250 61.250
43.250 61.000
Building 4 5 0.062
43.000 61.250
43.000 61.500
43.250 61.500
43.250 61.250
Building 4 5 0.062
43.000 61.500
43.000 61.750
43.250 61.750
43.250 61.500
Building 4 5 0.062
43.000 61.750
43.000 62.000
43.250 62.000
43.250 61.750
Building 4 5 0.062
43.000 62.000
43.000 62.250
43.250 62.250
43.250 62.000
Building 4 5 0.062
43.000 62.250
43.000 62.500
43.250 62.500
43.250 62.250
Building 4 5 0.062
43.000 62.500
43.000 62.750
43.250 62.750
43.250 62.500
Building 4 5 0.062
43.250 63.000
43.250 62.750
43.000 62.750
43.000 63.000
Building 4 5 0.062
43.250 57.000
43.250 57.250
43.500 57.250
43.500 57.000
Building 4 5 0.062
43.250 57.250
43.250 57.500
43.500 57.500
43.500 57.250
Building 4 5 0.062
43.250 57.500
43.250 57.750
43.500 57.750
43.500 57.500
Building 4 5 0.062
43.250 57.750
43.250 58.000
43.500 58.000
43.500 57.750
Building 4 5 0.062
43.250 58.000
43.250 58.250
43.500 58.250
43.500 58.000
Building 4 5 0.062
43.250 58.250
43.250 58.500
43.500 58.500
43.500 58.250
Building 4 5 0.062
43.250 58.500
43.250 58.750
43.500 58.750
43.500 58.500
Building 4 5 0.062
43.500 59.000
43.500 58.750
43.250 58.750
43.250 59.000
Building 4 5 0.062
43.250 61.000
43.250 61.250
43.500 61.250
43.500 61.000
Building 4 5 0.062
43.250 61.250
43.250 61.500
43.500 61.500
43.500 61.250
Building 4 5 0.062
43.250 61.500
43.250 61.750
43.500 61.750
43.500 61.500
Building 4 5 0.062
43.250 61.750
43.250 62.000
43.500 62.000
43.500 61.750
Building 4 5 0.062
43.250 62.000
43.250 62.250
43.500 62.250
43.500 62.000
Building 4 5 0.062
43.250 62.250
43.250 62.500
43.500 62.500
43.500 62.250
Building 4 5 0.062
43.250 62.500
43.250 62.750
43.500 62.750
43.500 62.500
Building 4 5 0.062
43.500 63.000
43.500 62.750
43.250 62.750
43.250 63.000
Building 4 5 0.062
43.500 57.000
43.500 57.250
43.750 57.250
43.750 57.000
Building 4 5 0.062
43.500 57.250
43.500 57.500
43.750 57.500
43.750 57.250
Building 4 5 0.062
43.500 57.500
43.500 57.750
43.750 57.750
43.750 57.500
Building 4 5 0.062
43.500 57.750
43.500 58.000
43.750 58.000
43.750 57.750
Building 4 5 0.062
43.500 58.000
43.500 58.250
43.750 58.250
43.750 58.000
Building 4 5 0.062
43.500 58.250
43.500 58.500
43.750 58.500
43.750 58.250
Building 4 5 0.062
43.500 58.500
43.500 58.750
43.750 58.750
43.750 58.500
Building 4 5 0.062
43.750 59.000
43.750 58.750
43.500 58.750
43.500 59.000
Building 4 5 0.062
43.500 61.000
43.500 61.250
43.750 61.250
43.750 61.000
Building 4 5 0.062
43.500 61.250
43.500 61.500
43.750 61.500
43.750 61.250
Building 4 5 0.062
43.500 61.500
43.500 61.750
43.750 61.750
43.750 61.500
Building 4 5 0.062
43.500 61.750
43.500 62.000
43.750 62.000
43.750 61.750
Building 4 5 0.062
43.500 62.000
43.500 62.250
43.750 62.250
43.750 62.000
Building 4 5 0.062
43.500 62.250
43.500 62.500
43.750 62.500
43.750 62.250
Building 4 5 0.062
43.500 62.500
43.500 62.750
43.750 62.750
43.750 62.500
Building 4 5 0.062
43.750 63.000
43.750 62.750
43.500 62.750
43.500 63.000
Building 4 5 0.062
43.750 57.000
43.750 57.250
44.000 57.250
44.000 57.000
Building 4 5 0.062
43.750 57.250
43.750 57.500
44.000 57.500
44.000 57.250
Building 4 5 0.062
43.750 57.500
43.750 57.750
44.000 57.750
44.000 57.500
Building 4 5 0.062
43.750 57.750
43.750 58.000
44.000 58.000
44.000 57.750
Building 4 5 0.062
43.750 58.000
43.750 58.250
44.000 58.250
44.000 58.000
Building 4 5 0.062
43.750 58.250
43.750 58.500
44.000 58.500
44.000 58.250
Building 4 5 0.062
43.750 58.500
43.750 58.750
44.000 58.750
44.000 58.500
Building 4 5 0.062
44.000 59.000
44.000 58.750
43.750 58.750
43.750 59.000
Building 4 5 0.062
43.750 61.000
43.750 61.250
44.000 61.250
44.000 61.000
Building 4 5 0.062
43.750 61.250
43.750 61.500
44.000 61.500
44.000 61.250
Building 4 5 0.062
43.750 61.500
43.750 61.750
44.000 61.750
44.000 61.500
Building 4 5 0.062
43.750 61.750
43.750 62.000
44.000 62.000
44.000 61.750
Building 4 5 0.062
43.750 62.000
43.750 62.250
44.000 62.250
44.000 62.000
Building 4 5 0.062
43.750 62.250
43.750 62.500
44.000 62.500
44.000 62.250
Building 4 5 0.062
43.750 62.500
43.750 62.750
44.000 62.750
44.000 62.500
Building 4 5 0.062
44.000 63.000
44.000 62.750
43.750 62.750
43.750 63.000
Building 4 5 0.062
44.000 57.000
44.000 57.250
44.250 57.250
44.250 57.000
Building 4 5 0.062
44.000 57.250
44.000 57.500
44.250 57.500
44.250 57.250
Building 4 5 0.062
44.000 57.500
44.000 57.750
44.250 57.750
44.250 57.500
Building 4 5 0.062
44.000 57.750
44.000 58.000
44.250 58.000
44.250 57.750
Building 4 5 0.062
44.000 58.000
44.000 58.250
44.250 58.250
44.250 58.000
Building 4 5 0.062
44.000 58.250
44.000 58.500
44.250 58.500
44.250 58.250
Building 4 5 0.062
44.000 58.500
44.000 58.750
44.250 58.750
44.250 58.500
Building 4 5 0.062
44.250 59.000
44.250 58.750
44.000 58.750
44.000 59.000
Building 4 5 0.062
44.000 61.000
44.000 61.250
44.250 61.250
44.250 61.000
Building 4 5 0.062
44.000 61.250
44.000 61.500
44.250 61.500
44.250 61.250
Building 4 5 0.062
44.000 61.500
44.000 61.750
44.250 61.750
44.250 61.500
Building 4 5 0.062
44.000 61.750
44.000 62.000
44.250 62.000
44.250 61.750
Building 4 5 0.062
44.000 62.000
44.000 62.250
44.250 62.250
44.250 62.000
Building 4 5 0.062
44.000 62.250
44.000 62.500
44.250 62.500
44.250 62.250
Building 4 5 0.062
44.000 62.500
44.000 62.750
44.250 62.750
44.250 62.500
Building 4 5 0.062
44.250 63.000
44.250 62.750
44.000 62.750
44.000 63.000
Building 4 5 0.062
44.250 57.000
44.250 57.250
44.500 57.250
44.500 57.000
Building 4 5 0.062
44.250 57.250
44.250 57.500
44.500 57.500
44.500 57.250
Building 4 5 0.062
44.250 57.500
44.250 57.750
44.500 57.750
44.500 57.500
Building 4 5 0.062
44.250 57.750
44.250 58.000
44.500 58.000
44.500 57.750
Building 4 5 0.062
44.250 58.000
44.250 58.250
44.500 58.250
44.500 58.000
Building 4 5 0.062
44.250 58.250
44.250 58.500
44.500 58.500
44.500 58.250
Building 4 5 0.062
44.250 58.500
44.250 58.750
44.500 58.750
44.500 58.500
Building 4 5 0.062
44.500 59.000
44.500 58.750
44.250 58.750
44.250 59.000
Building 4 5 0.062
44.250 61.000
44.250 61.250
44.500 61.250
44.500 61.000
Building 4 5 0.062
44.250 61.250
44.250 61.500
44.500 61.500
44.500 61.250
Building 4 5 0.062
44.250 61.500
44.250 61.750
44.500 61.750
44.500 61.500
Building 4 5 0.062
44.250 61.750
44.250 62.000
44.500 62.000
44.500 61.750
Building 4 5 0.062
44.250 62.000
44.250 62.250
44.500 62.250
44.500 62.000
Building 4 5 0.062
44.250 62.250
44.250 62.500
44.500 62.500
44.500 62.250
Building 4 5 0.062
44.250 62.500
44.250 62.750
44.500 62.750
44.500 62.500
Building 4 5 0.062
44.500 63.000
44.500 62.750
44.250 62.750
44.250 63.000
Building 4 5 0.062
44.500 57.000
44.500 57.250
44.750 57.250
44.750 57.000
Building 4 5 0.062
44.500 57.250
44.500 57.500
44.750 57.500
44.750 57.250
Building 4 5 0.062
44.500 57.500
44.500 57.750
44.750 57.750
44.750 57.500
Building 4 5 0.062
44.500 57.750
44.500 58.000
44.750 58.000
44.750 57.750
Building 4 5 0.062
44.500 58.000
44.500 58.250
44.750 58.250
44.750 58.000
Building 4 5 0.062
44.500 58.250
44.500 58.500
44.750 58.500
44.750 58.250
Building 4 5 0.062
44.500 58.500
44.500 58.750
44.750 58.750
44.750 58.500
Building 4 5 0.062
44.750 59.000
44.750 58.750
44.500 58.750
44.500 59.000
Building 4 5 0.062
44.500 61.000
44.500 61.250
44.750 61.250
44.750 61.000
Building 4 5 0.062
44.500 61.250
44.500 61.500
44.750 61.500
44.750 61.250
Building 4 5 0.062
44.500 61.500
44.500 61.750
44.750 61.750
44.750 61.500
Building 4 5 0.062
44.500 61.750
44.500 62.000
44.750 62.000
44.750 61.750
Building 4 5 0.062
44.500 62.000
44.500 62.250
44.750 62.250
44.750 62.000
Building 4 5 0.062
44.500 62.250
44.500 62.500
44.750 62.500
44.750 62.250
Building 4 5 0.062
44.500 62.500
44.500 62.750
44.750 62.750
44.750 62.500
Building 4 5 0.062
44.750 63.000
44.750 62.750
44.500 62.750
44.500 63.000
Building 4 5 0.062
44.750 57.000
44.750 57.250
45.000 57.250
45.000 57.000
Building 4 5 0.062
44.750 57.250
44.750 57.500
45.000 57.500
45.000 57.250
Building 4 5 0.062
44.750 57.500
44.750 57.750
45.000 57.750
45.000 57.500
Building 4 5 0.062
44.750 57.750
44.750 58.000
45.000 58.000
45.000 57.750
Building 4 5 0.062
44.750 58.000
44.750 58.250
45.000 58.250
45.000 58.000
Building 4 5 0.062
44.750 58.250
44.750 58.500
45.000 58.500
45.000 58.250
Building 4 5 0.062
44.750 58.500
44.750 58.750
45.000 58.750
45.000 58.500
Building 4 5 0.062
45.000 59.000
45.000 58.750
44.750 58.750
44.750 59.000
Building 4 5 0.062
44.750 61.000
44.750 61.250
45.000 61.250
45.000 61.000
Building 4 5 0.062
44.750 61.250
44.750 61.500
45.000 61.500
45.000 61.250
Building 4 5 0.062
44.750 61.500
44.750 61.750
45.000 61.750
45.000 61.500
Building 4 5 0.062
44.750 61.750
44.750 62.000
45.000 62.000
45.000 61.750
Building 4 5 0.062
44.750 62.000
44.750 62.250
45.000 62.250
45.000 62.000
Building 4 5 0.062
44.750 62.250
44.750 62.500
45.000 62.500
45.000 62.250
Building 4 5 0.062
44.750 62.500
44.750 62.750
45.000 62.750
45.000 62.500
Building 4 5 0.062
45.000 63.000
45.000 62.750
44.750 62.750
44.750 63.000
Building 4 5 0.062
45.000 57.000
45.000 57.250
45.250 57.250
45.250 57.000
Building 4 5 0.062
45.000 57.250
45.000 57.500
45.250 57.500
45.250 57.250
Building 4 5 0.062
45.000 57.500
45.000 57.750
45.250 57.750
45.250 57.500
Building 4 5 0.062
45.000 57.750
45.000 58.000
45.250 58.000
45.250 57.750
Building 4 5 0.062
45.000 58.000
45.000 58.250
45.250 58.250
45.250 58.000
Building 4 5 0.062
45.000 58.250
45.000 58.500
45.250 58.500
45.250 58.250
Building 4 5 0.062
45.000 58.500
45.000 58.750
45.250 58.750
45.250 58.500
Building 4 5 0.062
45.250 59.000
45.250 58.750
45.000 58.750
45.000 59.000
Building 4 5 0.062
45.000 61.000
45.000 61.250
45.250 61.250
45.250 61.000
Building 4 5 0.062
45.000 61.250
45.000 61.500
45.250 61.500
45.250 61.250
Building 4 5 0.062
45.000 61.500
45.000 61.750
45.250 61.750
45.250 61.500
Building 4 5 0.062
45.000 61.750
45.000 62.000
45.250 62.000
45.250 61.750
Building 4 5 0.062
45.000 62.000
45.000 62.250
45.250 62.250
45.250 62.000
Building 4 5 0.062
45.000 62.250
45.000 62.500
45.250 62.500
45.250 62.250
Building 4 5 0.062
45.000 62.500
45.000 62.750
45.250 62.750
45.250 62.500
Building 4 5 0.062
45.250 63.000
45.250 62.750
45.000 62.750
45.000 63.000
Building 4 5 0.062
45.250 57.000
45.250 57.250
45.500 57.250
45.500 57.000
Building 4 5 0.062
45.250 57.250
45.250 57.500
45.500 57.500
45.500 57.250
Building 4 5 0.062
45.250 57.500
45.250 57.750
45.500 57.750
45.500 57.500
Building 4 5 0.062
45.250 57.750
45.250 58.000
45.500 58.000
45.500 57.750
Building 4 5 0.062
45.250 58.000
45.250 58.250
45.500 58.250
45.500 58.000
Building 4 5 0.062
45.250 58.250
45.250 58.500
45.500 58.500
45.500 58.250
Building 4 5 0.062
45.250 58.500
45.250 58.750
45.500 58.750
45.500 58.500
Building 4 5 0.062
45.500 59.000
45.500 58.750
45.250 58.750
45.250 59.000
Building 4 5 0.062
45.250 61.000
45.250 61.250
45.500 61.250
45.500 61.000
Building 4 5 0.062
45.250 61.250
45.250 61.500
45.500 61.500
45.500 61.250
Building 4 5 0.062
45.250 61.500
45.250 61.750
45.500 61.750
45.500 61.500
Building 4 5 0.062
45.250 61.750
45.250 62.000
45.500 62.000
45.500 61.750
Building 4 5 0.062
45.250 62.000
45.250 62.250
45.500 62.250
45.500 62.000
Building 4 5 0.062
45.250 62.250
45.250 62.500
45.500 62.500
45.500 62.250
Building 4 5 0.062
45.250 62.500
45.250 62.750
45.500 62.750
45.500 62.500
Building 4 5 0.062
45.500 63.000
45.500 62.750
45.250 62.750
45.250 63.000
Building 4 5 0.062
45.500 57.000
45.500 57.250
45.750 57.250
45.750 57.000
Building 4 5 0.062
45.500 57.250
45.500 57.500
45.750 57.500
45.750 57.250
Building 4 5 0.062
45.500 57.500
45.500 57.750
45.750 57.750
45.750 57.500
Building 4 5 0.062
45.500 57.750
45.500 58.000
45.750 58.000
45.750 57.750
Building 4 5 0.062
45.500 58.000
45.500 58.250
45.750 58.250
45.750 58.000
Building 4 5 0.062
45.500 58.250
45.500 58.500
45.750 58.500
45.750 58.250
Building 4 5 0.062
45.500 58.500
45.500 58.750
45.750 58.750
45.750 58.500
Building 4 5 0.062
45.750 59.000
45.750 58.750
45.500 58.750
45.500 59.000
Building 4 5 0.062
45.500 61.000
45.500 61.250
45.750 61.250
45.750 61.000
Building 4 5 0.062
45.500 61.250
45.500 61.500
45.750 61.500
45.750 61.250
Building 4 5 0.062
45.500 61.500
45.500 61.750
45.750 61.750
45.750 61.500
Building 4 5 0.062
45.500 61.750
45.500 62.000
45.750 62.000
45.750 61.750
Building 4 5 0.062
45.500 62.000
45.500 62.250
45.750 62.250
45.750 62.000
Building 4 5 0.062
45.500 62.250
45.500 62.500
45.750 62.500
45.750 62.250
Building 4 5 0.062
45.500 62.500
45.500 62.750
45.750 62.750
45.750 62.500
Building 4 5 0.062
45.750 63.000
45.750 62.750
45.500 62.750
45.500 63.000
Building 4 5 0.062
45.750 57.000
45.750 57.250
46.000 57.250
46.000 57.000
Building 4 5 0.062
45.750 57.250
45.750 57.500
46.000 57.500
46.000 57.250
Building 4 5 0.062
45.750 57.500
45.750 57.750
46.000 57.750
46.000 57.500
Building 4 5 0.062
45.750 57.750
45.750 58.000
46.000 58.000
46.000 57.750
Building 4 5 0.062
45.750 58.000
45.750 58.250
46.000 58.250
46.000 58.000
Building 4 5 0.062
45.750 58.250
45.750 58.500
46.000 58.500
46.000 58.250
Building 4 5 0.062
45.750 58.500
45.750 58.750
46.000 58.750
46.000 58.500
Building 4 5 0.062
46.000 59.000
46.000 58.750
45.750 58.750
45.750 59.000
Building 4 5 0.062
45.750 61.000
45.750 61.250
46.000 61.250
46.000 61.000
Building 4 5 0.062
45.750 61.250
45.750 61.500
46.000 61.500
46.000 61.250
Building 4 5 0.062
45.750 61.500
45.750 61.750
46.000 61.750
46.000 61.500
Building 4 5 0.062
45.750 61.750
45.750 62.000
46.000 62.000
46.000 61.750
Building 4 5 0.062
45.750 62.000
45.750 62.250
46.000 62.250
46.000 62.000
Building 4 5 0.062
45.750 62.250
45.750 62.500
46.000 62.500
46.000 62.250
Building 4 5 0.062
45.750 62.500
45.750 62.750
46.000 62.750
46.000 62.500
Building 4 5 0.062
46.000 63.000
46.000 62.750
45.750 62.750
45.750 63.000
Building 4 5 0.062
46.000 57.000
46.000 57.250
46.250 57.250
46.250 57.000
Building 4 5 0.062
46.000 57.250
46.000 57.500
46.250 57.500
46.250 57.250
Building 4 5 0.062
46.000 57.500
46.000 57.750
46.250 57.750
46.250 57.500
Building 4 5 0.062
46.000 57.750
46.000 58.000
46.250 58.000
46.250 57.750
Building 4 5 0.062
46.000 58.000
46.000 58.250
46.250 58.250
46.250 58.000
Building 4 5 0.062
46.000 58.250
46.000 58.500
46.250 58.500
46.250 58.250
Building 4 5 0.062
46.000 58.500
46.000 58.750
46.250 58.750
46.250 58.500
Building 4 5 0.062
46.250 59.000
46.250 58.750
46.000 58.750
46.000 59.000
Building 4 5 0.062
46.000 61.000
46.000 61.250
46.250 61.250
46.250 61.000
Building 4 5 0.062
46.000 61.250
46.000 61.500
46.250 61.500
46.250 61.250
Building 4 5 0.062
46.000 61.500
46.000 61.750
46.250 61.750
46.250 61.500
Building 4 5 0.062
46.000 61.750
46.000 62.000
46.250 62.000
46.250 61.750
Building 4 5 0.062
46.000 62.000
46.000 62.250
46.250 62.250
46.250 62.000
Building 4 5 0.062
46.000 62.250
46.000 62.500
46.250 62.500
46.250 62.250
Building 4 5 0.062
46.000 62.500
46.000 62.750
46.250 62.750
46.250 62.500
Building 4 5 0.062
46.250 63.000
46.250 62.750
46.000 62.750
46.000 63.000
Building 4 5 0.062
46.250 57.000
46.250 57.250
46.500 57.250
46.500 57.000
Building 4 5 0.062
46.250 57.250
46.250 57.500
46.500 57.500
46.500 57.250
Building 4 5 0.062
46.250 57.500
46.250 57.750
46.500 57.750
46.500 57.500
Building 4 5 0.062
46.250 57.750
46.250 58.000
46.500 58.000
46.500 57.750
Building 4 5 0.062
46.250 58.000
46.250 58.250
46.500 58.250
46.500 58.000
Building 4 5 0.062
46.250 58.250
46.250 58.500
46.500 58.500
46.500 58.250
Building 4 5 0.062
46.250 58.500
46.250 58.750
46.500 58.750
46.500 58.500
Building 4 5 0.062
46.500 59.000
46.500 58.750
46.250 58.750
46.250 59.000
Building 4 5 0.062
46.250 61.000
46.250 61.250
46.500 61.250
46.500 61.000
Building 4 5 0.062
46.250 61.250
46.250 61.500
46.500 61.500
46.500 61.250
Building 4 5 0.062
46.250 61.500
46.250 61.750
46.500 61.750
46.500 61.500
Building 4 5 0.062
46.250 61.750
46.250 62.000
46.500 62.000
46.500 61.750
Building 4 5 0.062
46.250 62.000
46.250 62.250
46.500 62.250
46.500 62.000
Building 4 5 0.062
46.250 62.250
46.250 62.500
46.500 62.500
46.500 62.250
Building 4 5 0.062
46.250 62.500
46.250 62.750
46.500 62.750
46.500 62.500
Building 4 5 0.062
46.500 63.000
46.500 62.750
46.250 62.750
46.250 63.000
Building 4 5 0.062
46.500 57.000
46.500 57.250
46.750 57.250
46.750 57.000
Building 4 5 0.062
46.500 57.250
46.500 57.500
46.750 57.500
46.750 57.250
Building 4 5 0.062
46.500 57.500
46.500 57.750
46.750 57.750
46.750 57.500
Building 4 5 0.062
46.500 57.750
46.500 58.000
46.750 58.000
46.750 57.750
Building 4 5 0.062
46.500 58.000
46.500 58.250
46.750 58.250
46.750 58.000
Building 4 5 0.062
46.500 58.250
46.500 58.500
46.750 58.500
46.750 58.250
Building 4 5 0.062
46.500 58.500
46.500 58.750
46.750 58.750
46.750 58.500
Building 4 5 0.062
46.750 59.000
46.750 58.750
46.500 58.750
46.500 59.000
Building 4 5 0.062
46.500 61.000
46.500 61.250
46.750 61.250
46.750 61.000
Building 4 5 0.062
46.500 61.250
46.500 61.500
46.750 61.500
46.750 61.250
Building 4 5 0.062
46.500 61.500
46.500 61.750
46.750 61.750
46.750 61.500
Building 4 5 0.062
46.500 61.750
46.500 62.000
46.750 62.000
46.750 61.750
Building 4 5 0.062
46.500 62.000
46.500 62.250
46.750 62.250
46.750 62.000
Building 4 5 0.062
46.500 62.250
46.500 62.500
46.750 62.500
46.750 62.250
Building 4 5 0.062
46.500 62.500
46.500 62.750
46.750 62.750
46.750 62.500
Building 4 5 0.062
46.750 63.000
46.750 62.750
46.500 62.750
46.500 63.000
Building 4 5 0.062
46.750 57.000
46.750 57.250
47.000 57.250
47.000 57.000
Building 4 5 0.062
46.750 57.250
46.750 57.500
47.000 57.500
47.000 57.250
Building 4 5 0.062
46.750 57.500
46.750 57.750
47.000 57.750
47.000 57.500
Building 4 5 0.062
46.750 57.750
46.750 58.000
47.000 58.000
47.000 57.750
Building 4 5 0.062
46.750 58.000
46.750 58.250
47.000 58.250
47.000 58.000
Building 4 5 0.062
46.750 58.250
46.750 58.500
47.000 58.500
47.000 58.250
Building 4 5 0.062
46.750 58.500
46.750 58.750
47.000 58.750
47.000 58.500
Building 4 5 0.062
47.000 59.000
47.000 58.750
46.750 58.750
46.750 59.000
Building 4 5 0.062
46.750 61.000
46.750 61.250
47.000 61.250
47.000 61.000
Building 4 5 0.062
46.750 61.250
46.750 61.500
47.000 61.500
47.000 61.250
Building 4 5 0.062
46.750 61.500
46.750 61.750
47.000 61.750
47.000 61.500
Building 4 5 0.062
46.750 61.750
46.750 62.000
47.000 62.000
47.000 61.750
Building 4 5 0.062
46.750 62.000
46.750 62.250
47.000 62.250
47.000 62.000
Building 4 5 0.062
46.750 62.250
46.750 62.500
47.000 62.500
47.000 62.250
Building 4 5 0.062
46.750 62.500
46.750 62.750
47.000 62.750
47.000 62.500
Building 4 5 0.062
47.000 63.000
47.000 62.750
46.750 62.750
46.750 63.000
Building 4 5 0.062
47.000 57.000
47.000 57.250
47.250 57.250
47.250 57.000
Building 4 5 0.062
47.000 57.250
47.000 57.500
47.250 57.500
47.250 57.250
Building 4 5 0.062
47.000 57.500
47.000 57.750
47.250 57.750
47.250 57.500
Building 4 5 0.062
47.000 57.750
47.000 58.000
47.250 58.000
47.250 57.750
Building 4 5 0.062
47.000 58.000
47.000 58.250
47.250 58.250
47.250 58.000
Building 4 5 0.062
47.000 58.250
47.000 58.500
47.250 58.500
47.250 58.250
Building 4 5 0.062
47.000 58.500
47.000 58.750
47.250 58.750
47.250 58.500
Building 4 5 0.062
47.250 59.000
47.250 58.750
47.000 58.750
47.000 59.000
Building 4 5 0.062
47.000 61.000
47.000 61.250
47.250 61.250
47.250 61.000
Building 4 5 0.062
47.000 61.250
47.000 61.500
47.250 61.500
47.250 61.250
Building 4 5 0.062
47.000 61.500
47.000 61.750
47.250 61.750
47.250 61.500
Building 4 5 0.062
47.000 61.750
47.000 62.000
47.250 62.000
47.250 61.750
Building 4 5 0.062
47.000 62.000
47.000 62.250
47.250 62.250
47.250 62.000
Building 4 5 0.062
47.000 62.250
47.000 62.500
47.250 62.500
47.250 62.250
Building 4 5 0.062
47.000 62.500
47.000 62.750
47.250 62.750
47.250 62.500
Building 4 5 0.062
47.250 63.000
47.250 62.750
47.000 62.750
47.000 63.000
Building 4 5 0.062
47.250 57.000
47.250 57.250
47.500 57.250
47.500 57.000
Building 4 5 0.062
47.250 57.250
47.250 57.500
47.500 57.500
47.500 57.250
Building 4 5 0.062
47.250 57.500
47.250 57.750
47.500 57.750
47.500 57.500
Building 4 5 0.062
47.250 57.750
47.250 58.000
47.500 58.000
47.500 57.750
Building 4 5 0.062
47.250 58.000
47.250 58.250
47.500 58.250
47.500 58.000
Building 4 5 0.062
47.250 58.250
47.250 58.500
47.500 58.500
47.500 58.250
Building 4 5 0.062
47.250 58.500
47.250 58.750
47.500 58.750
47.500 58.500
Building 4 5 0.062
47.500 59.000
47.500 58.750
47.250 58.750
47.250 59.000
Building 4 5 0.062
47.250 61.000
47.250 61.250
47.500 61.250
47.500 61.000
Building 4 5 0.062
47.250 61.250
47.250 61.500
47.500 61.500
47.500 61.250
Building 4 5 0.062
47.250 61.500
47.250 61.750
47.500 61.750
47.500 61.500
Building 4 5 0.062
47.250 61.750
47.250 62.000
47.500 62.000
47.500 61.750
Building 4 5 0.062
47.250 62.000
47.250 62.250
47.500 62.250
47.500 62.000
Building 4 5 0.062
47.250 62.250
47.250 62.500
47.500 62.500
47.500 62.250
Building 4 5 0.062
47.250 62.500
47.250 62.750
47.500 62.750
47.500 62.500
Building 4 5 0.062
47.500 63.000
47.500 62.750
47.250 62.750
47.250 63.000
Building 4 5 0.062
47.500 57.000
47.500 57.250
47.750 57.250
47.750 57.000
Building 4 5 0.062
47.500 57.250
47.500 57.500
47.750 57.500
47.750 57.250
Building 4 5 0.062
47.500 57.500
47.500 57.750
47.750 57.750
47.750 57.500
Building 4 5 0.062
47.500 57.750
47.500 58.000
47.750 58.000
47.750 57.750
Building 4 5 0.062
47.500 58.000
47.500 58.250
47.750 58.250
47.750 58.000
Building 4 5 0.062
47.500 58.250
47.500 58.500
47.750 58.500
47.750 58.250
Building 4 5 0.062
47.500 58.500
47.500 58.750
47.750 58.750
47.750 58.500
Building 4 5 0.062
47.750 59.000
47.750 58.750
47.500 58.750
47.500 59.000
Building 4 5 0.062
47.500 61.000
47.500 61.250
47.750 61.250
47.750 61.000
Building 4 5 0.062
47.500 61.250
47.500 61.500
47.750 61.500
47.750 61.250
Building 4 5 0.062
47.500 61.500
47.500 61.750
47.750 61.750
47.750 61.500
Building 4 5 0.062
47.500 61.750
47.500 62.000
47.750 62.000
47.750 61.750
Building 4 5 0.062
47.500 62.000
47.500 62.250
47.750 62.250
47.750 62.000
Building 4 5 0.062
47.500 62.250
47.500 62.500
47.750 62.500
47.750 62.250
Building 4 5 0.062
47.500 62.500
47.500 62.750
47.750 62.750
47.750 62.500
Building 4 5 0.062
47.750 63.000
47.750 62.750
47.500 62.750
47.500 63.000
Building 4 5 0.062
47.750 57.000
47.750 57.250
48.000 57.250
48.000 57.000
Building 4 5 0.062
47.750 57.250
47.750 57.500
48.000 57.500
48.000 57.250
Building 4 5 0.062
47.750 57.500
47.750 57.750
48.000 57.750
48.000 57.500
Building 4 5 0.062
47.750 57.750
47.750 58.000
48.000 58.000
48.000 57.750
Building 4 5 0.062
47.750 58.000
47.750 58.250
48.000 58.250
48.000 58.000
Building 4 5 0.062
47.750 58.250
47.750 58.500
48.000 58.500
48.000 58.250
Building 4 5 0.062
47.750 58.500
47.750 58.750
48.000 58.750
48.000 58.500
Building 4 5 0.062
48.000 59.000
48.000 58.750
47.750 58.750
47.750 59.000
Building 4 5 0.062
47.750 61.000
47.750 61.250
48.000 61.250
48.000 61.000
Building 4 5 0.062
47.750 61.250
47.750 61.500
48.000 61.500
48.000 61.250
Building 4 5 0.062
47.750 61.500
47.750 61.750
48.000 61.750
48.000 61.500
Building 4 5 0.062
47.750 61.750
47.750 62.000
48.000 62.000
48.000 61.750
Building 4 5 0.062
47.750 62.000
47.750 62.250
48.000 62.250
48.000 62.000
Building 4 5 0.062
47.750 62.250
47.750 62.500
48.000 62.500
48.000 62.250
Building 4 5 0.062
47.750 62.500
47.750 62.750
48.000 62.750
48.000 62.500
Building 4 5 0.062
48.000 63.000
48.000 62.750
47.750 62.750
47.750 63.000
Building 4 5 0.062
48.000 57.000
48.000 57.250
48.250 57.250
48.250 57.000
Building 4 5 0.062
48.000 57.250
48.000 57.500
48.250 57.500
48.250 57.250
Building 4 5 0.062
48.000 57.500
48.000 57.750
48.250 57.750
48.250 57.500
Building 4 5 0.062
48.000 57.750
48.000 58.000
48.250 58.000
48.250 57.750
Building 4 5 0.062
48.000 58.000
48.000 58.250
48.250 58.250
48.250 58.000
Building 4 5 0.062
48.000 58.250
48.000 58.500
48.250 58.500
48.250 58.250
Building 4 5 0.062
48.000 58.500
48.000 58.750
48.250 58.750
48.250 58.500
Building 4 5 0.062
48.250 59.000
48.250 58.750
48.000 58.750
48.000 59.000
Building 4 5 0.062
48.000 61.000
48.000 61.250
48.250 61.250
48.250 61.000
Building 4 5 0.062
48.000 61.250
48.000 61.500
48.250 61.500
48.250 61.250
Building 4 5 0.062
48.000 61.500
48.000 61.750
48.250 61.750
48.250 61.500
Building 4 5 0.062
48.000 61.750
48.000 62.000
48.250 62.000
48.250 61.750
Building 4 5 0.062
48.000 62.000
48.000 62.250
48.250 62.250
48.250 62.000
Building 4 5 0.062
48.000 62.250
48.000 62.500
48.250 62.500
48.250 62.250
Building 4 5 0.062
48.000 62.500
48.000 62.750
48.250 62.750
48.250 62.500
Building 4 5 0.062
48.250 63.000
48.250 62.750
48.000 62.750
48.000 63.000
Building 4 5 0.062
48.250 57.000
48.250 57.250
48.500 57.250
48.500 57.000
Building 4 5 0.062
48.250 57.250
48.250 57.500
48.500 57.500
48.500 57.250
Building 4 5 0.062
48.250 57.500
48.250 57.750
48.500 57.750
48.500 57.500
Building 4 5 0.062
48.250 57.750
48.250 58.000
48.500 58.000
48.500 57.750
Building 4 5 0.062
48.250 58.000
48.250 58.250
48.500 58.250
48.500 58.000
Building 4 5 0.062
48.250 58.250
48.250 58.500
48.500 58.500
48.500 58.250
Building 4 5 0.062
48.250 58.500
48.250 58.750
48.500 58.750
48.500 58.500
Building 4 5 0.062
48.500 59.000
48.500 58.750
48.250 58.750
48.250 59.000
Building 4 5 0.062
48.250 61.000
48.250 61.250
48.500 61.250
48.500 61.000
Building 4 5 0.062
48.250 61.250
48.250 61.500
48.500 61.500
48.500 61.250
Building 4 5 0.062
48.250 61.500
48.250 61.750
48.500 61.750
48.500 61.500
Building 4 5 0.062
48.250 61.750
48.250 62.000
48.500 62.000
48.500 61.750
Building 4 5 0.062
48.250 62.000
48.250 62.250
48.500 62.250
48.500 62.000
Building 4 5 0.062
48.250 62.250
48.250 62.500
48.500 62.500
48.500 62.250
Building 4 5 0.062
48.250 62.500
48.250 62.750
48.500 62.750
48.500 62.500
Building 4 5 0.062
48.500 63.000
48.500 62.750
48.250 62.750
48.250 63.000
Building 4 5 0.062
48.500 57.000
48.500 57.250
48.750 57.250
48.750 57.000
Building 4 5 0.062
48.500 57.250
48.500 57.500
48.750 57.500
48.750 57.250
Building 4 5 0.062
48.500 57.500
48.500 57.750
48.750 57.750
48.750 57.500
Building 4 5 0.062
48.500 57.750
48.500 58.000
48.750 58.000
48.750 57.750
Building 4 5 0.062
48.500 58.000
48.500 58.250
48.750 58.250
48.750 58.000
Building 4 5 0.062
48.500 58.250
48.500 58.500
48.750 58.500
48.750 58.250
Building 4 5 0.062
48.500 58.500
48.500 58.750
48.750 58.750
48.750 58.500
Building 4 5 0.062
48.750 59.000
48.750 58.750
48.500 58.750
48.500 59.000
Building 4 5 0.062
48.500 61.000
48.500 61.250
48.750 61.250
48.750 61.000
Building 4 5 0.062
48.500 61.250
48.500 61.500
48.750 61.500
48.750 61.250
Building 4 5 0.062
48.500 61.500
48.500 61.750
48.750 61.750
48.750 61.500
Building 4 5 0.062
48.500 61.750
48.500 62.000
48.750 62.000
48.750 61.750
Building 4 5 0.062
48.500 62.000
48.500 62.250
48.750 62.250
48.750 62.000
Building 4 5 0.062
48.500 62.250
48.500 62.500
48.750 62.500
48.750 62.250
Building 4 5 0.062
48.500 62.500
48.500 62.750
48.750 62.750
48.750 62.500
Building 4 5 0.062
48.750 63.000
48.750 62.750
48.500 62.750
48.500 63.000
Building 4 5 0.062
48.750 57.000
48.750 57.250
49.000 57.250
49.000 57.000
Building 4 5 0.062
48.750 57.250
48.750 57.500
49.000 57.500
49.000 57.250
Building 4 5 0.062
48.750 57.500
48.750 57.750
49.000 57.750
49.000 57.500
Building 4 5 0.062
48.750 57.750
48.750 58.000
49.000 58.000
49.000 57.750
Building 4 5 0.062
48.750 58.000
48.750 58.250
49.000 58.250
49.000 58.000
Building 4 5 0.062
48.750 58.250
48.750 58.500
49.000 58.500
49.000 58.250
Building 4 5 0.062
48.750 58.500
48.750 58.750
49.000 58.750
49.000 58.500
Building 4 5 0.062
49.000 59.000
49.000 58.750
48.750 58.750
48.750 59.000
Building 4 5 0.062
48.750 61.000
48.750 61.250
49.000 61.250
49.000 61.000
Building 4 5 0.062
48.750 61.250
48.750 61.500
49.000 61.500
49.000 61.250
Building 4 5 0.062
48.750 61.500
48.750 61.750
49.000 61.750
49.000 61.500
Building 4 5 0.062
48.750 61.750
48.750 62.000
49.000 62.000
49.000 61.750
Building 4 5 0.062
48.750 62.000
48.750 62.250
49.000 62.250
49.000 62.000
Building 4 5 0.062
48.750 62.250
48.750 62.500
49.000 62.500
49.000 62.250
Building 4 5 0.062
48.750 62.500
48.750 62.750
49.000 62.750
49.000 62.500
Building 4 5 0.062
49.000 63.000
49.000 62.750
48.750 62.750
48.750 63.000
Building 4 5 0.062
49.000 57.000
49.000 57.250
49.250 57.250
49.250 57.000
Building 4 5 0.062
49.000 57.250
49.000 57.500
49.250 57.500
49.250 57.250
Building 4 5 0.062
49.000 57.500
49.000 57.750
49.250 57.750
49.250 57.500
Building 4 5 0.062
49.000 57.750
49.000 58.000
49.250 58.000
49.250 57.750
Building 4 5 0.062
49.000 58.000
49.000 58.250
49.250 58.250
49.250 58.000
Building 4 5 0.062
49.000 58.250
49.000 58.500
49.250 58.500
49.250 58.250
Building 4 5 0.062
49.000 58.500
49.000 58.750
49.250 58.750
49.250 58.500
Building 4 5 0.062
49.250 59.000
49.250 58.750
49.000 58.750
49.000 59.000
Building 4 5 0.062
49.000 61.000
49.000 61.250
49.250 61.250
49.250 61.000
Building 4 5 0.062
49.000 61.250
49.000 61.500
49.250 61.500
49.250 61.250
Building 4 5 0.062
49.000 61.500
49.000 61.750
49.250 61.750
49.250 61.500
Building 4 5 0.062
49.000 61.750
49.000 62.000
49.250 62.000
49.250 61.750
Building 4 5 0.062
49.000 62.000
49.000 62.250
49.250 62.250
49.250 62.000
Building 4 5 0.062
49.000 62.250
49.000 62.500
49.250 62.500
49.250 62.250
Building 4 5 0.062
49.000 62.500
49.000 62.750
49.250 62.750
49.250 62.500
Building 4 5 0.062
49.250 63.000
49.250 62.750
49.000 62.750
49.000 63.000
Building 4 5 0.062
49.250 57.000
49.250 57.250
49.500 57.250
49.500 57.000
Building 4 5 0.062
49.250 57.250
49.250 57.500
49.500 57.500
49.500 57.250
Building 4 5 0.062
49.250 57.500
49.250 57.750
49.500 57.750
49.500 57.500
Building 4 5 0.062
49.250 57.750
49.250 58.000
49.500 58.000
49.500 57.750
Building 4 5 0.062
49.250 58.000
49.250 58.250
49.500 58.250
49.500 58.000
Building 4 5 0.062
49.250 58.250
49.250 58.500
49.500 58.500
49.500 58.250
Building 4 5 0.062
49.250 58.500
49.250 58.750
49.500 58.750
49.500 58.500
Building 4 5 0.062
49.500 59.000
49.500 58.750
49.250 58.750
49.250 59.000
Building 4 5 0.062
49.250 61.000
49.250 61.250
49.500 61.250
49.500 61.000
Building 4 5 0.062
49.250 61.250
49.250 61.500
49.500 61.500
49.500 61.250
Building 4 5 0.062
49.250 61.500
49.250 61.750
49.500 61.750
49.500 61.500
Building 4 5 0.062
49.250 61.750
49.250 62.000
49.500 62.000
49.500 61.750
Building 4 5 0.062
49.250 62.000
49.250 62.250
49.500 62.250
49.500 62.000
Building 4 5 0.062
49.250 62.250
49.250 62.500
49.500 62.500
49.500 62.250
Building 4 5 0.062
49.250 62.500
49.250 62.750
49.500 62.750
49.500 62.500
Building 4 5 0.062
49.500 63.000
49.500 62.750
49.250 62.750
49.250 63.000
Building 4 5 0.062
49.500 57.000
49.500 57.250
49.750 57.250
49.750 57.000
Building 4 5 0.062
49.500 57.250
49.500 57.500
49.750 57.500
49.750 57.250
Building 4 5 0.062
49.500 57.500
49.500 57.750
49.750 57.750
49.750 57.500
Building 4 5 0.062
49.500 57.750
49.500 58.000
49.750 58.000
49.750 57.750
Building 4 5 0.062
49.500 58.000
49.500 58.250
49.750 58.250
49.750 58.000
Building 4 5 0.062
49.500 58.250
49.500 58.500
49.750 58.500
49.750 58.250
Building 4 5 0.062
49.500 58.500
49.500 58.750
49.750 58.750
49.750 58.500
Building 4 5 0.062
49.750 59.000
49.750 58.750
49.500 58.750
49.500 59.000
Building 4 5 0.062
49.500 61.000
49.500 61.250
49.750 61.250
49.750 61.000
Building 4 5 0.062
49.500 61.250
49.500 61.500
49.750 61.500
49.750 61.250
Building 4 5 0.062
49.500 61.500
49.500 61.750
49.750 61.750
49.750 61.500
Building 4 5 0.062
49.500 61.750
49.500 62.000
49.750 62.000
49.750 61.750
Building 4 5 0.062
49.500 62.000
49.500 62.250
49.750 62.250
49.750 62.000
Building 4 5 0.062
49.500 62.250
49.500 62.500
49.750 62.500
49.750 62.250
Building 4 5 0.062
49.500 62.500
49.500 62.750
49.750 62.750
49.750 62.500
Building 4 5 0.062
49.750 63.000
49.750 62.750
49.500 62.750
49.500 63.000
Building 4 5 0.062
49.750 57.000
49.750 57.250
50.000 57.250
50.000 57.000
Building 4 5 0.062
49.750 57.250
49.750 57.500
50.000 57.500
50.000 57.250
Building 4 5 0.062
49.750 57.500
49.750 57.750
50.000 57.750
50.000 57.500
Building 4 5 0.062
49.750 57.750
49.750 58.000
50.000 58.000
50.000 57.750
Building 4 5 0.062
49.750 58.000
49.750 58.250
50.000 58.250
50.000 58.000
Building 4 5 0.062
49.750 58.250
49.750 58.500
50.000 58.500
50.000 58.250
Building 4 5 0.062
49.750 58.500
49.750 58.750
50.000 58.750
50.000 58.500
Building 4 5 0.062
50.000 59.000
50.000 58.750
49.750 58.750
49.750 59.000
Building 4 5 0.062
49.750 61.000
49.750 61.250
50.000 61.250
50.000 61.000
Building 4 5 0.062
49.750 61.250
49.750 61.500
50.000 61.500
50.000 61.250
Building 4 5 0.062
49.750 61.500
49.750 61.750
50.000 61.750
50.000 61.500
Building 4 5 0.062
49.750 61.750
49.750 62.000
50.000 62.000
50.000 61.750
Building 4 5 0.062
49.750 62.000
49.750 62.250
50.000 62.250
50.000 62.000
Building 4 5 0.062
49.750 62.250
49.750 62.500
50.000 62.500
50.000 62.250
Building 4 5 0.062
49.750 62.500
49.750 62.750
50.000 62.750
50.000 62.500
Building 4 5 0.062
50.000 63.000
50.000 62.750
49.750 62.750
49.750 63.000
Building 4 5 0.062
50.000 57.000
50.000 57.250
50.250 57.250
50.250 57.000
Building 4 5 0.062
50.000 57.250
50.000 57.500
50.250 57.500
50.250 57.250
Building 4 5 0.062
50.000 57.500
50.000 57.750
50.250 57.750
50.250 57.500
Building 4 5 0.062
50.000 57.750
50.000 58.000
50.250 58.000
50.250 57.750
Building 4 5 0.062
50.000 58.000
50.000 58.250
50.250 58.250
50.250 58.000
Building 4 5 0.062
50.000 58.250
50.000 58.500
50.250 58.500
50.250 58.250
Building 4 5 0.062
50.000 58.500
50.000 58.750
50.250 58.750
50.250 58.500
Building 4 5 0.062
50.250 59.000
50.250 58.750
50.000 58.750
50.000 59.000
Building 4 5 0.062
50.000 61.000
50.000 61.250
50.250 61.250
50.250 61.000
Building 4 5 0.062
50.000 61.250
50.000 61.500
50.250 61.500
50.250 61.250
Building 4 5 0.062
50.000 61.500
50.000 61.750
50.250 61.750
50.250 61.500
Building 4 5 0.062
50.000 61.750
50.000 62.000
50.250 62.000
50.250 61.750
Building 4 5 0.062
50.000 62.000
50.000 62.250
50.250 62.250
50.250 62.000
Building 4 5 0.062
50.000 62.250
50.000 62.500
50.250 62.500
50.250 62.250
Building 4 5 0.062
50.000 62.500
50.000 62.750
50.250 62.750
50.250 62.500
Building 4 5 0.062
50.250 63.000
50.250 62.750
50.000 62.750
50.000 63.000
Building 4 5 0.062
50.250 57.000
50.250 57.250
50.500 57.250
50.500 57.000
Building 4 5 0.062
50.250 57.250
50.250 57.500
50.500 57.500
50.500 57.250
Building 4 5 0.062
50.250 57.500
50.250 57.750
50.500 57.750
50.500 57.500
Building 4 5 0.062
50.250 57.750
50.250 58.000
50.500 58.000
50.500 57.750
Building 4 5 0.062
50.250 58.000
50.250 58.250
50.500 58.250
50.500 58.000
Building 4 5 0.062
50.250 58.250
50.250 58.500
50.500 58.500
50.500 58.250
Building 4 5 0.062
50.250 58.500
50.250 58.750
50.500 58.750
50.500 58.500
Building 4 5 0.062
50.500 59.000
50.500 58.750
50.250 58.750
50.250 59.000
Building 4 5 0.062
50.250 61.000
50.250 61.250
50.500 61.250
50.500 61.000
Building 4 5 0.062
50.250 61.250
50.250 61.500
50.500 61.500
50.500 61.250
Building 4 5 0.062
50.250 61.500
50.250 61.750
50.500 61.750
50.500 61.500
Building 4 5 0.062
50.250 61.750
50.250 62.000
50.500 62.000
50.500 61.750
Building 4 5 0.062
50.250 62.000
50.250 62.250
50.500 62.250
50.500 62.000
Building 4 5 0.062
50.250 62.250
50.250 62.500
50.500 62.500
50.500 62.250
Building 4 5 0.062
50.250 62.500
50.250 62.750
50.500 62.750
50.500 62.500
Building 4 5 0.062
50.500 63.000
50.500 62.750
50.250 62.750
50.250 63.000
Building 4 5 0.062
50.500 57.000
50.500 57.250
50.750 57.250
50.750 57.000
Building 4 5 0.062
50.500 57.250
50.500 57.500
50.750 57.500
50.750 57.250
Building 4 5 0.062
50.500 57.500
50.500 57.750
50.750 57.750
50.750 57.500
Building 4 5 0.062
50.500 57.750
50.500 58.000
50.750 58.000
50.750 57.750
Building 4 5 0.062
50.500 58.000
50.500 58.250
50.750 58.250
50.750 58.000
Building 4 5 0.062
50.500 58.250
50.500 58.500
50.750 58.500
50.750 58.250
Building 4 5 0.062
50.500 58.500
50.500 58.750
50.750 58.750
50.750 58.500
Building 4 5 0.062
50.750 59.000
50.750 58.750
50.500 58.750
50.500 59.000
Building 4 5 0.062
50.500 61.000
50.500 61.250
50.750 61.250
50.750 61.000
Building 4 5 0.062
50.500 61.250
50.500 61.500
50.750 61.500
50.750 61.250
Building 4 5 0.062
50.500 61.500
50.500 61.750
50.750 61.750
50.750 61.500
Building 4 5 0.062
50.500 61.750
50.500 62.000
50.750 62.000
50.750 61.750
Building 4 5 0.062
50.500 62.000
50.500 62.250
50.750 62.250
50.750 62.000
Building 4 5 0.062
50.500 62.250
50.500 62.500
50.750 62.500
50.750 62.250
Building 4 5 0.062
50.500 62.500
50.500 62.750
50.750 62.750
50.750 62.500
Building 4 5 0.062
50.750 63.000
50.750 62.750
50.500 62.750
50.500 63.000
Building 4 5 0.062
50.750 57.000
50.750 57.250
51.000 57.250
51.000 57.000
Building 4 5 0.062
50.750 57.250
50.750 57.500
51.000 57.500
51.000 57.250
Building 4 5 0.062
50.750 57.500
50.750 57.750
51.000 57.750
51.000 57.500
Building 4 5 0.062
50.750 57.750
50.750 58.000
51.000 58.000
51.000 57.750
Building 4 5 0.062
50.750 58.000
50.750 58.250
51.000 58.250
51.000 58.000
Building 4 5 0.062
50.750 58.250
50.750 58.500
51.000 58.500
51.000 58.250
Building 4 5 0.062
50.750 58.500
50.750 58.750
51.000 58.750
51.000 58.500
Building 4 5 0.062
51.000 59.000
51.000 58.750
50.750 58.750
50.750 59.000
Building 4 5 0.062
50.750 61.000
50.750 61.250
51.000 61.250
51.000 61.000
Building 4 5 0.062
50.750 61.250
50.750 61.500
51.000 61.500
51.000 61.250
Building 4 5 0.062
50.750 61.500
50.750 61.750
51.000 61.750
51.000 61.500
Building 4 5 0.062
50.750 61.750
50.750 62.000
51.000 62.000
51.000 61.750
Building 4 5 0.062
50.750 62.000
50.750 62.250
51.000 62.250
51.000 62.000
Building 4 5 0.062
50.750 62.250
50.750 62.500
51.000 62.500
51.000 62.250
Building 4 5 0.062
50.750 62.500
50.750 62.750
51.000 62.750
51.000 62.500
Building 4 5 0.062
51.000 63.000
51.000 62.750
50.750 62.750
50.750 63.000
Building 4 5 0.062
51.000 57.000
51.000 57.250
51.250 57.250
51.250 57.000
Building 4 5 0.062
51.000 57.250
51.000 57.500
51.250 57.500
51.250 57.250
Building 4 5 0.062
51.000 57.500
51.000 57.750
51.250 57.750
51.250 57.500
Building 4 5 0.062
51.000 57.750
51.000 58.000
51.250 58.000
51.250 57.750
Building 4 5 0.062
51.000 58.000
51.000 58.250
51.250 58.250
51.250 58.000
Building 4 5 0.062
51.000 58.250
51.000 58.500
51.250 58.500
51.250 58.250
Building 4 5 0.062
51.000 58.500
51.000 58.750
51.250 58.750
51.250 58.500
Building 4 5 0.062
51.250 59.000
51.250 58.750
51.000 58.750
51.000 59.000
Building 4 5 0.062
51.000 61.000
51.000 61.250
51.250 61.250
51.250 61.000
Building 4 5 0.062
51.000 61.250
51.000 61.500
51.250 61.500
51.250 61.250
Building 4 5 0.062
51.000 61.500
51.000 61.750
51.250 61.750
51.250 61.500
Building 4 5 0.062
51.000 61.750
51.000 62.000
51.250 62.000
51.250 61.750
Building 4 5 0.062
51.000 62.000
51.000 62.250
51.250 62.250
51.250 62.000
Building 4 5 0.062
51.000 62.250
51.000 62.500
51.250 62.500
51.250 62.250
Building 4 5 0.062
51.000 62.500
51.000 62.750
51.250 62.750
51.250 62.500
Building 4 5 0.062
51.250 63.000
51.250 62.750
51.000 62.750
51.000 63.000
Building 4 5 0.062
51.250 57.000
51.250 57.250
51.500 57.250
51.500 57.000
Building 4 5 0.062
51.250 57.250
51.250 57.500
51.500 57.500
51.500 57.250
Building 4 5 0.062
51.250 57.500
51.250 57.750
51.500 57.750
51.500 57.500
Building 4 5 0.062
51.250 57.750
51.250 58.000
51.500 58.000
51.500 57.750
Building 4 5 0.062
51.250 58.000
51.250 58.250
51.500 58.250
51.500 58.000
Building 4 5 0.062
51.250 58.250
51.250 58.500
51.500 58.500
51.500 58.250
Building 4 5 0.062
51.250 58.500
51.250 58.750
51.500 58.750
51.500 58.500
Building 4 5 0.062
51.500 59.000
51.500 58.750
51.250 58.750
51.250 59.000
Building 4 5 0.062
51.250 61.000
51.250 61.250
51.500 61.250
51.500 61.000
Building 4 5 0.062
51.250 61.250
51.250 61.500
51.500 61.500
51.500 61.250
Building 4 5 0.062
51.250 61.500
51.250 61.750
51.500 61.750
51.500 61.500
Building 4 5 0.062
51.250 61.750
51.250 62.000
51.500 62.000
51.500 61.750
Building 4 5 0.062
51.250 62.000
51.250 62.250
51.500 62.250
51.500 62.000
Building 4 5 0.062
51.250 62.250
51.250 62.500
51.500 62.500
51.500 62.250
Building 4 5 0.062
51.250 62.500
51.250 62.750
51.500 62.750
51.500 62.500
Building 4 5 0.062
51.500 63.000
51.500 62.750
51.250 62.750
51.250 63.000
Building 4 5 0.062
51.500 57.000
51.500 57.250
51.750 57.250
51.750 57.000
Building 4 5 0.062
51.500 57.250
51.500 57.500
51.750 57.500
51.750 57.250
Building 4 5 0.062
51.500 57.500
51.500 57.750
51.750 57.750
51.750 57.500
Building 4 5 0.062
51.500 57.750
51.500 58.000
51.750 58.000
51.750 57.750
Building 4 5 0.062
51.500 58.000
51.500 58.250
51.750 58.250
51.750 58.000
Building 4 5 0.062
51.500 58.250
51.500 58.500
51.750 58.500
51.750 58.250
Building 4 5 0.062
51.500 58.500
51.500 58.750
51.750 58.750
51.750 58.500
Building 4 5 0.062
51.750 59.000
51.750 58.750
51.500 58.750
51.500 59.000
Building 4 5 0.062
51.500 61.000
51.500 61.250
51.750 61.250
51.750 61.000
Building 4 5 0.062
51.500 61.250
51.500 61.500
51.750 61.500
51.750 61.250
Building 4 5 0.062
51.500 61.500
51.500 61.750
51.750 61.750
51.750 61.500
Building 4 5 0.062
51.500 61.750
51.500 62.000
51.750 62.000
51.750 61.750
Building 4 5 0.062
51.500 62.000
51.500 62.250
51.750 62.250
51.750 62.000
Building 4 5 0.062
51.500 62.250
51.500 62.500
51.750 62.500
51.750 62.250
Building 4 5 0.062
51.500 62.500
51.500 62.750
51.750 62.750
51.750 62.500
Building 4 5 0.062
51.750 63.000
51.750 62.750
51.500 62.750
51.500 63.000
Building 4 5 0.062
51.750 57.000
51.750 57.250
52.000 57.250
52.000 57.000
Building 4 5 0.062
51.750 57.250
51.750 57.500
52.000 57.500
52.000 57.250
Building 4 5 0.062
51.750 57.500
51.750 57.750
52.000 57.750
52.000 57.500
Building 4 5 0.062
51.750 57.750
51.750 58.000
52.000 58.000
52.000 57.750
Building 4 5 0.062
51.750 58.000
51.750 58.250
52.000 58.250
52.000 58.000
Building 4 5 0.062
51.750 58.250
51.750 58.500
52.000 58.500
52.000 58.250
Building 4 5 0.062
51.750 58.500
51.750 58.750
52.000 58.750
52.000 58.500
Building 4 5 0.062
52.000 59.000
52.000 58.750
51.750 58.750
51.750 59.000
Building 4 5 0.062
51.750 61.000
51.750 61.250
52.000 61.250
52.000 61.000
Building 4 5 0.062
51.750 61.250
51.750 61.500
52.000 61.500
52.000 61.250
Building 4 5 0.062
51.750 61.500
51.750 61.750
52.000 61.750
52.000 61.500
Building 4 5 0.062
51.750 61.750
51.750 62.000
52.000 62.000
52.000 61.750
Building 4 5 0.062
51.750 62.000
51.750 62.250
52.000 62.250
52.000 62.000
Building 4 5 0.062
51.750 62.250
51.750 62.500
52.000 62.500
52.000 62.250
Building 4 5 0.062
51.750 62.500
51.750 62.750
52.000 62.750
52.000 62.500
Building 4 5 0.062
52.000 63.000
52.000 62.750
51.750 62.750
51.750 63.000
Building 4 5 0.062
52.000 57.000
52.000 57.250
52.250 57.250
52.250 57.000
Building 4 5 0.062
52.000 57.250
52.000 57.500
52.250 57.500
52.250 57.250
Building 4 5 0.062
52.000 57.500
52.000 57.750
52.250 57.750
52.250 57.500
Building 4 5 0.062
52.000 57.750
52.000 58.000
52.250 58.000
52.250 57.750
Building 4 5 0.062
52.000 58.000
52.000 58.250
52.250 58.250
52.250 58.000
Building 4 5 0.062
52.000 58.250
52.000 58.500
52.250 58.500
52.250 58.250
Building 4 5 0.062
52.000 58.500
52.000 58.750
52.250 58.750
52.250 58.500
Building 4 5 0.062
52.250 59.000
52.250 58.750
52.000 58.750
52.000 59.000
Building 4 5 0.062
52.000 61.000
52.000 61.250
52.250 61.250
52.250 61.000
Building 4 5 0.062
52.000 61.250
52.000 61.500
52.250 61.500
52.250 61.250
Building 4 5 0.062
52.000 61.500
52.000 61.750
52.250 61.750
52.250 61.500
Building 4 5 0.062
52.000 61.750
52.000 62.000
52.250 62.000
52.250 61.750
Building 4 5 0.062
52.000 62.000
52.000 62.250
52.250 62.250
52.250 62.000
Building 4 5 0.062
52.000 62.250
52.000 62.500
52.250 62.500
52.250 62.250
Building 4 5 0.062
52.000 62.500
52.000 62.750
52.250 62.750
52.250 62.500
Building 4 5 0.062
52.250 63.000
52.250 62.750
52.000 62.750
52.000 63.000
Building 4 5 0.062
52.250 57.000
52.250 57.250
52.500 57.250
52.500 57.000
Building 4 5 0.062
52.250 57.250
52.250 57.500
52.500 57.500
52.500 57.250
Building 4 5 0.062
52.250 57.500
52.250 57.750
52.500 57.750
52.500 57.500
Building 4 5 0.062
52.250 57.750
52.250 58.000
52.500 58.000
52.500 57.750
Building 4 5 0.062
52.250 58.000
52.250 58.250
52.500 58.250
52.500 58.000
Building 4 5 0.062
52.250 58.250
52.250 58.500
52.500 58.500
52.500 58.250
Building 4 5 0.062
52.250 58.500
52.250 58.750
52.500 58.750
52.500 58.500
Building 4 5 0.062
52.500 59.000
52.500 58.750
52.250 58.750
52.250 59.000
Building 4 5 0.062
52.250 61.000
52.250 61.250
52.500 61.250
52.500 61.000
Building 4 5 0.062
52.250 61.250
52.250 61.500
52.500 61.500
52.500 61.250
Building 4 5 0.062
52.250 61.500
52.250 61.750
52.500 61.750
52.500 61.500
Building 4 5 0.062
52.250 61.750
52.250 62.000
52.500 62.000
52.500 61.750
Building 4 5 0.062
52.250 62.000
52.250 62.250
52.500 62.250
52.500 62.000
Building 4 5 0.062
52.250 62.250
52.250 62.500
52.500 62.500
52.500 62.250
Building 4 5 0.062
52.250 62.500
52.250 62.750
52.500 62.750
52.500 62.500
Building 4 5 0.062
52.500 63.000
52.500 62.750
52.250 62.750
52.250 63.000
Building 4 5 0.062
52.500 57.000
52.500 57.250
52.750 57.250
52.750 57.000
Building 4 5 0.062
52.500 57.250
52.500 57.500
52.750 57.500
52.750 57.250
Building 4 5 0.062
52.500 57.500
52.500 57.750
52.750 57.750
52.750 57.500
Building 4 5 0.062
52.500 57.750
52.500 58.000
52.750 58.000
52.750 57.750
Building 4 5 0.062
52.500 58.000
52.500 58.250
52.750 58.250
52.750 58.000
Building 4 5 0.062
52.500 58.250
52.500 58.500
52.750 58.500
52.750 58.250
Building 4 5 0.062
52.500 58.500
52.500 58.750
52.750 58.750
52.750 58.500
Building 4 5 0.062
52.750 59.000
52.750 58.750
52.500 58.750
52.500 59.000
Building 4 5 0.062
52.500 61.000
52.500 61.250
52.750 61.250
52.750 61.000
Building 4 5 0.062
52.500 61.250
52.500 61.500
52.750 61.500
52.750 61.250
Building 4 5 0.062
52.500 61.500
52.500 61.750
52.750 61.750
52.750 61.500
Building 4 5 0.062
52.500 61.750
52.500 62.000
52.750 62.000
52.750 61.750
Building 4 5 0.062
52.500 62.000
52.500 62.250
52.750 62.250
52.750 62.000
Building 4 5 0.062
52.500 62.250
52.500 62.500
52.750 62.500
52.750 62.250
Building 4 5 0.062
52.500 62.500
52.500 62.750
52.750 62.750
52.750 62.500
Building 4 5 0.062
52.750 63.000
52.750 62.750
52.500 62.750
52.500 63.000
Building 4 5 0.062
52.750 57.000
52.750 57.250
53.000 57.250
53.000 57.000
Building 4 5 0.062
52.750 57.250
52.750 57.500
53.000 57.500
53.000 57.250
Building 4 5 0.062
52.750 57.500
52.750 57.750
53.000 57.750
53.000 57.500
Building 4 5 0.062
52.750 57.750
52.750 58.000
53.000 58.000
53.000 57.750
Building 4 5 0.062
52.750 58.000
52.750 58.250
53.000 58.250
53.000 58.000
Building 4 5 0.062
52.750 58.250
52.750 58.500
53.000 58.500
53.000 58.250
Building 4 5 0.062
52.750 58.500
52.750 58.750
53.000 58.750
53.000 58.500
Building 4 5 0.062
53.000 59.000
53.000 58.750
52.750 58.750
52.750 59.000
Building 4 5 0.062
52.750 61.000
52.750 61.250
53.000 61.250
53.000 61.000
Building 4 5 0.062
52.750 61.250
52.750 61.500
53.000 61.500
53.000 61.250
Building 4 5 0.062
52.750 61.500
52.750 61.750
53.000 61.750
53.000 61.500
Building 4 5 0.062
52.750 61.750
52.750 62.000
53.000 62.000
53.000 61.750
Building 4 5 0.062
52.750 62.000
52.750 62.250
53.000 62.250
53.000 62.000
Building 4 5 0.062
52.750 62.250
52.750 62.500
53.000 62.500
53.000 62.250
Building 4 5 0.062
52.750 62.500
52.750 62.750
53.000 62.750
53.000 62.500
Building 4 5 0.062
53.000 63.000
53.000 62.750
52.750 62.750
52.750 63.000
Building 4 5 0.062
53.000 57.000
53.000 57.250
53.250 57.250
53.250 57.000
Building 4 5 0.062
53.000 57.250
53.000 57.500
53.250 57.500
53.250 57.250
Building 4 5 0.062
53.000 57.500
53.000 57.750
53.250 57.750
53.250 57.500
Building 4 5 0.062
53.000 57.750
53.000 58.000
53.250 58.000
53.250 57.750
Building 4 5 0.062
53.000 58.000
53.000 58.250
53.250 58.250
53.250 58.000
Building 4 5 0.062
53.000 58.250
53.000 58.500
53.250 58.500
53.250 58.250
Building 4 5 0.062
53.000 58.500
53.000 58.750
53.250 58.750
53.250 58.500
Building 4 5 0.062
53.250 59.000
53.250 58.750
53.000 58.750
53.000 59.000
Building 4 5 0.062
53.000 61.000
53.000 61.250
53.250 61.250
53.250 61.000
Building 4 5 0.062
53.000 61.250
53.000 61.500
53.250 61.500
53.250 61.250
Building 4 5 0.062
53.000 61.500
53.000 61.750
53.250 61.750
53.250 61.500
Building 4 5 0.062
53.000 61.750
53.000 62.000
53.250 62.000
53.250 61.750
Building 4 5 0.062
53.000 62.000
53.000 62.250
53.250 62.250
53.250 62.000
Building 4 5 0.062
53.000 62.250
53.000 62.500
53.250 62.500
53.250 62.250
Building 4 5 0.062
53.000 62.500
53.000 62.750
53.250 62.750
53.250 62.500
Building 4 5 0.062
53.250 63.000
53.250 62.750
53.000 62.750
53.000 63.000
Building 4 5 0.062
53.250 57.000
53.250 57.250
53.500 57.250
53.500 57.000
Building 4 5 0.062
53.250 57.250
53.250 57.500
53.500 57.500
53.500 57.250
Building 4 5 0.062
53.250 57.500
53.250 57.750
53.500 57.750
53.500 57.500
Building 4 5 0.062
53.250 57.750
53.250 58.000
53.500 58.000
53.500 57.750
Building 4 5 0.062
53.250 58.000
53.250 58.250
53.500 58.250
53.500 58.000
Building 4 5 0.062
53.250 58.250
53.250 58.500
53.500 58.500
53.500 58.250
Building 4 5 0.062
53.250 58.500
53.250 58.750
53.500 58.750
53.500 58.500
Building 4 5 0.062
53.500 59.000
53.500 58.750
53.250 58.750
53.250 59.000
Building 4 5 0.062
53.250 61.000
53.250 61.250
53.500 61.250
53.500 61.000
Building 4 5 0.062
53.250 61.250
53.250 61.500
53.500 61.500
53.500 61.250
Building 4 5 0.062
53.250 61.500
53.250 61.750
53.500 61.750
53.500 61.500
Building 4 5 0.062
53.250 61.750
53.250 62.000
53.500 62.000
53.500 61.750
Building 4 5 0.062
53.250 62.000
53.250 62.250
53.500 62.250
53.500 62.000
Building 4 5 0.062
53.250 62.250
53.250 62.500
53.500 62.500
53.500 62.250
Building 4 5 0.062
53.250 62.500
53.250 62.750
53.500 62.750
53.500 62.500
Building 4 5 0.062
53.500 63.000
53.500 62.750
53.250 62.750
53.250 63.000
Building 4 5 0.062
53.500 57.000
53.500 57.250
53.750 57.250
53.750 57.000
Building 4 5 0.062
53.500 57.250
53.500 57.500
53.750 57.500
53.750 57.250
Building 4 5 0.062
53.500 57.500
53.500 57.750
53.750 57.750
53.750 57.500
Building 4 5 0.062
53.500 57.750
53.500 58.000
53.750 58.000
53.750 57.750
Building 4 5 0.062
53.500 58.000
53.500 58.250
53.750 58.250
53.750 58.000
Building 4 5 0.062
53.500 58.250
53.500 58.500
53.750 58.500
53.750 58.250
Building 4 5 0.062
53.500 58.500
53.500 58.750
53.750 58.750
53.750 58.500
Building 4 5 0.062
53.750 59.000
53.750 58.750
53.500 58.750
53.500 59.000
Building 4 5 0.062
53.500 61.000
53.500 61.250
53.750 61.250
53.750 61.000
Building 4 5 0.062
53.500 61.250
53.500 61.500
53.750 61.500
53.750 61.250
Building 4 5 0.062
53.500 61.500
53.500 61.750
53.750 61.750
53.750 61.500
Building 4 5 0.062
53.500 61.750
53.500 62.000
53.750 62.000
53.750 61.750
Building 4 5 0.062
53.500 62.000
53.500 62.250
53.750 62.250
53.750 62.000
Building 4 5 0.062
53.500 62.250
53.500 62.500
53.750 62.500
53.750 62.250
Building 4 5 0.062
53.500 62.500
53.500 62.750
53.750 62.750
53.750 62.500
Building 4 5 0.062
53.750 63.000
53.750 62.750
53.500 62.750
53.500 63.000
Building 4 5 0.062
53.750 57.000
53.750 57.250
54.000 57.250
54.000 57.000
Building 4 5 0.062
53.750 57.250
53.750 57.500
54.000 57.500
54.000 57.250
Building 4 5 0.062
53.750 57.500
53.750 57.750
54.000 57.750
54.000 57.500
Building 4 5 0.062
53.750 57.750
53.750 58.000
54.000 58.000
54.000 57.750
Building 4 5 0.062
53.750 58.000
53.750 58.250
54.000 58.250
54.000 58.000
Building 4 5 0.062
53.750 58.250
53.750 58.500
54.000 58.500
54.000 58.250
Building 4 5 0.062
53.750 58.500
53.750 58.750
54.000 58.750
54.000 58.500
Building 4 5 0.062
54.000 59.000
54.000 58.750
53.750 58.750
53.750 59.000
Building 4 5 0.062
53.750 61.000
53.750 61.250
54.000 61.250
54.000 61.000
Building 4 5 0.062
53.750 61.250
53.750 61.500
54.000 61.500
54.000 61.250
Building 4 5 0.062
53.750 61.500
53.750 61.750
54.000 61.750
54.000 61.500
Building 4 5 0.062
53.750 61.750
53.750 62.000
54.000 62.000
54.000 61.750
Building 4 5 0.062
53.750 62.000
53.750 62.250
54.000 62.250
54.000 62.000
Building 4 5 0.062
53.750 62.250
53.750 62.500
54.000 62.500
54.000 62.250
Building 4 5 0.062
53.750 62.500
53.750 62.750
54.000 62.750
54.000 62.500
Building 4 5 0.062
54.000 63.000
54.000 62.750
53.750 62.750
53.750 63.000
Building 4 5 0.062
54.000 57.000
54.000 57.250
54.250 57.250
54.250 57.000
Building 4 5 0.062
54.000 57.250
54.000 57.500
54.250 57.500
54.250 57.250
Building 4 5 0.062
54.000 57.500
54.000 57.750
54.250 57.750
54.250 57.500
Building 4 5 0.062
54.000 57.750
54.000 58.000
54.250 58.000
54.250 57.750
Building 4 5 0.062
54.000 58.000
54.000 58.250
54.250 58.250
54.250 58.000
Building 4 5 0.062
54.000 58.250
54.000 58.500
54.250 58.500
54.250 58.250
Building 4 5 0.062
54.000 58.500
54.000 58.750
54.250 58.750
54.250 58.500
Building 4 5 0.062
54.250 59.000
54.250 58.750
54.000 58.750
54.000 59.000
Building 4 5 0.062
54.000 61.000
54.000 61.250
54.250 61.250
54.250 61.000
Building 4 5 0.062
54.000 61.250
54.000 61.500
54.250 61.500
54.250 61.250
Building 4 5 0.062
54.000 61.500
54.000 61.750
54.250 61.750
54.250 61.500
Building 4 5 0.062
54.000 61.750
54.000 62.000
54.250 62.000
54.250 61.750
Building 4 5 0.062
54.000 62.000
54.000 62.250
54.250 62.250
54.250 62.000
Building 4 5 0.062
54.000 62.250
54.000 62.500
54.250 62.500
54.250 62.250
Building 4 5 0.062
54.000 62.500
54.000 62.750
54.250 62.750
54.250 62.500
Building 4 5 0.062
54.250 63.000
54.250 62.750
54.000 62.750
54.000 63.000
Building 4 5 0.062
54.250 57.000
54.250 57.250
54.500 57.250
54.500 57.000
Building 4 5 0.062
54.250 57.250
54.250 57.500
54.500 57.500
54.500 57.250
Building 4 5 0.062
54.250 57.500
54.250 57.750
54.500 57.750
54.500 57.500
Building 4 5 0.062
54.250 57.750
54.250 58.000
54.500 58.000
54.500 57.750
Building 4 5 0.062
54.250 58.000
54.250 58.250
54.500 58.250
54.500 58.000
Building 4 5 0.062
54.250 58.250
54.250 58.500
54.500 58.500
54.500 58.250
Building 4 5 0.062
54.250 58.500
54.250 58.750
54.500 58.750
54.500 58.500
Building 4 5 0.062
54.500 59.000
54.500 58.750
54.250 58.750
54.250 59.000
Building 4 5 0.062
54.250 61.000
54.250 61.250
54.500 61.250
54.500 61.000
Building 4 5 0.062
54.250 61.250
54.250 61.500
54.500 61.500
54.500 61.250
Building 4 5 0.062
54.250 61.500
54.250 61.750
54.500 61.750
54.500 61.500
Building 4 5 0.062
54.250 61.750
54.250 62.000
54.500 62.000
54.500 61.750
Building 4 5 0.062
54.250 62.000
54.250 62.250
54.500 62.250
54.500 62.000
Building 4 5 0.062
54.250 62.250
54.250 62.500
54.500 62.500
54.500 62.250
Building 4 5 0.062
54.250 62.500
54.250 62.750
54.500 62.750
54.500 62.500
Building 4 5 0.062
54.500 63.000
54.500 62.750
54.250 62.750
54.250 63.000
Building 4 5 0.062
54.500 57.000
54.500 57.250
54.750 57.250
54.750 57.000
Building 4 5 0.062
54.500 57.250
54.500 57.500
54.750 57.500
54.750 57.250
Building 4 5 0.062
54.500 57.500
54.500 57.750
54.750 57.750
54.750 57.500
Building 4 5 0.062
54.500 57.750
54.500 58.000
54.750 58.000
54.750 57.750
Building 4 5 0.062
54.500 58.000
54.500 58.250
54.750 58.250
54.750 58.000
Building 4 5 0.062
54.500 58.250
54.500 58.500
54.750 58.500
54.750 58.250
Building 4 5 0.062
54.500 58.500
54.500 58.750
54.750 58.750
54.750 58.500
Building 4 5 0.062
54.750 59.000
54.750 58.750
54.500 58.750
54.500 59.000
Building 4 5 0.062
54.500 61.000
54.500 61.250
54.750 61.250
54.750 61.000
Building 4 5 0.062
54.500 61.250
54.500 61.500
54.750 61.500
54.750 61.250
Building 4 5 0.062
54.500 61.500
54.500 61.750
54.750 61.750
54.750 61.500
Building 4 5 0.062
54.500 61.750
54.500 62.000
54.750 62.000
54.750 61.750
Building 4 5 0.062
54.500 62.000
54.500 62.250
54.750 62.250
54.750 62.000
Building 4 5 0.062
54.500 62.250
54.500 62.500
54.750 62.500
54.750 62.250
Building 4 5 0.062
54.500 62.500
54.500 62.750
54.750 62.750
54.750 62.500
Building 4 5 0.062
54.750 63.000
54.750 62.750
54.500 62.750
54.500 63.000
Building 4 5 0.062
54.750 57.000
54.750 57.250
55.000 57.250
55.000 57.000
Building 4 5 0.062
54.750 57.250
54.750 57.500
55.000 57.500
55.000 57.250
Building 4 5 0.062
54.750 57.500
54.750 57.750
55.000 57.750
55.000 57.500
Building 4 5 0.062
54.750 57.750
54.750 58.000
55.000 58.000
55.000 57.750
Building 4 5 0.062
54.750 58.000
54.750 58.250
55.000 58.250
55.000 58.000
Building 4 5 0.062
54.750 58.250
54.750 58.500
55.000 58.500
55.000 58.250
Building 4 5 0.062
54.750 58.500
54.750 58.750
55.000 58.750
55.000 58.500
Building 4 5 0.062
55.000 59.000
55.000 58.750
54.750 58.750
54.750 59.000
Building 4 5 0.062
54.750 61.000
54.750 61.250
55.000 61.250
55.000 61.000
Building 4 5 0.062
54.750 61.250
54.750 61.500
55.000 61.500
55.000 61.250
Building 4 5 0.062
54.750 61.500
54.750 61.750
55.000 61.750
55.000 61.500
Building 4 5 0.062
54.750 61.750
54.750 62.000
55.000 62.000
55.000 61.750
Building 4 5 0.062
54.750 62.000
54.750 62.250
55.000 62.250
55.000 62.000
Building 4 5 0.062
54.750 62.250
54.750 62.500
55.000 62.500
55.000 62.250
Building 4 5 0.062
54.750 62.500
54.750 62.750
55.000 62.750
55.000 62.500
Building 4 5 0.062
55.000 63.000
55.000 62.750
54.750 62.750
54.750 63.000
Building 4 5 0.062
55.000 57.000
55.000 57.250
55.250 57.250
55.250 57.000
Building 4 5 0.062
55.000 57.250
55.000 57.500
55.250 57.500
55.250 57.250
Building 4 5 0.062
55.000 57.500
55.000 57.750
55.250 57.750
55.250 57.500
Building 4 5 0.062
55.000 57.750
55.000 58.000
55.250 58.000
55.250 57.750
Building 4 5 0.062
55.000 58.000
55.000 58.250
55.250 58.250
55.250 58.000
Building 4 5 0.062
55.000 58.250
55.000 58.500
55.250 58.500
55.250 58.250
Building 4 5 0.062
55.000 58.500
55.000 58.750
55.250 58.750
55.250 58.500
Building 4 5 0.062
55.250 59.000
55.250 58.750
55.000 58.750
55.000 59.000
Building 4 5 0.062
55.000 61.000
55.000 61.250
55.250 61.250
55.250 61.000
Building 4 5 0.062
55.000 61.250
55.000 61.500
55.250 61.500
55.250 61.250
Building 4 5 0.062
55.000 61.500
55.000 61.750
55.250 61.750
55.250 61.500
Building 4 5 0.062
55.000 61.750
55.000 62.000
55.250 62.000
55.250 61.750
Building 4 5 0.062
55.000 62.000
55.000 62.250
55.250 62.250
55.250 62.000
Building 4 5 0.062
55.000 62.250
55.000 62.500
55.250 62.500
55.250 62.250
Building 4 5 0.062
55.000 62.500
55.000 62.750
55.250 62.750
55.250 62.500
Building 4 5 0.062
55.250 63.000
55.250 62.750
55.000 62.750
55.000 63.000
Building 4 5 0.062
55.250 57.000
55.250 57.250
55.500 57.250
55.500 57.000
Building 4 5 0.062
55.250 57.250
55.250 57.500
55.500 57.500
55.500 57.250
Building 4 5 0.062
55.250 57.500
55.250 57.750
55.500 57.750
55.500 57.500
Building 4 5 0.062
55.250 57.750
55.250 58.000
55.500 58.000
55.500 57.750
Building 4 5 0.062
55.250 58.000
55.250 58.250
55.500 58.250
55.500 58.000
Building 4 5 0.062
55.250 58.250
55.250 58.500
55.500 58.500
55.500 58.250
Building 4 5 0.062
55.250 58.500
55.250 58.750
55.500 58.750
55.500 58.500
Building 4 5 0.062
55.500 59.000
55.500 58.750
55.250 58.750
55.250 59.000
Building 4 5 0.062
55.250 61.000
55.250 61.250
55.500 61.250
55.500 61.000
Building 4 5 0.062
55.250 61.250
55.250 61.500
55.500 61.500
55.500 61.250
Building 4 5 0.062
55.250 61.500
55.250 61.750
55.500 61.750
55.500 61.500
Building 4 5 0.062
55.250 61.750
55.250 62.000
55.500 62.000
55.500 61.750
Building 4 5 0.062
55.250 62.000
55.250 62.250
55.500 62.250
55.500 62.000
Building 4 5 0.062
55.250 62.250
55.250 62.500
55.500 62.500
55.500 62.250
Building 4 5 0.062
55.250 62.500
55.250 62.750
55.500 62.750
55.500 62.500
Building 4 5 0.062
55.500 63.000
55.500 62.750
55.250 62.750
55.250 63.000
Building 4 5 0.062
55.500 57.000
55.500 57.250
55.750 57.250
55.750 57.000
Building 4 5 0.062
55.500 57.250
55.500 57.500
55.750 57.500
55.750 57.250
Building 4 5 0.062
55.500 57.500
55.500 57.750
55.750 57.750
55.750 57.500
Building 4 5 0.062
55.500 57.750
55.500 58.000
55.750 58.000
55.750 57.750
Building 4 5 0.062
55.500 58.000
55.500 58.250
55.750 58.250
55.750 58.000
Building 4 5 0.062
55.500 58.250
55.500 58.500
55.750 58.500
55.750 58.250
Building 4 5 0.062
55.500 58.500
55.500 58.750
55.750 58.750
55.750 58.500
Building 4 5 0.062
55.750 59.000
55.750 58.750
55.500 58.750
55.500 59.000
Building 4 5 0.062
55.500 61.000
55.500 61.250
55.750 61.250
55.750 61.000
Building 4 5 0.062
55.500 61.250
55.500 61.500
55.750 61.500
55.750 61.250
Building 4 5 0.062
55.500 61.500
55.500 61.750
55.750 61.750
55.750 61.500
Building 4 5 0.062
55.500 61.750
55.500 62.000
55.750 62.000
55.750 61.750
Building 4 5 0.062
55.500 62.000
55.500 62.250
55.750 62.250
55.750 62.000
Building 4 5 0.062
55.500 62.250
55.500 62.500
55.750 62.500
55.750 62.250
Building 4 5 0.062
55.500 62.500
55.500 62.750
55.750 62.750
55.750 62.500
Building 4 5 0.062
55.750 63.000
55.750 62.750
55.500 62.750
55.500 63.000
Building 4 5 0.062
55.750 57.000
55.750 57.250
56.000 57.250
56.000 57.000
Building 4 5 0.062
55.750 57.250
55.750 57.500
56.000 57.500
56.000 57.250
Building 4 5 0.062
55.750 57.500
55.750 57.750
56.000 57.750
56.000 57.500
Building 4 5 0.062
55.750 57.750
55.750 58.000
56.000 58.000
56.000 57.750
Building 4 5 0.062
55.750 58.000
55.750 58.250
56.000 58.250
56.000 58.000
Building 4 5 0.062
55.750 58.250
55.750 58.500
56.000 58.500
56.000 58.250
Building 4 5 0.062
55.750 58.500
55.750 58.750
56.000 58.750
56.000 58.500
Building 4 5 0.062
56.000 59.000
56.000 58.750
55.750 58.750
55.750 59.000
Building 4 5 0.062
55.750 61.000
55.750 61.250
56.000 61.250
56.000 61.000
Building 4 5 0.062
55.750 61.250
55.750 61.500
56.000 61.500
56.000 61.250
Building 4 5 0.062
55.750 61.500
55.750 61.750
56.000 61.750
56.000 61.500
Building 4 5 0.062
55.750 61.750
55.750 62.000
56.000 62.000
56.000 61.750
Building 4 5 0.062
55.750 62.000
55.750 62.250
56.000 62.250
56.000 62.000
Building 4 5 0.062
55.750 62.250
55.750 62.500
56.000 62.500
56.000 62.250
Building 4 5 0.062
55.750 62.500
55.750 62.750
56.000 62.750
56.000 62.500
Building 4 5 0.062
56.000 63.000
56.000 62.750
55.750 62.750
55.750 63.000
Building 4 5 0.062
56.000 57.000
56.000 57.250
56.250 57.250
56.250 57.000
Building 4 5 0.062
56.000 57.250
56.000 57.500
56.250 57.500
56.250 57.250
Building 4 5 0.062
56.000 57.500
56.000 57.750
56.250 57.750
56.250 57.500
Building 4 5 0.062
56.000 57.750
56.000 58.000
56.250 58.000
56.250 57.750
Building 4 5 0.062
56.000 58.000
56.000 58.250
56.250 58.250
56.250 58.000
Building 4 5 0.062
56.000 58.250
56.000 58.500
56.250 58.500
56.250 58.250
Building 4 5 0.062
56.000 58.500
56.000 58.750
56.250 58.750
56.250 58.500
Building 4 5 0.062
56.250 59.000
56.250 58.750
56.000 58.750
56.000 59.000
Building 4 5 0.062
56.000 61.000
56.000 61.250
56.250 61.250
56.250 61.000
Building 4 5 0.062
56.000 61.250
56.000 61.500
56.250 61.500
56.250 61.250
Building 4 5 0.062
56.000 61.500
56.000 61.750
56.250 61.750
56.250 61.500
Building 4 5 0.062
56.000 61.750
56.000 62.000
56.250 62.000
56.250 61.750
Building 4 5 0.062
56.000 62.000
56.000 62.250
56.250 62.250
56.250 62.000
Building 4 5 0.062
56.000 62.250
56.000 62.500
56.250 62.500
56.250 62.250
Building 4 5 0.062
56.000 62.500
56.000 62.750
56.250 62.750
56.250 62.500
Building 4 5 0.062
56.250 63.000
56.250 62.750
56.000 62.750
56.000 63.000
Building 4 5 0.062
56.250 57.000
56.250 57.250
56.500 57.250
56.500 57.000
Building 4 5 0.062
56.250 57.250
56.250 57.500
56.500 57.500
56.500 57.250
Building 4 5 0.062
56.250 57.500
56.250 57.750
56.500 57.750
56.500 57.500
Building 4 5 0.062
56.250 57.750
56.250 58.000
56.500 58.000
56.500 57.750
Building 4 5 0.062
56.250 58.000
56.250 58.250
56.500 58.250
56.500 58.000
Building 4 5 0.062
56.250 58.250
56.250 58.500
56.500 58.500
56.500 58.250
Building 4 5 0.062
56.250 58.500
56.250 58.750
56.500 58.750
56.500 58.500
Building 4 5 0.062
56.500 59.000
56.500 58.750
56.250 58.750
56.250 59.000
Building 4 5 0.062
56.250 61.000
56.250 61.250
56.500 61.250
56.500 61.000
Building 4 5 0.062
56.250 61.250
56.250 61.500
56.500 61.500
56.500 61.250
Building 4 5 0.062
56.250 61.500
56.250 61.750
56.500 61.750
56.500 61.500
Building 4 5 0.062
56.250 61.750
56.250 62.000
56.500 62.000
56.500 61.750
Building 4 5 0.062
56.250 62.000
56.250 62.250
56.500 62.250
56.500 62.000
Building 4 5 0.062
56.250 62.250
56.250 62.500
56.500 62.500
56.500 62.250
Building 4 5 0.062
56.250 62.500
56.250 62.750
56.500 62.750
56.500 62.500
Building 4 5 0.062
56.500 63.000
56.500 62.750
56.250 62.750
56.250 63.000
Building 4 5 0.062
56.500 57.000
56.500 57.250
56.750 57.250
56.750 57.000
Building 4 5 0.062
56.500 57.250
56.500 57.500
56.750 57.500
56.750 57.250
Building 4 5 0.062
56.500 57.500
56.500 57.750
56.750 57.750
56.750 57.500
Building 4 5 0.062
56.500 57.750
56.500 58.000
56.750 58.000
56.750 57.750
Building 4 5 0.062
56.500 58.000
56.500 58.250
56.750 58.250
56.750 58.000
Building 4 5 0.062
56.500 58.250
56.500 58.500
56.750 58.500
56.750 58.250
Building 4 5 0.062
56.500 58.500
56.500 58.750
56.750 58.750
56.750 58.500
Building 4 5 0.062
56.750 59.000
56.750 58.750
56.500 58.750
56.500 59.000
Building 4 5 0.062
56.500 61.000
56.500 61.250
56.750 61.250
56.750 61.000
Building 4 5 0.062
56.500 61.250
56.500 61.500
56.750 61.500
56.750 61.250
Building 4 5 0.062
56.500 61.500
56.500 61.750
56.750 61.750
56.750 61.500
Building 4 5 0.062
56.500 61.750
56.500 62.000
56.750 62.000
56.750 61.750
Building 4 5 0.062
56.500 62.000
56.500 62.250
56.750 62.250
56.750 62.000
Building 4 5 0.062
56.500 62.250
56.500 62.500
56.750 62.500
56.750 62.250
Building 4 5 0.062
56.500 62.500
56.500 62.750
56.750 62.750
56.750 62.500
Building 4 5 0.062
56.750 63.000
56.750 62.750
56.500 62.750
56.500 63.000
Building 4 5 0.062
56.750 57.000
56.750 57.250
57.000 57.250
57.000 57.000
Building 4 5 0.062
56.750 57.250
56.750 57.500
57.000 57.500
57.000 57.250
Building 4 5 0.062
56.750 57.500
56.750 57.750
57.000 57.750
57.000 57.500
Building 4 5 0.062
56.750 57.750
56.750 58.000
57.000 58.000
57.000 57.750
Building 4 5 0.062
56.750 58.000
56.750 58.250
57.000 58.250
57.000 58.000
Building 4 5 0.062
56.750 58.250
56.750 58.500
57.000 58.500
57.000 58.250
Building 4 5 0.062
56.750 58.500
56.750 58.750
57.000 58.750
57.000 58.500
Building 4 5 0.062
57.000 59.000
57.000 58.750
56.750 58.750
56.750 59.000
Building 4 5 0.062
56.750 61.000
56.750 61.250
57.000 61.250
57.000 61.000
Building 4 5 0.062
56.750 61.250
56.750 61.500
57.000 61.500
57.000 61.250
Building 4 5 0.062
56.750 61.500
56.750 61.750
57.000 61.750
57.000 61.500
Building 4 5 0.062
56.750 61.750
56.750 62.000
57.000 62.000
57.000 61.750
Building 4 5 0.062
56.750 62.000
56.750 62.250
57.000 62.250
57.000 62.000
Building 4 5 0.062
56.750 62.250
56.750 62.500
57.000 62.500
57.000 62.250
Building 4 5 0.062
56.750 62.500
56.750 62.750
57.000 62.750
57.000 62.500
Building 4 5 0.062
57.000 63.000
57.000 62.750
56.750 62.750
56.750 63.000
Building 4 5 0.062
57.000 57.000
57.000 57.250
57.250 57.250
57.250 57.000
Building 4 5 0.062
57.000 57.250
57.000 57.500
57.250 57.500
57.250 57.250
Building 4 5 0.062
57.000 57.500
57.000 57.750
57.250 57.750
57.250 57.500
Building 4 5 0.062
57.000 57.750
57.000 58.000
57.250 58.000
57.250 57.750
Building 4 5 0.062
57.000 58.000
57.000 58.250
57.250 58.250
57.250 58.000
Building 4 5 0.062
57.000 58.250
57.000 58.500
57.250 58.500
57.250 58.250
Building 4 5 0.062
57.000 58.500
57.000 58.750
57.250 58.750
57.250 58.500
Building 4 5 0.062
57.250 59.000
57.250 58.750
57.000 58.750
57.000 59.000
Building 4 5 0.062
57.000 61.000
57.000 61.250
57.250 61.250
57.250 61.000
Building 4 5 0.062
57.000 61.250
57.000 61.500
57.250 61.500
57.250 61.250
Building 4 5 0.062
57.000 61.500
57.000 61.750
57.250 61.750
57.250 61.500
Building 4 5 0.062
57.000 61.750
57.000 62.000
57.250 62.000
57.250 61.750
Building 4 5 0.062
57.000 62.000
57.000 62.250
57.250 62.250
57.250 62.000
Building 4 5 0.062
57.000 62.250
57.000 62.500
57.250 62.500
57.250 62.250
Building 4 5 0.062
57.000 62.500
57.000 62.750
57.250 62.750
57.250 62.500
Building 4 5 0.062
57.250 63.000
57.250 62.750
57.000 62.750
57.000 63.000
Building 4 5 0.062
57.250 57.000
57.250 57.250
57.500 57.250
57.500 57.000
Building 4 5 0.062
57.250 57.250
57.250 57.500
57.500 57.500
57.500 57.250
Building 4 5 0.062
57.250 57.500
57.250 57.750
57.500 57.750
57.500 57.500
Building 4 5 0.062
57.250 57.750
57.250 58.000
57.500 58.000
57.500 57.750
Building 4 5 0.062
57.250 58.000
57.250 58.250
57.500 58.250
57.500 58.000
Building 4 5 0.062
57.250 58.250
57.250 58.500
57.500 58.500
57.500 58.250
Building 4 5 0.062
57.250 58.500
57.250 58.750
57.500 58.750
57.500 58.500
Building 4 5 0.062
57.500 59.000
57.500 58.750
57.250 58.750
57.250 59.000
Building 4 5 0.062
57.250 61.000
57.250 61.250
57.500 61.250
57.500 61.000
Building 4 5 0.062
57.250 61.250
57.250 61.500
57.500 61.500
57.500 61.250
Building 4 5 0.062
57.250 61.500
57.250 61.750
57.500 61.750
57.500 61.500
Building 4 5 0.062
57.250 61.750
57.250 62.000
57.500 62.000
57.500 61.750
Building 4 5 0.062
57.250 62.000
57.250 62.250
57.500 62.250
57.500 62.000
Building 4 5 0.062
57.250 62.250
57.250 62.500
57.500 62.500
57.500 62.250
Building 4 5 0.062
57.250 62.500
57.250 62.750
57.500 62.750
57.500 62.500
Building 4 5 0.062
57.500 63.000
57.500 62.750
57.250 62.750
57.250 63.000
Building 4 5 0.062
57.500 57.000
57.500 57.250
57.750 57.250
57.750 57.000
Building 4 5 0.062
57.500 57.250
57.500 57.500
57.750 57.500
57.750 57.250
Building 4 5 0.062
57.500 57.500
57.500 57.750
57.750 57.750
57.750 57.500
Building 4 5 0.062
57.500 57.750
57.500 58.000
57.750 58.000
57.750 57.750
Building 4 5 0.062
57.500 58.000
57.500 58.250
57.750 58.250
57.750 58.000
Building 4 5 0.062
57.500 58.250
57.500 58.500
57.750 58.500
57.750 58.250
Building 4 5 0.062
57.500 58.500
57.500 58.750
57.750 58.750
57.750 58.500
Building 4 5 0.062
57.750 59.000
57.750 58.750
57.500 58.750
57.500 59.000
Building 4 5 0.062
57.500 61.000
57.500 61.250
57.750 61.250
57.750 61.000
Building 4 5 0.062
57.500 61.250
57.500 61.500
57.750 61.500
57.750 61.250
Building 4 5 0.062
57.500 61.500
57.500 61.750
57.750 61.750
57.750 61.500
Building 4 5 0.062
57.500 61.750
57.500 62.000
57.750 62.000
57.750 61.750
Building 4 5 0.062
57.500 62.000
57.500 62.250
57.750 62.250
57.750 62.000
Building 4 5 0.062
57.500 62.250
57.500 62.500
57.750 62.500
57.750 62.250
Building 4 5 0.062
57.500 62.500
57.500 62.750
57.750 62.750
57.750 62.500
Building 4 5 0.062
57.750 63.000
57.750 62.750
57.500 62.750
57.500 63.000
Building 4 5 0.062
57.750 57.000
57.750 57.250
58.000 57.250
58.000 57.000
Building 4 5 0.062
57.750 57.250
57.750 57.500
58.000 57.500
58.000 57.250
Building 4 5 0.062
57.750 57.500
57.750 57.750
58.000 57.750
58.000 57.500
Building 4 5 0.062
57.750 57.750
57.750 58.000
58.000 58.000
58.000 57.750
Building 4 5 0.062
57.750 58.000
57.750 58.250
58.000 58.250
58.000 58.000
Building 4 5 0.062
57.750 58.250
57.750 58.500
58.000 58.500
58.000 58.250
Building 4 5 0.062
57.750 58.500
57.750 58.750
58.000 58.750
58.000 58.500
Building 4 5 0.062
58.000 59.000
58.000 58.750
57.750 58.750
57.750 59.000
Building 4 5 0.062
57.750 61.000
57.750 61.250
58.000 61.250
58.000 61.000
Building 4 5 0.062
57.750 61.250
57.750 61.500
58.000 61.500
58.000 61.250
Building 4 5 0.062
57.750 61.500
57.750 61.750
58.000 61.750
58.000 61.500
Building 4 5 0.062
57.750 61.750
57.750 62.000
58.000 62.000
58.000 61.750
Building 4 5 0.062
57.750 62.000
57.750 62.250
58.000 62.250
58.000 62.000
Building 4 5 0.062
57.750 62.250
57.750 62.500
58.000 62.500
58.000 62.250
Building 4 5 0.062
57.750 62.500
57.750 62.750
58.000 62.750
58.000 62.500
Building 4 5 0.062
58.000 63.000
58.000 62.750
57.750 62.750
57.750 63.000
Building 4 5 0.062
58.000 57.000
58.000 57.250
58.250 57.250
58.250 57.000
Building 4 5 0.062
58.000 57.250
58.000 57.500
58.250 57.500
58.250 57.250
Building 4 5 0.062
58.000 57.500
58.000 57.750
58.250 57.750
58.250 57.500
Building 4 5 0.062
58.000 57.750
58.000 58.000
58.250 58.000
58.250 57.750
Building 4 5 0.062
58.000 58.000
58.000 58.250
58.250 58.250
58.250 58.000
Building 4 5 0.062
58.000 58.250
58.000 58.500
58.250 58.500
58.250 58.250
Building 4 5 0.062
58.000 58.500
58.000 58.750
58.250 58.750
58.250 58.500
Building 4 5 0.062
58.250 59.000
58.250 58.750
58.000 58.750
58.000 59.000
Building 4 5 0.062
58.000 61.000
58.000 61.250
58.250 61.250
58.250 61.000
Building 4 5 0.062
58.000 61.250
58.000 61.500
58.250 61.500
58.250 61.250
Building 4 5 0.062
58.000 61.500
58.000 61.750
58.250 61.750
58.250 61.500
Building 4 5 0.062
58.000 61.750
58.000 62.000
58.250 62.000
58.250 61.750
Building 4 5 0.062
58.000 62.000
58.000 62.250
58.250 62.250
58.250 62.000
Building 4 5 0.062
58.000 62.250
58.000 62.500
58.250 62.500
58.250 62.250
Building 4 5 0.062
58.000 62.500
58.000 62.750
58.250 62.750
58.250 62.500
Building 4 5 0.062
58.250 63.000
58.250 62.750
58.000 62.750
58.000 63.000
Building 4 5 0.062
58.250 57.000
58.250 57.250
58.500 57.250
58.500 57.000
Building 4 5 0.062
58.250 57.250
58.250 57.500
58.500 57.500
58.500 57.250
Building 4 5 0.062
58.250 57.500
58.250 57.750
58.500 57.750
58.500 57.500
Building 4 5 0.062
58.250 57.750
58.250 58.000
58.500 58.000
58.500 57.750
Building 4 5 0.062
58.250 58.000
58.250 58.250
58.500 58.250
58.500 58.000
Building 4 5 0.062
58.250 58.250
58.250 58.500
58.500 58.500
58.500 58.250
Building 4 5 0.062
58.250 58.500
58.250 58.750
58.500 58.750
58.500 58.500
Building 4 5 0.062
58.500 59.000
58.500 58.750
58.250 58.750
58.250 59.000
Building 4 5 0.062
58.250 61.000
58.250 61.250
58.500 61.250
58.500 61.000
Building 4 5 0.062
58.250 61.250
58.250 61.500
58.500 61.500
58.500 61.250
Building 4 5 0.062
58.250 61.500
58.250 61.750
58.500 61.750
58.500 61.500
Building 4 5 0.062
58.250 61.750
58.250 62.000
58.500 62.000
58.500 61.750
Building 4 5 0.062
58.250 62.000
58.250 62.250
58.500 62.250
58.500 62.000
Building 4 5 0.062
58.250 62.250
58.250 62.500
58.500 62.500
58.500 62.250
Building 4 5 0.062
58.250 62.500
58.250 62.750
58.500 62.750
58.500 62.500
Building 4 5 0.062
58.500 63.000
58.500 62.750
58.250 62.750
58.250 63.000
Building 4 5 0.062
58.500 57.000
58.500 57.250
58.750 57.250
58.750 57.000
Building 4 5 0.062
58.500 57.250
58.500 57.500
58.750 57.500
58.750 57.250
Building 4 5 0.062
58.500 57.500
58.500 57.750
58.750 57.750
58.750 57.500
Building 4 5 0.062
58.500 57.750
58.500 58.000
58.750 58.000
58.750 57.750
Building 4 5 0.062
58.500 58.000
58.500 58.250
58.750 58.250
58.750 58.000
Building 4 5 0.062
58.500 58.250
58.500 58.500
58.750 58.500
58.750 58.250
Building 4 5 0.062
58.500 58.500
58.500 58.750
58.750 58.750
58.750 58.500
Building 4 5 0.062
58.750 59.000
58.750 58.750
58.500 58.750
58.500 59.000
Building 4 5 0.062
58.500 61.000
58.500 61.250
58.750 61.250
58.750 61.000
Building 4 5 0.062
58.500 61.250
58.500 61.500
58.750 61.500
58.750 61.250
Building 4 5 0.062
58.500 61.500
58.500 61.750
58.750 61.750
58.750 61.500
Building 4 5 0.062
58.500 61.750
58.500 62.000
58.750 62.000
58.750 61.750
Building 4 5 0.062
58.500 62.000
58.500 62.250
58.750 62.250
58.750 62.000
Building 4 5 0.062
58.500 62.250
58.500 62.500
58.750 62.500
58.750 62.250
Building 4 5 0.062
58.500 62.500
58.500 62.750
58.750 62.750
58.750 62.500
Building 4 5 0.062
58.750 63.000
58.750 62.750
58.500 62.750
58.500 63.000
Building 4 5 0.062
58.750 57.000
58.750 57.250
59.000 57.250
59.000 57.000
Building 4 5 0.062
58.750 57.250
58.750 57.500
59.000 57.500
59.000 57.250
Building 4 5 0.062
58.750 57.500
58.750 57.750
59.000 57.750
59.000 57.500
Building 4 5 0.062
58.750 57.750
58.750 58.000
59.000 58.000
59.000 57.750
Building 4 5 0.062
58.750 58.000
58.750 58.250
59.000 58.250
59.000 58.000
Building 4 5 0.062
58.750 58.250
58.750 58.500
59.000 58.500
59.000 58.250
Building 4 5 0.062
58.750 58.500
58.750 58.750
59.000 58.750
59.000 58.500
Building 4 5 0.062
59.000 59.000
59.000 58.750
58.750 58.750
58.750 59.000
Building 4 5 0.062
58.750 61.000
58.750 61.250
59.000 61.250
59.000 61.000
Building 4 5 0.062
58.750 61.250
58.750 61.500
59.000 61.500
59.000 61.250
Building 4 5 0.062
58.750 61.500
58.750 61.750
59.000 61.750
59.000 61.500
Building 4 5 0.062
58.750 61.750
58.750 62.000
59.000 62.000
59.000 61.750
Building 4 5 0.062
58.750 62.000
58.750 62.250
59.000 62.250
59.000 62.000
Building 4 5 0.062
58.750 62.250
58.750 62.500
59.000 62.500
59.000 62.250
Building 4 5 0.062
58.750 62.500
58.750 62.750
59.000 62.750
59.000 62.500
Building 4 5 0.062
59.000 63.000
59.000 62.750
58.750 62.750
58.750 63.000
Building 4 5 0.062
59.000 57.000
59.000 57.250
59.250 57.250
59.250 57.000
Building 4 5 0.062
59.000 57.250
59.000 57.500
59.250 57.500
59.250 57.250
Building 4 5 0.062
59.000 57.500
59.000 57.750
59.250 57.750
59.250 57.500
Building 4 5 0.062
59.000 57.750
59.000 58.000
59.250 58.000
59.250 57.750
Building 4 5 0.062
59.000 58.000
59.000 58.250
59.250 58.250
59.250 58.000
Building 4 5 0.062
59.000 58.250
59.000 58.500
59.250 58.500
59.250 58.250
Building 4 5 0.062
59.000 58.500
59.000 58.750
59.250 58.750
59.250 58.500
Building 4 5 0.062
59.250 59.000
59.250 58.750
59.000 58.750
59.000 59.000
Building 4 5 0.062
59.000 61.000
59.000 61.250
59.250 61.250
59.250 61.000
Building 4 5 0.062
59.000 61.250
59.000 61.500
59.250 61.500
59.250 61.250
Building 4 5 0.062
59.000 61.500
59.000 61.750
59.250 61.750
59.250 61.500
Building 4 5 0.062
59.000 61.750
59.000 62.000
59.250 62.000
59.250 61.750
Building 4 5 0.062
59.000 62.000
59.000 62.250
59.250 62.250
59.250 62.000
Building 4 5 0.062
59.000 62.250
59.000 62.500
59.250 62.500
59.250 62.250
Building 4 5 0.062
59.000 62.500
59.000 62.750
59.250 62.750
59.250 62.500
Building 4 5 0.062
59.250 63.000
59.250 62.750
59.000 62.750
59.000 63.000
Building 4 5 0.062
59.250 57.000
59.250 57.250
59.500 57.250
59.500 57.000
Building 4 5 0.062
59.250 57.250
59.250 57.500
59.500 57.500
59.500 57.250
Building 4 5 0.062
59.250 57.500
59.250 57.750
59.500 57.750
59.500 57.500
Building 4 5 0.062
59.250 57.750
59.250 58.000
59.500 58.000
59.500 57.750
Building 4 5 0.062
59.250 58.000
59.250 58.250
59.500 58.250
59.500 58.000
Building 4 5 0.062
59.250 58.250
59.250 58.500
59.500 58.500
59.500 58.250
Building 4 5 0.062
59.250 58.500
59.250 58.750
59.500 58.750
59.500 58.500
Building 4 5 0.062
59.500 59.000
59.500 58.750
59.250 58.750
59.250 59.000
Building 4 5 0.062
59.250 61.000
59.250 61.250
59.500 61.250
59.500 61.000
Building 4 5 0.062
59.250 61.250
59.250 61.500
59.500 61.500
59.500 61.250
Building 4 5 0.062
59.250 61.500
59.250 61.750
59.500 61.750
59.500 61.500
Building 4 5 0.062
59.250 61.750
59.250 62.000
59.500 62.000
59.500 61.750
Building 4 5 0.062
59.250 62.000
59.250 62.250
59.500 62.250
59.500 62.000
Building 4 5 0.062
59.250 62.250
59.250 62.500
59.500 62.500
59.500 62.250
Building 4 5 0.062
59.250 62.500
59.250 62.750
59.500 62.750
59.500 62.500
Building 4 5 0.062
59.500 63.000
59.500 62.750
59.250 62.750
59.250 63.000
Building 4 5 0.062
59.500 57.000
59.500 57.250
59.750 57.250
59.750 57.000
Building 4 5 0.062
59.500 57.250
59.500 57.500
59.750 57.500
59.750 57.250
Building 4 5 0.062
59.500 57.500
59.500 57.750
59.750 57.750
59.750 57.500
Building 4 5 0.062
59.500 57.750
59.500 58.000
59.750 58.000
59.750 57.750
Building 4 5 0.062
59.500 58.000
59.500 58.250
59.750 58.250
59.750 58.000
Building 4 5 0.062
59.500 58.250
59.500 58.500
59.750 58.500
59.750 58.250
Building 4 5 0.062
59.500 58.500
59.500 58.750
59.750 58.750
59.750 58.500
Building 4 5 0.062
59.750 59.000
59.750 58.750
59.500 58.750
59.500 59.000
Building 4 5 0.062
59.500 61.000
59.500 61.250
59.750 61.250
59.750 61.000
Building 4 5 0.062
59.500 61.250
59.500 61.500
59.750 61.500
59.750 61.250
Building 4 5 0.062
59.500 61.500
59.500 61.750
59.750 61.750
59.750 61.500
Building 4 5 0.062
59.500 61.750
59.500 62.000
59.750 62.000
59.750 61.750
Building 4 5 0.062
59.500 62.000
59.500 62.250
59.750 62.250
59.750 62.000
Building 4 5 0.062
59.500 62.250
59.500 62.500
59.750 62.500
59.750 62.250
Building 4 5 0.062
59.500 62.500
59.500 62.750
59.750 62.750
59.750 62.500
Building 4 5 0.062
59.750 63.000
59.750 62.750
59.500 62.750
59.500 63.000
Building 4 5 0.062
59.750 57.000
59.750 57.250
60.000 57.250
60.000 57.000
Building 4 5 0.062
59.750 57.250
59.750 57.500
60.000 57.500
60.000 57.250
Building 4 5 0.062
59.750 57.500
59.750 57.750
60.000 57.750
60.000 57.500
Building 4 5 0.062
59.750 57.750
59.750 58.000
60.000 58.000
60.000 57.750
Building 4 5 0.062
59.750 58.000
59.750 58.250
60.000 58.250
60.000 58.000
Building 4 5 0.062
59.750 58.250
59.750 58.500
60.000 58.500
60.000 58.250
Building 4 5 0.062
59.750 58.500
59.750 58.750
60.000 58.750
60.000 58.500
Building 4 5 0.062
60.000 59.000
60.000 58.750
59.750 58.750
59.750 59.000
Building 4 5 0.062
59.750 61.000
59.750 61.250
60.000 61.250
60.000 61.000
Building 4 5 0.062
59.750 61.250
59.750 61.500
60.000 61.500
60.000 61.250
Building 4 5 0.062
59.750 61.500
59.750 61.750
60.000 61.750
60.000 61.500
Building 4 5 0.062
59.750 61.750
59.750 62.000
60.000 62.000
60.000 61.750
Building 4 5 0.062
59.750 62.000
59.750 62.250
60.000 62.250
60.000 62.000
Building 4 5 0.062
59.750 62.250
59.750 62.500
60.000 62.500
60.000 62.250
Building 4 5 0.062
59.750 62.500
59.750 62.750
60.000 62.750
60.000 62.500
Building 4 5 0.062
60.000 63.000
60.000 62.750
59.750 62.750
59.750 63.000
Building 4 5 0.062
60.000 57.000
60.000 57.250
60.250 57.250
60.250 57.000
Building 4 5 0.062
60.000 57.250
60.000 57.500
60.250 57.500
60.250 57.250
Building 4 5 0.062
60.000 57.500
60.000 57.750
60.250 57.750
60.250 57.500
Building 4 5 0.062
60.000 57.750
60.000 58.000
60.250 58.000
60.250 57.750
Building 4 5 0.062
60.000 58.000
60.000 58.250
60.250 58.250
60.250 58.000
Building 4 5 0.062
60.000 58.250
60.000 58.500
60.250 58.500
60.250 58.250
Building 4 5 0.062
60.000 58.500
60.000 58.750
60.250 58.750
60.250 58.500
Building 4 5 0.062
60.250 59.000
60.250 58.750
60.000 58.750
60.000 59.000
Building 4 5 0.062
60.000 61.000
60.000 61.250
60.250 61.250
60.250 61.000
Building 4 5 0.062
60.000 61.250
60.000 61.500
60.250 61.500
60.250 61.250
Building 4 5 0.062
60.000 61.500
60.000 61.750
60.250 61.750
60.250 61.500
Building 4 5 0.062
60.000 61.750
60.000 62.000
60.250 62.000
60.250 61.750
Building 4 5 0.062
60.000 62.000
60.000 62.250
60.250 62.250
60.250 62.000
Building 4 5 0.062
60.000 62.250
60.000 62.500
60.250 62.500
60.250 62.250
Building 4 5 0.062
60.000 62.500
60.000 62.750
60.250 62.750
60.250 62.500
Building 4 5 0.062
60.250 63.000
60.250 62.750
60.000 62.750
60.000 63.000
Building 4 5 0.062
60.250 57.000
60.250 57.250
60.500 57.250
60.500 57.000
Building 4 5 0.062
60.250 57.250
60.250 57.500
60.500 57.500
60.500 57.250
Building 4 5 0.062
60.250 57.500
60.250 57.750
60.500 57.750
60.500 57.500
Building 4 5 0.062
60.250 57.750
60.250 58.000
60.500 58.000
60.500 57.750
Building 4 5 0.062
60.250 58.000
60.250 58.250
60.500 58.250
60.500 58.000
Building 4 5 0.062
60.250 58.250
60.250 58.500
60.500 58.500
60.500 58.250
Building 4 5 0.062
60.250 58.500
60.250 58.750
60.500 58.750
60.500 58.500
Building 4 5 0.062
60.500 59.000
60.500 58.750
60.250 58.750
60.250 59.000
Building 4 5 0.062
60.250 61.000
60.250 61.250
60.500 61.250
60.500 61.000
Building 4 5 0.062
60.250 61.250
60.250 61.500
60.500 61.500
60.500 61.250
Building 4 5 0.062
60.250 61.500
60.250 61.750
60.500 61.750
60.500 61.500
Building 4 5 0.062
60.250 61.750
60.250 62.000
60.500 62.000
60.500 61.750
Building 4 5 0.062
60.250 62.000
60.250 62.250
60.500 62.250
60.500 62.000
Building 4 5 0.062
60.250 62.250
60.250 62.500
60.500 62.500
60.500 62.250
Building 4 5 0.062
60.250 62.500
60.250 62.750
60.500 62.750
60.500 62.500
Building 4 5 0.062
60.500 63.000
60.500 62.750
60.250 62.750
60.250 63.000
Building 4 5 0.062
60.500 57.000
60.500 57.250
60.750 57.250
60.750 57.000
Building 4 5 0.062
60.500 57.250
60.500 57.500
60.750 57.500
60.750 57.250
Building 4 5 0.062
60.500 57.500
60.500 57.750
60.750 57.750
60.750 57.500
Building 4 5 0.062
60.500 57.750
60.500 58.000
60.750 58.000
60.750 57.750
Building 4 5 0.062
60.500 58.000
60.500 58.250
60.750 58.250
60.750 58.000
Building 4 5 0.062
60.500 58.250
60.500 58.500
60.750 58.500
60.750 58.250
Building 4 5 0.062
60.500 58.500
60.500 58.750
60.750 58.750
60.750 58.500
Building 4 5 0.062
60.750 59.000
60.750 58.750
60.500 58.750
60.500 59.000
Building 4 5 0.062
60.500 61.000
60.500 61.250
60.750 61.250
60.750 61.000
Building 4 5 0.062
60.500 61.250
60.500 61.500
60.750 61.500
60.750 61.250
Building 4 5 0.062
60.500 61.500
60.500 61.750
60.750 61.750
60.750 61.500
Building 4 5 0.062
60.500 61.750
60.500 62.000
60.750 62.000
60.750 61.750
Building 4 5 0.062
60.500 62.000
60.500 62.250
60.750 62.250
60.750 62.000
Building 4 5 0.062
60.500 62.250
60.500 62.500
60.750 62.500
60.750 62.250
Building 4 5 0.062
60.500 62.500
60.500 62.750
60.750 62.750
60.750 62.500
Building 4 5 0.062
60.750 63.000
60.750 62.750
60.500 62.750
60.500 63.000
Building 4 5 0.062
60.750 57.000
60.750 57.250
61.000 57.250
61.000 57.000
Building 4 5 0.062
60.750 57.250
60.750 57.500
61.000 57.500
61.000 57.250
Building 4 5 0.062
60.750 57.500
60.750 57.750
61.000 57.750
61.000 57.500
Building 4 5 0.062
60.750 57.750
60.750 58.000
61.000 58.000
61.000 57.750
Building 4 5 0.062
60.750 58.000
60.750 58.250
61.000 58.250
61.000 58.000
Building 4 5 0.062
60.750 58.250
60.750 58.500
61.000 58.500
61.000 58.250
Building 4 5 0.062
60.750 58.500
60.750 58.750
61.000 58.750
61.000 58.500
Building 4 5 0.062
61.000 59.000
61.000 58.750
60.750 58.750
60.750 59.000
Building 4 5 0.062
60.750 61.000
60.750 61.250
61.000 61.250
61.000 61.000
Building 4 5 0.062
60.750 61.250
60.750 61.500
61.000 61.500
61.000 61.250
Building 4 5 0.062
60.750 61.500
60.750 61.750
61.000 61.750
61.000 61.500
Building 4 5 0.062
60.750 61.750
60.750 62.000
61.000 62.000
61.000 61.750
Building 4 5 0.062
60.750 62.000
60.750 62.250
61.000 62.250
61.000 62.000
Building 4 5 0.062
60.750 62.250
60.750 62.500
61.000 62.500
61.000 62.250
Building 4 5 0.062
60.750 62.500
60.750 62.750
61.000 62.750
61.000 62.500
Building 4 5 0.062
61.000 63.000
61.000 62.750
60.750 62.750
60.750 63.000
Building 4 5 0.062
61.000 57.000
61.000 57.250
61.250 57.250
61.250 57.000
Building 4 5 0.062
61.000 57.250
61.000 57.500
61.250 57.500
61.250 57.250
Building 4 5 0.062
61.000 57.500
61.000 57.750
61.250 57.750
61.250 57.500
Building 4 5 0.062
61.000 57.750
61.000 58.000
61.250 58.000
61.250 57.750
Building 4 5 0.062
61.000 58.000
61.000 58.250
61.250 58.250
61.250 58.000
Building 4 5 0.062
61.000 58.250
61.000 58.500
61.250 58.500
61.250 58.250
Building 4 5 0.062
61.000 58.500
61.000 58.750
61.250 58.750
61.250 58.500
Building 4 5 0.062
61.250 59.000
61.250 58.750
61.000 58.750
61.000 59.000
Building 4 5 0.062
61.000 61.000
61.000 61.250
61.250 61.250
61.250 61.000
Building 4 5 0.062
61.000 61.250
61.000 61.500
61.250 61.500
61.250 61.250
Building 4 5 0.062
61.000 61.500
61.000 61.750
61.250 61.750
61.250 61.500
Building 4 5 0.062
61.000 61.750
61.000 62.000
61.250 62.000
61.250 61.750
Building 4 5 0.062
61.000 62.000
61.000 62.250
61.250 62.250
61.250 62.000
Building 4 5 0.062
61.000 62.250
61.000 62.500
61.250 62.500
61.250 62.250
Building 4 5 0.062
61.000 62.500
61.000 62.750
61.250 62.750
61.250 62.500
Building 4 5 0.062
61.250 63.000
61.250 62.750
61.000 62.750
61.000 63.000
Building 4 5 0.062
61.250 57.000
61.250 57.250
61.500 57.250
61.500 57.000
Building 4 5 0.062
61.250 57.250
61.250 57.500
61.500 57.500
61.500 57.250
Building 4 5 0.062
61.250 57.500
61.250 57.750
61.500 57.750
61.500 57.500
Building 4 5 0.062
61.250 57.750
61.250 58.000
61.500 58.000
61.500 57.750
Building 4 5 0.062
61.250 58.000
61.250 58.250
61.500 58.250
61.500 58.000
Building 4 5 0.062
61.250 58.250
61.250 58.500
61.500 58.500
61.500 58.250
Building 4 5 0.062
61.250 58.500
61.250 58.750
61.500 58.750
61.500 58.500
Building 4 5 0.062
61.500 59.000
61.500 58.750
61.250 58.750
61.250 59.000
Building 4 5 0.062
61.250 61.000
61.250 61.250
61.500 61.250
61.500 61.000
Building 4 5 0.062
61.250 61.250
61.250 61.500
61.500 61.500
61.500 61.250
Building 4 5 0.062
61.250 61.500
61.250 61.750
61.500 61.750
61.500 61.500
Building 4 5 0.062
61.250 61.750
61.250 62.000
61.500 62.000
61.500 61.750
Building 4 5 0.062
61.250 62.000
61.250 62.250
61.500 62.250
61.500 62.000
Building 4 5 0.062
61.250 62.250
61.250 62.500
61.500 62.500
61.500 62.250
Building 4 5 0.062
61.250 62.500
61.250 62.750
61.500 62.750
61.500 62.500
Building 4 5 0.062
61.500 63.000
61.500 62.750
61.250 62.750
61.250 63.000
Building 4 5 0.062
61.500 57.000
61.500 57.250
61.750 57.250
61.750 57.000
Building 4 5 0.062
61.500 57.250
61.500 57.500
61.750 57.500
61.750 57.250
Building 4 5 0.062
61.500 57.500
61.500 57.750
61.750 57.750
61.750 57.500
Building 4 5 0.062
61.500 57.750
61.500 58.000
61.750 58.000
61.750 57.750
Building 4 5 0.062
61.500 58.000
61.500 58.250
61.750 58.250
61.750 58.000
Building 4 5 0.062
61.500 58.250
61.500 58.500
61.750 58.500
61.750 58.250
Building 4 5 0.062
61.500 58.500
61.500 58.750
61.750 58.750
61.750 58.500
Building 4 5 0.062
61.750 59.000
61.750 58.750
61.500 58.750
61.500 59.000
Building 4 5 0.062
61.500 61.000
61.500 61.250
61.750 61.250
61.750 61.000
Building 4 5 0.062
61.500 61.250
61.500 61.500
61.750 61.500
61.750 61.250
Building 4 5 0.062
61.500 61.500
61.500 61.750
61.750 61.750
61.750 61.500
Building 4 5 0.062
61.500 61.750
61.500 62.000
61.750 62.000
61.750 61.750
Building 4 5 0.062
61.500 62.000
61.500 62.250
61.750 62.250
61.750 62.000
Building 4 5 0.062
61.500 62.250
61.500 62.500
61.750 62.500
61.750 62.250
Building 4 5 0.062
61.500 62.500
61.500 62.750
61.750 62.750
61.750 62.500
Building 4 5 0.062
61.750 63.000
61.750 62.750
61.500 62.750
61.500 63.000
Building 4 5 0.062
61.750 57.000
61.750 57.250
62.000 57.250
62.000 57.000
Building 4 5 0.062
61.750 57.250
61.750 57.500
62.000 57.500
62.000 57.250
Building 4 5 0.062
61.750 57.500
61.750 57.750
62.000 57.750
62.000 57.500
Building 4 5 0.062
61.750 57.750
61.750 58.000
62.000 58.000
62.000 57.750
Building 4 5 0.062
61.750 58.000
61.750 58.250
62.000 58.250
62.000 58.000
Building 4 5 0.062
61.750 58.250
61.750 58.500
62.000 58.500
62.000 58.250
Building 4 5 0.062
61.750 58.500
61.750 58.750
62.000 58.750
62.000 58.500
Building 4 5 0.062
62.000 59.000
62.000 58.750
61.750 58.750
61.750 59.000
Building 4 5 0.062
61.750 61.000
61.750 61.250
62.000 61.250
62.000 61.000
Building 4 5 0.062
61.750 61.250
61.750 61.500
62.000 61.500
62.000 61.250
Building 4 5 0.062
61.750 61.500
61.750 61.750
62.000 61.750
62.000 61.500
Building 4 5 0.062
61.750 61.750
61.750 62.000
62.000 62.000
62.000 61.750
Building 4 5 0.062
61.750 62.000
61.750 62.250
62.000 62.250
62.000 62.000
Building 4 5 0.062
61.750 62.250
61.750 62.500
62.000 62.500
62.000 62.250
Building 4 5 0.062
61.750 62.500
61.750 62.750
62.000 62.750
62.000 62.500
Building 4 5 0.062
62.000 63.000
62.000 62.750
61.750 62.750
61.750 63.000
Building 4 5 0.062
62.000 57.000
62.000 57.250
62.250 57.250
62.250 57.000
Building 4 5 0.062
62.000 57.250
62.000 57.500
62.250 57.500
62.250 57.250
Building 4 5 0.062
62.000 57.500
62.000 57.750
62.250 57.750
62.250 57.500
Building 4 5 0.062
62.000 57.750
62.000 58.000
62.250 58.000
62.250 57.750
Building 4 5 0.062
62.000 58.000
62.000 58.250
62.250 58.250
62.250 58.000
Building 4 5 0.062
62.000 58.250
62.000 58.500
62.250 58.500
62.250 58.250
Building 4 5 0.062
62.000 58.500
62.000 58.750
62.250 58.750
62.250 58.500
Building 4 5 0.062
62.250 59.000
62.250 58.750
62.000 58.750
62.000 59.000
Building 4 5 0.062
62.000 61.000
62.000 61.250
62.250 61.250
62.250 61.000
Building 4 5 0.062
62.000 61.250
62.000 61.500
62.250 61.500
62.250 61.250
Building 4 5 0.062
62.000 61.500
62.000 61.750
62.250 61.750
62.250 61.500
Building 4 5 0.062
62.000 61.750
62.000 62.000
62.250 62.000
62.250 61.750
Building 4 5 0.062
62.000 62.000
62.000 62.250
62.250 62.250
62.250 62.000
Building 4 5 0.062
62.000 62.250
62.000 62.500
62.250 62.500
62.250 62.250
Building 4 5 0.062
62.000 62.500
62.000 62.750
62.250 62.750
62.250 62.500
Building 4 5 0.062
62.250 63.000
62.250 62.750
62.000 62.750
62.000 63.000
Building 4 5 0.062
62.250 57.000
62.250 57.250
62.500 57.250
62.500 57.000
Building 4 5 0.062
62.250 57.250
62.250 57.500
62.500 57.500
62.500 57.250
Building 4 5 0.062
62.250 57.500
62.250 57.750
62.500 57.750
62.500 57.500
Building 4 5 0.062
62.250 57.750
62.250 58.000
62.500 58.000
62.500 57.750
Building 4 5 0.062
62.250 58.000
62.250 58.250
62.500 58.250
62.500 58.000
Building 4 5 0.062
62.250 58.250
62.250 58.500
62.500 58.500
62.500 58.250
Building 4 5 0.062
62.250 58.500
62.250 58.750
62.500 58.750
62.500 58.500
Building 4 5 0.062
62.500 59.000
62.500 58.750
62.250 58.750
62.250 59.000
Building 4 5 0.062
62.250 61.000
62.250 61.250
62.500 61.250
62.500 61.000
Building 4 5 0.062
62.250 61.250
62.250 61.500
62.500 61.500
62.500 61.250
Building 4 5 0.062
62.250 61.500
62.250 61.750
62.500 61.750
62.500 61.500
Building 4 5 0.062
62.250 61.750
62.250 62.000
62.500 62.000
62.500 61.750
Building 4 5 0.062
62.250 62.000
62.250 62.250
62.500 62.250
62.500 62.000
Building 4 5 0.062
62.250 62.250
62.250 62.500
62.500 62.500
62.500 62.250
Building 4 5 0.062
62.250 62.500
62.250 62.750
62.500 62.750
62.500 62.500
Building 4 5 0.062
62.500 63.000
62.500 62.750
62.250 62.750
62.250 63.000
Building 4 5 0.062
62.500 57.000
62.500 57.250
62.750 57.250
62.750 57.000
Building 4 5 0.062
62.500 57.250
62.500 57.500
62.750 57.500
62.750 57.250
Building 4 5 0.062
62.500 57.500
62.500 57.750
62.750 57.750
62.750 57.500
Building 4 5 0.062
62.500 57.750
62.500 58.000
62.750 58.000
62.750 57.750
Building 4 5 0.062
62.500 58.000
62.500 58.250
62.750 58.250
62.750 58.000
Building 4 5 0.062
62.500 58.250
62.500 58.500
62.750 58.500
62.750 58.250
Building 4 5 0.062
62.500 58.500
62.500 58.750
62.750 58.750
62.750 58.500
Building 4 5 0.062
62.750 59.000
62.750 58.750
62.500 58.750
62.500 59.000
Building 4 5 0.062
62.500 61.000
62.500 61.250
62.750 61.250
62.750 61.000
Building 4 5 0.062
62.500 61.250
62.500 61.500
62.750 61.500
62.750 61.250
Building 4 5 0.062
62.500 61.500
62.500 61.750
62.750 61.750
62.750 61.500
Building 4 5 0.062
62.500 61.750
62.500 62.000
62.750 62.000
62.750 61.750
Building 4 5 0.062
62.500 62.000
62.500 62.250
62.750 62.250
62.750 62.000
Building 4 5 0.062
62.500 62.250
62.500 62.500
62.750 62.500
62.750 62.250
Building 4 5 0.062
62.500 62.500
62.500 62.750
62.750 62.750
62.750 62.500
Building 4 5 0.062
62.750 63.000
62.750 62.750
62.500 62.750
62.500 63.000
Building 4 5 0.062
62.750 57.000
62.750 57.250
63.000 57.250
63.000 57.000
Building 4 5 0.062
62.750 57.250
62.750 57.500
63.000 57.500
63.000 57.250
Building 4 5 0.062
62.750 57.500
62.750 57.750
63.000 57.750
63.000 57.500
Building 4 5 0.062
62.750 57.750
62.750 58.000
63.000 58.000
63.000 57.750
Building 4 5 0.062
62.750 58.000
62.750 58.250
63.000 58.250
63.000 58.000
Building 4 5 0.062
62.750 58.250
62.750 58.500
63.000 58.500
63.000 58.250
Building 4 5 0.062
62.750 58.500
62.750 58.750
63.000 58.750
63.000 58.500
Building 4 5 0.062
63.000 59.000
63.000 58.750
62.750 58.750
62.750 59.000
Building 4 5 0.062
62.750 61.000
62.750 61.250
63.000 61.250
63.000 61.000
Building 4 5 0.062
62.750 61.250
62.750 61.500
63.000 61.500
63.000 61.250
Building 4 5 0.062
62.750 61.500
62.750 61.750
63.000 61.750
63.000 61.500
Building 4 5 0.062
62.750 61.750
62.750 62.000
63.000 62.000
63.000 61.750
Building 4 5 0.062
62.750 62.000
62.750 62.250
63.000 62.250
63.000 62.000
Building 4 5 0.062
62.750 62.250
62.750 62.500
63.000 62.500
63.000 62.250
Building 4 5 0.062
62.750 62.500
62.750 62.750
63.000 62.750
63.000 62.500
Building 4 5 0.062
63.000 63.000
63.000 62.750
62.750 62.750
62.750 63.000
Building 4 5 0.062
63.000 57.000
63.000 57.250
63.250 57.250
63.250 57.000
Building 4 5 0.062
63.000 57.250
63.000 57.500
63.250 57.500
63.250 57.250
Building 4 5 0.062
63.000 57.500
63.000 57.750
63.250 57.750
63.250 57.500
Building 4 5 0.062
63.000 57.750
63.000 58.000
63.250 58.000
63.250 57.750
Building 4 5 0.062
63.000 58.000
63.000 58.250
63.250 58.250
63.250 58.000
Building 4 5 0.062
63.000 58.250
63.000 58.500
63.250 58.500
63.250 58.250
Building 4 5 0.062
63.000 58.500
63.000 58.750
63.250 58.750
63.250 58.500
Building 4 5 0.062
63.250 59.000
63.250 58.750
63.000 58.750
63.000 59.000
Building 4 5 0.062
63.000 61.000
63.000 61.250
63.250 61.250
63.250 61.000
Building 4 5 0.062
63.000 61.250
63.000 61.500
63.250 61.500
63.250 61.250
Building 4 5 0.062
63.000 61.500
63.000 61.750
63.250 61.750
63.250 61.500
Building 4 5 0.062
63.000 61.750
63.000 62.000
63.250 62.000
63.250 61.750
Building 4 5 0.062
63.000 62.000
63.000 62.250
63.250 62.250
63.250 62.000
Building 4 5 0.062
63.000 62.250
63.000 62.500
63.250 62.500
63.250 62.250
Building 4 5 0.062
63.000 62.500
63.000 62.750
63.250 62.750
63.250 62.500
Building 4 5 0.062
63.250 63.000
63.250 62.750
63.000 62.750
63.000 63.000
Building 4 5 0.062
63.250 57.000
63.250 57.250
63.500 57.250
63.500 57.000
Building 4 5 0.062
63.250 57.250
63.250 57.500
63.500 57.500
63.500 57.250
Building 4 5 0.062
63.250 57.500
63.250 57.750
63.500 57.750
63.500 57.500
Building 4 5 0.062
63.250 57.750
63.250 58.000
63.500 58.000
63.500 57.750
Building 4 5 0.062
63.250 58.000
63.250 58.250
63.500 58.250
63.500 58.000
Building 4 5 0.062
63.250 58.250
63.250 58.500
63.500 58.500
63.500 58.250
Building 4 5 0.062
63.250 58.500
63.250 58.750
63.500 58.750
63.500 58.500
Building 4 5 0.062
63.500 59.000
63.500 58.750
63.250 58.750
63.250 59.000
Building 4 5 0.062
63.250 61.000
63.250 61.250
63.500 61.250
63.500 61.000
Building 4 5 0.062
63.250 61.250
63.250 61.500
63.500 61.500
63.500 61.250
Building 4 5 0.062
63.250 61.500
63.250 61.750
63.500 61.750
63.500 61.500
Building 4 5 0.062
63.250 61.750
63.250 62.000
63.500 62.000
63.500 61.750
Building 4 5 0.062
63.250 62.000
63.250 62.250
63.500 62.250
63.500 62.000
Building 4 5 0.062
63.250 62.250
63.250 62.500
63.500 62.500
63.500 62.250
Building 4 5 0.062
63.250 62.500
63.250 62.750
63.500 62.750
63.500 62.500
Building 4 5 0.062
63.500 63.000
63.500 62.750
63.250 62.750
63.250 63.000
Building 4 5 0.062
63.500 57.000
63.500 57.250
63.750 57.250
63.750 57.000
Building 4 5 0.062
63.500 57.250
63.500 57.500
63.750 57.500
63.750 57.250
Building 4 5 0.062
63.500 57.500
63.500 57.750
63.750 57.750
63.750 57.500
Building 4 5 0.062
63.500 57.750
63.500 58.000
63.750 58.000
63.750 57.750
Building 4 5 0.062
63.500 58.000
63.500 58.250
63.750 58.250
63.750 58.000
Building 4 5 0.062
63.500 58.250
63.500 58.500
63.750 58.500
63.750 58.250
Building 4 5 0.062
63.500 58.500
63.500 58.750
63.750 58.750
63.750 58.500
Building 4 5 0.062
63.750 59.000
63.750 58.750
63.500 58.750
63.500 59.000
Building 4 5 0.062
63.500 61.000
63.500 61.250
63.750 61.250
63.750 61.000
Building 4 5 0.062
63.500 61.250
63.500 61.500
63.750 61.500
63.750 61.250
Building 4 5 0.062
63.500 61.500
63.500 61.750
63.750 61.750
63.750 61.500
Building 4 5 0.062
63.500 61.750
63.500 62.000
63.750 62.000
63.750 61.750
Building 4 5 0.062
63.500 62.000
63.500 62.250
63.750 62.250
63.750 62.000
Building 4 5 0.062
63.500 62.250
63.500 62.500
63.750 62.500
63.750 62.250
Building 4 5 0.062
63.500 62.500
63.500 62.750
63.750 62.750
63.750 62.500
Building 4 5 0.062
63.750 63.000
63.750 62.750
63.500 62.750
63.500 63.000
Building 4 5 0.062
63.750 57.000
63.750 57.250
64.000 57.250
64.000 57.000
Building 4 5 0.062
63.750 57.250
63.750 57.500
64.000 57.500
64.000 57.250
Building 4 5 0.062
63.750 57.500
63.750 57.750
64.000 57.750
64.000 57.500
Building 4 5 0.062
63.750 57.750
63.750 58.000
64.000 58.000
64.000 57.750
Building 4 5 0.062
63.750 58.000
63.750 58.250
64.000 58.250
64.000 58.000
Building 4 5 0.062
63.750 58.250
63.750 58.500
64.000 58.500
64.000 58.250
Building 4 5 0.062
63.750 58.500
63.750 58.750
64.000 58.750
64.000 58.500
Building 4 5 0.062
64.000 59.000
64.000 58.750
63.750 58.750
63.750 59.000
Building 4 5 0.062
63.750 61.000
63.750 61.250
64.000 61.250
64.000 61.000
Building 4 5 0.062
63.750 61.250
63.750 61.500
64.000 61.500
64.000 61.250
Building 4 5 0.062
63.750 61.500
63.750 61.750
64.000 61.750
64.000 61.500
Building 4 5 0.062
63.750 61.750
63.750 62.000
64.000 62.000
64.000 61.750
Building 4 5 0.062
63.750 62.000
63.750 62.250
64.000 62.250
64.000 62.000
Building 4 5 0.062
63.750 62.250
63.750 62.500
64.000 62.500
64.000 62.250
Building 4 5 0.062
63.750 62.500
63.750 62.750
64.000 62.750
64.000 62.500
Building 4 5 0.062
64.000 63.000
64.000 62.750
63.750 62.750
63.750 63.000
Building 4 5 0.062
64.000 57.000
64.000 57.250
64.250 57.250
64.250 57.000
Building 4 5 0.062
64.000 57.250
64.000 57.500
64.250 57.500
64.250 57.250
Building 4 5 0.062
64.000 57.500
64.000 57.750
64.250 57.750
64.250 57.500
Building 4 5 0.062
64.000 57.750
64.000 58.000
64.250 58.000
64.250 57.750
Building 4 5 0.062
64.000 58.000
64.000 58.250
64.250 58.250
64.250 58.000
Building 4 5 0.062
64.000 58.250
64.000 58.500
64.250 58.500
64.250 58.250
Building 4 5 0.062
64.000 58.500
64.000 58.750
64.250 58.750
64.250 58.500
Building 4 5 0.062
64.250 59.000
64.250 58.750
64.000 58.750
64.000 59.000
Building 4 5 0.062
64.000 61.000
64.000 61.250
64.250 61.250
64.250 61.000
Building 4 5 0.062
64.000 61.250
64.000 61.500
64.250 61.500
64.250 61.250
Building 4 5 0.062
64.000 61.500
64.000 61.750
64.250 61.750
64.250 61.500
Building 4 5 0.062
64.000 61.750
64.000 62.000
64.250 62.000
64.250 61.750
Building 4 5 0.062
64.000 62.000
64.000 62.250
64.250 62.250
64.250 62.000
Building 4 5 0.062
64.000 62.250
64.000 62.500
64.250 62.500
64.250 62.250
Building 4 5 0.062
64.000 62.500
64.000 62.750
64.250 62.750
64.250 62.500
Building 4 5 0.062
64.250 63.000
64.250 62.750
64.000 62.750
64.000 63.000
Building 4 5 0.062
64.250 57.000
64.250 57.250
64.500 57.250
64.500 57.000
Building 4 5 0.062
64.250 57.250
64.250 57.500
64.500 57.500
64.500 57.250
Building 4 5 0.062
64.250 57.500
64.250 57.750
64.500 57.750
64.500 57.500
Building 4 5 0.062
64.250 57.750
64.250 58.000
64.500 58.000
64.500 57.750
Building 4 5 0.062
64.250 58.000
64.250 58.250
64.500 58.250
64.500 58.000
Building 4 5 0.062
64.250 58.250
64.250 58.500
64.500 58.500
64.500 58.250
Building 4 5 0.062
64.250 58.500
64.250 58.750
64.500 58.750
64.500 58.500
Building 4 5 0.062
64.500 59.000
64.500 58.750
64.250 58.750
64.250 59.000
Building 4 5 0.062
64.250 61.000
64.250 61.250
64.500 61.250
64.500 61.000
Building 4 5 0.062
64.250 61.250
64.250 61.500
64.500 61.500
64.500 61.250
Building 4 5 0.062
64.250 61.500
64.250 61.750
64.500 61.750
64.500 61.500
Building 4 5 0.062
64.250 61.750
64.250 62.000
64.500 62.000
64.500 61.750
Building 4 5 0.062
64.250 62.000
64.250 62.250
64.500 62.250
64.500 62.000
Building 4 5 0.062
64.250 62.250
64.250 62.500
64.500 62.500
64.500 62.250
Building 4 5 0.062
64.250 62.500
64.250 62.750
64.500 62.750
64.500 62.500
Building 4 5 0.062
64.500 63.000
64.500 62.750
64.250 62.750
64.250 63.000
Building 4 5 0.062
64.500 57.000
64.500 57.250
64.750 57.250
64.750 57.000
Building 4 5 0.062
64.500 57.250
64.500 57.500
64.750 57.500
64.750 57.250
Building 4 5 0.062
64.500 57.500
64.500 57.750
64.750 57.750
64.750 57.500
Building 4 5 0.062
64.500 57.750
64.500 58.000
64.750 58.000
64.750 57.750
Building 4 5 0.062
64.500 58.000
64.500 58.250
64.750 58.250
64.750 58.000
Building 4 5 0.062
64.500 58.250
64.500 58.500
64.750 58.500
64.750 58.250
Building 4 5 0.062
64.500 58.500
64.500 58.750
64.750 58.750
64.750 58.500
Building 4 5 0.062
64.750 59.000
64.750 58.750
64.500 58.750
64.500 59.000
Building 4 5 0.062
64.500 61.000
64.500 61.250
64.750 61.250
64.750 61.000
Building 4 5 0.062
64.500 61.250
64.500 61.500
64.750 61.500
64.750 61.250
Building 4 5 0.062
64.500 61.500
64.500 61.750
64.750 61.750
64.750 61.500
Building 4 5 0.062
64.500 61.750
64.500 62.000
64.750 62.000
64.750 61.750
Building 4 5 0.062
64.500 62.000
64.500 62.250
64.750 62.250
64.750 62.000
Building 4 5 0.062
64.500 62.250
64.500 62.500
64.750 62.500
64.750 62.250
Building 4 5 0.062
64.500 62.500
64.500 62.750
64.750 62.750
64.750 62.500
Building 4 5 0.062
64.750 63.000
64.750 62.750
64.500 62.750
64.500 63.000
Building 4 5 0.062
64.750 57.000
64.750 57.250
65.000 57.250
65.000 57.000
Building 4 5 0.062
64.750 57.250
64.750 57.500
65.000 57.500
65.000 57.250
Building 4 5 0.062
64.750 57.500
64.750 57.750
65.000 57.750
65.000 57.500
Building 4 5 0.062
64.750 57.750
64.750 58.000
65.000 58.000
65.000 57.750
Building 4 5 0.062
64.750 58.000
64.750 58.250
65.000 58.250
65.000 58.000
Building 4 5 0.062
64.750 58.250
64.750 58.500
65.000 58.500
65.000 58.250
Building 4 5 0.062
64.750 58.500
64.750 58.750
65.000 58.750
65.000 58.500
Building 4 5 0.062
65.000 59.000
65.000 58.750
64.750 58.750
64.750 59.000
Building 4 5 0.062
64.750 61.000
64.750 61.250
65.000 61.250
65.000 61.000
Building 4 5 0.062
64.750 61.250
64.750 61.500
65.000 61.500
65.000 61.250
Building 4 5 0.062
64.750 61.500
64.750 61.750
65.000 61.750
65.000 61.500
Building 4 5 0.062
64.750 61.750
64.750 62.000
65.000 62.000
65.000 61.750
Building 4 5 0.062
64.750 62.000
64.750 62.250
65.000 62.250
65.000 62.000
Building 4 5 0.062
64.750 62.250
64.750 62.500
65.000 62.500
65.000 62.250
Building 4 5 0.062
64.750 62.500
64.750 62.750
65.000 62.750
65.000 62.500
Building 4 5 0.062
65.000 63.000
65.000 62.750
64.750 62.750
64.750 63.000
Building 4 5 0.062
65.000 57.000
65.000 57.250
65.250 57.250
65.250 57.000
Building 4 5 0.062
65.000 57.250
65.000 57.500
65.250 57.500
65.250 57.250
Building 4 5 0.062
65.000 57.500
65.000 57.750
65.250 57.750
65.250 57.500
Building 4 5 0.062
65.000 57.750
65.000 58.000
65.250 58.000
65.250 57.750
Building 4 5 0.062
65.000 58.000
65.000 58.250
65.250 58.250
65.250 58.000
Building 4 5 0.062
65.000 58.250
65.000 58.500
65.250 58.500
65.250 58.250
Building 4 5 0.062
65.000 58.500
65.000 58.750
65.250 58.750
65.250 58.500
Building 4 5 0.062
65.250 59.000
65.250 58.750
65.000 58.750
65.000 59.000
Building 4 5 0.062
65.000 59.250
65.250 59.250
65.250 59.000
65.000 59.000
Building 4 5 0.062
65.000 59.500
65.250 59.500
65.250 59.250
65.000 59.250
Building 4 5 0.062
65.000 59.750
65.250 59.750
65.250 59.500
65.000 59.500
Building 4 5 0.062
65.000 60.000
65.250 60.000
65.250 59.750
65.000 59.750
Building 4 5 0.062
65.000 60.250
65.250 60.250
65.250 60.000
65.000 60.000
Building 4 5 0.062
65.000 60.500
65.250 60.500
65.250 60.250
65.000 60.250
Building 4 5 0.062
65.000 60.750
65.250 60.750
65.250 60.500
65.000 60.500
Building 4 5 0.062
65.000 61.000
65.250 61.000
65.250 60.750
65.000 60.750
Building 4 5 0.062
65.000 61.250
65.250 61.250
65.250 61.000
65.000 61.000
Building 4 5 0.062
65.000 61.250
65.000 61.500
65.250 61.500
65.250 61.250
Building 4 5 0.062
65.000 61.500
65.000 61.750
65.250 61.750
65.250 61.500
Building 4 5 0.062
65.000 61.750
65.000 62.000
65.250 62.000
65.250 61.750
Building 4 5 0.062
65.000 62.000
65.000 62.250
65.250 62.250
65.250 62.000
Building 4 5 0.062
65.000 62.250
65.000 62.500
65.250 62.500
65.250 62.250
Building 4 5 0.062
65.000 62.500
65.000 62.750
65.250 62.750
65.250 62.500
Building 4 5 0.062
65.250 63.000
65.250 62.750
65.000 62.750
65.000 63.000
Building 4 5 0.062
65.250 57.000
65.250 57.250
65.500 57.250
65.500 57.000
Building 4 5 0.062
65.250 57.250
65.250 57.500
65.500 57.500
65.500 57.250
Building 4 5 0.062
65.250 57.500
65.250 57.750
65.500 57.750
65.500 57.500
Building 4 5 0.062
65.250 57.750
65.250 58.000
65.500 58.000
65.500 57.750
Building 4 5 0.062
65.250 58.000
65.250 58.250
65.500 58.250
65.500 58.000
Building 4 5 0.062
65.250 58.250
65.250 58.500
65.500 58.500
65.500 58.250
Building 4 5 0.062
65.250 58.500
65.250 58.750
65.500 58.750
65.500 58.500
Building 4 5 0.062
65.250 58.750
65.250 59.000
65.500 59.000
65.500 58.750
Building 4 5 0.062
65.250 59.000
65.250 59.250
65.500 59.250
65.500 59.000
Building 4 5 0.062
65.250 59.250
65.250 59.500
65.500 59.500
65.500 59.250
Building 4 5 0.062
65.250 59.500
65.250 59.750
65.500 59.750
65.500 59.500
Building 4 5 0.062
65.250 59.750
65.250 60.000
65.500 60.000
65.500 59.750
Building 4 5 0.062
65.250 60.000
65.250 60.250
65.500 60.250
65.500 60.000
Building 4 5 0.062
65.250 60.250
65.250 60.500
65.500 60.500
65.500 60.250
Building 4 5 0.062
65.250 60.500
65.250 60.750
65.500 60.750
65.500 60.500
Building 4 5 0.062
65.250 60.750
65.250 61.000
65.500 61.000
65.500 60.750
Building 4 5 0.062
65.250 61.000
65.250 61.250
65.500 61.250
65.500 61.000
Building 4 5 0.062
65.250 61.250
65.250 61.500
65.500 61.500
65.500 61.250
Building 4 5 0.062
65.250 61.500
65.250 61.750
65.500 61.750
65.500 61.500
Building 4 5 0.062
65.250 61.750
65.250 62.000
65.500 62.000
65.500 61.750
Building 4 5 0.062
65.250 62.000
65.250 62.250
65.500 62.250
65.500 62.000
Building 4 5 0.062
65.250 62.250
65.250 62.500
65.500 62.500
65.500 62.250
Building 4 5 0.062
65.250 62.500
65.250 62.750
65.500 62.750
65.500 62.500
Building 4 5 0.062
65.500 63.000
65.500 62.750
65.250 62.750
65.250 63.000
Building 4 5 0.062
65.500 57.000
65.500 57.250
65.750 57.250
65.750 57.000
Building 4 5 0.062
65.500 57.250
65.500 57.500
65.750 57.500
65.750 57.250
Building 4 5 0.062
65.500 57.500
65.500 57.750
65.750 57.750
65.750 57.500
Building 4 5 0.062
65.500 57.750
65.500 58.000
65.750 58.000
65.750 57.750
Building 4 5 0.062
65.500 58.000
65.500 58.250
65.750 58.250
65.750 58.000
Building 4 5 0.062
65.500 58.250
65.500 58.500
65.750 58.500
65.750 58.250
Building 4 5 0.062
65.500 58.500
65.500 58.750
65.750 58.750
65.750 58.500
Building 4 5 0.062
65.500 58.750
65.500 59.000
65.750 59.000
65.750 58.750
Building 4 5 0.062
65.500 59.000
65.500 59.250
65.750 59.250
65.750 59.000
Building 4 5 0.062
65.500 59.250
65.500 59.500
65.750 59.500
65.750 59.250
Building 4 5 0.062
65.500 59.500
65.500 59.750
65.750 59.750
65.750 59.500
Building 4 5 0.062
65.500 59.750
65.500 60.000
65.750 60.000
65.750 59.750
Building 4 5 0.062
65.500 60.000
65.500 60.250
65.750 60.250
65.750 60.000
Building 4 5 0.062
65.500 60.250
65.500 60.500
65.750 60.500
65.750 60.250
Building 4 5 0.062
65.500 60.500
65.500 60.750
65.750 60.750
65.750 60.500
Building 4 5 0.062
65.500 60.750
65.500 61.000
65.750 61.000
65.750 60.750
Building 4 5 0.062
65.500 61.000
65.500 61.250
65.750 61.250
65.750 61.000
Building 4 5 0.062
65.500 61.250
65.500 61.500
65.750 61.500
65.750 61.250
Building 4 5 0.062
65.500 61.500
65.500 61.750
65.750 61.750
65.750 61.500
Building 4 5 0.062
65.500 61.750
65.500 62.000
65.750 62.000
65.750 61.750
Building 4 5 0.062
65.500 62.000
65.500 62.250
65.750 62.250
65.750 62.000
Building 4 5 0.062
65.500 62.250
65.500 62.500
65.750 62.500
65.750 62.250
Building 4 5 0.062
65.500 62.500
65.500 62.750
65.750 62.750
65.750 62.500
Building 4 5 0.062
65.750 63.000
65.750 62.750
65.500 62.750
65.500 63.000
Building 4 5 0.062
65.750 57.000
65.750 57.250
66.000 57.250
66.000 57.000
Building 4 5 0.062
65.750 57.250
65.750 57.500
66.000 57.500
66.000 57.250
Building 4 5 0.062
65.750 57.500
65.750 57.750
66.000 57.750
66.000 57.500
Building 4 5 0.062
65.750 57.750
65.750 58.000
66.000 58.000
66.000 57.750
Building 4 5 0.062
65.750 58.000
65.750 58.250
66.000 58.250
66.000 58.000
Building 4 5 0.062
65.750 58.250
65.750 58.500
66.000 58.500
66.000 58.250
Building 4 5 0.062
65.750 58.500
65.750 58.750
66.000 58.750
66.000 58.500
Building 4 5 0.062
65.750 58.750
65.750 59.000
66.000 59.000
66.000 58.750
Building 4 5 0.062
65.750 59.000
65.750 59.250
66.000 59.250
66.000 59.000
Building 4 5 0.062
65.750 59.250
65.750 59.500
66.000 59.500
66.000 59.250
Building 4 5 0.062
65.750 59.500
65.750 59.750
66.000 59.750
66.000 59.500
Building 4 5 0.062
65.750 59.750
65.750 60.000
66.000 60.000
66.000 59.750
Building 4 5 0.062
65.750 60.000
65.750 60.250
66.000 60.250
66.000 60.000
Building 4 5 0.062
65.750 60.250
65.750 60.500
66.000 60.500
66.000 60.250
Building 4 5 0.062
65.750 60.500
65.750 60.750
66.000 60.750
66.000 60.500
Building 4 5 0.062
65.750 60.750
65.750 61.000
66.000 61.000
66.000 60.750
Building 4 5 0.062
65.750 61.000
65.750 61.250
66.000 61.250
66.000 61.000
Building 4 5 0.062
65.750 61.250
65.750 61.500
66.000 61.500
66.000 61.250
Building 4 5 0.062
65.750 61.500
65.750 61.750
66.000 61.750
66.000 61.500
Building 4 5 0.062
65.750 61.750
65.750 62.000
66.000 62.000
66.000 61.750
Building 4 5 0.062
65.750 62.000
65.750 62.250
66.000 62.250
66.000 62.000
Building 4 5 0.062
65.750 62.250
65.750 62.500
66.000 62.500
66.000 62.250
Building 4 5 0.062
65.750 62.500
65.750 62.750
66.000 62.750
66.000 62.500
Building 4 5 0.062
66.000 63.000
66.000 62.750
65.750 62.750
65.750 63.000
Building 4 5 0.062
66.000 57.000
66.000 57.250
66.250 57.250
66.250 57.000
Building 4 5 0.062
66.000 57.250
66.000 57.500
66.250 57.500
66.250 57.250
Building 4 5 0.062
66.000 57.500
66.000 57.750
66.250 57.750
66.250 57.500
Building 4 5 0.062
66.000 57.750
66.000 58.000
66.250 58.000
66.250 57.750
Building 4 5 0.062
66.000 58.000
66.000 58.250
66.250 58.250
66.250 58.000
Building 4 5 0.062
66.000 58.250
66.000 58.500
66.250 58.500
66.250 58.250
Building 4 5 0.062
66.000 58.500
66.000 58.750
66.250 58.750
66.250 58.500
Building 4 5 0.062
66.000 58.750
66.000 59.000
66.250 59.000
66.250 58.750
Building 4 5 0.062
66.000 59.000
66.000 59.250
66.250 59.250
66.250 59.000
Building 4 5 0.062
66.000 59.250
66.000 59.500
66.250 59.500
66.250 59.250
Building 4 5 0.062
66.000 59.500
66.000 59.750
66.250 59.750
66.250 59.500
Building 4 5 0.062
66.000 59.750
66.000 60.000
66.250 60.000
66.250 59.750
Building 4 5 0.062
66.000 60.000
66.000 60.250
66.250 60.250
66.250 60.000
Building 4 5 0.062
66.000 60.250
66.000 60.500
66.250 60.500
66.250 60.250
Building 4 5 0.062
66.000 60.500
66.000 60.750
66.250 60.750
66.250 60.500
Building 4 5 0.062
66.000 60.750
66.000 61.000
66.250 61.000
66.250 60.750
Building 4 5 0.062
66.000 61.000
66.000 61.250
66.250 61.250
66.250 61.000
Building 4 5 0.062
66.000 61.250
66.000 61.500
66.250 61.500
66.250 61.250
Building 4 5 0.062
66.000 61.500
66.000 61.750
66.250 61.750
66.250 61.500
Building 4 5 0.062
66.000 61.750
66.000 62.000
66.250 62.000
66.250 61.750
Building 4 5 0.062
66.000 62.000
66.000 62.250
66.250 62.250
66.250 62.000
Building 4 5 0.062
66.000 62.250
66.000 62.500
66.250 62.500
66.250 62.250
Building 4 5 0.062
66.000 62.500
66.000 62.750
66.250 62.750
66.250 62.500
Building 4 5 0.062
66.250 63.000
66.250 62.750
66.000 62.750
66.000 63.000
Building 4 5 0.062
66.250 57.000
66.250 57.250
66.500 57.250
66.500 57.000
Building 4 5 0.062
66.250 57.250
66.250 57.500
66.500 57.500
66.500 57.250
Building 4 5 0.062
66.250 57.500
66.250 57.750
66.500 57.750
66.500 57.500
Building 4 5 0.062
66.250 57.750
66.250 58.000
66.500 58.000
66.500 57.750
Building 4 5 0.062
66.250 58.000
66.250 58.250
66.500 58.250
66.500 58.000
Building 4 5 0.062
66.250 58.250
66.250 58.500
66.500 58.500
66.500 58.250
Building 4 5 0.062
66.250 58.500
66.250 58.750
66.500 58.750
66.500 58.500
Building 4 5 0.062
66.250 58.750
66.250 59.000
66.500 59.000
66.500 58.750
Building 4 5 0.062
66.250 59.000
66.250 59.250
66.500 59.250
66.500 59.000
Building 4 5 0.062
66.250 59.250
66.250 59.500
66.500 59.500
66.500 59.250
Building 4 5 0.062
66.250 59.500
66.250 59.750
66.500 59.750
66.500 59.500
Building 4 5 0.062
66.250 59.750
66.250 60.000
66.500 60.000
66.500 59.750
Building 4 5 0.062
66.250 60.000
66.250 60.250
66.500 60.250
66.500 60.000
Building 4 5 0.062
66.250 60.250
66.250 60.500
66.500 60.500
66.500 60.250
Building 4 5 0.062
66.250 60.500
66.250 60.750
66.500 60.750
66.500 60.500
Building 4 5 0.062
66.250 60.750
66.250 61.000
66.500 61.000
66.500 60.750
Building 4 5 0.062
66.250 61.000
66.250 61.250
66.500 61.250
66.500 61.000
Building 4 5 0.062
66.250 61.250
66.250 61.500
66.500 61.500
66.500 61.250
Building 4 5 0.062
66.250 61.500
66.250 61.750
66.500 61.750
66.500 61.500
Building 4 5 0.062
66.250 61.750
66.250 62.000
66.500 62.000
66.500 61.750
Building 4 5 0.062
66.250 62.000
66.250 62.250
66.500 62.250
66.500 62.000
Building 4 5 0.062
66.250 62.250
66.250 62.500
66.500 62.500
66.500 62.250
Building 4 5 0.062
66.250 62.500
66.250 62.750
66.500 62.750
66.500 62.500
Building 4 5 0.062
66.500 63.000
66.500 62.750
66.250 62.750
66.250 63.000
Building 4 5 0.062
66.500 57.000
66.500 57.250
66.750 57.250
66.750 57.000
Building 4 5 0.062
66.500 57.250
66.500 57.500
66.750 57.500
66.750 57.250
Building 4 5 0.062
66.500 57.500
66.500 57.750
66.750 57.750
66.750 57.500
Building 4 5 0.062
66.500 57.750
66.500 58.000
66.750 58.000
66.750 57.750
Building 4 5 0.062
66.500 58.000
66.500 58.250
66.750 58.250
66.750 58.000
Building 4 5 0.062
66.500 58.250
66.500 58.500
66.750 58.500
66.750 58.250
Building 4 5 0.062
66.500 58.500
66.500 58.750
66.750 58.750
66.750 58.500
Building 4 5 0.062
66.500 58.750
66.500 59.000
66.750 59.000
66.750 58.750
Building 4 5 0.062
66.500 59.000
66.500 59.250
66.750 59.250
66.750 59.000
Building 4 5 0.062
66.500 59.250
66.500 59.500
66.750 59.500
66.750 59.250
Building 4 5 0.062
66.500 59.500
66.500 59.750
66.750 59.750
66.750 59.500
Building 4 5 0.062
66.500 59.750
66.500 60.000
66.750 60.000
66.750 59.750
Building 4 5 0.062
66.500 60.000
66.500 60.250
66.750 60.250
66.750 60.000
Building 4 5 0.062
66.500 60.250
66.500 60.500
66.750 60.500
66.750 60.250
Building 4 5 0.062
66.500 60.500
66.500 60.750
66.750 60.750
66.750 60.500
Building 4 5 0.062
66.500 60.750
66.500 61.000
66.750 61.000
66.750 60.750
Building 4 5 0.062
66.500 61.000
66.500 61.250
66.750 61.250
66.750 61.000
Building 4 5 0.062
66.500 61.250
66.500 61.500
66.750 61.500
66.750 61.250
Building 4 5 0.062
66.500 61.500
66.500 61.750
66.750 61.750
66.750 61.500
Building 4 5 0.062
66.500 61.750
66.500 62.000
66.750 62.000
66.750 61.750
Building 4 5 0.062
66.500 62.000
66.500 62.250
66.750 62.250
66.750 62.000
Building 4 5 0.062
66.500 62.250
66.500 62.500
66.750 62.500
66.750 62.250
Building 4 5 0.062
66.500 62.500
66.500 62.750
66.750 62.750
66.750 62.500
Building 4 5 0.062
66.750 63.000
66.750 62.750
66.500 62.750
66.500 63.000
Building 4 5 0.062
67.000 57.000
66.750 57.000
66.750 57.250
67.000 57.250
Building 4 5 0.062
67.000 57.250
66.750 57.250
66.750 57.500
67.000 57.500
Building 4 5 0.062
67.000 57.500
66.750 57.500
66.750 57.750
67.000 57.750
Building 4 5 0.062
67.000 57.750
66.750 57.750
66.750 58.000
67.000 58.000
Building 4 5 0.062
67.000 58.000
66.750 58.000
66.750 58.250
67.000 58.250
Building 4 5 0.062
67.000 58.250
66.750 58.250
66.750 58.500
67.000 58.500
Building 4 5 0.062
67.000 58.500
66.750 58.500
66.750 58.750
67.000 58.750
Building 4 5 0.062
67.000 58.750
66.750 58.750
66.750 59.000
67.000 59.000
Building 4 5 0.062
67.000 59.000
66.750 59.000
66.750 59.250
67.000 59.250
Building 4 5 0.062
67.000 59.250
66.750 59.250
66.750 59.500
67.000 59.500
Building 4 5 0.062
67.000 59.500
66.750 59.500
66.750 59.750
67.000 59.750
Building 4 5 0.062
67.000 59.750
66.750 59.750
66.750 60.000
67.000 60.000
Building 4 5 0.062
67.000 60.000
66.750 60.000
66.750 60.250
67.000 60.250
Building 4 5 0.062
67.000 60.250
66.750 60.250
66.750 60.500
67.000 60.500
Building 4 5 0.062
67.000 60.500
66.750 60.500
66.750 60.750
67.000 60.750
Building 4 5 0.062
67.000 60.750
66.750 60.750
66.750 61.000
67.000 61.000
Building 4 5 0.062
67.000 61.000
66.750 61.000
66.750 61.250
67.000 61.250
Building 4 5 0.062
67.000 61.250
66.750 61.250
66.750 61.500
67.000 61.500
Building 4 5 0.062
67.000 61.500
66.750 61.500
66.750 61.750
67.000 61.750
Building 4 5 0.062
67.000 61.750
66.750 61.750
66.750 62.000
67.000 62.000
Building 4 5 0.062
67.000 62.000
66.750 62.000
66.750 62.250
67.000 62.250
Building 4 5 0.062
67.000 62.250
66.750 62.250
66.750 62.500
67.000 62.500
Building 4 5 0.062
67.000 62.500
66.750 62.500
66.750 62.750
67.000 62.750
Building 4 5 0.062
67.000 63.000
67.000 62.750
66.750 62.750
66.750 63.000
