4416
Building 4 5 0.062
33.000 26.750
33.250 26.750
33.250 26.500
33.000 26.500
Building 4 5 0.062
33.000 27.000
33.250 27.000
33.250 26.750
33.000 26.750
Building 4 5 0.062
33.000 27.250
33.250 27.250
33.250 27.000
33.000 27.000
Building 4 5 0.062
33.000 27.500
33.250 27.500
33.250 27.250
33.000 27.250
Building 4 5 0.062
33.000 27.750
33.250 27.750
33.250 27.500
33.000 27.500
Building 4 5 0.062
33.000 28.000
33.250 28.000
33.250 27.750
33.000 27.750
Building 4 5 0.062
33.000 28.250
33.250 28.250
33.250 28.000
33.000 28.000
Building 4 5 0.062
33.000 28.500
33.250 28.500
33.250 28.250
33.000 28.250
Building 4 5 0.062
33.000 28.750
33.250 28.750
33.250 28.500
33.000 28.500
Building 4 5 0.062
33.000 29.000
33.250 29.000
33.250 28.750
33.000 28.750
Building 4 5 0.062
33.000 29.250
33.250 29.250
33.250 29.000
33.000 29.000
Building 4 5 0.062
33.000 29.500
33.250 29.500
33.250 29.250
33.000 29.250
Building 4 5 0.062
33.000 29.750
33.250 29.750
33.250 29.500
33.000 29.500
Building 4 5 0.062
33.000 30.000
33.250 30.000
33.250 29.750
33.000 29.750
Building 4 5 0.062
33.000 30.250
33.250 30.250
33.250 30.000
33.000 30.000
Building 4 5 0.062
33.000 30.500
33.250 30.500
33.250 30.250
33.000 30.250
Building 4 5 0.062
33.000 30.750
33.250 30.750
33.250 30.500
33.000 30.500
Building 4 5 0.062
33.000 31.000
33.250 31.000
33.250 30.750
33.000 30.750
Building 4 5 0.062
33.000 31.250
33.250 31.250
33.250 31.000
33.000 31.000
Building 4 5 0.062
33.000 31.500
33.250 31.500
33.250 31.250
33.000 31.250
Building 4 5 0.062
33.000 31.750
33.250 31.750
33.250 31.500
33.000 31.500
Building 4 5 0.062
33.000 32.000
33.250 32.000
33.250 31.750
33.000 31.750
Building 4 5 0.062
33.000 32.250
33.250 32.250
33.250 32.000
33.000 32.000
Building 4 5 0.062
33.000 32.500
33.250 32.500
33.250 32.250
33.000 32.250
Building 4 5 0.062
33.000 32.750
33.250 32.750
33.250 32.500
33.000 32.500
Building 4 5 0.062
33.000 33.000
33.250 33.000
33.250 32.750
33.000 32.750
Building 4 5 0.062
33.000 33.250
33.250 33.250
33.250 33.000
33.000 33.000
Building 4 5 0.062
33.000 33.500
33.250 33.500
33.250 33.250
33.000 33.250
Building 4 5 0.062
33.250 26.500
33.250 26.750
33.500 26.750
33.500 26.500
Building 4 5 0.062
33.250 26.750
33.250 27.000
33.500 27.000
33.500 26.750
Building 4 5 0.062
33.250 27.000
33.250 27.250
33.500 27.250
33.500 27.000
Building 4 5 0.062
33.250 27.250
33.250 27.500
33.500 27.500
33.500 27.250
Building 4 5 0.062
33.250 27.500
33.250 27.750
33.500 27.750
33.500 27.500
Building 4 5 0.062
33.250 27.750
33.250 28.000
33.500 28.000
33.500 27.750
Building 4 5 0.062
33.250 28.000
33.250 28.250
33.500 28.250
33.500 28.000
Building 4 5 0.062
33.250 28.250
33.250 28.500
33.500 28.500
33.500 28.250
Building 4 5 0.062
33.250 28.500
33.250 28.750
33.500 28.750
33.500 28.500
Building 4 5 0.062
33.250 28.750
33.250 29.000
33.500 29.000
33.500 28.750
Building 4 5 0.062
33.250 29.000
33.250 29.250
33.500 29.250
33.500 29.000
Building 4 5 0.062
33.250 29.250
33.250 29.500
33.500 29.500
33.500 29.250
Building 4 5 0.062
33.250 29.500
33.250 29.750
33.500 29.750
33.500 29.500
Building 4 5 0.062
33.250 29.750
33.250 30.000
33.500 30.000
33.500 29.750
Building 4 5 0.062
33.250 30.000
33.250 30.250
33.500 30.250
33.500 30.000
Building 4 5 0.062
33.250 30.250
33.250 30.500
33.500 30.500
33.500 30.250
Building 4 5 0.062
33.250 30.500
33.250 30.750
33.500 30.750
33.500 30.500
Building 4 5 0.062
33.250 30.750
33.250 31.000
33.500 31.000
33.500 30.750
Building 4 5 0.062
33.250 31.000
33.250 31.250
33.500 31.250
33.500 31.000
Building 4 5 0.062
33.250 31.250
33.250 31.500
33.500 31.500
33.500 31.250
Building 4 5 0.062
33.250 31.500
33.250 31.750
33.500 31.750
33.500 31.500
Building 4 5 0.062
33.250 31.750
33.250 32.000
33.500 32.000
33.500 31.750
Building 4 5 0.062
33.250 32.000
33.250 32.250
33.500 32.250
33.500 32.000
Building 4 5 0.062
33.250 32.250
33.250 32.500
33.500 32.500
33.500 32.250
Building 4 5 0.062
33.250 32.500
33.250 32.750
33.500 32.750
33.500 32.500
Building 4 5 0.062
33.250 32.750
33.250 33.000
33.500 33.000
33.500 32.750
Building 4 5 0.062
33.250 33.000
33.250 33.250
33.500 33.250
33.500 33.000
Building 4 5 0.062
33.500 33.500
33.500 33.250
33.250 33.250
33.250 33.500
Building 4 5 0.062
33.500 26.500
33.500 26.750
33.750 26.750
33.750 26.500
Building 4 5 0.062
33.500 26.750
33.500 27.000
33.750 27.000
33.750 26.750
Building 4 5 0.062
33.500 27.000
33.500 27.250
33.750 27.250
33.750 27.000
Building 4 5 0.062
33.500 27.250
33.500 27.500
33.750 27.500
33.750 27.250
Building 4 5 0.062
33.500 27.500
33.500 27.750
33.750 27.750
33.750 27.500
Building 4 5 0.062
33.500 27.750
33.500 28.000
33.750 28.000
33.750 27.750
Building 4 5 0.062
33.500 28.000
33.500 28.250
33.750 28.250
33.750 28.000
Building 4 5 0.062
33.500 28.250
33.500 28.500
33.750 28.500
33.750 28.250
Building 4 5 0.062
33.500 28.500
33.500 28.750
33.750 28.750
33.750 28.500
Building 4 5 0.062
33.500 28.750
33.500 29.000
33.750 29.000
33.750 28.750
Building 4 5 0.062
33.500 29.000
33.500 29.250
33.750 29.250
33.750 29.000
Building 4 5 0.062
33.500 29.250
33.500 29.500
33.750 29.500
33.750 29.250
Building 4 5 0.062
33.500 29.500
33.500 29.750
33.750 29.750
33.750 29.500
Building 4 5 0.062
33.500 29.750
33.500 30.000
33.750 30.000
33.750 29.750
Building 4 5 0.062
33.500 30.000
33.500 30.250
33.750 30.250
33.750 30.000
Building 4 5 0.062
33.500 30.250
33.500 30.500
33.750 30.500
33.750 30.250
Building 4 5 0.062
33.500 30.500
33.500 30.750
33.750 30.750
33.750 30.500
Building 4 5 0.062
33.500 30.750
33.500 31.000
33.750 31.000
33.750 30.750
Building 4 5 0.062
33.500 31.000
33.500 31.250
33.750 31.250
33.750 31.000
Building 4 5 0.062
33.500 31.250
33.500 31.500
33.750 31.500
33.750 31.250
Building 4 5 0.062
33.500 31.500
33.500 31.750
33.750 31.750
33.750 31.500
Building 4 5 0.062
33.500 31.750
33.500 32.000
33.750 32.000
33.750 31.750
Building 4 5 0.062
33.500 32.000
33.500 32.250
33.750 32.250
33.750 32.000
Building 4 5 0.062
33.500 32.250
33.500 32.500
33.750 32.500
33.750 32.250
Building 4 5 0.062
33.500 32.500
33.500 32.750
33.750 32.750
33.750 32.500
Building 4 5 0.062
33.500 32.750
33.500 33.000
33.750 33.000
33.750 32.750
Building 4 5 0.062
33.500 33.000
33.500 33.250
33.750 33.250
33.750 33.000
Building 4 5 0.062
33.750 33.500
33.750 33.250
33.500 33.250
33.500 33.500
Building 4 5 0.062
33.750 26.500
33.750 26.750
34.000 26.750
34.000 26.500
Building 4 5 0.062
33.750 26.750
33.750 27.000
34.000 27.000
34.000 26.750
Building 4 5 0.062
33.750 27.000
33.750 27.250
34.000 27.250
34.000 27.000
Building 4 5 0.062
33.750 27.250
33.750 27.500
34.000 27.500
34.000 27.250
Building 4 5 0.062
33.750 27.500
33.750 27.750
34.000 27.750
34.000 27.500
Building 4 5 0.062
33.750 27.750
33.750 28.000
34.000 28.000
34.000 27.750
Building 4 5 0.062
33.750 28.000
33.750 28.250
34.000 28.250
34.000 28.000
Building 4 5 0.062
33.750 28.250
33.750 28.500
34.000 28.500
34.000 28.250
Building 4 5 0.062
33.750 28.500
33.750 28.750
34.000 28.750
34.000 28.500
Building 4 5 0.062
33.750 28.750
33.750 29.000
34.000 29.000
34.000 28.750
Building 4 5 0.062
33.750 29.000
33.750 29.250
34.000 29.250
34.000 29.000
Building 4 5 0.062
33.750 29.250
33.750 29.500
34.000 29.500
34.000 29.250
Building 4 5 0.062
33.750 29.500
33.750 29.750
34.000 29.750
34.000 29.500
Building 4 5 0.062
33.750 29.750
33.750 30.000
34.000 30.000
34.000 29.750
Building 4 5 0.062
33.750 30.000
33.750 30.250
34.000 30.250
34.000 30.000
Building 4 5 0.062
33.750 30.250
33.750 30.500
34.000 30.500
34.000 30.250
Building 4 5 0.062
33.750 30.500
33.750 30.750
34.000 30.750
34.000 30.500
Building 4 5 0.062
33.750 30.750
33.750 31.000
34.000 31.000
34.000 30.750
Building 4 5 0.062
33.750 31.000
33.750 31.250
34.000 31.250
34.000 31.000
Building 4 5 0.062
33.750 31.250
33.750 31.500
34.000 31.500
34.000 31.250
Building 4 5 0.062
33.750 31.500
33.750 31.750
34.000 31.750
34.000 31.500
Building 4 5 0.062
33.750 31.750
33.750 32.000
34.000 32.000
34.000 31.750
Building 4 5 0.062
33.750 32.000
33.750 32.250
34.000 32.250
34.000 32.000
Building 4 5 0.062
33.750 32.250
33.750 32.500
34.000 32.500
34.000 32.250
Building 4 5 0.062
33.750 32.500
33.750 32.750
34.000 32.750
34.000 32.500
Building 4 5 0.062
33.750 32.750
33.750 33.000
34.000 33.000
34.000 32.750
Building 4 5 0.062
33.750 33.000
33.750 33.250
34.000 33.250
34.000 33.000
Building 4 5 0.062
34.000 33.500
34.000 33.250
33.750 33.250
33.750 33.500
Building 4 5 0.062
34.000 26.500
34.000 26.750
34.250 26.750
34.250 26.500
Building 4 5 0.062
34.000 26.750
34.000 27.000
34.250 27.000
34.250 26.750
Building 4 5 0.062
34.000 27.000
34.000 27.250
34.250 27.250
34.250 27.000
Building 4 5 0.062
34.000 27.250
34.000 27.500
34.250 27.500
34.250 27.250
Building 4 5 0.062
34.000 27.500
34.000 27.750
34.250 27.750
34.250 27.500
Building 4 5 0.062
34.000 27.750
34.000 28.000
34.250 28.000
34.250 27.750
Building 4 5 0.062
34.000 28.000
34.000 28.250
34.250 28.250
34.250 28.000
Building 4 5 0.062
34.000 28.250
34.000 28.500
34.250 28.500
34.250 28.250
Building 4 5 0.062
34.000 28.500
34.000 28.750
34.250 28.750
34.250 28.500
Building 4 5 0.062
34.000 28.750
34.000 29.000
34.250 29.000
34.250 28.750
Building 4 5 0.062
34.000 29.000
34.000 29.250
34.250 29.250
34.250 29.000
Building 4 5 0.062
34.000 29.250
34.000 29.500
34.250 29.500
34.250 29.250
Building 4 5 0.062
34.000 29.500
34.000 29.750
34.250 29.750
34.250 29.500
Building 4 5 0.062
34.000 29.750
34.000 30.000
34.250 30.000
34.250 29.750
Building 4 5 0.062
34.000 30.000
34.000 30.250
34.250 30.250
34.250 30.000
Building 4 5 0.062
34.000 30.250
34.000 30.500
34.250 30.500
34.250 30.250
Building 4 5 0.062
34.000 30.500
34.000 30.750
34.250 30.750
34.250 30.500
Building 4 5 0.062
34.000 30.750
34.000 31.000
34.250 31.000
34.250 30.750
Building 4 5 0.062
34.000 31.000
34.000 31.250
34.250 31.250
34.250 31.000
Building 4 5 0.062
34.000 31.250
34.000 31.500
34.250 31.500
34.250 31.250
Building 4 5 0.062
34.000 31.500
34.000 31.750
34.250 31.750
34.250 31.500
Building 4 5 0.062
34.000 31.750
34.000 32.000
34.250 32.000
34.250 31.750
Building 4 5 0.062
34.000 32.000
34.000 32.250
34.250 32.250
34.250 32.000
Building 4 5 0.062
34.000 32.250
34.000 32.500
34.250 32.500
34.250 32.250
Building 4 5 0.062
34.000 32.500
34.000 32.750
34.250 32.750
34.250 32.500
Building 4 5 0.062
34.000 32.750
34.000 33.000
34.250 33.000
34.250 32.750
Building 4 5 0.062
34.000 33.000
34.000 33.250
34.250 33.250
34.250 33.000
Building 4 5 0.062
34.250 33.500
34.250 33.250
34.000 33.250
34.000 33.500
Building 4 5 0.062
34.250 26.500
34.250 26.750
34.500 26.750
34.500 26.500
Building 4 5 0.062
34.250 26.750
34.250 27.000
34.500 27.000
34.500 26.750
Building 4 5 0.062
34.250 27.000
34.250 27.250
34.500 27.250
34.500 27.000
Building 4 5 0.062
34.250 27.250
34.250 27.500
34.500 27.500
34.500 27.250
Building 4 5 0.062
34.250 27.500
34.250 27.750
34.500 27.750
34.500 27.500
Building 4 5 0.062
34.250 27.750
34.250 28.000
34.500 28.000
34.500 27.750
Building 4 5 0.062
34.250 28.000
34.250 28.250
34.500 28.250
34.500 28.000
Building 4 5 0.062
34.250 28.250
34.250 28.500
34.500 28.500
34.500 28.250
Building 4 5 0.062
34.250 28.500
34.250 28.750
34.500 28.750
34.500 28.500
Building 4 5 0.062
34.250 28.750
34.250 29.000
34.500 29.000
34.500 28.750
Building 4 5 0.062
34.250 29.000
34.250 29.250
34.500 29.250
34.500 29.000
Building 4 5 0.062
34.250 29.250
34.250 29.500
34.500 29.500
34.500 29.250
Building 4 5 0.062
34.250 29.500
34.250 29.750
34.500 29.750
34.500 29.500
Building 4 5 0.062
34.250 29.750
34.250 30.000
34.500 30.000
34.500 29.750
Building 4 5 0.062
34.250 30.000
34.250 30.250
34.500 30.250
34.500 30.000
Building 4 5 0.062
34.250 30.250
34.250 30.500
34.500 30.500
34.500 30.250
Building 4 5 0.062
34.250 30.500
34.250 30.750
34.500 30.750
34.500 30.500
Building 4 5 0.062
34.250 30.750
34.250 31.000
34.500 31.000
34.500 30.750
Building 4 5 0.062
34.250 31.000
34.250 31.250
34.500 31.250
34.500 31.000
Building 4 5 0.062
34.250 31.250
34.250 31.500
34.500 31.500
34.500 31.250
Building 4 5 0.062
34.250 31.500
34.250 31.750
34.500 31.750
34.500 31.500
Building 4 5 0.062
34.250 31.750
34.250 32.000
34.500 32.000
34.500 31.750
Building 4 5 0.062
34.250 32.000
34.250 32.250
34.500 32.250
34.500 32.000
Building 4 5 0.062
34.250 32.250
34.250 32.500
34.500 32.500
34.500 32.250
Building 4 5 0.062
34.250 32.500
34.250 32.750
34.500 32.750
34.500 32.500
Building 4 5 0.062
34.250 32.750
34.250 33.000
34.500 33.000
34.500 32.750
Building 4 5 0.062
34.250 33.000
34.250 33.250
34.500 33.250
34.500 33.000
Building 4 5 0.062
34.500 33.500
34.500 33.250
34.250 33.250
34.250 33.500
Building 4 5 0.062
34.500 26.500
34.500 26.750
34.750 26.750
34.750 26.500
Building 4 5 0.062
34.500 26.750
34.500 27.000
34.750 27.000
34.750 26.750
Building 4 5 0.062
34.500 27.000
34.500 27.250
34.750 27.250
34.750 27.000
Building 4 5 0.062
34.500 27.250
34.500 27.500
34.750 27.500
34.750 27.250
Building 4 5 0.062
34.500 27.500
34.500 27.750
34.750 27.750
34.750 27.500
Building 4 5 0.062
34.500 27.750
34.500 28.000
34.750 28.000
34.750 27.750
Building 4 5 0.062
34.500 28.000
34.500 28.250
34.750 28.250
34.750 28.000
Building 4 5 0.062
34.500 28.250
34.500 28.500
34.750 28.500
34.750 28.250
Building 4 5 0.062
34.500 28.500
34.500 28.750
34.750 28.750
34.750 28.500
Building 4 5 0.062
34.500 28.750
34.500 29.000
34.750 29.000
34.750 28.750
Building 4 5 0.062
34.500 29.000
34.500 29.250
34.750 29.250
34.750 29.000
Building 4 5 0.062
34.500 29.250
34.500 29.500
34.750 29.500
34.750 29.250
Building 4 5 0.062
34.500 29.500
34.500 29.750
34.750 29.750
34.750 29.500
Building 4 5 0.062
34.500 29.750
34.500 30.000
34.750 30.000
34.750 29.750
Building 4 5 0.062
34.500 30.000
34.500 30.250
34.750 30.250
34.750 30.000
Building 4 5 0.062
34.500 30.250
34.500 30.500
34.750 30.500
34.750 30.250
Building 4 5 0.062
34.500 30.500
34.500 30.750
34.750 30.750
34.750 30.500
Building 4 5 0.062
34.500 30.750
34.500 31.000
34.750 31.000
34.750 30.750
Building 4 5 0.062
34.500 31.000
34.500 31.250
34.750 31.250
34.750 31.000
Building 4 5 0.062
34.500 31.250
34.500 31.500
34.750 31.500
34.750 31.250
Building 4 5 0.062
34.500 31.500
34.500 31.750
34.750 31.750
34.750 31.500
Building 4 5 0.062
34.500 31.750
34.500 32.000
34.750 32.000
34.750 31.750
Building 4 5 0.062
34.500 32.000
34.500 32.250
34.750 32.250
34.750 32.000
Building 4 5 0.062
34.500 32.250
34.500 32.500
34.750 32.500
34.750 32.250
Building 4 5 0.062
34.500 32.500
34.500 32.750
34.750 32.750
34.750 32.500
Building 4 5 0.062
34.500 32.750
34.500 33.000
34.750 33.000
34.750 32.750
Building 4 5 0.062
34.500 33.000
34.500 33.250
34.750 33.250
34.750 33.000
Building 4 5 0.062
34.750 33.500
34.750 33.250
34.500 33.250
34.500 33.500
Building 4 5 0.062
34.750 26.500
34.750 26.750
35.000 26.750
35.000 26.500
Building 4 5 0.062
34.750 26.750
34.750 27.000
35.000 27.000
35.000 26.750
Building 4 5 0.062
34.750 27.000
34.750 27.250
35.000 27.250
35.000 27.000
Building 4 5 0.062
34.750 27.250
34.750 27.500
35.000 27.500
35.000 27.250
Building 4 5 0.062
34.750 27.500
34.750 27.750
35.000 27.750
35.000 27.500
Building 4 5 0.062
34.750 27.750
34.750 28.000
35.000 28.000
35.000 27.750
Building 4 5 0.062
34.750 28.000
34.750 28.250
35.000 28.250
35.000 28.000
Building 4 5 0.062
35.000 28.250
34.750 28.250
34.750 28.500
35.000 28.500
Building 4 5 0.062
35.000 28.500
34.750 28.500
34.750 28.750
35.000 28.750
Building 4 5 0.062
35.000 28.750
34.750 28.750
34.750 29.000
35.000 29.000
Building 4 5 0.062
35.000 29.000
34.750 29.000
34.750 29.250
35.000 29.250
Building 4 5 0.062
35.000 29.250
34.750 29.250
34.750 29.500
35.000 29.500
Building 4 5 0.062
35.000 29.500
34.750 29.500
34.750 29.750
35.000 29.750
Building 4 5 0.062
35.000 29.750
34.750 29.750
34.750 30.000
35.000 30.000
Building 4 5 0.062
35.000 30.000
34.750 30.000
34.750 30.250
35.000 30.250
Building 4 5 0.062
35.000 30.250
34.750 30.250
34.750 30.500
35.000 30.500
Building 4 5 0.062
35.000 30.500
34.750 30.500
34.750 30.750
35.000 30.750
Building 4 5 0.062
35.000 30.750
34.750 30.750
34.750 31.000
35.000 31.000
Building 4 5 0.062
35.000 31.000
34.750 31.000
34.750 31.250
35.000 31.250
Building 4 5 0.062
35.000 31.250
34.750 31.250
34.750 31.500
35.000 31.500
Building 4 5 0.062
34.750 31.500
34.750 31.750
35.000 31.750
35.000 31.500
Building 4 5 0.062
34.750 31.750
34.750 32.000
35.000 32.000
35.000 31.750
Building 4 5 0.062
34.750 32.000
34.750 32.250
35.000 32.250
35.000 32.000
Building 4 5 0.062
34.750 32.250
34.750 32.500
35.000 32.500
35.000 32.250
Building 4 5 0.062
34.750 32.500
34.750 32.750
35.000 32.750
35.000 32.500
Building 4 5 0.062
34.750 32.750
34.750 33.000
35.000 33.000
35.000 32.750
Building 4 5 0.062
34.750 33.000
34.750 33.250
35.000 33.250
35.000 33.000
Building 4 5 0.062
35.000 33.500
35.000 33.250
34.750 33.250
34.750 33.500
Building 4 5 0.062
35.000 26.500
35.000 26.750
35.250 26.750
35.250 26.500
Building 4 5 0.062
35.000 26.750
35.000 27.000
35.250 27.000
35.250 26.750
Building 4 5 0.062
35.000 27.000
35.000 27.250
35.250 27.250
35.250 27.000
Building 4 5 0.062
35.000 27.250
35.000 27.500
35.250 27.500
35.250 27.250
Building 4 5 0.062
35.000 27.500
35.000 27.750
35.250 27.750
35.250 27.500
Building 4 5 0.062
35.000 27.750
35.000 28.000
35.250 28.000
35.250 27.750
Building 4 5 0.062
35.000 28.000
35.000 28.250
35.250 28.250
35.250 28.000
Building 4 5 0.062
35.250 28.500
35.250 28.250
35.000 28.250
35.000 28.500
Building 4 5 0.062
35.000 31.500
35.000 31.750
35.250 31.750
35.250 31.500
Building 4 5 0.062
35.000 31.750
35.000 32.000
35.250 32.000
35.250 31.750
Building 4 5 0.062
35.000 32.000
35.000 32.250
35.250 32.250
35.250 32.000
Building 4 5 0.062
35.000 32.250
35.000 32.500
35.250 32.500
35.250 32.250
Building 4 5 0.062
35.000 32.500
35.000 32.750
35.250 32.750
35.250 32.500
Building 4 5 0.062
35.000 32.750
35.000 33.000
35.250 33.000
35.250 32.750
Building 4 5 0.062
35.000 33.000
35.000 33.250
35.250 33.250
35.250 33.000
Building 4 5 0.062
35.250 33.500
35.250 33.250
35.000 33.250
35.000 33.500
Building 4 5 0.062
35.250 26.500
35.250 26.750
35.500 26.750
35.500 26.500
Building 4 5 0.062
35.250 26.750
35.250 27.000
35.500 27.000
35.500 26.750
Building 4 5 0.062
35.250 27.000
35.250 27.250
35.500 27.250
35.500 27.000
Building 4 5 0.062
35.250 27.250
35.250 27.500
35.500 27.500
35.500 27.250
Building 4 5 0.062
35.250 27.500
35.250 27.750
35.500 27.750
35.500 27.500
Building 4 5 0.062
35.250 27.750
35.250 28.000
35.500 28.000
35.500 27.750
Building 4 5 0.062
35.250 28.000
35.250 28.250
35.500 28.250
35.500 28.000
Building 4 5 0.062
35.500 28.500
35.500 28.250
35.250 28.250
35.250 28.500
Building 4 5 0.062
35.250 31.500
35.250 31.750
35.500 31.750
35.500 31.500
Building 4 5 0.062
35.250 31.750
35.250 32.000
35.500 32.000
35.500 31.750
Building 4 5 0.062
35.250 32.000
35.250 32.250
35.500 32.250
35.500 32.000
Building 4 5 0.062
35.250 32.250
35.250 32.500
35.500 32.500
35.500 32.250
Building 4 5 0.062
35.250 32.500
35.250 32.750
35.500 32.750
35.500 32.500
Building 4 5 0.062
35.250 32.750
35.250 33.000
35.500 33.000
35.500 32.750
Building 4 5 0.062
35.250 33.000
35.250 33.250
35.500 33.250
35.500 33.000
Building 4 5 0.062
35.500 33.500
35.500 33.250
35.250 33.250
35.250 33.500
Building 4 5 0.062
35.500 26.500
35.500 26.750
35.750 26.750
35.750 26.500
Building 4 5 0.062
35.500 26.750
35.500 27.000
35.750 27.000
35.750 26.750
Building 4 5 0.062
35.500 27.000
35.500 27.250
35.750 27.250
35.750 27.000
Building 4 5 0.062
35.500 27.250
35.500 27.500
35.750 27.500
35.750 27.250
Building 4 5 0.062
35.500 27.500
35.500 27.750
35.750 27.750
35.750 27.500
Building 4 5 0.062
35.500 27.750
35.500 28.000
35.750 28.000
35.750 27.750
Building 4 5 0.062
35.500 28.000
35.500 28.250
35.750 28.250
35.750 28.000
Building 4 5 0.062
35.750 28.500
35.750 28.250
35.500 28.250
35.500 28.500
Building 4 5 0.062
35.500 31.500
35.500 31.750
35.750 31.750
35.750 31.500
Building 4 5 0.062
35.500 31.750
35.500 32.000
35.750 32.000
35.750 31.750
Building 4 5 0.062
35.500 32.000
35.500 32.250
35.750 32.250
35.750 32.000
Building 4 5 0.062
35.500 32.250
35.500 32.500
35.750 32.500
35.750 32.250
Building 4 5 0.062
35.500 32.500
35.500 32.750
35.750 32.750
35.750 32.500
Building 4 5 0.062
35.500 32.750
35.500 33.000
35.750 33.000
35.750 32.750
Building 4 5 0.062
35.500 33.000
35.500 33.250
35.750 33.250
35.750 33.000
Building 4 5 0.062
35.750 33.500
35.750 33.250
35.500 33.250
35.500 33.500
Building 4 5 0.062
35.750 26.500
35.750 26.750
36.000 26.750
36.000 26.500
Building 4 5 0.062
35.750 26.750
35.750 27.000
36.000 27.000
36.000 26.750
Building 4 5 0.062
35.750 27.000
35.750 27.250
36.000 27.250
36.000 27.000
Building 4 5 0.062
35.750 27.250
35.750 27.500
36.000 27.500
36.000 27.250
Building 4 5 0.062
35.750 27.500
35.750 27.750
36.000 27.750
36.000 27.500
Building 4 5 0.062
35.750 27.750
35.750 28.000
36.000 28.000
36.000 27.750
Building 4 5 0.062
35.750 28.000
35.750 28.250
36.000 28.250
36.000 28.000
Building 4 5 0.062
36.000 28.500
36.000 28.250
35.750 28.250
35.750 28.500
Building 4 5 0.062
35.750 31.500
35.750 31.750
36.000 31.750
36.000 31.500
Building 4 5 0.062
35.750 31.750
35.750 32.000
36.000 32.000
36.000 31.750
Building 4 5 0.062
35.750 32.000
35.750 32.250
36.000 32.250
36.000 32.000
Building 4 5 0.062
35.750 32.250
35.750 32.500
36.000 32.500
36.000 32.250
Building 4 5 0.062
35.750 32.500
35.750 32.750
36.000 32.750
36.000 32.500
Building 4 5 0.062
35.750 32.750
35.750 33.000
36.000 33.000
36.000 32.750
Building 4 5 0.062
35.750 33.000
35.750 33.250
36.000 33.250
36.000 33.000
Building 4 5 0.062
36.000 33.500
36.000 33.250
35.750 33.250
35.750 33.500
Building 4 5 0.062
36.000 26.500
36.000 26.750
36.250 26.750
36.250 26.500
Building 4 5 0.062
36.000 26.750
36.000 27.000
36.250 27.000
36.250 26.750
Building 4 5 0.062
36.000 27.000
36.000 27.250
36.250 27.250
36.250 27.000
Building 4 5 0.062
36.000 27.250
36.000 27.500
36.250 27.500
36.250 27.250
Building 4 5 0.062
36.000 27.500
36.000 27.750
36.250 27.750
36.250 27.500
Building 4 5 0.062
36.000 27.750
36.000 28.000
36.250 28.000
36.250 27.750
Building 4 5 0.062
36.000 28.000
36.000 28.250
36.250 28.250
36.250 28.000
Building 4 5 0.062
36.250 28.500
36.250 28.250
36.000 28.250
36.000 28.500
Building 4 5 0.062
36.000 31.500
36.000 31.750
36.250 31.750
36.250 31.500
Building 4 5 0.062
36.000 31.750
36.000 32.000
36.250 32.000
36.250 31.750
Building 4 5 0.062
36.000 32.000
36.000 32.250
36.250 32.250
36.250 32.000
Building 4 5 0.062
36.000 32.250
36.000 32.500
36.250 32.500
36.250 32.250
Building 4 5 0.062
36.000 32.500
36.000 32.750
36.250 32.750
36.250 32.500
Building 4 5 0.062
36.000 32.750
36.000 33.000
36.250 33.000
36.250 32.750
Building 4 5 0.062
36.000 33.000
36.000 33.250
36.250 33.250
36.250 33.000
Building 4 5 0.062
36.250 33.500
36.250 33.250
36.000 33.250
36.000 33.500
Building 4 5 0.062
36.250 26.500
36.250 26.750
36.500 26.750
36.500 26.500
Building 4 5 0.062
36.250 26.750
36.250 27.000
36.500 27.000
36.500 26.750
Building 4 5 0.062
36.250 27.000
36.250 27.250
36.500 27.250
36.500 27.000
Building 4 5 0.062
36.250 27.250
36.250 27.500
36.500 27.500
36.500 27.250
Building 4 5 0.062
36.250 27.500
36.250 27.750
36.500 27.750
36.500 27.500
Building 4 5 0.062
36.250 27.750
36.250 28.000
36.500 28.000
36.500 27.750
Building 4 5 0.062
36.250 28.000
36.250 28.250
36.500 28.250
36.500 28.000
Building 4 5 0.062
36.500 28.500
36.500 28.250
36.250 28.250
36.250 28.500
Building 4 5 0.062
36.250 31.500
36.250 31.750
36.500 31.750
36.500 31.500
Building 4 5 0.062
36.250 31.750
36.250 32.000
36.500 32.000
36.500 31.750
Building 4 5 0.062
36.250 32.000
36.250 32.250
36.500 32.250
36.500 32.000
Building 4 5 0.062
36.250 32.250
36.250 32.500
36.500 32.500
36.500 32.250
Building 4 5 0.062
36.250 32.500
36.250 32.750
36.500 32.750
36.500 32.500
Building 4 5 0.062
36.250 32.750
36.250 33.000
36.500 33.000
36.500 32.750
Building 4 5 0.062
36.250 33.000
36.250 33.250
36.500 33.250
36.500 33.000
Building 4 5 0.062
36.500 33.500
36.500 33.250
36.250 33.250
36.250 33.500
Building 4 5 0.062
36.500 26.500
36.500 26.750
36.750 26.750
36.750 26.500
Building 4 5 0.062
36.500 26.750
36.500 27.000
36.750 27.000
36.750 26.750
Building 4 5 0.062
36.500 27.000
36.500 27.250
36.750 27.250
36.750 27.000
Building 4 5 0.062
36.500 27.250
36.500 27.500
36.750 27.500
36.750 27.250
Building 4 5 0.062
36.500 27.500
36.500 27.750
36.750 27.750
36.750 27.500
Building 4 5 0.062
36.500 27.750
36.500 28.000
36.750 28.000
36.750 27.750
Building 4 5 0.062
36.500 28.000
36.500 28.250
36.750 28.250
36.750 28.000
Building 4 5 0.062
36.750 28.500
36.750 28.250
36.500 28.250
36.500 28.500
Building 4 5 0.062
36.500 31.500
36.500 31.750
36.750 31.750
36.750 31.500
Building 4 5 0.062
36.500 31.750
36.500 32.000
36.750 32.000
36.750 31.750
Building 4 5 0.062
36.500 32.000
36.500 32.250
36.750 32.250
36.750 32.000
Building 4 5 0.062
36.500 32.250
36.500 32.500
36.750 32.500
36.750 32.250
Building 4 5 0.062
36.500 32.500
36.500 32.750
36.750 32.750
36.750 32.500
Building 4 5 0.062
36.500 32.750
36.500 33.000
36.750 33.000
36.750 32.750
Building 4 5 0.062
36.500 33.000
36.500 33.250
36.750 33.250
36.750 33.000
Building 4 5 0.062
36.750 33.500
36.750 33.250
36.500 33.250
36.500 33.500
Building 4 5 0.062
36.750 26.500
36.750 26.750
37.000 26.750
37.000 26.500
Building 4 5 0.062
36.750 26.750
36.750 27.000
37.000 27.000
37.000 26.750
Building 4 5 0.062
36.750 27.000
36.750 27.250
37.000 27.250
37.000 27.000
Building 4 5 0.062
36.750 27.250
36.750 27.500
37.000 27.500
37.000 27.250
Building 4 5 0.062
36.750 27.500
36.750 27.750
37.000 27.750
37.000 27.500
Building 4 5 0.062
36.750 27.750
36.750 28.000
37.000 28.000
37.000 27.750
Building 4 5 0.062
36.750 28.000
36.750 28.250
37.000 28.250
37.000 28.000
Building 4 5 0.062
37.000 28.500
37.000 28.250
36.750 28.250
36.750 28.500
Building 4 5 0.062
36.750 31.500
36.750 31.750
37.000 31.750
37.000 31.500
Building 4 5 0.062
36.750 31.750
36.750 32.000
37.000 32.000
37.000 31.750
Building 4 5 0.062
36.750 32.000
36.750 32.250
37.000 32.250
37.000 32.000
Building 4 5 0.062
36.750 32.250
36.750 32.500
37.000 32.500
37.000 32.250
Building 4 5 0.062
36.750 32.500
36.750 32.750
37.000 32.750
37.000 32.500
Building 4 5 0.062
36.750 32.750
36.750 33.000
37.000 33.000
37.000 32.750
Building 4 5 0.062
36.750 33.000
36.750 33.250
37.000 33.250
37.000 33.000
Building 4 5 0.062
37.000 33.500
37.000 33.250
36.750 33.250
36.750 33.500
Building 4 5 0.062
37.000 26.500
37.000 26.750
37.250 26.750
37.250 26.500
Building 4 5 0.062
37.000 26.750
37.000 27.000
37.250 27.000
37.250 26.750
Building 4 5 0.062
37.000 27.000
37.000 27.250
37.250 27.250
37.250 27.000
Building 4 5 0.062
37.000 27.250
37.000 27.500
37.250 27.500
37.250 27.250
Building 4 5 0.062
37.000 27.500
37.000 27.750
37.250 27.750
37.250 27.500
Building 4 5 0.062
37.000 27.750
37.000 28.000
37.250 28.000
37.250 27.750
Building 4 5 0.062
37.000 28.000
37.000 28.250
37.250 28.250
37.250 28.000
Building 4 5 0.062
37.250 28.500
37.250 28.250
37.000 28.250
37.000 28.500
Building 4 5 0.062
37.000 31.500
37.000 31.750
37.250 31.750
37.250 31.500
Building 4 5 0.062
37.000 31.750
37.000 32.000
37.250 32.000
37.250 31.750
Building 4 5 0.062
37.000 32.000
37.000 32.250
37.250 32.250
37.250 32.000
Building 4 5 0.062
37.000 32.250
37.000 32.500
37.250 32.500
37.250 32.250
Building 4 5 0.062
37.000 32.500
37.000 32.750
37.250 32.750
37.250 32.500
Building 4 5 0.062
37.000 32.750
37.000 33.000
37.250 33.000
37.250 32.750
Building 4 5 0.062
37.000 33.000
37.000 33.250
37.250 33.250
37.250 33.000
Building 4 5 0.062
37.250 33.500
37.250 33.250
37.000 33.250
37.000 33.500
Building 4 5 0.062
37.250 26.500
37.250 26.750
37.500 26.750
37.500 26.500
Building 4 5 0.062
37.250 26.750
37.250 27.000
37.500 27.000
37.500 26.750
Building 4 5 0.062
37.250 27.000
37.250 27.250
37.500 27.250
37.500 27.000
Building 4 5 0.062
37.250 27.250
37.250 27.500
37.500 27.500
37.500 27.250
Building 4 5 0.062
37.250 27.500
37.250 27.750
37.500 27.750
37.500 27.500
Building 4 5 0.062
37.250 27.750
37.250 28.000
37.500 28.000
37.500 27.750
Building 4 5 0.062
37.250 28.000
37.250 28.250
37.500 28.250
37.500 28.000
Building 4 5 0.062
37.500 28.500
37.500 28.250
37.250 28.250
37.250 28.500
Building 4 5 0.062
37.250 31.500
37.250 31.750
37.500 31.750
37.500 31.500
Building 4 5 0.062
37.250 31.750
37.250 32.000
37.500 32.000
37.500 31.750
Building 4 5 0.062
37.250 32.000
37.250 32.250
37.500 32.250
37.500 32.000
Building 4 5 0.062
37.250 32.250
37.250 32.500
37.500 32.500
37.500 32.250
Building 4 5 0.062
37.250 32.500
37.250 32.750
37.500 32.750
37.500 32.500
Building 4 5 0.062
37.250 32.750
37.250 33.000
37.500 33.000
37.500 32.750
Building 4 5 0.062
37.250 33.000
37.250 33.250
37.500 33.250
37.500 33.000
Building 4 5 0.062
37.500 33.500
37.500 33.250
37.250 33.250
37.250 33.500
Building 4 5 0.062
37.500 26.500
37.500 26.750
37.750 26.750
37.750 26.500
Building 4 5 0.062
37.500 26.750
37.500 27.000
37.750 27.000
37.750 26.750
Building 4 5 0.062
37.500 27.000
37.500 27.250
37.750 27.250
37.750 27.000
Building 4 5 0.062
37.500 27.250
37.500 27.500
37.750 27.500
37.750 27.250
Building 4 5 0.062
37.500 27.500
37.500 27.750
37.750 27.750
37.750 27.500
Building 4 5 0.062
37.500 27.750
37.500 28.000
37.750 28.000
37.750 27.750
Building 4 5 0.062
37.500 28.000
37.500 28.250
37.750 28.250
37.750 28.000
Building 4 5 0.062
37.750 28.500
37.750 28.250
37.500 28.250
37.500 28.500
Building 4 5 0.062
37.500 31.500
37.500 31.750
37.750 31.750
37.750 31.500
Building 4 5 0.062
37.500 31.750
37.500 32.000
37.750 32.000
37.750 31.750
Building 4 5 0.062
37.500 32.000
37.500 32.250
37.750 32.250
37.750 32.000
Building 4 5 0.062
37.500 32.250
37.500 32.500
37.750 32.500
37.750 32.250
Building 4 5 0.062
37.500 32.500
37.500 32.750
37.750 32.750
37.750 32.500
Building 4 5 0.062
37.500 32.750
37.500 33.000
37.750 33.000
37.750 32.750
Building 4 5 0.062
37.500 33.000
37.500 33.250
37.750 33.250
37.750 33.000
Building 4 5 0.062
37.750 33.500
37.750 33.250
37.500 33.250
37.500 33.500
Building 4 5 0.062
37.750 26.500
37.750 26.750
38.000 26.750
38.000 26.500
Building 4 5 0.062
37.750 26.750
37.750 27.000
38.000 27.000
38.000 26.750
Building 4 5 0.062
37.750 27.000
37.750 27.250
38.000 27.250
38.000 27.000
Building 4 5 0.062
37.750 27.250
37.750 27.500
38.000 27.500
38.000 27.250
Building 4 5 0.062
37.750 27.500
37.750 27.750
38.000 27.750
38.000 27.500
Building 4 5 0.062
37.750 27.750
37.750 28.000
38.000 28.000
38.000 27.750
Building 4 5 0.062
37.750 28.000
37.750 28.250
38.000 28.250
38.000 28.000
Building 4 5 0.062
38.000 28.500
38.000 28.250
37.750 28.250
37.750 28.500
Building 4 5 0.062
37.750 31.500
37.750 31.750
38.000 31.750
38.000 31.500
Building 4 5 0.062
37.750 31.750
37.750 32.000
38.000 32.000
38.000 31.750
Building 4 5 0.062
37.750 32.000
37.750 32.250
38.000 32.250
38.000 32.000
Building 4 5 0.062
37.750 32.250
37.750 32.500
38.000 32.500
38.000 32.250
Building 4 5 0.062
37.750 32.500
37.750 32.750
38.000 32.750
38.000 32.500
Building 4 5 0.062
37.750 32.750
37.750 33.000
38.000 33.000
38.000 32.750
Building 4 5 0.062
37.750 33.000
37.750 33.250
38.000 33.250
38.000 33.000
Building 4 5 0.062
38.000 33.500
38.000 33.250
37.750 33.250
37.750 33.500
Building 4 5 0.062
38.000 26.500
38.000 26.750
38.250 26.750
38.250 26.500
Building 4 5 0.062
38.000 26.750
38.000 27.000
38.250 27.000
38.250 26.750
Building 4 5 0.062
38.000 27.000
38.000 27.250
38.250 27.250
38.250 27.000
Building 4 5 0.062
38.000 27.250
38.000 27.500
38.250 27.500
38.250 27.250
Building 4 5 0.062
38.000 27.500
38.000 27.750
38.250 27.750
38.250 27.500
Building 4 5 0.062
38.000 27.750
38.000 28.000
38.250 28.000
38.250 27.750
Building 4 5 0.062
38.000 28.000
38.000 28.250
38.250 28.250
38.250 28.000
Building 4 5 0.062
38.250 28.500
38.250 28.250
38.000 28.250
38.000 28.500
Building 4 5 0.062
38.000 31.500
38.000 31.750
38.250 31.750
38.250 31.500
Building 4 5 0.062
38.000 31.750
38.000 32.000
38.250 32.000
38.250 31.750
Building 4 5 0.062
38.000 32.000
38.000 32.250
38.250 32.250
38.250 32.000
Building 4 5 0.062
38.000 32.250
38.000 32.500
38.250 32.500
38.250 32.250
Building 4 5 0.062
38.000 32.500
38.000 32.750
38.250 32.750
38.250 32.500
Building 4 5 0.062
38.000 32.750
38.000 33.000
38.250 33.000
38.250 32.750
Building 4 5 0.062
38.000 33.000
38.000 33.250
38.250 33.250
38.250 33.000
Building 4 5 0.062
38.250 33.500
38.250 33.250
38.000 33.250
38.000 33.500
Building 4 5 0.062
38.250 26.500
38.250 26.750
38.500 26.750
38.500 26.500
Building 4 5 0.062
38.250 26.750
38.250 27.000
38.500 27.000
38.500 26.750
Building 4 5 0.062
38.250 27.000
38.250 27.250
38.500 27.250
38.500 27.000
Building 4 5 0.062
38.250 27.250
38.250 27.500
38.500 27.500
38.500 27.250
Building 4 5 0.062
38.250 27.500
38.250 27.750
38.500 27.750
38.500 27.500
Building 4 5 0.062
38.250 27.750
38.250 28.000
38.500 28.000
38.500 27.750
Building 4 5 0.062
38.250 28.000
38.250 28.250
38.500 28.250
38.500 28.000
Building 4 5 0.062
38.500 28.500
38.500 28.250
38.250 28.250
38.250 28.500
Building 4 5 0.062
38.250 31.500
38.250 31.750
38.500 31.750
38.500 31.500
Building 4 5 0.062
38.250 31.750
38.250 32.000
38.500 32.000
38.500 31.750
Building 4 5 0.062
38.250 32.000
38.250 32.250
38.500 32.250
38.500 32.000
Building 4 5 0.062
38.250 32.250
38.250 32.500
38.500 32.500
38.500 32.250
Building 4 5 0.062
38.250 32.500
38.250 32.750
38.500 32.750
38.500 32.500
Building 4 5 0.062
38.250 32.750
38.250 33.000
38.500 33.000
38.500 32.750
Building 4 5 0.062
38.250 33.000
38.250 33.250
38.500 33.250
38.500 33.000
Building 4 5 0.062
38.500 33.500
38.500 33.250
38.250 33.250
38.250 33.500
Building 4 5 0.062
38.500 26.500
38.500 26.750
38.750 26.750
38.750 26.500
Building 4 5 0.062
38.500 26.750
38.500 27.000
38.750 27.000
38.750 26.750
Building 4 5 0.062
38.500 27.000
38.500 27.250
38.750 27.250
38.750 27.000
Building 4 5 0.062
38.500 27.250
38.500 27.500
38.750 27.500
38.750 27.250
Building 4 5 0.062
38.500 27.500
38.500 27.750
38.750 27.750
38.750 27.500
Building 4 5 0.062
38.500 27.750
38.500 28.000
38.750 28.000
38.750 27.750
Building 4 5 0.062
38.500 28.000
38.500 28.250
38.750 28.250
38.750 28.000
Building 4 5 0.062
38.750 28.500
38.750 28.250
38.500 28.250
38.500 28.500
Building 4 5 0.062
38.500 31.500
38.500 31.750
38.750 31.750
38.750 31.500
Building 4 5 0.062
38.500 31.750
38.500 32.000
38.750 32.000
38.750 31.750
Building 4 5 0.062
38.500 32.000
38.500 32.250
38.750 32.250
38.750 32.000
Building 4 5 0.062
38.500 32.250
38.500 32.500
38.750 32.500
38.750 32.250
Building 4 5 0.062
38.500 32.500
38.500 32.750
38.750 32.750
38.750 32.500
Building 4 5 0.062
38.500 32.750
38.500 33.000
38.750 33.000
38.750 32.750
Building 4 5 0.062
38.500 33.000
38.500 33.250
38.750 33.250
38.750 33.000
Building 4 5 0.062
38.750 33.500
38.750 33.250
38.500 33.250
38.500 33.500
Building 4 5 0.062
38.750 26.500
38.750 26.750
39.000 26.750
39.000 26.500
Building 4 5 0.062
38.750 26.750
38.750 27.000
39.000 27.000
39.000 26.750
Building 4 5 0.062
38.750 27.000
38.750 27.250
39.000 27.250
39.000 27.000
Building 4 5 0.062
38.750 27.250
38.750 27.500
39.000 27.500
39.000 27.250
Building 4 5 0.062
38.750 27.500
38.750 27.750
39.000 27.750
39.000 27.500
Building 4 5 0.062
38.750 27.750
38.750 28.000
39.000 28.000
39.000 27.750
Building 4 5 0.062
38.750 28.000
38.750 28.250
39.000 28.250
39.000 28.000
Building 4 5 0.062
39.000 28.500
39.000 28.250
38.750 28.250
38.750 28.500
Building 4 5 0.062
38.750 31.500
38.750 31.750
39.000 31.750
39.000 31.500
Building 4 5 0.062
38.750 31.750
38.750 32.000
39.000 32.000
39.000 31.750
Building 4 5 0.062
38.750 32.000
38.750 32.250
39.000 32.250
39.000 32.000
Building 4 5 0.062
38.750 32.250
38.750 32.500
39.000 32.500
39.000 32.250
Building 4 5 0.062
38.750 32.500
38.750 32.750
39.000 32.750
39.000 32.500
Building 4 5 0.062
38.750 32.750
38.750 33.000
39.000 33.000
39.000 32.750
Building 4 5 0.062
38.750 33.000
38.750 33.250
39.000 33.250
39.000 33.000
Building 4 5 0.062
39.000 33.500
39.000 33.250
38.750 33.250
38.750 33.500
Building 4 5 0.062
39.000 26.500
39.000 26.750
39.250 26.750
39.250 26.500
Building 4 5 0.062
39.000 26.750
39.000 27.000
39.250 27.000
39.250 26.750
Building 4 5 0.062
39.000 27.000
39.000 27.250
39.250 27.250
39.250 27.000
Building 4 5 0.062
39.000 27.250
39.000 27.500
39.250 27.500
39.250 27.250
Building 4 5 0.062
39.000 27.500
39.000 27.750
39.250 27.750
39.250 27.500
Building 4 5 0.062
39.000 27.750
39.000 28.000
39.250 28.000
39.250 27.750
Building 4 5 0.062
39.000 28.000
39.000 28.250
39.250 28.250
39.250 28.000
Building 4 5 0.062
39.250 28.500
39.250 28.250
39.000 28.250
39.000 28.500
Building 4 5 0.062
39.000 31.500
39.000 31.750
39.250 31.750
39.250 31.500
Building 4 5 0.062
39.000 31.750
39.000 32.000
39.250 32.000
39.250 31.750
Building 4 5 0.062
39.000 32.000
39.000 32.250
39.250 32.250
39.250 32.000
Building 4 5 0.062
39.000 32.250
39.000 32.500
39.250 32.500
39.250 32.250
Building 4 5 0.062
39.000 32.500
39.000 32.750
39.250 32.750
39.250 32.500
Building 4 5 0.062
39.000 32.750
39.000 33.000
39.250 33.000
39.250 32.750
Building 4 5 0.062
39.000 33.000
39.000 33.250
39.250 33.250
39.250 33.000
Building 4 5 0.062
39.250 33.500
39.250 33.250
39.000 33.250
39.000 33.500
Building 4 5 0.062
39.250 26.500
39.250 26.750
39.500 26.750
39.500 26.500
Building 4 5 0.062
39.250 26.750
39.250 27.000
39.500 27.000
39.500 26.750
Building 4 5 0.062
39.250 27.000
39.250 27.250
39.500 27.250
39.500 27.000
Building 4 5 0.062
39.250 27.250
39.250 27.500
39.500 27.500
39.500 27.250
Building 4 5 0.062
39.250 27.500
39.250 27.750
39.500 27.750
39.500 27.500
Building 4 5 0.062
39.250 27.750
39.250 28.000
39.500 28.000
39.500 27.750
Building 4 5 0.062
39.250 28.000
39.250 28.250
39.500 28.250
39.500 28.000
Building 4 5 0.062
39.500 28.500
39.500 28.250
39.250 28.250
39.250 28.500
Building 4 5 0.062
39.250 31.500
39.250 31.750
39.500 31.750
39.500 31.500
Building 4 5 0.062
39.250 31.750
39.250 32.000
39.500 32.000
39.500 31.750
Building 4 5 0.062
39.250 32.000
39.250 32.250
39.500 32.250
39.500 32.000
Building 4 5 0.062
39.250 32.250
39.250 32.500
39.500 32.500
39.500 32.250
Building 4 5 0.062
39.250 32.500
39.250 32.750
39.500 32.750
39.500 32.500
Building 4 5 0.062
39.250 32.750
39.250 33.000
39.500 33.000
39.500 32.750
Building 4 5 0.062
39.250 33.000
39.250 33.250
39.500 33.250
39.500 33.000
Building 4 5 0.062
39.500 33.500
39.500 33.250
39.250 33.250
39.250 33.500
Building 4 5 0.062
39.500 26.500
39.500 26.750
39.750 26.750
39.750 26.500
Building 4 5 0.062
39.500 26.750
39.500 27.000
39.750 27.000
39.750 26.750
Building 4 5 0.062
39.500 27.000
39.500 27.250
39.750 27.250
39.750 27.000
Building 4 5 0.062
39.500 27.250
39.500 27.500
39.750 27.500
39.750 27.250
Building 4 5 0.062
39.500 27.500
39.500 27.750
39.750 27.750
39.750 27.500
Building 4 5 0.062
39.500 27.750
39.500 28.000
39.750 28.000
39.750 27.750
Building 4 5 0.062
39.500 28.000
39.500 28.250
39.750 28.250
39.750 28.000
Building 4 5 0.062
39.750 28.500
39.750 28.250
39.500 28.250
39.500 28.500
Building 4 5 0.062
39.500 31.500
39.500 31.750
39.750 31.750
39.750 31.500
Building 4 5 0.062
39.500 31.750
39.500 32.000
39.750 32.000
39.750 31.750
Building 4 5 0.062
39.500 32.000
39.500 32.250
39.750 32.250
39.750 32.000
Building 4 5 0.062
39.500 32.250
39.500 32.500
39.750 32.500
39.750 32.250
Building 4 5 0.062
39.500 32.500
39.500 32.750
39.750 32.750
39.750 32.500
Building 4 5 0.062
39.500 32.750
39.500 33.000
39.750 33.000
39.750 32.750
Building 4 5 0.062
39.500 33.000
39.500 33.250
39.750 33.250
39.750 33.000
Building 4 5 0.062
39.750 33.500
39.750 33.250
39.500 33.250
39.500 33.500
Building 4 5 0.062
39.750 26.500
39.750 26.750
40.000 26.750
40.000 26.500
Building 4 5 0.062
39.750 26.750
39.750 27.000
40.000 27.000
40.000 26.750
Building 4 5 0.062
39.750 27.000
39.750 27.250
40.000 27.250
40.000 27.000
Building 4 5 0.062
39.750 27.250
39.750 27.500
40.000 27.500
40.000 27.250
Building 4 5 0.062
39.750 27.500
39.750 27.750
40.000 27.750
40.000 27.500
Building 4 5 0.062
39.750 27.750
39.750 28.000
40.000 28.000
40.000 27.750
Building 4 5 0.062
39.750 28.000
39.750 28.250
40.000 28.250
40.000 28.000
Building 4 5 0.062
40.000 28.500
40.000 28.250
39.750 28.250
39.750 28.500
Building 4 5 0.062
39.750 31.500
39.750 31.750
40.000 31.750
40.000 31.500
Building 4 5 0.062
39.750 31.750
39.750 32.000
40.000 32.000
40.000 31.750
Building 4 5 0.062
39.750 32.000
39.750 32.250
40.000 32.250
40.000 32.000
Building 4 5 0.062
39.750 32.250
39.750 32.500
40.000 32.500
40.000 32.250
Building 4 5 0.062
39.750 32.500
39.750 32.750
40.000 32.750
40.000 32.500
Building 4 5 0.062
39.750 32.750
39.750 33.000
40.000 33.000
40.000 32.750
Building 4 5 0.062
39.750 33.000
39.750 33.250
40.000 33.250
40.000 33.000
Building 4 5 0.062
40.000 33.500
40.000 33.250
39.750 33.250
39.750 33.500
Building 4 5 0.062
40.000 26.500
40.000 26.750
40.250 26.750
40.250 26.500
Building 4 5 0.062
40.000 26.750
40.000 27.000
40.250 27.000
40.250 26.750
Building 4 5 0.062
40.000 27.000
40.000 27.250
40.250 27.250
40.250 27.000
Building 4 5 0.062
40.000 27.250
40.000 27.500
40.250 27.500
40.250 27.250
Building 4 5 0.062
40.000 27.500
40.000 27.750
40.250 27.750
40.250 27.500
Building 4 5 0.062
40.000 27.750
40.000 28.000
40.250 28.000
40.250 27.750
Building 4 5 0.062
40.000 28.000
40.000 28.250
40.250 28.250
40.250 28.000
Building 4 5 0.062
40.250 28.500
40.250 28.250
40.000 28.250
40.000 28.500
Building 4 5 0.062
40.000 31.500
40.000 31.750
40.250 31.750
40.250 31.500
Building 4 5 0.062
40.000 31.750
40.000 32.000
40.250 32.000
40.250 31.750
Building 4 5 0.062
40.000 32.000
40.000 32.250
40.250 32.250
40.250 32.000
Building 4 5 0.062
40.000 32.250
40.000 32.500
40.250 32.500
40.250 32.250
Building 4 5 0.062
40.000 32.500
40.000 32.750
40.250 32.750
40.250 32.500
Building 4 5 0.062
40.000 32.750
40.000 33.000
40.250 33.000
40.250 32.750
Building 4 5 0.062
40.000 33.000
40.000 33.250
40.250 33.250
40.250 33.000
Building 4 5 0.062
40.250 33.500
40.250 33.250
40.000 33.250
40.000 33.500
Building 4 5 0.062
40.250 26.500
40.250 26.750
40.500 26.750
40.500 26.500
Building 4 5 0.062
40.250 26.750
40.250 27.000
40.500 27.000
40.500 26.750
Building 4 5 0.062
40.250 27.000
40.250 27.250
40.500 27.250
40.500 27.000
Building 4 5 0.062
40.250 27.250
40.250 27.500
40.500 27.500
40.500 27.250
Building 4 5 0.062
40.250 27.500
40.250 27.750
40.500 27.750
40.500 27.500
Building 4 5 0.062
40.250 27.750
40.250 28.000
40.500 28.000
40.500 27.750
Building 4 5 0.062
40.250 28.000
40.250 28.250
40.500 28.250
40.500 28.000
Building 4 5 0.062
40.500 28.500
40.500 28.250
40.250 28.250
40.250 28.500
Building 4 5 0.062
40.250 31.500
40.250 31.750
40.500 31.750
40.500 31.500
Building 4 5 0.062
40.250 31.750
40.250 32.000
40.500 32.000
40.500 31.750
Building 4 5 0.062
40.250 32.000
40.250 32.250
40.500 32.250
40.500 32.000
Building 4 5 0.062
40.250 32.250
40.250 32.500
40.500 32.500
40.500 32.250
Building 4 5 0.062
40.250 32.500
40.250 32.750
40.500 32.750
40.500 32.500
Building 4 5 0.062
40.250 32.750
40.250 33.000
40.500 33.000
40.500 32.750
Building 4 5 0.062
40.250 33.000
40.250 33.250
40.500 33.250
40.500 33.000
Building 4 5 0.062
40.500 33.500
40.500 33.250
40.250 33.250
40.250 33.500
Building 4 5 0.062
40.500 26.500
40.500 26.750
40.750 26.750
40.750 26.500
Building 4 5 0.062
40.500 26.750
40.500 27.000
40.750 27.000
40.750 26.750
Building 4 5 0.062
40.500 27.000
40.500 27.250
40.750 27.250
40.750 27.000
Building 4 5 0.062
40.500 27.250
40.500 27.500
40.750 27.500
40.750 27.250
Building 4 5 0.062
40.500 27.500
40.500 27.750
40.750 27.750
40.750 27.500
Building 4 5 0.062
40.500 27.750
40.500 28.000
40.750 28.000
40.750 27.750
Building 4 5 0.062
40.500 28.000
40.500 28.250
40.750 28.250
40.750 28.000
Building 4 5 0.062
40.750 28.500
40.750 28.250
40.500 28.250
40.500 28.500
Building 4 5 0.062
40.500 31.500
40.500 31.750
40.750 31.750
40.750 31.500
Building 4 5 0.062
40.500 31.750
40.500 32.000
40.750 32.000
40.750 31.750
Building 4 5 0.062
40.500 32.000
40.500 32.250
40.750 32.250
40.750 32.000
Building 4 5 0.062
40.500 32.250
40.500 32.500
40.750 32.500
40.750 32.250
Building 4 5 0.062
40.500 32.500
40.500 32.750
40.750 32.750
40.750 32.500
Building 4 5 0.062
40.500 32.750
40.500 33.000
40.750 33.000
40.750 32.750
Building 4 5 0.062
40.500 33.000
40.500 33.250
40.750 33.250
40.750 33.000
Building 4 5 0.062
40.750 33.500
40.750 33.250
40.500 33.250
40.500 33.500
Building 4 5 0.062
40.750 26.500
40.750 26.750
41.000 26.750
41.000 26.500
Building 4 5 0.062
40.750 26.750
40.750 27.000
41.000 27.000
41.000 26.750
Building 4 5 0.062
40.750 27.000
40.750 27.250
41.000 27.250
41.000 27.000
Building 4 5 0.062
40.750 27.250
40.750 27.500
41.000 27.500
41.000 27.250
Building 4 5 0.062
40.750 27.500
40.750 27.750
41.000 27.750
41.000 27.500
Building 4 5 0.062
40.750 27.750
40.750 28.000
41.000 28.000
41.000 27.750
Building 4 5 0.062
40.750 28.000
40.750 28.250
41.000 28.250
41.000 28.000
Building 4 5 0.062
41.000 28.500
41.000 28.250
40.750 28.250
40.750 28.500
Building 4 5 0.062
40.750 31.500
40.750 31.750
41.000 31.750
41.000 31.500
Building 4 5 0.062
40.750 31.750
40.750 32.000
41.000 32.000
41.000 31.750
Building 4 5 0.062
40.750 32.000
40.750 32.250
41.000 32.250
41.000 32.000
Building 4 5 0.062
40.750 32.250
40.750 32.500
41.000 32.500
41.000 32.250
Building 4 5 0.062
40.750 32.500
40.750 32.750
41.000 32.750
41.000 32.500
Building 4 5 0.062
40.750 32.750
40.750 33.000
41.000 33.000
41.000 32.750
Building 4 5 0.062
40.750 33.000
40.750 33.250
41.000 33.250
41.000 33.000
Building 4 5 0.062
41.000 33.500
41.000 33.250
40.750 33.250
40.750 33.500
Building 4 5 0.062
41.000 26.500
41.000 26.750
41.250 26.750
41.250 26.500
Building 4 5 0.062
41.000 26.750
41.000 27.000
41.250 27.000
41.250 26.750
Building 4 5 0.062
41.000 27.000
41.000 27.250
41.250 27.250
41.250 27.000
Building 4 5 0.062
41.000 27.250
41.000 27.500
41.250 27.500
41.250 27.250
Building 4 5 0.062
41.000 27.500
41.000 27.750
41.250 27.750
41.250 27.500
Building 4 5 0.062
41.000 27.750
41.000 28.000
41.250 28.000
41.250 27.750
Building 4 5 0.062
41.000 28.000
41.000 28.250
41.250 28.250
41.250 28.000
Building 4 5 0.062
41.250 28.500
41.250 28.250
41.000 28.250
41.000 28.500
Building 4 5 0.062
41.000 31.500
41.000 31.750
41.250 31.750
41.250 31.500
Building 4 5 0.062
41.000 31.750
41.000 32.000
41.250 32.000
41.250 31.750
Building 4 5 0.062
41.000 32.000
41.000 32.250
41.250 32.250
41.250 32.000
Building 4 5 0.062
41.000 32.250
41.000 32.500
41.250 32.500
41.250 32.250
Building 4 5 0.062
41.000 32.500
41.000 32.750
41.250 32.750
41.250 32.500
Building 4 5 0.062
41.000 32.750
41.000 33.000
41.250 33.000
41.250 32.750
Building 4 5 0.062
41.000 33.000
41.000 33.250
41.250 33.250
41.250 33.000
Building 4 5 0.062
41.250 33.500
41.250 33.250
41.000 33.250
41.000 33.500
Building 4 5 0.062
41.250 26.500
41.250 26.750
41.500 26.750
41.500 26.500
Building 4 5 0.062
41.250 26.750
41.250 27.000
41.500 27.000
41.500 26.750
Building 4 5 0.062
41.250 27.000
41.250 27.250
41.500 27.250
41.500 27.000
Building 4 5 0.062
41.250 27.250
41.250 27.500
41.500 27.500
41.500 27.250
Building 4 5 0.062
41.250 27.500
41.250 27.750
41.500 27.750
41.500 27.500
Building 4 5 0.062
41.250 27.750
41.250 28.000
41.500 28.000
41.500 27.750
Building 4 5 0.062
41.250 28.000
41.250 28.250
41.500 28.250
41.500 28.000
Building 4 5 0.062
41.500 28.500
41.500 28.250
41.250 28.250
41.250 28.500
Building 4 5 0.062
41.250 31.500
41.250 31.750
41.500 31.750
41.500 31.500
Building 4 5 0.062
41.250 31.750
41.250 32.000
41.500 32.000
41.500 31.750
Building 4 5 0.062
41.250 32.000
41.250 32.250
41.500 32.250
41.500 32.000
Building 4 5 0.062
41.250 32.250
41.250 32.500
41.500 32.500
41.500 32.250
Building 4 5 0.062
41.250 32.500
41.250 32.750
41.500 32.750
41.500 32.500
Building 4 5 0.062
41.250 32.750
41.250 33.000
41.500 33.000
41.500 32.750
Building 4 5 0.062
41.250 33.000
41.250 33.250
41.500 33.250
41.500 33.000
Building 4 5 0.062
41.500 33.500
41.500 33.250
41.250 33.250
41.250 33.500
Building 4 5 0.062
41.500 26.500
41.500 26.750
41.750 26.750
41.750 26.500
Building 4 5 0.062
41.500 26.750
41.500 27.000
41.750 27.000
41.750 26.750
Building 4 5 0.062
41.500 27.000
41.500 27.250
41.750 27.250
41.750 27.000
Building 4 5 0.062
41.500 27.250
41.500 27.500
41.750 27.500
41.750 27.250
Building 4 5 0.062
41.500 27.500
41.500 27.750
41.750 27.750
41.750 27.500
Building 4 5 0.062
41.500 27.750
41.500 28.000
41.750 28.000
41.750 27.750
Building 4 5 0.062
41.500 28.000
41.500 28.250
41.750 28.250
41.750 28.000
Building 4 5 0.062
41.750 28.500
41.750 28.250
41.500 28.250
41.500 28.500
Building 4 5 0.062
41.500 31.500
41.500 31.750
41.750 31.750
41.750 31.500
Building 4 5 0.062
41.500 31.750
41.500 32.000
41.750 32.000
41.750 31.750
Building 4 5 0.062
41.500 32.000
41.500 32.250
41.750 32.250
41.750 32.000
Building 4 5 0.062
41.500 32.250
41.500 32.500
41.750 32.500
41.750 32.250
Building 4 5 0.062
41.500 32.500
41.500 32.750
41.750 32.750
41.750 32.500
Building 4 5 0.062
41.500 32.750
41.500 33.000
41.750 33.000
41.750 32.750
Building 4 5 0.062
41.500 33.000
41.500 33.250
41.750 33.250
41.750 33.000
Building 4 5 0.062
41.750 33.500
41.750 33.250
41.500 33.250
41.500 33.500
Building 4 5 0.062
41.750 26.500
41.750 26.750
42.000 26.750
42.000 26.500
Building 4 5 0.062
41.750 26.750
41.750 27.000
42.000 27.000
42.000 26.750
Building 4 5 0.062
41.750 27.000
41.750 27.250
42.000 27.250
42.000 27.000
Building 4 5 0.062
41.750 27.250
41.750 27.500
42.000 27.500
42.000 27.250
Building 4 5 0.062
41.750 27.500
41.750 27.750
42.000 27.750
42.000 27.500
Building 4 5 0.062
41.750 27.750
41.750 28.000
42.000 28.000
42.000 27.750
Building 4 5 0.062
41.750 28.000
41.750 28.250
42.000 28.250
42.000 28.000
Building 4 5 0.062
42.000 28.500
42.000 28.250
41.750 28.250
41.750 28.500
Building 4 5 0.062
41.750 31.500
41.750 31.750
42.000 31.750
42.000 31.500
Building 4 5 0.062
41.750 31.750
41.750 32.000
42.000 32.000
42.000 31.750
Building 4 5 0.062
41.750 32.000
41.750 32.250
42.000 32.250
42.000 32.000
Building 4 5 0.062
41.750 32.250
41.750 32.500
42.000 32.500
42.000 32.250
Building 4 5 0.062
41.750 32.500
41.750 32.750
42.000 32.750
42.000 32.500
Building 4 5 0.062
41.750 32.750
41.750 33.000
42.000 33.000
42.000 32.750
Building 4 5 0.062
41.750 33.000
41.750 33.250
42.000 33.250
42.000 33.000
Building 4 5 0.062
42.000 33.500
42.000 33.250
41.750 33.250
41.750 33.500
Building 4 5 0.062
42.000 26.500
42.000 26.750
42.250 26.750
42.250 26.500
Building 4 5 0.062
42.000 26.750
42.000 27.000
42.250 27.000
42.250 26.750
Building 4 5 0.062
42.000 27.000
42.000 27.250
42.250 27.250
42.250 27.000
Building 4 5 0.062
42.000 27.250
42.000 27.500
42.250 27.500
42.250 27.250
Building 4 5 0.062
42.000 27.500
42.000 27.750
42.250 27.750
42.250 27.500
Building 4 5 0.062
42.000 27.750
42.000 28.000
42.250 28.000
42.250 27.750
Building 4 5 0.062
42.000 28.000
42.000 28.250
42.250 28.250
42.250 28.000
Building 4 5 0.062
42.250 28.500
42.250 28.250
42.000 28.250
42.000 28.500
Building 4 5 0.062
42.000 31.500
42.000 31.750
42.250 31.750
42.250 31.500
Building 4 5 0.062
42.000 31.750
42.000 32.000
42.250 32.000
42.250 31.750
Building 4 5 0.062
42.000 32.000
42.000 32.250
42.250 32.250
42.250 32.000
Building 4 5 0.062
42.000 32.250
42.000 32.500
42.250 32.500
42.250 32.250
Building 4 5 0.062
42.000 32.500
42.000 32.750
42.250 32.750
42.250 32.500
Building 4 5 0.062
42.000 32.750
42.000 33.000
42.250 33.000
42.250 32.750
Building 4 5 0.062
42.000 33.000
42.000 33.250
42.250 33.250
42.250 33.000
Building 4 5 0.062
42.250 33.500
42.250 33.250
42.000 33.250
42.000 33.500
Building 4 5 0.062
42.250 26.500
42.250 26.750
42.500 26.750
42.500 26.500
Building 4 5 0.062
42.250 26.750
42.250 27.000
42.500 27.000
42.500 26.750
Building 4 5 0.062
42.250 27.000
42.250 27.250
42.500 27.250
42.500 27.000
Building 4 5 0.062
42.250 27.250
42.250 27.500
42.500 27.500
42.500 27.250
Building 4 5 0.062
42.250 27.500
42.250 27.750
42.500 27.750
42.500 27.500
Building 4 5 0.062
42.250 27.750
42.250 28.000
42.500 28.000
42.500 27.750
Building 4 5 0.062
42.250 28.000
42.250 28.250
42.500 28.250
42.500 28.000
Building 4 5 0.062
42.500 28.500
42.500 28.250
42.250 28.250
42.250 28.500
Building 4 5 0.062
42.250 31.500
42.250 31.750
42.500 31.750
42.500 31.500
Building 4 5 0.062
42.250 31.750
42.250 32.000
42.500 32.000
42.500 31.750
Building 4 5 0.062
42.250 32.000
42.250 32.250
42.500 32.250
42.500 32.000
Building 4 5 0.062
42.250 32.250
42.250 32.500
42.500 32.500
42.500 32.250
Building 4 5 0.062
42.250 32.500
42.250 32.750
42.500 32.750
42.500 32.500
Building 4 5 0.062
42.250 32.750
42.250 33.000
42.500 33.000
42.500 32.750
Building 4 5 0.062
42.250 33.000
42.250 33.250
42.500 33.250
42.500 33.000
Building 4 5 0.062
42.500 33.500
42.500 33.250
42.250 33.250
42.250 33.500
Building 4 5 0.062
42.500 26.500
42.500 26.750
42.750 26.750
42.750 26.500
Building 4 5 0.062
42.500 26.750
42.500 27.000
42.750 27.000
42.750 26.750
Building 4 5 0.062
42.500 27.000
42.500 27.250
42.750 27.250
42.750 27.000
Building 4 5 0.062
42.500 27.250
42.500 27.500
42.750 27.500
42.750 27.250
Building 4 5 0.062
42.500 27.500
42.500 27.750
42.750 27.750
42.750 27.500
Building 4 5 0.062
42.500 27.750
42.500 28.000
42.750 28.000
42.750 27.750
Building 4 5 0.062
42.500 28.000
42.500 28.250
42.750 28.250
42.750 28.000
Building 4 5 0.062
42.750 28.500
42.750 28.250
42.500 28.250
42.500 28.500
Building 4 5 0.062
42.500 31.500
42.500 31.750
42.750 31.750
42.750 31.500
Building 4 5 0.062
42.500 31.750
42.500 32.000
42.750 32.000
42.750 31.750
Building 4 5 0.062
42.500 32.000
42.500 32.250
42.750 32.250
42.750 32.000
Building 4 5 0.062
42.500 32.250
42.500 32.500
42.750 32.500
42.750 32.250
Building 4 5 0.062
42.500 32.500
42.500 32.750
42.750 32.750
42.750 32.500
Building 4 5 0.062
42.500 32.750
42.500 33.000
42.750 33.000
42.750 32.750
Building 4 5 0.062
42.500 33.000
42.500 33.250
42.750 33.250
42.750 33.000
Building 4 5 0.062
42.750 33.500
42.750 33.250
42.500 33.250
42.500 33.500
Building 4 5 0.062
42.750 26.500
42.750 26.750
43.000 26.750
43.000 26.500
Building 4 5 0.062
42.750 26.750
42.750 27.000
43.000 27.000
43.000 26.750
Building 4 5 0.062
42.750 27.000
42.750 27.250
43.000 27.250
43.000 27.000
Building 4 5 0.062
42.750 27.250
42.750 27.500
43.000 27.500
43.000 27.250
Building 4 5 0.062
42.750 27.500
42.750 27.750
43.000 27.750
43.000 27.500
Building 4 5 0.062
42.750 27.750
42.750 28.000
43.000 28.000
43.000 27.750
Building 4 5 0.062
42.750 28.000
42.750 28.250
43.000 28.250
43.000 28.000
Building 4 5 0.062
43.000 28.500
43.000 28.250
42.750 28.250
42.750 28.500
Building 4 5 0.062
42.750 31.500
42.750 31.750
43.000 31.750
43.000 31.500
Building 4 5 0.062
42.750 31.750
42.750 32.000
43.000 32.000
43.000 31.750
Building 4 5 0.062
42.750 32.000
42.750 32.250
43.000 32.250
43.000 32.000
Building 4 5 0.062
42.750 32.250
42.750 32.500
43.000 32.500
43.000 32.250
Building 4 5 0.062
42.750 32.500
42.750 32.750
43.000 32.750
43.000 32.500
Building 4 5 0.062
42.750 32.750
42.750 33.000
43.000 33.000
43.000 32.750
Building 4 5 0.062
42.750 33.000
42.750 33.250
43.000 33.250
43.000 33.000
Building 4 5 0.062
43.000 33.500
43.000 33.250
42.750 33.250
42.750 33.500
Building 4 5 0.062
43.000 26.500
43.000 26.750
43.250 26.750
43.250 26.500
Building 4 5 0.062
43.000 26.750
43.000 27.000
43.250 27.000
43.250 26.750
Building 4 5 0.062
43.000 27.000
43.000 27.250
43.250 27.250
43.250 27.000
Building 4 5 0.062
43.000 27.250
43.000 27.500
43.250 27.500
43.250 27.250
Building 4 5 0.062
43.000 27.500
43.000 27.750
43.250 27.750
43.250 27.500
Building 4 5 0.062
43.000 27.750
43.000 28.000
43.250 28.000
43.250 27.750
Building 4 5 0.062
43.000 28.000
43.000 28.250
43.250 28.250
43.250 28.000
Building 4 5 0.062
43.250 28.500
43.250 28.250
43.000 28.250
43.000 28.500
Building 4 5 0.062
43.000 31.500
43.000 31.750
43.250 31.750
43.250 31.500
Building 4 5 0.062
43.000 31.750
43.000 32.000
43.250 32.000
43.250 31.750
Building 4 5 0.062
43.000 32.000
43.000 32.250
43.250 32.250
43.250 32.000
Building 4 5 0.062
43.000 32.250
43.000 32.500
43.250 32.500
43.250 32.250
Building 4 5 0.062
43.000 32.500
43.000 32.750
43.250 32.750
43.250 32.500
Building 4 5 0.062
43.000 32.750
43.000 33.000
43.250 33.000
43.250 32.750
Building 4 5 0.062
43.000 33.000
43.000 33.250
43.250 33.250
43.250 33.000
Building 4 5 0.062
43.250 33.500
43.250 33.250
43.000 33.250
43.000 33.500
Building 4 5 0.062
43.250 26.500
43.250 26.750
43.500 26.750
43.500 26.500
Building 4 5 0.062
43.250 26.750
43.250 27.000
43.500 27.000
43.500 26.750
Building 4 5 0.062
43.250 27.000
43.250 27.250
43.500 27.250
43.500 27.000
Building 4 5 0.062
43.250 27.250
43.250 27.500
43.500 27.500
43.500 27.250
Building 4 5 0.062
43.250 27.500
43.250 27.750
43.500 27.750
43.500 27.500
Building 4 5 0.062
43.250 27.750
43.250 28.000
43.500 28.000
43.500 27.750
Building 4 5 0.062
43.250 28.000
43.250 28.250
43.500 28.250
43.500 28.000
Building 4 5 0.062
43.500 28.500
43.500 28.250
43.250 28.250
43.250 28.500
Building 4 5 0.062
43.250 31.500
43.250 31.750
43.500 31.750
43.500 31.500
Building 4 5 0.062
43.250 31.750
43.250 32.000
43.500 32.000
43.500 31.750
Building 4 5 0.062
43.250 32.000
43.250 32.250
43.500 32.250
43.500 32.000
Building 4 5 0.062
43.250 32.250
43.250 32.500
43.500 32.500
43.500 32.250
Building 4 5 0.062
43.250 32.500
43.250 32.750
43.500 32.750
43.500 32.500
Building 4 5 0.062
43.250 32.750
43.250 33.000
43.500 33.000
43.500 32.750
Building 4 5 0.062
43.250 33.000
43.250 33.250
43.500 33.250
43.500 33.000
Building 4 5 0.062
43.500 33.500
43.500 33.250
43.250 33.250
43.250 33.500
Building 4 5 0.062
43.500 26.500
43.500 26.750
43.750 26.750
43.750 26.500
Building 4 5 0.062
43.500 26.750
43.500 27.000
43.750 27.000
43.750 26.750
Building 4 5 0.062
43.500 27.000
43.500 27.250
43.750 27.250
43.750 27.000
Building 4 5 0.062
43.500 27.250
43.500 27.500
43.750 27.500
43.750 27.250
Building 4 5 0.062
43.500 27.500
43.500 27.750
43.750 27.750
43.750 27.500
Building 4 5 0.062
43.500 27.750
43.500 28.000
43.750 28.000
43.750 27.750
Building 4 5 0.062
43.500 28.000
43.500 28.250
43.750 28.250
43.750 28.000
Building 4 5 0.062
43.750 28.500
43.750 28.250
43.500 28.250
43.500 28.500
Building 4 5 0.062
43.500 31.500
43.500 31.750
43.750 31.750
43.750 31.500
Building 4 5 0.062
43.500 31.750
43.500 32.000
43.750 32.000
43.750 31.750
Building 4 5 0.062
43.500 32.000
43.500 32.250
43.750 32.250
43.750 32.000
Building 4 5 0.062
43.500 32.250
43.500 32.500
43.750 32.500
43.750 32.250
Building 4 5 0.062
43.500 32.500
43.500 32.750
43.750 32.750
43.750 32.500
Building 4 5 0.062
43.500 32.750
43.500 33.000
43.750 33.000
43.750 32.750
Building 4 5 0.062
43.500 33.000
43.500 33.250
43.750 33.250
43.750 33.000
Building 4 5 0.062
43.750 33.500
43.750 33.250
43.500 33.250
43.500 33.500
Building 4 5 0.062
43.750 26.500
43.750 26.750
44.000 26.750
44.000 26.500
Building 4 5 0.062
43.750 26.750
43.750 27.000
44.000 27.000
44.000 26.750
Building 4 5 0.062
43.750 27.000
43.750 27.250
44.000 27.250
44.000 27.000
Building 4 5 0.062
43.750 27.250
43.750 27.500
44.000 27.500
44.000 27.250
Building 4 5 0.062
43.750 27.500
43.750 27.750
44.000 27.750
44.000 27.500
Building 4 5 0.062
43.750 27.750
43.750 28.000
44.000 28.000
44.000 27.750
Building 4 5 0.062
43.750 28.000
43.750 28.250
44.000 28.250
44.000 28.000
Building 4 5 0.062
44.000 28.500
44.000 28.250
43.750 28.250
43.750 28.500
Building 4 5 0.062
43.750 31.500
43.750 31.750
44.000 31.750
44.000 31.500
Building 4 5 0.062
43.750 31.750
43.750 32.000
44.000 32.000
44.000 31.750
Building 4 5 0.062
43.750 32.000
43.750 32.250
44.000 32.250
44.000 32.000
Building 4 5 0.062
43.750 32.250
43.750 32.500
44.000 32.500
44.000 32.250
Building 4 5 0.062
43.750 32.500
43.750 32.750
44.000 32.750
44.000 32.500
Building 4 5 0.062
43.750 32.750
43.750 33.000
44.000 33.000
44.000 32.750
Building 4 5 0.062
43.750 33.000
43.750 33.250
44.000 33.250
44.000 33.000
Building 4 5 0.062
44.000 33.500
44.000 33.250
43.750 33.250
43.750 33.500
Building 4 5 0.062
44.000 26.500
44.000 26.750
44.250 26.750
44.250 26.500
Building 4 5 0.062
44.000 26.750
44.000 27.000
44.250 27.000
44.250 26.750
Building 4 5 0.062
44.000 27.000
44.000 27.250
44.250 27.250
44.250 27.000
Building 4 5 0.062
44.000 27.250
44.000 27.500
44.250 27.500
44.250 27.250
Building 4 5 0.062
44.000 27.500
44.000 27.750
44.250 27.750
44.250 27.500
Building 4 5 0.062
44.000 27.750
44.000 28.000
44.250 28.000
44.250 27.750
Building 4 5 0.062
44.000 28.000
44.000 28.250
44.250 28.250
44.250 28.000
Building 4 5 0.062
44.250 28.500
44.250 28.250
44.000 28.250
44.000 28.500
Building 4 5 0.062
44.000 31.500
44.000 31.750
44.250 31.750
44.250 31.500
Building 4 5 0.062
44.000 31.750
44.000 32.000
44.250 32.000
44.250 31.750
Building 4 5 0.062
44.000 32.000
44.000 32.250
44.250 32.250
44.250 32.000
Building 4 5 0.062
44.000 32.250
44.000 32.500
44.250 32.500
44.250 32.250
Building 4 5 0.062
44.000 32.500
44.000 32.750
44.250 32.750
44.250 32.500
Building 4 5 0.062
44.000 32.750
44.000 33.000
44.250 33.000
44.250 32.750
Building 4 5 0.062
44.000 33.000
44.000 33.250
44.250 33.250
44.250 33.000
Building 4 5 0.062
44.250 33.500
44.250 33.250
44.000 33.250
44.000 33.500
Building 4 5 0.062
44.250 26.500
44.250 26.750
44.500 26.750
44.500 26.500
Building 4 5 0.062
44.250 26.750
44.250 27.000
44.500 27.000
44.500 26.750
Building 4 5 0.062
44.250 27.000
44.250 27.250
44.500 27.250
44.500 27.000
Building 4 5 0.062
44.250 27.250
44.250 27.500
44.500 27.500
44.500 27.250
Building 4 5 0.062
44.250 27.500
44.250 27.750
44.500 27.750
44.500 27.500
Building 4 5 0.062
44.250 27.750
44.250 28.000
44.500 28.000
44.500 27.750
Building 4 5 0.062
44.250 28.000
44.250 28.250
44.500 28.250
44.500 28.000
Building 4 5 0.062
44.500 28.500
44.500 28.250
44.250 28.250
44.250 28.500
Building 4 5 0.062
44.250 31.500
44.250 31.750
44.500 31.750
44.500 31.500
Building 4 5 0.062
44.250 31.750
44.250 32.000
44.500 32.000
44.500 31.750
Building 4 5 0.062
44.250 32.000
44.250 32.250
44.500 32.250
44.500 32.000
Building 4 5 0.062
44.250 32.250
44.250 32.500
44.500 32.500
44.500 32.250
Building 4 5 0.062
44.250 32.500
44.250 32.750
44.500 32.750
44.500 32.500
Building 4 5 0.062
44.250 32.750
44.250 33.000
44.500 33.000
44.500 32.750
Building 4 5 0.062
44.250 33.000
44.250 33.250
44.500 33.250
44.500 33.000
Building 4 5 0.062
44.500 33.500
44.500 33.250
44.250 33.250
44.250 33.500
Building 4 5 0.062
44.500 26.500
44.500 26.750
44.750 26.750
44.750 26.500
Building 4 5 0.062
44.500 26.750
44.500 27.000
44.750 27.000
44.750 26.750
Building 4 5 0.062
44.500 27.000
44.500 27.250
44.750 27.250
44.750 27.000
Building 4 5 0.062
44.500 27.250
44.500 27.500
44.750 27.500
44.750 27.250
Building 4 5 0.062
44.500 27.500
44.500 27.750
44.750 27.750
44.750 27.500
Building 4 5 0.062
44.500 27.750
44.500 28.000
44.750 28.000
44.750 27.750
Building 4 5 0.062
44.500 28.000
44.500 28.250
44.750 28.250
44.750 28.000
Building 4 5 0.062
44.750 28.500
44.750 28.250
44.500 28.250
44.500 28.500
Building 4 5 0.062
44.500 31.500
44.500 31.750
44.750 31.750
44.750 31.500
Building 4 5 0.062
44.500 31.750
44.500 32.000
44.750 32.000
44.750 31.750
Building 4 5 0.062
44.500 32.000
44.500 32.250
44.750 32.250
44.750 32.000
Building 4 5 0.062
44.500 32.250
44.500 32.500
44.750 32.500
44.750 32.250
Building 4 5 0.062
44.500 32.500
44.500 32.750
44.750 32.750
44.750 32.500
Building 4 5 0.062
44.500 32.750
44.500 33.000
44.750 33.000
44.750 32.750
Building 4 5 0.062
44.500 33.000
44.500 33.250
44.750 33.250
44.750 33.000
Building 4 5 0.062
44.750 33.500
44.750 33.250
44.500 33.250
44.500 33.500
Building 4 5 0.062
44.750 26.500
44.750 26.750
45.000 26.750
45.000 26.500
Building 4 5 0.062
44.750 26.750
44.750 27.000
45.000 27.000
45.000 26.750
Building 4 5 0.062
44.750 27.000
44.750 27.250
45.000 27.250
45.000 27.000
Building 4 5 0.062
44.750 27.250
44.750 27.500
45.000 27.500
45.000 27.250
Building 4 5 0.062
44.750 27.500
44.750 27.750
45.000 27.750
45.000 27.500
Building 4 5 0.062
44.750 27.750
44.750 28.000
45.000 28.000
45.000 27.750
Building 4 5 0.062
44.750 28.000
44.750 28.250
45.000 28.250
45.000 28.000
Building 4 5 0.062
45.000 28.500
45.000 28.250
44.750 28.250
44.750 28.500
Building 4 5 0.062
44.750 31.500
44.750 31.750
45.000 31.750
45.000 31.500
Building 4 5 0.062
44.750 31.750
44.750 32.000
45.000 32.000
45.000 31.750
Building 4 5 0.062
44.750 32.000
44.750 32.250
45.000 32.250
45.000 32.000
Building 4 5 0.062
44.750 32.250
44.750 32.500
45.000 32.500
45.000 32.250
Building 4 5 0.062
44.750 32.500
44.750 32.750
45.000 32.750
45.000 32.500
Building 4 5 0.062
44.750 32.750
44.750 33.000
45.000 33.000
45.000 32.750
Building 4 5 0.062
44.750 33.000
44.750 33.250
45.000 33.250
45.000 33.000
Building 4 5 0.062
45.000 33.500
45.000 33.250
44.750 33.250
44.750 33.500
Building 4 5 0.062
45.000 26.500
45.000 26.750
45.250 26.750
45.250 26.500
Building 4 5 0.062
45.000 26.750
45.000 27.000
45.250 27.000
45.250 26.750
Building 4 5 0.062
45.000 27.000
45.000 27.250
45.250 27.250
45.250 27.000
Building 4 5 0.062
45.000 27.250
45.000 27.500
45.250 27.500
45.250 27.250
Building 4 5 0.062
45.000 27.500
45.000 27.750
45.250 27.750
45.250 27.500
Building 4 5 0.062
45.000 27.750
45.000 28.000
45.250 28.000
45.250 27.750
Building 4 5 0.062
45.000 28.000
45.000 28.250
45.250 28.250
45.250 28.000
Building 4 5 0.062
45.250 28.500
45.250 28.250
45.000 28.250
45.000 28.500
Building 4 5 0.062
45.000 31.500
45.000 31.750
45.250 31.750
45.250 31.500
Building 4 5 0.062
45.000 31.750
45.000 32.000
45.250 32.000
45.250 31.750
Building 4 5 0.062
45.000 32.000
45.000 32.250
45.250 32.250
45.250 32.000
Building 4 5 0.062
45.000 32.250
45.000 32.500
45.250 32.500
45.250 32.250
Building 4 5 0.062
45.000 32.500
45.000 32.750
45.250 32.750
45.250 32.500
Building 4 5 0.062
45.000 32.750
45.000 33.000
45.250 33.000
45.250 32.750
Building 4 5 0.062
45.000 33.000
45.000 33.250
45.250 33.250
45.250 33.000
Building 4 5 0.062
45.250 33.500
45.250 33.250
45.000 33.250
45.000 33.500
Building 4 5 0.062
45.250 26.500
45.250 26.750
45.500 26.750
45.500 26.500
Building 4 5 0.062
45.250 26.750
45.250 27.000
45.500 27.000
45.500 26.750
Building 4 5 0.062
45.250 27.000
45.250 27.250
45.500 27.250
45.500 27.000
Building 4 5 0.062
45.250 27.250
45.250 27.500
45.500 27.500
45.500 27.250
Building 4 5 0.062
45.250 27.500
45.250 27.750
45.500 27.750
45.500 27.500
Building 4 5 0.062
45.250 27.750
45.250 28.000
45.500 28.000
45.500 27.750
Building 4 5 0.062
45.250 28.000
45.250 28.250
45.500 28.250
45.500 28.000
Building 4 5 0.062
45.500 28.500
45.500 28.250
45.250 28.250
45.250 28.500
Building 4 5 0.062
45.250 31.500
45.250 31.750
45.500 31.750
45.500 31.500
Building 4 5 0.062
45.250 31.750
45.250 32.000
45.500 32.000
45.500 31.750
Building 4 5 0.062
45.250 32.000
45.250 32.250
45.500 32.250
45.500 32.000
Building 4 5 0.062
45.250 32.250
45.250 32.500
45.500 32.500
45.500 32.250
Building 4 5 0.062
45.250 32.500
45.250 32.750
45.500 32.750
45.500 32.500
Building 4 5 0.062
45.250 32.750
45.250 33.000
45.500 33.000
45.500 32.750
Building 4 5 0.062
45.250 33.000
45.250 33.250
45.500 33.250
45.500 33.000
Building 4 5 0.062
45.500 33.500
45.500 33.250
45.250 33.250
45.250 33.500
Building 4 5 0.062
45.500 26.500
45.500 26.750
45.750 26.750
45.750 26.500
Building 4 5 0.062
45.500 26.750
45.500 27.000
45.750 27.000
45.750 26.750
Building 4 5 0.062
45.500 27.000
45.500 27.250
45.750 27.250
45.750 27.000
Building 4 5 0.062
45.500 27.250
45.500 27.500
45.750 27.500
45.750 27.250
Building 4 5 0.062
45.500 27.500
45.500 27.750
45.750 27.750
45.750 27.500
Building 4 5 0.062
45.500 27.750
45.500 28.000
45.750 28.000
45.750 27.750
Building 4 5 0.062
45.500 28.000
45.500 28.250
45.750 28.250
45.750 28.000
Building 4 5 0.062
45.750 28.500
45.750 28.250
45.500 28.250
45.500 28.500
Building 4 5 0.062
45.500 31.500
45.500 31.750
45.750 31.750
45.750 31.500
Building 4 5 0.062
45.500 31.750
45.500 32.000
45.750 32.000
45.750 31.750
Building 4 5 0.062
45.500 32.000
45.500 32.250
45.750 32.250
45.750 32.000
Building 4 5 0.062
45.500 32.250
45.500 32.500
45.750 32.500
45.750 32.250
Building 4 5 0.062
45.500 32.500
45.500 32.750
45.750 32.750
45.750 32.500
Building 4 5 0.062
45.500 32.750
45.500 33.000
45.750 33.000
45.750 32.750
Building 4 5 0.062
45.500 33.000
45.500 33.250
45.750 33.250
45.750 33.000
Building 4 5 0.062
45.750 33.500
45.750 33.250
45.500 33.250
45.500 33.500
Building 4 5 0.062
45.750 26.500
45.750 26.750
46.000 26.750
46.000 26.500
Building 4 5 0.062
45.750 26.750
45.750 27.000
46.000 27.000
46.000 26.750
Building 4 5 0.062
45.750 27.000
45.750 27.250
46.000 27.250
46.000 27.000
Building 4 5 0.062
45.750 27.250
45.750 27.500
46.000 27.500
46.000 27.250
Building 4 5 0.062
45.750 27.500
45.750 27.750
46.000 27.750
46.000 27.500
Building 4 5 0.062
45.750 27.750
45.750 28.000
46.000 28.000
46.000 27.750
Building 4 5 0.062
45.750 28.000
45.750 28.250
46.000 28.250
46.000 28.000
Building 4 5 0.062
46.000 28.500
46.000 28.250
45.750 28.250
45.750 28.500
Building 4 5 0.062
45.750 31.500
45.750 31.750
46.000 31.750
46.000 31.500
Building 4 5 0.062
45.750 31.750
45.750 32.000
46.000 32.000
46.000 31.750
Building 4 5 0.062
45.750 32.000
45.750 32.250
46.000 32.250
46.000 32.000
Building 4 5 0.062
45.750 32.250
45.750 32.500
46.000 32.500
46.000 32.250
Building 4 5 0.062
45.750 32.500
45.750 32.750
46.000 32.750
46.000 32.500
Building 4 5 0.062
45.750 32.750
45.750 33.000
46.000 33.000
46.000 32.750
Building 4 5 0.062
45.750 33.000
45.750 33.250
46.000 33.250
46.000 33.000
Building 4 5 0.062
46.000 33.500
46.000 33.250
45.750 33.250
45.750 33.500
Building 4 5 0.062
46.000 26.500
46.000 26.750
46.250 26.750
46.250 26.500
Building 4 5 0.062
46.000 26.750
46.000 27.000
46.250 27.000
46.250 26.750
Building 4 5 0.062
46.000 27.000
46.000 27.250
46.250 27.250
46.250 27.000
Building 4 5 0.062
46.000 27.250
46.000 27.500
46.250 27.500
46.250 27.250
Building 4 5 0.062
46.000 27.500
46.000 27.750
46.250 27.750
46.250 27.500
Building 4 5 0.062
46.000 27.750
46.000 28.000
46.250 28.000
46.250 27.750
Building 4 5 0.062
46.000 28.000
46.000 28.250
46.250 28.250
46.250 28.000
Building 4 5 0.062
46.250 28.500
46.250 28.250
46.000 28.250
46.000 28.500
Building 4 5 0.062
46.000 31.500
46.000 31.750
46.250 31.750
46.250 31.500
Building 4 5 0.062
46.000 31.750
46.000 32.000
46.250 32.000
46.250 31.750
Building 4 5 0.062
46.000 32.000
46.000 32.250
46.250 32.250
46.250 32.000
Building 4 5 0.062
46.000 32.250
46.000 32.500
46.250 32.500
46.250 32.250
Building 4 5 0.062
46.000 32.500
46.000 32.750
46.250 32.750
46.250 32.500
Building 4 5 0.062
46.000 32.750
46.000 33.000
46.250 33.000
46.250 32.750
Building 4 5 0.062
46.000 33.000
46.000 33.250
46.250 33.250
46.250 33.000
Building 4 5 0.062
46.250 33.500
46.250 33.250
46.000 33.250
46.000 33.500
Building 4 5 0.062
46.250 26.500
46.250 26.750
46.500 26.750
46.500 26.500
Building 4 5 0.062
46.250 26.750
46.250 27.000
46.500 27.000
46.500 26.750
Building 4 5 0.062
46.250 27.000
46.250 27.250
46.500 27.250
46.500 27.000
Building 4 5 0.062
46.250 27.250
46.250 27.500
46.500 27.500
46.500 27.250
Building 4 5 0.062
46.250 27.500
46.250 27.750
46.500 27.750
46.500 27.500
Building 4 5 0.062
46.250 27.750
46.250 28.000
46.500 28.000
46.500 27.750
Building 4 5 0.062
46.250 28.000
46.250 28.250
46.500 28.250
46.500 28.000
Building 4 5 0.062
46.500 28.500
46.500 28.250
46.250 28.250
46.250 28.500
Building 4 5 0.062
46.250 31.500
46.250 31.750
46.500 31.750
46.500 31.500
Building 4 5 0.062
46.250 31.750
46.250 32.000
46.500 32.000
46.500 31.750
Building 4 5 0.062
46.250 32.000
46.250 32.250
46.500 32.250
46.500 32.000
Building 4 5 0.062
46.250 32.250
46.250 32.500
46.500 32.500
46.500 32.250
Building 4 5 0.062
46.250 32.500
46.250 32.750
46.500 32.750
46.500 32.500
Building 4 5 0.062
46.250 32.750
46.250 33.000
46.500 33.000
46.500 32.750
Building 4 5 0.062
46.250 33.000
46.250 33.250
46.500 33.250
46.500 33.000
Building 4 5 0.062
46.500 33.500
46.500 33.250
46.250 33.250
46.250 33.500
Building 4 5 0.062
46.500 26.500
46.500 26.750
46.750 26.750
46.750 26.500
Building 4 5 0.062
46.500 26.750
46.500 27.000
46.750 27.000
46.750 26.750
Building 4 5 0.062
46.500 27.000
46.500 27.250
46.750 27.250
46.750 27.000
Building 4 5 0.062
46.500 27.250
46.500 27.500
46.750 27.500
46.750 27.250
Building 4 5 0.062
46.500 27.500
46.500 27.750
46.750 27.750
46.750 27.500
Building 4 5 0.062
46.500 27.750
46.500 28.000
46.750 28.000
46.750 27.750
Building 4 5 0.062
46.500 28.000
46.500 28.250
46.750 28.250
46.750 28.000
Building 4 5 0.062
46.750 28.500
46.750 28.250
46.500 28.250
46.500 28.500
Building 4 5 0.062
46.500 31.500
46.500 31.750
46.750 31.750
46.750 31.500
Building 4 5 0.062
46.500 31.750
46.500 32.000
46.750 32.000
46.750 31.750
Building 4 5 0.062
46.500 32.000
46.500 32.250
46.750 32.250
46.750 32.000
Building 4 5 0.062
46.500 32.250
46.500 32.500
46.750 32.500
46.750 32.250
Building 4 5 0.062
46.500 32.500
46.500 32.750
46.750 32.750
46.750 32.500
Building 4 5 0.062
46.500 32.750
46.500 33.000
46.750 33.000
46.750 32.750
Building 4 5 0.062
46.500 33.000
46.500 33.250
46.750 33.250
46.750 33.000
Building 4 5 0.062
46.750 33.500
46.750 33.250
46.500 33.250
46.500 33.500
Building 4 5 0.062
46.750 26.500
46.750 26.750
47.000 26.750
47.000 26.500
Building 4 5 0.062
46.750 26.750
46.750 27.000
47.000 27.000
47.000 26.750
Building 4 5 0.062
46.750 27.000
46.750 27.250
47.000 27.250
47.000 27.000
Building 4 5 0.062
46.750 27.250
46.750 27.500
47.000 27.500
47.000 27.250
Building 4 5 0.062
46.750 27.500
46.750 27.750
47.000 27.750
47.000 27.500
Building 4 5 0.062
46.750 27.750
46.750 28.000
47.000 28.000
47.000 27.750
Building 4 5 0.062
46.750 28.000
46.750 28.250
47.000 28.250
47.000 28.000
Building 4 5 0.062
47.000 28.500
47.000 28.250
46.750 28.250
46.750 28.500
Building 4 5 0.062
46.750 31.500
46.750 31.750
47.000 31.750
47.000 31.500
Building 4 5 0.062
46.750 31.750
46.750 32.000
47.000 32.000
47.000 31.750
Building 4 5 0.062
46.750 32.000
46.750 32.250
47.000 32.250
47.000 32.000
Building 4 5 0.062
46.750 32.250
46.750 32.500
47.000 32.500
47.000 32.250
Building 4 5 0.062
46.750 32.500
46.750 32.750
47.000 32.750
47.000 32.500
Building 4 5 0.062
46.750 32.750
46.750 33.000
47.000 33.000
47.000 32.750
Building 4 5 0.062
46.750 33.000
46.750 33.250
47.000 33.250
47.000 33.000
Building 4 5 0.062
47.000 33.500
47.000 33.250
46.750 33.250
46.750 33.500
Building 4 5 0.062
47.000 26.500
47.000 26.750
47.250 26.750
47.250 26.500
Building 4 5 0.062
47.000 26.750
47.000 27.000
47.250 27.000
47.250 26.750
Building 4 5 0.062
47.000 27.000
47.000 27.250
47.250 27.250
47.250 27.000
Building 4 5 0.062
47.000 27.250
47.000 27.500
47.250 27.500
47.250 27.250
Building 4 5 0.062
47.000 27.500
47.000 27.750
47.250 27.750
47.250 27.500
Building 4 5 0.062
47.000 27.750
47.000 28.000
47.250 28.000
47.250 27.750
Building 4 5 0.062
47.000 28.000
47.000 28.250
47.250 28.250
47.250 28.000
Building 4 5 0.062
47.250 28.500
47.250 28.250
47.000 28.250
47.000 28.500
Building 4 5 0.062
47.000 31.500
47.000 31.750
47.250 31.750
47.250 31.500
Building 4 5 0.062
47.000 31.750
47.000 32.000
47.250 32.000
47.250 31.750
Building 4 5 0.062
47.000 32.000
47.000 32.250
47.250 32.250
47.250 32.000
Building 4 5 0.062
47.000 32.250
47.000 32.500
47.250 32.500
47.250 32.250
Building 4 5 0.062
47.000 32.500
47.000 32.750
47.250 32.750
47.250 32.500
Building 4 5 0.062
47.000 32.750
47.000 33.000
47.250 33.000
47.250 32.750
Building 4 5 0.062
47.000 33.000
47.000 33.250
47.250 33.250
47.250 33.000
Building 4 5 0.062
47.250 33.500
47.250 33.250
47.000 33.250
47.000 33.500
Building 4 5 0.062
47.250 26.500
47.250 26.750
47.500 26.750
47.500 26.500
Building 4 5 0.062
47.250 26.750
47.250 27.000
47.500 27.000
47.500 26.750
Building 4 5 0.062
47.250 27.000
47.250 27.250
47.500 27.250
47.500 27.000
Building 4 5 0.062
47.250 27.250
47.250 27.500
47.500 27.500
47.500 27.250
Building 4 5 0.062
47.250 27.500
47.250 27.750
47.500 27.750
47.500 27.500
Building 4 5 0.062
47.250 27.750
47.250 28.000
47.500 28.000
47.500 27.750
Building 4 5 0.062
47.250 28.000
47.250 28.250
47.500 28.250
47.500 28.000
Building 4 5 0.062
47.500 28.500
47.500 28.250
47.250 28.250
47.250 28.500
Building 4 5 0.062
47.250 31.500
47.250 31.750
47.500 31.750
47.500 31.500
Building 4 5 0.062
47.250 31.750
47.250 32.000
47.500 32.000
47.500 31.750
Building 4 5 0.062
47.250 32.000
47.250 32.250
47.500 32.250
47.500 32.000
Building 4 5 0.062
47.250 32.250
47.250 32.500
47.500 32.500
47.500 32.250
Building 4 5 0.062
47.250 32.500
47.250 32.750
47.500 32.750
47.500 32.500
Building 4 5 0.062
47.250 32.750
47.250 33.000
47.500 33.000
47.500 32.750
Building 4 5 0.062
47.250 33.000
47.250 33.250
47.500 33.250
47.500 33.000
Building 4 5 0.062
47.500 33.500
47.500 33.250
47.250 33.250
47.250 33.500
Building 4 5 0.062
47.500 26.500
47.500 26.750
47.750 26.750
47.750 26.500
Building 4 5 0.062
47.500 26.750
47.500 27.000
47.750 27.000
47.750 26.750
Building 4 5 0.062
47.500 27.000
47.500 27.250
47.750 27.250
47.750 27.000
Building 4 5 0.062
47.500 27.250
47.500 27.500
47.750 27.500
47.750 27.250
Building 4 5 0.062
47.500 27.500
47.500 27.750
47.750 27.750
47.750 27.500
Building 4 5 0.062
47.500 27.750
47.500 28.000
47.750 28.000
47.750 27.750
Building 4 5 0.062
47.500 28.000
47.500 28.250
47.750 28.250
47.750 28.000
Building 4 5 0.062
47.750 28.500
47.750 28.250
47.500 28.250
47.500 28.500
Building 4 5 0.062
47.500 31.500
47.500 31.750
47.750 31.750
47.750 31.500
Building 4 5 0.062
47.500 31.750
47.500 32.000
47.750 32.000
47.750 31.750
Building 4 5 0.062
47.500 32.000
47.500 32.250
47.750 32.250
47.750 32.000
Building 4 5 0.062
47.500 32.250
47.500 32.500
47.750 32.500
47.750 32.250
Building 4 5 0.062
47.500 32.500
47.500 32.750
47.750 32.750
47.750 32.500
Building 4 5 0.062
47.500 32.750
47.500 33.000
47.750 33.000
47.750 32.750
Building 4 5 0.062
47.500 33.000
47.500 33.250
47.750 33.250
47.750 33.000
Building 4 5 0.062
47.750 33.500
47.750 33.250
47.500 33.250
47.500 33.500
Building 4 5 0.062
47.750 26.500
47.750 26.750
48.000 26.750
48.000 26.500
Building 4 5 0.062
47.750 26.750
47.750 27.000
48.000 27.000
48.000 26.750
Building 4 5 0.062
47.750 27.000
47.750 27.250
48.000 27.250
48.000 27.000
Building 4 5 0.062
47.750 27.250
47.750 27.500
48.000 27.500
48.000 27.250
Building 4 5 0.062
47.750 27.500
47.750 27.750
48.000 27.750
48.000 27.500
Building 4 5 0.062
47.750 27.750
47.750 28.000
48.000 28.000
48.000 27.750
Building 4 5 0.062
47.750 28.000
47.750 28.250
48.000 28.250
48.000 28.000
Building 4 5 0.062
48.000 28.500
48.000 28.250
47.750 28.250
47.750 28.500
Building 4 5 0.062
47.750 31.500
47.750 31.750
48.000 31.750
48.000 31.500
Building 4 5 0.062
47.750 31.750
47.750 32.000
48.000 32.000
48.000 31.750
Building 4 5 0.062
47.750 32.000
47.750 32.250
48.000 32.250
48.000 32.000
Building 4 5 0.062
47.750 32.250
47.750 32.500
48.000 32.500
48.000 32.250
Building 4 5 0.062
47.750 32.500
47.750 32.750
48.000 32.750
48.000 32.500
Building 4 5 0.062
47.750 32.750
47.750 33.000
48.000 33.000
48.000 32.750
Building 4 5 0.062
47.750 33.000
47.750 33.250
48.000 33.250
48.000 33.000
Building 4 5 0.062
48.000 33.500
48.000 33.250
47.750 33.250
47.750 33.500
Building 4 5 0.062
48.000 26.500
48.000 26.750
48.250 26.750
48.250 26.500
Building 4 5 0.062
48.000 26.750
48.000 27.000
48.250 27.000
48.250 26.750
Building 4 5 0.062
48.000 27.000
48.000 27.250
48.250 27.250
48.250 27.000
Building 4 5 0.062
48.000 27.250
48.000 27.500
48.250 27.500
48.250 27.250
Building 4 5 0.062
48.000 27.500
48.000 27.750
48.250 27.750
48.250 27.500
Building 4 5 0.062
48.000 27.750
48.000 28.000
48.250 28.000
48.250 27.750
Building 4 5 0.062
48.000 28.000
48.000 28.250
48.250 28.250
48.250 28.000
Building 4 5 0.062
48.250 28.500
48.250 28.250
48.000 28.250
48.000 28.500
Building 4 5 0.062
48.000 31.500
48.000 31.750
48.250 31.750
48.250 31.500
Building 4 5 0.062
48.000 31.750
48.000 32.000
48.250 32.000
48.250 31.750
Building 4 5 0.062
48.000 32.000
48.000 32.250
48.250 32.250
48.250 32.000
Building 4 5 0.062
48.000 32.250
48.000 32.500
48.250 32.500
48.250 32.250
Building 4 5 0.062
48.000 32.500
48.000 32.750
48.250 32.750
48.250 32.500
Building 4 5 0.062
48.000 32.750
48.000 33.000
48.250 33.000
48.250 32.750
Building 4 5 0.062
48.000 33.000
48.000 33.250
48.250 33.250
48.250 33.000
Building 4 5 0.062
48.250 33.500
48.250 33.250
48.000 33.250
48.000 33.500
Building 4 5 0.062
48.250 26.500
48.250 26.750
48.500 26.750
48.500 26.500
Building 4 5 0.062
48.250 26.750
48.250 27.000
48.500 27.000
48.500 26.750
Building 4 5 0.062
48.250 27.000
48.250 27.250
48.500 27.250
48.500 27.000
Building 4 5 0.062
48.250 27.250
48.250 27.500
48.500 27.500
48.500 27.250
Building 4 5 0.062
48.250 27.500
48.250 27.750
48.500 27.750
48.500 27.500
Building 4 5 0.062
48.250 27.750
48.250 28.000
48.500 28.000
48.500 27.750
Building 4 5 0.062
48.250 28.000
48.250 28.250
48.500 28.250
48.500 28.000
Building 4 5 0.062
48.500 28.500
48.500 28.250
48.250 28.250
48.250 28.500
Building 4 5 0.062
48.250 31.500
48.250 31.750
48.500 31.750
48.500 31.500
Building 4 5 0.062
48.250 31.750
48.250 32.000
48.500 32.000
48.500 31.750
Building 4 5 0.062
48.250 32.000
48.250 32.250
48.500 32.250
48.500 32.000
Building 4 5 0.062
48.250 32.250
48.250 32.500
48.500 32.500
48.500 32.250
Building 4 5 0.062
48.250 32.500
48.250 32.750
48.500 32.750
48.500 32.500
Building 4 5 0.062
48.250 32.750
48.250 33.000
48.500 33.000
48.500 32.750
Building 4 5 0.062
48.250 33.000
48.250 33.250
48.500 33.250
48.500 33.000
Building 4 5 0.062
48.500 33.500
48.500 33.250
48.250 33.250
48.250 33.500
Building 4 5 0.062
48.500 26.500
48.500 26.750
48.750 26.750
48.750 26.500
Building 4 5 0.062
48.500 26.750
48.500 27.000
48.750 27.000
48.750 26.750
Building 4 5 0.062
48.500 27.000
48.500 27.250
48.750 27.250
48.750 27.000
Building 4 5 0.062
48.500 27.250
48.500 27.500
48.750 27.500
48.750 27.250
Building 4 5 0.062
48.500 27.500
48.500 27.750
48.750 27.750
48.750 27.500
Building 4 5 0.062
48.500 27.750
48.500 28.000
48.750 28.000
48.750 27.750
Building 4 5 0.062
48.500 28.000
48.500 28.250
48.750 28.250
48.750 28.000
Building 4 5 0.062
48.750 28.500
48.750 28.250
48.500 28.250
48.500 28.500
Building 4 5 0.062
48.500 31.500
48.500 31.750
48.750 31.750
48.750 31.500
Building 4 5 0.062
48.500 31.750
48.500 32.000
48.750 32.000
48.750 31.750
Building 4 5 0.062
48.500 32.000
48.500 32.250
48.750 32.250
48.750 32.000
Building 4 5 0.062
48.500 32.250
48.500 32.500
48.750 32.500
48.750 32.250
Building 4 5 0.062
48.500 32.500
48.500 32.750
48.750 32.750
48.750 32.500
Building 4 5 0.062
48.500 32.750
48.500 33.000
48.750 33.000
48.750 32.750
Building 4 5 0.062
48.500 33.000
48.500 33.250
48.750 33.250
48.750 33.000
Building 4 5 0.062
48.750 33.500
48.750 33.250
48.500 33.250
48.500 33.500
Building 4 5 0.062
48.750 26.500
48.750 26.750
49.000 26.750
49.000 26.500
Building 4 5 0.062
48.750 26.750
48.750 27.000
49.000 27.000
49.000 26.750
Building 4 5 0.062
48.750 27.000
48.750 27.250
49.000 27.250
49.000 27.000
Building 4 5 0.062
48.750 27.250
48.750 27.500
49.000 27.500
49.000 27.250
Building 4 5 0.062
48.750 27.500
48.750 27.750
49.000 27.750
49.000 27.500
Building 4 5 0.062
48.750 27.750
48.750 28.000
49.000 28.000
49.000 27.750
Building 4 5 0.062
48.750 28.000
48.750 28.250
49.000 28.250
49.000 28.000
Building 4 5 0.062
49.000 28.500
49.000 28.250
48.750 28.250
48.750 28.500
Building 4 5 0.062
48.750 31.500
48.750 31.750
49.000 31.750
49.000 31.500
Building 4 5 0.062
48.750 31.750
48.750 32.000
49.000 32.000
49.000 31.750
Building 4 5 0.062
48.750 32.000
48.750 32.250
49.000 32.250
49.000 32.000
Building 4 5 0.062
48.750 32.250
48.750 32.500
49.000 32.500
49.000 32.250
Building 4 5 0.062
48.750 32.500
48.750 32.750
49.000 32.750
49.000 32.500
Building 4 5 0.062
48.750 32.750
48.750 33.000
49.000 33.000
49.000 32.750
Building 4 5 0.062
48.750 33.000
48.750 33.250
49.000 33.250
49.000 33.000
Building 4 5 0.062
49.000 33.500
49.000 33.250
48.750 33.250
48.750 33.500
Building 4 5 0.062
49.000 26.500
49.000 26.750
49.250 26.750
49.250 26.500
Building 4 5 0.062
49.000 26.750
49.000 27.000
49.250 27.000
49.250 26.750
Building 4 5 0.062
49.000 27.000
49.000 27.250
49.250 27.250
49.250 27.000
Building 4 5 0.062
49.000 27.250
49.000 27.500
49.250 27.500
49.250 27.250
Building 4 5 0.062
49.000 27.500
49.000 27.750
49.250 27.750
49.250 27.500
Building 4 5 0.062
49.000 27.750
49.000 28.000
49.250 28.000
49.250 27.750
Building 4 5 0.062
49.000 28.000
49.000 28.250
49.250 28.250
49.250 28.000
Building 4 5 0.062
49.250 28.500
49.250 28.250
49.000 28.250
49.000 28.500
Building 4 5 0.062
49.000 31.500
49.000 31.750
49.250 31.750
49.250 31.500
Building 4 5 0.062
49.000 31.750
49.000 32.000
49.250 32.000
49.250 31.750
Building 4 5 0.062
49.000 32.000
49.000 32.250
49.250 32.250
49.250 32.000
Building 4 5 0.062
49.000 32.250
49.000 32.500
49.250 32.500
49.250 32.250
Building 4 5 0.062
49.000 32.500
49.000 32.750
49.250 32.750
49.250 32.500
Building 4 5 0.062
49.000 32.750
49.000 33.000
49.250 33.000
49.250 32.750
Building 4 5 0.062
49.000 33.000
49.000 33.250
49.250 33.250
49.250 33.000
Building 4 5 0.062
49.250 33.500
49.250 33.250
49.000 33.250
49.000 33.500
Building 4 5 0.062
49.250 26.500
49.250 26.750
49.500 26.750
49.500 26.500
Building 4 5 0.062
49.250 26.750
49.250 27.000
49.500 27.000
49.500 26.750
Building 4 5 0.062
49.250 27.000
49.250 27.250
49.500 27.250
49.500 27.000
Building 4 5 0.062
49.250 27.250
49.250 27.500
49.500 27.500
49.500 27.250
Building 4 5 0.062
49.250 27.500
49.250 27.750
49.500 27.750
49.500 27.500
Building 4 5 0.062
49.250 27.750
49.250 28.000
49.500 28.000
49.500 27.750
Building 4 5 0.062
49.250 28.000
49.250 28.250
49.500 28.250
49.500 28.000
Building 4 5 0.062
49.500 28.500
49.500 28.250
49.250 28.250
49.250 28.500
Building 4 5 0.062
49.250 31.500
49.250 31.750
49.500 31.750
49.500 31.500
Building 4 5 0.062
49.250 31.750
49.250 32.000
49.500 32.000
49.500 31.750
Building 4 5 0.062
49.250 32.000
49.250 32.250
49.500 32.250
49.500 32.000
Building 4 5 0.062
49.250 32.250
49.250 32.500
49.500 32.500
49.500 32.250
Building 4 5 0.062
49.250 32.500
49.250 32.750
49.500 32.750
49.500 32.500
Building 4 5 0.062
49.250 32.750
49.250 33.000
49.500 33.000
49.500 32.750
Building 4 5 0.062
49.250 33.000
49.250 33.250
49.500 33.250
49.500 33.000
Building 4 5 0.062
49.500 33.500
49.500 33.250
49.250 33.250
49.250 33.500
Building 4 5 0.062
49.500 26.500
49.500 26.750
49.750 26.750
49.750 26.500
Building 4 5 0.062
49.500 26.750
49.500 27.000
49.750 27.000
49.750 26.750
Building 4 5 0.062
49.500 27.000
49.500 27.250
49.750 27.250
49.750 27.000
Building 4 5 0.062
49.500 27.250
49.500 27.500
49.750 27.500
49.750 27.250
Building 4 5 0.062
49.500 27.500
49.500 27.750
49.750 27.750
49.750 27.500
Building 4 5 0.062
49.500 27.750
49.500 28.000
49.750 28.000
49.750 27.750
Building 4 5 0.062
49.500 28.000
49.500 28.250
49.750 28.250
49.750 28.000
Building 4 5 0.062
49.750 28.500
49.750 28.250
49.500 28.250
49.500 28.500
Building 4 5 0.062
49.500 31.500
49.500 31.750
49.750 31.750
49.750 31.500
Building 4 5 0.062
49.500 31.750
49.500 32.000
49.750 32.000
49.750 31.750
Building 4 5 0.062
49.500 32.000
49.500 32.250
49.750 32.250
49.750 32.000
Building 4 5 0.062
49.500 32.250
49.500 32.500
49.750 32.500
49.750 32.250
Building 4 5 0.062
49.500 32.500
49.500 32.750
49.750 32.750
49.750 32.500
Building 4 5 0.062
49.500 32.750
49.500 33.000
49.750 33.000
49.750 32.750
Building 4 5 0.062
49.500 33.000
49.500 33.250
49.750 33.250
49.750 33.000
Building 4 5 0.062
49.750 33.500
49.750 33.250
49.500 33.250
49.500 33.500
Building 4 5 0.062
49.750 26.500
49.750 26.750
50.000 26.750
50.000 26.500
Building 4 5 0.062
49.750 26.750
49.750 27.000
50.000 27.000
50.000 26.750
Building 4 5 0.062
49.750 27.000
49.750 27.250
50.000 27.250
50.000 27.000
Building 4 5 0.062
49.750 27.250
49.750 27.500
50.000 27.500
50.000 27.250
Building 4 5 0.062
49.750 27.500
49.750 27.750
50.000 27.750
50.000 27.500
Building 4 5 0.062
49.750 27.750
49.750 28.000
50.000 28.000
50.000 27.750
Building 4 5 0.062
49.750 28.000
49.750 28.250
50.000 28.250
50.000 28.000
Building 4 5 0.062
50.000 28.500
50.000 28.250
49.750 28.250
49.750 28.500
Building 4 5 0.062
49.750 31.500
49.750 31.750
50.000 31.750
50.000 31.500
Building 4 5 0.062
49.750 31.750
49.750 32.000
50.000 32.000
50.000 31.750
Building 4 5 0.062
49.750 32.000
49.750 32.250
50.000 32.250
50.000 32.000
Building 4 5 0.062
49.750 32.250
49.750 32.500
50.000 32.500
50.000 32.250
Building 4 5 0.062
49.750 32.500
49.750 32.750
50.000 32.750
50.000 32.500
Building 4 5 0.062
49.750 32.750
49.750 33.000
50.000 33.000
50.000 32.750
Building 4 5 0.062
49.750 33.000
49.750 33.250
50.000 33.250
50.000 33.000
Building 4 5 0.062
50.000 33.500
50.000 33.250
49.750 33.250
49.750 33.500
Building 4 5 0.062
50.000 26.500
50.000 26.750
50.250 26.750
50.250 26.500
Building 4 5 0.062
50.000 26.750
50.000 27.000
50.250 27.000
50.250 26.750
Building 4 5 0.062
50.000 27.000
50.000 27.250
50.250 27.250
50.250 27.000
Building 4 5 0.062
50.000 27.250
50.000 27.500
50.250 27.500
50.250 27.250
Building 4 5 0.062
50.000 27.500
50.000 27.750
50.250 27.750
50.250 27.500
Building 4 5 0.062
50.000 27.750
50.000 28.000
50.250 28.000
50.250 27.750
Building 4 5 0.062
50.000 28.000
50.000 28.250
50.250 28.250
50.250 28.000
Building 4 5 0.062
50.250 28.500
50.250 28.250
50.000 28.250
50.000 28.500
Building 4 5 0.062
50.000 31.500
50.000 31.750
50.250 31.750
50.250 31.500
Building 4 5 0.062
50.000 31.750
50.000 32.000
50.250 32.000
50.250 31.750
Building 4 5 0.062
50.000 32.000
50.000 32.250
50.250 32.250
50.250 32.000
Building 4 5 0.062
50.000 32.250
50.000 32.500
50.250 32.500
50.250 32.250
Building 4 5 0.062
50.000 32.500
50.000 32.750
50.250 32.750
50.250 32.500
Building 4 5 0.062
50.000 32.750
50.000 33.000
50.250 33.000
50.250 32.750
Building 4 5 0.062
50.000 33.000
50.000 33.250
50.250 33.250
50.250 33.000
Building 4 5 0.062
50.250 33.500
50.250 33.250
50.000 33.250
50.000 33.500
Building 4 5 0.062
50.250 26.500
50.250 26.750
50.500 26.750
50.500 26.500
Building 4 5 0.062
50.250 26.750
50.250 27.000
50.500 27.000
50.500 26.750
Building 4 5 0.062
50.250 27.000
50.250 27.250
50.500 27.250
50.500 27.000
Building 4 5 0.062
50.250 27.250
50.250 27.500
50.500 27.500
50.500 27.250
Building 4 5 0.062
50.250 27.500
50.250 27.750
50.500 27.750
50.500 27.500
Building 4 5 0.062
50.250 27.750
50.250 28.000
50.500 28.000
50.500 27.750
Building 4 5 0.062
50.250 28.000
50.250 28.250
50.500 28.250
50.500 28.000
Building 4 5 0.062
50.500 28.500
50.500 28.250
50.250 28.250
50.250 28.500
Building 4 5 0.062
50.250 31.500
50.250 31.750
50.500 31.750
50.500 31.500
Building 4 5 0.062
50.250 31.750
50.250 32.000
50.500 32.000
50.500 31.750
Building 4 5 0.062
50.250 32.000
50.250 32.250
50.500 32.250
50.500 32.000
Building 4 5 0.062
50.250 32.250
50.250 32.500
50.500 32.500
50.500 32.250
Building 4 5 0.062
50.250 32.500
50.250 32.750
50.500 32.750
50.500 32.500
Building 4 5 0.062
50.250 32.750
50.250 33.000
50.500 33.000
50.500 32.750
Building 4 5 0.062
50.250 33.000
50.250 33.250
50.500 33.250
50.500 33.000
Building 4 5 0.062
50.500 33.500
50.500 33.250
50.250 33.250
50.250 33.500
Building 4 5 0.062
50.500 26.500
50.500 26.750
50.750 26.750
50.750 26.500
Building 4 5 0.062
50.500 26.750
50.500 27.000
50.750 27.000
50.750 26.750
Building 4 5 0.062
50.500 27.000
50.500 27.250
50.750 27.250
50.750 27.000
Building 4 5 0.062
50.500 27.250
50.500 27.500
50.750 27.500
50.750 27.250
Building 4 5 0.062
50.500 27.500
50.500 27.750
50.750 27.750
50.750 27.500
Building 4 5 0.062
50.500 27.750
50.500 28.000
50.750 28.000
50.750 27.750
Building 4 5 0.062
50.500 28.000
50.500 28.250
50.750 28.250
50.750 28.000
Building 4 5 0.062
50.750 28.500
50.750 28.250
50.500 28.250
50.500 28.500
Building 4 5 0.062
50.500 31.500
50.500 31.750
50.750 31.750
50.750 31.500
Building 4 5 0.062
50.500 31.750
50.500 32.000
50.750 32.000
50.750 31.750
Building 4 5 0.062
50.500 32.000
50.500 32.250
50.750 32.250
50.750 32.000
Building 4 5 0.062
50.500 32.250
50.500 32.500
50.750 32.500
50.750 32.250
Building 4 5 0.062
50.500 32.500
50.500 32.750
50.750 32.750
50.750 32.500
Building 4 5 0.062
50.500 32.750
50.500 33.000
50.750 33.000
50.750 32.750
Building 4 5 0.062
50.500 33.000
50.500 33.250
50.750 33.250
50.750 33.000
Building 4 5 0.062
50.750 33.500
50.750 33.250
50.500 33.250
50.500 33.500
Building 4 5 0.062
50.750 26.500
50.750 26.750
51.000 26.750
51.000 26.500
Building 4 5 0.062
50.750 26.750
50.750 27.000
51.000 27.000
51.000 26.750
Building 4 5 0.062
50.750 27.000
50.750 27.250
51.000 27.250
51.000 27.000
Building 4 5 0.062
50.750 27.250
50.750 27.500
51.000 27.500
51.000 27.250
Building 4 5 0.062
50.750 27.500
50.750 27.750
51.000 27.750
51.000 27.500
Building 4 5 0.062
50.750 27.750
50.750 28.000
51.000 28.000
51.000 27.750
Building 4 5 0.062
50.750 28.000
50.750 28.250
51.000 28.250
51.000 28.000
Building 4 5 0.062
51.000 28.500
51.000 28.250
50.750 28.250
50.750 28.500
Building 4 5 0.062
50.750 31.500
50.750 31.750
51.000 31.750
51.000 31.500
Building 4 5 0.062
50.750 31.750
50.750 32.000
51.000 32.000
51.000 31.750
Building 4 5 0.062
50.750 32.000
50.750 32.250
51.000 32.250
51.000 32.000
Building 4 5 0.062
50.750 32.250
50.750 32.500
51.000 32.500
51.000 32.250
Building 4 5 0.062
50.750 32.500
50.750 32.750
51.000 32.750
51.000 32.500
Building 4 5 0.062
50.750 32.750
50.750 33.000
51.000 33.000
51.000 32.750
Building 4 5 0.062
50.750 33.000
50.750 33.250
51.000 33.250
51.000 33.000
Building 4 5 0.062
51.000 33.500
51.000 33.250
50.750 33.250
50.750 33.500
Building 4 5 0.062
51.000 26.500
51.000 26.750
51.250 26.750
51.250 26.500
Building 4 5 0.062
51.000 26.750
51.000 27.000
51.250 27.000
51.250 26.750
Building 4 5 0.062
51.000 27.000
51.000 27.250
51.250 27.250
51.250 27.000
Building 4 5 0.062
51.000 27.250
51.000 27.500
51.250 27.500
51.250 27.250
Building 4 5 0.062
51.000 27.500
51.000 27.750
51.250 27.750
51.250 27.500
Building 4 5 0.062
51.000 27.750
51.000 28.000
51.250 28.000
51.250 27.750
Building 4 5 0.062
51.000 28.000
51.000 28.250
51.250 28.250
51.250 28.000
Building 4 5 0.062
51.250 28.500
51.250 28.250
51.000 28.250
51.000 28.500
Building 4 5 0.062
51.000 31.500
51.000 31.750
51.250 31.750
51.250 31.500
Building 4 5 0.062
51.000 31.750
51.000 32.000
51.250 32.000
51.250 31.750
Building 4 5 0.062
51.000 32.000
51.000 32.250
51.250 32.250
51.250 32.000
Building 4 5 0.062
51.000 32.250
51.000 32.500
51.250 32.500
51.250 32.250
Building 4 5 0.062
51.000 32.500
51.000 32.750
51.250 32.750
51.250 32.500
Building 4 5 0.062
51.000 32.750
51.000 33.000
51.250 33.000
51.250 32.750
Building 4 5 0.062
51.000 33.000
51.000 33.250
51.250 33.250
51.250 33.000
Building 4 5 0.062
51.250 33.500
51.250 33.250
51.000 33.250
51.000 33.500
Building 4 5 0.062
51.250 26.500
51.250 26.750
51.500 26.750
51.500 26.500
Building 4 5 0.062
51.250 26.750
51.250 27.000
51.500 27.000
51.500 26.750
Building 4 5 0.062
51.250 27.000
51.250 27.250
51.500 27.250
51.500 27.000
Building 4 5 0.062
51.250 27.250
51.250 27.500
51.500 27.500
51.500 27.250
Building 4 5 0.062
51.250 27.500
51.250 27.750
51.500 27.750
51.500 27.500
Building 4 5 0.062
51.250 27.750
51.250 28.000
51.500 28.000
51.500 27.750
Building 4 5 0.062
51.250 28.000
51.250 28.250
51.500 28.250
51.500 28.000
Building 4 5 0.062
51.500 28.500
51.500 28.250
51.250 28.250
51.250 28.500
Building 4 5 0.062
51.250 31.500
51.250 31.750
51.500 31.750
51.500 31.500
Building 4 5 0.062
51.250 31.750
51.250 32.000
51.500 32.000
51.500 31.750
Building 4 5 0.062
51.250 32.000
51.250 32.250
51.500 32.250
51.500 32.000
Building 4 5 0.062
51.250 32.250
51.250 32.500
51.500 32.500
51.500 32.250
Building 4 5 0.062
51.250 32.500
51.250 32.750
51.500 32.750
51.500 32.500
Building 4 5 0.062
51.250 32.750
51.250 33.000
51.500 33.000
51.500 32.750
Building 4 5 0.062
51.250 33.000
51.250 33.250
51.500 33.250
51.500 33.000
Building 4 5 0.062
51.500 33.500
51.500 33.250
51.250 33.250
51.250 33.500
Building 4 5 0.062
51.500 26.500
51.500 26.750
51.750 26.750
51.750 26.500
Building 4 5 0.062
51.500 26.750
51.500 27.000
51.750 27.000
51.750 26.750
Building 4 5 0.062
51.500 27.000
51.500 27.250
51.750 27.250
51.750 27.000
Building 4 5 0.062
51.500 27.250
51.500 27.500
51.750 27.500
51.750 27.250
Building 4 5 0.062
51.500 27.500
51.500 27.750
51.750 27.750
51.750 27.500
Building 4 5 0.062
51.500 27.750
51.500 28.000
51.750 28.000
51.750 27.750
Building 4 5 0.062
51.500 28.000
51.500 28.250
51.750 28.250
51.750 28.000
Building 4 5 0.062
51.750 28.500
51.750 28.250
51.500 28.250
51.500 28.500
Building 4 5 0.062
51.500 31.500
51.500 31.750
51.750 31.750
51.750 31.500
Building 4 5 0.062
51.500 31.750
51.500 32.000
51.750 32.000
51.750 31.750
Building 4 5 0.062
51.500 32.000
51.500 32.250
51.750 32.250
51.750 32.000
Building 4 5 0.062
51.500 32.250
51.500 32.500
51.750 32.500
51.750 32.250
Building 4 5 0.062
51.500 32.500
51.500 32.750
51.750 32.750
51.750 32.500
Building 4 5 0.062
51.500 32.750
51.500 33.000
51.750 33.000
51.750 32.750
Building 4 5 0.062
51.500 33.000
51.500 33.250
51.750 33.250
51.750 33.000
Building 4 5 0.062
51.750 33.500
51.750 33.250
51.500 33.250
51.500 33.500
Building 4 5 0.062
51.750 26.500
51.750 26.750
52.000 26.750
52.000 26.500
Building 4 5 0.062
51.750 26.750
51.750 27.000
52.000 27.000
52.000 26.750
Building 4 5 0.062
51.750 27.000
51.750 27.250
52.000 27.250
52.000 27.000
Building 4 5 0.062
51.750 27.250
51.750 27.500
52.000 27.500
52.000 27.250
Building 4 5 0.062
51.750 27.500
51.750 27.750
52.000 27.750
52.000 27.500
Building 4 5 0.062
51.750 27.750
51.750 28.000
52.000 28.000
52.000 27.750
Building 4 5 0.062
51.750 28.000
51.750 28.250
52.000 28.250
52.000 28.000
Building 4 5 0.062
52.000 28.500
52.000 28.250
51.750 28.250
51.750 28.500
Building 4 5 0.062
51.750 31.500
51.750 31.750
52.000 31.750
52.000 31.500
Building 4 5 0.062
51.750 31.750
51.750 32.000
52.000 32.000
52.000 31.750
Building 4 5 0.062
51.750 32.000
51.750 32.250
52.000 32.250
52.000 32.000
Building 4 5 0.062
51.750 32.250
51.750 32.500
52.000 32.500
52.000 32.250
Building 4 5 0.062
51.750 32.500
51.750 32.750
52.000 32.750
52.000 32.500
Building 4 5 0.062
51.750 32.750
51.750 33.000
52.000 33.000
52.000 32.750
Building 4 5 0.062
51.750 33.000
51.750 33.250
52.000 33.250
52.000 33.000
Building 4 5 0.062
52.000 33.500
52.000 33.250
51.750 33.250
51.750 33.500
Building 4 5 0.062
52.000 26.500
52.000 26.750
52.250 26.750
52.250 26.500
Building 4 5 0.062
52.000 26.750
52.000 27.000
52.250 27.000
52.250 26.750
Building 4 5 0.062
52.000 27.000
52.000 27.250
52.250 27.250
52.250 27.000
Building 4 5 0.062
52.000 27.250
52.000 27.500
52.250 27.500
52.250 27.250
Building 4 5 0.062
52.000 27.500
52.000 27.750
52.250 27.750
52.250 27.500
Building 4 5 0.062
52.000 27.750
52.000 28.000
52.250 28.000
52.250 27.750
Building 4 5 0.062
52.000 28.000
52.000 28.250
52.250 28.250
52.250 28.000
Building 4 5 0.062
52.250 28.500
52.250 28.250
52.000 28.250
52.000 28.500
Building 4 5 0.062
52.000 31.500
52.000 31.750
52.250 31.750
52.250 31.500
Building 4 5 0.062
52.000 31.750
52.000 32.000
52.250 32.000
52.250 31.750
Building 4 5 0.062
52.000 32.000
52.000 32.250
52.250 32.250
52.250 32.000
Building 4 5 0.062
52.000 32.250
52.000 32.500
52.250 32.500
52.250 32.250
Building 4 5 0.062
52.000 32.500
52.000 32.750
52.250 32.750
52.250 32.500
Building 4 5 0.062
52.000 32.750
52.000 33.000
52.250 33.000
52.250 32.750
Building 4 5 0.062
52.000 33.000
52.000 33.250
52.250 33.250
52.250 33.000
Building 4 5 0.062
52.250 33.500
52.250 33.250
52.000 33.250
52.000 33.500
Building 4 5 0.062
52.250 26.500
52.250 26.750
52.500 26.750
52.500 26.500
Building 4 5 0.062
52.250 26.750
52.250 27.000
52.500 27.000
52.500 26.750
Building 4 5 0.062
52.250 27.000
52.250 27.250
52.500 27.250
52.500 27.000
Building 4 5 0.062
52.250 27.250
52.250 27.500
52.500 27.500
52.500 27.250
Building 4 5 0.062
52.250 27.500
52.250 27.750
52.500 27.750
52.500 27.500
Building 4 5 0.062
52.250 27.750
52.250 28.000
52.500 28.000
52.500 27.750
Building 4 5 0.062
52.250 28.000
52.250 28.250
52.500 28.250
52.500 28.000
Building 4 5 0.062
52.500 28.500
52.500 28.250
52.250 28.250
52.250 28.500
Building 4 5 0.062
52.250 31.500
52.250 31.750
52.500 31.750
52.500 31.500
Building 4 5 0.062
52.250 31.750
52.250 32.000
52.500 32.000
52.500 31.750
Building 4 5 0.062
52.250 32.000
52.250 32.250
52.500 32.250
52.500 32.000
Building 4 5 0.062
52.250 32.250
52.250 32.500
52.500 32.500
52.500 32.250
Building 4 5 0.062
52.250 32.500
52.250 32.750
52.500 32.750
52.500 32.500
Building 4 5 0.062
52.250 32.750
52.250 33.000
52.500 33.000
52.500 32.750
Building 4 5 0.062
52.250 33.000
52.250 33.250
52.500 33.250
52.500 33.000
Building 4 5 0.062
52.500 33.500
52.500 33.250
52.250 33.250
52.250 33.500
Building 4 5 0.062
52.500 26.500
52.500 26.750
52.750 26.750
52.750 26.500
Building 4 5 0.062
52.500 26.750
52.500 27.000
52.750 27.000
52.750 26.750
Building 4 5 0.062
52.500 27.000
52.500 27.250
52.750 27.250
52.750 27.000
Building 4 5 0.062
52.500 27.250
52.500 27.500
52.750 27.500
52.750 27.250
Building 4 5 0.062
52.500 27.500
52.500 27.750
52.750 27.750
52.750 27.500
Building 4 5 0.062
52.500 27.750
52.500 28.000
52.750 28.000
52.750 27.750
Building 4 5 0.062
52.500 28.000
52.500 28.250
52.750 28.250
52.750 28.000
Building 4 5 0.062
52.750 28.500
52.750 28.250
52.500 28.250
52.500 28.500
Building 4 5 0.062
52.500 31.500
52.500 31.750
52.750 31.750
52.750 31.500
Building 4 5 0.062
52.500 31.750
52.500 32.000
52.750 32.000
52.750 31.750
Building 4 5 0.062
52.500 32.000
52.500 32.250
52.750 32.250
52.750 32.000
Building 4 5 0.062
52.500 32.250
52.500 32.500
52.750 32.500
52.750 32.250
Building 4 5 0.062
52.500 32.500
52.500 32.750
52.750 32.750
52.750 32.500
Building 4 5 0.062
52.500 32.750
52.500 33.000
52.750 33.000
52.750 32.750
Building 4 5 0.062
52.500 33.000
52.500 33.250
52.750 33.250
52.750 33.000
Building 4 5 0.062
52.750 33.500
52.750 33.250
52.500 33.250
52.500 33.500
Building 4 5 0.062
52.750 26.500
52.750 26.750
53.000 26.750
53.000 26.500
Building 4 5 0.062
52.750 26.750
52.750 27.000
53.000 27.000
53.000 26.750
Building 4 5 0.062
52.750 27.000
52.750 27.250
53.000 27.250
53.000 27.000
Building 4 5 0.062
52.750 27.250
52.750 27.500
53.000 27.500
53.000 27.250
Building 4 5 0.062
52.750 27.500
52.750 27.750
53.000 27.750
53.000 27.500
Building 4 5 0.062
52.750 27.750
52.750 28.000
53.000 28.000
53.000 27.750
Building 4 5 0.062
52.750 28.000
52.750 28.250
53.000 28.250
53.000 28.000
Building 4 5 0.062
53.000 28.500
53.000 28.250
52.750 28.250
52.750 28.500
Building 4 5 0.062
52.750 31.500
52.750 31.750
53.000 31.750
53.000 31.500
Building 4 5 0.062
52.750 31.750
52.750 32.000
53.000 32.000
53.000 31.750
Building 4 5 0.062
52.750 32.000
52.750 32.250
53.000 32.250
53.000 32.000
Building 4 5 0.062
52.750 32.250
52.750 32.500
53.000 32.500
53.000 32.250
Building 4 5 0.062
52.750 32.500
52.750 32.750
53.000 32.750
53.000 32.500
Building 4 5 0.062
52.750 32.750
52.750 33.000
53.000 33.000
53.000 32.750
Building 4 5 0.062
52.750 33.000
52.750 33.250
53.000 33.250
53.000 33.000
Building 4 5 0.062
53.000 33.500
53.000 33.250
52.750 33.250
52.750 33.500
Building 4 5 0.062
53.000 26.500
53.000 26.750
53.250 26.750
53.250 26.500
Building 4 5 0.062
53.000 26.750
53.000 27.000
53.250 27.000
53.250 26.750
Building 4 5 0.062
53.000 27.000
53.000 27.250
53.250 27.250
53.250 27.000
Building 4 5 0.062
53.000 27.250
53.000 27.500
53.250 27.500
53.250 27.250
Building 4 5 0.062
53.000 27.500
53.000 27.750
53.250 27.750
53.250 27.500
Building 4 5 0.062
53.000 27.750
53.000 28.000
53.250 28.000
53.250 27.750
Building 4 5 0.062
53.000 28.000
53.000 28.250
53.250 28.250
53.250 28.000
Building 4 5 0.062
53.250 28.500
53.250 28.250
53.000 28.250
53.000 28.500
Building 4 5 0.062
53.000 31.500
53.000 31.750
53.250 31.750
53.250 31.500
Building 4 5 0.062
53.000 31.750
53.000 32.000
53.250 32.000
53.250 31.750
Building 4 5 0.062
53.000 32.000
53.000 32.250
53.250 32.250
53.250 32.000
Building 4 5 0.062
53.000 32.250
53.000 32.500
53.250 32.500
53.250 32.250
Building 4 5 0.062
53.000 32.500
53.000 32.750
53.250 32.750
53.250 32.500
Building 4 5 0.062
53.000 32.750
53.000 33.000
53.250 33.000
53.250 32.750
Building 4 5 0.062
53.000 33.000
53.000 33.250
53.250 33.250
53.250 33.000
Building 4 5 0.062
53.250 33.500
53.250 33.250
53.000 33.250
53.000 33.500
Building 4 5 0.062
53.250 26.500
53.250 26.750
53.500 26.750
53.500 26.500
Building 4 5 0.062
53.250 26.750
53.250 27.000
53.500 27.000
53.500 26.750
Building 4 5 0.062
53.250 27.000
53.250 27.250
53.500 27.250
53.500 27.000
Building 4 5 0.062
53.250 27.250
53.250 27.500
53.500 27.500
53.500 27.250
Building 4 5 0.062
53.250 27.500
53.250 27.750
53.500 27.750
53.500 27.500
Building 4 5 0.062
53.250 27.750
53.250 28.000
53.500 28.000
53.500 27.750
Building 4 5 0.062
53.250 28.000
53.250 28.250
53.500 28.250
53.500 28.000
Building 4 5 0.062
53.500 28.500
53.500 28.250
53.250 28.250
53.250 28.500
Building 4 5 0.062
53.250 31.500
53.250 31.750
53.500 31.750
53.500 31.500
Building 4 5 0.062
53.250 31.750
53.250 32.000
53.500 32.000
53.500 31.750
Building 4 5 0.062
53.250 32.000
53.250 32.250
53.500 32.250
53.500 32.000
Building 4 5 0.062
53.250 32.250
53.250 32.500
53.500 32.500
53.500 32.250
Building 4 5 0.062
53.250 32.500
53.250 32.750
53.500 32.750
53.500 32.500
Building 4 5 0.062
53.250 32.750
53.250 33.000
53.500 33.000
53.500 32.750
Building 4 5 0.062
53.250 33.000
53.250 33.250
53.500 33.250
53.500 33.000
Building 4 5 0.062
53.500 33.500
53.500 33.250
53.250 33.250
53.250 33.500
Building 4 5 0.062
53.500 26.500
53.500 26.750
53.750 26.750
53.750 26.500
Building 4 5 0.062
53.500 26.750
53.500 27.000
53.750 27.000
53.750 26.750
Building 4 5 0.062
53.500 27.000
53.500 27.250
53.750 27.250
53.750 27.000
Building 4 5 0.062
53.500 27.250
53.500 27.500
53.750 27.500
53.750 27.250
Building 4 5 0.062
53.500 27.500
53.500 27.750
53.750 27.750
53.750 27.500
Building 4 5 0.062
53.500 27.750
53.500 28.000
53.750 28.000
53.750 27.750
Building 4 5 0.062
53.500 28.000
53.500 28.250
53.750 28.250
53.750 28.000
Building 4 5 0.062
53.750 28.500
53.750 28.250
53.500 28.250
53.500 28.500
Building 4 5 0.062
53.500 31.500
53.500 31.750
53.750 31.750
53.750 31.500
Building 4 5 0.062
53.500 31.750
53.500 32.000
53.750 32.000
53.750 31.750
Building 4 5 0.062
53.500 32.000
53.500 32.250
53.750 32.250
53.750 32.000
Building 4 5 0.062
53.500 32.250
53.500 32.500
53.750 32.500
53.750 32.250
Building 4 5 0.062
53.500 32.500
53.500 32.750
53.750 32.750
53.750 32.500
Building 4 5 0.062
53.500 32.750
53.500 33.000
53.750 33.000
53.750 32.750
Building 4 5 0.062
53.500 33.000
53.500 33.250
53.750 33.250
53.750 33.000
Building 4 5 0.062
53.750 33.500
53.750 33.250
53.500 33.250
53.500 33.500
Building 4 5 0.062
53.750 26.500
53.750 26.750
54.000 26.750
54.000 26.500
Building 4 5 0.062
53.750 26.750
53.750 27.000
54.000 27.000
54.000 26.750
Building 4 5 0.062
53.750 27.000
53.750 27.250
54.000 27.250
54.000 27.000
Building 4 5 0.062
53.750 27.250
53.750 27.500
54.000 27.500
54.000 27.250
Building 4 5 0.062
53.750 27.500
53.750 27.750
54.000 27.750
54.000 27.500
Building 4 5 0.062
53.750 27.750
53.750 28.000
54.000 28.000
54.000 27.750
Building 4 5 0.062
53.750 28.000
53.750 28.250
54.000 28.250
54.000 28.000
Building 4 5 0.062
54.000 28.500
54.000 28.250
53.750 28.250
53.750 28.500
Building 4 5 0.062
53.750 31.500
53.750 31.750
54.000 31.750
54.000 31.500
Building 4 5 0.062
53.750 31.750
53.750 32.000
54.000 32.000
54.000 31.750
Building 4 5 0.062
53.750 32.000
53.750 32.250
54.000 32.250
54.000 32.000
Building 4 5 0.062
53.750 32.250
53.750 32.500
54.000 32.500
54.000 32.250
Building 4 5 0.062
53.750 32.500
53.750 32.750
54.000 32.750
54.000 32.500
Building 4 5 0.062
53.750 32.750
53.750 33.000
54.000 33.000
54.000 32.750
Building 4 5 0.062
53.750 33.000
53.750 33.250
54.000 33.250
54.000 33.000
Building 4 5 0.062
54.000 33.500
54.000 33.250
53.750 33.250
53.750 33.500
Building 4 5 0.062
54.000 26.500
54.000 26.750
54.250 26.750
54.250 26.500
Building 4 5 0.062
54.000 26.750
54.000 27.000
54.250 27.000
54.250 26.750
Building 4 5 0.062
54.000 27.000
54.000 27.250
54.250 27.250
54.250 27.000
Building 4 5 0.062
54.000 27.250
54.000 27.500
54.250 27.500
54.250 27.250
Building 4 5 0.062
54.000 27.500
54.000 27.750
54.250 27.750
54.250 27.500
Building 4 5 0.062
54.000 27.750
54.000 28.000
54.250 28.000
54.250 27.750
Building 4 5 0.062
54.000 28.000
54.000 28.250
54.250 28.250
54.250 28.000
Building 4 5 0.062
54.250 28.500
54.250 28.250
54.000 28.250
54.000 28.500
Building 4 5 0.062
54.000 31.500
54.000 31.750
54.250 31.750
54.250 31.500
Building 4 5 0.062
54.000 31.750
54.000 32.000
54.250 32.000
54.250 31.750
Building 4 5 0.062
54.000 32.000
54.000 32.250
54.250 32.250
54.250 32.000
Building 4 5 0.062
54.000 32.250
54.000 32.500
54.250 32.500
54.250 32.250
Building 4 5 0.062
54.000 32.500
54.000 32.750
54.250 32.750
54.250 32.500
Building 4 5 0.062
54.000 32.750
54.000 33.000
54.250 33.000
54.250 32.750
Building 4 5 0.062
54.000 33.000
54.000 33.250
54.250 33.250
54.250 33.000
Building 4 5 0.062
54.250 33.500
54.250 33.250
54.000 33.250
54.000 33.500
Building 4 5 0.062
54.250 26.500
54.250 26.750
54.500 26.750
54.500 26.500
Building 4 5 0.062
54.250 26.750
54.250 27.000
54.500 27.000
54.500 26.750
Building 4 5 0.062
54.250 27.000
54.250 27.250
54.500 27.250
54.500 27.000
Building 4 5 0.062
54.250 27.250
54.250 27.500
54.500 27.500
54.500 27.250
Building 4 5 0.062
54.250 27.500
54.250 27.750
54.500 27.750
54.500 27.500
Building 4 5 0.062
54.250 27.750
54.250 28.000
54.500 28.000
54.500 27.750
Building 4 5 0.062
54.250 28.000
54.250 28.250
54.500 28.250
54.500 28.000
Building 4 5 0.062
54.500 28.500
54.500 28.250
54.250 28.250
54.250 28.500
Building 4 5 0.062
54.250 31.500
54.250 31.750
54.500 31.750
54.500 31.500
Building 4 5 0.062
54.250 31.750
54.250 32.000
54.500 32.000
54.500 31.750
Building 4 5 0.062
54.250 32.000
54.250 32.250
54.500 32.250
54.500 32.000
Building 4 5 0.062
54.250 32.250
54.250 32.500
54.500 32.500
54.500 32.250
Building 4 5 0.062
54.250 32.500
54.250 32.750
54.500 32.750
54.500 32.500
Building 4 5 0.062
54.250 32.750
54.250 33.000
54.500 33.000
54.500 32.750
Building 4 5 0.062
54.250 33.000
54.250 33.250
54.500 33.250
54.500 33.000
Building 4 5 0.062
54.500 33.500
54.500 33.250
54.250 33.250
54.250 33.500
Building 4 5 0.062
54.500 26.500
54.500 26.750
54.750 26.750
54.750 26.500
Building 4 5 0.062
54.500 26.750
54.500 27.000
54.750 27.000
54.750 26.750
Building 4 5 0.062
54.500 27.000
54.500 27.250
54.750 27.250
54.750 27.000
Building 4 5 0.062
54.500 27.250
54.500 27.500
54.750 27.500
54.750 27.250
Building 4 5 0.062
54.500 27.500
54.500 27.750
54.750 27.750
54.750 27.500
Building 4 5 0.062
54.500 27.750
54.500 28.000
54.750 28.000
54.750 27.750
Building 4 5 0.062
54.500 28.000
54.500 28.250
54.750 28.250
54.750 28.000
Building 4 5 0.062
54.750 28.500
54.750 28.250
54.500 28.250
54.500 28.500
Building 4 5 0.062
54.500 31.500
54.500 31.750
54.750 31.750
54.750 31.500
Building 4 5 0.062
54.500 31.750
54.500 32.000
54.750 32.000
54.750 31.750
Building 4 5 0.062
54.500 32.000
54.500 32.250
54.750 32.250
54.750 32.000
Building 4 5 0.062
54.500 32.250
54.500 32.500
54.750 32.500
54.750 32.250
Building 4 5 0.062
54.500 32.500
54.500 32.750
54.750 32.750
54.750 32.500
Building 4 5 0.062
54.500 32.750
54.500 33.000
54.750 33.000
54.750 32.750
Building 4 5 0.062
54.500 33.000
54.500 33.250
54.750 33.250
54.750 33.000
Building 4 5 0.062
54.750 33.500
54.750 33.250
54.500 33.250
54.500 33.500
Building 4 5 0.062
54.750 26.500
54.750 26.750
55.000 26.750
55.000 26.500
Building 4 5 0.062
54.750 26.750
54.750 27.000
55.000 27.000
55.000 26.750
Building 4 5 0.062
54.750 27.000
54.750 27.250
55.000 27.250
55.000 27.000
Building 4 5 0.062
54.750 27.250
54.750 27.500
55.000 27.500
55.000 27.250
Building 4 5 0.062
54.750 27.500
54.750 27.750
55.000 27.750
55.000 27.500
Building 4 5 0.062
54.750 27.750
54.750 28.000
55.000 28.000
55.000 27.750
Building 4 5 0.062
54.750 28.000
54.750 28.250
55.000 28.250
55.000 28.000
Building 4 5 0.062
55.000 28.500
55.000 28.250
54.750 28.250
54.750 28.500
Building 4 5 0.062
54.750 31.500
54.750 31.750
55.000 31.750
55.000 31.500
Building 4 5 0.062
54.750 31.750
54.750 32.000
55.000 32.000
55.000 31.750
Building 4 5 0.062
54.750 32.000
54.750 32.250
55.000 32.250
55.000 32.000
Building 4 5 0.062
54.750 32.250
54.750 32.500
55.000 32.500
55.000 32.250
Building 4 5 0.062
54.750 32.500
54.750 32.750
55.000 32.750
55.000 32.500
Building 4 5 0.062
54.750 32.750
54.750 33.000
55.000 33.000
55.000 32.750
Building 4 5 0.062
54.750 33.000
54.750 33.250
55.000 33.250
55.000 33.000
Building 4 5 0.062
55.000 33.500
55.000 33.250
54.750 33.250
54.750 33.500
Building 4 5 0.062
55.000 26.500
55.000 26.750
55.250 26.750
55.250 26.500
Building 4 5 0.062
55.000 26.750
55.000 27.000
55.250 27.000
55.250 26.750
Building 4 5 0.062
55.000 27.000
55.000 27.250
55.250 27.250
55.250 27.000
Building 4 5 0.062
55.000 27.250
55.000 27.500
55.250 27.500
55.250 27.250
Building 4 5 0.062
55.000 27.500
55.000 27.750
55.250 27.750
55.250 27.500
Building 4 5 0.062
55.000 27.750
55.000 28.000
55.250 28.000
55.250 27.750
Building 4 5 0.062
55.000 28.000
55.000 28.250
55.250 28.250
55.250 28.000
Building 4 5 0.062
55.250 28.500
55.250 28.250
55.000 28.250
55.000 28.500
Building 4 5 0.062
55.000 31.500
55.000 31.750
55.250 31.750
55.250 31.500
Building 4 5 0.062
55.000 31.750
55.000 32.000
55.250 32.000
55.250 31.750
Building 4 5 0.062
55.000 32.000
55.000 32.250
55.250 32.250
55.250 32.000
Building 4 5 0.062
55.000 32.250
55.000 32.500
55.250 32.500
55.250 32.250
Building 4 5 0.062
55.000 32.500
55.000 32.750
55.250 32.750
55.250 32.500
Building 4 5 0.062
55.000 32.750
55.000 33.000
55.250 33.000
55.250 32.750
Building 4 5 0.062
55.000 33.000
55.000 33.250
55.250 33.250
55.250 33.000
Building 4 5 0.062
55.250 33.500
55.250 33.250
55.000 33.250
55.000 33.500
Building 4 5 0.062
55.250 26.500
55.250 26.750
55.500 26.750
55.500 26.500
Building 4 5 0.062
55.250 26.750
55.250 27.000
55.500 27.000
55.500 26.750
Building 4 5 0.062
55.250 27.000
55.250 27.250
55.500 27.250
55.500 27.000
Building 4 5 0.062
55.250 27.250
55.250 27.500
55.500 27.500
55.500 27.250
Building 4 5 0.062
55.250 27.500
55.250 27.750
55.500 27.750
55.500 27.500
Building 4 5 0.062
55.250 27.750
55.250 28.000
55.500 28.000
55.500 27.750
Building 4 5 0.062
55.250 28.000
55.250 28.250
55.500 28.250
55.500 28.000
Building 4 5 0.062
55.500 28.500
55.500 28.250
55.250 28.250
55.250 28.500
Building 4 5 0.062
55.250 31.500
55.250 31.750
55.500 31.750
55.500 31.500
Building 4 5 0.062
55.250 31.750
55.250 32.000
55.500 32.000
55.500 31.750
Building 4 5 0.062
55.250 32.000
55.250 32.250
55.500 32.250
55.500 32.000
Building 4 5 0.062
55.250 32.250
55.250 32.500
55.500 32.500
55.500 32.250
Building 4 5 0.062
55.250 32.500
55.250 32.750
55.500 32.750
55.500 32.500
Building 4 5 0.062
55.250 32.750
55.250 33.000
55.500 33.000
55.500 32.750
Building 4 5 0.062
55.250 33.000
55.250 33.250
55.500 33.250
55.500 33.000
Building 4 5 0.062
55.500 33.500
55.500 33.250
55.250 33.250
55.250 33.500
Building 4 5 0.062
55.500 26.500
55.500 26.750
55.750 26.750
55.750 26.500
Building 4 5 0.062
55.500 26.750
55.500 27.000
55.750 27.000
55.750 26.750
Building 4 5 0.062
55.500 27.000
55.500 27.250
55.750 27.250
55.750 27.000
Building 4 5 0.062
55.500 27.250
55.500 27.500
55.750 27.500
55.750 27.250
Building 4 5 0.062
55.500 27.500
55.500 27.750
55.750 27.750
55.750 27.500
Building 4 5 0.062
55.500 27.750
55.500 28.000
55.750 28.000
55.750 27.750
Building 4 5 0.062
55.500 28.000
55.500 28.250
55.750 28.250
55.750 28.000
Building 4 5 0.062
55.750 28.500
55.750 28.250
55.500 28.250
55.500 28.500
Building 4 5 0.062
55.500 31.500
55.500 31.750
55.750 31.750
55.750 31.500
Building 4 5 0.062
55.500 31.750
55.500 32.000
55.750 32.000
55.750 31.750
Building 4 5 0.062
55.500 32.000
55.500 32.250
55.750 32.250
55.750 32.000
Building 4 5 0.062
55.500 32.250
55.500 32.500
55.750 32.500
55.750 32.250
Building 4 5 0.062
55.500 32.500
55.500 32.750
55.750 32.750
55.750 32.500
Building 4 5 0.062
55.500 32.750
55.500 33.000
55.750 33.000
55.750 32.750
Building 4 5 0.062
55.500 33.000
55.500 33.250
55.750 33.250
55.750 33.000
Building 4 5 0.062
55.750 33.500
55.750 33.250
55.500 33.250
55.500 33.500
Building 4 5 0.062
55.750 26.500
55.750 26.750
56.000 26.750
56.000 26.500
Building 4 5 0.062
55.750 26.750
55.750 27.000
56.000 27.000
56.000 26.750
Building 4 5 0.062
55.750 27.000
55.750 27.250
56.000 27.250
56.000 27.000
Building 4 5 0.062
55.750 27.250
55.750 27.500
56.000 27.500
56.000 27.250
Building 4 5 0.062
55.750 27.500
55.750 27.750
56.000 27.750
56.000 27.500
Building 4 5 0.062
55.750 27.750
55.750 28.000
56.000 28.000
56.000 27.750
Building 4 5 0.062
55.750 28.000
55.750 28.250
56.000 28.250
56.000 28.000
Building 4 5 0.062
56.000 28.500
56.000 28.250
55.750 28.250
55.750 28.500
Building 4 5 0.062
55.750 31.500
55.750 31.750
56.000 31.750
56.000 31.500
Building 4 5 0.062
55.750 31.750
55.750 32.000
56.000 32.000
56.000 31.750
Building 4 5 0.062
55.750 32.000
55.750 32.250
56.000 32.250
56.000 32.000
Building 4 5 0.062
55.750 32.250
55.750 32.500
56.000 32.500
56.000 32.250
Building 4 5 0.062
55.750 32.500
55.750 32.750
56.000 32.750
56.000 32.500
Building 4 5 0.062
55.750 32.750
55.750 33.000
56.000 33.000
56.000 32.750
Building 4 5 0.062
55.750 33.000
55.750 33.250
56.000 33.250
56.000 33.000
Building 4 5 0.062
56.000 33.500
56.000 33.250
55.750 33.250
55.750 33.500
Building 4 5 0.062
56.000 26.500
56.000 26.750
56.250 26.750
56.250 26.500
Building 4 5 0.062
56.000 26.750
56.000 27.000
56.250 27.000
56.250 26.750
Building 4 5 0.062
56.000 27.000
56.000 27.250
56.250 27.250
56.250 27.000
Building 4 5 0.062
56.000 27.250
56.000 27.500
56.250 27.500
56.250 27.250
Building 4 5 0.062
56.000 27.500
56.000 27.750
56.250 27.750
56.250 27.500
Building 4 5 0.062
56.000 27.750
56.000 28.000
56.250 28.000
56.250 27.750
Building 4 5 0.062
56.000 28.000
56.000 28.250
56.250 28.250
56.250 28.000
Building 4 5 0.062
56.250 28.500
56.250 28.250
56.000 28.250
56.000 28.500
Building 4 5 0.062
56.000 31.500
56.000 31.750
56.250 31.750
56.250 31.500
Building 4 5 0.062
56.000 31.750
56.000 32.000
56.250 32.000
56.250 31.750
Building 4 5 0.062
56.000 32.000
56.000 32.250
56.250 32.250
56.250 32.000
Building 4 5 0.062
56.000 32.250
56.000 32.500
56.250 32.500
56.250 32.250
Building 4 5 0.062
56.000 32.500
56.000 32.750
56.250 32.750
56.250 32.500
Building 4 5 0.062
56.000 32.750
56.000 33.000
56.250 33.000
56.250 32.750
Building 4 5 0.062
56.000 33.000
56.000 33.250
56.250 33.250
56.250 33.000
Building 4 5 0.062
56.250 33.500
56.250 33.250
56.000 33.250
56.000 33.500
Building 4 5 0.062
56.250 26.500
56.250 26.750
56.500 26.750
56.500 26.500
Building 4 5 0.062
56.250 26.750
56.250 27.000
56.500 27.000
56.500 26.750
Building 4 5 0.062
56.250 27.000
56.250 27.250
56.500 27.250
56.500 27.000
Building 4 5 0.062
56.250 27.250
56.250 27.500
56.500 27.500
56.500 27.250
Building 4 5 0.062
56.250 27.500
56.250 27.750
56.500 27.750
56.500 27.500
Building 4 5 0.062
56.250 27.750
56.250 28.000
56.500 28.000
56.500 27.750
Building 4 5 0.062
56.250 28.000
56.250 28.250
56.500 28.250
56.500 28.000
Building 4 5 0.062
56.500 28.500
56.500 28.250
56.250 28.250
56.250 28.500
Building 4 5 0.062
56.250 31.500
56.250 31.750
56.500 31.750
56.500 31.500
Building 4 5 0.062
56.250 31.750
56.250 32.000
56.500 32.000
56.500 31.750
Building 4 5 0.062
56.250 32.000
56.250 32.250
56.500 32.250
56.500 32.000
Building 4 5 0.062
56.250 32.250
56.250 32.500
56.500 32.500
56.500 32.250
Building 4 5 0.062
56.250 32.500
56.250 32.750
56.500 32.750
56.500 32.500
Building 4 5 0.062
56.250 32.750
56.250 33.000
56.500 33.000
56.500 32.750
Building 4 5 0.062
56.250 33.000
56.250 33.250
56.500 33.250
56.500 33.000
Building 4 5 0.062
56.500 33.500
56.500 33.250
56.250 33.250
56.250 33.500
Building 4 5 0.062
56.500 26.500
56.500 26.750
56.750 26.750
56.750 26.500
Building 4 5 0.062
56.500 26.750
56.500 27.000
56.750 27.000
56.750 26.750
Building 4 5 0.062
56.500 27.000
56.500 27.250
56.750 27.250
56.750 27.000
Building 4 5 0.062
56.500 27.250
56.500 27.500
56.750 27.500
56.750 27.250
Building 4 5 0.062
56.500 27.500
56.500 27.750
56.750 27.750
56.750 27.500
Building 4 5 0.062
56.500 27.750
56.500 28.000
56.750 28.000
56.750 27.750
Building 4 5 0.062
56.500 28.000
56.500 28.250
56.750 28.250
56.750 28.000
Building 4 5 0.062
56.750 28.500
56.750 28.250
56.500 28.250
56.500 28.500
Building 4 5 0.062
56.500 31.500
56.500 31.750
56.750 31.750
56.750 31.500
Building 4 5 0.062
56.500 31.750
56.500 32.000
56.750 32.000
56.750 31.750
Building 4 5 0.062
56.500 32.000
56.500 32.250
56.750 32.250
56.750 32.000
Building 4 5 0.062
56.500 32.250
56.500 32.500
56.750 32.500
56.750 32.250
Building 4 5 0.062
56.500 32.500
56.500 32.750
56.750 32.750
56.750 32.500
Building 4 5 0.062
56.500 32.750
56.500 33.000
56.750 33.000
56.750 32.750
Building 4 5 0.062
56.500 33.000
56.500 33.250
56.750 33.250
56.750 33.000
Building 4 5 0.062
56.750 33.500
56.750 33.250
56.500 33.250
56.500 33.500
Building 4 5 0.062
56.750 26.500
56.750 26.750
57.000 26.750
57.000 26.500
Building 4 5 0.062
56.750 26.750
56.750 27.000
57.000 27.000
57.000 26.750
Building 4 5 0.062
56.750 27.000
56.750 27.250
57.000 27.250
57.000 27.000
Building 4 5 0.062
56.750 27.250
56.750 27.500
57.000 27.500
57.000 27.250
Building 4 5 0.062
56.750 27.500
56.750 27.750
57.000 27.750
57.000 27.500
Building 4 5 0.062
56.750 27.750
56.750 28.000
57.000 28.000
57.000 27.750
Building 4 5 0.062
56.750 28.000
56.750 28.250
57.000 28.250
57.000 28.000
Building 4 5 0.062
57.000 28.500
57.000 28.250
56.750 28.250
56.750 28.500
Building 4 5 0.062
56.750 31.500
56.750 31.750
57.000 31.750
57.000 31.500
Building 4 5 0.062
56.750 31.750
56.750 32.000
57.000 32.000
57.000 31.750
Building 4 5 0.062
56.750 32.000
56.750 32.250
57.000 32.250
57.000 32.000
Building 4 5 0.062
56.750 32.250
56.750 32.500
57.000 32.500
57.000 32.250
Building 4 5 0.062
56.750 32.500
56.750 32.750
57.000 32.750
57.000 32.500
Building 4 5 0.062
56.750 32.750
56.750 33.000
57.000 33.000
57.000 32.750
Building 4 5 0.062
56.750 33.000
56.750 33.250
57.000 33.250
57.000 33.000
Building 4 5 0.062
57.000 33.500
57.000 33.250
56.750 33.250
56.750 33.500
Building 4 5 0.062
57.000 26.500
57.000 26.750
57.250 26.750
57.250 26.500
Building 4 5 0.062
57.000 26.750
57.000 27.000
57.250 27.000
57.250 26.750
Building 4 5 0.062
57.000 27.000
57.000 27.250
57.250 27.250
57.250 27.000
Building 4 5 0.062
57.000 27.250
57.000 27.500
57.250 27.500
57.250 27.250
Building 4 5 0.062
57.000 27.500
57.000 27.750
57.250 27.750
57.250 27.500
Building 4 5 0.062
57.000 27.750
57.000 28.000
57.250 28.000
57.250 27.750
Building 4 5 0.062
57.000 28.000
57.000 28.250
57.250 28.250
57.250 28.000
Building 4 5 0.062
57.250 28.500
57.250 28.250
57.000 28.250
57.000 28.500
Building 4 5 0.062
57.000 31.500
57.000 31.750
57.250 31.750
57.250 31.500
Building 4 5 0.062
57.000 31.750
57.000 32.000
57.250 32.000
57.250 31.750
Building 4 5 0.062
57.000 32.000
57.000 32.250
57.250 32.250
57.250 32.000
Building 4 5 0.062
57.000 32.250
57.000 32.500
57.250 32.500
57.250 32.250
Building 4 5 0.062
57.000 32.500
57.000 32.750
57.250 32.750
57.250 32.500
Building 4 5 0.062
57.000 32.750
57.000 33.000
57.250 33.000
57.250 32.750
Building 4 5 0.062
57.000 33.000
57.000 33.250
57.250 33.250
57.250 33.000
Building 4 5 0.062
57.250 33.500
57.250 33.250
57.000 33.250
57.000 33.500
Building 4 5 0.062
57.250 26.500
57.250 26.750
57.500 26.750
57.500 26.500
Building 4 5 0.062
57.250 26.750
57.250 27.000
57.500 27.000
57.500 26.750
Building 4 5 0.062
57.250 27.000
57.250 27.250
57.500 27.250
57.500 27.000
Building 4 5 0.062
57.250 27.250
57.250 27.500
57.500 27.500
57.500 27.250
Building 4 5 0.062
57.250 27.500
57.250 27.750
57.500 27.750
57.500 27.500
Building 4 5 0.062
57.250 27.750
57.250 28.000
57.500 28.000
57.500 27.750
Building 4 5 0.062
57.250 28.000
57.250 28.250
57.500 28.250
57.500 28.000
Building 4 5 0.062
57.500 28.500
57.500 28.250
57.250 28.250
57.250 28.500
Building 4 5 0.062
57.250 31.500
57.250 31.750
57.500 31.750
57.500 31.500
Building 4 5 0.062
57.250 31.750
57.250 32.000
57.500 32.000
57.500 31.750
Building 4 5 0.062
57.250 32.000
57.250 32.250
57.500 32.250
57.500 32.000
Building 4 5 0.062
57.250 32.250
57.250 32.500
57.500 32.500
57.500 32.250
Building 4 5 0.062
57.250 32.500
57.250 32.750
57.500 32.750
57.500 32.500
Building 4 5 0.062
57.250 32.750
57.250 33.000
57.500 33.000
57.500 32.750
Building 4 5 0.062
57.250 33.000
57.250 33.250
57.500 33.250
57.500 33.000
Building 4 5 0.062
57.500 33.500
57.500 33.250
57.250 33.250
57.250 33.500
Building 4 5 0.062
57.500 26.500
57.500 26.750
57.750 26.750
57.750 26.500
Building 4 5 0.062
57.500 26.750
57.500 27.000
57.750 27.000
57.750 26.750
Building 4 5 0.062
57.500 27.000
57.500 27.250
57.750 27.250
57.750 27.000
Building 4 5 0.062
57.500 27.250
57.500 27.500
57.750 27.500
57.750 27.250
Building 4 5 0.062
57.500 27.500
57.500 27.750
57.750 27.750
57.750 27.500
Building 4 5 0.062
57.500 27.750
57.500 28.000
57.750 28.000
57.750 27.750
Building 4 5 0.062
57.500 28.000
57.500 28.250
57.750 28.250
57.750 28.000
Building 4 5 0.062
57.750 28.500
57.750 28.250
57.500 28.250
57.500 28.500
Building 4 5 0.062
57.500 31.500
57.500 31.750
57.750 31.750
57.750 31.500
Building 4 5 0.062
57.500 31.750
57.500 32.000
57.750 32.000
57.750 31.750
Building 4 5 0.062
57.500 32.000
57.500 32.250
57.750 32.250
57.750 32.000
Building 4 5 0.062
57.500 32.250
57.500 32.500
57.750 32.500
57.750 32.250
Building 4 5 0.062
57.500 32.500
57.500 32.750
57.750 32.750
57.750 32.500
Building 4 5 0.062
57.500 32.750
57.500 33.000
57.750 33.000
57.750 32.750
Building 4 5 0.062
57.500 33.000
57.500 33.250
57.750 33.250
57.750 33.000
Building 4 5 0.062
57.750 33.500
57.750 33.250
57.500 33.250
57.500 33.500
Building 4 5 0.062
57.750 26.500
57.750 26.750
58.000 26.750
58.000 26.500
Building 4 5 0.062
57.750 26.750
57.750 27.000
58.000 27.000
58.000 26.750
Building 4 5 0.062
57.750 27.000
57.750 27.250
58.000 27.250
58.000 27.000
Building 4 5 0.062
57.750 27.250
57.750 27.500
58.000 27.500
58.000 27.250
Building 4 5 0.062
57.750 27.500
57.750 27.750
58.000 27.750
58.000 27.500
Building 4 5 0.062
57.750 27.750
57.750 28.000
58.000 28.000
58.000 27.750
Building 4 5 0.062
57.750 28.000
57.750 28.250
58.000 28.250
58.000 28.000
Building 4 5 0.062
58.000 28.500
58.000 28.250
57.750 28.250
57.750 28.500
Building 4 5 0.062
57.750 31.500
57.750 31.750
58.000 31.750
58.000 31.500
Building 4 5 0.062
57.750 31.750
57.750 32.000
58.000 32.000
58.000 31.750
Building 4 5 0.062
57.750 32.000
57.750 32.250
58.000 32.250
58.000 32.000
Building 4 5 0.062
57.750 32.250
57.750 32.500
58.000 32.500
58.000 32.250
Building 4 5 0.062
57.750 32.500
57.750 32.750
58.000 32.750
58.000 32.500
Building 4 5 0.062
57.750 32.750
57.750 33.000
58.000 33.000
58.000 32.750
Building 4 5 0.062
57.750 33.000
57.750 33.250
58.000 33.250
58.000 33.000
Building 4 5 0.062
58.000 33.500
58.000 33.250
57.750 33.250
57.750 33.500
Building 4 5 0.062
58.000 26.500
58.000 26.750
58.250 26.750
58.250 26.500
Building 4 5 0.062
58.000 26.750
58.000 27.000
58.250 27.000
58.250 26.750
Building 4 5 0.062
58.000 27.000
58.000 27.250
58.250 27.250
58.250 27.000
Building 4 5 0.062
58.000 27.250
58.000 27.500
58.250 27.500
58.250 27.250
Building 4 5 0.062
58.000 27.500
58.000 27.750
58.250 27.750
58.250 27.500
Building 4 5 0.062
58.000 27.750
58.000 28.000
58.250 28.000
58.250 27.750
Building 4 5 0.062
58.000 28.000
58.000 28.250
58.250 28.250
58.250 28.000
Building 4 5 0.062
58.250 28.500
58.250 28.250
58.000 28.250
58.000 28.500
Building 4 5 0.062
58.000 31.500
58.000 31.750
58.250 31.750
58.250 31.500
Building 4 5 0.062
58.000 31.750
58.000 32.000
58.250 32.000
58.250 31.750
Building 4 5 0.062
58.000 32.000
58.000 32.250
58.250 32.250
58.250 32.000
Building 4 5 0.062
58.000 32.250
58.000 32.500
58.250 32.500
58.250 32.250
Building 4 5 0.062
58.000 32.500
58.000 32.750
58.250 32.750
58.250 32.500
Building 4 5 0.062
58.000 32.750
58.000 33.000
58.250 33.000
58.250 32.750
Building 4 5 0.062
58.000 33.000
58.000 33.250
58.250 33.250
58.250 33.000
Building 4 5 0.062
58.250 33.500
58.250 33.250
58.000 33.250
58.000 33.500
Building 4 5 0.062
58.250 26.500
58.250 26.750
58.500 26.750
58.500 26.500
Building 4 5 0.062
58.250 26.750
58.250 27.000
58.500 27.000
58.500 26.750
Building 4 5 0.062
58.250 27.000
58.250 27.250
58.500 27.250
58.500 27.000
Building 4 5 0.062
58.250 27.250
58.250 27.500
58.500 27.500
58.500 27.250
Building 4 5 0.062
58.250 27.500
58.250 27.750
58.500 27.750
58.500 27.500
Building 4 5 0.062
58.250 27.750
58.250 28.000
58.500 28.000
58.500 27.750
Building 4 5 0.062
58.250 28.000
58.250 28.250
58.500 28.250
58.500 28.000
Building 4 5 0.062
58.500 28.500
58.500 28.250
58.250 28.250
58.250 28.500
Building 4 5 0.062
58.250 31.500
58.250 31.750
58.500 31.750
58.500 31.500
Building 4 5 0.062
58.250 31.750
58.250 32.000
58.500 32.000
58.500 31.750
Building 4 5 0.062
58.250 32.000
58.250 32.250
58.500 32.250
58.500 32.000
Building 4 5 0.062
58.250 32.250
58.250 32.500
58.500 32.500
58.500 32.250
Building 4 5 0.062
58.250 32.500
58.250 32.750
58.500 32.750
58.500 32.500
Building 4 5 0.062
58.250 32.750
58.250 33.000
58.500 33.000
58.500 32.750
Building 4 5 0.062
58.250 33.000
58.250 33.250
58.500 33.250
58.500 33.000
Building 4 5 0.062
58.500 33.500
58.500 33.250
58.250 33.250
58.250 33.500
Building 4 5 0.062
58.500 26.500
58.500 26.750
58.750 26.750
58.750 26.500
Building 4 5 0.062
58.500 26.750
58.500 27.000
58.750 27.000
58.750 26.750
Building 4 5 0.062
58.500 27.000
58.500 27.250
58.750 27.250
58.750 27.000
Building 4 5 0.062
58.500 27.250
58.500 27.500
58.750 27.500
58.750 27.250
Building 4 5 0.062
58.500 27.500
58.500 27.750
58.750 27.750
58.750 27.500
Building 4 5 0.062
58.500 27.750
58.500 28.000
58.750 28.000
58.750 27.750
Building 4 5 0.062
58.500 28.000
58.500 28.250
58.750 28.250
58.750 28.000
Building 4 5 0.062
58.750 28.500
58.750 28.250
58.500 28.250
58.500 28.500
Building 4 5 0.062
58.500 31.500
58.500 31.750
58.750 31.750
58.750 31.500
Building 4 5 0.062
58.500 31.750
58.500 32.000
58.750 32.000
58.750 31.750
Building 4 5 0.062
58.500 32.000
58.500 32.250
58.750 32.250
58.750 32.000
Building 4 5 0.062
58.500 32.250
58.500 32.500
58.750 32.500
58.750 32.250
Building 4 5 0.062
58.500 32.500
58.500 32.750
58.750 32.750
58.750 32.500
Building 4 5 0.062
58.500 32.750
58.500 33.000
58.750 33.000
58.750 32.750
Building 4 5 0.062
58.500 33.000
58.500 33.250
58.750 33.250
58.750 33.000
Building 4 5 0.062
58.750 33.500
58.750 33.250
58.500 33.250
58.500 33.500
Building 4 5 0.062
58.750 26.500
58.750 26.750
59.000 26.750
59.000 26.500
Building 4 5 0.062
58.750 26.750
58.750 27.000
59.000 27.000
59.000 26.750
Building 4 5 0.062
58.750 27.000
58.750 27.250
59.000 27.250
59.000 27.000
Building 4 5 0.062
58.750 27.250
58.750 27.500
59.000 27.500
59.000 27.250
Building 4 5 0.062
58.750 27.500
58.750 27.750
59.000 27.750
59.000 27.500
Building 4 5 0.062
58.750 27.750
58.750 28.000
59.000 28.000
59.000 27.750
Building 4 5 0.062
58.750 28.000
58.750 28.250
59.000 28.250
59.000 28.000
Building 4 5 0.062
59.000 28.500
59.000 28.250
58.750 28.250
58.750 28.500
Building 4 5 0.062
58.750 31.500
58.750 31.750
59.000 31.750
59.000 31.500
Building 4 5 0.062
58.750 31.750
58.750 32.000
59.000 32.000
59.000 31.750
Building 4 5 0.062
58.750 32.000
58.750 32.250
59.000 32.250
59.000 32.000
Building 4 5 0.062
58.750 32.250
58.750 32.500
59.000 32.500
59.000 32.250
Building 4 5 0.062
58.750 32.500
58.750 32.750
59.000 32.750
59.000 32.500
Building 4 5 0.062
58.750 32.750
58.750 33.000
59.000 33.000
59.000 32.750
Building 4 5 0.062
58.750 33.000
58.750 33.250
59.000 33.250
59.000 33.000
Building 4 5 0.062
59.000 33.500
59.000 33.250
58.750 33.250
58.750 33.500
Building 4 5 0.062
59.000 26.500
59.000 26.750
59.250 26.750
59.250 26.500
Building 4 5 0.062
59.000 26.750
59.000 27.000
59.250 27.000
59.250 26.750
Building 4 5 0.062
59.000 27.000
59.000 27.250
59.250 27.250
59.250 27.000
Building 4 5 0.062
59.000 27.250
59.000 27.500
59.250 27.500
59.250 27.250
Building 4 5 0.062
59.000 27.500
59.000 27.750
59.250 27.750
59.250 27.500
Building 4 5 0.062
59.000 27.750
59.000 28.000
59.250 28.000
59.250 27.750
Building 4 5 0.062
59.000 28.000
59.000 28.250
59.250 28.250
59.250 28.000
Building 4 5 0.062
59.250 28.500
59.250 28.250
59.000 28.250
59.000 28.500
Building 4 5 0.062
59.000 31.500
59.000 31.750
59.250 31.750
59.250 31.500
Building 4 5 0.062
59.000 31.750
59.000 32.000
59.250 32.000
59.250 31.750
Building 4 5 0.062
59.000 32.000
59.000 32.250
59.250 32.250
59.250 32.000
Building 4 5 0.062
59.000 32.250
59.000 32.500
59.250 32.500
59.250 32.250
Building 4 5 0.062
59.000 32.500
59.000 32.750
59.250 32.750
59.250 32.500
Building 4 5 0.062
59.000 32.750
59.000 33.000
59.250 33.000
59.250 32.750
Building 4 5 0.062
59.000 33.000
59.000 33.250
59.250 33.250
59.250 33.000
Building 4 5 0.062
59.250 33.500
59.250 33.250
59.000 33.250
59.000 33.500
Building 4 5 0.062
59.250 26.500
59.250 26.750
59.500 26.750
59.500 26.500
Building 4 5 0.062
59.250 26.750
59.250 27.000
59.500 27.000
59.500 26.750
Building 4 5 0.062
59.250 27.000
59.250 27.250
59.500 27.250
59.500 27.000
Building 4 5 0.062
59.250 27.250
59.250 27.500
59.500 27.500
59.500 27.250
Building 4 5 0.062
59.250 27.500
59.250 27.750
59.500 27.750
59.500 27.500
Building 4 5 0.062
59.250 27.750
59.250 28.000
59.500 28.000
59.500 27.750
Building 4 5 0.062
59.250 28.000
59.250 28.250
59.500 28.250
59.500 28.000
Building 4 5 0.062
59.500 28.500
59.500 28.250
59.250 28.250
59.250 28.500
Building 4 5 0.062
59.250 31.500
59.250 31.750
59.500 31.750
59.500 31.500
Building 4 5 0.062
59.250 31.750
59.250 32.000
59.500 32.000
59.500 31.750
Building 4 5 0.062
59.250 32.000
59.250 32.250
59.500 32.250
59.500 32.000
Building 4 5 0.062
59.250 32.250
59.250 32.500
59.500 32.500
59.500 32.250
Building 4 5 0.062
59.250 32.500
59.250 32.750
59.500 32.750
59.500 32.500
Building 4 5 0.062
59.250 32.750
59.250 33.000
59.500 33.000
59.500 32.750
Building 4 5 0.062
59.250 33.000
59.250 33.250
59.500 33.250
59.500 33.000
Building 4 5 0.062
59.500 33.500
59.500 33.250
59.250 33.250
59.250 33.500
Building 4 5 0.062
59.500 26.500
59.500 26.750
59.750 26.750
59.750 26.500
Building 4 5 0.062
59.500 26.750
59.500 27.000
59.750 27.000
59.750 26.750
Building 4 5 0.062
59.500 27.000
59.500 27.250
59.750 27.250
59.750 27.000
Building 4 5 0.062
59.500 27.250
59.500 27.500
59.750 27.500
59.750 27.250
Building 4 5 0.062
59.500 27.500
59.500 27.750
59.750 27.750
59.750 27.500
Building 4 5 0.062
59.500 27.750
59.500 28.000
59.750 28.000
59.750 27.750
Building 4 5 0.062
59.500 28.000
59.500 28.250
59.750 28.250
59.750 28.000
Building 4 5 0.062
59.750 28.500
59.750 28.250
59.500 28.250
59.500 28.500
Building 4 5 0.062
59.500 31.500
59.500 31.750
59.750 31.750
59.750 31.500
Building 4 5 0.062
59.500 31.750
59.500 32.000
59.750 32.000
59.750 31.750
Building 4 5 0.062
59.500 32.000
59.500 32.250
59.750 32.250
59.750 32.000
Building 4 5 0.062
59.500 32.250
59.500 32.500
59.750 32.500
59.750 32.250
Building 4 5 0.062
59.500 32.500
59.500 32.750
59.750 32.750
59.750 32.500
Building 4 5 0.062
59.500 32.750
59.500 33.000
59.750 33.000
59.750 32.750
Building 4 5 0.062
59.500 33.000
59.500 33.250
59.750 33.250
59.750 33.000
Building 4 5 0.062
59.750 33.500
59.750 33.250
59.500 33.250
59.500 33.500
Building 4 5 0.062
59.750 26.500
59.750 26.750
60.000 26.750
60.000 26.500
Building 4 5 0.062
59.750 26.750
59.750 27.000
60.000 27.000
60.000 26.750
Building 4 5 0.062
59.750 27.000
59.750 27.250
60.000 27.250
60.000 27.000
Building 4 5 0.062
59.750 27.250
59.750 27.500
60.000 27.500
60.000 27.250
Building 4 5 0.062
59.750 27.500
59.750 27.750
60.000 27.750
60.000 27.500
Building 4 5 0.062
59.750 27.750
59.750 28.000
60.000 28.000
60.000 27.750
Building 4 5 0.062
59.750 28.000
59.750 28.250
60.000 28.250
60.000 28.000
Building 4 5 0.062
60.000 28.500
60.000 28.250
59.750 28.250
59.750 28.500
Building 4 5 0.062
59.750 31.500
59.750 31.750
60.000 31.750
60.000 31.500
Building 4 5 0.062
59.750 31.750
59.750 32.000
60.000 32.000
60.000 31.750
Building 4 5 0.062
59.750 32.000
59.750 32.250
60.000 32.250
60.000 32.000
Building 4 5 0.062
59.750 32.250
59.750 32.500
60.000 32.500
60.000 32.250
Building 4 5 0.062
59.750 32.500
59.750 32.750
60.000 32.750
60.000 32.500
Building 4 5 0.062
59.750 32.750
59.750 33.000
60.000 33.000
60.000 32.750
Building 4 5 0.062
59.750 33.000
59.750 33.250
60.000 33.250
60.000 33.000
Building 4 5 0.062
60.000 33.500
60.000 33.250
59.750 33.250
59.750 33.500
Building 4 5 0.062
60.000 26.500
60.000 26.750
60.250 26.750
60.250 26.500
Building 4 5 0.062
60.000 26.750
60.000 27.000
60.250 27.000
60.250 26.750
Building 4 5 0.062
60.000 27.000
60.000 27.250
60.250 27.250
60.250 27.000
Building 4 5 0.062
60.000 27.250
60.000 27.500
60.250 27.500
60.250 27.250
Building 4 5 0.062
60.000 27.500
60.000 27.750
60.250 27.750
60.250 27.500
Building 4 5 0.062
60.000 27.750
60.000 28.000
60.250 28.000
60.250 27.750
Building 4 5 0.062
60.000 28.000
60.000 28.250
60.250 28.250
60.250 28.000
Building 4 5 0.062
60.250 28.500
60.250 28.250
60.000 28.250
60.000 28.500
Building 4 5 0.062
60.000 31.500
60.000 31.750
60.250 31.750
60.250 31.500
Building 4 5 0.062
60.000 31.750
60.000 32.000
60.250 32.000
60.250 31.750
Building 4 5 0.062
60.000 32.000
60.000 32.250
60.250 32.250
60.250 32.000
Building 4 5 0.062
60.000 32.250
60.000 32.500
60.250 32.500
60.250 32.250
Building 4 5 0.062
60.000 32.500
60.000 32.750
60.250 32.750
60.250 32.500
Building 4 5 0.062
60.000 32.750
60.000 33.000
60.250 33.000
60.250 32.750
Building 4 5 0.062
60.000 33.000
60.000 33.250
60.250 33.250
60.250 33.000
Building 4 5 0.062
60.250 33.500
60.250 33.250
60.000 33.250
60.000 33.500
Building 4 5 0.062
60.250 26.500
60.250 26.750
60.500 26.750
60.500 26.500
Building 4 5 0.062
60.250 26.750
60.250 27.000
60.500 27.000
60.500 26.750
Building 4 5 0.062
60.250 27.000
60.250 27.250
60.500 27.250
60.500 27.000
Building 4 5 0.062
60.250 27.250
60.250 27.500
60.500 27.500
60.500 27.250
Building 4 5 0.062
60.250 27.500
60.250 27.750
60.500 27.750
60.500 27.500
Building 4 5 0.062
60.250 27.750
60.250 28.000
60.500 28.000
60.500 27.750
Building 4 5 0.062
60.250 28.000
60.250 28.250
60.500 28.250
60.500 28.000
Building 4 5 0.062
60.500 28.500
60.500 28.250
60.250 28.250
60.250 28.500
Building 4 5 0.062
60.250 31.500
60.250 31.750
60.500 31.750
60.500 31.500
Building 4 5 0.062
60.250 31.750
60.250 32.000
60.500 32.000
60.500 31.750
Building 4 5 0.062
60.250 32.000
60.250 32.250
60.500 32.250
60.500 32.000
Building 4 5 0.062
60.250 32.250
60.250 32.500
60.500 32.500
60.500 32.250
Building 4 5 0.062
60.250 32.500
60.250 32.750
60.500 32.750
60.500 32.500
Building 4 5 0.062
60.250 32.750
60.250 33.000
60.500 33.000
60.500 32.750
Building 4 5 0.062
60.250 33.000
60.250 33.250
60.500 33.250
60.500 33.000
Building 4 5 0.062
60.500 33.500
60.500 33.250
60.250 33.250
60.250 33.500
Building 4 5 0.062
60.500 26.500
60.500 26.750
60.750 26.750
60.750 26.500
Building 4 5 0.062
60.500 26.750
60.500 27.000
60.750 27.000
60.750 26.750
Building 4 5 0.062
60.500 27.000
60.500 27.250
60.750 27.250
60.750 27.000
Building 4 5 0.062
60.500 27.250
60.500 27.500
60.750 27.500
60.750 27.250
Building 4 5 0.062
60.500 27.500
60.500 27.750
60.750 27.750
60.750 27.500
Building 4 5 0.062
60.500 27.750
60.500 28.000
60.750 28.000
60.750 27.750
Building 4 5 0.062
60.500 28.000
60.500 28.250
60.750 28.250
60.750 28.000
Building 4 5 0.062
60.750 28.500
60.750 28.250
60.500 28.250
60.500 28.500
Building 4 5 0.062
60.500 31.500
60.500 31.750
60.750 31.750
60.750 31.500
Building 4 5 0.062
60.500 31.750
60.500 32.000
60.750 32.000
60.750 31.750
Building 4 5 0.062
60.500 32.000
60.500 32.250
60.750 32.250
60.750 32.000
Building 4 5 0.062
60.500 32.250
60.500 32.500
60.750 32.500
60.750 32.250
Building 4 5 0.062
60.500 32.500
60.500 32.750
60.750 32.750
60.750 32.500
Building 4 5 0.062
60.500 32.750
60.500 33.000
60.750 33.000
60.750 32.750
Building 4 5 0.062
60.500 33.000
60.500 33.250
60.750 33.250
60.750 33.000
Building 4 5 0.062
60.750 33.500
60.750 33.250
60.500 33.250
60.500 33.500
Building 4 5 0.062
60.750 26.500
60.750 26.750
61.000 26.750
61.000 26.500
Building 4 5 0.062
60.750 26.750
60.750 27.000
61.000 27.000
61.000 26.750
Building 4 5 0.062
60.750 27.000
60.750 27.250
61.000 27.250
61.000 27.000
Building 4 5 0.062
60.750 27.250
60.750 27.500
61.000 27.500
61.000 27.250
Building 4 5 0.062
60.750 27.500
60.750 27.750
61.000 27.750
61.000 27.500
Building 4 5 0.062
60.750 27.750
60.750 28.000
61.000 28.000
61.000 27.750
Building 4 5 0.062
60.750 28.000
60.750 28.250
61.000 28.250
61.000 28.000
Building 4 5 0.062
61.000 28.500
61.000 28.250
60.750 28.250
60.750 28.500
Building 4 5 0.062
60.750 31.500
60.750 31.750
61.000 31.750
61.000 31.500
Building 4 5 0.062
60.750 31.750
60.750 32.000
61.000 32.000
61.000 31.750
Building 4 5 0.062
60.750 32.000
60.750 32.250
61.000 32.250
61.000 32.000
Building 4 5 0.062
60.750 32.250
60.750 32.500
61.000 32.500
61.000 32.250
Building 4 5 0.062
60.750 32.500
60.750 32.750
61.000 32.750
61.000 32.500
Building 4 5 0.062
60.750 32.750
60.750 33.000
61.000 33.000
61.000 32.750
Building 4 5 0.062
60.750 33.000
60.750 33.250
61.000 33.250
61.000 33.000
Building 4 5 0.062
61.000 33.500
61.000 33.250
60.750 33.250
60.750 33.500
Building 4 5 0.062
61.000 26.500
61.000 26.750
61.250 26.750
61.250 26.500
Building 4 5 0.062
61.000 26.750
61.000 27.000
61.250 27.000
61.250 26.750
Building 4 5 0.062
61.000 27.000
61.000 27.250
61.250 27.250
61.250 27.000
Building 4 5 0.062
61.000 27.250
61.000 27.500
61.250 27.500
61.250 27.250
Building 4 5 0.062
61.000 27.500
61.000 27.750
61.250 27.750
61.250 27.500
Building 4 5 0.062
61.000 27.750
61.000 28.000
61.250 28.000
61.250 27.750
Building 4 5 0.062
61.000 28.000
61.000 28.250
61.250 28.250
61.250 28.000
Building 4 5 0.062
61.250 28.500
61.250 28.250
61.000 28.250
61.000 28.500
Building 4 5 0.062
61.000 31.500
61.000 31.750
61.250 31.750
61.250 31.500
Building 4 5 0.062
61.000 31.750
61.000 32.000
61.250 32.000
61.250 31.750
Building 4 5 0.062
61.000 32.000
61.000 32.250
61.250 32.250
61.250 32.000
Building 4 5 0.062
61.000 32.250
61.000 32.500
61.250 32.500
61.250 32.250
Building 4 5 0.062
61.000 32.500
61.000 32.750
61.250 32.750
61.250 32.500
Building 4 5 0.062
61.000 32.750
61.000 33.000
61.250 33.000
61.250 32.750
Building 4 5 0.062
61.000 33.000
61.000 33.250
61.250 33.250
61.250 33.000
Building 4 5 0.062
61.250 33.500
61.250 33.250
61.000 33.250
61.000 33.500
Building 4 5 0.062
61.250 26.500
61.250 26.750
61.500 26.750
61.500 26.500
Building 4 5 0.062
61.250 26.750
61.250 27.000
61.500 27.000
61.500 26.750
Building 4 5 0.062
61.250 27.000
61.250 27.250
61.500 27.250
61.500 27.000
Building 4 5 0.062
61.250 27.250
61.250 27.500
61.500 27.500
61.500 27.250
Building 4 5 0.062
61.250 27.500
61.250 27.750
61.500 27.750
61.500 27.500
Building 4 5 0.062
61.250 27.750
61.250 28.000
61.500 28.000
61.500 27.750
Building 4 5 0.062
61.250 28.000
61.250 28.250
61.500 28.250
61.500 28.000
Building 4 5 0.062
61.500 28.500
61.500 28.250
61.250 28.250
61.250 28.500
Building 4 5 0.062
61.250 31.500
61.250 31.750
61.500 31.750
61.500 31.500
Building 4 5 0.062
61.250 31.750
61.250 32.000
61.500 32.000
61.500 31.750
Building 4 5 0.062
61.250 32.000
61.250 32.250
61.500 32.250
61.500 32.000
Building 4 5 0.062
61.250 32.250
61.250 32.500
61.500 32.500
61.500 32.250
Building 4 5 0.062
61.250 32.500
61.250 32.750
61.500 32.750
61.500 32.500
Building 4 5 0.062
61.250 32.750
61.250 33.000
61.500 33.000
61.500 32.750
Building 4 5 0.062
61.250 33.000
61.250 33.250
61.500 33.250
61.500 33.000
Building 4 5 0.062
61.500 33.500
61.500 33.250
61.250 33.250
61.250 33.500
Building 4 5 0.062
61.500 26.500
61.500 26.750
61.750 26.750
61.750 26.500
Building 4 5 0.062
61.500 26.750
61.500 27.000
61.750 27.000
61.750 26.750
Building 4 5 0.062
61.500 27.000
61.500 27.250
61.750 27.250
61.750 27.000
Building 4 5 0.062
61.500 27.250
61.500 27.500
61.750 27.500
61.750 27.250
Building 4 5 0.062
61.500 27.500
61.500 27.750
61.750 27.750
61.750 27.500
Building 4 5 0.062
61.500 27.750
61.500 28.000
61.750 28.000
61.750 27.750
Building 4 5 0.062
61.500 28.000
61.500 28.250
61.750 28.250
61.750 28.000
Building 4 5 0.062
61.750 28.500
61.750 28.250
61.500 28.250
61.500 28.500
Building 4 5 0.062
61.500 31.500
61.500 31.750
61.750 31.750
61.750 31.500
Building 4 5 0.062
61.500 31.750
61.500 32.000
61.750 32.000
61.750 31.750
Building 4 5 0.062
61.500 32.000
61.500 32.250
61.750 32.250
61.750 32.000
Building 4 5 0.062
61.500 32.250
61.500 32.500
61.750 32.500
61.750 32.250
Building 4 5 0.062
61.500 32.500
61.500 32.750
61.750 32.750
61.750 32.500
Building 4 5 0.062
61.500 32.750
61.500 33.000
61.750 33.000
61.750 32.750
Building 4 5 0.062
61.500 33.000
61.500 33.250
61.750 33.250
61.750 33.000
Building 4 5 0.062
61.750 33.500
61.750 33.250
61.500 33.250
61.500 33.500
Building 4 5 0.062
61.500 33.750
61.750 33.750
61.750 33.500
61.500 33.500
Building 4 5 0.062
61.500 34.000
61.750 34.000
61.750 33.750
61.500 33.750
Building 4 5 0.062
61.500 34.250
61.750 34.250
61.750 34.000
61.500 34.000
Building 4 5 0.062
61.500 34.500
61.750 34.500
61.750 34.250
61.500 34.250
Building 4 5 0.062
61.500 34.750
61.750 34.750
61.750 34.500
61.500 34.500
Building 4 5 0.062
61.500 35.000
61.750 35.000
61.750 34.750
61.500 34.750
Building 4 5 0.062
61.500 35.250
61.750 35.250
61.750 35.000
61.500 35.000
Building 4 5 0.062
61.500 35.500
61.750 35.500
61.750 35.250
61.500 35.250
Building 4 5 0.062
61.500 35.750
61.750 35.750
61.750 35.500
61.500 35.500
Building 4 5 0.062
61.500 36.000
61.750 36.000
61.750 35.750
61.500 35.750
Building 4 5 0.062
61.500 36.250
61.750 36.250
61.750 36.000
61.500 36.000
Building 4 5 0.062
61.500 36.500
61.750 36.500
61.750 36.250
61.500 36.250
Building 4 5 0.062
61.500 36.750
61.750 36.750
61.750 36.500
61.500 36.500
Building 4 5 0.062
61.500 37.000
61.750 37.000
61.750 36.750
61.500 36.750
Building 4 5 0.062
61.500 37.250
61.750 37.250
61.750 37.000
61.500 37.000
Building 4 5 0.062
61.500 37.500
61.750 37.500
61.750 37.250
61.500 37.250
Building 4 5 0.062
61.500 37.750
61.750 37.750
61.750 37.500
61.500 37.500
Building 4 5 0.062
61.500 38.000
61.750 38.000
61.750 37.750
61.500 37.750
Building 4 5 0.062
61.500 38.250
61.750 38.250
61.750 38.000
61.500 38.000
Building 4 5 0.062
61.500 38.500
61.750 38.500
61.750 38.250
61.500 38.250
Building 4 5 0.062
61.500 38.750
61.750 38.750
61.750 38.500
61.500 38.500
Building 4 5 0.062
61.500 39.000
61.750 39.000
61.750 38.750
61.500 38.750
Building 4 5 0.062
61.500 39.250
61.750 39.250
61.750 39.000
61.500 39.000
Building 4 5 0.062
61.500 39.500
61.750 39.500
61.750 39.250
61.500 39.250
Building 4 5 0.062
61.500 39.750
61.750 39.750
61.750 39.500
61.500 39.500
Building 4 5 0.062
61.500 40.000
61.750 40.000
61.750 39.750
61.500 39.750
Building 4 5 0.062
61.500 40.250
61.750 40.250
61.750 40.000
61.500 40.000
Building 4 5 0.062
61.500 40.500
61.750 40.500
61.750 40.250
61.500 40.250
Building 4 5 0.062
61.500 40.750
61.750 40.750
61.750 40.500
61.500 40.500
Building 4 5 0.062
61.500 41.000
61.750 41.000
61.750 40.750
61.500 40.750
Building 4 5 0.062
61.500 41.250
61.750 41.250
61.750 41.000
61.500 41.000
Building 4 5 0.062
61.500 41.500
61.750 41.500
61.750 41.250
61.500 41.250
Building 4 5 0.062
61.500 41.750
61.750 41.750
61.750 41.500
61.500 41.500
Building 4 5 0.062
61.500 42.000
61.750 42.000
61.750 41.750
61.500 41.750
Building 4 5 0.062
61.500 42.250
61.750 42.250
61.750 42.000
61.500 42.000
Building 4 5 0.062
61.500 42.500
61.750 42.500
61.750 42.250
61.500 42.250
Building 4 5 0.062
61.500 42.750
61.750 42.750
61.750 42.500
61.500 42.500
Building 4 5 0.062
61.500 43.000
61.750 43.000
61.750 42.750
61.500 42.750
Building 4 5 0.062
61.500 43.250
61.750 43.250
61.750 43.000
61.500 43.000
Building 4 5 0.062
61.500 43.500
61.750 43.500
61.750 43.250
61.500 43.250
Building 4 5 0.062
61.500 43.750
61.750 43.750
61.750 43.500
61.500 43.500
Building 4 5 0.062
61.500 44.000
61.750 44.000
61.750 43.750
61.500 43.750
Building 4 5 0.062
61.500 44.250
61.750 44.250
61.750 44.000
61.500 44.000
Building 4 5 0.062
61.500 44.500
61.750 44.500
61.750 44.250
61.500 44.250
Building 4 5 0.062
61.500 44.750
61.750 44.750
61.750 44.500
61.500 44.500
Building 4 5 0.062
61.500 45.000
61.750 45.000
61.750 44.750
61.500 44.750
Building 4 5 0.062
61.500 45.250
61.750 45.250
61.750 45.000
61.500 45.000
Building 4 5 0.062
61.500 45.500
61.750 45.500
61.750 45.250
61.500 45.250
Building 4 5 0.062
61.500 45.750
61.750 45.750
61.750 45.500
61.500 45.500
Building 4 5 0.062
61.500 46.000
61.750 46.000
61.750 45.750
61.500 45.750
Building 4 5 0.062
61.500 46.250
61.750 46.250
61.750 46.000
61.500 46.000
Building 4 5 0.062
61.500 46.500
61.750 46.500
61.750 46.250
61.500 46.250
Building 4 5 0.062
61.500 46.750
61.750 46.750
61.750 46.500
61.500 46.500
Building 4 5 0.062
61.500 47.000
61.750 47.000
61.750 46.750
61.500 46.750
Building 4 5 0.062
61.500 47.250
61.750 47.250
61.750 47.000
61.500 47.000
Building 4 5 0.062
61.500 47.500
61.750 47.500
61.750 47.250
61.500 47.250
Building 4 5 0.062
61.500 47.750
61.750 47.750
61.750 47.500
61.500 47.500
Building 4 5 0.062
61.500 48.000
61.750 48.000
61.750 47.750
61.500 47.750
Building 4 5 0.062
61.500 48.250
61.750 48.250
61.750 48.000
61.500 48.000
Building 4 5 0.062
61.500 48.500
61.750 48.500
61.750 48.250
61.500 48.250
Building 4 5 0.062
61.500 48.750
61.750 48.750
61.750 48.500
61.500 48.500
Building 4 5 0.062
61.500 49.000
61.750 49.000
61.750 48.750
61.500 48.750
Building 4 5 0.062
61.500 49.250
61.750 49.250
61.750 49.000
61.500 49.000
Building 4 5 0.062
61.500 49.500
61.750 49.500
61.750 49.250
61.500 49.250
Building 4 5 0.062
61.500 49.750
61.750 49.750
61.750 49.500
61.500 49.500
Building 4 5 0.062
61.500 50.000
61.750 50.000
61.750 49.750
61.500 49.750
Building 4 5 0.062
61.500 50.250
61.750 50.250
61.750 50.000
61.500 50.000
Building 4 5 0.062
61.500 50.500
61.750 50.500
61.750 50.250
61.500 50.250
Building 4 5 0.062
61.500 50.750
61.750 50.750
61.750 50.500
61.500 50.500
Building 4 5 0.062
61.500 51.000
61.750 51.000
61.750 50.750
61.500 50.750
Building 4 5 0.062
61.500 51.250
61.750 51.250
61.750 51.000
61.500 51.000
Building 4 5 0.062
61.500 51.500
61.750 51.500
61.750 51.250
61.500 51.250
Building 4 5 0.062
61.500 51.750
61.750 51.750
61.750 51.500
61.500 51.500
Building 4 5 0.062
61.500 52.000
61.750 52.000
61.750 51.750
61.500 51.750
Building 4 5 0.062
61.500 52.250
61.750 52.250
61.750 52.000
61.500 52.000
Building 4 5 0.062
61.500 52.500
61.750 52.500
61.750 52.250
61.500 52.250
Building 4 5 0.062
61.500 52.750
61.750 52.750
61.750 52.500
61.500 52.500
Building 4 5 0.062
61.500 53.000
61.750 53.000
61.750 52.750
61.500 52.750
Building 4 5 0.062
61.500 53.250
61.750 53.250
61.750 53.000
61.500 53.000
Building 4 5 0.062
61.500 53.500
61.750 53.500
61.750 53.250
61.500 53.250
Building 4 5 0.062
61.500 53.750
61.750 53.750
61.750 53.500
61.500 53.500
Building 4 5 0.062
61.500 54.000
61.750 54.000
61.750 53.750
61.500 53.750
Building 4 5 0.062
61.500 54.250
61.750 54.250
61.750 54.000
61.500 54.000
Building 4 5 0.062
61.500 54.500
61.750 54.500
61.750 54.250
61.500 54.250
Building 4 5 0.062
61.500 54.750
61.750 54.750
61.750 54.500
61.500 54.500
Building 4 5 0.062
61.500 55.000
61.750 55.000
61.750 54.750
61.500 54.750
Building 4 5 0.062
61.500 55.250
61.750 55.250
61.750 55.000
61.500 55.000
Building 4 5 0.062
61.500 55.500
61.750 55.500
61.750 55.250
61.500 55.250
Building 4 5 0.062
61.500 55.750
61.750 55.750
61.750 55.500
61.500 55.500
Building 4 5 0.062
61.500 56.000
61.750 56.000
61.750 55.750
61.500 55.750
Building 4 5 0.062
61.500 56.250
61.750 56.250
61.750 56.000
61.500 56.000
Building 4 5 0.062
61.500 56.500
61.750 56.500
61.750 56.250
61.500 56.250
Building 4 5 0.062
61.500 56.750
61.750 56.750
61.750 56.500
61.500 56.500
Building 4 5 0.062
61.500 57.000
61.750 57.000
61.750 56.750
61.500 56.750
Building 4 5 0.062
61.500 57.250
61.750 57.250
61.750 57.000
61.500 57.000
Building 4 5 0.062
61.500 57.500
61.750 57.500
61.750 57.250
61.500 57.250
Building 4 5 0.062
61.500 57.750
61.750 57.750
61.750 57.500
61.500 57.500
Building 4 5 0.062
61.500 58.000
61.750 58.000
61.750 57.750
61.500 57.750
Building 4 5 0.062
61.500 58.250
61.750 58.250
61.750 58.000
61.500 58.000
Building 4 5 0.062
61.500 58.500
61.750 58.500
61.750 58.250
61.500 58.250
Building 4 5 0.062
61.500 58.750
61.750 58.750
61.750 58.500
61.500 58.500
Building 4 5 0.062
61.500 59.000
61.750 59.000
61.750 58.750
61.500 58.750
Building 4 5 0.062
61.500 59.250
61.750 59.250
61.750 59.000
61.500 59.000
Building 4 5 0.062
61.500 59.500
61.750 59.500
61.750 59.250
61.500 59.250
Building 4 5 0.062
61.500 59.750
61.750 59.750
61.750 59.500
61.500 59.500
Building 4 5 0.062
61.500 60.000
61.750 60.000
61.750 59.750
61.500 59.750
Building 4 5 0.062
61.500 60.250
61.750 60.250
61.750 60.000
61.500 60.000
Building 4 5 0.062
61.500 60.500
61.750 60.500
61.750 60.250
61.500 60.250
Building 4 5 0.062
61.500 60.750
61.750 60.750
61.750 60.500
61.500 60.500
Building 4 5 0.062
61.500 61.000
61.750 61.000
61.750 60.750
61.500 60.750
Building 4 5 0.062
61.500 61.250
61.750 61.250
61.750 61.000
61.500 61.000
Building 4 5 0.062
61.500 61.500
61.750 61.500
61.750 61.250
61.500 61.250
Building 4 5 0.062
61.500 61.750
61.750 61.750
61.750 61.500
61.500 61.500
Building 4 5 0.062
61.500 62.000
61.750 62.000
61.750 61.750
61.500 61.750
Building 4 5 0.062
61.500 62.250
61.750 62.250
61.750 62.000
61.500 62.000
Building 4 5 0.062
61.500 62.500
61.750 62.500
61.750 62.250
61.500 62.250
Building 4 5 0.062
61.500 62.750
61.750 62.750
61.750 62.500
61.500 62.500
Building 4 5 0.062
61.500 63.000
61.750 63.000
61.750 62.750
61.500 62.750
Building 4 5 0.062
61.500 63.250
61.750 63.250
61.750 63.000
61.500 63.000
Building 4 5 0.062
61.500 63.500
61.750 63.500
61.750 63.250
61.500 63.250
Building 4 5 0.062
61.500 63.750
61.750 63.750
61.750 63.500
61.500 63.500
Building 4 5 0.062
61.500 64.000
61.750 64.000
61.750 63.750
61.500 63.750
Building 4 5 0.062
61.750 26.500
61.750 26.750
62.000 26.750
62.000 26.500
Building 4 5 0.062
61.750 26.750
61.750 27.000
62.000 27.000
62.000 26.750
Building 4 5 0.062
61.750 27.000
61.750 27.250
62.000 27.250
62.000 27.000
Building 4 5 0.062
61.750 27.250
61.750 27.500
62.000 27.500
62.000 27.250
Building 4 5 0.062
61.750 27.500
61.750 27.750
62.000 27.750
62.000 27.500
Building 4 5 0.062
61.750 27.750
61.750 28.000
62.000 28.000
62.000 27.750
Building 4 5 0.062
61.750 28.000
61.750 28.250
62.000 28.250
62.000 28.000
Building 4 5 0.062
62.000 28.500
62.000 28.250
61.750 28.250
61.750 28.500
Building 4 5 0.062
61.750 31.500
61.750 31.750
62.000 31.750
62.000 31.500
Building 4 5 0.062
61.750 31.750
61.750 32.000
62.000 32.000
62.000 31.750
Building 4 5 0.062
61.750 32.000
61.750 32.250
62.000 32.250
62.000 32.000
Building 4 5 0.062
61.750 32.250
61.750 32.500
62.000 32.500
62.000 32.250
Building 4 5 0.062
61.750 32.500
61.750 32.750
62.000 32.750
62.000 32.500
Building 4 5 0.062
61.750 32.750
61.750 33.000
62.000 33.000
62.000 32.750
Building 4 5 0.062
61.750 33.000
61.750 33.250
62.000 33.250
62.000 33.000
Building 4 5 0.062
61.750 33.250
61.750 33.500
62.000 33.500
62.000 33.250
Building 4 5 0.062
61.750 33.500
61.750 33.750
62.000 33.750
62.000 33.500
Building 4 5 0.062
61.750 33.750
61.750 34.000
62.000 34.000
62.000 33.750
Building 4 5 0.062
61.750 34.000
61.750 34.250
62.000 34.250
62.000 34.000
Building 4 5 0.062
61.750 34.250
61.750 34.500
62.000 34.500
62.000 34.250
Building 4 5 0.062
61.750 34.500
61.750 34.750
62.000 34.750
62.000 34.500
Building 4 5 0.062
61.750 34.750
61.750 35.000
62.000 35.000
62.000 34.750
Building 4 5 0.062
61.750 35.000
61.750 35.250
62.000 35.250
62.000 35.000
Building 4 5 0.062
61.750 35.250
61.750 35.500
62.000 35.500
62.000 35.250
Building 4 5 0.062
61.750 35.500
61.750 35.750
62.000 35.750
62.000 35.500
Building 4 5 0.062
61.750 35.750
61.750 36.000
62.000 36.000
62.000 35.750
Building 4 5 0.062
61.750 36.000
61.750 36.250
62.000 36.250
62.000 36.000
Building 4 5 0.062
61.750 36.250
61.750 36.500
62.000 36.500
62.000 36.250
Building 4 5 0.062
61.750 36.500
61.750 36.750
62.000 36.750
62.000 36.500
Building 4 5 0.062
61.750 36.750
61.750 37.000
62.000 37.000
62.000 36.750
Building 4 5 0.062
61.750 37.000
61.750 37.250
62.000 37.250
62.000 37.000
Building 4 5 0.062
61.750 37.250
61.750 37.500
62.000 37.500
62.000 37.250
Building 4 5 0.062
61.750 37.500
61.750 37.750
62.000 37.750
62.000 37.500
Building 4 5 0.062
61.750 37.750
61.750 38.000
62.000 38.000
62.000 37.750
Building 4 5 0.062
61.750 38.000
61.750 38.250
62.000 38.250
62.000 38.000
Building 4 5 0.062
61.750 38.250
61.750 38.500
62.000 38.500
62.000 38.250
Building 4 5 0.062
61.750 38.500
61.750 38.750
62.000 38.750
62.000 38.500
Building 4 5 0.062
61.750 38.750
61.750 39.000
62.000 39.000
62.000 38.750
Building 4 5 0.062
61.750 39.000
61.750 39.250
62.000 39.250
62.000 39.000
Building 4 5 0.062
61.750 39.250
61.750 39.500
62.000 39.500
62.000 39.250
Building 4 5 0.062
61.750 39.500
61.750 39.750
62.000 39.750
62.000 39.500
Building 4 5 0.062
61.750 39.750
61.750 40.000
62.000 40.000
62.000 39.750
Building 4 5 0.062
61.750 40.000
61.750 40.250
62.000 40.250
62.000 40.000
Building 4 5 0.062
61.750 40.250
61.750 40.500
62.000 40.500
62.000 40.250
Building 4 5 0.062
61.750 40.500
61.750 40.750
62.000 40.750
62.000 40.500
Building 4 5 0.062
61.750 40.750
61.750 41.000
62.000 41.000
62.000 40.750
Building 4 5 0.062
61.750 41.000
61.750 41.250
62.000 41.250
62.000 41.000
Building 4 5 0.062
61.750 41.250
61.750 41.500
62.000 41.500
62.000 41.250
Building 4 5 0.062
61.750 41.500
61.750 41.750
62.000 41.750
62.000 41.500
Building 4 5 0.062
61.750 41.750
61.750 42.000
62.000 42.000
62.000 41.750
Building 4 5 0.062
61.750 42.000
61.750 42.250
62.000 42.250
62.000 42.000
Building 4 5 0.062
61.750 42.250
61.750 42.500
62.000 42.500
62.000 42.250
Building 4 5 0.062
61.750 42.500
61.750 42.750
62.000 42.750
62.000 42.500
Building 4 5 0.062
61.750 42.750
61.750 43.000
62.000 43.000
62.000 42.750
Building 4 5 0.062
61.750 43.000
61.750 43.250
62.000 43.250
62.000 43.000
Building 4 5 0.062
61.750 43.250
61.750 43.500
62.000 43.500
62.000 43.250
Building 4 5 0.062
61.750 43.500
61.750 43.750
62.000 43.750
62.000 43.500
Building 4 5 0.062
61.750 43.750
61.750 44.000
62.000 44.000
62.000 43.750
Building 4 5 0.062
61.750 44.000
61.750 44.250
62.000 44.250
62.000 44.000
Building 4 5 0.062
61.750 44.250
61.750 44.500
62.000 44.500
62.000 44.250
Building 4 5 0.062
61.750 44.500
61.750 44.750
62.000 44.750
62.000 44.500
Building 4 5 0.062
61.750 44.750
61.750 45.000
62.000 45.000
62.000 44.750
Building 4 5 0.062
61.750 45.000
61.750 45.250
62.000 45.250
62.000 45.000
Building 4 5 0.062
61.750 45.250
61.750 45.500
62.000 45.500
62.000 45.250
Building 4 5 0.062
61.750 45.500
61.750 45.750
62.000 45.750
62.000 45.500
Building 4 5 0.062
61.750 45.750
61.750 46.000
62.000 46.000
62.000 45.750
Building 4 5 0.062
61.750 46.000
61.750 46.250
62.000 46.250
62.000 46.000
Building 4 5 0.062
61.750 46.250
61.750 46.500
62.000 46.500
62.000 46.250
Building 4 5 0.062
61.750 46.500
61.750 46.750
62.000 46.750
62.000 46.500
Building 4 5 0.062
61.750 46.750
61.750 47.000
62.000 47.000
62.000 46.750
Building 4 5 0.062
61.750 47.000
61.750 47.250
62.000 47.250
62.000 47.000
Building 4 5 0.062
61.750 47.250
61.750 47.500
62.000 47.500
62.000 47.250
Building 4 5 0.062
61.750 47.500
61.750 47.750
62.000 47.750
62.000 47.500
Building 4 5 0.062
61.750 47.750
61.750 48.000
62.000 48.000
62.000 47.750
Building 4 5 0.062
61.750 48.000
61.750 48.250
62.000 48.250
62.000 48.000
Building 4 5 0.062
61.750 48.250
61.750 48.500
62.000 48.500
62.000 48.250
Building 4 5 0.062
61.750 48.500
61.750 48.750
62.000 48.750
62.000 48.500
Building 4 5 0.062
61.750 48.750
61.750 49.000
62.000 49.000
62.000 48.750
Building 4 5 0.062
61.750 49.000
61.750 49.250
62.000 49.250
62.000 49.000
Building 4 5 0.062
61.750 49.250
61.750 49.500
62.000 49.500
62.000 49.250
Building 4 5 0.062
61.750 49.500
61.750 49.750
62.000 49.750
62.000 49.500
Building 4 5 0.062
61.750 49.750
61.750 50.000
62.000 50.000
62.000 49.750
Building 4 5 0.062
61.750 50.000
61.750 50.250
62.000 50.250
62.000 50.000
Building 4 5 0.062
61.750 50.250
61.750 50.500
62.000 50.500
62.000 50.250
Building 4 5 0.062
61.750 50.500
61.750 50.750
62.000 50.750
62.000 50.500
Building 4 5 0.062
61.750 50.750
61.750 51.000
62.000 51.000
62.000 50.750
Building 4 5 0.062
61.750 51.000
61.750 51.250
62.000 51.250
62.000 51.000
Building 4 5 0.062
61.750 51.250
61.750 51.500
62.000 51.500
62.000 51.250
Building 4 5 0.062
61.750 51.500
61.750 51.750
62.000 51.750
62.000 51.500
Building 4 5 0.062
61.750 51.750
61.750 52.000
62.000 52.000
62.000 51.750
Building 4 5 0.062
61.750 52.000
61.750 52.250
62.000 52.250
62.000 52.000
Building 4 5 0.062
61.750 52.250
61.750 52.500
62.000 52.500
62.000 52.250
Building 4 5 0.062
61.750 52.500
61.750 52.750
62.000 52.750
62.000 52.500
Building 4 5 0.062
61.750 52.750
61.750 53.000
62.000 53.000
62.000 52.750
Building 4 5 0.062
61.750 53.000
61.750 53.250
62.000 53.250
62.000 53.000
Building 4 5 0.062
61.750 53.250
61.750 53.500
62.000 53.500
62.000 53.250
Building 4 5 0.062
61.750 53.500
61.750 53.750
62.000 53.750
62.000 53.500
Building 4 5 0.062
61.750 53.750
61.750 54.000
62.000 54.000
62.000 53.750
Building 4 5 0.062
61.750 54.000
61.750 54.250
62.000 54.250
62.000 54.000
Building 4 5 0.062
61.750 54.250
61.750 54.500
62.000 54.500
62.000 54.250
Building 4 5 0.062
61.750 54.500
61.750 54.750
62.000 54.750
62.000 54.500
Building 4 5 0.062
61.750 54.750
61.750 55.000
62.000 55.000
62.000 54.750
Building 4 5 0.062
61.750 55.000
61.750 55.250
62.000 55.250
62.000 55.000
Building 4 5 0.062
61.750 55.250
61.750 55.500
62.000 55.500
62.000 55.250
Building 4 5 0.062
61.750 55.500
61.750 55.750
62.000 55.750
62.000 55.500
Building 4 5 0.062
61.750 55.750
61.750 56.000
62.000 56.000
62.000 55.750
Building 4 5 0.062
61.750 56.000
61.750 56.250
62.000 56.250
62.000 56.000
Building 4 5 0.062
61.750 56.250
61.750 56.500
62.000 56.500
62.000 56.250
Building 4 5 0.062
61.750 56.500
61.750 56.750
62.000 56.750
62.000 56.500
Building 4 5 0.062
61.750 56.750
61.750 57.000
62.000 57.000
62.000 56.750
Building 4 5 0.062
61.750 57.000
61.750 57.250
62.000 57.250
62.000 57.000
Building 4 5 0.062
61.750 57.250
61.750 57.500
62.000 57.500
62.000 57.250
Building 4 5 0.062
61.750 57.500
61.750 57.750
62.000 57.750
62.000 57.500
Building 4 5 0.062
61.750 57.750
61.750 58.000
62.000 58.000
62.000 57.750
Building 4 5 0.062
61.750 58.000
61.750 58.250
62.000 58.250
62.000 58.000
Building 4 5 0.062
61.750 58.250
61.750 58.500
62.000 58.500
62.000 58.250
Building 4 5 0.062
61.750 58.500
61.750 58.750
62.000 58.750
62.000 58.500
Building 4 5 0.062
61.750 58.750
61.750 59.000
62.000 59.000
62.000 58.750
Building 4 5 0.062
61.750 59.000
61.750 59.250
62.000 59.250
62.000 59.000
Building 4 5 0.062
61.750 59.250
61.750 59.500
62.000 59.500
62.000 59.250
Building 4 5 0.062
61.750 59.500
61.750 59.750
62.000 59.750
62.000 59.500
Building 4 5 0.062
61.750 59.750
61.750 60.000
62.000 60.000
62.000 59.750
Building 4 5 0.062
61.750 60.000
61.750 60.250
62.000 60.250
62.000 60.000
Building 4 5 0.062
61.750 60.250
61.750 60.500
62.000 60.500
62.000 60.250
Building 4 5 0.062
61.750 60.500
61.750 60.750
62.000 60.750
62.000 60.500
Building 4 5 0.062
61.750 60.750
61.750 61.000
62.000 61.000
62.000 60.750
Building 4 5 0.062
61.750 61.000
61.750 61.250
62.000 61.250
62.000 61.000
Building 4 5 0.062
61.750 61.250
61.750 61.500
62.000 61.500
62.000 61.250
Building 4 5 0.062
61.750 61.500
61.750 61.750
62.000 61.750
62.000 61.500
Building 4 5 0.062
61.750 61.750
61.750 62.000
62.000 62.000
62.000 61.750
Building 4 5 0.062
61.750 62.000
61.750 62.250
62.000 62.250
62.000 62.000
Building 4 5 0.062
61.750 62.250
61.750 62.500
62.000 62.500
62.000 62.250
Building 4 5 0.062
61.750 62.500
61.750 62.750
62.000 62.750
62.000 62.500
Building 4 5 0.062
61.750 62.750
61.750 63.000
62.000 63.000
62.000 62.750
Building 4 5 0.062
61.750 63.000
61.750 63.250
62.000 63.250
62.000 63.000
Building 4 5 0.062
61.750 63.250
61.750 63.500
62.000 63.500
62.000 63.250
Building 4 5 0.062
61.750 63.500
61.750 63.750
62.000 63.750
62.000 63.500
Building 4 5 0.062
62.000 64.000
62.000 63.750
61.750 63.750
61.750 64.000
Building 4 5 0.062
62.000 26.500
62.000 26.750
62.250 26.750
62.250 26.500
Building 4 5 0.062
62.000 26.750
62.000 27.000
62.250 27.000
62.250 26.750
Building 4 5 0.062
62.000 27.000
62.000 27.250
62.250 27.250
62.250 27.000
Building 4 5 0.062
62.000 27.250
62.000 27.500
62.250 27.500
62.250 27.250
Building 4 5 0.062
62.000 27.500
62.000 27.750
62.250 27.750
62.250 27.500
Building 4 5 0.062
62.000 27.750
62.000 28.000
62.250 28.000
62.250 27.750
Building 4 5 0.062
62.000 28.000
62.000 28.250
62.250 28.250
62.250 28.000
Building 4 5 0.062
62.250 28.500
62.250 28.250
62.000 28.250
62.000 28.500
Building 4 5 0.062
62.000 31.500
62.000 31.750
62.250 31.750
62.250 31.500
Building 4 5 0.062
62.000 31.750
62.000 32.000
62.250 32.000
62.250 31.750
Building 4 5 0.062
62.000 32.000
62.000 32.250
62.250 32.250
62.250 32.000
Building 4 5 0.062
62.000 32.250
62.000 32.500
62.250 32.500
62.250 32.250
Building 4 5 0.062
62.000 32.500
62.000 32.750
62.250 32.750
62.250 32.500
Building 4 5 0.062
62.000 32.750
62.000 33.000
62.250 33.000
62.250 32.750
Building 4 5 0.062
62.000 33.000
62.000 33.250
62.250 33.250
62.250 33.000
Building 4 5 0.062
62.000 33.250
62.000 33.500
62.250 33.500
62.250 33.250
Building 4 5 0.062
62.000 33.500
62.000 33.750
62.250 33.750
62.250 33.500
Building 4 5 0.062
62.000 33.750
62.000 34.000
62.250 34.000
62.250 33.750
Building 4 5 0.062
62.000 34.000
62.000 34.250
62.250 34.250
62.250 34.000
Building 4 5 0.062
62.000 34.250
62.000 34.500
62.250 34.500
62.250 34.250
Building 4 5 0.062
62.000 34.500
62.000 34.750
62.250 34.750
62.250 34.500
Building 4 5 0.062
62.000 34.750
62.000 35.000
62.250 35.000
62.250 34.750
Building 4 5 0.062
62.000 35.000
62.000 35.250
62.250 35.250
62.250 35.000
Building 4 5 0.062
62.000 35.250
62.000 35.500
62.250 35.500
62.250 35.250
Building 4 5 0.062
62.000 35.500
62.000 35.750
62.250 35.750
62.250 35.500
Building 4 5 0.062
62.000 35.750
62.000 36.000
62.250 36.000
62.250 35.750
Building 4 5 0.062
62.000 36.000
62.000 36.250
62.250 36.250
62.250 36.000
Building 4 5 0.062
62.000 36.250
62.000 36.500
62.250 36.500
62.250 36.250
Building 4 5 0.062
62.000 36.500
62.000 36.750
62.250 36.750
62.250 36.500
Building 4 5 0.062
62.000 36.750
62.000 37.000
62.250 37.000
62.250 36.750
Building 4 5 0.062
62.000 37.000
62.000 37.250
62.250 37.250
62.250 37.000
Building 4 5 0.062
62.000 37.250
62.000 37.500
62.250 37.500
62.250 37.250
Building 4 5 0.062
62.000 37.500
62.000 37.750
62.250 37.750
62.250 37.500
Building 4 5 0.062
62.000 37.750
62.000 38.000
62.250 38.000
62.250 37.750
Building 4 5 0.062
62.000 38.000
62.000 38.250
62.250 38.250
62.250 38.000
Building 4 5 0.062
62.000 38.250
62.000 38.500
62.250 38.500
62.250 38.250
Building 4 5 0.062
62.000 38.500
62.000 38.750
62.250 38.750
62.250 38.500
Building 4 5 0.062
62.000 38.750
62.000 39.000
62.250 39.000
62.250 38.750
Building 4 5 0.062
62.000 39.000
62.000 39.250
62.250 39.250
62.250 39.000
Building 4 5 0.062
62.000 39.250
62.000 39.500
62.250 39.500
62.250 39.250
Building 4 5 0.062
62.000 39.500
62.000 39.750
62.250 39.750
62.250 39.500
Building 4 5 0.062
62.000 39.750
62.000 40.000
62.250 40.000
62.250 39.750
Building 4 5 0.062
62.000 40.000
62.000 40.250
62.250 40.250
62.250 40.000
Building 4 5 0.062
62.000 40.250
62.000 40.500
62.250 40.500
62.250 40.250
Building 4 5 0.062
62.000 40.500
62.000 40.750
62.250 40.750
62.250 40.500
Building 4 5 0.062
62.000 40.750
62.000 41.000
62.250 41.000
62.250 40.750
Building 4 5 0.062
62.000 41.000
62.000 41.250
62.250 41.250
62.250 41.000
Building 4 5 0.062
62.000 41.250
62.000 41.500
62.250 41.500
62.250 41.250
Building 4 5 0.062
62.000 41.500
62.000 41.750
62.250 41.750
62.250 41.500
Building 4 5 0.062
62.000 41.750
62.000 42.000
62.250 42.000
62.250 41.750
Building 4 5 0.062
62.000 42.000
62.000 42.250
62.250 42.250
62.250 42.000
Building 4 5 0.062
62.000 42.250
62.000 42.500
62.250 42.500
62.250 42.250
Building 4 5 0.062
62.000 42.500
62.000 42.750
62.250 42.750
62.250 42.500
Building 4 5 0.062
62.000 42.750
62.000 43.000
62.250 43.000
62.250 42.750
Building 4 5 0.062
62.000 43.000
62.000 43.250
62.250 43.250
62.250 43.000
Building 4 5 0.062
62.000 43.250
62.000 43.500
62.250 43.500
62.250 43.250
Building 4 5 0.062
62.000 43.500
62.000 43.750
62.250 43.750
62.250 43.500
Building 4 5 0.062
62.000 43.750
62.000 44.000
62.250 44.000
62.250 43.750
Building 4 5 0.062
62.000 44.000
62.000 44.250
62.250 44.250
62.250 44.000
Building 4 5 0.062
62.000 44.250
62.000 44.500
62.250 44.500
62.250 44.250
Building 4 5 0.062
62.000 44.500
62.000 44.750
62.250 44.750
62.250 44.500
Building 4 5 0.062
62.000 44.750
62.000 45.000
62.250 45.000
62.250 44.750
Building 4 5 0.062
62.000 45.000
62.000 45.250
62.250 45.250
62.250 45.000
Building 4 5 0.062
62.000 45.250
62.000 45.500
62.250 45.500
62.250 45.250
Building 4 5 0.062
62.000 45.500
62.000 45.750
62.250 45.750
62.250 45.500
Building 4 5 0.062
62.000 45.750
62.000 46.000
62.250 46.000
62.250 45.750
Building 4 5 0.062
62.000 46.000
62.000 46.250
62.250 46.250
62.250 46.000
Building 4 5 0.062
62.000 46.250
62.000 46.500
62.250 46.500
62.250 46.250
Building 4 5 0.062
62.000 46.500
62.000 46.750
62.250 46.750
62.250 46.500
Building 4 5 0.062
62.000 46.750
62.000 47.000
62.250 47.000
62.250 46.750
Building 4 5 0.062
62.000 47.000
62.000 47.250
62.250 47.250
62.250 47.000
Building 4 5 0.062
62.000 47.250
62.000 47.500
62.250 47.500
62.250 47.250
Building 4 5 0.062
62.000 47.500
62.000 47.750
62.250 47.750
62.250 47.500
Building 4 5 0.062
62.000 47.750
62.000 48.000
62.250 48.000
62.250 47.750
Building 4 5 0.062
62.000 48.000
62.000 48.250
62.250 48.250
62.250 48.000
Building 4 5 0.062
62.000 48.250
62.000 48.500
62.250 48.500
62.250 48.250
Building 4 5 0.062
62.000 48.500
62.000 48.750
62.250 48.750
62.250 48.500
Building 4 5 0.062
62.000 48.750
62.000 49.000
62.250 49.000
62.250 48.750
Building 4 5 0.062
62.000 49.000
62.000 49.250
62.250 49.250
62.250 49.000
Building 4 5 0.062
62.000 49.250
62.000 49.500
62.250 49.500
62.250 49.250
Building 4 5 0.062
62.000 49.500
62.000 49.750
62.250 49.750
62.250 49.500
Building 4 5 0.062
62.000 49.750
62.000 50.000
62.250 50.000
62.250 49.750
Building 4 5 0.062
62.000 50.000
62.000 50.250
62.250 50.250
62.250 50.000
Building 4 5 0.062
62.000 50.250
62.000 50.500
62.250 50.500
62.250 50.250
Building 4 5 0.062
62.000 50.500
62.000 50.750
62.250 50.750
62.250 50.500
Building 4 5 0.062
62.000 50.750
62.000 51.000
62.250 51.000
62.250 50.750
Building 4 5 0.062
62.000 51.000
62.000 51.250
62.250 51.250
62.250 51.000
Building 4 5 0.062
62.000 51.250
62.000 51.500
62.250 51.500
62.250 51.250
Building 4 5 0.062
62.000 51.500
62.000 51.750
62.250 51.750
62.250 51.500
Building 4 5 0.062
62.000 51.750
62.000 52.000
62.250 52.000
62.250 51.750
Building 4 5 0.062
62.000 52.000
62.000 52.250
62.250 52.250
62.250 52.000
Building 4 5 0.062
62.000 52.250
62.000 52.500
62.250 52.500
62.250 52.250
Building 4 5 0.062
62.000 52.500
62.000 52.750
62.250 52.750
62.250 52.500
Building 4 5 0.062
62.000 52.750
62.000 53.000
62.250 53.000
62.250 52.750
Building 4 5 0.062
62.000 53.000
62.000 53.250
62.250 53.250
62.250 53.000
Building 4 5 0.062
62.000 53.250
62.000 53.500
62.250 53.500
62.250 53.250
Building 4 5 0.062
62.000 53.500
62.000 53.750
62.250 53.750
62.250 53.500
Building 4 5 0.062
62.000 53.750
62.000 54.000
62.250 54.000
62.250 53.750
Building 4 5 0.062
62.000 54.000
62.000 54.250
62.250 54.250
62.250 54.000
Building 4 5 0.062
62.000 54.250
62.000 54.500
62.250 54.500
62.250 54.250
Building 4 5 0.062
62.000 54.500
62.000 54.750
62.250 54.750
62.250 54.500
Building 4 5 0.062
62.000 54.750
62.000 55.000
62.250 55.000
62.250 54.750
Building 4 5 0.062
62.000 55.000
62.000 55.250
62.250 55.250
62.250 55.000
Building 4 5 0.062
62.000 55.250
62.000 55.500
62.250 55.500
62.250 55.250
Building 4 5 0.062
62.000 55.500
62.000 55.750
62.250 55.750
62.250 55.500
Building 4 5 0.062
62.000 55.750
62.000 56.000
62.250 56.000
62.250 55.750
Building 4 5 0.062
62.000 56.000
62.000 56.250
62.250 56.250
62.250 56.000
Building 4 5 0.062
62.000 56.250
62.000 56.500
62.250 56.500
62.250 56.250
Building 4 5 0.062
62.000 56.500
62.000 56.750
62.250 56.750
62.250 56.500
Building 4 5 0.062
62.000 56.750
62.000 57.000
62.250 57.000
62.250 56.750
Building 4 5 0.062
62.000 57.000
62.000 57.250
62.250 57.250
62.250 57.000
Building 4 5 0.062
62.000 57.250
62.000 57.500
62.250 57.500
62.250 57.250
Building 4 5 0.062
62.000 57.500
62.000 57.750
62.250 57.750
62.250 57.500
Building 4 5 0.062
62.000 57.750
62.000 58.000
62.250 58.000
62.250 57.750
Building 4 5 0.062
62.000 58.000
62.000 58.250
62.250 58.250
62.250 58.000
Building 4 5 0.062
62.000 58.250
62.000 58.500
62.250 58.500
62.250 58.250
Building 4 5 0.062
62.000 58.500
62.000 58.750
62.250 58.750
62.250 58.500
Building 4 5 0.062
62.000 58.750
62.000 59.000
62.250 59.000
62.250 58.750
Building 4 5 0.062
62.000 59.000
62.000 59.250
62.250 59.250
62.250 59.000
Building 4 5 0.062
62.000 59.250
62.000 59.500
62.250 59.500
62.250 59.250
Building 4 5 0.062
62.000 59.500
62.000 59.750
62.250 59.750
62.250 59.500
Building 4 5 0.062
62.000 59.750
62.000 60.000
62.250 60.000
62.250 59.750
Building 4 5 0.062
62.000 60.000
62.000 60.250
62.250 60.250
62.250 60.000
Building 4 5 0.062
62.000 60.250
62.000 60.500
62.250 60.500
62.250 60.250
Building 4 5 0.062
62.000 60.500
62.000 60.750
62.250 60.750
62.250 60.500
Building 4 5 0.062
62.000 60.750
62.000 61.000
62.250 61.000
62.250 60.750
Building 4 5 0.062
62.000 61.000
62.000 61.250
62.250 61.250
62.250 61.000
Building 4 5 0.062
62.000 61.250
62.000 61.500
62.250 61.500
62.250 61.250
Building 4 5 0.062
62.000 61.500
62.000 61.750
62.250 61.750
62.250 61.500
Building 4 5 0.062
62.000 61.750
62.000 62.000
62.250 62.000
62.250 61.750
Building 4 5 0.062
62.000 62.000
62.000 62.250
62.250 62.250
62.250 62.000
Building 4 5 0.062
62.000 62.250
62.000 62.500
62.250 62.500
62.250 62.250
Building 4 5 0.062
62.000 62.500
62.000 62.750
62.250 62.750
62.250 62.500
Building 4 5 0.062
62.000 62.750
62.000 63.000
62.250 63.000
62.250 62.750
Building 4 5 0.062
62.000 63.000
62.000 63.250
62.250 63.250
62.250 63.000
Building 4 5 0.062
62.000 63.250
62.000 63.500
62.250 63.500
62.250 63.250
Building 4 5 0.062
62.000 63.500
62.000 63.750
62.250 63.750
62.250 63.500
Building 4 5 0.062
62.250 64.000
62.250 63.750
62.000 63.750
62.000 64.000
Building 4 5 0.062
62.250 26.500
62.250 26.750
62.500 26.750
62.500 26.500
Building 4 5 0.062
62.250 26.750
62.250 27.000
62.500 27.000
62.500 26.750
Building 4 5 0.062
62.250 27.000
62.250 27.250
62.500 27.250
62.500 27.000
Building 4 5 0.062
62.250 27.250
62.250 27.500
62.500 27.500
62.500 27.250
Building 4 5 0.062
62.250 27.500
62.250 27.750
62.500 27.750
62.500 27.500
Building 4 5 0.062
62.250 27.750
62.250 28.000
62.500 28.000
62.500 27.750
Building 4 5 0.062
62.250 28.000
62.250 28.250
62.500 28.250
62.500 28.000
Building 4 5 0.062
62.500 28.500
62.500 28.250
62.250 28.250
62.250 28.500
Building 4 5 0.062
62.250 31.500
62.250 31.750
62.500 31.750
62.500 31.500
Building 4 5 0.062
62.250 31.750
62.250 32.000
62.500 32.000
62.500 31.750
Building 4 5 0.062
62.250 32.000
62.250 32.250
62.500 32.250
62.500 32.000
Building 4 5 0.062
62.250 32.250
62.250 32.500
62.500 32.500
62.500 32.250
Building 4 5 0.062
62.250 32.500
62.250 32.750
62.500 32.750
62.500 32.500
Building 4 5 0.062
62.250 32.750
62.250 33.000
62.500 33.000
62.500 32.750
Building 4 5 0.062
62.250 33.000
62.250 33.250
62.500 33.250
62.500 33.000
Building 4 5 0.062
62.250 33.250
62.250 33.500
62.500 33.500
62.500 33.250
Building 4 5 0.062
62.250 33.500
62.250 33.750
62.500 33.750
62.500 33.500
Building 4 5 0.062
62.250 33.750
62.250 34.000
62.500 34.000
62.500 33.750
Building 4 5 0.062
62.250 34.000
62.250 34.250
62.500 34.250
62.500 34.000
Building 4 5 0.062
62.250 34.250
62.250 34.500
62.500 34.500
62.500 34.250
Building 4 5 0.062
62.250 34.500
62.250 34.750
62.500 34.750
62.500 34.500
Building 4 5 0.062
62.250 34.750
62.250 35.000
62.500 35.000
62.500 34.750
Building 4 5 0.062
62.250 35.000
62.250 35.250
62.500 35.250
62.500 35.000
Building 4 5 0.062
62.250 35.250
62.250 35.500
62.500 35.500
62.500 35.250
Building 4 5 0.062
62.250 35.500
62.250 35.750
62.500 35.750
62.500 35.500
Building 4 5 0.062
62.250 35.750
62.250 36.000
62.500 36.000
62.500 35.750
Building 4 5 0.062
62.250 36.000
62.250 36.250
62.500 36.250
62.500 36.000
Building 4 5 0.062
62.250 36.250
62.250 36.500
62.500 36.500
62.500 36.250
Building 4 5 0.062
62.250 36.500
62.250 36.750
62.500 36.750
62.500 36.500
Building 4 5 0.062
62.250 36.750
62.250 37.000
62.500 37.000
62.500 36.750
Building 4 5 0.062
62.250 37.000
62.250 37.250
62.500 37.250
62.500 37.000
Building 4 5 0.062
62.250 37.250
62.250 37.500
62.500 37.500
62.500 37.250
Building 4 5 0.062
62.250 37.500
62.250 37.750
62.500 37.750
62.500 37.500
Building 4 5 0.062
62.250 37.750
62.250 38.000
62.500 38.000
62.500 37.750
Building 4 5 0.062
62.250 38.000
62.250 38.250
62.500 38.250
62.500 38.000
Building 4 5 0.062
62.250 38.250
62.250 38.500
62.500 38.500
62.500 38.250
Building 4 5 0.062
62.250 38.500
62.250 38.750
62.500 38.750
62.500 38.500
Building 4 5 0.062
62.250 38.750
62.250 39.000
62.500 39.000
62.500 38.750
Building 4 5 0.062
62.250 39.000
62.250 39.250
62.500 39.250
62.500 39.000
Building 4 5 0.062
62.250 39.250
62.250 39.500
62.500 39.500
62.500 39.250
Building 4 5 0.062
62.250 39.500
62.250 39.750
62.500 39.750
62.500 39.500
Building 4 5 0.062
62.250 39.750
62.250 40.000
62.500 40.000
62.500 39.750
Building 4 5 0.062
62.250 40.000
62.250 40.250
62.500 40.250
62.500 40.000
Building 4 5 0.062
62.250 40.250
62.250 40.500
62.500 40.500
62.500 40.250
Building 4 5 0.062
62.250 40.500
62.250 40.750
62.500 40.750
62.500 40.500
Building 4 5 0.062
62.250 40.750
62.250 41.000
62.500 41.000
62.500 40.750
Building 4 5 0.062
62.250 41.000
62.250 41.250
62.500 41.250
62.500 41.000
Building 4 5 0.062
62.250 41.250
62.250 41.500
62.500 41.500
62.500 41.250
Building 4 5 0.062
62.250 41.500
62.250 41.750
62.500 41.750
62.500 41.500
Building 4 5 0.062
62.250 41.750
62.250 42.000
62.500 42.000
62.500 41.750
Building 4 5 0.062
62.250 42.000
62.250 42.250
62.500 42.250
62.500 42.000
Building 4 5 0.062
62.250 42.250
62.250 42.500
62.500 42.500
62.500 42.250
Building 4 5 0.062
62.250 42.500
62.250 42.750
62.500 42.750
62.500 42.500
Building 4 5 0.062
62.250 42.750
62.250 43.000
62.500 43.000
62.500 42.750
Building 4 5 0.062
62.250 43.000
62.250 43.250
62.500 43.250
62.500 43.000
Building 4 5 0.062
62.250 43.250
62.250 43.500
62.500 43.500
62.500 43.250
Building 4 5 0.062
62.250 43.500
62.250 43.750
62.500 43.750
62.500 43.500
Building 4 5 0.062
62.250 43.750
62.250 44.000
62.500 44.000
62.500 43.750
Building 4 5 0.062
62.250 44.000
62.250 44.250
62.500 44.250
62.500 44.000
Building 4 5 0.062
62.250 44.250
62.250 44.500
62.500 44.500
62.500 44.250
Building 4 5 0.062
62.250 44.500
62.250 44.750
62.500 44.750
62.500 44.500
Building 4 5 0.062
62.250 44.750
62.250 45.000
62.500 45.000
62.500 44.750
Building 4 5 0.062
62.250 45.000
62.250 45.250
62.500 45.250
62.500 45.000
Building 4 5 0.062
62.250 45.250
62.250 45.500
62.500 45.500
62.500 45.250
Building 4 5 0.062
62.250 45.500
62.250 45.750
62.500 45.750
62.500 45.500
Building 4 5 0.062
62.250 45.750
62.250 46.000
62.500 46.000
62.500 45.750
Building 4 5 0.062
62.250 46.000
62.250 46.250
62.500 46.250
62.500 46.000
Building 4 5 0.062
62.250 46.250
62.250 46.500
62.500 46.500
62.500 46.250
Building 4 5 0.062
62.250 46.500
62.250 46.750
62.500 46.750
62.500 46.500
Building 4 5 0.062
62.250 46.750
62.250 47.000
62.500 47.000
62.500 46.750
Building 4 5 0.062
62.250 47.000
62.250 47.250
62.500 47.250
62.500 47.000
Building 4 5 0.062
62.250 47.250
62.250 47.500
62.500 47.500
62.500 47.250
Building 4 5 0.062
62.250 47.500
62.250 47.750
62.500 47.750
62.500 47.500
Building 4 5 0.062
62.250 47.750
62.250 48.000
62.500 48.000
62.500 47.750
Building 4 5 0.062
62.250 48.000
62.250 48.250
62.500 48.250
62.500 48.000
Building 4 5 0.062
62.250 48.250
62.250 48.500
62.500 48.500
62.500 48.250
Building 4 5 0.062
62.250 48.500
62.250 48.750
62.500 48.750
62.500 48.500
Building 4 5 0.062
62.250 48.750
62.250 49.000
62.500 49.000
62.500 48.750
Building 4 5 0.062
62.250 49.000
62.250 49.250
62.500 49.250
62.500 49.000
Building 4 5 0.062
62.250 49.250
62.250 49.500
62.500 49.500
62.500 49.250
Building 4 5 0.062
62.250 49.500
62.250 49.750
62.500 49.750
62.500 49.500
Building 4 5 0.062
62.250 49.750
62.250 50.000
62.500 50.000
62.500 49.750
Building 4 5 0.062
62.250 50.000
62.250 50.250
62.500 50.250
62.500 50.000
Building 4 5 0.062
62.250 50.250
62.250 50.500
62.500 50.500
62.500 50.250
Building 4 5 0.062
62.250 50.500
62.250 50.750
62.500 50.750
62.500 50.500
Building 4 5 0.062
62.250 50.750
62.250 51.000
62.500 51.000
62.500 50.750
Building 4 5 0.062
62.250 51.000
62.250 51.250
62.500 51.250
62.500 51.000
Building 4 5 0.062
62.250 51.250
62.250 51.500
62.500 51.500
62.500 51.250
Building 4 5 0.062
62.250 51.500
62.250 51.750
62.500 51.750
62.500 51.500
Building 4 5 0.062
62.250 51.750
62.250 52.000
62.500 52.000
62.500 51.750
Building 4 5 0.062
62.250 52.000
62.250 52.250
62.500 52.250
62.500 52.000
Building 4 5 0.062
62.250 52.250
62.250 52.500
62.500 52.500
62.500 52.250
Building 4 5 0.062
62.250 52.500
62.250 52.750
62.500 52.750
62.500 52.500
Building 4 5 0.062
62.250 52.750
62.250 53.000
62.500 53.000
62.500 52.750
Building 4 5 0.062
62.250 53.000
62.250 53.250
62.500 53.250
62.500 53.000
Building 4 5 0.062
62.250 53.250
62.250 53.500
62.500 53.500
62.500 53.250
Building 4 5 0.062
62.250 53.500
62.250 53.750
62.500 53.750
62.500 53.500
Building 4 5 0.062
62.250 53.750
62.250 54.000
62.500 54.000
62.500 53.750
Building 4 5 0.062
62.250 54.000
62.250 54.250
62.500 54.250
62.500 54.000
Building 4 5 0.062
62.250 54.250
62.250 54.500
62.500 54.500
62.500 54.250
Building 4 5 0.062
62.250 54.500
62.250 54.750
62.500 54.750
62.500 54.500
Building 4 5 0.062
62.250 54.750
62.250 55.000
62.500 55.000
62.500 54.750
Building 4 5 0.062
62.250 55.000
62.250 55.250
62.500 55.250
62.500 55.000
Building 4 5 0.062
62.250 55.250
62.250 55.500
62.500 55.500
62.500 55.250
Building 4 5 0.062
62.250 55.500
62.250 55.750
62.500 55.750
62.500 55.500
Building 4 5 0.062
62.250 55.750
62.250 56.000
62.500 56.000
62.500 55.750
Building 4 5 0.062
62.250 56.000
62.250 56.250
62.500 56.250
62.500 56.000
Building 4 5 0.062
62.250 56.250
62.250 56.500
62.500 56.500
62.500 56.250
Building 4 5 0.062
62.250 56.500
62.250 56.750
62.500 56.750
62.500 56.500
Building 4 5 0.062
62.250 56.750
62.250 57.000
62.500 57.000
62.500 56.750
Building 4 5 0.062
62.250 57.000
62.250 57.250
62.500 57.250
62.500 57.000
Building 4 5 0.062
62.250 57.250
62.250 57.500
62.500 57.500
62.500 57.250
Building 4 5 0.062
62.250 57.500
62.250 57.750
62.500 57.750
62.500 57.500
Building 4 5 0.062
62.250 57.750
62.250 58.000
62.500 58.000
62.500 57.750
Building 4 5 0.062
62.250 58.000
62.250 58.250
62.500 58.250
62.500 58.000
Building 4 5 0.062
62.250 58.250
62.250 58.500
62.500 58.500
62.500 58.250
Building 4 5 0.062
62.250 58.500
62.250 58.750
62.500 58.750
62.500 58.500
Building 4 5 0.062
62.250 58.750
62.250 59.000
62.500 59.000
62.500 58.750
Building 4 5 0.062
62.250 59.000
62.250 59.250
62.500 59.250
62.500 59.000
Building 4 5 0.062
62.250 59.250
62.250 59.500
62.500 59.500
62.500 59.250
Building 4 5 0.062
62.250 59.500
62.250 59.750
62.500 59.750
62.500 59.500
Building 4 5 0.062
62.250 59.750
62.250 60.000
62.500 60.000
62.500 59.750
Building 4 5 0.062
62.250 60.000
62.250 60.250
62.500 60.250
62.500 60.000
Building 4 5 0.062
62.250 60.250
62.250 60.500
62.500 60.500
62.500 60.250
Building 4 5 0.062
62.250 60.500
62.250 60.750
62.500 60.750
62.500 60.500
Building 4 5 0.062
62.250 60.750
62.250 61.000
62.500 61.000
62.500 60.750
Building 4 5 0.062
62.250 61.000
62.250 61.250
62.500 61.250
62.500 61.000
Building 4 5 0.062
62.250 61.250
62.250 61.500
62.500 61.500
62.500 61.250
Building 4 5 0.062
62.250 61.500
62.250 61.750
62.500 61.750
62.500 61.500
Building 4 5 0.062
62.250 61.750
62.250 62.000
62.500 62.000
62.500 61.750
Building 4 5 0.062
62.250 62.000
62.250 62.250
62.500 62.250
62.500 62.000
Building 4 5 0.062
62.250 62.250
62.250 62.500
62.500 62.500
62.500 62.250
Building 4 5 0.062
62.250 62.500
62.250 62.750
62.500 62.750
62.500 62.500
Building 4 5 0.062
62.250 62.750
62.250 63.000
62.500 63.000
62.500 62.750
Building 4 5 0.062
62.250 63.000
62.250 63.250
62.500 63.250
62.500 63.000
Building 4 5 0.062
62.250 63.250
62.250 63.500
62.500 63.500
62.500 63.250
Building 4 5 0.062
62.250 63.500
62.250 63.750
62.500 63.750
62.500 63.500
Building 4 5 0.062
62.500 64.000
62.500 63.750
62.250 63.750
62.250 64.000
Building 4 5 0.062
62.500 26.500
62.500 26.750
62.750 26.750
62.750 26.500
Building 4 5 0.062
62.500 26.750
62.500 27.000
62.750 27.000
62.750 26.750
Building 4 5 0.062
62.500 27.000
62.500 27.250
62.750 27.250
62.750 27.000
Building 4 5 0.062
62.500 27.250
62.500 27.500
62.750 27.500
62.750 27.250
Building 4 5 0.062
62.500 27.500
62.500 27.750
62.750 27.750
62.750 27.500
Building 4 5 0.062
62.500 27.750
62.500 28.000
62.750 28.000
62.750 27.750
Building 4 5 0.062
62.500 28.000
62.500 28.250
62.750 28.250
62.750 28.000
Building 4 5 0.062
62.750 28.500
62.750 28.250
62.500 28.250
62.500 28.500
Building 4 5 0.062
62.500 31.500
62.500 31.750
62.750 31.750
62.750 31.500
Building 4 5 0.062
62.500 31.750
62.500 32.000
62.750 32.000
62.750 31.750
Building 4 5 0.062
62.500 32.000
62.500 32.250
62.750 32.250
62.750 32.000
Building 4 5 0.062
62.500 32.250
62.500 32.500
62.750 32.500
62.750 32.250
Building 4 5 0.062
62.500 32.500
62.500 32.750
62.750 32.750
62.750 32.500
Building 4 5 0.062
62.500 32.750
62.500 33.000
62.750 33.000
62.750 32.750
Building 4 5 0.062
62.500 33.000
62.500 33.250
62.750 33.250
62.750 33.000
Building 4 5 0.062
62.500 33.250
62.500 33.500
62.750 33.500
62.750 33.250
Building 4 5 0.062
62.500 33.500
62.500 33.750
62.750 33.750
62.750 33.500
Building 4 5 0.062
62.500 33.750
62.500 34.000
62.750 34.000
62.750 33.750
Building 4 5 0.062
62.500 34.000
62.500 34.250
62.750 34.250
62.750 34.000
Building 4 5 0.062
62.500 34.250
62.500 34.500
62.750 34.500
62.750 34.250
Building 4 5 0.062
62.500 34.500
62.500 34.750
62.750 34.750
62.750 34.500
Building 4 5 0.062
62.500 34.750
62.500 35.000
62.750 35.000
62.750 34.750
Building 4 5 0.062
62.500 35.000
62.500 35.250
62.750 35.250
62.750 35.000
Building 4 5 0.062
62.500 35.250
62.500 35.500
62.750 35.500
62.750 35.250
Building 4 5 0.062
62.500 35.500
62.500 35.750
62.750 35.750
62.750 35.500
Building 4 5 0.062
62.500 35.750
62.500 36.000
62.750 36.000
62.750 35.750
Building 4 5 0.062
62.500 36.000
62.500 36.250
62.750 36.250
62.750 36.000
Building 4 5 0.062
62.500 36.250
62.500 36.500
62.750 36.500
62.750 36.250
Building 4 5 0.062
62.500 36.500
62.500 36.750
62.750 36.750
62.750 36.500
Building 4 5 0.062
62.500 36.750
62.500 37.000
62.750 37.000
62.750 36.750
Building 4 5 0.062
62.500 37.000
62.500 37.250
62.750 37.250
62.750 37.000
Building 4 5 0.062
62.500 37.250
62.500 37.500
62.750 37.500
62.750 37.250
Building 4 5 0.062
62.500 37.500
62.500 37.750
62.750 37.750
62.750 37.500
Building 4 5 0.062
62.500 37.750
62.500 38.000
62.750 38.000
62.750 37.750
Building 4 5 0.062
62.500 38.000
62.500 38.250
62.750 38.250
62.750 38.000
Building 4 5 0.062
62.500 38.250
62.500 38.500
62.750 38.500
62.750 38.250
Building 4 5 0.062
62.500 38.500
62.500 38.750
62.750 38.750
62.750 38.500
Building 4 5 0.062
62.500 38.750
62.500 39.000
62.750 39.000
62.750 38.750
Building 4 5 0.062
62.500 39.000
62.500 39.250
62.750 39.250
62.750 39.000
Building 4 5 0.062
62.500 39.250
62.500 39.500
62.750 39.500
62.750 39.250
Building 4 5 0.062
62.500 39.500
62.500 39.750
62.750 39.750
62.750 39.500
Building 4 5 0.062
62.500 39.750
62.500 40.000
62.750 40.000
62.750 39.750
Building 4 5 0.062
62.500 40.000
62.500 40.250
62.750 40.250
62.750 40.000
Building 4 5 0.062
62.500 40.250
62.500 40.500
62.750 40.500
62.750 40.250
Building 4 5 0.062
62.500 40.500
62.500 40.750
62.750 40.750
62.750 40.500
Building 4 5 0.062
62.500 40.750
62.500 41.000
62.750 41.000
62.750 40.750
Building 4 5 0.062
62.500 41.000
62.500 41.250
62.750 41.250
62.750 41.000
Building 4 5 0.062
62.500 41.250
62.500 41.500
62.750 41.500
62.750 41.250
Building 4 5 0.062
62.500 41.500
62.500 41.750
62.750 41.750
62.750 41.500
Building 4 5 0.062
62.500 41.750
62.500 42.000
62.750 42.000
62.750 41.750
Building 4 5 0.062
62.500 42.000
62.500 42.250
62.750 42.250
62.750 42.000
Building 4 5 0.062
62.500 42.250
62.500 42.500
62.750 42.500
62.750 42.250
Building 4 5 0.062
62.500 42.500
62.500 42.750
62.750 42.750
62.750 42.500
Building 4 5 0.062
62.500 42.750
62.500 43.000
62.750 43.000
62.750 42.750
Building 4 5 0.062
62.500 43.000
62.500 43.250
62.750 43.250
62.750 43.000
Building 4 5 0.062
62.500 43.250
62.500 43.500
62.750 43.500
62.750 43.250
Building 4 5 0.062
62.500 43.500
62.500 43.750
62.750 43.750
62.750 43.500
Building 4 5 0.062
62.500 43.750
62.500 44.000
62.750 44.000
62.750 43.750
Building 4 5 0.062
62.500 44.000
62.500 44.250
62.750 44.250
62.750 44.000
Building 4 5 0.062
62.500 44.250
62.500 44.500
62.750 44.500
62.750 44.250
Building 4 5 0.062
62.500 44.500
62.500 44.750
62.750 44.750
62.750 44.500
Building 4 5 0.062
62.500 44.750
62.500 45.000
62.750 45.000
62.750 44.750
Building 4 5 0.062
62.500 45.000
62.500 45.250
62.750 45.250
62.750 45.000
Building 4 5 0.062
62.500 45.250
62.500 45.500
62.750 45.500
62.750 45.250
Building 4 5 0.062
62.500 45.500
62.500 45.750
62.750 45.750
62.750 45.500
Building 4 5 0.062
62.500 45.750
62.500 46.000
62.750 46.000
62.750 45.750
Building 4 5 0.062
62.500 46.000
62.500 46.250
62.750 46.250
62.750 46.000
Building 4 5 0.062
62.500 46.250
62.500 46.500
62.750 46.500
62.750 46.250
Building 4 5 0.062
62.500 46.500
62.500 46.750
62.750 46.750
62.750 46.500
Building 4 5 0.062
62.500 46.750
62.500 47.000
62.750 47.000
62.750 46.750
Building 4 5 0.062
62.500 47.000
62.500 47.250
62.750 47.250
62.750 47.000
Building 4 5 0.062
62.500 47.250
62.500 47.500
62.750 47.500
62.750 47.250
Building 4 5 0.062
62.500 47.500
62.500 47.750
62.750 47.750
62.750 47.500
Building 4 5 0.062
62.500 47.750
62.500 48.000
62.750 48.000
62.750 47.750
Building 4 5 0.062
62.500 48.000
62.500 48.250
62.750 48.250
62.750 48.000
Building 4 5 0.062
62.500 48.250
62.500 48.500
62.750 48.500
62.750 48.250
Building 4 5 0.062
62.500 48.500
62.500 48.750
62.750 48.750
62.750 48.500
Building 4 5 0.062
62.500 48.750
62.500 49.000
62.750 49.000
62.750 48.750
Building 4 5 0.062
62.500 49.000
62.500 49.250
62.750 49.250
62.750 49.000
Building 4 5 0.062
62.500 49.250
62.500 49.500
62.750 49.500
62.750 49.250
Building 4 5 0.062
62.500 49.500
62.500 49.750
62.750 49.750
62.750 49.500
Building 4 5 0.062
62.500 49.750
62.500 50.000
62.750 50.000
62.750 49.750
Building 4 5 0.062
62.500 50.000
62.500 50.250
62.750 50.250
62.750 50.000
Building 4 5 0.062
62.500 50.250
62.500 50.500
62.750 50.500
62.750 50.250
Building 4 5 0.062
62.500 50.500
62.500 50.750
62.750 50.750
62.750 50.500
Building 4 5 0.062
62.500 50.750
62.500 51.000
62.750 51.000
62.750 50.750
Building 4 5 0.062
62.500 51.000
62.500 51.250
62.750 51.250
62.750 51.000
Building 4 5 0.062
62.500 51.250
62.500 51.500
62.750 51.500
62.750 51.250
Building 4 5 0.062
62.500 51.500
62.500 51.750
62.750 51.750
62.750 51.500
Building 4 5 0.062
62.500 51.750
62.500 52.000
62.750 52.000
62.750 51.750
Building 4 5 0.062
62.500 52.000
62.500 52.250
62.750 52.250
62.750 52.000
Building 4 5 0.062
62.500 52.250
62.500 52.500
62.750 52.500
62.750 52.250
Building 4 5 0.062
62.500 52.500
62.500 52.750
62.750 52.750
62.750 52.500
Building 4 5 0.062
62.500 52.750
62.500 53.000
62.750 53.000
62.750 52.750
Building 4 5 0.062
62.500 53.000
62.500 53.250
62.750 53.250
62.750 53.000
Building 4 5 0.062
62.500 53.250
62.500 53.500
62.750 53.500
62.750 53.250
Building 4 5 0.062
62.500 53.500
62.500 53.750
62.750 53.750
62.750 53.500
Building 4 5 0.062
62.500 53.750
62.500 54.000
62.750 54.000
62.750 53.750
Building 4 5 0.062
62.500 54.000
62.500 54.250
62.750 54.250
62.750 54.000
Building 4 5 0.062
62.500 54.250
62.500 54.500
62.750 54.500
62.750 54.250
Building 4 5 0.062
62.500 54.500
62.500 54.750
62.750 54.750
62.750 54.500
Building 4 5 0.062
62.500 54.750
62.500 55.000
62.750 55.000
62.750 54.750
Building 4 5 0.062
62.500 55.000
62.500 55.250
62.750 55.250
62.750 55.000
Building 4 5 0.062
62.500 55.250
62.500 55.500
62.750 55.500
62.750 55.250
Building 4 5 0.062
62.500 55.500
62.500 55.750
62.750 55.750
62.750 55.500
Building 4 5 0.062
62.500 55.750
62.500 56.000
62.750 56.000
62.750 55.750
Building 4 5 0.062
62.500 56.000
62.500 56.250
62.750 56.250
62.750 56.000
Building 4 5 0.062
62.500 56.250
62.500 56.500
62.750 56.500
62.750 56.250
Building 4 5 0.062
62.500 56.500
62.500 56.750
62.750 56.750
62.750 56.500
Building 4 5 0.062
62.500 56.750
62.500 57.000
62.750 57.000
62.750 56.750
Building 4 5 0.062
62.500 57.000
62.500 57.250
62.750 57.250
62.750 57.000
Building 4 5 0.062
62.500 57.250
62.500 57.500
62.750 57.500
62.750 57.250
Building 4 5 0.062
62.500 57.500
62.500 57.750
62.750 57.750
62.750 57.500
Building 4 5 0.062
62.500 57.750
62.500 58.000
62.750 58.000
62.750 57.750
Building 4 5 0.062
62.500 58.000
62.500 58.250
62.750 58.250
62.750 58.000
Building 4 5 0.062
62.500 58.250
62.500 58.500
62.750 58.500
62.750 58.250
Building 4 5 0.062
62.500 58.500
62.500 58.750
62.750 58.750
62.750 58.500
Building 4 5 0.062
62.500 58.750
62.500 59.000
62.750 59.000
62.750 58.750
Building 4 5 0.062
62.500 59.000
62.500 59.250
62.750 59.250
62.750 59.000
Building 4 5 0.062
62.500 59.250
62.500 59.500
62.750 59.500
62.750 59.250
Building 4 5 0.062
62.500 59.500
62.500 59.750
62.750 59.750
62.750 59.500
Building 4 5 0.062
62.500 59.750
62.500 60.000
62.750 60.000
62.750 59.750
Building 4 5 0.062
62.500 60.000
62.500 60.250
62.750 60.250
62.750 60.000
Building 4 5 0.062
62.500 60.250
62.500 60.500
62.750 60.500
62.750 60.250
Building 4 5 0.062
62.500 60.500
62.500 60.750
62.750 60.750
62.750 60.500
Building 4 5 0.062
62.500 60.750
62.500 61.000
62.750 61.000
62.750 60.750
Building 4 5 0.062
62.500 61.000
62.500 61.250
62.750 61.250
62.750 61.000
Building 4 5 0.062
62.500 61.250
62.500 61.500
62.750 61.500
62.750 61.250
Building 4 5 0.062
62.500 61.500
62.500 61.750
62.750 61.750
62.750 61.500
Building 4 5 0.062
62.500 61.750
62.500 62.000
62.750 62.000
62.750 61.750
Building 4 5 0.062
62.500 62.000
62.500 62.250
62.750 62.250
62.750 62.000
Building 4 5 0.062
62.500 62.250
62.500 62.500
62.750 62.500
62.750 62.250
Building 4 5 0.062
62.500 62.500
62.500 62.750
62.750 62.750
62.750 62.500
Building 4 5 0.062
62.500 62.750
62.500 63.000
62.750 63.000
62.750 62.750
Building 4 5 0.062
62.500 63.000
62.500 63.250
62.750 63.250
62.750 63.000
Building 4 5 0.062
62.500 63.250
62.500 63.500
62.750 63.500
62.750 63.250
Building 4 5 0.062
62.500 63.500
62.500 63.750
62.750 63.750
62.750 63.500
Building 4 5 0.062
62.750 64.000
62.750 63.750
62.500 63.750
62.500 64.000
Building 4 5 0.062
62.750 26.500
62.750 26.750
63.000 26.750
63.000 26.500
Building 4 5 0.062
62.750 26.750
62.750 27.000
63.000 27.000
63.000 26.750
Building 4 5 0.062
62.750 27.000
62.750 27.250
63.000 27.250
63.000 27.000
Building 4 5 0.062
62.750 27.250
62.750 27.500
63.000 27.500
63.000 27.250
Building 4 5 0.062
62.750 27.500
62.750 27.750
63.000 27.750
63.000 27.500
Building 4 5 0.062
62.750 27.750
62.750 28.000
63.000 28.000
63.000 27.750
Building 4 5 0.062
62.750 28.000
62.750 28.250
63.000 28.250
63.000 28.000
Building 4 5 0.062
63.000 28.500
63.000 28.250
62.750 28.250
62.750 28.500
Building 4 5 0.062
62.750 31.500
62.750 31.750
63.000 31.750
63.000 31.500
Building 4 5 0.062
62.750 31.750
62.750 32.000
63.000 32.000
63.000 31.750
Building 4 5 0.062
62.750 32.000
62.750 32.250
63.000 32.250
63.000 32.000
Building 4 5 0.062
62.750 32.250
62.750 32.500
63.000 32.500
63.000 32.250
Building 4 5 0.062
62.750 32.500
62.750 32.750
63.000 32.750
63.000 32.500
Building 4 5 0.062
62.750 32.750
62.750 33.000
63.000 33.000
63.000 32.750
Building 4 5 0.062
62.750 33.000
62.750 33.250
63.000 33.250
63.000 33.000
Building 4 5 0.062
62.750 33.250
62.750 33.500
63.000 33.500
63.000 33.250
Building 4 5 0.062
62.750 33.500
62.750 33.750
63.000 33.750
63.000 33.500
Building 4 5 0.062
62.750 33.750
62.750 34.000
63.000 34.000
63.000 33.750
Building 4 5 0.062
62.750 34.000
62.750 34.250
63.000 34.250
63.000 34.000
Building 4 5 0.062
62.750 34.250
62.750 34.500
63.000 34.500
63.000 34.250
Building 4 5 0.062
62.750 34.500
62.750 34.750
63.000 34.750
63.000 34.500
Building 4 5 0.062
62.750 34.750
62.750 35.000
63.000 35.000
63.000 34.750
Building 4 5 0.062
62.750 35.000
62.750 35.250
63.000 35.250
63.000 35.000
Building 4 5 0.062
62.750 35.250
62.750 35.500
63.000 35.500
63.000 35.250
Building 4 5 0.062
62.750 35.500
62.750 35.750
63.000 35.750
63.000 35.500
Building 4 5 0.062
62.750 35.750
62.750 36.000
63.000 36.000
63.000 35.750
Building 4 5 0.062
62.750 36.000
62.750 36.250
63.000 36.250
63.000 36.000
Building 4 5 0.062
62.750 36.250
62.750 36.500
63.000 36.500
63.000 36.250
Building 4 5 0.062
62.750 36.500
62.750 36.750
63.000 36.750
63.000 36.500
Building 4 5 0.062
62.750 36.750
62.750 37.000
63.000 37.000
63.000 36.750
Building 4 5 0.062
62.750 37.000
62.750 37.250
63.000 37.250
63.000 37.000
Building 4 5 0.062
62.750 37.250
62.750 37.500
63.000 37.500
63.000 37.250
Building 4 5 0.062
62.750 37.500
62.750 37.750
63.000 37.750
63.000 37.500
Building 4 5 0.062
62.750 37.750
62.750 38.000
63.000 38.000
63.000 37.750
Building 4 5 0.062
62.750 38.000
62.750 38.250
63.000 38.250
63.000 38.000
Building 4 5 0.062
62.750 38.250
62.750 38.500
63.000 38.500
63.000 38.250
Building 4 5 0.062
62.750 38.500
62.750 38.750
63.000 38.750
63.000 38.500
Building 4 5 0.062
62.750 38.750
62.750 39.000
63.000 39.000
63.000 38.750
Building 4 5 0.062
62.750 39.000
62.750 39.250
63.000 39.250
63.000 39.000
Building 4 5 0.062
62.750 39.250
62.750 39.500
63.000 39.500
63.000 39.250
Building 4 5 0.062
62.750 39.500
62.750 39.750
63.000 39.750
63.000 39.500
Building 4 5 0.062
62.750 39.750
62.750 40.000
63.000 40.000
63.000 39.750
Building 4 5 0.062
62.750 40.000
62.750 40.250
63.000 40.250
63.000 40.000
Building 4 5 0.062
62.750 40.250
62.750 40.500
63.000 40.500
63.000 40.250
Building 4 5 0.062
62.750 40.500
62.750 40.750
63.000 40.750
63.000 40.500
Building 4 5 0.062
62.750 40.750
62.750 41.000
63.000 41.000
63.000 40.750
Building 4 5 0.062
62.750 41.000
62.750 41.250
63.000 41.250
63.000 41.000
Building 4 5 0.062
62.750 41.250
62.750 41.500
63.000 41.500
63.000 41.250
Building 4 5 0.062
62.750 41.500
62.750 41.750
63.000 41.750
63.000 41.500
Building 4 5 0.062
62.750 41.750
62.750 42.000
63.000 42.000
63.000 41.750
Building 4 5 0.062
62.750 42.000
62.750 42.250
63.000 42.250
63.000 42.000
Building 4 5 0.062
62.750 42.250
62.750 42.500
63.000 42.500
63.000 42.250
Building 4 5 0.062
62.750 42.500
62.750 42.750
63.000 42.750
63.000 42.500
Building 4 5 0.062
62.750 42.750
62.750 43.000
63.000 43.000
63.000 42.750
Building 4 5 0.062
62.750 43.000
62.750 43.250
63.000 43.250
63.000 43.000
Building 4 5 0.062
62.750 43.250
62.750 43.500
63.000 43.500
63.000 43.250
Building 4 5 0.062
62.750 43.500
62.750 43.750
63.000 43.750
63.000 43.500
Building 4 5 0.062
62.750 43.750
62.750 44.000
63.000 44.000
63.000 43.750
Building 4 5 0.062
62.750 44.000
62.750 44.250
63.000 44.250
63.000 44.000
Building 4 5 0.062
62.750 44.250
62.750 44.500
63.000 44.500
63.000 44.250
Building 4 5 0.062
62.750 44.500
62.750 44.750
63.000 44.750
63.000 44.500
Building 4 5 0.062
62.750 44.750
62.750 45.000
63.000 45.000
63.000 44.750
Building 4 5 0.062
62.750 45.000
62.750 45.250
63.000 45.250
63.000 45.000
Building 4 5 0.062
62.750 45.250
62.750 45.500
63.000 45.500
63.000 45.250
Building 4 5 0.062
62.750 45.500
62.750 45.750
63.000 45.750
63.000 45.500
Building 4 5 0.062
62.750 45.750
62.750 46.000
63.000 46.000
63.000 45.750
Building 4 5 0.062
62.750 46.000
62.750 46.250
63.000 46.250
63.000 46.000
Building 4 5 0.062
62.750 46.250
62.750 46.500
63.000 46.500
63.000 46.250
Building 4 5 0.062
62.750 46.500
62.750 46.750
63.000 46.750
63.000 46.500
Building 4 5 0.062
62.750 46.750
62.750 47.000
63.000 47.000
63.000 46.750
Building 4 5 0.062
62.750 47.000
62.750 47.250
63.000 47.250
63.000 47.000
Building 4 5 0.062
62.750 47.250
62.750 47.500
63.000 47.500
63.000 47.250
Building 4 5 0.062
62.750 47.500
62.750 47.750
63.000 47.750
63.000 47.500
Building 4 5 0.062
62.750 47.750
62.750 48.000
63.000 48.000
63.000 47.750
Building 4 5 0.062
62.750 48.000
62.750 48.250
63.000 48.250
63.000 48.000
Building 4 5 0.062
62.750 48.250
62.750 48.500
63.000 48.500
63.000 48.250
Building 4 5 0.062
62.750 48.500
62.750 48.750
63.000 48.750
63.000 48.500
Building 4 5 0.062
62.750 48.750
62.750 49.000
63.000 49.000
63.000 48.750
Building 4 5 0.062
62.750 49.000
62.750 49.250
63.000 49.250
63.000 49.000
Building 4 5 0.062
62.750 49.250
62.750 49.500
63.000 49.500
63.000 49.250
Building 4 5 0.062
62.750 49.500
62.750 49.750
63.000 49.750
63.000 49.500
Building 4 5 0.062
62.750 49.750
62.750 50.000
63.000 50.000
63.000 49.750
Building 4 5 0.062
62.750 50.000
62.750 50.250
63.000 50.250
63.000 50.000
Building 4 5 0.062
62.750 50.250
62.750 50.500
63.000 50.500
63.000 50.250
Building 4 5 0.062
62.750 50.500
62.750 50.750
63.000 50.750
63.000 50.500
Building 4 5 0.062
62.750 50.750
62.750 51.000
63.000 51.000
63.000 50.750
Building 4 5 0.062
62.750 51.000
62.750 51.250
63.000 51.250
63.000 51.000
Building 4 5 0.062
62.750 51.250
62.750 51.500
63.000 51.500
63.000 51.250
Building 4 5 0.062
62.750 51.500
62.750 51.750
63.000 51.750
63.000 51.500
Building 4 5 0.062
62.750 51.750
62.750 52.000
63.000 52.000
63.000 51.750
Building 4 5 0.062
62.750 52.000
62.750 52.250
63.000 52.250
63.000 52.000
Building 4 5 0.062
62.750 52.250
62.750 52.500
63.000 52.500
63.000 52.250
Building 4 5 0.062
62.750 52.500
62.750 52.750
63.000 52.750
63.000 52.500
Building 4 5 0.062
62.750 52.750
62.750 53.000
63.000 53.000
63.000 52.750
Building 4 5 0.062
62.750 53.000
62.750 53.250
63.000 53.250
63.000 53.000
Building 4 5 0.062
62.750 53.250
62.750 53.500
63.000 53.500
63.000 53.250
Building 4 5 0.062
62.750 53.500
62.750 53.750
63.000 53.750
63.000 53.500
Building 4 5 0.062
62.750 53.750
62.750 54.000
63.000 54.000
63.000 53.750
Building 4 5 0.062
62.750 54.000
62.750 54.250
63.000 54.250
63.000 54.000
Building 4 5 0.062
62.750 54.250
62.750 54.500
63.000 54.500
63.000 54.250
Building 4 5 0.062
62.750 54.500
62.750 54.750
63.000 54.750
63.000 54.500
Building 4 5 0.062
62.750 54.750
62.750 55.000
63.000 55.000
63.000 54.750
Building 4 5 0.062
62.750 55.000
62.750 55.250
63.000 55.250
63.000 55.000
Building 4 5 0.062
62.750 55.250
62.750 55.500
63.000 55.500
63.000 55.250
Building 4 5 0.062
62.750 55.500
62.750 55.750
63.000 55.750
63.000 55.500
Building 4 5 0.062
62.750 55.750
62.750 56.000
63.000 56.000
63.000 55.750
Building 4 5 0.062
62.750 56.000
62.750 56.250
63.000 56.250
63.000 56.000
Building 4 5 0.062
62.750 56.250
62.750 56.500
63.000 56.500
63.000 56.250
Building 4 5 0.062
62.750 56.500
62.750 56.750
63.000 56.750
63.000 56.500
Building 4 5 0.062
62.750 56.750
62.750 57.000
63.000 57.000
63.000 56.750
Building 4 5 0.062
62.750 57.000
62.750 57.250
63.000 57.250
63.000 57.000
Building 4 5 0.062
62.750 57.250
62.750 57.500
63.000 57.500
63.000 57.250
Building 4 5 0.062
62.750 57.500
62.750 57.750
63.000 57.750
63.000 57.500
Building 4 5 0.062
62.750 57.750
62.750 58.000
63.000 58.000
63.000 57.750
Building 4 5 0.062
62.750 58.000
62.750 58.250
63.000 58.250
63.000 58.000
Building 4 5 0.062
62.750 58.250
62.750 58.500
63.000 58.500
63.000 58.250
Building 4 5 0.062
62.750 58.500
62.750 58.750
63.000 58.750
63.000 58.500
Building 4 5 0.062
62.750 58.750
62.750 59.000
63.000 59.000
63.000 58.750
Building 4 5 0.062
62.750 59.000
62.750 59.250
63.000 59.250
63.000 59.000
Building 4 5 0.062
62.750 59.250
62.750 59.500
63.000 59.500
63.000 59.250
Building 4 5 0.062
62.750 59.500
62.750 59.750
63.000 59.750
63.000 59.500
Building 4 5 0.062
62.750 59.750
62.750 60.000
63.000 60.000
63.000 59.750
Building 4 5 0.062
62.750 60.000
62.750 60.250
63.000 60.250
63.000 60.000
Building 4 5 0.062
62.750 60.250
62.750 60.500
63.000 60.500
63.000 60.250
Building 4 5 0.062
62.750 60.500
62.750 60.750
63.000 60.750
63.000 60.500
Building 4 5 0.062
62.750 60.750
62.750 61.000
63.000 61.000
63.000 60.750
Building 4 5 0.062
62.750 61.000
62.750 61.250
63.000 61.250
63.000 61.000
Building 4 5 0.062
62.750 61.250
62.750 61.500
63.000 61.500
63.000 61.250
Building 4 5 0.062
62.750 61.500
62.750 61.750
63.000 61.750
63.000 61.500
Building 4 5 0.062
62.750 61.750
62.750 62.000
63.000 62.000
63.000 61.750
Building 4 5 0.062
62.750 62.000
62.750 62.250
63.000 62.250
63.000 62.000
Building 4 5 0.062
62.750 62.250
62.750 62.500
63.000 62.500
63.000 62.250
Building 4 5 0.062
62.750 62.500
62.750 62.750
63.000 62.750
63.000 62.500
Building 4 5 0.062
62.750 62.750
62.750 63.000
63.000 63.000
63.000 62.750
Building 4 5 0.062
62.750 63.000
62.750 63.250
63.000 63.250
63.000 63.000
Building 4 5 0.062
62.750 63.250
62.750 63.500
63.000 63.500
63.000 63.250
Building 4 5 0.062
62.750 63.500
62.750 63.750
63.000 63.750
63.000 63.500
Building 4 5 0.062
63.000 64.000
63.000 63.750
62.750 63.750
62.750 64.000
Building 4 5 0.062
63.000 26.500
63.000 26.750
63.250 26.750
63.250 26.500
Building 4 5 0.062
63.000 26.750
63.000 27.000
63.250 27.000
63.250 26.750
Building 4 5 0.062
63.000 27.000
63.000 27.250
63.250 27.250
63.250 27.000
Building 4 5 0.062
63.000 27.250
63.000 27.500
63.250 27.500
63.250 27.250
Building 4 5 0.062
63.000 27.500
63.000 27.750
63.250 27.750
63.250 27.500
Building 4 5 0.062
63.000 27.750
63.000 28.000
63.250 28.000
63.250 27.750
Building 4 5 0.062
63.000 28.000
63.000 28.250
63.250 28.250
63.250 28.000
Building 4 5 0.062
63.250 28.500
63.250 28.250
63.000 28.250
63.000 28.500
Building 4 5 0.062
63.000 31.500
63.000 31.750
63.250 31.750
63.250 31.500
Building 4 5 0.062
63.000 31.750
63.000 32.000
63.250 32.000
63.250 31.750
Building 4 5 0.062
63.000 32.000
63.000 32.250
63.250 32.250
63.250 32.000
Building 4 5 0.062
63.000 32.250
63.000 32.500
63.250 32.500
63.250 32.250
Building 4 5 0.062
63.000 32.500
63.000 32.750
63.250 32.750
63.250 32.500
Building 4 5 0.062
63.000 32.750
63.000 33.000
63.250 33.000
63.250 32.750
Building 4 5 0.062
63.000 33.000
63.000 33.250
63.250 33.250
63.250 33.000
Building 4 5 0.062
63.000 33.250
63.000 33.500
63.250 33.500
63.250 33.250
Building 4 5 0.062
63.000 33.500
63.000 33.750
63.250 33.750
63.250 33.500
Building 4 5 0.062
63.000 33.750
63.000 34.000
63.250 34.000
63.250 33.750
Building 4 5 0.062
63.000 34.000
63.000 34.250
63.250 34.250
63.250 34.000
Building 4 5 0.062
63.000 34.250
63.000 34.500
63.250 34.500
63.250 34.250
Building 4 5 0.062
63.000 34.500
63.000 34.750
63.250 34.750
63.250 34.500
Building 4 5 0.062
63.000 34.750
63.000 35.000
63.250 35.000
63.250 34.750
Building 4 5 0.062
63.000 35.000
63.000 35.250
63.250 35.250
63.250 35.000
Building 4 5 0.062
63.000 35.250
63.000 35.500
63.250 35.500
63.250 35.250
Building 4 5 0.062
63.000 35.500
63.000 35.750
63.250 35.750
63.250 35.500
Building 4 5 0.062
63.000 35.750
63.000 36.000
63.250 36.000
63.250 35.750
Building 4 5 0.062
63.000 36.000
63.000 36.250
63.250 36.250
63.250 36.000
Building 4 5 0.062
63.000 36.250
63.000 36.500
63.250 36.500
63.250 36.250
Building 4 5 0.062
63.000 36.500
63.000 36.750
63.250 36.750
63.250 36.500
Building 4 5 0.062
63.000 36.750
63.000 37.000
63.250 37.000
63.250 36.750
Building 4 5 0.062
63.000 37.000
63.000 37.250
63.250 37.250
63.250 37.000
Building 4 5 0.062
63.000 37.250
63.000 37.500
63.250 37.500
63.250 37.250
Building 4 5 0.062
63.000 37.500
63.000 37.750
63.250 37.750
63.250 37.500
Building 4 5 0.062
63.000 37.750
63.000 38.000
63.250 38.000
63.250 37.750
Building 4 5 0.062
63.000 38.000
63.000 38.250
63.250 38.250
63.250 38.000
Building 4 5 0.062
63.000 38.250
63.000 38.500
63.250 38.500
63.250 38.250
Building 4 5 0.062
63.000 38.500
63.000 38.750
63.250 38.750
63.250 38.500
Building 4 5 0.062
63.000 38.750
63.000 39.000
63.250 39.000
63.250 38.750
Building 4 5 0.062
63.000 39.000
63.000 39.250
63.250 39.250
63.250 39.000
Building 4 5 0.062
63.000 39.250
63.000 39.500
63.250 39.500
63.250 39.250
Building 4 5 0.062
63.000 39.500
63.000 39.750
63.250 39.750
63.250 39.500
Building 4 5 0.062
63.000 39.750
63.000 40.000
63.250 40.000
63.250 39.750
Building 4 5 0.062
63.000 40.000
63.000 40.250
63.250 40.250
63.250 40.000
Building 4 5 0.062
63.000 40.250
63.000 40.500
63.250 40.500
63.250 40.250
Building 4 5 0.062
63.000 40.500
63.000 40.750
63.250 40.750
63.250 40.500
Building 4 5 0.062
63.000 40.750
63.000 41.000
63.250 41.000
63.250 40.750
Building 4 5 0.062
63.000 41.000
63.000 41.250
63.250 41.250
63.250 41.000
Building 4 5 0.062
63.000 41.250
63.000 41.500
63.250 41.500
63.250 41.250
Building 4 5 0.062
63.000 41.500
63.000 41.750
63.250 41.750
63.250 41.500
Building 4 5 0.062
63.000 41.750
63.000 42.000
63.250 42.000
63.250 41.750
Building 4 5 0.062
63.000 42.000
63.000 42.250
63.250 42.250
63.250 42.000
Building 4 5 0.062
63.000 42.250
63.000 42.500
63.250 42.500
63.250 42.250
Building 4 5 0.062
63.000 42.500
63.000 42.750
63.250 42.750
63.250 42.500
Building 4 5 0.062
63.000 42.750
63.000 43.000
63.250 43.000
63.250 42.750
Building 4 5 0.062
63.000 43.000
63.000 43.250
63.250 43.250
63.250 43.000
Building 4 5 0.062
63.000 43.250
63.000 43.500
63.250 43.500
63.250 43.250
Building 4 5 0.062
63.000 43.500
63.000 43.750
63.250 43.750
63.250 43.500
Building 4 5 0.062
63.000 43.750
63.000 44.000
63.250 44.000
63.250 43.750
Building 4 5 0.062
63.000 44.000
63.000 44.250
63.250 44.250
63.250 44.000
Building 4 5 0.062
63.000 44.250
63.000 44.500
63.250 44.500
63.250 44.250
Building 4 5 0.062
63.000 44.500
63.000 44.750
63.250 44.750
63.250 44.500
Building 4 5 0.062
63.000 44.750
63.000 45.000
63.250 45.000
63.250 44.750
Building 4 5 0.062
63.000 45.000
63.000 45.250
63.250 45.250
63.250 45.000
Building 4 5 0.062
63.000 45.250
63.000 45.500
63.250 45.500
63.250 45.250
Building 4 5 0.062
63.000 45.500
63.000 45.750
63.250 45.750
63.250 45.500
Building 4 5 0.062
63.000 45.750
63.000 46.000
63.250 46.000
63.250 45.750
Building 4 5 0.062
63.000 46.000
63.000 46.250
63.250 46.250
63.250 46.000
Building 4 5 0.062
63.000 46.250
63.000 46.500
63.250 46.500
63.250 46.250
Building 4 5 0.062
63.000 46.500
63.000 46.750
63.250 46.750
63.250 46.500
Building 4 5 0.062
63.000 46.750
63.000 47.000
63.250 47.000
63.250 46.750
Building 4 5 0.062
63.000 47.000
63.000 47.250
63.250 47.250
63.250 47.000
Building 4 5 0.062
63.000 47.250
63.000 47.500
63.250 47.500
63.250 47.250
Building 4 5 0.062
63.000 47.500
63.000 47.750
63.250 47.750
63.250 47.500
Building 4 5 0.062
63.000 47.750
63.000 48.000
63.250 48.000
63.250 47.750
Building 4 5 0.062
63.000 48.000
63.000 48.250
63.250 48.250
63.250 48.000
Building 4 5 0.062
63.000 48.250
63.000 48.500
63.250 48.500
63.250 48.250
Building 4 5 0.062
63.000 48.500
63.000 48.750
63.250 48.750
63.250 48.500
Building 4 5 0.062
63.000 48.750
63.000 49.000
63.250 49.000
63.250 48.750
Building 4 5 0.062
63.000 49.000
63.000 49.250
63.250 49.250
63.250 49.000
Building 4 5 0.062
63.000 49.250
63.000 49.500
63.250 49.500
63.250 49.250
Building 4 5 0.062
63.000 49.500
63.000 49.750
63.250 49.750
63.250 49.500
Building 4 5 0.062
63.000 49.750
63.000 50.000
63.250 50.000
63.250 49.750
Building 4 5 0.062
63.000 50.000
63.000 50.250
63.250 50.250
63.250 50.000
Building 4 5 0.062
63.000 50.250
63.000 50.500
63.250 50.500
63.250 50.250
Building 4 5 0.062
63.000 50.500
63.000 50.750
63.250 50.750
63.250 50.500
Building 4 5 0.062
63.000 50.750
63.000 51.000
63.250 51.000
63.250 50.750
Building 4 5 0.062
63.000 51.000
63.000 51.250
63.250 51.250
63.250 51.000
Building 4 5 0.062
63.000 51.250
63.000 51.500
63.250 51.500
63.250 51.250
Building 4 5 0.062
63.000 51.500
63.000 51.750
63.250 51.750
63.250 51.500
Building 4 5 0.062
63.000 51.750
63.000 52.000
63.250 52.000
63.250 51.750
Building 4 5 0.062
63.000 52.000
63.000 52.250
63.250 52.250
63.250 52.000
Building 4 5 0.062
63.000 52.250
63.000 52.500
63.250 52.500
63.250 52.250
Building 4 5 0.062
63.000 52.500
63.000 52.750
63.250 52.750
63.250 52.500
Building 4 5 0.062
63.000 52.750
63.000 53.000
63.250 53.000
63.250 52.750
Building 4 5 0.062
63.000 53.000
63.000 53.250
63.250 53.250
63.250 53.000
Building 4 5 0.062
63.000 53.250
63.000 53.500
63.250 53.500
63.250 53.250
Building 4 5 0.062
63.000 53.500
63.000 53.750
63.250 53.750
63.250 53.500
Building 4 5 0.062
63.000 53.750
63.000 54.000
63.250 54.000
63.250 53.750
Building 4 5 0.062
63.000 54.000
63.000 54.250
63.250 54.250
63.250 54.000
Building 4 5 0.062
63.000 54.250
63.000 54.500
63.250 54.500
63.250 54.250
Building 4 5 0.062
63.000 54.500
63.000 54.750
63.250 54.750
63.250 54.500
Building 4 5 0.062
63.000 54.750
63.000 55.000
63.250 55.000
63.250 54.750
Building 4 5 0.062
63.000 55.000
63.000 55.250
63.250 55.250
63.250 55.000
Building 4 5 0.062
63.000 55.250
63.000 55.500
63.250 55.500
63.250 55.250
Building 4 5 0.062
63.000 55.500
63.000 55.750
63.250 55.750
63.250 55.500
Building 4 5 0.062
63.000 55.750
63.000 56.000
63.250 56.000
63.250 55.750
Building 4 5 0.062
63.000 56.000
63.000 56.250
63.250 56.250
63.250 56.000
Building 4 5 0.062
63.000 56.250
63.000 56.500
63.250 56.500
63.250 56.250
Building 4 5 0.062
63.000 56.500
63.000 56.750
63.250 56.750
63.250 56.500
Building 4 5 0.062
63.000 56.750
63.000 57.000
63.250 57.000
63.250 56.750
Building 4 5 0.062
63.000 57.000
63.000 57.250
63.250 57.250
63.250 57.000
Building 4 5 0.062
63.000 57.250
63.000 57.500
63.250 57.500
63.250 57.250
Building 4 5 0.062
63.000 57.500
63.000 57.750
63.250 57.750
63.250 57.500
Building 4 5 0.062
63.000 57.750
63.000 58.000
63.250 58.000
63.250 57.750
Building 4 5 0.062
63.000 58.000
63.000 58.250
63.250 58.250
63.250 58.000
Building 4 5 0.062
63.000 58.250
63.000 58.500
63.250 58.500
63.250 58.250
Building 4 5 0.062
63.000 58.500
63.000 58.750
63.250 58.750
63.250 58.500
Building 4 5 0.062
63.000 58.750
63.000 59.000
63.250 59.000
63.250 58.750
Building 4 5 0.062
63.000 59.000
63.000 59.250
63.250 59.250
63.250 59.000
Building 4 5 0.062
63.000 59.250
63.000 59.500
63.250 59.500
63.250 59.250
Building 4 5 0.062
63.000 59.500
63.000 59.750
63.250 59.750
63.250 59.500
Building 4 5 0.062
63.000 59.750
63.000 60.000
63.250 60.000
63.250 59.750
Building 4 5 0.062
63.000 60.000
63.000 60.250
63.250 60.250
63.250 60.000
Building 4 5 0.062
63.000 60.250
63.000 60.500
63.250 60.500
63.250 60.250
Building 4 5 0.062
63.000 60.500
63.000 60.750
63.250 60.750
63.250 60.500
Building 4 5 0.062
63.000 60.750
63.000 61.000
63.250 61.000
63.250 60.750
Building 4 5 0.062
63.000 61.000
63.000 61.250
63.250 61.250
63.250 61.000
Building 4 5 0.062
63.000 61.250
63.000 61.500
63.250 61.500
63.250 61.250
Building 4 5 0.062
63.000 61.500
63.000 61.750
63.250 61.750
63.250 61.500
Building 4 5 0.062
63.000 61.750
63.000 62.000
63.250 62.000
63.250 61.750
Building 4 5 0.062
63.000 62.000
63.000 62.250
63.250 62.250
63.250 62.000
Building 4 5 0.062
63.000 62.250
63.000 62.500
63.250 62.500
63.250 62.250
Building 4 5 0.062
63.000 62.500
63.000 62.750
63.250 62.750
63.250 62.500
Building 4 5 0.062
63.000 62.750
63.000 63.000
63.250 63.000
63.250 62.750
Building 4 5 0.062
63.000 63.000
63.000 63.250
63.250 63.250
63.250 63.000
Building 4 5 0.062
63.000 63.250
63.000 63.500
63.250 63.500
63.250 63.250
Building 4 5 0.062
63.000 63.500
63.000 63.750
63.250 63.750
63.250 63.500
Building 4 5 0.062
63.250 64.000
63.250 63.750
63.000 63.750
63.000 64.000
Building 4 5 0.062
63.250 26.500
63.250 26.750
63.500 26.750
63.500 26.500
Building 4 5 0.062
63.250 26.750
63.250 27.000
63.500 27.000
63.500 26.750
Building 4 5 0.062
63.250 27.000
63.250 27.250
63.500 27.250
63.500 27.000
Building 4 5 0.062
63.250 27.250
63.250 27.500
63.500 27.500
63.500 27.250
Building 4 5 0.062
63.250 27.500
63.250 27.750
63.500 27.750
63.500 27.500
Building 4 5 0.062
63.250 27.750
63.250 28.000
63.500 28.000
63.500 27.750
Building 4 5 0.062
63.250 28.000
63.250 28.250
63.500 28.250
63.500 28.000
Building 4 5 0.062
63.500 28.500
63.500 28.250
63.250 28.250
63.250 28.500
Building 4 5 0.062
63.500 31.500
63.250 31.500
63.250 31.750
63.500 31.750
Building 4 5 0.062
63.500 31.750
63.250 31.750
63.250 32.000
63.500 32.000
Building 4 5 0.062
63.500 32.000
63.250 32.000
63.250 32.250
63.500 32.250
Building 4 5 0.062
63.500 32.250
63.250 32.250
63.250 32.500
63.500 32.500
Building 4 5 0.062
63.500 32.500
63.250 32.500
63.250 32.750
63.500 32.750
Building 4 5 0.062
63.500 32.750
63.250 32.750
63.250 33.000
63.500 33.000
Building 4 5 0.062
63.500 33.000
63.250 33.000
63.250 33.250
63.500 33.250
Building 4 5 0.062
63.500 33.250
63.250 33.250
63.250 33.500
63.500 33.500
Building 4 5 0.062
63.500 33.500
63.250 33.500
63.250 33.750
63.500 33.750
Building 4 5 0.062
63.500 33.750
63.250 33.750
63.250 34.000
63.500 34.000
Building 4 5 0.062
63.500 34.000
63.250 34.000
63.250 34.250
63.500 34.250
Building 4 5 0.062
63.500 34.250
63.250 34.250
63.250 34.500
63.500 34.500
Building 4 5 0.062
63.500 34.500
63.250 34.500
63.250 34.750
63.500 34.750
Building 4 5 0.062
63.500 34.750
63.250 34.750
63.250 35.000
63.500 35.000
Building 4 5 0.062
63.500 35.000
63.250 35.000
63.250 35.250
63.500 35.250
Building 4 5 0.062
63.500 35.250
63.250 35.250
63.250 35.500
63.500 35.500
Building 4 5 0.062
63.500 35.500
63.250 35.500
63.250 35.750
63.500 35.750
Building 4 5 0.062
63.500 35.750
63.250 35.750
63.250 36.000
63.500 36.000
Building 4 5 0.062
63.500 36.000
63.250 36.000
63.250 36.250
63.500 36.250
Building 4 5 0.062
63.500 36.250
63.250 36.250
63.250 36.500
63.500 36.500
Building 4 5 0.062
63.500 36.500
63.250 36.500
63.250 36.750
63.500 36.750
Building 4 5 0.062
63.500 36.750
63.250 36.750
63.250 37.000
63.500 37.000
Building 4 5 0.062
63.500 37.000
63.250 37.000
63.250 37.250
63.500 37.250
Building 4 5 0.062
63.500 37.250
63.250 37.250
63.250 37.500
63.500 37.500
Building 4 5 0.062
63.500 37.500
63.250 37.500
63.250 37.750
63.500 37.750
Building 4 5 0.062
63.500 37.750
63.250 37.750
63.250 38.000
63.500 38.000
Building 4 5 0.062
63.500 38.000
63.250 38.000
63.250 38.250
63.500 38.250
Building 4 5 0.062
63.500 38.250
63.250 38.250
63.250 38.500
63.500 38.500
Building 4 5 0.062
63.500 38.500
63.250 38.500
63.250 38.750
63.500 38.750
Building 4 5 0.062
63.500 38.750
63.250 38.750
63.250 39.000
63.500 39.000
Building 4 5 0.062
63.500 39.000
63.250 39.000
63.250 39.250
63.500 39.250
Building 4 5 0.062
63.500 39.250
63.250 39.250
63.250 39.500
63.500 39.500
Building 4 5 0.062
63.500 39.500
63.250 39.500
63.250 39.750
63.500 39.750
Building 4 5 0.062
63.500 39.750
63.250 39.750
63.250 40.000
63.500 40.000
Building 4 5 0.062
63.500 40.000
63.250 40.000
63.250 40.250
63.500 40.250
Building 4 5 0.062
63.500 40.250
63.250 40.250
63.250 40.500
63.500 40.500
Building 4 5 0.062
63.500 40.500
63.250 40.500
63.250 40.750
63.500 40.750
Building 4 5 0.062
63.500 40.750
63.250 40.750
63.250 41.000
63.500 41.000
Building 4 5 0.062
63.500 41.000
63.250 41.000
63.250 41.250
63.500 41.250
Building 4 5 0.062
63.500 41.250
63.250 41.250
63.250 41.500
63.500 41.500
Building 4 5 0.062
63.500 41.500
63.250 41.500
63.250 41.750
63.500 41.750
Building 4 5 0.062
63.500 41.750
63.250 41.750
63.250 42.000
63.500 42.000
Building 4 5 0.062
63.500 42.000
63.250 42.000
63.250 42.250
63.500 42.250
Building 4 5 0.062
63.500 42.250
63.250 42.250
63.250 42.500
63.500 42.500
Building 4 5 0.062
63.500 42.500
63.250 42.500
63.250 42.750
63.500 42.750
Building 4 5 0.062
63.500 42.750
63.250 42.750
63.250 43.000
63.500 43.000
Building 4 5 0.062
63.500 43.000
63.250 43.000
63.250 43.250
63.500 43.250
Building 4 5 0.062
63.500 43.250
63.250 43.250
63.250 43.500
63.500 43.500
Building 4 5 0.062
63.500 43.500
63.250 43.500
63.250 43.750
63.500 43.750
Building 4 5 0.062
63.500 43.750
63.250 43.750
63.250 44.000
63.500 44.000
Building 4 5 0.062
63.500 44.000
63.250 44.000
63.250 44.250
63.500 44.250
Building 4 5 0.062
63.500 44.250
63.250 44.250
63.250 44.500
63.500 44.500
Building 4 5 0.062
63.500 44.500
63.250 44.500
63.250 44.750
63.500 44.750
Building 4 5 0.062
63.500 44.750
63.250 44.750
63.250 45.000
63.500 45.000
Building 4 5 0.062
63.500 45.000
63.250 45.000
63.250 45.250
63.500 45.250
Building 4 5 0.062
63.500 45.250
63.250 45.250
63.250 45.500
63.500 45.500
Building 4 5 0.062
63.500 45.500
63.250 45.500
63.250 45.750
63.500 45.750
Building 4 5 0.062
63.500 45.750
63.250 45.750
63.250 46.000
63.500 46.000
Building 4 5 0.062
63.500 46.000
63.250 46.000
63.250 46.250
63.500 46.250
Building 4 5 0.062
63.500 46.250
63.250 46.250
63.250 46.500
63.500 46.500
Building 4 5 0.062
63.500 46.500
63.250 46.500
63.250 46.750
63.500 46.750
Building 4 5 0.062
63.500 46.750
63.250 46.750
63.250 47.000
63.500 47.000
Building 4 5 0.062
63.500 47.000
63.250 47.000
63.250 47.250
63.500 47.250
Building 4 5 0.062
63.500 47.250
63.250 47.250
63.250 47.500
63.500 47.500
Building 4 5 0.062
63.500 47.500
63.250 47.500
63.250 47.750
63.500 47.750
Building 4 5 0.062
63.500 47.750
63.250 47.750
63.250 48.000
63.500 48.000
Building 4 5 0.062
63.500 48.000
63.250 48.000
63.250 48.250
63.500 48.250
Building 4 5 0.062
63.500 48.250
63.250 48.250
63.250 48.500
63.500 48.500
Building 4 5 0.062
63.500 48.500
63.250 48.500
63.250 48.750
63.500 48.750
Building 4 5 0.062
63.500 48.750
63.250 48.750
63.250 49.000
63.500 49.000
Building 4 5 0.062
63.500 49.000
63.250 49.000
63.250 49.250
63.500 49.250
Building 4 5 0.062
63.500 49.250
63.250 49.250
63.250 49.500
63.500 49.500
Building 4 5 0.062
63.500 49.500
63.250 49.500
63.250 49.750
63.500 49.750
Building 4 5 0.062
63.500 49.750
63.250 49.750
63.250 50.000
63.500 50.000
Building 4 5 0.062
63.500 50.000
63.250 50.000
63.250 50.250
63.500 50.250
Building 4 5 0.062
63.500 50.250
63.250 50.250
63.250 50.500
63.500 50.500
Building 4 5 0.062
63.500 50.500
63.250 50.500
63.250 50.750
63.500 50.750
Building 4 5 0.062
63.500 50.750
63.250 50.750
63.250 51.000
63.500 51.000
Building 4 5 0.062
63.500 51.000
63.250 51.000
63.250 51.250
63.500 51.250
Building 4 5 0.062
63.500 51.250
63.250 51.250
63.250 51.500
63.500 51.500
Building 4 5 0.062
63.500 51.500
63.250 51.500
63.250 51.750
63.500 51.750
Building 4 5 0.062
63.500 51.750
63.250 51.750
63.250 52.000
63.500 52.000
Building 4 5 0.062
63.500 52.000
63.250 52.000
63.250 52.250
63.500 52.250
Building 4 5 0.062
63.500 52.250
63.250 52.250
63.250 52.500
63.500 52.500
Building 4 5 0.062
63.500 52.500
63.250 52.500
63.250 52.750
63.500 52.750
Building 4 5 0.062
63.500 52.750
63.250 52.750
63.250 53.000
63.500 53.000
Building 4 5 0.062
63.500 53.000
63.250 53.000
63.250 53.250
63.500 53.250
Building 4 5 0.062
63.500 53.250
63.250 53.250
63.250 53.500
63.500 53.500
Building 4 5 0.062
63.500 53.500
63.250 53.500
63.250 53.750
63.500 53.750
Building 4 5 0.062
63.500 53.750
63.250 53.750
63.250 54.000
63.500 54.000
Building 4 5 0.062
63.500 54.000
63.250 54.000
63.250 54.250
63.500 54.250
Building 4 5 0.062
63.500 54.250
63.250 54.250
63.250 54.500
63.500 54.500
Building 4 5 0.062
63.500 54.500
63.250 54.500
63.250 54.750
63.500 54.750
Building 4 5 0.062
63.500 54.750
63.250 54.750
63.250 55.000
63.500 55.000
Building 4 5 0.062
63.500 55.000
63.250 55.000
63.250 55.250
63.500 55.250
Building 4 5 0.062
63.500 55.250
63.250 55.250
63.250 55.500
63.500 55.500
Building 4 5 0.062
63.500 55.500
63.250 55.500
63.250 55.750
63.500 55.750
Building 4 5 0.062
63.500 55.750
63.250 55.750
63.250 56.000
63.500 56.000
Building 4 5 0.062
63.500 56.000
63.250 56.000
63.250 56.250
63.500 56.250
Building 4 5 0.062
63.500 56.250
63.250 56.250
63.250 56.500
63.500 56.500
Building 4 5 0.062
63.500 56.500
63.250 56.500
63.250 56.750
63.500 56.750
Building 4 5 0.062
63.500 56.750
63.250 56.750
63.250 57.000
63.500 57.000
Building 4 5 0.062
63.500 57.000
63.250 57.000
63.250 57.250
63.500 57.250
Building 4 5 0.062
63.500 57.250
63.250 57.250
63.250 57.500
63.500 57.500
Building 4 5 0.062
63.500 57.500
63.250 57.500
63.250 57.750
63.500 57.750
Building 4 5 0.062
63.500 57.750
63.250 57.750
63.250 58.000
63.500 58.000
Building 4 5 0.062
63.500 58.000
63.250 58.000
63.250 58.250
63.500 58.250
Building 4 5 0.062
63.500 58.250
63.250 58.250
63.250 58.500
63.500 58.500
Building 4 5 0.062
63.500 58.500
63.250 58.500
63.250 58.750
63.500 58.750
Building 4 5 0.062
63.500 58.750
63.250 58.750
63.250 59.000
63.500 59.000
Building 4 5 0.062
63.500 59.000
63.250 59.000
63.250 59.250
63.500 59.250
Building 4 5 0.062
63.500 59.250
63.250 59.250
63.250 59.500
63.500 59.500
Building 4 5 0.062
63.500 59.500
63.250 59.500
63.250 59.750
63.500 59.750
Building 4 5 0.062
63.500 59.750
63.250 59.750
63.250 60.000
63.500 60.000
Building 4 5 0.062
63.500 60.000
63.250 60.000
63.250 60.250
63.500 60.250
Building 4 5 0.062
63.500 60.250
63.250 60.250
63.250 60.500
63.500 60.500
Building 4 5 0.062
63.500 60.500
63.250 60.500
63.250 60.750
63.500 60.750
Building 4 5 0.062
63.500 60.750
63.250 60.750
63.250 61.000
63.500 61.000
Building 4 5 0.062
63.500 61.000
63.250 61.000
63.250 61.250
63.500 61.250
Building 4 5 0.062
63.500 61.250
63.250 61.250
63.250 61.500
63.500 61.500
Building 4 5 0.062
63.500 61.500
63.250 61.500
63.250 61.750
63.500 61.750
Building 4 5 0.062
63.500 61.750
63.250 61.750
63.250 62.000
63.500 62.000
Building 4 5 0.062
63.250 62.000
63.250 62.250
63.500 62.250
63.500 62.000
Building 4 5 0.062
63.250 62.250
63.250 62.500
63.500 62.500
63.500 62.250
Building 4 5 0.062
63.250 62.500
63.250 62.750
63.500 62.750
63.500 62.500
Building 4 5 0.062
63.250 62.750
63.250 63.000
63.500 63.000
63.500 62.750
Building 4 5 0.062
63.250 63.000
63.250 63.250
63.500 63.250
63.500 63.000
Building 4 5 0.062
63.250 63.250
63.250 63.500
63.500 63.500
63.500 63.250
Building 4 5 0.062
63.250 63.500
63.250 63.750
63.500 63.750
63.500 63.500
Building 4 5 0.062
63.500 64.000
63.500 63.750
63.250 63.750
63.250 64.000
Building 4 5 0.062
63.500 26.500
63.500 26.750
63.750 26.750
63.750 26.500
Building 4 5 0.062
63.500 26.750
63.500 27.000
63.750 27.000
63.750 26.750
Building 4 5 0.062
63.500 27.000
63.500 27.250
63.750 27.250
63.750 27.000
Building 4 5 0.062
63.500 27.250
63.500 27.500
63.750 27.500
63.750 27.250
Building 4 5 0.062
63.500 27.500
63.500 27.750
63.750 27.750
63.750 27.500
Building 4 5 0.062
63.500 27.750
63.500 28.000
63.750 28.000
63.750 27.750
Building 4 5 0.062
63.500 28.000
63.500 28.250
63.750 28.250
63.750 28.000
Building 4 5 0.062
63.750 28.500
63.750 28.250
63.500 28.250
63.500 28.500
Building 4 5 0.062
63.500 62.000
63.500 62.250
63.750 62.250
63.750 62.000
Building 4 5 0.062
63.500 62.250
63.500 62.500
63.750 62.500
63.750 62.250
Building 4 5 0.062
63.500 62.500
63.500 62.750
63.750 62.750
63.750 62.500
Building 4 5 0.062
63.500 62.750
63.500 63.000
63.750 63.000
63.750 62.750
Building 4 5 0.062
63.500 63.000
63.500 63.250
63.750 63.250
63.750 63.000
Building 4 5 0.062
63.500 63.250
63.500 63.500
63.750 63.500
63.750 63.250
Building 4 5 0.062
63.500 63.500
63.500 63.750
63.750 63.750
63.750 63.500
Building 4 5 0.062
63.750 64.000
63.750 63.750
63.500 63.750
63.500 64.000
Building 4 5 0.062
63.750 26.500
63.750 26.750
64.000 26.750
64.000 26.500
Building 4 5 0.062
63.750 26.750
63.750 27.000
64.000 27.000
64.000 26.750
Building 4 5 0.062
63.750 27.000
63.750 27.250
64.000 27.250
64.000 27.000
Building 4 5 0.062
63.750 27.250
63.750 27.500
64.000 27.500
64.000 27.250
Building 4 5 0.062
63.750 27.500
63.750 27.750
64.000 27.750
64.000 27.500
Building 4 5 0.062
63.750 27.750
63.750 28.000
64.000 28.000
64.000 27.750
Building 4 5 0.062
63.750 28.000
63.750 28.250
64.000 28.250
64.000 28.000
Building 4 5 0.062
64.000 28.500
64.000 28.250
63.750 28.250
63.750 28.500
Building 4 5 0.062
63.750 62.000
63.750 62.250
64.000 62.250
64.000 62.000
Building 4 5 0.062
63.750 62.250
63.750 62.500
64.000 62.500
64.000 62.250
Building 4 5 0.062
63.750 62.500
63.750 62.750
64.000 62.750
64.000 62.500
Building 4 5 0.062
63.750 62.750
63.750 63.000
64.000 63.000
64.000 62.750
Building 4 5 0.062
63.750 63.000
63.750 63.250
64.000 63.250
64.000 63.000
Building 4 5 0.062
63.750 63.250
63.750 63.500
64.000 63.500
64.000 63.250
Building 4 5 0.062
63.750 63.500
63.750 63.750
64.000 63.750
64.000 63.500
Building 4 5 0.062
64.000 64.000
64.000 63.750
63.750 63.750
63.750 64.000
Building 4 5 0.062
64.000 26.500
64.000 26.750
64.250 26.750
64.250 26.500
Building 4 5 0.062
64.000 26.750
64.000 27.000
64.250 27.000
64.250 26.750
Building 4 5 0.062
64.000 27.000
64.000 27.250
64.250 27.250
64.250 27.000
Building 4 5 0.062
64.000 27.250
64.000 27.500
64.250 27.500
64.250 27.250
Building 4 5 0.062
64.000 27.500
64.000 27.750
64.250 27.750
64.250 27.500
Building 4 5 0.062
64.000 27.750
64.000 28.000
64.250 28.000
64.250 27.750
Building 4 5 0.062
64.000 28.000
64.000 28.250
64.250 28.250
64.250 28.000
Building 4 5 0.062
64.250 28.500
64.250 28.250
64.000 28.250
64.000 28.500
Building 4 5 0.062
64.000 62.000
64.000 62.250
64.250 62.250
64.250 62.000
Building 4 5 0.062
64.000 62.250
64.000 62.500
64.250 62.500
64.250 62.250
Building 4 5 0.062
64.000 62.500
64.000 62.750
64.250 62.750
64.250 62.500
Building 4 5 0.062
64.000 62.750
64.000 63.000
64.250 63.000
64.250 62.750
Building 4 5 0.062
64.000 63.000
64.000 63.250
64.250 63.250
64.250 63.000
Building 4 5 0.062
64.000 63.250
64.000 63.500
64.250 63.500
64.250 63.250
Building 4 5 0.062
64.000 63.500
64.000 63.750
64.250 63.750
64.250 63.500
Building 4 5 0.062
64.250 64.000
64.250 63.750
64.000 63.750
64.000 64.000
Building 4 5 0.062
64.250 26.500
64.250 26.750
64.500 26.750
64.500 26.500
Building 4 5 0.062
64.250 26.750
64.250 27.000
64.500 27.000
64.500 26.750
Building 4 5 0.062
64.250 27.000
64.250 27.250
64.500 27.250
64.500 27.000
Building 4 5 0.062
64.250 27.250
64.250 27.500
64.500 27.500
64.500 27.250
Building 4 5 0.062
64.250 27.500
64.250 27.750
64.500 27.750
64.500 27.500
Building 4 5 0.062
64.250 27.750
64.250 28.000
64.500 28.000
64.500 27.750
Building 4 5 0.062
64.250 28.000
64.250 28.250
64.500 28.250
64.500 28.000
Building 4 5 0.062
64.500 28.500
64.500 28.250
64.250 28.250
64.250 28.500
Building 4 5 0.062
64.250 62.000
64.250 62.250
64.500 62.250
64.500 62.000
Building 4 5 0.062
64.250 62.250
64.250 62.500
64.500 62.500
64.500 62.250
Building 4 5 0.062
64.250 62.500
64.250 62.750
64.500 62.750
64.500 62.500
Building 4 5 0.062
64.250 62.750
64.250 63.000
64.500 63.000
64.500 62.750
Building 4 5 0.062
64.250 63.000
64.250 63.250
64.500 63.250
64.500 63.000
Building 4 5 0.062
64.250 63.250
64.250 63.500
64.500 63.500
64.500 63.250
Building 4 5 0.062
64.250 63.500
64.250 63.750
64.500 63.750
64.500 63.500
Building 4 5 0.062
64.500 64.000
64.500 63.750
64.250 63.750
64.250 64.000
Building 4 5 0.062
64.500 26.500
64.500 26.750
64.750 26.750
64.750 26.500
Building 4 5 0.062
64.500 26.750
64.500 27.000
64.750 27.000
64.750 26.750
Building 4 5 0.062
64.500 27.000
64.500 27.250
64.750 27.250
64.750 27.000
Building 4 5 0.062
64.500 27.250
64.500 27.500
64.750 27.500
64.750 27.250
Building 4 5 0.062
64.500 27.500
64.500 27.750
64.750 27.750
64.750 27.500
Building 4 5 0.062
64.500 27.750
64.500 28.000
64.750 28.000
64.750 27.750
Building 4 5 0.062
64.500 28.000
64.500 28.250
64.750 28.250
64.750 28.000
Building 4 5 0.062
64.750 28.500
64.750 28.250
64.500 28.250
64.500 28.500
Building 4 5 0.062
64.500 62.000
64.500 62.250
64.750 62.250
64.750 62.000
Building 4 5 0.062
64.500 62.250
64.500 62.500
64.750 62.500
64.750 62.250
Building 4 5 0.062
64.500 62.500
64.500 62.750
64.750 62.750
64.750 62.500
Building 4 5 0.062
64.500 62.750
64.500 63.000
64.750 63.000
64.750 62.750
Building 4 5 0.062
64.500 63.000
64.500 63.250
64.750 63.250
64.750 63.000
Building 4 5 0.062
64.500 63.250
64.500 63.500
64.750 63.500
64.750 63.250
Building 4 5 0.062
64.500 63.500
64.500 63.750
64.750 63.750
64.750 63.500
Building 4 5 0.062
64.750 64.000
64.750 63.750
64.500 63.750
64.500 64.000
Building 4 5 0.062
64.750 26.500
64.750 26.750
65.000 26.750
65.000 26.500
Building 4 5 0.062
64.750 26.750
64.750 27.000
65.000 27.000
65.000 26.750
Building 4 5 0.062
64.750 27.000
64.750 27.250
65.000 27.250
65.000 27.000
Building 4 5 0.062
64.750 27.250
64.750 27.500
65.000 27.500
65.000 27.250
Building 4 5 0.062
64.750 27.500
64.750 27.750
65.000 27.750
65.000 27.500
Building 4 5 0.062
64.750 27.750
64.750 28.000
65.000 28.000
65.000 27.750
Building 4 5 0.062
64.750 28.000
64.750 28.250
65.000 28.250
65.000 28.000
Building 4 5 0.062
65.000 28.500
65.000 28.250
64.750 28.250
64.750 28.500
Building 4 5 0.062
64.750 62.000
64.750 62.250
65.000 62.250
65.000 62.000
Building 4 5 0.062
64.750 62.250
64.750 62.500
65.000 62.500
65.000 62.250
Building 4 5 0.062
64.750 62.500
64.750 62.750
65.000 62.750
65.000 62.500
Building 4 5 0.062
64.750 62.750
64.750 63.000
65.000 63.000
65.000 62.750
Building 4 5 0.062
64.750 63.000
64.750 63.250
65.000 63.250
65.000 63.000
Building 4 5 0.062
64.750 63.250
64.750 63.500
65.000 63.500
65.000 63.250
Building 4 5 0.062
64.750 63.500
64.750 63.750
65.000 63.750
65.000 63.500
Building 4 5 0.062
65.000 64.000
65.000 63.750
64.750 63.750
64.750 64.000
Building 4 5 0.062
65.000 26.500
65.000 26.750
65.250 26.750
65.250 26.500
Building 4 5 0.062
65.000 26.750
65.000 27.000
65.250 27.000
65.250 26.750
Building 4 5 0.062
65.000 27.000
65.000 27.250
65.250 27.250
65.250 27.000
Building 4 5 0.062
65.000 27.250
65.000 27.500
65.250 27.500
65.250 27.250
Building 4 5 0.062
65.000 27.500
65.000 27.750
65.250 27.750
65.250 27.500
Building 4 5 0.062
65.000 27.750
65.000 28.000
65.250 28.000
65.250 27.750
Building 4 5 0.062
65.000 28.000
65.000 28.250
65.250 28.250
65.250 28.000
Building 4 5 0.062
65.250 28.500
65.250 28.250
65.000 28.250
65.000 28.500
Building 4 5 0.062
65.000 62.000
65.000 62.250
65.250 62.250
65.250 62.000
Building 4 5 0.062
65.000 62.250
65.000 62.500
65.250 62.500
65.250 62.250
Building 4 5 0.062
65.000 62.500
65.000 62.750
65.250 62.750
65.250 62.500
Building 4 5 0.062
65.000 62.750
65.000 63.000
65.250 63.000
65.250 62.750
Building 4 5 0.062
65.000 63.000
65.000 63.250
65.250 63.250
65.250 63.000
Building 4 5 0.062
65.000 63.250
65.000 63.500
65.250 63.500
65.250 63.250
Building 4 5 0.062
65.000 63.500
65.000 63.750
65.250 63.750
65.250 63.500
Building 4 5 0.062
65.250 64.000
65.250 63.750
65.000 63.750
65.000 64.000
Building 4 5 0.062
65.250 26.500
65.250 26.750
65.500 26.750
65.500 26.500
Building 4 5 0.062
65.250 26.750
65.250 27.000
65.500 27.000
65.500 26.750
Building 4 5 0.062
65.250 27.000
65.250 27.250
65.500 27.250
65.500 27.000
Building 4 5 0.062
65.250 27.250
65.250 27.500
65.500 27.500
65.500 27.250
Building 4 5 0.062
65.250 27.500
65.250 27.750
65.500 27.750
65.500 27.500
Building 4 5 0.062
65.250 27.750
65.250 28.000
65.500 28.000
65.500 27.750
Building 4 5 0.062
65.250 28.000
65.250 28.250
65.500 28.250
65.500 28.000
Building 4 5 0.062
65.500 28.500
65.500 28.250
65.250 28.250
65.250 28.500
Building 4 5 0.062
65.250 62.000
65.250 62.250
65.500 62.250
65.500 62.000
Building 4 5 0.062
65.250 62.250
65.250 62.500
65.500 62.500
65.500 62.250
Building 4 5 0.062
65.250 62.500
65.250 62.750
65.500 62.750
65.500 62.500
Building 4 5 0.062
65.250 62.750
65.250 63.000
65.500 63.000
65.500 62.750
Building 4 5 0.062
65.250 63.000
65.250 63.250
65.500 63.250
65.500 63.000
Building 4 5 0.062
65.250 63.250
65.250 63.500
65.500 63.500
65.500 63.250
Building 4 5 0.062
65.250 63.500
65.250 63.750
65.500 63.750
65.500 63.500
Building 4 5 0.062
65.500 64.000
65.500 63.750
65.250 63.750
65.250 64.000
Building 4 5 0.062
65.500 26.500
65.500 26.750
65.750 26.750
65.750 26.500
Building 4 5 0.062
65.500 26.750
65.500 27.000
65.750 27.000
65.750 26.750
Building 4 5 0.062
65.500 27.000
65.500 27.250
65.750 27.250
65.750 27.000
Building 4 5 0.062
65.500 27.250
65.500 27.500
65.750 27.500
65.750 27.250
Building 4 5 0.062
65.500 27.500
65.500 27.750
65.750 27.750
65.750 27.500
Building 4 5 0.062
65.500 27.750
65.500 28.000
65.750 28.000
65.750 27.750
Building 4 5 0.062
65.500 28.000
65.500 28.250
65.750 28.250
65.750 28.000
Building 4 5 0.062
65.750 28.500
65.750 28.250
65.500 28.250
65.500 28.500
Building 4 5 0.062
65.500 62.000
65.500 62.250
65.750 62.250
65.750 62.000
Building 4 5 0.062
65.500 62.250
65.500 62.500
65.750 62.500
65.750 62.250
Building 4 5 0.062
65.500 62.500
65.500 62.750
65.750 62.750
65.750 62.500
Building 4 5 0.062
65.500 62.750
65.500 63.000
65.750 63.000
65.750 62.750
Building 4 5 0.062
65.500 63.000
65.500 63.250
65.750 63.250
65.750 63.000
Building 4 5 0.062
65.500 63.250
65.500 63.500
65.750 63.500
65.750 63.250
Building 4 5 0.062
65.500 63.500
65.500 63.750
65.750 63.750
65.750 63.500
Building 4 5 0.062
65.750 64.000
65.750 63.750
65.500 63.750
65.500 64.000
Building 4 5 0.062
65.750 26.500
65.750 26.750
66.000 26.750
66.000 26.500
Building 4 5 0.062
65.750 26.750
65.750 27.000
66.000 27.000
66.000 26.750
Building 4 5 0.062
65.750 27.000
65.750 27.250
66.000 27.250
66.000 27.000
Building 4 5 0.062
65.750 27.250
65.750 27.500
66.000 27.500
66.000 27.250
Building 4 5 0.062
65.750 27.500
65.750 27.750
66.000 27.750
66.000 27.500
Building 4 5 0.062
65.750 27.750
65.750 28.000
66.000 28.000
66.000 27.750
Building 4 5 0.062
65.750 28.000
65.750 28.250
66.000 28.250
66.000 28.000
Building 4 5 0.062
66.000 28.500
66.000 28.250
65.750 28.250
65.750 28.500
Building 4 5 0.062
65.750 62.000
65.750 62.250
66.000 62.250
66.000 62.000
Building 4 5 0.062
65.750 62.250
65.750 62.500
66.000 62.500
66.000 62.250
Building 4 5 0.062
65.750 62.500
65.750 62.750
66.000 62.750
66.000 62.500
Building 4 5 0.062
65.750 62.750
65.750 63.000
66.000 63.000
66.000 62.750
Building 4 5 0.062
65.750 63.000
65.750 63.250
66.000 63.250
66.000 63.000
Building 4 5 0.062
65.750 63.250
65.750 63.500
66.000 63.500
66.000 63.250
Building 4 5 0.062
65.750 63.500
65.750 63.750
66.000 63.750
66.000 63.500
Building 4 5 0.062
66.000 64.000
66.000 63.750
65.750 63.750
65.750 64.000
Building 4 5 0.062
66.000 26.500
66.000 26.750
66.250 26.750
66.250 26.500
Building 4 5 0.062
66.000 26.750
66.000 27.000
66.250 27.000
66.250 26.750
Building 4 5 0.062
66.000 27.000
66.000 27.250
66.250 27.250
66.250 27.000
Building 4 5 0.062
66.000 27.250
66.000 27.500
66.250 27.500
66.250 27.250
Building 4 5 0.062
66.000 27.500
66.000 27.750
66.250 27.750
66.250 27.500
Building 4 5 0.062
66.000 27.750
66.000 28.000
66.250 28.000
66.250 27.750
Building 4 5 0.062
66.000 28.000
66.000 28.250
66.250 28.250
66.250 28.000
Building 4 5 0.062
66.250 28.500
66.250 28.250
66.000 28.250
66.000 28.500
Building 4 5 0.062
66.000 62.000
66.000 62.250
66.250 62.250
66.250 62.000
Building 4 5 0.062
66.000 62.250
66.000 62.500
66.250 62.500
66.250 62.250
Building 4 5 0.062
66.000 62.500
66.000 62.750
66.250 62.750
66.250 62.500
Building 4 5 0.062
66.000 62.750
66.000 63.000
66.250 63.000
66.250 62.750
Building 4 5 0.062
66.000 63.000
66.000 63.250
66.250 63.250
66.250 63.000
Building 4 5 0.062
66.000 63.250
66.000 63.500
66.250 63.500
66.250 63.250
Building 4 5 0.062
66.000 63.500
66.000 63.750
66.250 63.750
66.250 63.500
Building 4 5 0.062
66.250 64.000
66.250 63.750
66.000 63.750
66.000 64.000
Building 4 5 0.062
66.250 26.500
66.250 26.750
66.500 26.750
66.500 26.500
Building 4 5 0.062
66.250 26.750
66.250 27.000
66.500 27.000
66.500 26.750
Building 4 5 0.062
66.250 27.000
66.250 27.250
66.500 27.250
66.500 27.000
Building 4 5 0.062
66.250 27.250
66.250 27.500
66.500 27.500
66.500 27.250
Building 4 5 0.062
66.250 27.500
66.250 27.750
66.500 27.750
66.500 27.500
Building 4 5 0.062
66.250 27.750
66.250 28.000
66.500 28.000
66.500 27.750
Building 4 5 0.062
66.250 28.000
66.250 28.250
66.500 28.250
66.500 28.000
Building 4 5 0.062
66.500 28.500
66.500 28.250
66.250 28.250
66.250 28.500
Building 4 5 0.062
66.250 62.000
66.250 62.250
66.500 62.250
66.500 62.000
Building 4 5 0.062
66.250 62.250
66.250 62.500
66.500 62.500
66.500 62.250
Building 4 5 0.062
66.250 62.500
66.250 62.750
66.500 62.750
66.500 62.500
Building 4 5 0.062
66.250 62.750
66.250 63.000
66.500 63.000
66.500 62.750
Building 4 5 0.062
66.250 63.000
66.250 63.250
66.500 63.250
66.500 63.000
Building 4 5 0.062
66.250 63.250
66.250 63.500
66.500 63.500
66.500 63.250
Building 4 5 0.062
66.250 63.500
66.250 63.750
66.500 63.750
66.500 63.500
Building 4 5 0.062
66.500 64.000
66.500 63.750
66.250 63.750
66.250 64.000
Building 4 5 0.062
66.500 26.500
66.500 26.750
66.750 26.750
66.750 26.500
Building 4 5 0.062
66.500 26.750
66.500 27.000
66.750 27.000
66.750 26.750
Building 4 5 0.062
66.500 27.000
66.500 27.250
66.750 27.250
66.750 27.000
Building 4 5 0.062
66.500 27.250
66.500 27.500
66.750 27.500
66.750 27.250
Building 4 5 0.062
66.500 27.500
66.500 27.750
66.750 27.750
66.750 27.500
Building 4 5 0.062
66.500 27.750
66.500 28.000
66.750 28.000
66.750 27.750
Building 4 5 0.062
66.500 28.000
66.500 28.250
66.750 28.250
66.750 28.000
Building 4 5 0.062
66.750 28.500
66.750 28.250
66.500 28.250
66.500 28.500
Building 4 5 0.062
66.500 28.750
66.750 28.750
66.750 28.500
66.500 28.500
Building 4 5 0.062
66.500 29.000
66.750 29.000
66.750 28.750
66.500 28.750
Building 4 5 0.062
66.500 29.250
66.750 29.250
66.750 29.000
66.500 29.000
Building 4 5 0.062
66.500 29.500
66.750 29.500
66.750 29.250
66.500 29.250
Building 4 5 0.062
66.500 29.750
66.750 29.750
66.750 29.500
66.500 29.500
Building 4 5 0.062
66.500 30.000
66.750 30.000
66.750 29.750
66.500 29.750
Building 4 5 0.062
66.500 30.250
66.750 30.250
66.750 30.000
66.500 30.000
Building 4 5 0.062
66.500 30.500
66.750 30.500
66.750 30.250
66.500 30.250
Building 4 5 0.062
66.500 30.750
66.750 30.750
66.750 30.500
66.500 30.500
Building 4 5 0.062
66.500 31.000
66.750 31.000
66.750 30.750
66.500 30.750
Building 4 5 0.062
66.500 31.250
66.750 31.250
66.750 31.000
66.500 31.000
Building 4 5 0.062
66.500 31.500
66.750 31.500
66.750 31.250
66.500 31.250
Building 4 5 0.062
66.500 31.750
66.750 31.750
66.750 31.500
66.500 31.500
Building 4 5 0.062
66.500 32.000
66.750 32.000
66.750 31.750
66.500 31.750
Building 4 5 0.062
66.500 32.250
66.750 32.250
66.750 32.000
66.500 32.000
Building 4 5 0.062
66.500 32.500
66.750 32.500
66.750 32.250
66.500 32.250
Building 4 5 0.062
66.500 32.750
66.750 32.750
66.750 32.500
66.500 32.500
Building 4 5 0.062
66.500 33.000
66.750 33.000
66.750 32.750
66.500 32.750
Building 4 5 0.062
66.500 33.250
66.750 33.250
66.750 33.000
66.500 33.000
Building 4 5 0.062
66.500 33.500
66.750 33.500
66.750 33.250
66.500 33.250
Building 4 5 0.062
66.500 33.750
66.750 33.750
66.750 33.500
66.500 33.500
Building 4 5 0.062
66.500 34.000
66.750 34.000
66.750 33.750
66.500 33.750
Building 4 5 0.062
66.500 34.250
66.750 34.250
66.750 34.000
66.500 34.000
Building 4 5 0.062
66.500 34.500
66.750 34.500
66.750 34.250
66.500 34.250
Building 4 5 0.062
66.500 34.750
66.750 34.750
66.750 34.500
66.500 34.500
Building 4 5 0.062
66.500 35.000
66.750 35.000
66.750 34.750
66.500 34.750
Building 4 5 0.062
66.500 35.250
66.750 35.250
66.750 35.000
66.500 35.000
Building 4 5 0.062
66.500 35.500
66.750 35.500
66.750 35.250
66.500 35.250
Building 4 5 0.062
66.500 35.750
66.750 35.750
66.750 35.500
66.500 35.500
Building 4 5 0.062
66.500 36.000
66.750 36.000
66.750 35.750
66.500 35.750
Building 4 5 0.062
66.500 36.250
66.750 36.250
66.750 36.000
66.500 36.000
Building 4 5 0.062
66.500 36.500
66.750 36.500
66.750 36.250
66.500 36.250
Building 4 5 0.062
66.500 36.750
66.750 36.750
66.750 36.500
66.500 36.500
Building 4 5 0.062
66.500 37.000
66.750 37.000
66.750 36.750
66.500 36.750
Building 4 5 0.062
66.500 37.250
66.750 37.250
66.750 37.000
66.500 37.000
Building 4 5 0.062
66.500 37.500
66.750 37.500
66.750 37.250
66.500 37.250
Building 4 5 0.062
66.500 37.750
66.750 37.750
66.750 37.500
66.500 37.500
Building 4 5 0.062
66.500 38.000
66.750 38.000
66.750 37.750
66.500 37.750
Building 4 5 0.062
66.500 38.250
66.750 38.250
66.750 38.000
66.500 38.000
Building 4 5 0.062
66.500 38.500
66.750 38.500
66.750 38.250
66.500 38.250
Building 4 5 0.062
66.500 38.750
66.750 38.750
66.750 38.500
66.500 38.500
Building 4 5 0.062
66.500 39.000
66.750 39.000
66.750 38.750
66.500 38.750
Building 4 5 0.062
66.500 39.250
66.750 39.250
66.750 39.000
66.500 39.000
Building 4 5 0.062
66.500 39.500
66.750 39.500
66.750 39.250
66.500 39.250
Building 4 5 0.062
66.500 39.750
66.750 39.750
66.750 39.500
66.500 39.500
Building 4 5 0.062
66.500 40.000
66.750 40.000
66.750 39.750
66.500 39.750
Building 4 5 0.062
66.500 40.250
66.750 40.250
66.750 40.000
66.500 40.000
Building 4 5 0.062
66.500 40.500
66.750 40.500
66.750 40.250
66.500 40.250
Building 4 5 0.062
66.500 40.750
66.750 40.750
66.750 40.500
66.500 40.500
Building 4 5 0.062
66.500 41.000
66.750 41.000
66.750 40.750
66.500 40.750
Building 4 5 0.062
66.500 41.250
66.750 41.250
66.750 41.000
66.500 41.000
Building 4 5 0.062
66.500 41.500
66.750 41.500
66.750 41.250
66.500 41.250
Building 4 5 0.062
66.500 41.750
66.750 41.750
66.750 41.500
66.500 41.500
Building 4 5 0.062
66.500 42.000
66.750 42.000
66.750 41.750
66.500 41.750
Building 4 5 0.062
66.500 42.250
66.750 42.250
66.750 42.000
66.500 42.000
Building 4 5 0.062
66.500 42.500
66.750 42.500
66.750 42.250
66.500 42.250
Building 4 5 0.062
66.500 42.750
66.750 42.750
66.750 42.500
66.500 42.500
Building 4 5 0.062
66.500 43.000
66.750 43.000
66.750 42.750
66.500 42.750
Building 4 5 0.062
66.500 43.250
66.750 43.250
66.750 43.000
66.500 43.000
Building 4 5 0.062
66.500 43.500
66.750 43.500
66.750 43.250
66.500 43.250
Building 4 5 0.062
66.500 43.750
66.750 43.750
66.750 43.500
66.500 43.500
Building 4 5 0.062
66.500 44.000
66.750 44.000
66.750 43.750
66.500 43.750
Building 4 5 0.062
66.500 44.250
66.750 44.250
66.750 44.000
66.500 44.000
Building 4 5 0.062
66.500 44.500
66.750 44.500
66.750 44.250
66.500 44.250
Building 4 5 0.062
66.500 44.750
66.750 44.750
66.750 44.500
66.500 44.500
Building 4 5 0.062
66.500 45.000
66.750 45.000
66.750 44.750
66.500 44.750
Building 4 5 0.062
66.500 45.250
66.750 45.250
66.750 45.000
66.500 45.000
Building 4 5 0.062
66.500 45.500
66.750 45.500
66.750 45.250
66.500 45.250
Building 4 5 0.062
66.500 45.750
66.750 45.750
66.750 45.500
66.500 45.500
Building 4 5 0.062
66.500 46.000
66.750 46.000
66.750 45.750
66.500 45.750
Building 4 5 0.062
66.500 46.250
66.750 46.250
66.750 46.000
66.500 46.000
Building 4 5 0.062
66.500 46.500
66.750 46.500
66.750 46.250
66.500 46.250
Building 4 5 0.062
66.500 46.750
66.750 46.750
66.750 46.500
66.500 46.500
Building 4 5 0.062
66.500 47.000
66.750 47.000
66.750 46.750
66.500 46.750
Building 4 5 0.062
66.500 47.250
66.750 47.250
66.750 47.000
66.500 47.000
Building 4 5 0.062
66.500 47.500
66.750 47.500
66.750 47.250
66.500 47.250
Building 4 5 0.062
66.500 47.750
66.750 47.750
66.750 47.500
66.500 47.500
Building 4 5 0.062
66.500 48.000
66.750 48.000
66.750 47.750
66.500 47.750
Building 4 5 0.062
66.500 48.250
66.750 48.250
66.750 48.000
66.500 48.000
Building 4 5 0.062
66.500 48.500
66.750 48.500
66.750 48.250
66.500 48.250
Building 4 5 0.062
66.500 48.750
66.750 48.750
66.750 48.500
66.500 48.500
Building 4 5 0.062
66.500 49.000
66.750 49.000
66.750 48.750
66.500 48.750
Building 4 5 0.062
66.500 49.250
66.750 49.250
66.750 49.000
66.500 49.000
Building 4 5 0.062
66.500 49.500
66.750 49.500
66.750 49.250
66.500 49.250
Building 4 5 0.062
66.500 49.750
66.750 49.750
66.750 49.500
66.500 49.500
Building 4 5 0.062
66.500 50.000
66.750 50.000
66.750 49.750
66.500 49.750
Building 4 5 0.062
66.500 50.250
66.750 50.250
66.750 50.000
66.500 50.000
Building 4 5 0.062
66.500 50.500
66.750 50.500
66.750 50.250
66.500 50.250
Building 4 5 0.062
66.500 50.750
66.750 50.750
66.750 50.500
66.500 50.500
Building 4 5 0.062
66.500 51.000
66.750 51.000
66.750 50.750
66.500 50.750
Building 4 5 0.062
66.500 51.250
66.750 51.250
66.750 51.000
66.500 51.000
Building 4 5 0.062
66.500 51.500
66.750 51.500
66.750 51.250
66.500 51.250
Building 4 5 0.062
66.500 51.750
66.750 51.750
66.750 51.500
66.500 51.500
Building 4 5 0.062
66.500 52.000
66.750 52.000
66.750 51.750
66.500 51.750
Building 4 5 0.062
66.500 52.250
66.750 52.250
66.750 52.000
66.500 52.000
Building 4 5 0.062
66.500 52.500
66.750 52.500
66.750 52.250
66.500 52.250
Building 4 5 0.062
66.500 52.750
66.750 52.750
66.750 52.500
66.500 52.500
Building 4 5 0.062
66.500 53.000
66.750 53.000
66.750 52.750
66.500 52.750
Building 4 5 0.062
66.500 53.250
66.750 53.250
66.750 53.000
66.500 53.000
Building 4 5 0.062
66.500 53.500
66.750 53.500
66.750 53.250
66.500 53.250
Building 4 5 0.062
66.500 53.750
66.750 53.750
66.750 53.500
66.500 53.500
Building 4 5 0.062
66.500 54.000
66.750 54.000
66.750 53.750
66.500 53.750
Building 4 5 0.062
66.500 54.250
66.750 54.250
66.750 54.000
66.500 54.000
Building 4 5 0.062
66.500 54.500
66.750 54.500
66.750 54.250
66.500 54.250
Building 4 5 0.062
66.500 54.750
66.750 54.750
66.750 54.500
66.500 54.500
Building 4 5 0.062
66.500 55.000
66.750 55.000
66.750 54.750
66.500 54.750
Building 4 5 0.062
66.500 55.250
66.750 55.250
66.750 55.000
66.500 55.000
Building 4 5 0.062
66.500 55.500
66.750 55.500
66.750 55.250
66.500 55.250
Building 4 5 0.062
66.500 55.750
66.750 55.750
66.750 55.500
66.500 55.500
Building 4 5 0.062
66.500 56.000
66.750 56.000
66.750 55.750
66.500 55.750
Building 4 5 0.062
66.500 56.250
66.750 56.250
66.750 56.000
66.500 56.000
Building 4 5 0.062
66.500 56.500
66.750 56.500
66.750 56.250
66.500 56.250
Building 4 5 0.062
66.500 56.750
66.750 56.750
66.750 56.500
66.500 56.500
Building 4 5 0.062
66.500 57.000
66.750 57.000
66.750 56.750
66.500 56.750
Building 4 5 0.062
66.500 57.250
66.750 57.250
66.750 57.000
66.500 57.000
Building 4 5 0.062
66.500 57.500
66.750 57.500
66.750 57.250
66.500 57.250
Building 4 5 0.062
66.500 57.750
66.750 57.750
66.750 57.500
66.500 57.500
Building 4 5 0.062
66.500 58.000
66.750 58.000
66.750 57.750
66.500 57.750
Building 4 5 0.062
66.500 58.250
66.750 58.250
66.750 58.000
66.500 58.000
Building 4 5 0.062
66.500 58.500
66.750 58.500
66.750 58.250
66.500 58.250
Building 4 5 0.062
66.500 58.750
66.750 58.750
66.750 58.500
66.500 58.500
Building 4 5 0.062
66.500 59.000
66.750 59.000
66.750 58.750
66.500 58.750
Building 4 5 0.062
66.500 59.250
66.750 59.250
66.750 59.000
66.500 59.000
Building 4 5 0.062
66.500 59.500
66.750 59.500
66.750 59.250
66.500 59.250
Building 4 5 0.062
66.500 59.750
66.750 59.750
66.750 59.500
66.500 59.500
Building 4 5 0.062
66.500 60.000
66.750 60.000
66.750 59.750
66.500 59.750
Building 4 5 0.062
66.500 60.250
66.750 60.250
66.750 60.000
66.500 60.000
Building 4 5 0.062
66.500 60.500
66.750 60.500
66.750 60.250
66.500 60.250
Building 4 5 0.062
66.500 60.750
66.750 60.750
66.750 60.500
66.500 60.500
Building 4 5 0.062
66.500 61.000
66.750 61.000
66.750 60.750
66.500 60.750
Building 4 5 0.062
66.500 61.250
66.750 61.250
66.750 61.000
66.500 61.000
Building 4 5 0.062
66.500 61.500
66.750 61.500
66.750 61.250
66.500 61.250
Building 4 5 0.062
66.500 61.750
66.750 61.750
66.750 61.500
66.500 61.500
Building 4 5 0.062
66.500 62.000
66.750 62.000
66.750 61.750
66.500 61.750
Building 4 5 0.062
66.500 62.250
66.750 62.250
66.750 62.000
66.500 62.000
Building 4 5 0.062
66.500 62.250
66.500 62.500
66.750 62.500
66.750 62.250
Building 4 5 0.062
66.500 62.500
66.500 62.750
66.750 62.750
66.750 62.500
Building 4 5 0.062
66.500 62.750
66.500 63.000
66.750 63.000
66.750 62.750
Building 4 5 0.062
66.500 63.000
66.500 63.250
66.750 63.250
66.750 63.000
Building 4 5 0.062
66.500 63.250
66.500 63.500
66.750 63.500
66.750 63.250
Building 4 5 0.062
66.500 63.500
66.500 63.750
66.750 63.750
66.750 63.500
Building 4 5 0.062
66.750 64.000
66.750 63.750
66.500 63.750
66.500 64.000
Building 4 5 0.062
66.750 26.500
66.750 26.750
67.000 26.750
67.000 26.500
Building 4 5 0.062
66.750 26.750
66.750 27.000
67.000 27.000
67.000 26.750
Building 4 5 0.062
66.750 27.000
66.750 27.250
67.000 27.250
67.000 27.000
Building 4 5 0.062
66.750 27.250
66.750 27.500
67.000 27.500
67.000 27.250
Building 4 5 0.062
66.750 27.500
66.750 27.750
67.000 27.750
67.000 27.500
Building 4 5 0.062
66.750 27.750
66.750 28.000
67.000 28.000
67.000 27.750
Building 4 5 0.062
66.750 28.000
66.750 28.250
67.000 28.250
67.000 28.000
Building 4 5 0.062
66.750 28.250
66.750 28.500
67.000 28.500
67.000 28.250
Building 4 5 0.062
66.750 28.500
66.750 28.750
67.000 28.750
67.000 28.500
Building 4 5 0.062
66.750 28.750
66.750 29.000
67.000 29.000
67.000 28.750
Building 4 5 0.062
66.750 29.000
66.750 29.250
67.000 29.250
67.000 29.000
Building 4 5 0.062
66.750 29.250
66.750 29.500
67.000 29.500
67.000 29.250
Building 4 5 0.062
66.750 29.500
66.750 29.750
67.000 29.750
67.000 29.500
Building 4 5 0.062
66.750 29.750
66.750 30.000
67.000 30.000
67.000 29.750
Building 4 5 0.062
66.750 30.000
66.750 30.250
67.000 30.250
67.000 30.000
Building 4 5 0.062
66.750 30.250
66.750 30.500
67.000 30.500
67.000 30.250
Building 4 5 0.062
66.750 30.500
66.750 30.750
67.000 30.750
67.000 30.500
Building 4 5 0.062
66.750 30.750
66.750 31.000
67.000 31.000
67.000 30.750
Building 4 5 0.062
66.750 31.000
66.750 31.250
67.000 31.250
67.000 31.000
Building 4 5 0.062
66.750 31.250
66.750 31.500
67.000 31.500
67.000 31.250
Building 4 5 0.062
66.750 31.500
66.750 31.750
67.000 31.750
67.000 31.500
Building 4 5 0.062
66.750 31.750
66.750 32.000
67.000 32.000
67.000 31.750
Building 4 5 0.062
66.750 32.000
66.750 32.250
67.000 32.250
67.000 32.000
Building 4 5 0.062
66.750 32.250
66.750 32.500
67.000 32.500
67.000 32.250
Building 4 5 0.062
66.750 32.500
66.750 32.750
67.000 32.750
67.000 32.500
Building 4 5 0.062
66.750 32.750
66.750 33.000
67.000 33.000
67.000 32.750
Building 4 5 0.062
66.750 33.000
66.750 33.250
67.000 33.250
67.000 33.000
Building 4 5 0.062
66.750 33.250
66.750 33.500
67.000 33.500
67.000 33.250
Building 4 5 0.062
66.750 33.500
66.750 33.750
67.000 33.750
67.000 33.500
Building 4 5 0.062
66.750 33.750
66.750 34.000
67.000 34.000
67.000 33.750
Building 4 5 0.062
66.750 34.000
66.750 34.250
67.000 34.250
67.000 34.000
Building 4 5 0.062
66.750 34.250
66.750 34.500
67.000 34.500
67.000 34.250
Building 4 5 0.062
66.750 34.500
66.750 34.750
67.000 34.750
67.000 34.500
Building 4 5 0.062
66.750 34.750
66.750 35.000
67.000 35.000
67.000 34.750
Building 4 5 0.062
66.750 35.000
66.750 35.250
67.000 35.250
67.000 35.000
Building 4 5 0.062
66.750 35.250
66.750 35.500
67.000 35.500
67.000 35.250
Building 4 5 0.062
66.750 35.500
66.750 35.750
67.000 35.750
67.000 35.500
Building 4 5 0.062
66.750 35.750
66.750 36.000
67.000 36.000
67.000 35.750
Building 4 5 0.062
66.750 36.000
66.750 36.250
67.000 36.250
67.000 36.000
Building 4 5 0.062
66.750 36.250
66.750 36.500
67.000 36.500
67.000 36.250
Building 4 5 0.062
66.750 36.500
66.750 36.750
67.000 36.750
67.000 36.500
Building 4 5 0.062
66.750 36.750
66.750 37.000
67.000 37.000
67.000 36.750
Building 4 5 0.062
66.750 37.000
66.750 37.250
67.000 37.250
67.000 37.000
Building 4 5 0.062
66.750 37.250
66.750 37.500
67.000 37.500
67.000 37.250
Building 4 5 0.062
66.750 37.500
66.750 37.750
67.000 37.750
67.000 37.500
Building 4 5 0.062
66.750 37.750
66.750 38.000
67.000 38.000
67.000 37.750
Building 4 5 0.062
66.750 38.000
66.750 38.250
67.000 38.250
67.000 38.000
Building 4 5 0.062
66.750 38.250
66.750 38.500
67.000 38.500
67.000 38.250
Building 4 5 0.062
66.750 38.500
66.750 38.750
67.000 38.750
67.000 38.500
Building 4 5 0.062
66.750 38.750
66.750 39.000
67.000 39.000
67.000 38.750
Building 4 5 0.062
66.750 39.000
66.750 39.250
67.000 39.250
67.000 39.000
Building 4 5 0.062
66.750 39.250
66.750 39.500
67.000 39.500
67.000 39.250
Building 4 5 0.062
66.750 39.500
66.750 39.750
67.000 39.750
67.000 39.500
Building 4 5 0.062
66.750 39.750
66.750 40.000
67.000 40.000
67.000 39.750
Building 4 5 0.062
66.750 40.000
66.750 40.250
67.000 40.250
67.000 40.000
Building 4 5 0.062
66.750 40.250
66.750 40.500
67.000 40.500
67.000 40.250
Building 4 5 0.062
66.750 40.500
66.750 40.750
67.000 40.750
67.000 40.500
Building 4 5 0.062
66.750 40.750
66.750 41.000
67.000 41.000
67.000 40.750
Building 4 5 0.062
66.750 41.000
66.750 41.250
67.000 41.250
67.000 41.000
Building 4 5 0.062
66.750 41.250
66.750 41.500
67.000 41.500
67.000 41.250
Building 4 5 0.062
66.750 41.500
66.750 41.750
67.000 41.750
67.000 41.500
Building 4 5 0.062
66.750 41.750
66.750 42.000
67.000 42.000
67.000 41.750
Building 4 5 0.062
66.750 42.000
66.750 42.250
67.000 42.250
67.000 42.000
Building 4 5 0.062
66.750 42.250
66.750 42.500
67.000 42.500
67.000 42.250
Building 4 5 0.062
66.750 42.500
66.750 42.750
67.000 42.750
67.000 42.500
Building 4 5 0.062
66.750 42.750
66.750 43.000
67.000 43.000
67.000 42.750
Building 4 5 0.062
66.750 43.000
66.750 43.250
67.000 43.250
67.000 43.000
Building 4 5 0.062
66.750 43.250
66.750 43.500
67.000 43.500
67.000 43.250
Building 4 5 0.062
66.750 43.500
66.750 43.750
67.000 43.750
67.000 43.500
Building 4 5 0.062
66.750 43.750
66.750 44.000
67.000 44.000
67.000 43.750
Building 4 5 0.062
66.750 44.000
66.750 44.250
67.000 44.250
67.000 44.000
Building 4 5 0.062
66.750 44.250
66.750 44.500
67.000 44.500
67.000 44.250
Building 4 5 0.062
66.750 44.500
66.750 44.750
67.000 44.750
67.000 44.500
Building 4 5 0.062
66.750 44.750
66.750 45.000
67.000 45.000
67.000 44.750
Building 4 5 0.062
66.750 45.000
66.750 45.250
67.000 45.250
67.000 45.000
Building 4 5 0.062
66.750 45.250
66.750 45.500
67.000 45.500
67.000 45.250
Building 4 5 0.062
66.750 45.500
66.750 45.750
67.000 45.750
67.000 45.500
Building 4 5 0.062
66.750 45.750
66.750 46.000
67.000 46.000
67.000 45.750
Building 4 5 0.062
66.750 46.000
66.750 46.250
67.000 46.250
67.000 46.000
Building 4 5 0.062
66.750 46.250
66.750 46.500
67.000 46.500
67.000 46.250
Building 4 5 0.062
66.750 46.500
66.750 46.750
67.000 46.750
67.000 46.500
Building 4 5 0.062
66.750 46.750
66.750 47.000
67.000 47.000
67.000 46.750
Building 4 5 0.062
66.750 47.000
66.750 47.250
67.000 47.250
67.000 47.000
Building 4 5 0.062
66.750 47.250
66.750 47.500
67.000 47.500
67.000 47.250
Building 4 5 0.062
66.750 47.500
66.750 47.750
67.000 47.750
67.000 47.500
Building 4 5 0.062
66.750 47.750
66.750 48.000
67.000 48.000
67.000 47.750
Building 4 5 0.062
66.750 48.000
66.750 48.250
67.000 48.250
67.000 48.000
Building 4 5 0.062
66.750 48.250
66.750 48.500
67.000 48.500
67.000 48.250
Building 4 5 0.062
66.750 48.500
66.750 48.750
67.000 48.750
67.000 48.500
Building 4 5 0.062
66.750 48.750
66.750 49.000
67.000 49.000
67.000 48.750
Building 4 5 0.062
66.750 49.000
66.750 49.250
67.000 49.250
67.000 49.000
Building 4 5 0.062
66.750 49.250
66.750 49.500
67.000 49.500
67.000 49.250
Building 4 5 0.062
66.750 49.500
66.750 49.750
67.000 49.750
67.000 49.500
Building 4 5 0.062
66.750 49.750
66.750 50.000
67.000 50.000
67.000 49.750
Building 4 5 0.062
66.750 50.000
66.750 50.250
67.000 50.250
67.000 50.000
Building 4 5 0.062
66.750 50.250
66.750 50.500
67.000 50.500
67.000 50.250
Building 4 5 0.062
66.750 50.500
66.750 50.750
67.000 50.750
67.000 50.500
Building 4 5 0.062
66.750 50.750
66.750 51.000
67.000 51.000
67.000 50.750
Building 4 5 0.062
66.750 51.000
66.750 51.250
67.000 51.250
67.000 51.000
Building 4 5 0.062
66.750 51.250
66.750 51.500
67.000 51.500
67.000 51.250
Building 4 5 0.062
66.750 51.500
66.750 51.750
67.000 51.750
67.000 51.500
Building 4 5 0.062
66.750 51.750
66.750 52.000
67.000 52.000
67.000 51.750
Building 4 5 0.062
66.750 52.000
66.750 52.250
67.000 52.250
67.000 52.000
Building 4 5 0.062
66.750 52.250
66.750 52.500
67.000 52.500
67.000 52.250
Building 4 5 0.062
66.750 52.500
66.750 52.750
67.000 52.750
67.000 52.500
Building 4 5 0.062
66.750 52.750
66.750 53.000
67.000 53.000
67.000 52.750
Building 4 5 0.062
66.750 53.000
66.750 53.250
67.000 53.250
67.000 53.000
Building 4 5 0.062
66.750 53.250
66.750 53.500
67.000 53.500
67.000 53.250
Building 4 5 0.062
66.750 53.500
66.750 53.750
67.000 53.750
67.000 53.500
Building 4 5 0.062
66.750 53.750
66.750 54.000
67.000 54.000
67.000 53.750
Building 4 5 0.062
66.750 54.000
66.750 54.250
67.000 54.250
67.000 54.000
Building 4 5 0.062
66.750 54.250
66.750 54.500
67.000 54.500
67.000 54.250
Building 4 5 0.062
66.750 54.500
66.750 54.750
67.000 54.750
67.000 54.500
Building 4 5 0.062
66.750 54.750
66.750 55.000
67.000 55.000
67.000 54.750
Building 4 5 0.062
66.750 55.000
66.750 55.250
67.000 55.250
67.000 55.000
Building 4 5 0.062
66.750 55.250
66.750 55.500
67.000 55.500
67.000 55.250
Building 4 5 0.062
66.750 55.500
66.750 55.750
67.000 55.750
67.000 55.500
Building 4 5 0.062
66.750 55.750
66.750 56.000
67.000 56.000
67.000 55.750
Building 4 5 0.062
66.750 56.000
66.750 56.250
67.000 56.250
67.000 56.000
Building 4 5 0.062
66.750 56.250
66.750 56.500
67.000 56.500
67.000 56.250
Building 4 5 0.062
66.750 56.500
66.750 56.750
67.000 56.750
67.000 56.500
Building 4 5 0.062
66.750 56.750
66.750 57.000
67.000 57.000
67.000 56.750
Building 4 5 0.062
66.750 57.000
66.750 57.250
67.000 57.250
67.000 57.000
Building 4 5 0.062
66.750 57.250
66.750 57.500
67.000 57.500
67.000 57.250
Building 4 5 0.062
66.750 57.500
66.750 57.750
67.000 57.750
67.000 57.500
Building 4 5 0.062
66.750 57.750
66.750 58.000
67.000 58.000
67.000 57.750
Building 4 5 0.062
66.750 58.000
66.750 58.250
67.000 58.250
67.000 58.000
Building 4 5 0.062
66.750 58.250
66.750 58.500
67.000 58.500
67.000 58.250
Building 4 5 0.062
66.750 58.500
66.750 58.750
67.000 58.750
67.000 58.500
Building 4 5 0.062
66.750 58.750
66.750 59.000
67.000 59.000
67.000 58.750
Building 4 5 0.062
66.750 59.000
66.750 59.250
67.000 59.250
67.000 59.000
Building 4 5 0.062
66.750 59.250
66.750 59.500
67.000 59.500
67.000 59.250
Building 4 5 0.062
66.750 59.500
66.750 59.750
67.000 59.750
67.000 59.500
Building 4 5 0.062
66.750 59.750
66.750 60.000
67.000 60.000
67.000 59.750
Building 4 5 0.062
66.750 60.000
66.750 60.250
67.000 60.250
67.000 60.000
Building 4 5 0.062
66.750 60.250
66.750 60.500
67.000 60.500
67.000 60.250
Building 4 5 0.062
66.750 60.500
66.750 60.750
67.000 60.750
67.000 60.500
Building 4 5 0.062
66.750 60.750
66.750 61.000
67.000 61.000
67.000 60.750
Building 4 5 0.062
66.750 61.000
66.750 61.250
67.000 61.250
67.000 61.000
Building 4 5 0.062
66.750 61.250
66.750 61.500
67.000 61.500
67.000 61.250
Building 4 5 0.062
66.750 61.500
66.750 61.750
67.000 61.750
67.000 61.500
Building 4 5 0.062
66.750 61.750
66.750 62.000
67.000 62.000
67.000 61.750
Building 4 5 0.062
66.750 62.000
66.750 62.250
67.000 62.250
67.000 62.000
Building 4 5 0.062
66.750 62.250
66.750 62.500
67.000 62.500
67.000 62.250
Building 4 5 0.062
66.750 62.500
66.750 62.750
67.000 62.750
67.000 62.500
Building 4 5 0.062
66.750 62.750
66.750 63.000
67.000 63.000
67.000 62.750
Building 4 5 0.062
66.750 63.000
66.750 63.250
67.000 63.250
67.000 63.000
Building 4 5 0.062
66.750 63.250
66.750 63.500
67.000 63.500
67.000 63.250
Building 4 5 0.062
66.750 63.500
66.750 63.750
67.000 63.750
67.000 63.500
Building 4 5 0.062
67.000 64.000
67.000 63.750
66.750 63.750
66.750 64.000
Building 4 5 0.062
67.000 26.500
67.000 26.750
67.250 26.750
67.250 26.500
Building 4 5 0.062
67.000 26.750
67.000 27.000
67.250 27.000
67.250 26.750
Building 4 5 0.062
67.000 27.000
67.000 27.250
67.250 27.250
67.250 27.000
Building 4 5 0.062
67.000 27.250
67.000 27.500
67.250 27.500
67.250 27.250
Building 4 5 0.062
67.000 27.500
67.000 27.750
67.250 27.750
67.250 27.500
Building 4 5 0.062
67.000 27.750
67.000 28.000
67.250 28.000
67.250 27.750
Building 4 5 0.062
67.000 28.000
67.000 28.250
67.250 28.250
67.250 28.000
Building 4 5 0.062
67.000 28.250
67.000 28.500
67.250 28.500
67.250 28.250
Building 4 5 0.062
67.000 28.500
67.000 28.750
67.250 28.750
67.250 28.500
Building 4 5 0.062
67.000 28.750
67.000 29.000
67.250 29.000
67.250 28.750
Building 4 5 0.062
67.000 29.000
67.000 29.250
67.250 29.250
67.250 29.000
Building 4 5 0.062
67.000 29.250
67.000 29.500
67.250 29.500
67.250 29.250
Building 4 5 0.062
67.000 29.500
67.000 29.750
67.250 29.750
67.250 29.500
Building 4 5 0.062
67.000 29.750
67.000 30.000
67.250 30.000
67.250 29.750
Building 4 5 0.062
67.000 30.000
67.000 30.250
67.250 30.250
67.250 30.000
Building 4 5 0.062
67.000 30.250
67.000 30.500
67.250 30.500
67.250 30.250
Building 4 5 0.062
67.000 30.500
67.000 30.750
67.250 30.750
67.250 30.500
Building 4 5 0.062
67.000 30.750
67.000 31.000
67.250 31.000
67.250 30.750
Building 4 5 0.062
67.000 31.000
67.000 31.250
67.250 31.250
67.250 31.000
Building 4 5 0.062
67.000 31.250
67.000 31.500
67.250 31.500
67.250 31.250
Building 4 5 0.062
67.000 31.500
67.000 31.750
67.250 31.750
67.250 31.500
Building 4 5 0.062
67.000 31.750
67.000 32.000
67.250 32.000
67.250 31.750
Building 4 5 0.062
67.000 32.000
67.000 32.250
67.250 32.250
67.250 32.000
Building 4 5 0.062
67.000 32.250
67.000 32.500
67.250 32.500
67.250 32.250
Building 4 5 0.062
67.000 32.500
67.000 32.750
67.250 32.750
67.250 32.500
Building 4 5 0.062
67.000 32.750
67.000 33.000
67.250 33.000
67.250 32.750
Building 4 5 0.062
67.000 33.000
67.000 33.250
67.250 33.250
67.250 33.000
Building 4 5 0.062
67.000 33.250
67.000 33.500
67.250 33.500
67.250 33.250
Building 4 5 0.062
67.000 33.500
67.000 33.750
67.250 33.750
67.250 33.500
Building 4 5 0.062
67.000 33.750
67.000 34.000
67.250 34.000
67.250 33.750
Building 4 5 0.062
67.000 34.000
67.000 34.250
67.250 34.250
67.250 34.000
Building 4 5 0.062
67.000 34.250
67.000 34.500
67.250 34.500
67.250 34.250
Building 4 5 0.062
67.000 34.500
67.000 34.750
67.250 34.750
67.250 34.500
Building 4 5 0.062
67.000 34.750
67.000 35.000
67.250 35.000
67.250 34.750
Building 4 5 0.062
67.000 35.000
67.000 35.250
67.250 35.250
67.250 35.000
Building 4 5 0.062
67.000 35.250
67.000 35.500
67.250 35.500
67.250 35.250
Building 4 5 0.062
67.000 35.500
67.000 35.750
67.250 35.750
67.250 35.500
Building 4 5 0.062
67.000 35.750
67.000 36.000
67.250 36.000
67.250 35.750
Building 4 5 0.062
67.000 36.000
67.000 36.250
67.250 36.250
67.250 36.000
Building 4 5 0.062
67.000 36.250
67.000 36.500
67.250 36.500
67.250 36.250
Building 4 5 0.062
67.000 36.500
67.000 36.750
67.250 36.750
67.250 36.500
Building 4 5 0.062
67.000 36.750
67.000 37.000
67.250 37.000
67.250 36.750
Building 4 5 0.062
67.000 37.000
67.000 37.250
67.250 37.250
67.250 37.000
Building 4 5 0.062
67.000 37.250
67.000 37.500
67.250 37.500
67.250 37.250
Building 4 5 0.062
67.000 37.500
67.000 37.750
67.250 37.750
67.250 37.500
Building 4 5 0.062
67.000 37.750
67.000 38.000
67.250 38.000
67.250 37.750
Building 4 5 0.062
67.000 38.000
67.000 38.250
67.250 38.250
67.250 38.000
Building 4 5 0.062
67.000 38.250
67.000 38.500
67.250 38.500
67.250 38.250
Building 4 5 0.062
67.000 38.500
67.000 38.750
67.250 38.750
67.250 38.500
Building 4 5 0.062
67.000 38.750
67.000 39.000
67.250 39.000
67.250 38.750
Building 4 5 0.062
67.000 39.000
67.000 39.250
67.250 39.250
67.250 39.000
Building 4 5 0.062
67.000 39.250
67.000 39.500
67.250 39.500
67.250 39.250
Building 4 5 0.062
67.000 39.500
67.000 39.750
67.250 39.750
67.250 39.500
Building 4 5 0.062
67.000 39.750
67.000 40.000
67.250 40.000
67.250 39.750
Building 4 5 0.062
67.000 40.000
67.000 40.250
67.250 40.250
67.250 40.000
Building 4 5 0.062
67.000 40.250
67.000 40.500
67.250 40.500
67.250 40.250
Building 4 5 0.062
67.000 40.500
67.000 40.750
67.250 40.750
67.250 40.500
Building 4 5 0.062
67.000 40.750
67.000 41.000
67.250 41.000
67.250 40.750
Building 4 5 0.062
67.000 41.000
67.000 41.250
67.250 41.250
67.250 41.000
Building 4 5 0.062
67.000 41.250
67.000 41.500
67.250 41.500
67.250 41.250
Building 4 5 0.062
67.000 41.500
67.000 41.750
67.250 41.750
67.250 41.500
Building 4 5 0.062
67.000 41.750
67.000 42.000
67.250 42.000
67.250 41.750
Building 4 5 0.062
67.000 42.000
67.000 42.250
67.250 42.250
67.250 42.000
Building 4 5 0.062
67.000 42.250
67.000 42.500
67.250 42.500
67.250 42.250
Building 4 5 0.062
67.000 42.500
67.000 42.750
67.250 42.750
67.250 42.500
Building 4 5 0.062
67.000 42.750
67.000 43.000
67.250 43.000
67.250 42.750
Building 4 5 0.062
67.000 43.000
67.000 43.250
67.250 43.250
67.250 43.000
Building 4 5 0.062
67.000 43.250
67.000 43.500
67.250 43.500
67.250 43.250
Building 4 5 0.062
67.000 43.500
67.000 43.750
67.250 43.750
67.250 43.500
Building 4 5 0.062
67.000 43.750
67.000 44.000
67.250 44.000
67.250 43.750
Building 4 5 0.062
67.000 44.000
67.000 44.250
67.250 44.250
67.250 44.000
Building 4 5 0.062
67.000 44.250
67.000 44.500
67.250 44.500
67.250 44.250
Building 4 5 0.062
67.000 44.500
67.000 44.750
67.250 44.750
67.250 44.500
Building 4 5 0.062
67.000 44.750
67.000 45.000
67.250 45.000
67.250 44.750
Building 4 5 0.062
67.000 45.000
67.000 45.250
67.250 45.250
67.250 45.000
Building 4 5 0.062
67.000 45.250
67.000 45.500
67.250 45.500
67.250 45.250
Building 4 5 0.062
67.000 45.500
67.000 45.750
67.250 45.750
67.250 45.500
Building 4 5 0.062
67.000 45.750
67.000 46.000
67.250 46.000
67.250 45.750
Building 4 5 0.062
67.000 46.000
67.000 46.250
67.250 46.250
67.250 46.000
Building 4 5 0.062
67.000 46.250
67.000 46.500
67.250 46.500
67.250 46.250
Building 4 5 0.062
67.000 46.500
67.000 46.750
67.250 46.750
67.250 46.500
Building 4 5 0.062
67.000 46.750
67.000 47.000
67.250 47.000
67.250 46.750
Building 4 5 0.062
67.000 47.000
67.000 47.250
67.250 47.250
67.250 47.000
Building 4 5 0.062
67.000 47.250
67.000 47.500
67.250 47.500
67.250 47.250
Building 4 5 0.062
67.000 47.500
67.000 47.750
67.250 47.750
67.250 47.500
Building 4 5 0.062
67.000 47.750
67.000 48.000
67.250 48.000
67.250 47.750
Building 4 5 0.062
67.000 48.000
67.000 48.250
67.250 48.250
67.250 48.000
Building 4 5 0.062
67.000 48.250
67.000 48.500
67.250 48.500
67.250 48.250
Building 4 5 0.062
67.000 48.500
67.000 48.750
67.250 48.750
67.250 48.500
Building 4 5 0.062
67.000 48.750
67.000 49.000
67.250 49.000
67.250 48.750
Building 4 5 0.062
67.000 49.000
67.000 49.250
67.250 49.250
67.250 49.000
Building 4 5 0.062
67.000 49.250
67.000 49.500
67.250 49.500
67.250 49.250
Building 4 5 0.062
67.000 49.500
67.000 49.750
67.250 49.750
67.250 49.500
Building 4 5 0.062
67.000 49.750
67.000 50.000
67.250 50.000
67.250 49.750
Building 4 5 0.062
67.000 50.000
67.000 50.250
67.250 50.250
67.250 50.000
Building 4 5 0.062
67.000 50.250
67.000 50.500
67.250 50.500
67.250 50.250
Building 4 5 0.062
67.000 50.500
67.000 50.750
67.250 50.750
67.250 50.500
Building 4 5 0.062
67.000 50.750
67.000 51.000
67.250 51.000
67.250 50.750
Building 4 5 0.062
67.000 51.000
67.000 51.250
67.250 51.250
67.250 51.000
Building 4 5 0.062
67.000 51.250
67.000 51.500
67.250 51.500
67.250 51.250
Building 4 5 0.062
67.000 51.500
67.000 51.750
67.250 51.750
67.250 51.500
Building 4 5 0.062
67.000 51.750
67.000 52.000
67.250 52.000
67.250 51.750
Building 4 5 0.062
67.000 52.000
67.000 52.250
67.250 52.250
67.250 52.000
Building 4 5 0.062
67.000 52.250
67.000 52.500
67.250 52.500
67.250 52.250
Building 4 5 0.062
67.000 52.500
67.000 52.750
67.250 52.750
67.250 52.500
Building 4 5 0.062
67.000 52.750
67.000 53.000
67.250 53.000
67.250 52.750
Building 4 5 0.062
67.000 53.000
67.000 53.250
67.250 53.250
67.250 53.000
Building 4 5 0.062
67.000 53.250
67.000 53.500
67.250 53.500
67.250 53.250
Building 4 5 0.062
67.000 53.500
67.000 53.750
67.250 53.750
67.250 53.500
Building 4 5 0.062
67.000 53.750
67.000 54.000
67.250 54.000
67.250 53.750
Building 4 5 0.062
67.000 54.000
67.000 54.250
67.250 54.250
67.250 54.000
Building 4 5 0.062
67.000 54.250
67.000 54.500
67.250 54.500
67.250 54.250
Building 4 5 0.062
67.000 54.500
67.000 54.750
67.250 54.750
67.250 54.500
Building 4 5 0.062
67.000 54.750
67.000 55.000
67.250 55.000
67.250 54.750
Building 4 5 0.062
67.000 55.000
67.000 55.250
67.250 55.250
67.250 55.000
Building 4 5 0.062
67.000 55.250
67.000 55.500
67.250 55.500
67.250 55.250
Building 4 5 0.062
67.000 55.500
67.000 55.750
67.250 55.750
67.250 55.500
Building 4 5 0.062
67.000 55.750
67.000 56.000
67.250 56.000
67.250 55.750
Building 4 5 0.062
67.000 56.000
67.000 56.250
67.250 56.250
67.250 56.000
Building 4 5 0.062
67.000 56.250
67.000 56.500
67.250 56.500
67.250 56.250
Building 4 5 0.062
67.000 56.500
67.000 56.750
67.250 56.750
67.250 56.500
Building 4 5 0.062
67.000 56.750
67.000 57.000
67.250 57.000
67.250 56.750
Building 4 5 0.062
67.000 57.000
67.000 57.250
67.250 57.250
67.250 57.000
Building 4 5 0.062
67.000 57.250
67.000 57.500
67.250 57.500
67.250 57.250
Building 4 5 0.062
67.000 57.500
67.000 57.750
67.250 57.750
67.250 57.500
Building 4 5 0.062
67.000 57.750
67.000 58.000
67.250 58.000
67.250 57.750
Building 4 5 0.062
67.000 58.000
67.000 58.250
67.250 58.250
67.250 58.000
Building 4 5 0.062
67.000 58.250
67.000 58.500
67.250 58.500
67.250 58.250
Building 4 5 0.062
67.000 58.500
67.000 58.750
67.250 58.750
67.250 58.500
Building 4 5 0.062
67.000 58.750
67.000 59.000
67.250 59.000
67.250 58.750
Building 4 5 0.062
67.000 59.000
67.000 59.250
67.250 59.250
67.250 59.000
Building 4 5 0.062
67.000 59.250
67.000 59.500
67.250 59.500
67.250 59.250
Building 4 5 0.062
67.000 59.500
67.000 59.750
67.250 59.750
67.250 59.500
Building 4 5 0.062
67.000 59.750
67.000 60.000
67.250 60.000
67.250 59.750
Building 4 5 0.062
67.000 60.000
67.000 60.250
67.250 60.250
67.250 60.000
Building 4 5 0.062
67.000 60.250
67.000 60.500
67.250 60.500
67.250 60.250
Building 4 5 0.062
67.000 60.500
67.000 60.750
67.250 60.750
67.250 60.500
Building 4 5 0.062
67.000 60.750
67.000 61.000
67.250 61.000
67.250 60.750
Building 4 5 0.062
67.000 61.000
67.000 61.250
67.250 61.250
67.250 61.000
Building 4 5 0.062
67.000 61.250
67.000 61.500
67.250 61.500
67.250 61.250
Building 4 5 0.062
67.000 61.500
67.000 61.750
67.250 61.750
67.250 61.500
Building 4 5 0.062
67.000 61.750
67.000 62.000
67.250 62.000
67.250 61.750
Building 4 5 0.062
67.000 62.000
67.000 62.250
67.250 62.250
67.250 62.000
Building 4 5 0.062
67.000 62.250
67.000 62.500
67.250 62.500
67.250 62.250
Building 4 5 0.062
67.000 62.500
67.000 62.750
67.250 62.750
67.250 62.500
Building 4 5 0.062
67.000 62.750
67.000 63.000
67.250 63.000
67.250 62.750
Building 4 5 0.062
67.000 63.000
67.000 63.250
67.250 63.250
67.250 63.000
Building 4 5 0.062
67.000 63.250
67.000 63.500
67.250 63.500
67.250 63.250
Building 4 5 0.062
67.000 63.500
67.000 63.750
67.250 63.750
67.250 63.500
Building 4 5 0.062
67.250 64.000
67.250 63.750
67.000 63.750
67.000 64.000
Building 4 5 0.062
67.250 26.500
67.250 26.750
67.500 26.750
67.500 26.500
Building 4 5 0.062
67.250 26.750
67.250 27.000
67.500 27.000
67.500 26.750
Building 4 5 0.062
67.250 27.000
67.250 27.250
67.500 27.250
67.500 27.000
Building 4 5 0.062
67.250 27.250
67.250 27.500
67.500 27.500
67.500 27.250
Building 4 5 0.062
67.250 27.500
67.250 27.750
67.500 27.750
67.500 27.500
Building 4 5 0.062
67.250 27.750
67.250 28.000
67.500 28.000
67.500 27.750
Building 4 5 0.062
67.250 28.000
67.250 28.250
67.500 28.250
67.500 28.000
Building 4 5 0.062
67.250 28.250
67.250 28.500
67.500 28.500
67.500 28.250
Building 4 5 0.062
67.250 28.500
67.250 28.750
67.500 28.750
67.500 28.500
Building 4 5 0.062
67.250 28.750
67.250 29.000
67.500 29.000
67.500 28.750
Building 4 5 0.062
67.250 29.000
67.250 29.250
67.500 29.250
67.500 29.000
Building 4 5 0.062
67.250 29.250
67.250 29.500
67.500 29.500
67.500 29.250
Building 4 5 0.062
67.250 29.500
67.250 29.750
67.500 29.750
67.500 29.500
Building 4 5 0.062
67.250 29.750
67.250 30.000
67.500 30.000
67.500 29.750
Building 4 5 0.062
67.250 30.000
67.250 30.250
67.500 30.250
67.500 30.000
Building 4 5 0.062
67.250 30.250
67.250 30.500
67.500 30.500
67.500 30.250
Building 4 5 0.062
67.250 30.500
67.250 30.750
67.500 30.750
67.500 30.500
Building 4 5 0.062
67.250 30.750
67.250 31.000
67.500 31.000
67.500 30.750
Building 4 5 0.062
67.250 31.000
67.250 31.250
67.500 31.250
67.500 31.000
Building 4 5 0.062
67.250 31.250
67.250 31.500
67.500 31.500
67.500 31.250
Building 4 5 0.062
67.250 31.500
67.250 31.750
67.500 31.750
67.500 31.500
Building 4 5 0.062
67.250 31.750
67.250 32.000
67.500 32.000
67.500 31.750
Building 4 5 0.062
67.250 32.000
67.250 32.250
67.500 32.250
67.500 32.000
Building 4 5 0.062
67.250 32.250
67.250 32.500
67.500 32.500
67.500 32.250
Building 4 5 0.062
67.250 32.500
67.250 32.750
67.500 32.750
67.500 32.500
Building 4 5 0.062
67.250 32.750
67.250 33.000
67.500 33.000
67.500 32.750
Building 4 5 0.062
67.250 33.000
67.250 33.250
67.500 33.250
67.500 33.000
Building 4 5 0.062
67.250 33.250
67.250 33.500
67.500 33.500
67.500 33.250
Building 4 5 0.062
67.250 33.500
67.250 33.750
67.500 33.750
67.500 33.500
Building 4 5 0.062
67.250 33.750
67.250 34.000
67.500 34.000
67.500 33.750
Building 4 5 0.062
67.250 34.000
67.250 34.250
67.500 34.250
67.500 34.000
Building 4 5 0.062
67.250 34.250
67.250 34.500
67.500 34.500
67.500 34.250
Building 4 5 0.062
67.250 34.500
67.250 34.750
67.500 34.750
67.500 34.500
Building 4 5 0.062
67.250 34.750
67.250 35.000
67.500 35.000
67.500 34.750
Building 4 5 0.062
67.250 35.000
67.250 35.250
67.500 35.250
67.500 35.000
Building 4 5 0.062
67.250 35.250
67.250 35.500
67.500 35.500
67.500 35.250
Building 4 5 0.062
67.250 35.500
67.250 35.750
67.500 35.750
67.500 35.500
Building 4 5 0.062
67.250 35.750
67.250 36.000
67.500 36.000
67.500 35.750
Building 4 5 0.062
67.250 36.000
67.250 36.250
67.500 36.250
67.500 36.000
Building 4 5 0.062
67.250 36.250
67.250 36.500
67.500 36.500
67.500 36.250
Building 4 5 0.062
67.250 36.500
67.250 36.750
67.500 36.750
67.500 36.500
Building 4 5 0.062
67.250 36.750
67.250 37.000
67.500 37.000
67.500 36.750
Building 4 5 0.062
67.250 37.000
67.250 37.250
67.500 37.250
67.500 37.000
Building 4 5 0.062
67.250 37.250
67.250 37.500
67.500 37.500
67.500 37.250
Building 4 5 0.062
67.250 37.500
67.250 37.750
67.500 37.750
67.500 37.500
Building 4 5 0.062
67.250 37.750
67.250 38.000
67.500 38.000
67.500 37.750
Building 4 5 0.062
67.250 38.000
67.250 38.250
67.500 38.250
67.500 38.000
Building 4 5 0.062
67.250 38.250
67.250 38.500
67.500 38.500
67.500 38.250
Building 4 5 0.062
67.250 38.500
67.250 38.750
67.500 38.750
67.500 38.500
Building 4 5 0.062
67.250 38.750
67.250 39.000
67.500 39.000
67.500 38.750
Building 4 5 0.062
67.250 39.000
67.250 39.250
67.500 39.250
67.500 39.000
Building 4 5 0.062
67.250 39.250
67.250 39.500
67.500 39.500
67.500 39.250
Building 4 5 0.062
67.250 39.500
67.250 39.750
67.500 39.750
67.500 39.500
Building 4 5 0.062
67.250 39.750
67.250 40.000
67.500 40.000
67.500 39.750
Building 4 5 0.062
67.250 40.000
67.250 40.250
67.500 40.250
67.500 40.000
Building 4 5 0.062
67.250 40.250
67.250 40.500
67.500 40.500
67.500 40.250
Building 4 5 0.062
67.250 40.500
67.250 40.750
67.500 40.750
67.500 40.500
Building 4 5 0.062
67.250 40.750
67.250 41.000
67.500 41.000
67.500 40.750
Building 4 5 0.062
67.250 41.000
67.250 41.250
67.500 41.250
67.500 41.000
Building 4 5 0.062
67.250 41.250
67.250 41.500
67.500 41.500
67.500 41.250
Building 4 5 0.062
67.250 41.500
67.250 41.750
67.500 41.750
67.500 41.500
Building 4 5 0.062
67.250 41.750
67.250 42.000
67.500 42.000
67.500 41.750
Building 4 5 0.062
67.250 42.000
67.250 42.250
67.500 42.250
67.500 42.000
Building 4 5 0.062
67.250 42.250
67.250 42.500
67.500 42.500
67.500 42.250
Building 4 5 0.062
67.250 42.500
67.250 42.750
67.500 42.750
67.500 42.500
Building 4 5 0.062
67.250 42.750
67.250 43.000
67.500 43.000
67.500 42.750
Building 4 5 0.062
67.250 43.000
67.250 43.250
67.500 43.250
67.500 43.000
Building 4 5 0.062
67.250 43.250
67.250 43.500
67.500 43.500
67.500 43.250
Building 4 5 0.062
67.250 43.500
67.250 43.750
67.500 43.750
67.500 43.500
Building 4 5 0.062
67.250 43.750
67.250 44.000
67.500 44.000
67.500 43.750
Building 4 5 0.062
67.250 44.000
67.250 44.250
67.500 44.250
67.500 44.000
Building 4 5 0.062
67.250 44.250
67.250 44.500
67.500 44.500
67.500 44.250
Building 4 5 0.062
67.250 44.500
67.250 44.750
67.500 44.750
67.500 44.500
Building 4 5 0.062
67.250 44.750
67.250 45.000
67.500 45.000
67.500 44.750
Building 4 5 0.062
67.250 45.000
67.250 45.250
67.500 45.250
67.500 45.000
Building 4 5 0.062
67.250 45.250
67.250 45.500
67.500 45.500
67.500 45.250
Building 4 5 0.062
67.250 45.500
67.250 45.750
67.500 45.750
67.500 45.500
Building 4 5 0.062
67.250 45.750
67.250 46.000
67.500 46.000
67.500 45.750
Building 4 5 0.062
67.250 46.000
67.250 46.250
67.500 46.250
67.500 46.000
Building 4 5 0.062
67.250 46.250
67.250 46.500
67.500 46.500
67.500 46.250
Building 4 5 0.062
67.250 46.500
67.250 46.750
67.500 46.750
67.500 46.500
Building 4 5 0.062
67.250 46.750
67.250 47.000
67.500 47.000
67.500 46.750
Building 4 5 0.062
67.250 47.000
67.250 47.250
67.500 47.250
67.500 47.000
Building 4 5 0.062
67.250 47.250
67.250 47.500
67.500 47.500
67.500 47.250
Building 4 5 0.062
67.250 47.500
67.250 47.750
67.500 47.750
67.500 47.500
Building 4 5 0.062
67.250 47.750
67.250 48.000
67.500 48.000
67.500 47.750
Building 4 5 0.062
67.250 48.000
67.250 48.250
67.500 48.250
67.500 48.000
Building 4 5 0.062
67.250 48.250
67.250 48.500
67.500 48.500
67.500 48.250
Building 4 5 0.062
67.250 48.500
67.250 48.750
67.500 48.750
67.500 48.500
Building 4 5 0.062
67.250 48.750
67.250 49.000
67.500 49.000
67.500 48.750
Building 4 5 0.062
67.250 49.000
67.250 49.250
67.500 49.250
67.500 49.000
Building 4 5 0.062
67.250 49.250
67.250 49.500
67.500 49.500
67.500 49.250
Building 4 5 0.062
67.250 49.500
67.250 49.750
67.500 49.750
67.500 49.500
Building 4 5 0.062
67.250 49.750
67.250 50.000
67.500 50.000
67.500 49.750
Building 4 5 0.062
67.250 50.000
67.250 50.250
67.500 50.250
67.500 50.000
Building 4 5 0.062
67.250 50.250
67.250 50.500
67.500 50.500
67.500 50.250
Building 4 5 0.062
67.250 50.500
67.250 50.750
67.500 50.750
67.500 50.500
Building 4 5 0.062
67.250 50.750
67.250 51.000
67.500 51.000
67.500 50.750
Building 4 5 0.062
67.250 51.000
67.250 51.250
67.500 51.250
67.500 51.000
Building 4 5 0.062
67.250 51.250
67.250 51.500
67.500 51.500
67.500 51.250
Building 4 5 0.062
67.250 51.500
67.250 51.750
67.500 51.750
67.500 51.500
Building 4 5 0.062
67.250 51.750
67.250 52.000
67.500 52.000
67.500 51.750
Building 4 5 0.062
67.250 52.000
67.250 52.250
67.500 52.250
67.500 52.000
Building 4 5 0.062
67.250 52.250
67.250 52.500
67.500 52.500
67.500 52.250
Building 4 5 0.062
67.250 52.500
67.250 52.750
67.500 52.750
67.500 52.500
Building 4 5 0.062
67.250 52.750
67.250 53.000
67.500 53.000
67.500 52.750
Building 4 5 0.062
67.250 53.000
67.250 53.250
67.500 53.250
67.500 53.000
Building 4 5 0.062
67.250 53.250
67.250 53.500
67.500 53.500
67.500 53.250
Building 4 5 0.062
67.250 53.500
67.250 53.750
67.500 53.750
67.500 53.500
Building 4 5 0.062
67.250 53.750
67.250 54.000
67.500 54.000
67.500 53.750
Building 4 5 0.062
67.250 54.000
67.250 54.250
67.500 54.250
67.500 54.000
Building 4 5 0.062
67.250 54.250
67.250 54.500
67.500 54.500
67.500 54.250
Building 4 5 0.062
67.250 54.500
67.250 54.750
67.500 54.750
67.500 54.500
Building 4 5 0.062
67.250 54.750
67.250 55.000
67.500 55.000
67.500 54.750
Building 4 5 0.062
67.250 55.000
67.250 55.250
67.500 55.250
67.500 55.000
Building 4 5 0.062
67.250 55.250
67.250 55.500
67.500 55.500
67.500 55.250
Building 4 5 0.062
67.250 55.500
67.250 55.750
67.500 55.750
67.500 55.500
Building 4 5 0.062
67.250 55.750
67.250 56.000
67.500 56.000
67.500 55.750
Building 4 5 0.062
67.250 56.000
67.250 56.250
67.500 56.250
67.500 56.000
Building 4 5 0.062
67.250 56.250
67.250 56.500
67.500 56.500
67.500 56.250
Building 4 5 0.062
67.250 56.500
67.250 56.750
67.500 56.750
67.500 56.500
Building 4 5 0.062
67.250 56.750
67.250 57.000
67.500 57.000
67.500 56.750
Building 4 5 0.062
67.250 57.000
67.250 57.250
67.500 57.250
67.500 57.000
Building 4 5 0.062
67.250 57.250
67.250 57.500
67.500 57.500
67.500 57.250
Building 4 5 0.062
67.250 57.500
67.250 57.750
67.500 57.750
67.500 57.500
Building 4 5 0.062
67.250 57.750
67.250 58.000
67.500 58.000
67.500 57.750
Building 4 5 0.062
67.250 58.000
67.250 58.250
67.500 58.250
67.500 58.000
Building 4 5 0.062
67.250 58.250
67.250 58.500
67.500 58.500
67.500 58.250
Building 4 5 0.062
67.250 58.500
67.250 58.750
67.500 58.750
67.500 58.500
Building 4 5 0.062
67.250 58.750
67.250 59.000
67.500 59.000
67.500 58.750
Building 4 5 0.062
67.250 59.000
67.250 59.250
67.500 59.250
67.500 59.000
Building 4 5 0.062
67.250 59.250
67.250 59.500
67.500 59.500
67.500 59.250
Building 4 5 0.062
67.250 59.500
67.250 59.750
67.500 59.750
67.500 59.500
Building 4 5 0.062
67.250 59.750
67.250 60.000
67.500 60.000
67.500 59.750
Building 4 5 0.062
67.250 60.000
67.250 60.250
67.500 60.250
67.500 60.000
Building 4 5 0.062
67.250 60.250
67.250 60.500
67.500 60.500
67.500 60.250
Building 4 5 0.062
67.250 60.500
67.250 60.750
67.500 60.750
67.500 60.500
Building 4 5 0.062
67.250 60.750
67.250 61.000
67.500 61.000
67.500 60.750
Building 4 5 0.062
67.250 61.000
67.250 61.250
67.500 61.250
67.500 61.000
Building 4 5 0.062
67.250 61.250
67.250 61.500
67.500 61.500
67.500 61.250
Building 4 5 0.062
67.250 61.500
67.250 61.750
67.500 61.750
67.500 61.500
Building 4 5 0.062
67.250 61.750
67.250 62.000
67.500 62.000
67.500 61.750
Building 4 5 0.062
67.250 62.000
67.250 62.250
67.500 62.250
67.500 62.000
Building 4 5 0.062
67.250 62.250
67.250 62.500
67.500 62.500
67.500 62.250
Building 4 5 0.062
67.250 62.500
67.250 62.750
67.500 62.750
67.500 62.500
Building 4 5 0.062
67.250 62.750
67.250 63.000
67.500 63.000
67.500 62.750
Building 4 5 0.062
67.250 63.000
67.250 63.250
67.500 63.250
67.500 63.000
Building 4 5 0.062
67.250 63.250
67.250 63.500
67.500 63.500
67.500 63.250
Building 4 5 0.062
67.250 63.500
67.250 63.750
67.500 63.750
67.500 63.500
Building 4 5 0.062
67.500 64.000
67.500 63.750
67.250 63.750
67.250 64.000
Building 4 5 0.062
67.500 26.500
67.500 26.750
67.750 26.750
67.750 26.500
Building 4 5 0.062
67.500 26.750
67.500 27.000
67.750 27.000
67.750 26.750
Building 4 5 0.062
67.500 27.000
67.500 27.250
67.750 27.250
67.750 27.000
Building 4 5 0.062
67.500 27.250
67.500 27.500
67.750 27.500
67.750 27.250
Building 4 5 0.062
67.500 27.500
67.500 27.750
67.750 27.750
67.750 27.500
Building 4 5 0.062
67.500 27.750
67.500 28.000
67.750 28.000
67.750 27.750
Building 4 5 0.062
67.500 28.000
67.500 28.250
67.750 28.250
67.750 28.000
Building 4 5 0.062
67.500 28.250
67.500 28.500
67.750 28.500
67.750 28.250
Building 4 5 0.062
67.500 28.500
67.500 28.750
67.750 28.750
67.750 28.500
Building 4 5 0.062
67.500 28.750
67.500 29.000
67.750 29.000
67.750 28.750
Building 4 5 0.062
67.500 29.000
67.500 29.250
67.750 29.250
67.750 29.000
Building 4 5 0.062
67.500 29.250
67.500 29.500
67.750 29.500
67.750 29.250
Building 4 5 0.062
67.500 29.500
67.500 29.750
67.750 29.750
67.750 29.500
Building 4 5 0.062
67.500 29.750
67.500 30.000
67.750 30.000
67.750 29.750
Building 4 5 0.062
67.500 30.000
67.500 30.250
67.750 30.250
67.750 30.000
Building 4 5 0.062
67.500 30.250
67.500 30.500
67.750 30.500
67.750 30.250
Building 4 5 0.062
67.500 30.500
67.500 30.750
67.750 30.750
67.750 30.500
Building 4 5 0.062
67.500 30.750
67.500 31.000
67.750 31.000
67.750 30.750
Building 4 5 0.062
67.500 31.000
67.500 31.250
67.750 31.250
67.750 31.000
Building 4 5 0.062
67.500 31.250
67.500 31.500
67.750 31.500
67.750 31.250
Building 4 5 0.062
67.500 31.500
67.500 31.750
67.750 31.750
67.750 31.500
Building 4 5 0.062
67.500 31.750
67.500 32.000
67.750 32.000
67.750 31.750
Building 4 5 0.062
67.500 32.000
67.500 32.250
67.750 32.250
67.750 32.000
Building 4 5 0.062
67.500 32.250
67.500 32.500
67.750 32.500
67.750 32.250
Building 4 5 0.062
67.500 32.500
67.500 32.750
67.750 32.750
67.750 32.500
Building 4 5 0.062
67.500 32.750
67.500 33.000
67.750 33.000
67.750 32.750
Building 4 5 0.062
67.500 33.000
67.500 33.250
67.750 33.250
67.750 33.000
Building 4 5 0.062
67.500 33.250
67.500 33.500
67.750 33.500
67.750 33.250
Building 4 5 0.062
67.500 33.500
67.500 33.750
67.750 33.750
67.750 33.500
Building 4 5 0.062
67.500 33.750
67.500 34.000
67.750 34.000
67.750 33.750
Building 4 5 0.062
67.500 34.000
67.500 34.250
67.750 34.250
67.750 34.000
Building 4 5 0.062
67.500 34.250
67.500 34.500
67.750 34.500
67.750 34.250
Building 4 5 0.062
67.500 34.500
67.500 34.750
67.750 34.750
67.750 34.500
Building 4 5 0.062
67.500 34.750
67.500 35.000
67.750 35.000
67.750 34.750
Building 4 5 0.062
67.500 35.000
67.500 35.250
67.750 35.250
67.750 35.000
Building 4 5 0.062
67.500 35.250
67.500 35.500
67.750 35.500
67.750 35.250
Building 4 5 0.062
67.500 35.500
67.500 35.750
67.750 35.750
67.750 35.500
Building 4 5 0.062
67.500 35.750
67.500 36.000
67.750 36.000
67.750 35.750
Building 4 5 0.062
67.500 36.000
67.500 36.250
67.750 36.250
67.750 36.000
Building 4 5 0.062
67.500 36.250
67.500 36.500
67.750 36.500
67.750 36.250
Building 4 5 0.062
67.500 36.500
67.500 36.750
67.750 36.750
67.750 36.500
Building 4 5 0.062
67.500 36.750
67.500 37.000
67.750 37.000
67.750 36.750
Building 4 5 0.062
67.500 37.000
67.500 37.250
67.750 37.250
67.750 37.000
Building 4 5 0.062
67.500 37.250
67.500 37.500
67.750 37.500
67.750 37.250
Building 4 5 0.062
67.500 37.500
67.500 37.750
67.750 37.750
67.750 37.500
Building 4 5 0.062
67.500 37.750
67.500 38.000
67.750 38.000
67.750 37.750
Building 4 5 0.062
67.500 38.000
67.500 38.250
67.750 38.250
67.750 38.000
Building 4 5 0.062
67.500 38.250
67.500 38.500
67.750 38.500
67.750 38.250
Building 4 5 0.062
67.500 38.500
67.500 38.750
67.750 38.750
67.750 38.500
Building 4 5 0.062
67.500 38.750
67.500 39.000
67.750 39.000
67.750 38.750
Building 4 5 0.062
67.500 39.000
67.500 39.250
67.750 39.250
67.750 39.000
Building 4 5 0.062
67.500 39.250
67.500 39.500
67.750 39.500
67.750 39.250
Building 4 5 0.062
67.500 39.500
67.500 39.750
67.750 39.750
67.750 39.500
Building 4 5 0.062
67.500 39.750
67.500 40.000
67.750 40.000
67.750 39.750
Building 4 5 0.062
67.500 40.000
67.500 40.250
67.750 40.250
67.750 40.000
Building 4 5 0.062
67.500 40.250
67.500 40.500
67.750 40.500
67.750 40.250
Building 4 5 0.062
67.500 40.500
67.500 40.750
67.750 40.750
67.750 40.500
Building 4 5 0.062
67.500 40.750
67.500 41.000
67.750 41.000
67.750 40.750
Building 4 5 0.062
67.500 41.000
67.500 41.250
67.750 41.250
67.750 41.000
Building 4 5 0.062
67.500 41.250
67.500 41.500
67.750 41.500
67.750 41.250
Building 4 5 0.062
67.500 41.500
67.500 41.750
67.750 41.750
67.750 41.500
Building 4 5 0.062
67.500 41.750
67.500 42.000
67.750 42.000
67.750 41.750
Building 4 5 0.062
67.500 42.000
67.500 42.250
67.750 42.250
67.750 42.000
Building 4 5 0.062
67.500 42.250
67.500 42.500
67.750 42.500
67.750 42.250
Building 4 5 0.062
67.500 42.500
67.500 42.750
67.750 42.750
67.750 42.500
Building 4 5 0.062
67.500 42.750
67.500 43.000
67.750 43.000
67.750 42.750
Building 4 5 0.062
67.500 43.000
67.500 43.250
67.750 43.250
67.750 43.000
Building 4 5 0.062
67.500 43.250
67.500 43.500
67.750 43.500
67.750 43.250
Building 4 5 0.062
67.500 43.500
67.500 43.750
67.750 43.750
67.750 43.500
Building 4 5 0.062
67.500 43.750
67.500 44.000
67.750 44.000
67.750 43.750
Building 4 5 0.062
67.500 44.000
67.500 44.250
67.750 44.250
67.750 44.000
Building 4 5 0.062
67.500 44.250
67.500 44.500
67.750 44.500
67.750 44.250
Building 4 5 0.062
67.500 44.500
67.500 44.750
67.750 44.750
67.750 44.500
Building 4 5 0.062
67.500 44.750
67.500 45.000
67.750 45.000
67.750 44.750
Building 4 5 0.062
67.500 45.000
67.500 45.250
67.750 45.250
67.750 45.000
Building 4 5 0.062
67.500 45.250
67.500 45.500
67.750 45.500
67.750 45.250
Building 4 5 0.062
67.500 45.500
67.500 45.750
67.750 45.750
67.750 45.500
Building 4 5 0.062
67.500 45.750
67.500 46.000
67.750 46.000
67.750 45.750
Building 4 5 0.062
67.500 46.000
67.500 46.250
67.750 46.250
67.750 46.000
Building 4 5 0.062
67.500 46.250
67.500 46.500
67.750 46.500
67.750 46.250
Building 4 5 0.062
67.500 46.500
67.500 46.750
67.750 46.750
67.750 46.500
Building 4 5 0.062
67.500 46.750
67.500 47.000
67.750 47.000
67.750 46.750
Building 4 5 0.062
67.500 47.000
67.500 47.250
67.750 47.250
67.750 47.000
Building 4 5 0.062
67.500 47.250
67.500 47.500
67.750 47.500
67.750 47.250
Building 4 5 0.062
67.500 47.500
67.500 47.750
67.750 47.750
67.750 47.500
Building 4 5 0.062
67.500 47.750
67.500 48.000
67.750 48.000
67.750 47.750
Building 4 5 0.062
67.500 48.000
67.500 48.250
67.750 48.250
67.750 48.000
Building 4 5 0.062
67.500 48.250
67.500 48.500
67.750 48.500
67.750 48.250
Building 4 5 0.062
67.500 48.500
67.500 48.750
67.750 48.750
67.750 48.500
Building 4 5 0.062
67.500 48.750
67.500 49.000
67.750 49.000
67.750 48.750
Building 4 5 0.062
67.500 49.000
67.500 49.250
67.750 49.250
67.750 49.000
Building 4 5 0.062
67.500 49.250
67.500 49.500
67.750 49.500
67.750 49.250
Building 4 5 0.062
67.500 49.500
67.500 49.750
67.750 49.750
67.750 49.500
Building 4 5 0.062
67.500 49.750
67.500 50.000
67.750 50.000
67.750 49.750
Building 4 5 0.062
67.500 50.000
67.500 50.250
67.750 50.250
67.750 50.000
Building 4 5 0.062
67.500 50.250
67.500 50.500
67.750 50.500
67.750 50.250
Building 4 5 0.062
67.500 50.500
67.500 50.750
67.750 50.750
67.750 50.500
Building 4 5 0.062
67.500 50.750
67.500 51.000
67.750 51.000
67.750 50.750
Building 4 5 0.062
67.500 51.000
67.500 51.250
67.750 51.250
67.750 51.000
Building 4 5 0.062
67.500 51.250
67.500 51.500
67.750 51.500
67.750 51.250
Building 4 5 0.062
67.500 51.500
67.500 51.750
67.750 51.750
67.750 51.500
Building 4 5 0.062
67.500 51.750
67.500 52.000
67.750 52.000
67.750 51.750
Building 4 5 0.062
67.500 52.000
67.500 52.250
67.750 52.250
67.750 52.000
Building 4 5 0.062
67.500 52.250
67.500 52.500
67.750 52.500
67.750 52.250
Building 4 5 0.062
67.500 52.500
67.500 52.750
67.750 52.750
67.750 52.500
Building 4 5 0.062
67.500 52.750
67.500 53.000
67.750 53.000
67.750 52.750
Building 4 5 0.062
67.500 53.000
67.500 53.250
67.750 53.250
67.750 53.000
Building 4 5 0.062
67.500 53.250
67.500 53.500
67.750 53.500
67.750 53.250
Building 4 5 0.062
67.500 53.500
67.500 53.750
67.750 53.750
67.750 53.500
Building 4 5 0.062
67.500 53.750
67.500 54.000
67.750 54.000
67.750 53.750
Building 4 5 0.062
67.500 54.000
67.500 54.250
67.750 54.250
67.750 54.000
Building 4 5 0.062
67.500 54.250
67.500 54.500
67.750 54.500
67.750 54.250
Building 4 5 0.062
67.500 54.500
67.500 54.750
67.750 54.750
67.750 54.500
Building 4 5 0.062
67.500 54.750
67.500 55.000
67.750 55.000
67.750 54.750
Building 4 5 0.062
67.500 55.000
67.500 55.250
67.750 55.250
67.750 55.000
Building 4 5 0.062
67.500 55.250
67.500 55.500
67.750 55.500
67.750 55.250
Building 4 5 0.062
67.500 55.500
67.500 55.750
67.750 55.750
67.750 55.500
Building 4 5 0.062
67.500 55.750
67.500 56.000
67.750 56.000
67.750 55.750
Building 4 5 0.062
67.500 56.000
67.500 56.250
67.750 56.250
67.750 56.000
Building 4 5 0.062
67.500 56.250
67.500 56.500
67.750 56.500
67.750 56.250
Building 4 5 0.062
67.500 56.500
67.500 56.750
67.750 56.750
67.750 56.500
Building 4 5 0.062
67.500 56.750
67.500 57.000
67.750 57.000
67.750 56.750
Building 4 5 0.062
67.500 57.000
67.500 57.250
67.750 57.250
67.750 57.000
Building 4 5 0.062
67.500 57.250
67.500 57.500
67.750 57.500
67.750 57.250
Building 4 5 0.062
67.500 57.500
67.500 57.750
67.750 57.750
67.750 57.500
Building 4 5 0.062
67.500 57.750
67.500 58.000
67.750 58.000
67.750 57.750
Building 4 5 0.062
67.500 58.000
67.500 58.250
67.750 58.250
67.750 58.000
Building 4 5 0.062
67.500 58.250
67.500 58.500
67.750 58.500
67.750 58.250
Building 4 5 0.062
67.500 58.500
67.500 58.750
67.750 58.750
67.750 58.500
Building 4 5 0.062
67.500 58.750
67.500 59.000
67.750 59.000
67.750 58.750
Building 4 5 0.062
67.500 59.000
67.500 59.250
67.750 59.250
67.750 59.000
Building 4 5 0.062
67.500 59.250
67.500 59.500
67.750 59.500
67.750 59.250
Building 4 5 0.062
67.500 59.500
67.500 59.750
67.750 59.750
67.750 59.500
Building 4 5 0.062
67.500 59.750
67.500 60.000
67.750 60.000
67.750 59.750
Building 4 5 0.062
67.500 60.000
67.500 60.250
67.750 60.250
67.750 60.000
Building 4 5 0.062
67.500 60.250
67.500 60.500
67.750 60.500
67.750 60.250
Building 4 5 0.062
67.500 60.500
67.500 60.750
67.750 60.750
67.750 60.500
Building 4 5 0.062
67.500 60.750
67.500 61.000
67.750 61.000
67.750 60.750
Building 4 5 0.062
67.500 61.000
67.500 61.250
67.750 61.250
67.750 61.000
Building 4 5 0.062
67.500 61.250
67.500 61.500
67.750 61.500
67.750 61.250
Building 4 5 0.062
67.500 61.500
67.500 61.750
67.750 61.750
67.750 61.500
Building 4 5 0.062
67.500 61.750
67.500 62.000
67.750 62.000
67.750 61.750
Building 4 5 0.062
67.500 62.000
67.500 62.250
67.750 62.250
67.750 62.000
Building 4 5 0.062
67.500 62.250
67.500 62.500
67.750 62.500
67.750 62.250
Building 4 5 0.062
67.500 62.500
67.500 62.750
67.750 62.750
67.750 62.500
Building 4 5 0.062
67.500 62.750
67.500 63.000
67.750 63.000
67.750 62.750
Building 4 5 0.062
67.500 63.000
67.500 63.250
67.750 63.250
67.750 63.000
Building 4 5 0.062
67.500 63.250
67.500 63.500
67.750 63.500
67.750 63.250
Building 4 5 0.062
67.500 63.500
67.500 63.750
67.750 63.750
67.750 63.500
Building 4 5 0.062
67.750 64.000
67.750 63.750
67.500 63.750
67.500 64.000
Building 4 5 0.062
67.750 26.500
67.750 26.750
68.000 26.750
68.000 26.500
Building 4 5 0.062
67.750 26.750
67.750 27.000
68.000 27.000
68.000 26.750
Building 4 5 0.062
67.750 27.000
67.750 27.250
68.000 27.250
68.000 27.000
Building 4 5 0.062
67.750 27.250
67.750 27.500
68.000 27.500
68.000 27.250
Building 4 5 0.062
67.750 27.500
67.750 27.750
68.000 27.750
68.000 27.500
Building 4 5 0.062
67.750 27.750
67.750 28.000
68.000 28.000
68.000 27.750
Building 4 5 0.062
67.750 28.000
67.750 28.250
68.000 28.250
68.000 28.000
Building 4 5 0.062
67.750 28.250
67.750 28.500
68.000 28.500
68.000 28.250
Building 4 5 0.062
67.750 28.500
67.750 28.750
68.000 28.750
68.000 28.500
Building 4 5 0.062
67.750 28.750
67.750 29.000
68.000 29.000
68.000 28.750
Building 4 5 0.062
67.750 29.000
67.750 29.250
68.000 29.250
68.000 29.000
Building 4 5 0.062
67.750 29.250
67.750 29.500
68.000 29.500
68.000 29.250
Building 4 5 0.062
67.750 29.500
67.750 29.750
68.000 29.750
68.000 29.500
Building 4 5 0.062
67.750 29.750
67.750 30.000
68.000 30.000
68.000 29.750
Building 4 5 0.062
67.750 30.000
67.750 30.250
68.000 30.250
68.000 30.000
Building 4 5 0.062
67.750 30.250
67.750 30.500
68.000 30.500
68.000 30.250
Building 4 5 0.062
67.750 30.500
67.750 30.750
68.000 30.750
68.000 30.500
Building 4 5 0.062
67.750 30.750
67.750 31.000
68.000 31.000
68.000 30.750
Building 4 5 0.062
67.750 31.000
67.750 31.250
68.000 31.250
68.000 31.000
Building 4 5 0.062
67.750 31.250
67.750 31.500
68.000 31.500
68.000 31.250
Building 4 5 0.062
67.750 31.500
67.750 31.750
68.000 31.750
68.000 31.500
Building 4 5 0.062
67.750 31.750
67.750 32.000
68.000 32.000
68.000 31.750
Building 4 5 0.062
67.750 32.000
67.750 32.250
68.000 32.250
68.000 32.000
Building 4 5 0.062
67.750 32.250
67.750 32.500
68.000 32.500
68.000 32.250
Building 4 5 0.062
67.750 32.500
67.750 32.750
68.000 32.750
68.000 32.500
Building 4 5 0.062
67.750 32.750
67.750 33.000
68.000 33.000
68.000 32.750
Building 4 5 0.062
67.750 33.000
67.750 33.250
68.000 33.250
68.000 33.000
Building 4 5 0.062
67.750 33.250
67.750 33.500
68.000 33.500
68.000 33.250
Building 4 5 0.062
67.750 33.500
67.750 33.750
68.000 33.750
68.000 33.500
Building 4 5 0.062
67.750 33.750
67.750 34.000
68.000 34.000
68.000 33.750
Building 4 5 0.062
67.750 34.000
67.750 34.250
68.000 34.250
68.000 34.000
Building 4 5 0.062
67.750 34.250
67.750 34.500
68.000 34.500
68.000 34.250
Building 4 5 0.062
67.750 34.500
67.750 34.750
68.000 34.750
68.000 34.500
Building 4 5 0.062
67.750 34.750
67.750 35.000
68.000 35.000
68.000 34.750
Building 4 5 0.062
67.750 35.000
67.750 35.250
68.000 35.250
68.000 35.000
Building 4 5 0.062
67.750 35.250
67.750 35.500
68.000 35.500
68.000 35.250
Building 4 5 0.062
67.750 35.500
67.750 35.750
68.000 35.750
68.000 35.500
Building 4 5 0.062
67.750 35.750
67.750 36.000
68.000 36.000
68.000 35.750
Building 4 5 0.062
67.750 36.000
67.750 36.250
68.000 36.250
68.000 36.000
Building 4 5 0.062
67.750 36.250
67.750 36.500
68.000 36.500
68.000 36.250
Building 4 5 0.062
67.750 36.500
67.750 36.750
68.000 36.750
68.000 36.500
Building 4 5 0.062
67.750 36.750
67.750 37.000
68.000 37.000
68.000 36.750
Building 4 5 0.062
67.750 37.000
67.750 37.250
68.000 37.250
68.000 37.000
Building 4 5 0.062
67.750 37.250
67.750 37.500
68.000 37.500
68.000 37.250
Building 4 5 0.062
67.750 37.500
67.750 37.750
68.000 37.750
68.000 37.500
Building 4 5 0.062
67.750 37.750
67.750 38.000
68.000 38.000
68.000 37.750
Building 4 5 0.062
67.750 38.000
67.750 38.250
68.000 38.250
68.000 38.000
Building 4 5 0.062
67.750 38.250
67.750 38.500
68.000 38.500
68.000 38.250
Building 4 5 0.062
67.750 38.500
67.750 38.750
68.000 38.750
68.000 38.500
Building 4 5 0.062
67.750 38.750
67.750 39.000
68.000 39.000
68.000 38.750
Building 4 5 0.062
67.750 39.000
67.750 39.250
68.000 39.250
68.000 39.000
Building 4 5 0.062
67.750 39.250
67.750 39.500
68.000 39.500
68.000 39.250
Building 4 5 0.062
67.750 39.500
67.750 39.750
68.000 39.750
68.000 39.500
Building 4 5 0.062
67.750 39.750
67.750 40.000
68.000 40.000
68.000 39.750
Building 4 5 0.062
67.750 40.000
67.750 40.250
68.000 40.250
68.000 40.000
Building 4 5 0.062
67.750 40.250
67.750 40.500
68.000 40.500
68.000 40.250
Building 4 5 0.062
67.750 40.500
67.750 40.750
68.000 40.750
68.000 40.500
Building 4 5 0.062
67.750 40.750
67.750 41.000
68.000 41.000
68.000 40.750
Building 4 5 0.062
67.750 41.000
67.750 41.250
68.000 41.250
68.000 41.000
Building 4 5 0.062
67.750 41.250
67.750 41.500
68.000 41.500
68.000 41.250
Building 4 5 0.062
67.750 41.500
67.750 41.750
68.000 41.750
68.000 41.500
Building 4 5 0.062
67.750 41.750
67.750 42.000
68.000 42.000
68.000 41.750
Building 4 5 0.062
67.750 42.000
67.750 42.250
68.000 42.250
68.000 42.000
Building 4 5 0.062
67.750 42.250
67.750 42.500
68.000 42.500
68.000 42.250
Building 4 5 0.062
67.750 42.500
67.750 42.750
68.000 42.750
68.000 42.500
Building 4 5 0.062
67.750 42.750
67.750 43.000
68.000 43.000
68.000 42.750
Building 4 5 0.062
67.750 43.000
67.750 43.250
68.000 43.250
68.000 43.000
Building 4 5 0.062
67.750 43.250
67.750 43.500
68.000 43.500
68.000 43.250
Building 4 5 0.062
67.750 43.500
67.750 43.750
68.000 43.750
68.000 43.500
Building 4 5 0.062
67.750 43.750
67.750 44.000
68.000 44.000
68.000 43.750
Building 4 5 0.062
67.750 44.000
67.750 44.250
68.000 44.250
68.000 44.000
Building 4 5 0.062
67.750 44.250
67.750 44.500
68.000 44.500
68.000 44.250
Building 4 5 0.062
67.750 44.500
67.750 44.750
68.000 44.750
68.000 44.500
Building 4 5 0.062
67.750 44.750
67.750 45.000
68.000 45.000
68.000 44.750
Building 4 5 0.062
67.750 45.000
67.750 45.250
68.000 45.250
68.000 45.000
Building 4 5 0.062
67.750 45.250
67.750 45.500
68.000 45.500
68.000 45.250
Building 4 5 0.062
67.750 45.500
67.750 45.750
68.000 45.750
68.000 45.500
Building 4 5 0.062
67.750 45.750
67.750 46.000
68.000 46.000
68.000 45.750
Building 4 5 0.062
67.750 46.000
67.750 46.250
68.000 46.250
68.000 46.000
Building 4 5 0.062
67.750 46.250
67.750 46.500
68.000 46.500
68.000 46.250
Building 4 5 0.062
67.750 46.500
67.750 46.750
68.000 46.750
68.000 46.500
Building 4 5 0.062
67.750 46.750
67.750 47.000
68.000 47.000
68.000 46.750
Building 4 5 0.062
67.750 47.000
67.750 47.250
68.000 47.250
68.000 47.000
Building 4 5 0.062
67.750 47.250
67.750 47.500
68.000 47.500
68.000 47.250
Building 4 5 0.062
67.750 47.500
67.750 47.750
68.000 47.750
68.000 47.500
Building 4 5 0.062
67.750 47.750
67.750 48.000
68.000 48.000
68.000 47.750
Building 4 5 0.062
67.750 48.000
67.750 48.250
68.000 48.250
68.000 48.000
Building 4 5 0.062
67.750 48.250
67.750 48.500
68.000 48.500
68.000 48.250
Building 4 5 0.062
67.750 48.500
67.750 48.750
68.000 48.750
68.000 48.500
Building 4 5 0.062
67.750 48.750
67.750 49.000
68.000 49.000
68.000 48.750
Building 4 5 0.062
67.750 49.000
67.750 49.250
68.000 49.250
68.000 49.000
Building 4 5 0.062
67.750 49.250
67.750 49.500
68.000 49.500
68.000 49.250
Building 4 5 0.062
67.750 49.500
67.750 49.750
68.000 49.750
68.000 49.500
Building 4 5 0.062
67.750 49.750
67.750 50.000
68.000 50.000
68.000 49.750
Building 4 5 0.062
67.750 50.000
67.750 50.250
68.000 50.250
68.000 50.000
Building 4 5 0.062
67.750 50.250
67.750 50.500
68.000 50.500
68.000 50.250
Building 4 5 0.062
67.750 50.500
67.750 50.750
68.000 50.750
68.000 50.500
Building 4 5 0.062
67.750 50.750
67.750 51.000
68.000 51.000
68.000 50.750
Building 4 5 0.062
67.750 51.000
67.750 51.250
68.000 51.250
68.000 51.000
Building 4 5 0.062
67.750 51.250
67.750 51.500
68.000 51.500
68.000 51.250
Building 4 5 0.062
67.750 51.500
67.750 51.750
68.000 51.750
68.000 51.500
Building 4 5 0.062
67.750 51.750
67.750 52.000
68.000 52.000
68.000 51.750
Building 4 5 0.062
67.750 52.000
67.750 52.250
68.000 52.250
68.000 52.000
Building 4 5 0.062
67.750 52.250
67.750 52.500
68.000 52.500
68.000 52.250
Building 4 5 0.062
67.750 52.500
67.750 52.750
68.000 52.750
68.000 52.500
Building 4 5 0.062
67.750 52.750
67.750 53.000
68.000 53.000
68.000 52.750
Building 4 5 0.062
67.750 53.000
67.750 53.250
68.000 53.250
68.000 53.000
Building 4 5 0.062
67.750 53.250
67.750 53.500
68.000 53.500
68.000 53.250
Building 4 5 0.062
67.750 53.500
67.750 53.750
68.000 53.750
68.000 53.500
Building 4 5 0.062
67.750 53.750
67.750 54.000
68.000 54.000
68.000 53.750
Building 4 5 0.062
67.750 54.000
67.750 54.250
68.000 54.250
68.000 54.000
Building 4 5 0.062
67.750 54.250
67.750 54.500
68.000 54.500
68.000 54.250
Building 4 5 0.062
67.750 54.500
67.750 54.750
68.000 54.750
68.000 54.500
Building 4 5 0.062
67.750 54.750
67.750 55.000
68.000 55.000
68.000 54.750
Building 4 5 0.062
67.750 55.000
67.750 55.250
68.000 55.250
68.000 55.000
Building 4 5 0.062
67.750 55.250
67.750 55.500
68.000 55.500
68.000 55.250
Building 4 5 0.062
67.750 55.500
67.750 55.750
68.000 55.750
68.000 55.500
Building 4 5 0.062
67.750 55.750
67.750 56.000
68.000 56.000
68.000 55.750
Building 4 5 0.062
67.750 56.000
67.750 56.250
68.000 56.250
68.000 56.000
Building 4 5 0.062
67.750 56.250
67.750 56.500
68.000 56.500
68.000 56.250
Building 4 5 0.062
67.750 56.500
67.750 56.750
68.000 56.750
68.000 56.500
Building 4 5 0.062
67.750 56.750
67.750 57.000
68.000 57.000
68.000 56.750
Building 4 5 0.062
67.750 57.000
67.750 57.250
68.000 57.250
68.000 57.000
Building 4 5 0.062
67.750 57.250
67.750 57.500
68.000 57.500
68.000 57.250
Building 4 5 0.062
67.750 57.500
67.750 57.750
68.000 57.750
68.000 57.500
Building 4 5 0.062
67.750 57.750
67.750 58.000
68.000 58.000
68.000 57.750
Building 4 5 0.062
67.750 58.000
67.750 58.250
68.000 58.250
68.000 58.000
Building 4 5 0.062
67.750 58.250
67.750 58.500
68.000 58.500
68.000 58.250
Building 4 5 0.062
67.750 58.500
67.750 58.750
68.000 58.750
68.000 58.500
Building 4 5 0.062
67.750 58.750
67.750 59.000
68.000 59.000
68.000 58.750
Building 4 5 0.062
67.750 59.000
67.750 59.250
68.000 59.250
68.000 59.000
Building 4 5 0.062
67.750 59.250
67.750 59.500
68.000 59.500
68.000 59.250
Building 4 5 0.062
67.750 59.500
67.750 59.750
68.000 59.750
68.000 59.500
Building 4 5 0.062
67.750 59.750
67.750 60.000
68.000 60.000
68.000 59.750
Building 4 5 0.062
67.750 60.000
67.750 60.250
68.000 60.250
68.000 60.000
Building 4 5 0.062
67.750 60.250
67.750 60.500
68.000 60.500
68.000 60.250
Building 4 5 0.062
67.750 60.500
67.750 60.750
68.000 60.750
68.000 60.500
Building 4 5 0.062
67.750 60.750
67.750 61.000
68.000 61.000
68.000 60.750
Building 4 5 0.062
67.750 61.000
67.750 61.250
68.000 61.250
68.000 61.000
Building 4 5 0.062
67.750 61.250
67.750 61.500
68.000 61.500
68.000 61.250
Building 4 5 0.062
67.750 61.500
67.750 61.750
68.000 61.750
68.000 61.500
Building 4 5 0.062
67.750 61.750
67.750 62.000
68.000 62.000
68.000 61.750
Building 4 5 0.062
67.750 62.000
67.750 62.250
68.000 62.250
68.000 62.000
Building 4 5 0.062
67.750 62.250
67.750 62.500
68.000 62.500
68.000 62.250
Building 4 5 0.062
67.750 62.500
67.750 62.750
68.000 62.750
68.000 62.500
Building 4 5 0.062
67.750 62.750
67.750 63.000
68.000 63.000
68.000 62.750
Building 4 5 0.062
67.750 63.000
67.750 63.250
68.000 63.250
68.000 63.000
Building 4 5 0.062
67.750 63.250
67.750 63.500
68.000 63.500
68.000 63.250
Building 4 5 0.062
67.750 63.500
67.750 63.750
68.000 63.750
68.000 63.500
Building 4 5 0.062
68.000 64.000
68.000 63.750
67.750 63.750
67.750 64.000
Building 4 5 0.062
68.000 26.500
68.000 26.750
68.250 26.750
68.250 26.500
Building 4 5 0.062
68.000 26.750
68.000 27.000
68.250 27.000
68.250 26.750
Building 4 5 0.062
68.000 27.000
68.000 27.250
68.250 27.250
68.250 27.000
Building 4 5 0.062
68.000 27.250
68.000 27.500
68.250 27.500
68.250 27.250
Building 4 5 0.062
68.000 27.500
68.000 27.750
68.250 27.750
68.250 27.500
Building 4 5 0.062
68.000 27.750
68.000 28.000
68.250 28.000
68.250 27.750
Building 4 5 0.062
68.000 28.000
68.000 28.250
68.250 28.250
68.250 28.000
Building 4 5 0.062
68.000 28.250
68.000 28.500
68.250 28.500
68.250 28.250
Building 4 5 0.062
68.000 28.500
68.000 28.750
68.250 28.750
68.250 28.500
Building 4 5 0.062
68.000 28.750
68.000 29.000
68.250 29.000
68.250 28.750
Building 4 5 0.062
68.000 29.000
68.000 29.250
68.250 29.250
68.250 29.000
Building 4 5 0.062
68.000 29.250
68.000 29.500
68.250 29.500
68.250 29.250
Building 4 5 0.062
68.000 29.500
68.000 29.750
68.250 29.750
68.250 29.500
Building 4 5 0.062
68.000 29.750
68.000 30.000
68.250 30.000
68.250 29.750
Building 4 5 0.062
68.000 30.000
68.000 30.250
68.250 30.250
68.250 30.000
Building 4 5 0.062
68.000 30.250
68.000 30.500
68.250 30.500
68.250 30.250
Building 4 5 0.062
68.000 30.500
68.000 30.750
68.250 30.750
68.250 30.500
Building 4 5 0.062
68.000 30.750
68.000 31.000
68.250 31.000
68.250 30.750
Building 4 5 0.062
68.000 31.000
68.000 31.250
68.250 31.250
68.250 31.000
Building 4 5 0.062
68.000 31.250
68.000 31.500
68.250 31.500
68.250 31.250
Building 4 5 0.062
68.000 31.500
68.000 31.750
68.250 31.750
68.250 31.500
Building 4 5 0.062
68.000 31.750
68.000 32.000
68.250 32.000
68.250 31.750
Building 4 5 0.062
68.000 32.000
68.000 32.250
68.250 32.250
68.250 32.000
Building 4 5 0.062
68.000 32.250
68.000 32.500
68.250 32.500
68.250 32.250
Building 4 5 0.062
68.000 32.500
68.000 32.750
68.250 32.750
68.250 32.500
Building 4 5 0.062
68.000 32.750
68.000 33.000
68.250 33.000
68.250 32.750
Building 4 5 0.062
68.000 33.000
68.000 33.250
68.250 33.250
68.250 33.000
Building 4 5 0.062
68.000 33.250
68.000 33.500
68.250 33.500
68.250 33.250
Building 4 5 0.062
68.000 33.500
68.000 33.750
68.250 33.750
68.250 33.500
Building 4 5 0.062
68.000 33.750
68.000 34.000
68.250 34.000
68.250 33.750
Building 4 5 0.062
68.000 34.000
68.000 34.250
68.250 34.250
68.250 34.000
Building 4 5 0.062
68.000 34.250
68.000 34.500
68.250 34.500
68.250 34.250
Building 4 5 0.062
68.000 34.500
68.000 34.750
68.250 34.750
68.250 34.500
Building 4 5 0.062
68.000 34.750
68.000 35.000
68.250 35.000
68.250 34.750
Building 4 5 0.062
68.000 35.000
68.000 35.250
68.250 35.250
68.250 35.000
Building 4 5 0.062
68.000 35.250
68.000 35.500
68.250 35.500
68.250 35.250
Building 4 5 0.062
68.000 35.500
68.000 35.750
68.250 35.750
68.250 35.500
Building 4 5 0.062
68.000 35.750
68.000 36.000
68.250 36.000
68.250 35.750
Building 4 5 0.062
68.000 36.000
68.000 36.250
68.250 36.250
68.250 36.000
Building 4 5 0.062
68.000 36.250
68.000 36.500
68.250 36.500
68.250 36.250
Building 4 5 0.062
68.000 36.500
68.000 36.750
68.250 36.750
68.250 36.500
Building 4 5 0.062
68.000 36.750
68.000 37.000
68.250 37.000
68.250 36.750
Building 4 5 0.062
68.000 37.000
68.000 37.250
68.250 37.250
68.250 37.000
Building 4 5 0.062
68.000 37.250
68.000 37.500
68.250 37.500
68.250 37.250
Building 4 5 0.062
68.000 37.500
68.000 37.750
68.250 37.750
68.250 37.500
Building 4 5 0.062
68.000 37.750
68.000 38.000
68.250 38.000
68.250 37.750
Building 4 5 0.062
68.000 38.000
68.000 38.250
68.250 38.250
68.250 38.000
Building 4 5 0.062
68.000 38.250
68.000 38.500
68.250 38.500
68.250 38.250
Building 4 5 0.062
68.000 38.500
68.000 38.750
68.250 38.750
68.250 38.500
Building 4 5 0.062
68.000 38.750
68.000 39.000
68.250 39.000
68.250 38.750
Building 4 5 0.062
68.000 39.000
68.000 39.250
68.250 39.250
68.250 39.000
Building 4 5 0.062
68.000 39.250
68.000 39.500
68.250 39.500
68.250 39.250
Building 4 5 0.062
68.000 39.500
68.000 39.750
68.250 39.750
68.250 39.500
Building 4 5 0.062
68.000 39.750
68.000 40.000
68.250 40.000
68.250 39.750
Building 4 5 0.062
68.000 40.000
68.000 40.250
68.250 40.250
68.250 40.000
Building 4 5 0.062
68.000 40.250
68.000 40.500
68.250 40.500
68.250 40.250
Building 4 5 0.062
68.000 40.500
68.000 40.750
68.250 40.750
68.250 40.500
Building 4 5 0.062
68.000 40.750
68.000 41.000
68.250 41.000
68.250 40.750
Building 4 5 0.062
68.000 41.000
68.000 41.250
68.250 41.250
68.250 41.000
Building 4 5 0.062
68.000 41.250
68.000 41.500
68.250 41.500
68.250 41.250
Building 4 5 0.062
68.000 41.500
68.000 41.750
68.250 41.750
68.250 41.500
Building 4 5 0.062
68.000 41.750
68.000 42.000
68.250 42.000
68.250 41.750
Building 4 5 0.062
68.000 42.000
68.000 42.250
68.250 42.250
68.250 42.000
Building 4 5 0.062
68.000 42.250
68.000 42.500
68.250 42.500
68.250 42.250
Building 4 5 0.062
68.000 42.500
68.000 42.750
68.250 42.750
68.250 42.500
Building 4 5 0.062
68.000 42.750
68.000 43.000
68.250 43.000
68.250 42.750
Building 4 5 0.062
68.000 43.000
68.000 43.250
68.250 43.250
68.250 43.000
Building 4 5 0.062
68.000 43.250
68.000 43.500
68.250 43.500
68.250 43.250
Building 4 5 0.062
68.000 43.500
68.000 43.750
68.250 43.750
68.250 43.500
Building 4 5 0.062
68.000 43.750
68.000 44.000
68.250 44.000
68.250 43.750
Building 4 5 0.062
68.000 44.000
68.000 44.250
68.250 44.250
68.250 44.000
Building 4 5 0.062
68.000 44.250
68.000 44.500
68.250 44.500
68.250 44.250
Building 4 5 0.062
68.000 44.500
68.000 44.750
68.250 44.750
68.250 44.500
Building 4 5 0.062
68.000 44.750
68.000 45.000
68.250 45.000
68.250 44.750
Building 4 5 0.062
68.000 45.000
68.000 45.250
68.250 45.250
68.250 45.000
Building 4 5 0.062
68.000 45.250
68.000 45.500
68.250 45.500
68.250 45.250
Building 4 5 0.062
68.000 45.500
68.000 45.750
68.250 45.750
68.250 45.500
Building 4 5 0.062
68.000 45.750
68.000 46.000
68.250 46.000
68.250 45.750
Building 4 5 0.062
68.000 46.000
68.000 46.250
68.250 46.250
68.250 46.000
Building 4 5 0.062
68.000 46.250
68.000 46.500
68.250 46.500
68.250 46.250
Building 4 5 0.062
68.000 46.500
68.000 46.750
68.250 46.750
68.250 46.500
Building 4 5 0.062
68.000 46.750
68.000 47.000
68.250 47.000
68.250 46.750
Building 4 5 0.062
68.000 47.000
68.000 47.250
68.250 47.250
68.250 47.000
Building 4 5 0.062
68.000 47.250
68.000 47.500
68.250 47.500
68.250 47.250
Building 4 5 0.062
68.000 47.500
68.000 47.750
68.250 47.750
68.250 47.500
Building 4 5 0.062
68.000 47.750
68.000 48.000
68.250 48.000
68.250 47.750
Building 4 5 0.062
68.000 48.000
68.000 48.250
68.250 48.250
68.250 48.000
Building 4 5 0.062
68.000 48.250
68.000 48.500
68.250 48.500
68.250 48.250
Building 4 5 0.062
68.000 48.500
68.000 48.750
68.250 48.750
68.250 48.500
Building 4 5 0.062
68.000 48.750
68.000 49.000
68.250 49.000
68.250 48.750
Building 4 5 0.062
68.000 49.000
68.000 49.250
68.250 49.250
68.250 49.000
Building 4 5 0.062
68.000 49.250
68.000 49.500
68.250 49.500
68.250 49.250
Building 4 5 0.062
68.000 49.500
68.000 49.750
68.250 49.750
68.250 49.500
Building 4 5 0.062
68.000 49.750
68.000 50.000
68.250 50.000
68.250 49.750
Building 4 5 0.062
68.000 50.000
68.000 50.250
68.250 50.250
68.250 50.000
Building 4 5 0.062
68.000 50.250
68.000 50.500
68.250 50.500
68.250 50.250
Building 4 5 0.062
68.000 50.500
68.000 50.750
68.250 50.750
68.250 50.500
Building 4 5 0.062
68.000 50.750
68.000 51.000
68.250 51.000
68.250 50.750
Building 4 5 0.062
68.000 51.000
68.000 51.250
68.250 51.250
68.250 51.000
Building 4 5 0.062
68.000 51.250
68.000 51.500
68.250 51.500
68.250 51.250
Building 4 5 0.062
68.000 51.500
68.000 51.750
68.250 51.750
68.250 51.500
Building 4 5 0.062
68.000 51.750
68.000 52.000
68.250 52.000
68.250 51.750
Building 4 5 0.062
68.000 52.000
68.000 52.250
68.250 52.250
68.250 52.000
Building 4 5 0.062
68.000 52.250
68.000 52.500
68.250 52.500
68.250 52.250
Building 4 5 0.062
68.000 52.500
68.000 52.750
68.250 52.750
68.250 52.500
Building 4 5 0.062
68.000 52.750
68.000 53.000
68.250 53.000
68.250 52.750
Building 4 5 0.062
68.000 53.000
68.000 53.250
68.250 53.250
68.250 53.000
Building 4 5 0.062
68.000 53.250
68.000 53.500
68.250 53.500
68.250 53.250
Building 4 5 0.062
68.000 53.500
68.000 53.750
68.250 53.750
68.250 53.500
Building 4 5 0.062
68.000 53.750
68.000 54.000
68.250 54.000
68.250 53.750
Building 4 5 0.062
68.000 54.000
68.000 54.250
68.250 54.250
68.250 54.000
Building 4 5 0.062
68.000 54.250
68.000 54.500
68.250 54.500
68.250 54.250
Building 4 5 0.062
68.000 54.500
68.000 54.750
68.250 54.750
68.250 54.500
Building 4 5 0.062
68.000 54.750
68.000 55.000
68.250 55.000
68.250 54.750
Building 4 5 0.062
68.000 55.000
68.000 55.250
68.250 55.250
68.250 55.000
Building 4 5 0.062
68.000 55.250
68.000 55.500
68.250 55.500
68.250 55.250
Building 4 5 0.062
68.000 55.500
68.000 55.750
68.250 55.750
68.250 55.500
Building 4 5 0.062
68.000 55.750
68.000 56.000
68.250 56.000
68.250 55.750
Building 4 5 0.062
68.000 56.000
68.000 56.250
68.250 56.250
68.250 56.000
Building 4 5 0.062
68.000 56.250
68.000 56.500
68.250 56.500
68.250 56.250
Building 4 5 0.062
68.000 56.500
68.000 56.750
68.250 56.750
68.250 56.500
Building 4 5 0.062
68.000 56.750
68.000 57.000
68.250 57.000
68.250 56.750
Building 4 5 0.062
68.000 57.000
68.000 57.250
68.250 57.250
68.250 57.000
Building 4 5 0.062
68.000 57.250
68.000 57.500
68.250 57.500
68.250 57.250
Building 4 5 0.062
68.000 57.500
68.000 57.750
68.250 57.750
68.250 57.500
Building 4 5 0.062
68.000 57.750
68.000 58.000
68.250 58.000
68.250 57.750
Building 4 5 0.062
68.000 58.000
68.000 58.250
68.250 58.250
68.250 58.000
Building 4 5 0.062
68.000 58.250
68.000 58.500
68.250 58.500
68.250 58.250
Building 4 5 0.062
68.000 58.500
68.000 58.750
68.250 58.750
68.250 58.500
Building 4 5 0.062
68.000 58.750
68.000 59.000
68.250 59.000
68.250 58.750
Building 4 5 0.062
68.000 59.000
68.000 59.250
68.250 59.250
68.250 59.000
Building 4 5 0.062
68.000 59.250
68.000 59.500
68.250 59.500
68.250 59.250
Building 4 5 0.062
68.000 59.500
68.000 59.750
68.250 59.750
68.250 59.500
Building 4 5 0.062
68.000 59.750
68.000 60.000
68.250 60.000
68.250 59.750
Building 4 5 0.062
68.000 60.000
68.000 60.250
68.250 60.250
68.250 60.000
Building 4 5 0.062
68.000 60.250
68.000 60.500
68.250 60.500
68.250 60.250
Building 4 5 0.062
68.000 60.500
68.000 60.750
68.250 60.750
68.250 60.500
Building 4 5 0.062
68.000 60.750
68.000 61.000
68.250 61.000
68.250 60.750
Building 4 5 0.062
68.000 61.000
68.000 61.250
68.250 61.250
68.250 61.000
Building 4 5 0.062
68.000 61.250
68.000 61.500
68.250 61.500
68.250 61.250
Building 4 5 0.062
68.000 61.500
68.000 61.750
68.250 61.750
68.250 61.500
Building 4 5 0.062
68.000 61.750
68.000 62.000
68.250 62.000
68.250 61.750
Building 4 5 0.062
68.000 62.000
68.000 62.250
68.250 62.250
68.250 62.000
Building 4 5 0.062
68.000 62.250
68.000 62.500
68.250 62.500
68.250 62.250
Building 4 5 0.062
68.000 62.500
68.000 62.750
68.250 62.750
68.250 62.500
Building 4 5 0.062
68.000 62.750
68.000 63.000
68.250 63.000
68.250 62.750
Building 4 5 0.062
68.000 63.000
68.000 63.250
68.250 63.250
68.250 63.000
Building 4 5 0.062
68.000 63.250
68.000 63.500
68.250 63.500
68.250 63.250
Building 4 5 0.062
68.000 63.500
68.000 63.750
68.250 63.750
68.250 63.500
Building 4 5 0.062
68.250 64.000
68.250 63.750
68.000 63.750
68.000 64.000
Building 4 5 0.062
68.500 26.500
68.250 26.500
68.250 26.750
68.500 26.750
Building 4 5 0.062
68.500 26.750
68.250 26.750
68.250 27.000
68.500 27.000
Building 4 5 0.062
68.500 27.000
68.250 27.000
68.250 27.250
68.500 27.250
Building 4 5 0.062
68.500 27.250
68.250 27.250
68.250 27.500
68.500 27.500
Building 4 5 0.062
68.500 27.500
68.250 27.500
68.250 27.750
68.500 27.750
Building 4 5 0.062
68.500 27.750
68.250 27.750
68.250 28.000
68.500 28.000
Building 4 5 0.062
68.500 28.000
68.250 28.000
68.250 28.250
68.500 28.250
Building 4 5 0.062
68.500 28.250
68.250 28.250
68.250 28.500
68.500 28.500
Building 4 5 0.062
68.500 28.500
68.250 28.500
68.250 28.750
68.500 28.750
Building 4 5 0.062
68.500 28.750
68.250 28.750
68.250 29.000
68.500 29.000
Building 4 5 0.062
68.500 29.000
68.250 29.000
68.250 29.250
68.500 29.250
Building 4 5 0.062
68.500 29.250
68.250 29.250
68.250 29.500
68.500 29.500
Building 4 5 0.062
68.500 29.500
68.250 29.500
68.250 29.750
68.500 29.750
Building 4 5 0.062
68.500 29.750
68.250 29.750
68.250 30.000
68.500 30.000
Building 4 5 0.062
68.500 30.000
68.250 30.000
68.250 30.250
68.500 30.250
Building 4 5 0.062
68.500 30.250
68.250 30.250
68.250 30.500
68.500 30.500
Building 4 5 0.062
68.500 30.500
68.250 30.500
68.250 30.750
68.500 30.750
Building 4 5 0.062
68.500 30.750
68.250 30.750
68.250 31.000
68.500 31.000
Building 4 5 0.062
68.500 31.000
68.250 31.000
68.250 31.250
68.500 31.250
Building 4 5 0.062
68.500 31.250
68.250 31.250
68.250 31.500
68.500 31.500
Building 4 5 0.062
68.500 31.500
68.250 31.500
68.250 31.750
68.500 31.750
Building 4 5 0.062
68.500 31.750
68.250 31.750
68.250 32.000
68.500 32.000
Building 4 5 0.062
68.500 32.000
68.250 32.000
68.250 32.250
68.500 32.250
Building 4 5 0.062
68.500 32.250
68.250 32.250
68.250 32.500
68.500 32.500
Building 4 5 0.062
68.500 32.500
68.250 32.500
68.250 32.750
68.500 32.750
Building 4 5 0.062
68.500 32.750
68.250 32.750
68.250 33.000
68.500 33.000
Building 4 5 0.062
68.500 33.000
68.250 33.000
68.250 33.250
68.500 33.250
Building 4 5 0.062
68.500 33.250
68.250 33.250
68.250 33.500
68.500 33.500
Building 4 5 0.062
68.500 33.500
68.250 33.500
68.250 33.750
68.500 33.750
Building 4 5 0.062
68.500 33.750
68.250 33.750
68.250 34.000
68.500 34.000
Building 4 5 0.062
68.500 34.000
68.250 34.000
68.250 34.250
68.500 34.250
Building 4 5 0.062
68.500 34.250
68.250 34.250
68.250 34.500
68.500 34.500
Building 4 5 0.062
68.500 34.500
68.250 34.500
68.250 34.750
68.500 34.750
Building 4 5 0.062
68.500 34.750
68.250 34.750
68.250 35.000
68.500 35.000
Building 4 5 0.062
68.500 35.000
68.250 35.000
68.250 35.250
68.500 35.250
Building 4 5 0.062
68.500 35.250
68.250 35.250
68.250 35.500
68.500 35.500
Building 4 5 0.062
68.500 35.500
68.250 35.500
68.250 35.750
68.500 35.750
Building 4 5 0.062
68.500 35.750
68.250 35.750
68.250 36.000
68.500 36.000
Building 4 5 0.062
68.500 36.000
68.250 36.000
68.250 36.250
68.500 36.250
Building 4 5 0.062
68.500 36.250
68.250 36.250
68.250 36.500
68.500 36.500
Building 4 5 0.062
68.500 36.500
68.250 36.500
68.250 36.750
68.500 36.750
Building 4 5 0.062
68.500 36.750
68.250 36.750
68.250 37.000
68.500 37.000
Building 4 5 0.062
68.500 37.000
68.250 37.000
68.250 37.250
68.500 37.250
Building 4 5 0.062
68.500 37.250
68.250 37.250
68.250 37.500
68.500 37.500
Building 4 5 0.062
68.500 37.500
68.250 37.500
68.250 37.750
68.500 37.750
Building 4 5 0.062
68.500 37.750
68.250 37.750
68.250 38.000
68.500 38.000
Building 4 5 0.062
68.500 38.000
68.250 38.000
68.250 38.250
68.500 38.250
Building 4 5 0.062
68.500 38.250
68.250 38.250
68.250 38.500
68.500 38.500
Building 4 5 0.062
68.500 38.500
68.250 38.500
68.250 38.750
68.500 38.750
Building 4 5 0.062
68.500 38.750
68.250 38.750
68.250 39.000
68.500 39.000
Building 4 5 0.062
68.500 39.000
68.250 39.000
68.250 39.250
68.500 39.250
Building 4 5 0.062
68.500 39.250
68.250 39.250
68.250 39.500
68.500 39.500
Building 4 5 0.062
68.500 39.500
68.250 39.500
68.250 39.750
68.500 39.750
Building 4 5 0.062
68.500 39.750
68.250 39.750
68.250 40.000
68.500 40.000
Building 4 5 0.062
68.500 40.000
68.250 40.000
68.250 40.250
68.500 40.250
Building 4 5 0.062
68.500 40.250
68.250 40.250
68.250 40.500
68.500 40.500
Building 4 5 0.062
68.500 40.500
68.250 40.500
68.250 40.750
68.500 40.750
Building 4 5 0.062
68.500 40.750
68.250 40.750
68.250 41.000
68.500 41.000
Building 4 5 0.062
68.500 41.000
68.250 41.000
68.250 41.250
68.500 41.250
Building 4 5 0.062
68.500 41.250
68.250 41.250
68.250 41.500
68.500 41.500
Building 4 5 0.062
68.500 41.500
68.250 41.500
68.250 41.750
68.500 41.750
Building 4 5 0.062
68.500 41.750
68.250 41.750
68.250 42.000
68.500 42.000
Building 4 5 0.062
68.500 42.000
68.250 42.000
68.250 42.250
68.500 42.250
Building 4 5 0.062
68.500 42.250
68.250 42.250
68.250 42.500
68.500 42.500
Building 4 5 0.062
68.500 42.500
68.250 42.500
68.250 42.750
68.500 42.750
Building 4 5 0.062
68.500 42.750
68.250 42.750
68.250 43.000
68.500 43.000
Building 4 5 0.062
68.500 43.000
68.250 43.000
68.250 43.250
68.500 43.250
Building 4 5 0.062
68.500 43.250
68.250 43.250
68.250 43.500
68.500 43.500
Building 4 5 0.062
68.500 43.500
68.250 43.500
68.250 43.750
68.500 43.750
Building 4 5 0.062
68.500 43.750
68.250 43.750
68.250 44.000
68.500 44.000
Building 4 5 0.062
68.500 44.000
68.250 44.000
68.250 44.250
68.500 44.250
Building 4 5 0.062
68.500 44.250
68.250 44.250
68.250 44.500
68.500 44.500
Building 4 5 0.062
68.500 44.500
68.250 44.500
68.250 44.750
68.500 44.750
Building 4 5 0.062
68.500 44.750
68.250 44.750
68.250 45.000
68.500 45.000
Building 4 5 0.062
68.500 45.000
68.250 45.000
68.250 45.250
68.500 45.250
Building 4 5 0.062
68.500 45.250
68.250 45.250
68.250 45.500
68.500 45.500
Building 4 5 0.062
68.500 45.500
68.250 45.500
68.250 45.750
68.500 45.750
Building 4 5 0.062
68.500 45.750
68.250 45.750
68.250 46.000
68.500 46.000
Building 4 5 0.062
68.500 46.000
68.250 46.000
68.250 46.250
68.500 46.250
Building 4 5 0.062
68.500 46.250
68.250 46.250
68.250 46.500
68.500 46.500
Building 4 5 0.062
68.500 46.500
68.250 46.500
68.250 46.750
68.500 46.750
Building 4 5 0.062
68.500 46.750
68.250 46.750
68.250 47.000
68.500 47.000
Building 4 5 0.062
68.500 47.000
68.250 47.000
68.250 47.250
68.500 47.250
Building 4 5 0.062
68.500 47.250
68.250 47.250
68.250 47.500
68.500 47.500
Building 4 5 0.062
68.500 47.500
68.250 47.500
68.250 47.750
68.500 47.750
Building 4 5 0.062
68.500 47.750
68.250 47.750
68.250 48.000
68.500 48.000
Building 4 5 0.062
68.500 48.000
68.250 48.000
68.250 48.250
68.500 48.250
Building 4 5 0.062
68.500 48.250
68.250 48.250
68.250 48.500
68.500 48.500
Building 4 5 0.062
68.500 48.500
68.250 48.500
68.250 48.750
68.500 48.750
Building 4 5 0.062
68.500 48.750
68.250 48.750
68.250 49.000
68.500 49.000
Building 4 5 0.062
68.500 49.000
68.250 49.000
68.250 49.250
68.500 49.250
Building 4 5 0.062
68.500 49.250
68.250 49.250
68.250 49.500
68.500 49.500
Building 4 5 0.062
68.500 49.500
68.250 49.500
68.250 49.750
68.500 49.750
Building 4 5 0.062
68.500 49.750
68.250 49.750
68.250 50.000
68.500 50.000
Building 4 5 0.062
68.500 50.000
68.250 50.000
68.250 50.250
68.500 50.250
Building 4 5 0.062
68.500 50.250
68.250 50.250
68.250 50.500
68.500 50.500
Building 4 5 0.062
68.500 50.500
68.250 50.500
68.250 50.750
68.500 50.750
Building 4 5 0.062
68.500 50.750
68.250 50.750
68.250 51.000
68.500 51.000
Building 4 5 0.062
68.500 51.000
68.250 51.000
68.250 51.250
68.500 51.250
Building 4 5 0.062
68.500 51.250
68.250 51.250
68.250 51.500
68.500 51.500
Building 4 5 0.062
68.500 51.500
68.250 51.500
68.250 51.750
68.500 51.750
Building 4 5 0.062
68.500 51.750
68.250 51.750
68.250 52.000
68.500 52.000
Building 4 5 0.062
68.500 52.000
68.250 52.000
68.250 52.250
68.500 52.250
Building 4 5 0.062
68.500 52.250
68.250 52.250
68.250 52.500
68.500 52.500
Building 4 5 0.062
68.500 52.500
68.250 52.500
68.250 52.750
68.500 52.750
Building 4 5 0.062
68.500 52.750
68.250 52.750
68.250 53.000
68.500 53.000
Building 4 5 0.062
68.500 53.000
68.250 53.000
68.250 53.250
68.500 53.250
Building 4 5 0.062
68.500 53.250
68.250 53.250
68.250 53.500
68.500 53.500
Building 4 5 0.062
68.500 53.500
68.250 53.500
68.250 53.750
68.500 53.750
Building 4 5 0.062
68.500 53.750
68.250 53.750
68.250 54.000
68.500 54.000
Building 4 5 0.062
68.500 54.000
68.250 54.000
68.250 54.250
68.500 54.250
Building 4 5 0.062
68.500 54.250
68.250 54.250
68.250 54.500
68.500 54.500
Building 4 5 0.062
68.500 54.500
68.250 54.500
68.250 54.750
68.500 54.750
Building 4 5 0.062
68.500 54.750
68.250 54.750
68.250 55.000
68.500 55.000
Building 4 5 0.062
68.500 55.000
68.250 55.000
68.250 55.250
68.500 55.250
Building 4 5 0.062
68.500 55.250
68.250 55.250
68.250 55.500
68.500 55.500
Building 4 5 0.062
68.500 55.500
68.250 55.500
68.250 55.750
68.500 55.750
Building 4 5 0.062
68.500 55.750
68.250 55.750
68.250 56.000
68.500 56.000
Building 4 5 0.062
68.500 56.000
68.250 56.000
68.250 56.250
68.500 56.250
Building 4 5 0.062
68.500 56.250
68.250 56.250
68.250 56.500
68.500 56.500
Building 4 5 0.062
68.500 56.500
68.250 56.500
68.250 56.750
68.500 56.750
Building 4 5 0.062
68.500 56.750
68.250 56.750
68.250 57.000
68.500 57.000
Building 4 5 0.062
68.500 57.000
68.250 57.000
68.250 57.250
68.500 57.250
Building 4 5 0.062
68.500 57.250
68.250 57.250
68.250 57.500
68.500 57.500
Building 4 5 0.062
68.500 57.500
68.250 57.500
68.250 57.750
68.500 57.750
Building 4 5 0.062
68.500 57.750
68.250 57.750
68.250 58.000
68.500 58.000
Building 4 5 0.062
68.500 58.000
68.250 58.000
68.250 58.250
68.500 58.250
Building 4 5 0.062
68.500 58.250
68.250 58.250
68.250 58.500
68.500 58.500
Building 4 5 0.062
68.500 58.500
68.250 58.500
68.250 58.750
68.500 58.750
Building 4 5 0.062
68.500 58.750
68.250 58.750
68.250 59.000
68.500 59.000
Building 4 5 0.062
68.500 59.000
68.250 59.000
68.250 59.250
68.500 59.250
Building 4 5 0.062
68.500 59.250
68.250 59.250
68.250 59.500
68.500 59.500
Building 4 5 0.062
68.500 59.500
68.250 59.500
68.250 59.750
68.500 59.750
Building 4 5 0.062
68.500 59.750
68.250 59.750
68.250 60.000
68.500 60.000
Building 4 5 0.062
68.500 60.000
68.250 60.000
68.250 60.250
68.500 60.250
Building 4 5 0.062
68.500 60.250
68.250 60.250
68.250 60.500
68.500 60.500
Building 4 5 0.062
68.500 60.500
68.250 60.500
68.250 60.750
68.500 60.750
Building 4 5 0.062
68.500 60.750
68.250 60.750
68.250 61.000
68.500 61.000
Building 4 5 0.062
68.500 61.000
68.250 61.000
68.250 61.250
68.500 61.250
Building 4 5 0.062
68.500 61.250
68.250 61.250
68.250 61.500
68.500 61.500
Building 4 5 0.062
68.500 61.500
68.250 61.500
68.250 61.750
68.500 61.750
Building 4 5 0.062
68.500 61.750
68.250 61.750
68.250 62.000
68.500 62.000
Building 4 5 0.062
68.500 62.000
68.250 62.000
68.250 62.250
68.500 62.250
Building 4 5 0.062
68.500 62.250
68.250 62.250
68.250 62.500
68.500 62.500
Building 4 5 0.062
68.500 62.500
68.250 62.500
68.250 62.750
68.500 62.750
Building 4 5 0.062
68.500 62.750
68.250 62.750
68.250 63.000
68.500 63.000
Building 4 5 0.062
68.500 63.000
68.250 63.000
68.250 63.250
68.500 63.250
Building 4 5 0.062
68.500 63.250
68.250 63.250
68.250 63.500
68.500 63.500
Building 4 5 0.062
68.500 63.500
68.250 63.500
68.250 63.750
68.500 63.750
Building 4 5 0.062
68.500 64.000
68.500 63.750
68.250 63.750
68.250 64.000
