6304
Building 4 5 0.062
3.000 55.500
3.000 55.750
3.250 55.750
3.250 55.500
Building 4 5 0.062
3.000 56.000
3.250 56.000
3.250 55.750
3.000 55.750
Building 4 5 0.062
3.000 56.250
3.250 56.250
3.250 56.000
3.000 56.000
Building 4 5 0.062
3.000 56.500
3.250 56.500
3.250 56.250
3.000 56.250
Building 4 5 0.062
3.000 56.750
3.250 56.750
3.250 56.500
3.000 56.500
Building 4 5 0.062
3.000 57.000
3.250 57.000
3.250 56.750
3.000 56.750
Building 4 5 0.062
3.000 57.250
3.250 57.250
3.250 57.000
3.000 57.000
Building 4 5 0.062
3.000 57.500
3.250 57.500
3.250 57.250
3.000 57.250
Building 4 5 0.062
3.000 57.750
3.250 57.750
3.250 57.500
3.000 57.500
Building 4 5 0.062
3.000 58.000
3.250 58.000
3.250 57.750
3.000 57.750
Building 4 5 0.062
3.000 58.250
3.250 58.250
3.250 58.000
3.000 58.000
Building 4 5 0.062
3.000 58.500
3.250 58.500
3.250 58.250
3.000 58.250
Building 4 5 0.062
3.000 58.750
3.250 58.750
3.250 58.500
3.000 58.500
Building 4 5 0.062
3.000 59.000
3.250 59.000
3.250 58.750
3.000 58.750
Building 4 5 0.062
3.000 59.250
3.250 59.250
3.250 59.000
3.000 59.000
Building 4 5 0.062
3.000 59.500
3.250 59.500
3.250 59.250
3.000 59.250
Building 4 5 0.062
3.000 59.750
3.250 59.750
3.250 59.500
3.000 59.500
Building 4 5 0.062
3.000 60.000
3.250 60.000
3.250 59.750
3.000 59.750
Building 4 5 0.062
3.000 60.250
3.250 60.250
3.250 60.000
3.000 60.000
Building 4 5 0.062
3.000 60.500
3.250 60.500
3.250 60.250
3.000 60.250
Building 4 5 0.062
3.000 60.750
3.250 60.750
3.250 60.500
3.000 60.500
Building 4 5 0.062
3.000 61.000
3.250 61.000
3.250 60.750
3.000 60.750
Building 4 5 0.062
3.000 61.250
3.250 61.250
3.250 61.000
3.000 61.000
Building 4 5 0.062
3.000 61.500
3.250 61.500
3.250 61.250
3.000 61.250
Building 4 5 0.062
3.000 61.750
3.250 61.750
3.250 61.500
3.000 61.500
Building 4 5 0.062
3.000 62.000
3.250 62.000
3.250 61.750
3.000 61.750
Building 4 5 0.062
3.000 62.250
3.250 62.250
3.250 62.000
3.000 62.000
Building 4 5 0.062
3.000 62.500
3.250 62.500
3.250 62.250
3.000 62.250
Building 4 5 0.062
3.000 62.750
3.250 62.750
3.250 62.500
3.000 62.500
Building 4 5 0.062
3.000 63.000
3.250 63.000
3.250 62.750
3.000 62.750
Building 4 5 0.062
3.000 63.250
3.250 63.250
3.250 63.000
3.000 63.000
Building 4 5 0.062
3.000 63.500
3.250 63.500
3.250 63.250
3.000 63.250
Building 4 5 0.062
3.000 63.750
3.250 63.750
3.250 63.500
3.000 63.500
Building 4 5 0.062
3.000 64.000
3.250 64.000
3.250 63.750
3.000 63.750
Building 4 5 0.062
3.000 64.250
3.250 64.250
3.250 64.000
3.000 64.000
Building 4 5 0.062
3.000 64.500
3.250 64.500
3.250 64.250
3.000 64.250
Building 4 5 0.062
3.250 55.500
3.250 55.750
3.500 55.750
3.500 55.500
Building 4 5 0.062
3.250 55.750
3.250 56.000
3.500 56.000
3.500 55.750
Building 4 5 0.062
3.250 56.000
3.250 56.250
3.500 56.250
3.500 56.000
Building 4 5 0.062
3.250 56.250
3.250 56.500
3.500 56.500
3.500 56.250
Building 4 5 0.062
3.250 56.500
3.250 56.750
3.500 56.750
3.500 56.500
Building 4 5 0.062
3.250 56.750
3.250 57.000
3.500 57.000
3.500 56.750
Building 4 5 0.062
3.250 57.000
3.250 57.250
3.500 57.250
3.500 57.000
Building 4 5 0.062
3.250 57.250
3.250 57.500
3.500 57.500
3.500 57.250
Building 4 5 0.062
3.250 57.500
3.250 57.750
3.500 57.750
3.500 57.500
Building 4 5 0.062
3.250 57.750
3.250 58.000
3.500 58.000
3.500 57.750
Building 4 5 0.062
3.250 58.000
3.250 58.250
3.500 58.250
3.500 58.000
Building 4 5 0.062
3.250 58.250
3.250 58.500
3.500 58.500
3.500 58.250
Building 4 5 0.062
3.250 58.500
3.250 58.750
3.500 58.750
3.500 58.500
Building 4 5 0.062
3.250 58.750
3.250 59.000
3.500 59.000
3.500 58.750
Building 4 5 0.062
3.250 59.000
3.250 59.250
3.500 59.250
3.500 59.000
Building 4 5 0.062
3.250 59.250
3.250 59.500
3.500 59.500
3.500 59.250
Building 4 5 0.062
3.250 59.500
3.250 59.750
3.500 59.750
3.500 59.500
Building 4 5 0.062
3.250 59.750
3.250 60.000
3.500 60.000
3.500 59.750
Building 4 5 0.062
3.250 60.000
3.250 60.250
3.500 60.250
3.500 60.000
Building 4 5 0.062
3.250 60.250
3.250 60.500
3.500 60.500
3.500 60.250
Building 4 5 0.062
3.250 60.500
3.250 60.750
3.500 60.750
3.500 60.500
Building 4 5 0.062
3.250 60.750
3.250 61.000
3.500 61.000
3.500 60.750
Building 4 5 0.062
3.250 61.000
3.250 61.250
3.500 61.250
3.500 61.000
Building 4 5 0.062
3.250 61.250
3.250 61.500
3.500 61.500
3.500 61.250
Building 4 5 0.062
3.250 61.500
3.250 61.750
3.500 61.750
3.500 61.500
Building 4 5 0.062
3.250 61.750
3.250 62.000
3.500 62.000
3.500 61.750
Building 4 5 0.062
3.250 62.000
3.250 62.250
3.500 62.250
3.500 62.000
Building 4 5 0.062
3.250 62.250
3.250 62.500
3.500 62.500
3.500 62.250
Building 4 5 0.062
3.250 62.500
3.250 62.750
3.500 62.750
3.500 62.500
Building 4 5 0.062
3.250 62.750
3.250 63.000
3.500 63.000
3.500 62.750
Building 4 5 0.062
3.250 63.000
3.250 63.250
3.500 63.250
3.500 63.000
Building 4 5 0.062
3.250 63.250
3.250 63.500
3.500 63.500
3.500 63.250
Building 4 5 0.062
3.250 63.500
3.250 63.750
3.500 63.750
3.500 63.500
Building 4 5 0.062
3.250 63.750
3.250 64.000
3.500 64.000
3.500 63.750
Building 4 5 0.062
3.250 64.000
3.250 64.250
3.500 64.250
3.500 64.000
Building 4 5 0.062
3.500 64.500
3.500 64.250
3.250 64.250
3.250 64.500
Building 4 5 0.062
3.500 55.500
3.500 55.750
3.750 55.750
3.750 55.500
Building 4 5 0.062
3.500 55.750
3.500 56.000
3.750 56.000
3.750 55.750
Building 4 5 0.062
3.500 56.000
3.500 56.250
3.750 56.250
3.750 56.000
Building 4 5 0.062
3.500 56.250
3.500 56.500
3.750 56.500
3.750 56.250
Building 4 5 0.062
3.500 56.500
3.500 56.750
3.750 56.750
3.750 56.500
Building 4 5 0.062
3.500 56.750
3.500 57.000
3.750 57.000
3.750 56.750
Building 4 5 0.062
3.500 57.000
3.500 57.250
3.750 57.250
3.750 57.000
Building 4 5 0.062
3.500 57.250
3.500 57.500
3.750 57.500
3.750 57.250
Building 4 5 0.062
3.500 57.500
3.500 57.750
3.750 57.750
3.750 57.500
Building 4 5 0.062
3.500 57.750
3.500 58.000
3.750 58.000
3.750 57.750
Building 4 5 0.062
3.500 58.000
3.500 58.250
3.750 58.250
3.750 58.000
Building 4 5 0.062
3.500 58.250
3.500 58.500
3.750 58.500
3.750 58.250
Building 4 5 0.062
3.500 58.500
3.500 58.750
3.750 58.750
3.750 58.500
Building 4 5 0.062
3.500 58.750
3.500 59.000
3.750 59.000
3.750 58.750
Building 4 5 0.062
3.500 59.000
3.500 59.250
3.750 59.250
3.750 59.000
Building 4 5 0.062
3.500 59.250
3.500 59.500
3.750 59.500
3.750 59.250
Building 4 5 0.062
3.500 59.500
3.500 59.750
3.750 59.750
3.750 59.500
Building 4 5 0.062
3.500 59.750
3.500 60.000
3.750 60.000
3.750 59.750
Building 4 5 0.062
3.500 60.000
3.500 60.250
3.750 60.250
3.750 60.000
Building 4 5 0.062
3.500 60.250
3.500 60.500
3.750 60.500
3.750 60.250
Building 4 5 0.062
3.500 60.500
3.500 60.750
3.750 60.750
3.750 60.500
Building 4 5 0.062
3.500 60.750
3.500 61.000
3.750 61.000
3.750 60.750
Building 4 5 0.062
3.500 61.000
3.500 61.250
3.750 61.250
3.750 61.000
Building 4 5 0.062
3.500 61.250
3.500 61.500
3.750 61.500
3.750 61.250
Building 4 5 0.062
3.500 61.500
3.500 61.750
3.750 61.750
3.750 61.500
Building 4 5 0.062
3.500 61.750
3.500 62.000
3.750 62.000
3.750 61.750
Building 4 5 0.062
3.500 62.000
3.500 62.250
3.750 62.250
3.750 62.000
Building 4 5 0.062
3.500 62.250
3.500 62.500
3.750 62.500
3.750 62.250
Building 4 5 0.062
3.500 62.500
3.500 62.750
3.750 62.750
3.750 62.500
Building 4 5 0.062
3.500 62.750
3.500 63.000
3.750 63.000
3.750 62.750
Building 4 5 0.062
3.500 63.000
3.500 63.250
3.750 63.250
3.750 63.000
Building 4 5 0.062
3.500 63.250
3.500 63.500
3.750 63.500
3.750 63.250
Building 4 5 0.062
3.500 63.500
3.500 63.750
3.750 63.750
3.750 63.500
Building 4 5 0.062
3.500 63.750
3.500 64.000
3.750 64.000
3.750 63.750
Building 4 5 0.062
3.500 64.000
3.500 64.250
3.750 64.250
3.750 64.000
Building 4 5 0.062
3.750 64.500
3.750 64.250
3.500 64.250
3.500 64.500
Building 4 5 0.062
3.750 55.500
3.750 55.750
4.000 55.750
4.000 55.500
Building 4 5 0.062
3.750 55.750
3.750 56.000
4.000 56.000
4.000 55.750
Building 4 5 0.062
3.750 56.000
3.750 56.250
4.000 56.250
4.000 56.000
Building 4 5 0.062
3.750 56.250
3.750 56.500
4.000 56.500
4.000 56.250
Building 4 5 0.062
3.750 56.500
3.750 56.750
4.000 56.750
4.000 56.500
Building 4 5 0.062
3.750 56.750
3.750 57.000
4.000 57.000
4.000 56.750
Building 4 5 0.062
3.750 57.000
3.750 57.250
4.000 57.250
4.000 57.000
Building 4 5 0.062
3.750 57.250
3.750 57.500
4.000 57.500
4.000 57.250
Building 4 5 0.062
3.750 57.500
3.750 57.750
4.000 57.750
4.000 57.500
Building 4 5 0.062
3.750 57.750
3.750 58.000
4.000 58.000
4.000 57.750
Building 4 5 0.062
3.750 58.000
3.750 58.250
4.000 58.250
4.000 58.000
Building 4 5 0.062
3.750 58.250
3.750 58.500
4.000 58.500
4.000 58.250
Building 4 5 0.062
3.750 58.500
3.750 58.750
4.000 58.750
4.000 58.500
Building 4 5 0.062
3.750 58.750
3.750 59.000
4.000 59.000
4.000 58.750
Building 4 5 0.062
3.750 59.000
3.750 59.250
4.000 59.250
4.000 59.000
Building 4 5 0.062
3.750 59.250
3.750 59.500
4.000 59.500
4.000 59.250
Building 4 5 0.062
3.750 59.500
3.750 59.750
4.000 59.750
4.000 59.500
Building 4 5 0.062
3.750 59.750
3.750 60.000
4.000 60.000
4.000 59.750
Building 4 5 0.062
3.750 60.000
3.750 60.250
4.000 60.250
4.000 60.000
Building 4 5 0.062
3.750 60.250
3.750 60.500
4.000 60.500
4.000 60.250
Building 4 5 0.062
3.750 60.500
3.750 60.750
4.000 60.750
4.000 60.500
Building 4 5 0.062
3.750 60.750
3.750 61.000
4.000 61.000
4.000 60.750
Building 4 5 0.062
3.750 61.000
3.750 61.250
4.000 61.250
4.000 61.000
Building 4 5 0.062
3.750 61.250
3.750 61.500
4.000 61.500
4.000 61.250
Building 4 5 0.062
3.750 61.500
3.750 61.750
4.000 61.750
4.000 61.500
Building 4 5 0.062
3.750 61.750
3.750 62.000
4.000 62.000
4.000 61.750
Building 4 5 0.062
3.750 62.000
3.750 62.250
4.000 62.250
4.000 62.000
Building 4 5 0.062
3.750 62.250
3.750 62.500
4.000 62.500
4.000 62.250
Building 4 5 0.062
3.750 62.500
3.750 62.750
4.000 62.750
4.000 62.500
Building 4 5 0.062
3.750 62.750
3.750 63.000
4.000 63.000
4.000 62.750
Building 4 5 0.062
3.750 63.000
3.750 63.250
4.000 63.250
4.000 63.000
Building 4 5 0.062
3.750 63.250
3.750 63.500
4.000 63.500
4.000 63.250
Building 4 5 0.062
3.750 63.500
3.750 63.750
4.000 63.750
4.000 63.500
Building 4 5 0.062
3.750 63.750
3.750 64.000
4.000 64.000
4.000 63.750
Building 4 5 0.062
3.750 64.000
3.750 64.250
4.000 64.250
4.000 64.000
Building 4 5 0.062
4.000 64.500
4.000 64.250
3.750 64.250
3.750 64.500
Building 4 5 0.062
4.000 55.500
4.000 55.750
4.250 55.750
4.250 55.500
Building 4 5 0.062
4.000 55.750
4.000 56.000
4.250 56.000
4.250 55.750
Building 4 5 0.062
4.000 56.000
4.000 56.250
4.250 56.250
4.250 56.000
Building 4 5 0.062
4.000 56.250
4.000 56.500
4.250 56.500
4.250 56.250
Building 4 5 0.062
4.000 56.500
4.000 56.750
4.250 56.750
4.250 56.500
Building 4 5 0.062
4.000 56.750
4.000 57.000
4.250 57.000
4.250 56.750
Building 4 5 0.062
4.000 57.000
4.000 57.250
4.250 57.250
4.250 57.000
Building 4 5 0.062
4.000 57.250
4.000 57.500
4.250 57.500
4.250 57.250
Building 4 5 0.062
4.000 57.500
4.000 57.750
4.250 57.750
4.250 57.500
Building 4 5 0.062
4.000 57.750
4.000 58.000
4.250 58.000
4.250 57.750
Building 4 5 0.062
4.000 58.000
4.000 58.250
4.250 58.250
4.250 58.000
Building 4 5 0.062
4.000 58.250
4.000 58.500
4.250 58.500
4.250 58.250
Building 4 5 0.062
4.000 58.500
4.000 58.750
4.250 58.750
4.250 58.500
Building 4 5 0.062
4.000 58.750
4.000 59.000
4.250 59.000
4.250 58.750
Building 4 5 0.062
4.000 59.000
4.000 59.250
4.250 59.250
4.250 59.000
Building 4 5 0.062
4.000 59.250
4.000 59.500
4.250 59.500
4.250 59.250
Building 4 5 0.062
4.000 59.500
4.000 59.750
4.250 59.750
4.250 59.500
Building 4 5 0.062
4.000 59.750
4.000 60.000
4.250 60.000
4.250 59.750
Building 4 5 0.062
4.000 60.000
4.000 60.250
4.250 60.250
4.250 60.000
Building 4 5 0.062
4.000 60.250
4.000 60.500
4.250 60.500
4.250 60.250
Building 4 5 0.062
4.000 60.500
4.000 60.750
4.250 60.750
4.250 60.500
Building 4 5 0.062
4.000 60.750
4.000 61.000
4.250 61.000
4.250 60.750
Building 4 5 0.062
4.000 61.000
4.000 61.250
4.250 61.250
4.250 61.000
Building 4 5 0.062
4.000 61.250
4.000 61.500
4.250 61.500
4.250 61.250
Building 4 5 0.062
4.000 61.500
4.000 61.750
4.250 61.750
4.250 61.500
Building 4 5 0.062
4.000 61.750
4.000 62.000
4.250 62.000
4.250 61.750
Building 4 5 0.062
4.000 62.000
4.000 62.250
4.250 62.250
4.250 62.000
Building 4 5 0.062
4.000 62.250
4.000 62.500
4.250 62.500
4.250 62.250
Building 4 5 0.062
4.000 62.500
4.000 62.750
4.250 62.750
4.250 62.500
Building 4 5 0.062
4.000 62.750
4.000 63.000
4.250 63.000
4.250 62.750
Building 4 5 0.062
4.000 63.000
4.000 63.250
4.250 63.250
4.250 63.000
Building 4 5 0.062
4.000 63.250
4.000 63.500
4.250 63.500
4.250 63.250
Building 4 5 0.062
4.000 63.500
4.000 63.750
4.250 63.750
4.250 63.500
Building 4 5 0.062
4.000 63.750
4.000 64.000
4.250 64.000
4.250 63.750
Building 4 5 0.062
4.000 64.000
4.000 64.250
4.250 64.250
4.250 64.000
Building 4 5 0.062
4.250 64.500
4.250 64.250
4.000 64.250
4.000 64.500
Building 4 5 0.062
4.250 55.500
4.250 55.750
4.500 55.750
4.500 55.500
Building 4 5 0.062
4.250 55.750
4.250 56.000
4.500 56.000
4.500 55.750
Building 4 5 0.062
4.250 56.000
4.250 56.250
4.500 56.250
4.500 56.000
Building 4 5 0.062
4.250 56.250
4.250 56.500
4.500 56.500
4.500 56.250
Building 4 5 0.062
4.250 56.500
4.250 56.750
4.500 56.750
4.500 56.500
Building 4 5 0.062
4.250 56.750
4.250 57.000
4.500 57.000
4.500 56.750
Building 4 5 0.062
4.250 57.000
4.250 57.250
4.500 57.250
4.500 57.000
Building 4 5 0.062
4.250 57.250
4.250 57.500
4.500 57.500
4.500 57.250
Building 4 5 0.062
4.250 57.500
4.250 57.750
4.500 57.750
4.500 57.500
Building 4 5 0.062
4.250 57.750
4.250 58.000
4.500 58.000
4.500 57.750
Building 4 5 0.062
4.250 58.000
4.250 58.250
4.500 58.250
4.500 58.000
Building 4 5 0.062
4.250 58.250
4.250 58.500
4.500 58.500
4.500 58.250
Building 4 5 0.062
4.250 58.500
4.250 58.750
4.500 58.750
4.500 58.500
Building 4 5 0.062
4.250 58.750
4.250 59.000
4.500 59.000
4.500 58.750
Building 4 5 0.062
4.250 59.000
4.250 59.250
4.500 59.250
4.500 59.000
Building 4 5 0.062
4.250 59.250
4.250 59.500
4.500 59.500
4.500 59.250
Building 4 5 0.062
4.250 59.500
4.250 59.750
4.500 59.750
4.500 59.500
Building 4 5 0.062
4.250 59.750
4.250 60.000
4.500 60.000
4.500 59.750
Building 4 5 0.062
4.250 60.000
4.250 60.250
4.500 60.250
4.500 60.000
Building 4 5 0.062
4.250 60.250
4.250 60.500
4.500 60.500
4.500 60.250
Building 4 5 0.062
4.250 60.500
4.250 60.750
4.500 60.750
4.500 60.500
Building 4 5 0.062
4.250 60.750
4.250 61.000
4.500 61.000
4.500 60.750
Building 4 5 0.062
4.250 61.000
4.250 61.250
4.500 61.250
4.500 61.000
Building 4 5 0.062
4.250 61.250
4.250 61.500
4.500 61.500
4.500 61.250
Building 4 5 0.062
4.250 61.500
4.250 61.750
4.500 61.750
4.500 61.500
Building 4 5 0.062
4.250 61.750
4.250 62.000
4.500 62.000
4.500 61.750
Building 4 5 0.062
4.250 62.000
4.250 62.250
4.500 62.250
4.500 62.000
Building 4 5 0.062
4.250 62.250
4.250 62.500
4.500 62.500
4.500 62.250
Building 4 5 0.062
4.250 62.500
4.250 62.750
4.500 62.750
4.500 62.500
Building 4 5 0.062
4.250 62.750
4.250 63.000
4.500 63.000
4.500 62.750
Building 4 5 0.062
4.250 63.000
4.250 63.250
4.500 63.250
4.500 63.000
Building 4 5 0.062
4.250 63.250
4.250 63.500
4.500 63.500
4.500 63.250
Building 4 5 0.062
4.250 63.500
4.250 63.750
4.500 63.750
4.500 63.500
Building 4 5 0.062
4.250 63.750
4.250 64.000
4.500 64.000
4.500 63.750
Building 4 5 0.062
4.250 64.000
4.250 64.250
4.500 64.250
4.500 64.000
Building 4 5 0.062
4.500 64.500
4.500 64.250
4.250 64.250
4.250 64.500
Building 4 5 0.062
4.500 55.500
4.500 55.750
4.750 55.750
4.750 55.500
Building 4 5 0.062
4.500 55.750
4.500 56.000
4.750 56.000
4.750 55.750
Building 4 5 0.062
4.500 56.000
4.500 56.250
4.750 56.250
4.750 56.000
Building 4 5 0.062
4.500 56.250
4.500 56.500
4.750 56.500
4.750 56.250
Building 4 5 0.062
4.500 56.500
4.500 56.750
4.750 56.750
4.750 56.500
Building 4 5 0.062
4.500 56.750
4.500 57.000
4.750 57.000
4.750 56.750
Building 4 5 0.062
4.500 57.000
4.500 57.250
4.750 57.250
4.750 57.000
Building 4 5 0.062
4.500 57.250
4.500 57.500
4.750 57.500
4.750 57.250
Building 4 5 0.062
4.500 57.500
4.500 57.750
4.750 57.750
4.750 57.500
Building 4 5 0.062
4.500 57.750
4.500 58.000
4.750 58.000
4.750 57.750
Building 4 5 0.062
4.500 58.000
4.500 58.250
4.750 58.250
4.750 58.000
Building 4 5 0.062
4.500 58.250
4.500 58.500
4.750 58.500
4.750 58.250
Building 4 5 0.062
4.500 58.500
4.500 58.750
4.750 58.750
4.750 58.500
Building 4 5 0.062
4.500 58.750
4.500 59.000
4.750 59.000
4.750 58.750
Building 4 5 0.062
4.500 59.000
4.500 59.250
4.750 59.250
4.750 59.000
Building 4 5 0.062
4.500 59.250
4.500 59.500
4.750 59.500
4.750 59.250
Building 4 5 0.062
4.500 59.500
4.500 59.750
4.750 59.750
4.750 59.500
Building 4 5 0.062
4.500 59.750
4.500 60.000
4.750 60.000
4.750 59.750
Building 4 5 0.062
4.500 60.000
4.500 60.250
4.750 60.250
4.750 60.000
Building 4 5 0.062
4.500 60.250
4.500 60.500
4.750 60.500
4.750 60.250
Building 4 5 0.062
4.500 60.500
4.500 60.750
4.750 60.750
4.750 60.500
Building 4 5 0.062
4.500 60.750
4.500 61.000
4.750 61.000
4.750 60.750
Building 4 5 0.062
4.500 61.000
4.500 61.250
4.750 61.250
4.750 61.000
Building 4 5 0.062
4.500 61.250
4.500 61.500
4.750 61.500
4.750 61.250
Building 4 5 0.062
4.500 61.500
4.500 61.750
4.750 61.750
4.750 61.500
Building 4 5 0.062
4.500 61.750
4.500 62.000
4.750 62.000
4.750 61.750
Building 4 5 0.062
4.500 62.000
4.500 62.250
4.750 62.250
4.750 62.000
Building 4 5 0.062
4.500 62.250
4.500 62.500
4.750 62.500
4.750 62.250
Building 4 5 0.062
4.500 62.500
4.500 62.750
4.750 62.750
4.750 62.500
Building 4 5 0.062
4.500 62.750
4.500 63.000
4.750 63.000
4.750 62.750
Building 4 5 0.062
4.500 63.000
4.500 63.250
4.750 63.250
4.750 63.000
Building 4 5 0.062
4.500 63.250
4.500 63.500
4.750 63.500
4.750 63.250
Building 4 5 0.062
4.500 63.500
4.500 63.750
4.750 63.750
4.750 63.500
Building 4 5 0.062
4.500 63.750
4.500 64.000
4.750 64.000
4.750 63.750
Building 4 5 0.062
4.500 64.000
4.500 64.250
4.750 64.250
4.750 64.000
Building 4 5 0.062
4.750 64.500
4.750 64.250
4.500 64.250
4.500 64.500
Building 4 5 0.062
4.750 55.500
4.750 55.750
5.000 55.750
5.000 55.500
Building 4 5 0.062
4.750 55.750
4.750 56.000
5.000 56.000
5.000 55.750
Building 4 5 0.062
4.750 56.000
4.750 56.250
5.000 56.250
5.000 56.000
Building 4 5 0.062
4.750 56.250
4.750 56.500
5.000 56.500
5.000 56.250
Building 4 5 0.062
4.750 56.500
4.750 56.750
5.000 56.750
5.000 56.500
Building 4 5 0.062
4.750 56.750
4.750 57.000
5.000 57.000
5.000 56.750
Building 4 5 0.062
4.750 57.000
4.750 57.250
5.000 57.250
5.000 57.000
Building 4 5 0.062
5.000 57.250
4.750 57.250
4.750 57.500
5.000 57.500
Building 4 5 0.062
5.000 57.500
4.750 57.500
4.750 57.750
5.000 57.750
Building 4 5 0.062
5.000 57.750
4.750 57.750
4.750 58.000
5.000 58.000
Building 4 5 0.062
5.000 58.000
4.750 58.000
4.750 58.250
5.000 58.250
Building 4 5 0.062
5.000 58.250
4.750 58.250
4.750 58.500
5.000 58.500
Building 4 5 0.062
5.000 58.500
4.750 58.500
4.750 58.750
5.000 58.750
Building 4 5 0.062
5.000 58.750
4.750 58.750
4.750 59.000
5.000 59.000
Building 4 5 0.062
5.000 59.000
4.750 59.000
4.750 59.250
5.000 59.250
Building 4 5 0.062
5.000 59.250
4.750 59.250
4.750 59.500
5.000 59.500
Building 4 5 0.062
5.000 59.500
4.750 59.500
4.750 59.750
5.000 59.750
Building 4 5 0.062
5.000 59.750
4.750 59.750
4.750 60.000
5.000 60.000
Building 4 5 0.062
5.000 60.000
4.750 60.000
4.750 60.250
5.000 60.250
Building 4 5 0.062
5.000 60.250
4.750 60.250
4.750 60.500
5.000 60.500
Building 4 5 0.062
5.000 60.500
4.750 60.500
4.750 60.750
5.000 60.750
Building 4 5 0.062
5.000 60.750
4.750 60.750
4.750 61.000
5.000 61.000
Building 4 5 0.062
5.000 61.000
4.750 61.000
4.750 61.250
5.000 61.250
Building 4 5 0.062
5.000 61.250
4.750 61.250
4.750 61.500
5.000 61.500
Building 4 5 0.062
5.000 61.500
4.750 61.500
4.750 61.750
5.000 61.750
Building 4 5 0.062
5.000 61.750
4.750 61.750
4.750 62.000
5.000 62.000
Building 4 5 0.062
5.000 62.000
4.750 62.000
4.750 62.250
5.000 62.250
Building 4 5 0.062
5.000 62.250
4.750 62.250
4.750 62.500
5.000 62.500
Building 4 5 0.062
4.750 62.500
4.750 62.750
5.000 62.750
5.000 62.500
Building 4 5 0.062
4.750 62.750
4.750 63.000
5.000 63.000
5.000 62.750
Building 4 5 0.062
4.750 63.000
4.750 63.250
5.000 63.250
5.000 63.000
Building 4 5 0.062
4.750 63.250
4.750 63.500
5.000 63.500
5.000 63.250
Building 4 5 0.062
4.750 63.500
4.750 63.750
5.000 63.750
5.000 63.500
Building 4 5 0.062
4.750 63.750
4.750 64.000
5.000 64.000
5.000 63.750
Building 4 5 0.062
4.750 64.000
4.750 64.250
5.000 64.250
5.000 64.000
Building 4 5 0.062
5.000 64.500
5.000 64.250
4.750 64.250
4.750 64.500
Building 4 5 0.062
5.000 55.500
5.000 55.750
5.250 55.750
5.250 55.500
Building 4 5 0.062
5.000 55.750
5.000 56.000
5.250 56.000
5.250 55.750
Building 4 5 0.062
5.000 56.000
5.000 56.250
5.250 56.250
5.250 56.000
Building 4 5 0.062
5.000 56.250
5.000 56.500
5.250 56.500
5.250 56.250
Building 4 5 0.062
5.000 56.500
5.000 56.750
5.250 56.750
5.250 56.500
Building 4 5 0.062
5.000 56.750
5.000 57.000
5.250 57.000
5.250 56.750
Building 4 5 0.062
5.000 57.000
5.000 57.250
5.250 57.250
5.250 57.000
Building 4 5 0.062
5.250 57.500
5.250 57.250
5.000 57.250
5.000 57.500
Building 4 5 0.062
5.000 62.500
5.000 62.750
5.250 62.750
5.250 62.500
Building 4 5 0.062
5.000 62.750
5.000 63.000
5.250 63.000
5.250 62.750
Building 4 5 0.062
5.000 63.000
5.000 63.250
5.250 63.250
5.250 63.000
Building 4 5 0.062
5.000 63.250
5.000 63.500
5.250 63.500
5.250 63.250
Building 4 5 0.062
5.000 63.500
5.000 63.750
5.250 63.750
5.250 63.500
Building 4 5 0.062
5.000 63.750
5.000 64.000
5.250 64.000
5.250 63.750
Building 4 5 0.062
5.000 64.000
5.000 64.250
5.250 64.250
5.250 64.000
Building 4 5 0.062
5.250 64.500
5.250 64.250
5.000 64.250
5.000 64.500
Building 4 5 0.062
5.250 55.500
5.250 55.750
5.500 55.750
5.500 55.500
Building 4 5 0.062
5.250 55.750
5.250 56.000
5.500 56.000
5.500 55.750
Building 4 5 0.062
5.250 56.000
5.250 56.250
5.500 56.250
5.500 56.000
Building 4 5 0.062
5.250 56.250
5.250 56.500
5.500 56.500
5.500 56.250
Building 4 5 0.062
5.250 56.500
5.250 56.750
5.500 56.750
5.500 56.500
Building 4 5 0.062
5.250 56.750
5.250 57.000
5.500 57.000
5.500 56.750
Building 4 5 0.062
5.250 57.000
5.250 57.250
5.500 57.250
5.500 57.000
Building 4 5 0.062
5.500 57.500
5.500 57.250
5.250 57.250
5.250 57.500
Building 4 5 0.062
5.250 62.500
5.250 62.750
5.500 62.750
5.500 62.500
Building 4 5 0.062
5.250 62.750
5.250 63.000
5.500 63.000
5.500 62.750
Building 4 5 0.062
5.250 63.000
5.250 63.250
5.500 63.250
5.500 63.000
Building 4 5 0.062
5.250 63.250
5.250 63.500
5.500 63.500
5.500 63.250
Building 4 5 0.062
5.250 63.500
5.250 63.750
5.500 63.750
5.500 63.500
Building 4 5 0.062
5.250 63.750
5.250 64.000
5.500 64.000
5.500 63.750
Building 4 5 0.062
5.250 64.000
5.250 64.250
5.500 64.250
5.500 64.000
Building 4 5 0.062
5.500 64.500
5.500 64.250
5.250 64.250
5.250 64.500
Building 4 5 0.062
5.500 55.500
5.500 55.750
5.750 55.750
5.750 55.500
Building 4 5 0.062
5.500 55.750
5.500 56.000
5.750 56.000
5.750 55.750
Building 4 5 0.062
5.500 56.000
5.500 56.250
5.750 56.250
5.750 56.000
Building 4 5 0.062
5.500 56.250
5.500 56.500
5.750 56.500
5.750 56.250
Building 4 5 0.062
5.500 56.500
5.500 56.750
5.750 56.750
5.750 56.500
Building 4 5 0.062
5.500 56.750
5.500 57.000
5.750 57.000
5.750 56.750
Building 4 5 0.062
5.500 57.000
5.500 57.250
5.750 57.250
5.750 57.000
Building 4 5 0.062
5.750 57.500
5.750 57.250
5.500 57.250
5.500 57.500
Building 4 5 0.062
5.500 62.500
5.500 62.750
5.750 62.750
5.750 62.500
Building 4 5 0.062
5.500 62.750
5.500 63.000
5.750 63.000
5.750 62.750
Building 4 5 0.062
5.500 63.000
5.500 63.250
5.750 63.250
5.750 63.000
Building 4 5 0.062
5.500 63.250
5.500 63.500
5.750 63.500
5.750 63.250
Building 4 5 0.062
5.500 63.500
5.500 63.750
5.750 63.750
5.750 63.500
Building 4 5 0.062
5.500 63.750
5.500 64.000
5.750 64.000
5.750 63.750
Building 4 5 0.062
5.500 64.000
5.500 64.250
5.750 64.250
5.750 64.000
Building 4 5 0.062
5.750 64.500
5.750 64.250
5.500 64.250
5.500 64.500
Building 4 5 0.062
5.750 55.500
5.750 55.750
6.000 55.750
6.000 55.500
Building 4 5 0.062
5.750 55.750
5.750 56.000
6.000 56.000
6.000 55.750
Building 4 5 0.062
5.750 56.000
5.750 56.250
6.000 56.250
6.000 56.000
Building 4 5 0.062
5.750 56.250
5.750 56.500
6.000 56.500
6.000 56.250
Building 4 5 0.062
5.750 56.500
5.750 56.750
6.000 56.750
6.000 56.500
Building 4 5 0.062
5.750 56.750
5.750 57.000
6.000 57.000
6.000 56.750
Building 4 5 0.062
5.750 57.000
5.750 57.250
6.000 57.250
6.000 57.000
Building 4 5 0.062
6.000 57.500
6.000 57.250
5.750 57.250
5.750 57.500
Building 4 5 0.062
5.750 62.500
5.750 62.750
6.000 62.750
6.000 62.500
Building 4 5 0.062
5.750 62.750
5.750 63.000
6.000 63.000
6.000 62.750
Building 4 5 0.062
5.750 63.000
5.750 63.250
6.000 63.250
6.000 63.000
Building 4 5 0.062
5.750 63.250
5.750 63.500
6.000 63.500
6.000 63.250
Building 4 5 0.062
5.750 63.500
5.750 63.750
6.000 63.750
6.000 63.500
Building 4 5 0.062
5.750 63.750
5.750 64.000
6.000 64.000
6.000 63.750
Building 4 5 0.062
5.750 64.000
5.750 64.250
6.000 64.250
6.000 64.000
Building 4 5 0.062
6.000 64.500
6.000 64.250
5.750 64.250
5.750 64.500
Building 4 5 0.062
6.000 55.500
6.000 55.750
6.250 55.750
6.250 55.500
Building 4 5 0.062
6.000 55.750
6.000 56.000
6.250 56.000
6.250 55.750
Building 4 5 0.062
6.000 56.000
6.000 56.250
6.250 56.250
6.250 56.000
Building 4 5 0.062
6.000 56.250
6.000 56.500
6.250 56.500
6.250 56.250
Building 4 5 0.062
6.000 56.500
6.000 56.750
6.250 56.750
6.250 56.500
Building 4 5 0.062
6.000 56.750
6.000 57.000
6.250 57.000
6.250 56.750
Building 4 5 0.062
6.000 57.000
6.000 57.250
6.250 57.250
6.250 57.000
Building 4 5 0.062
6.250 57.500
6.250 57.250
6.000 57.250
6.000 57.500
Building 4 5 0.062
6.000 62.500
6.000 62.750
6.250 62.750
6.250 62.500
Building 4 5 0.062
6.000 62.750
6.000 63.000
6.250 63.000
6.250 62.750
Building 4 5 0.062
6.000 63.000
6.000 63.250
6.250 63.250
6.250 63.000
Building 4 5 0.062
6.000 63.250
6.000 63.500
6.250 63.500
6.250 63.250
Building 4 5 0.062
6.000 63.500
6.000 63.750
6.250 63.750
6.250 63.500
Building 4 5 0.062
6.000 63.750
6.000 64.000
6.250 64.000
6.250 63.750
Building 4 5 0.062
6.000 64.000
6.000 64.250
6.250 64.250
6.250 64.000
Building 4 5 0.062
6.250 64.500
6.250 64.250
6.000 64.250
6.000 64.500
Building 4 5 0.062
6.250 55.500
6.250 55.750
6.500 55.750
6.500 55.500
Building 4 5 0.062
6.250 55.750
6.250 56.000
6.500 56.000
6.500 55.750
Building 4 5 0.062
6.250 56.000
6.250 56.250
6.500 56.250
6.500 56.000
Building 4 5 0.062
6.250 56.250
6.250 56.500
6.500 56.500
6.500 56.250
Building 4 5 0.062
6.250 56.500
6.250 56.750
6.500 56.750
6.500 56.500
Building 4 5 0.062
6.250 56.750
6.250 57.000
6.500 57.000
6.500 56.750
Building 4 5 0.062
6.250 57.000
6.250 57.250
6.500 57.250
6.500 57.000
Building 4 5 0.062
6.500 57.500
6.500 57.250
6.250 57.250
6.250 57.500
Building 4 5 0.062
6.250 62.500
6.250 62.750
6.500 62.750
6.500 62.500
Building 4 5 0.062
6.250 62.750
6.250 63.000
6.500 63.000
6.500 62.750
Building 4 5 0.062
6.250 63.000
6.250 63.250
6.500 63.250
6.500 63.000
Building 4 5 0.062
6.250 63.250
6.250 63.500
6.500 63.500
6.500 63.250
Building 4 5 0.062
6.250 63.500
6.250 63.750
6.500 63.750
6.500 63.500
Building 4 5 0.062
6.250 63.750
6.250 64.000
6.500 64.000
6.500 63.750
Building 4 5 0.062
6.250 64.000
6.250 64.250
6.500 64.250
6.500 64.000
Building 4 5 0.062
6.500 64.500
6.500 64.250
6.250 64.250
6.250 64.500
Building 4 5 0.062
6.500 55.500
6.500 55.750
6.750 55.750
6.750 55.500
Building 4 5 0.062
6.500 55.750
6.500 56.000
6.750 56.000
6.750 55.750
Building 4 5 0.062
6.500 56.000
6.500 56.250
6.750 56.250
6.750 56.000
Building 4 5 0.062
6.500 56.250
6.500 56.500
6.750 56.500
6.750 56.250
Building 4 5 0.062
6.500 56.500
6.500 56.750
6.750 56.750
6.750 56.500
Building 4 5 0.062
6.500 56.750
6.500 57.000
6.750 57.000
6.750 56.750
Building 4 5 0.062
6.500 57.000
6.500 57.250
6.750 57.250
6.750 57.000
Building 4 5 0.062
6.750 57.500
6.750 57.250
6.500 57.250
6.500 57.500
Building 4 5 0.062
6.500 62.500
6.500 62.750
6.750 62.750
6.750 62.500
Building 4 5 0.062
6.500 62.750
6.500 63.000
6.750 63.000
6.750 62.750
Building 4 5 0.062
6.500 63.000
6.500 63.250
6.750 63.250
6.750 63.000
Building 4 5 0.062
6.500 63.250
6.500 63.500
6.750 63.500
6.750 63.250
Building 4 5 0.062
6.500 63.500
6.500 63.750
6.750 63.750
6.750 63.500
Building 4 5 0.062
6.500 63.750
6.500 64.000
6.750 64.000
6.750 63.750
Building 4 5 0.062
6.500 64.000
6.500 64.250
6.750 64.250
6.750 64.000
Building 4 5 0.062
6.750 64.500
6.750 64.250
6.500 64.250
6.500 64.500
Building 4 5 0.062
6.750 55.500
6.750 55.750
7.000 55.750
7.000 55.500
Building 4 5 0.062
6.750 55.750
6.750 56.000
7.000 56.000
7.000 55.750
Building 4 5 0.062
6.750 56.000
6.750 56.250
7.000 56.250
7.000 56.000
Building 4 5 0.062
6.750 56.250
6.750 56.500
7.000 56.500
7.000 56.250
Building 4 5 0.062
6.750 56.500
6.750 56.750
7.000 56.750
7.000 56.500
Building 4 5 0.062
6.750 56.750
6.750 57.000
7.000 57.000
7.000 56.750
Building 4 5 0.062
6.750 57.000
6.750 57.250
7.000 57.250
7.000 57.000
Building 4 5 0.062
7.000 57.500
7.000 57.250
6.750 57.250
6.750 57.500
Building 4 5 0.062
6.750 62.500
6.750 62.750
7.000 62.750
7.000 62.500
Building 4 5 0.062
6.750 62.750
6.750 63.000
7.000 63.000
7.000 62.750
Building 4 5 0.062
6.750 63.000
6.750 63.250
7.000 63.250
7.000 63.000
Building 4 5 0.062
6.750 63.250
6.750 63.500
7.000 63.500
7.000 63.250
Building 4 5 0.062
6.750 63.500
6.750 63.750
7.000 63.750
7.000 63.500
Building 4 5 0.062
6.750 63.750
6.750 64.000
7.000 64.000
7.000 63.750
Building 4 5 0.062
6.750 64.000
6.750 64.250
7.000 64.250
7.000 64.000
Building 4 5 0.062
7.000 64.500
7.000 64.250
6.750 64.250
6.750 64.500
Building 4 5 0.062
7.000 55.500
7.000 55.750
7.250 55.750
7.250 55.500
Building 4 5 0.062
7.000 55.750
7.000 56.000
7.250 56.000
7.250 55.750
Building 4 5 0.062
7.000 56.000
7.000 56.250
7.250 56.250
7.250 56.000
Building 4 5 0.062
7.000 56.250
7.000 56.500
7.250 56.500
7.250 56.250
Building 4 5 0.062
7.000 56.500
7.000 56.750
7.250 56.750
7.250 56.500
Building 4 5 0.062
7.000 56.750
7.000 57.000
7.250 57.000
7.250 56.750
Building 4 5 0.062
7.000 57.000
7.000 57.250
7.250 57.250
7.250 57.000
Building 4 5 0.062
7.250 57.500
7.250 57.250
7.000 57.250
7.000 57.500
Building 4 5 0.062
7.000 62.500
7.000 62.750
7.250 62.750
7.250 62.500
Building 4 5 0.062
7.000 62.750
7.000 63.000
7.250 63.000
7.250 62.750
Building 4 5 0.062
7.000 63.000
7.000 63.250
7.250 63.250
7.250 63.000
Building 4 5 0.062
7.000 63.250
7.000 63.500
7.250 63.500
7.250 63.250
Building 4 5 0.062
7.000 63.500
7.000 63.750
7.250 63.750
7.250 63.500
Building 4 5 0.062
7.000 63.750
7.000 64.000
7.250 64.000
7.250 63.750
Building 4 5 0.062
7.000 64.000
7.000 64.250
7.250 64.250
7.250 64.000
Building 4 5 0.062
7.250 64.500
7.250 64.250
7.000 64.250
7.000 64.500
Building 4 5 0.062
7.250 55.500
7.250 55.750
7.500 55.750
7.500 55.500
Building 4 5 0.062
7.250 55.750
7.250 56.000
7.500 56.000
7.500 55.750
Building 4 5 0.062
7.250 56.000
7.250 56.250
7.500 56.250
7.500 56.000
Building 4 5 0.062
7.250 56.250
7.250 56.500
7.500 56.500
7.500 56.250
Building 4 5 0.062
7.250 56.500
7.250 56.750
7.500 56.750
7.500 56.500
Building 4 5 0.062
7.250 56.750
7.250 57.000
7.500 57.000
7.500 56.750
Building 4 5 0.062
7.250 57.000
7.250 57.250
7.500 57.250
7.500 57.000
Building 4 5 0.062
7.500 57.500
7.500 57.250
7.250 57.250
7.250 57.500
Building 4 5 0.062
7.250 62.500
7.250 62.750
7.500 62.750
7.500 62.500
Building 4 5 0.062
7.250 62.750
7.250 63.000
7.500 63.000
7.500 62.750
Building 4 5 0.062
7.250 63.000
7.250 63.250
7.500 63.250
7.500 63.000
Building 4 5 0.062
7.250 63.250
7.250 63.500
7.500 63.500
7.500 63.250
Building 4 5 0.062
7.250 63.500
7.250 63.750
7.500 63.750
7.500 63.500
Building 4 5 0.062
7.250 63.750
7.250 64.000
7.500 64.000
7.500 63.750
Building 4 5 0.062
7.250 64.000
7.250 64.250
7.500 64.250
7.500 64.000
Building 4 5 0.062
7.500 64.500
7.500 64.250
7.250 64.250
7.250 64.500
Building 4 5 0.062
7.500 55.500
7.500 55.750
7.750 55.750
7.750 55.500
Building 4 5 0.062
7.500 55.750
7.500 56.000
7.750 56.000
7.750 55.750
Building 4 5 0.062
7.500 56.000
7.500 56.250
7.750 56.250
7.750 56.000
Building 4 5 0.062
7.500 56.250
7.500 56.500
7.750 56.500
7.750 56.250
Building 4 5 0.062
7.500 56.500
7.500 56.750
7.750 56.750
7.750 56.500
Building 4 5 0.062
7.500 56.750
7.500 57.000
7.750 57.000
7.750 56.750
Building 4 5 0.062
7.500 57.000
7.500 57.250
7.750 57.250
7.750 57.000
Building 4 5 0.062
7.750 57.500
7.750 57.250
7.500 57.250
7.500 57.500
Building 4 5 0.062
7.500 62.500
7.500 62.750
7.750 62.750
7.750 62.500
Building 4 5 0.062
7.500 62.750
7.500 63.000
7.750 63.000
7.750 62.750
Building 4 5 0.062
7.500 63.000
7.500 63.250
7.750 63.250
7.750 63.000
Building 4 5 0.062
7.500 63.250
7.500 63.500
7.750 63.500
7.750 63.250
Building 4 5 0.062
7.500 63.500
7.500 63.750
7.750 63.750
7.750 63.500
Building 4 5 0.062
7.500 63.750
7.500 64.000
7.750 64.000
7.750 63.750
Building 4 5 0.062
7.500 64.000
7.500 64.250
7.750 64.250
7.750 64.000
Building 4 5 0.062
7.750 64.500
7.750 64.250
7.500 64.250
7.500 64.500
Building 4 5 0.062
7.750 55.500
7.750 55.750
8.000 55.750
8.000 55.500
Building 4 5 0.062
7.750 55.750
7.750 56.000
8.000 56.000
8.000 55.750
Building 4 5 0.062
7.750 56.000
7.750 56.250
8.000 56.250
8.000 56.000
Building 4 5 0.062
7.750 56.250
7.750 56.500
8.000 56.500
8.000 56.250
Building 4 5 0.062
7.750 56.500
7.750 56.750
8.000 56.750
8.000 56.500
Building 4 5 0.062
7.750 56.750
7.750 57.000
8.000 57.000
8.000 56.750
Building 4 5 0.062
7.750 57.000
7.750 57.250
8.000 57.250
8.000 57.000
Building 4 5 0.062
8.000 57.500
8.000 57.250
7.750 57.250
7.750 57.500
Building 4 5 0.062
7.750 62.500
7.750 62.750
8.000 62.750
8.000 62.500
Building 4 5 0.062
7.750 62.750
7.750 63.000
8.000 63.000
8.000 62.750
Building 4 5 0.062
7.750 63.000
7.750 63.250
8.000 63.250
8.000 63.000
Building 4 5 0.062
7.750 63.250
7.750 63.500
8.000 63.500
8.000 63.250
Building 4 5 0.062
7.750 63.500
7.750 63.750
8.000 63.750
8.000 63.500
Building 4 5 0.062
7.750 63.750
7.750 64.000
8.000 64.000
8.000 63.750
Building 4 5 0.062
7.750 64.000
7.750 64.250
8.000 64.250
8.000 64.000
Building 4 5 0.062
8.000 64.500
8.000 64.250
7.750 64.250
7.750 64.500
Building 4 5 0.062
8.000 55.500
8.000 55.750
8.250 55.750
8.250 55.500
Building 4 5 0.062
8.000 55.750
8.000 56.000
8.250 56.000
8.250 55.750
Building 4 5 0.062
8.000 56.000
8.000 56.250
8.250 56.250
8.250 56.000
Building 4 5 0.062
8.000 56.250
8.000 56.500
8.250 56.500
8.250 56.250
Building 4 5 0.062
8.000 56.500
8.000 56.750
8.250 56.750
8.250 56.500
Building 4 5 0.062
8.000 56.750
8.000 57.000
8.250 57.000
8.250 56.750
Building 4 5 0.062
8.000 57.000
8.000 57.250
8.250 57.250
8.250 57.000
Building 4 5 0.062
8.250 57.500
8.250 57.250
8.000 57.250
8.000 57.500
Building 4 5 0.062
8.000 62.500
8.000 62.750
8.250 62.750
8.250 62.500
Building 4 5 0.062
8.000 62.750
8.000 63.000
8.250 63.000
8.250 62.750
Building 4 5 0.062
8.000 63.000
8.000 63.250
8.250 63.250
8.250 63.000
Building 4 5 0.062
8.000 63.250
8.000 63.500
8.250 63.500
8.250 63.250
Building 4 5 0.062
8.000 63.500
8.000 63.750
8.250 63.750
8.250 63.500
Building 4 5 0.062
8.000 63.750
8.000 64.000
8.250 64.000
8.250 63.750
Building 4 5 0.062
8.000 64.000
8.000 64.250
8.250 64.250
8.250 64.000
Building 4 5 0.062
8.250 64.500
8.250 64.250
8.000 64.250
8.000 64.500
Building 4 5 0.062
8.250 55.500
8.250 55.750
8.500 55.750
8.500 55.500
Building 4 5 0.062
8.250 55.750
8.250 56.000
8.500 56.000
8.500 55.750
Building 4 5 0.062
8.250 56.000
8.250 56.250
8.500 56.250
8.500 56.000
Building 4 5 0.062
8.250 56.250
8.250 56.500
8.500 56.500
8.500 56.250
Building 4 5 0.062
8.250 56.500
8.250 56.750
8.500 56.750
8.500 56.500
Building 4 5 0.062
8.250 56.750
8.250 57.000
8.500 57.000
8.500 56.750
Building 4 5 0.062
8.250 57.000
8.250 57.250
8.500 57.250
8.500 57.000
Building 4 5 0.062
8.500 57.500
8.500 57.250
8.250 57.250
8.250 57.500
Building 4 5 0.062
8.250 62.500
8.250 62.750
8.500 62.750
8.500 62.500
Building 4 5 0.062
8.250 62.750
8.250 63.000
8.500 63.000
8.500 62.750
Building 4 5 0.062
8.250 63.000
8.250 63.250
8.500 63.250
8.500 63.000
Building 4 5 0.062
8.250 63.250
8.250 63.500
8.500 63.500
8.500 63.250
Building 4 5 0.062
8.250 63.500
8.250 63.750
8.500 63.750
8.500 63.500
Building 4 5 0.062
8.250 63.750
8.250 64.000
8.500 64.000
8.500 63.750
Building 4 5 0.062
8.250 64.000
8.250 64.250
8.500 64.250
8.500 64.000
Building 4 5 0.062
8.500 64.500
8.500 64.250
8.250 64.250
8.250 64.500
Building 4 5 0.062
8.500 55.500
8.500 55.750
8.750 55.750
8.750 55.500
Building 4 5 0.062
8.500 55.750
8.500 56.000
8.750 56.000
8.750 55.750
Building 4 5 0.062
8.500 56.000
8.500 56.250
8.750 56.250
8.750 56.000
Building 4 5 0.062
8.500 56.250
8.500 56.500
8.750 56.500
8.750 56.250
Building 4 5 0.062
8.500 56.500
8.500 56.750
8.750 56.750
8.750 56.500
Building 4 5 0.062
8.500 56.750
8.500 57.000
8.750 57.000
8.750 56.750
Building 4 5 0.062
8.500 57.000
8.500 57.250
8.750 57.250
8.750 57.000
Building 4 5 0.062
8.750 57.500
8.750 57.250
8.500 57.250
8.500 57.500
Building 4 5 0.062
8.500 62.500
8.500 62.750
8.750 62.750
8.750 62.500
Building 4 5 0.062
8.500 62.750
8.500 63.000
8.750 63.000
8.750 62.750
Building 4 5 0.062
8.500 63.000
8.500 63.250
8.750 63.250
8.750 63.000
Building 4 5 0.062
8.500 63.250
8.500 63.500
8.750 63.500
8.750 63.250
Building 4 5 0.062
8.500 63.500
8.500 63.750
8.750 63.750
8.750 63.500
Building 4 5 0.062
8.500 63.750
8.500 64.000
8.750 64.000
8.750 63.750
Building 4 5 0.062
8.500 64.000
8.500 64.250
8.750 64.250
8.750 64.000
Building 4 5 0.062
8.750 64.500
8.750 64.250
8.500 64.250
8.500 64.500
Building 4 5 0.062
8.750 55.500
8.750 55.750
9.000 55.750
9.000 55.500
Building 4 5 0.062
8.750 55.750
8.750 56.000
9.000 56.000
9.000 55.750
Building 4 5 0.062
8.750 56.000
8.750 56.250
9.000 56.250
9.000 56.000
Building 4 5 0.062
8.750 56.250
8.750 56.500
9.000 56.500
9.000 56.250
Building 4 5 0.062
8.750 56.500
8.750 56.750
9.000 56.750
9.000 56.500
Building 4 5 0.062
8.750 56.750
8.750 57.000
9.000 57.000
9.000 56.750
Building 4 5 0.062
8.750 57.000
8.750 57.250
9.000 57.250
9.000 57.000
Building 4 5 0.062
9.000 57.500
9.000 57.250
8.750 57.250
8.750 57.500
Building 4 5 0.062
8.750 62.500
8.750 62.750
9.000 62.750
9.000 62.500
Building 4 5 0.062
8.750 62.750
8.750 63.000
9.000 63.000
9.000 62.750
Building 4 5 0.062
8.750 63.000
8.750 63.250
9.000 63.250
9.000 63.000
Building 4 5 0.062
8.750 63.250
8.750 63.500
9.000 63.500
9.000 63.250
Building 4 5 0.062
8.750 63.500
8.750 63.750
9.000 63.750
9.000 63.500
Building 4 5 0.062
8.750 63.750
8.750 64.000
9.000 64.000
9.000 63.750
Building 4 5 0.062
8.750 64.000
8.750 64.250
9.000 64.250
9.000 64.000
Building 4 5 0.062
9.000 64.500
9.000 64.250
8.750 64.250
8.750 64.500
Building 4 5 0.062
9.000 55.500
9.000 55.750
9.250 55.750
9.250 55.500
Building 4 5 0.062
9.000 55.750
9.000 56.000
9.250 56.000
9.250 55.750
Building 4 5 0.062
9.000 56.000
9.000 56.250
9.250 56.250
9.250 56.000
Building 4 5 0.062
9.000 56.250
9.000 56.500
9.250 56.500
9.250 56.250
Building 4 5 0.062
9.000 56.500
9.000 56.750
9.250 56.750
9.250 56.500
Building 4 5 0.062
9.000 56.750
9.000 57.000
9.250 57.000
9.250 56.750
Building 4 5 0.062
9.000 57.000
9.000 57.250
9.250 57.250
9.250 57.000
Building 4 5 0.062
9.250 57.500
9.250 57.250
9.000 57.250
9.000 57.500
Building 4 5 0.062
9.000 62.500
9.000 62.750
9.250 62.750
9.250 62.500
Building 4 5 0.062
9.000 62.750
9.000 63.000
9.250 63.000
9.250 62.750
Building 4 5 0.062
9.000 63.000
9.000 63.250
9.250 63.250
9.250 63.000
Building 4 5 0.062
9.000 63.250
9.000 63.500
9.250 63.500
9.250 63.250
Building 4 5 0.062
9.000 63.500
9.000 63.750
9.250 63.750
9.250 63.500
Building 4 5 0.062
9.000 63.750
9.000 64.000
9.250 64.000
9.250 63.750
Building 4 5 0.062
9.000 64.000
9.000 64.250
9.250 64.250
9.250 64.000
Building 4 5 0.062
9.250 64.500
9.250 64.250
9.000 64.250
9.000 64.500
Building 4 5 0.062
9.250 55.500
9.250 55.750
9.500 55.750
9.500 55.500
Building 4 5 0.062
9.250 55.750
9.250 56.000
9.500 56.000
9.500 55.750
Building 4 5 0.062
9.250 56.000
9.250 56.250
9.500 56.250
9.500 56.000
Building 4 5 0.062
9.250 56.250
9.250 56.500
9.500 56.500
9.500 56.250
Building 4 5 0.062
9.250 56.500
9.250 56.750
9.500 56.750
9.500 56.500
Building 4 5 0.062
9.250 56.750
9.250 57.000
9.500 57.000
9.500 56.750
Building 4 5 0.062
9.250 57.000
9.250 57.250
9.500 57.250
9.500 57.000
Building 4 5 0.062
9.500 57.500
9.500 57.250
9.250 57.250
9.250 57.500
Building 4 5 0.062
9.250 62.500
9.250 62.750
9.500 62.750
9.500 62.500
Building 4 5 0.062
9.250 62.750
9.250 63.000
9.500 63.000
9.500 62.750
Building 4 5 0.062
9.250 63.000
9.250 63.250
9.500 63.250
9.500 63.000
Building 4 5 0.062
9.250 63.250
9.250 63.500
9.500 63.500
9.500 63.250
Building 4 5 0.062
9.250 63.500
9.250 63.750
9.500 63.750
9.500 63.500
Building 4 5 0.062
9.250 63.750
9.250 64.000
9.500 64.000
9.500 63.750
Building 4 5 0.062
9.250 64.000
9.250 64.250
9.500 64.250
9.500 64.000
Building 4 5 0.062
9.500 64.500
9.500 64.250
9.250 64.250
9.250 64.500
Building 4 5 0.062
9.500 55.500
9.500 55.750
9.750 55.750
9.750 55.500
Building 4 5 0.062
9.500 55.750
9.500 56.000
9.750 56.000
9.750 55.750
Building 4 5 0.062
9.500 56.000
9.500 56.250
9.750 56.250
9.750 56.000
Building 4 5 0.062
9.500 56.250
9.500 56.500
9.750 56.500
9.750 56.250
Building 4 5 0.062
9.500 56.500
9.500 56.750
9.750 56.750
9.750 56.500
Building 4 5 0.062
9.500 56.750
9.500 57.000
9.750 57.000
9.750 56.750
Building 4 5 0.062
9.500 57.000
9.500 57.250
9.750 57.250
9.750 57.000
Building 4 5 0.062
9.750 57.500
9.750 57.250
9.500 57.250
9.500 57.500
Building 4 5 0.062
9.500 62.500
9.500 62.750
9.750 62.750
9.750 62.500
Building 4 5 0.062
9.500 62.750
9.500 63.000
9.750 63.000
9.750 62.750
Building 4 5 0.062
9.500 63.000
9.500 63.250
9.750 63.250
9.750 63.000
Building 4 5 0.062
9.500 63.250
9.500 63.500
9.750 63.500
9.750 63.250
Building 4 5 0.062
9.500 63.500
9.500 63.750
9.750 63.750
9.750 63.500
Building 4 5 0.062
9.500 63.750
9.500 64.000
9.750 64.000
9.750 63.750
Building 4 5 0.062
9.500 64.000
9.500 64.250
9.750 64.250
9.750 64.000
Building 4 5 0.062
9.750 64.500
9.750 64.250
9.500 64.250
9.500 64.500
Building 4 5 0.062
9.750 55.500
9.750 55.750
10.000 55.750
10.000 55.500
Building 4 5 0.062
9.750 55.750
9.750 56.000
10.000 56.000
10.000 55.750
Building 4 5 0.062
9.750 56.000
9.750 56.250
10.000 56.250
10.000 56.000
Building 4 5 0.062
9.750 56.250
9.750 56.500
10.000 56.500
10.000 56.250
Building 4 5 0.062
9.750 56.500
9.750 56.750
10.000 56.750
10.000 56.500
Building 4 5 0.062
9.750 56.750
9.750 57.000
10.000 57.000
10.000 56.750
Building 4 5 0.062
9.750 57.000
9.750 57.250
10.000 57.250
10.000 57.000
Building 4 5 0.062
10.000 57.500
10.000 57.250
9.750 57.250
9.750 57.500
Building 4 5 0.062
9.750 62.500
9.750 62.750
10.000 62.750
10.000 62.500
Building 4 5 0.062
9.750 62.750
9.750 63.000
10.000 63.000
10.000 62.750
Building 4 5 0.062
9.750 63.000
9.750 63.250
10.000 63.250
10.000 63.000
Building 4 5 0.062
9.750 63.250
9.750 63.500
10.000 63.500
10.000 63.250
Building 4 5 0.062
9.750 63.500
9.750 63.750
10.000 63.750
10.000 63.500
Building 4 5 0.062
9.750 63.750
9.750 64.000
10.000 64.000
10.000 63.750
Building 4 5 0.062
9.750 64.000
9.750 64.250
10.000 64.250
10.000 64.000
Building 4 5 0.062
10.000 64.500
10.000 64.250
9.750 64.250
9.750 64.500
Building 4 5 0.062
10.000 55.500
10.000 55.750
10.250 55.750
10.250 55.500
Building 4 5 0.062
10.000 55.750
10.000 56.000
10.250 56.000
10.250 55.750
Building 4 5 0.062
10.000 56.000
10.000 56.250
10.250 56.250
10.250 56.000
Building 4 5 0.062
10.000 56.250
10.000 56.500
10.250 56.500
10.250 56.250
Building 4 5 0.062
10.000 56.500
10.000 56.750
10.250 56.750
10.250 56.500
Building 4 5 0.062
10.000 56.750
10.000 57.000
10.250 57.000
10.250 56.750
Building 4 5 0.062
10.000 57.000
10.000 57.250
10.250 57.250
10.250 57.000
Building 4 5 0.062
10.250 57.500
10.250 57.250
10.000 57.250
10.000 57.500
Building 4 5 0.062
10.000 62.500
10.000 62.750
10.250 62.750
10.250 62.500
Building 4 5 0.062
10.000 62.750
10.000 63.000
10.250 63.000
10.250 62.750
Building 4 5 0.062
10.000 63.000
10.000 63.250
10.250 63.250
10.250 63.000
Building 4 5 0.062
10.000 63.250
10.000 63.500
10.250 63.500
10.250 63.250
Building 4 5 0.062
10.000 63.500
10.000 63.750
10.250 63.750
10.250 63.500
Building 4 5 0.062
10.000 63.750
10.000 64.000
10.250 64.000
10.250 63.750
Building 4 5 0.062
10.000 64.000
10.000 64.250
10.250 64.250
10.250 64.000
Building 4 5 0.062
10.250 64.500
10.250 64.250
10.000 64.250
10.000 64.500
Building 4 5 0.062
10.250 55.500
10.250 55.750
10.500 55.750
10.500 55.500
Building 4 5 0.062
10.250 55.750
10.250 56.000
10.500 56.000
10.500 55.750
Building 4 5 0.062
10.250 56.000
10.250 56.250
10.500 56.250
10.500 56.000
Building 4 5 0.062
10.250 56.250
10.250 56.500
10.500 56.500
10.500 56.250
Building 4 5 0.062
10.250 56.500
10.250 56.750
10.500 56.750
10.500 56.500
Building 4 5 0.062
10.250 56.750
10.250 57.000
10.500 57.000
10.500 56.750
Building 4 5 0.062
10.250 57.000
10.250 57.250
10.500 57.250
10.500 57.000
Building 4 5 0.062
10.500 57.500
10.500 57.250
10.250 57.250
10.250 57.500
Building 4 5 0.062
10.250 62.500
10.250 62.750
10.500 62.750
10.500 62.500
Building 4 5 0.062
10.250 62.750
10.250 63.000
10.500 63.000
10.500 62.750
Building 4 5 0.062
10.250 63.000
10.250 63.250
10.500 63.250
10.500 63.000
Building 4 5 0.062
10.250 63.250
10.250 63.500
10.500 63.500
10.500 63.250
Building 4 5 0.062
10.250 63.500
10.250 63.750
10.500 63.750
10.500 63.500
Building 4 5 0.062
10.250 63.750
10.250 64.000
10.500 64.000
10.500 63.750
Building 4 5 0.062
10.250 64.000
10.250 64.250
10.500 64.250
10.500 64.000
Building 4 5 0.062
10.500 64.500
10.500 64.250
10.250 64.250
10.250 64.500
Building 4 5 0.062
10.500 55.500
10.500 55.750
10.750 55.750
10.750 55.500
Building 4 5 0.062
10.500 55.750
10.500 56.000
10.750 56.000
10.750 55.750
Building 4 5 0.062
10.500 56.000
10.500 56.250
10.750 56.250
10.750 56.000
Building 4 5 0.062
10.500 56.250
10.500 56.500
10.750 56.500
10.750 56.250
Building 4 5 0.062
10.500 56.500
10.500 56.750
10.750 56.750
10.750 56.500
Building 4 5 0.062
10.500 56.750
10.500 57.000
10.750 57.000
10.750 56.750
Building 4 5 0.062
10.500 57.000
10.500 57.250
10.750 57.250
10.750 57.000
Building 4 5 0.062
10.750 57.500
10.750 57.250
10.500 57.250
10.500 57.500
Building 4 5 0.062
10.500 62.500
10.500 62.750
10.750 62.750
10.750 62.500
Building 4 5 0.062
10.500 62.750
10.500 63.000
10.750 63.000
10.750 62.750
Building 4 5 0.062
10.500 63.000
10.500 63.250
10.750 63.250
10.750 63.000
Building 4 5 0.062
10.500 63.250
10.500 63.500
10.750 63.500
10.750 63.250
Building 4 5 0.062
10.500 63.500
10.500 63.750
10.750 63.750
10.750 63.500
Building 4 5 0.062
10.500 63.750
10.500 64.000
10.750 64.000
10.750 63.750
Building 4 5 0.062
10.500 64.000
10.500 64.250
10.750 64.250
10.750 64.000
Building 4 5 0.062
10.750 64.500
10.750 64.250
10.500 64.250
10.500 64.500
Building 4 5 0.062
10.750 55.500
10.750 55.750
11.000 55.750
11.000 55.500
Building 4 5 0.062
10.750 55.750
10.750 56.000
11.000 56.000
11.000 55.750
Building 4 5 0.062
10.750 56.000
10.750 56.250
11.000 56.250
11.000 56.000
Building 4 5 0.062
10.750 56.250
10.750 56.500
11.000 56.500
11.000 56.250
Building 4 5 0.062
10.750 56.500
10.750 56.750
11.000 56.750
11.000 56.500
Building 4 5 0.062
10.750 56.750
10.750 57.000
11.000 57.000
11.000 56.750
Building 4 5 0.062
10.750 57.000
10.750 57.250
11.000 57.250
11.000 57.000
Building 4 5 0.062
11.000 57.500
11.000 57.250
10.750 57.250
10.750 57.500
Building 4 5 0.062
10.750 62.500
10.750 62.750
11.000 62.750
11.000 62.500
Building 4 5 0.062
10.750 62.750
10.750 63.000
11.000 63.000
11.000 62.750
Building 4 5 0.062
10.750 63.000
10.750 63.250
11.000 63.250
11.000 63.000
Building 4 5 0.062
10.750 63.250
10.750 63.500
11.000 63.500
11.000 63.250
Building 4 5 0.062
10.750 63.500
10.750 63.750
11.000 63.750
11.000 63.500
Building 4 5 0.062
10.750 63.750
10.750 64.000
11.000 64.000
11.000 63.750
Building 4 5 0.062
10.750 64.000
10.750 64.250
11.000 64.250
11.000 64.000
Building 4 5 0.062
11.000 64.500
11.000 64.250
10.750 64.250
10.750 64.500
Building 4 5 0.062
11.000 55.500
11.000 55.750
11.250 55.750
11.250 55.500
Building 4 5 0.062
11.000 55.750
11.000 56.000
11.250 56.000
11.250 55.750
Building 4 5 0.062
11.000 56.000
11.000 56.250
11.250 56.250
11.250 56.000
Building 4 5 0.062
11.000 56.250
11.000 56.500
11.250 56.500
11.250 56.250
Building 4 5 0.062
11.000 56.500
11.000 56.750
11.250 56.750
11.250 56.500
Building 4 5 0.062
11.000 56.750
11.000 57.000
11.250 57.000
11.250 56.750
Building 4 5 0.062
11.000 57.000
11.000 57.250
11.250 57.250
11.250 57.000
Building 4 5 0.062
11.250 57.500
11.250 57.250
11.000 57.250
11.000 57.500
Building 4 5 0.062
11.000 62.500
11.000 62.750
11.250 62.750
11.250 62.500
Building 4 5 0.062
11.000 62.750
11.000 63.000
11.250 63.000
11.250 62.750
Building 4 5 0.062
11.000 63.000
11.000 63.250
11.250 63.250
11.250 63.000
Building 4 5 0.062
11.000 63.250
11.000 63.500
11.250 63.500
11.250 63.250
Building 4 5 0.062
11.000 63.500
11.000 63.750
11.250 63.750
11.250 63.500
Building 4 5 0.062
11.000 63.750
11.000 64.000
11.250 64.000
11.250 63.750
Building 4 5 0.062
11.000 64.000
11.000 64.250
11.250 64.250
11.250 64.000
Building 4 5 0.062
11.250 64.500
11.250 64.250
11.000 64.250
11.000 64.500
Building 4 5 0.062
11.250 55.500
11.250 55.750
11.500 55.750
11.500 55.500
Building 4 5 0.062
11.250 55.750
11.250 56.000
11.500 56.000
11.500 55.750
Building 4 5 0.062
11.250 56.000
11.250 56.250
11.500 56.250
11.500 56.000
Building 4 5 0.062
11.250 56.250
11.250 56.500
11.500 56.500
11.500 56.250
Building 4 5 0.062
11.250 56.500
11.250 56.750
11.500 56.750
11.500 56.500
Building 4 5 0.062
11.250 56.750
11.250 57.000
11.500 57.000
11.500 56.750
Building 4 5 0.062
11.250 57.000
11.250 57.250
11.500 57.250
11.500 57.000
Building 4 5 0.062
11.500 57.500
11.500 57.250
11.250 57.250
11.250 57.500
Building 4 5 0.062
11.250 62.500
11.250 62.750
11.500 62.750
11.500 62.500
Building 4 5 0.062
11.250 62.750
11.250 63.000
11.500 63.000
11.500 62.750
Building 4 5 0.062
11.250 63.000
11.250 63.250
11.500 63.250
11.500 63.000
Building 4 5 0.062
11.250 63.250
11.250 63.500
11.500 63.500
11.500 63.250
Building 4 5 0.062
11.250 63.500
11.250 63.750
11.500 63.750
11.500 63.500
Building 4 5 0.062
11.250 63.750
11.250 64.000
11.500 64.000
11.500 63.750
Building 4 5 0.062
11.250 64.000
11.250 64.250
11.500 64.250
11.500 64.000
Building 4 5 0.062
11.500 64.500
11.500 64.250
11.250 64.250
11.250 64.500
Building 4 5 0.062
11.500 55.500
11.500 55.750
11.750 55.750
11.750 55.500
Building 4 5 0.062
11.500 55.750
11.500 56.000
11.750 56.000
11.750 55.750
Building 4 5 0.062
11.500 56.000
11.500 56.250
11.750 56.250
11.750 56.000
Building 4 5 0.062
11.500 56.250
11.500 56.500
11.750 56.500
11.750 56.250
Building 4 5 0.062
11.500 56.500
11.500 56.750
11.750 56.750
11.750 56.500
Building 4 5 0.062
11.500 56.750
11.500 57.000
11.750 57.000
11.750 56.750
Building 4 5 0.062
11.500 57.000
11.500 57.250
11.750 57.250
11.750 57.000
Building 4 5 0.062
11.750 57.500
11.750 57.250
11.500 57.250
11.500 57.500
Building 4 5 0.062
11.500 62.500
11.500 62.750
11.750 62.750
11.750 62.500
Building 4 5 0.062
11.500 62.750
11.500 63.000
11.750 63.000
11.750 62.750
Building 4 5 0.062
11.500 63.000
11.500 63.250
11.750 63.250
11.750 63.000
Building 4 5 0.062
11.500 63.250
11.500 63.500
11.750 63.500
11.750 63.250
Building 4 5 0.062
11.500 63.500
11.500 63.750
11.750 63.750
11.750 63.500
Building 4 5 0.062
11.500 63.750
11.500 64.000
11.750 64.000
11.750 63.750
Building 4 5 0.062
11.500 64.000
11.500 64.250
11.750 64.250
11.750 64.000
Building 4 5 0.062
11.750 64.500
11.750 64.250
11.500 64.250
11.500 64.500
Building 4 5 0.062
11.750 55.500
11.750 55.750
12.000 55.750
12.000 55.500
Building 4 5 0.062
11.750 55.750
11.750 56.000
12.000 56.000
12.000 55.750
Building 4 5 0.062
11.750 56.000
11.750 56.250
12.000 56.250
12.000 56.000
Building 4 5 0.062
11.750 56.250
11.750 56.500
12.000 56.500
12.000 56.250
Building 4 5 0.062
11.750 56.500
11.750 56.750
12.000 56.750
12.000 56.500
Building 4 5 0.062
11.750 56.750
11.750 57.000
12.000 57.000
12.000 56.750
Building 4 5 0.062
11.750 57.000
11.750 57.250
12.000 57.250
12.000 57.000
Building 4 5 0.062
12.000 57.500
12.000 57.250
11.750 57.250
11.750 57.500
Building 4 5 0.062
11.750 62.500
11.750 62.750
12.000 62.750
12.000 62.500
Building 4 5 0.062
11.750 62.750
11.750 63.000
12.000 63.000
12.000 62.750
Building 4 5 0.062
11.750 63.000
11.750 63.250
12.000 63.250
12.000 63.000
Building 4 5 0.062
11.750 63.250
11.750 63.500
12.000 63.500
12.000 63.250
Building 4 5 0.062
11.750 63.500
11.750 63.750
12.000 63.750
12.000 63.500
Building 4 5 0.062
11.750 63.750
11.750 64.000
12.000 64.000
12.000 63.750
Building 4 5 0.062
11.750 64.000
11.750 64.250
12.000 64.250
12.000 64.000
Building 4 5 0.062
12.000 64.500
12.000 64.250
11.750 64.250
11.750 64.500
Building 4 5 0.062
12.000 55.500
12.000 55.750
12.250 55.750
12.250 55.500
Building 4 5 0.062
12.000 55.750
12.000 56.000
12.250 56.000
12.250 55.750
Building 4 5 0.062
12.000 56.000
12.000 56.250
12.250 56.250
12.250 56.000
Building 4 5 0.062
12.000 56.250
12.000 56.500
12.250 56.500
12.250 56.250
Building 4 5 0.062
12.000 56.500
12.000 56.750
12.250 56.750
12.250 56.500
Building 4 5 0.062
12.000 56.750
12.000 57.000
12.250 57.000
12.250 56.750
Building 4 5 0.062
12.000 57.000
12.000 57.250
12.250 57.250
12.250 57.000
Building 4 5 0.062
12.250 57.500
12.250 57.250
12.000 57.250
12.000 57.500
Building 4 5 0.062
12.000 62.500
12.000 62.750
12.250 62.750
12.250 62.500
Building 4 5 0.062
12.000 62.750
12.000 63.000
12.250 63.000
12.250 62.750
Building 4 5 0.062
12.000 63.000
12.000 63.250
12.250 63.250
12.250 63.000
Building 4 5 0.062
12.000 63.250
12.000 63.500
12.250 63.500
12.250 63.250
Building 4 5 0.062
12.000 63.500
12.000 63.750
12.250 63.750
12.250 63.500
Building 4 5 0.062
12.000 63.750
12.000 64.000
12.250 64.000
12.250 63.750
Building 4 5 0.062
12.000 64.000
12.000 64.250
12.250 64.250
12.250 64.000
Building 4 5 0.062
12.250 64.500
12.250 64.250
12.000 64.250
12.000 64.500
Building 4 5 0.062
12.250 55.500
12.250 55.750
12.500 55.750
12.500 55.500
Building 4 5 0.062
12.250 55.750
12.250 56.000
12.500 56.000
12.500 55.750
Building 4 5 0.062
12.250 56.000
12.250 56.250
12.500 56.250
12.500 56.000
Building 4 5 0.062
12.250 56.250
12.250 56.500
12.500 56.500
12.500 56.250
Building 4 5 0.062
12.250 56.500
12.250 56.750
12.500 56.750
12.500 56.500
Building 4 5 0.062
12.250 56.750
12.250 57.000
12.500 57.000
12.500 56.750
Building 4 5 0.062
12.250 57.000
12.250 57.250
12.500 57.250
12.500 57.000
Building 4 5 0.062
12.500 57.500
12.500 57.250
12.250 57.250
12.250 57.500
Building 4 5 0.062
12.250 62.500
12.250 62.750
12.500 62.750
12.500 62.500
Building 4 5 0.062
12.250 62.750
12.250 63.000
12.500 63.000
12.500 62.750
Building 4 5 0.062
12.250 63.000
12.250 63.250
12.500 63.250
12.500 63.000
Building 4 5 0.062
12.250 63.250
12.250 63.500
12.500 63.500
12.500 63.250
Building 4 5 0.062
12.250 63.500
12.250 63.750
12.500 63.750
12.500 63.500
Building 4 5 0.062
12.250 63.750
12.250 64.000
12.500 64.000
12.500 63.750
Building 4 5 0.062
12.250 64.000
12.250 64.250
12.500 64.250
12.500 64.000
Building 4 5 0.062
12.500 64.500
12.500 64.250
12.250 64.250
12.250 64.500
Building 4 5 0.062
12.500 55.500
12.500 55.750
12.750 55.750
12.750 55.500
Building 4 5 0.062
12.500 55.750
12.500 56.000
12.750 56.000
12.750 55.750
Building 4 5 0.062
12.500 56.000
12.500 56.250
12.750 56.250
12.750 56.000
Building 4 5 0.062
12.500 56.250
12.500 56.500
12.750 56.500
12.750 56.250
Building 4 5 0.062
12.500 56.500
12.500 56.750
12.750 56.750
12.750 56.500
Building 4 5 0.062
12.500 56.750
12.500 57.000
12.750 57.000
12.750 56.750
Building 4 5 0.062
12.500 57.000
12.500 57.250
12.750 57.250
12.750 57.000
Building 4 5 0.062
12.750 57.500
12.750 57.250
12.500 57.250
12.500 57.500
Building 4 5 0.062
12.500 62.500
12.500 62.750
12.750 62.750
12.750 62.500
Building 4 5 0.062
12.500 62.750
12.500 63.000
12.750 63.000
12.750 62.750
Building 4 5 0.062
12.500 63.000
12.500 63.250
12.750 63.250
12.750 63.000
Building 4 5 0.062
12.500 63.250
12.500 63.500
12.750 63.500
12.750 63.250
Building 4 5 0.062
12.500 63.500
12.500 63.750
12.750 63.750
12.750 63.500
Building 4 5 0.062
12.500 63.750
12.500 64.000
12.750 64.000
12.750 63.750
Building 4 5 0.062
12.500 64.000
12.500 64.250
12.750 64.250
12.750 64.000
Building 4 5 0.062
12.750 64.500
12.750 64.250
12.500 64.250
12.500 64.500
Building 4 5 0.062
12.750 55.500
12.750 55.750
13.000 55.750
13.000 55.500
Building 4 5 0.062
12.750 55.750
12.750 56.000
13.000 56.000
13.000 55.750
Building 4 5 0.062
12.750 56.000
12.750 56.250
13.000 56.250
13.000 56.000
Building 4 5 0.062
12.750 56.250
12.750 56.500
13.000 56.500
13.000 56.250
Building 4 5 0.062
12.750 56.500
12.750 56.750
13.000 56.750
13.000 56.500
Building 4 5 0.062
12.750 56.750
12.750 57.000
13.000 57.000
13.000 56.750
Building 4 5 0.062
12.750 57.000
12.750 57.250
13.000 57.250
13.000 57.000
Building 4 5 0.062
13.000 57.500
13.000 57.250
12.750 57.250
12.750 57.500
Building 4 5 0.062
12.750 62.500
12.750 62.750
13.000 62.750
13.000 62.500
Building 4 5 0.062
12.750 62.750
12.750 63.000
13.000 63.000
13.000 62.750
Building 4 5 0.062
12.750 63.000
12.750 63.250
13.000 63.250
13.000 63.000
Building 4 5 0.062
12.750 63.250
12.750 63.500
13.000 63.500
13.000 63.250
Building 4 5 0.062
12.750 63.500
12.750 63.750
13.000 63.750
13.000 63.500
Building 4 5 0.062
12.750 63.750
12.750 64.000
13.000 64.000
13.000 63.750
Building 4 5 0.062
12.750 64.000
12.750 64.250
13.000 64.250
13.000 64.000
Building 4 5 0.062
13.000 64.500
13.000 64.250
12.750 64.250
12.750 64.500
Building 4 5 0.062
13.000 55.500
13.000 55.750
13.250 55.750
13.250 55.500
Building 4 5 0.062
13.000 55.750
13.000 56.000
13.250 56.000
13.250 55.750
Building 4 5 0.062
13.000 56.000
13.000 56.250
13.250 56.250
13.250 56.000
Building 4 5 0.062
13.000 56.250
13.000 56.500
13.250 56.500
13.250 56.250
Building 4 5 0.062
13.000 56.500
13.000 56.750
13.250 56.750
13.250 56.500
Building 4 5 0.062
13.000 56.750
13.000 57.000
13.250 57.000
13.250 56.750
Building 4 5 0.062
13.000 57.000
13.000 57.250
13.250 57.250
13.250 57.000
Building 4 5 0.062
13.250 57.500
13.250 57.250
13.000 57.250
13.000 57.500
Building 4 5 0.062
13.000 62.500
13.000 62.750
13.250 62.750
13.250 62.500
Building 4 5 0.062
13.000 62.750
13.000 63.000
13.250 63.000
13.250 62.750
Building 4 5 0.062
13.000 63.000
13.000 63.250
13.250 63.250
13.250 63.000
Building 4 5 0.062
13.000 63.250
13.000 63.500
13.250 63.500
13.250 63.250
Building 4 5 0.062
13.000 63.500
13.000 63.750
13.250 63.750
13.250 63.500
Building 4 5 0.062
13.000 63.750
13.000 64.000
13.250 64.000
13.250 63.750
Building 4 5 0.062
13.000 64.000
13.000 64.250
13.250 64.250
13.250 64.000
Building 4 5 0.062
13.250 64.500
13.250 64.250
13.000 64.250
13.000 64.500
Building 4 5 0.062
13.250 55.500
13.250 55.750
13.500 55.750
13.500 55.500
Building 4 5 0.062
13.250 55.750
13.250 56.000
13.500 56.000
13.500 55.750
Building 4 5 0.062
13.250 56.000
13.250 56.250
13.500 56.250
13.500 56.000
Building 4 5 0.062
13.250 56.250
13.250 56.500
13.500 56.500
13.500 56.250
Building 4 5 0.062
13.250 56.500
13.250 56.750
13.500 56.750
13.500 56.500
Building 4 5 0.062
13.250 56.750
13.250 57.000
13.500 57.000
13.500 56.750
Building 4 5 0.062
13.250 57.000
13.250 57.250
13.500 57.250
13.500 57.000
Building 4 5 0.062
13.500 57.500
13.500 57.250
13.250 57.250
13.250 57.500
Building 4 5 0.062
13.250 62.500
13.250 62.750
13.500 62.750
13.500 62.500
Building 4 5 0.062
13.250 62.750
13.250 63.000
13.500 63.000
13.500 62.750
Building 4 5 0.062
13.250 63.000
13.250 63.250
13.500 63.250
13.500 63.000
Building 4 5 0.062
13.250 63.250
13.250 63.500
13.500 63.500
13.500 63.250
Building 4 5 0.062
13.250 63.500
13.250 63.750
13.500 63.750
13.500 63.500
Building 4 5 0.062
13.250 63.750
13.250 64.000
13.500 64.000
13.500 63.750
Building 4 5 0.062
13.250 64.000
13.250 64.250
13.500 64.250
13.500 64.000
Building 4 5 0.062
13.500 64.500
13.500 64.250
13.250 64.250
13.250 64.500
Building 4 5 0.062
13.500 55.500
13.500 55.750
13.750 55.750
13.750 55.500
Building 4 5 0.062
13.500 55.750
13.500 56.000
13.750 56.000
13.750 55.750
Building 4 5 0.062
13.500 56.000
13.500 56.250
13.750 56.250
13.750 56.000
Building 4 5 0.062
13.500 56.250
13.500 56.500
13.750 56.500
13.750 56.250
Building 4 5 0.062
13.500 56.500
13.500 56.750
13.750 56.750
13.750 56.500
Building 4 5 0.062
13.500 56.750
13.500 57.000
13.750 57.000
13.750 56.750
Building 4 5 0.062
13.500 57.000
13.500 57.250
13.750 57.250
13.750 57.000
Building 4 5 0.062
13.750 57.500
13.750 57.250
13.500 57.250
13.500 57.500
Building 4 5 0.062
13.500 62.500
13.500 62.750
13.750 62.750
13.750 62.500
Building 4 5 0.062
13.500 62.750
13.500 63.000
13.750 63.000
13.750 62.750
Building 4 5 0.062
13.500 63.000
13.500 63.250
13.750 63.250
13.750 63.000
Building 4 5 0.062
13.500 63.250
13.500 63.500
13.750 63.500
13.750 63.250
Building 4 5 0.062
13.500 63.500
13.500 63.750
13.750 63.750
13.750 63.500
Building 4 5 0.062
13.500 63.750
13.500 64.000
13.750 64.000
13.750 63.750
Building 4 5 0.062
13.500 64.000
13.500 64.250
13.750 64.250
13.750 64.000
Building 4 5 0.062
13.750 64.500
13.750 64.250
13.500 64.250
13.500 64.500
Building 4 5 0.062
13.750 55.500
13.750 55.750
14.000 55.750
14.000 55.500
Building 4 5 0.062
13.750 55.750
13.750 56.000
14.000 56.000
14.000 55.750
Building 4 5 0.062
13.750 56.000
13.750 56.250
14.000 56.250
14.000 56.000
Building 4 5 0.062
13.750 56.250
13.750 56.500
14.000 56.500
14.000 56.250
Building 4 5 0.062
13.750 56.500
13.750 56.750
14.000 56.750
14.000 56.500
Building 4 5 0.062
13.750 56.750
13.750 57.000
14.000 57.000
14.000 56.750
Building 4 5 0.062
13.750 57.000
13.750 57.250
14.000 57.250
14.000 57.000
Building 4 5 0.062
14.000 57.500
14.000 57.250
13.750 57.250
13.750 57.500
Building 4 5 0.062
13.750 62.500
13.750 62.750
14.000 62.750
14.000 62.500
Building 4 5 0.062
13.750 62.750
13.750 63.000
14.000 63.000
14.000 62.750
Building 4 5 0.062
13.750 63.000
13.750 63.250
14.000 63.250
14.000 63.000
Building 4 5 0.062
13.750 63.250
13.750 63.500
14.000 63.500
14.000 63.250
Building 4 5 0.062
13.750 63.500
13.750 63.750
14.000 63.750
14.000 63.500
Building 4 5 0.062
13.750 63.750
13.750 64.000
14.000 64.000
14.000 63.750
Building 4 5 0.062
13.750 64.000
13.750 64.250
14.000 64.250
14.000 64.000
Building 4 5 0.062
14.000 64.500
14.000 64.250
13.750 64.250
13.750 64.500
Building 4 5 0.062
14.000 55.500
14.000 55.750
14.250 55.750
14.250 55.500
Building 4 5 0.062
14.000 55.750
14.000 56.000
14.250 56.000
14.250 55.750
Building 4 5 0.062
14.000 56.000
14.000 56.250
14.250 56.250
14.250 56.000
Building 4 5 0.062
14.000 56.250
14.000 56.500
14.250 56.500
14.250 56.250
Building 4 5 0.062
14.000 56.500
14.000 56.750
14.250 56.750
14.250 56.500
Building 4 5 0.062
14.000 56.750
14.000 57.000
14.250 57.000
14.250 56.750
Building 4 5 0.062
14.000 57.000
14.000 57.250
14.250 57.250
14.250 57.000
Building 4 5 0.062
14.250 57.500
14.250 57.250
14.000 57.250
14.000 57.500
Building 4 5 0.062
14.000 62.500
14.000 62.750
14.250 62.750
14.250 62.500
Building 4 5 0.062
14.000 62.750
14.000 63.000
14.250 63.000
14.250 62.750
Building 4 5 0.062
14.000 63.000
14.000 63.250
14.250 63.250
14.250 63.000
Building 4 5 0.062
14.000 63.250
14.000 63.500
14.250 63.500
14.250 63.250
Building 4 5 0.062
14.000 63.500
14.000 63.750
14.250 63.750
14.250 63.500
Building 4 5 0.062
14.000 63.750
14.000 64.000
14.250 64.000
14.250 63.750
Building 4 5 0.062
14.000 64.000
14.000 64.250
14.250 64.250
14.250 64.000
Building 4 5 0.062
14.250 64.500
14.250 64.250
14.000 64.250
14.000 64.500
Building 4 5 0.062
14.250 55.500
14.250 55.750
14.500 55.750
14.500 55.500
Building 4 5 0.062
14.250 55.750
14.250 56.000
14.500 56.000
14.500 55.750
Building 4 5 0.062
14.250 56.000
14.250 56.250
14.500 56.250
14.500 56.000
Building 4 5 0.062
14.250 56.250
14.250 56.500
14.500 56.500
14.500 56.250
Building 4 5 0.062
14.250 56.500
14.250 56.750
14.500 56.750
14.500 56.500
Building 4 5 0.062
14.250 56.750
14.250 57.000
14.500 57.000
14.500 56.750
Building 4 5 0.062
14.250 57.000
14.250 57.250
14.500 57.250
14.500 57.000
Building 4 5 0.062
14.500 57.500
14.500 57.250
14.250 57.250
14.250 57.500
Building 4 5 0.062
14.250 62.500
14.250 62.750
14.500 62.750
14.500 62.500
Building 4 5 0.062
14.250 62.750
14.250 63.000
14.500 63.000
14.500 62.750
Building 4 5 0.062
14.250 63.000
14.250 63.250
14.500 63.250
14.500 63.000
Building 4 5 0.062
14.250 63.250
14.250 63.500
14.500 63.500
14.500 63.250
Building 4 5 0.062
14.250 63.500
14.250 63.750
14.500 63.750
14.500 63.500
Building 4 5 0.062
14.250 63.750
14.250 64.000
14.500 64.000
14.500 63.750
Building 4 5 0.062
14.250 64.000
14.250 64.250
14.500 64.250
14.500 64.000
Building 4 5 0.062
14.500 64.500
14.500 64.250
14.250 64.250
14.250 64.500
Building 4 5 0.062
14.500 55.500
14.500 55.750
14.750 55.750
14.750 55.500
Building 4 5 0.062
14.500 55.750
14.500 56.000
14.750 56.000
14.750 55.750
Building 4 5 0.062
14.500 56.000
14.500 56.250
14.750 56.250
14.750 56.000
Building 4 5 0.062
14.500 56.250
14.500 56.500
14.750 56.500
14.750 56.250
Building 4 5 0.062
14.500 56.500
14.500 56.750
14.750 56.750
14.750 56.500
Building 4 5 0.062
14.500 56.750
14.500 57.000
14.750 57.000
14.750 56.750
Building 4 5 0.062
14.500 57.000
14.500 57.250
14.750 57.250
14.750 57.000
Building 4 5 0.062
14.750 57.500
14.750 57.250
14.500 57.250
14.500 57.500
Building 4 5 0.062
14.500 62.500
14.500 62.750
14.750 62.750
14.750 62.500
Building 4 5 0.062
14.500 62.750
14.500 63.000
14.750 63.000
14.750 62.750
Building 4 5 0.062
14.500 63.000
14.500 63.250
14.750 63.250
14.750 63.000
Building 4 5 0.062
14.500 63.250
14.500 63.500
14.750 63.500
14.750 63.250
Building 4 5 0.062
14.500 63.500
14.500 63.750
14.750 63.750
14.750 63.500
Building 4 5 0.062
14.500 63.750
14.500 64.000
14.750 64.000
14.750 63.750
Building 4 5 0.062
14.500 64.000
14.500 64.250
14.750 64.250
14.750 64.000
Building 4 5 0.062
14.750 64.500
14.750 64.250
14.500 64.250
14.500 64.500
Building 4 5 0.062
14.750 55.500
14.750 55.750
15.000 55.750
15.000 55.500
Building 4 5 0.062
14.750 55.750
14.750 56.000
15.000 56.000
15.000 55.750
Building 4 5 0.062
14.750 56.000
14.750 56.250
15.000 56.250
15.000 56.000
Building 4 5 0.062
14.750 56.250
14.750 56.500
15.000 56.500
15.000 56.250
Building 4 5 0.062
14.750 56.500
14.750 56.750
15.000 56.750
15.000 56.500
Building 4 5 0.062
14.750 56.750
14.750 57.000
15.000 57.000
15.000 56.750
Building 4 5 0.062
14.750 57.000
14.750 57.250
15.000 57.250
15.000 57.000
Building 4 5 0.062
15.000 57.500
15.000 57.250
14.750 57.250
14.750 57.500
Building 4 5 0.062
14.750 62.500
14.750 62.750
15.000 62.750
15.000 62.500
Building 4 5 0.062
14.750 62.750
14.750 63.000
15.000 63.000
15.000 62.750
Building 4 5 0.062
14.750 63.000
14.750 63.250
15.000 63.250
15.000 63.000
Building 4 5 0.062
14.750 63.250
14.750 63.500
15.000 63.500
15.000 63.250
Building 4 5 0.062
14.750 63.500
14.750 63.750
15.000 63.750
15.000 63.500
Building 4 5 0.062
14.750 63.750
14.750 64.000
15.000 64.000
15.000 63.750
Building 4 5 0.062
14.750 64.000
14.750 64.250
15.000 64.250
15.000 64.000
Building 4 5 0.062
15.000 64.500
15.000 64.250
14.750 64.250
14.750 64.500
Building 4 5 0.062
15.000 55.500
15.000 55.750
15.250 55.750
15.250 55.500
Building 4 5 0.062
15.000 55.750
15.000 56.000
15.250 56.000
15.250 55.750
Building 4 5 0.062
15.000 56.000
15.000 56.250
15.250 56.250
15.250 56.000
Building 4 5 0.062
15.000 56.250
15.000 56.500
15.250 56.500
15.250 56.250
Building 4 5 0.062
15.000 56.500
15.000 56.750
15.250 56.750
15.250 56.500
Building 4 5 0.062
15.000 56.750
15.000 57.000
15.250 57.000
15.250 56.750
Building 4 5 0.062
15.000 57.000
15.000 57.250
15.250 57.250
15.250 57.000
Building 4 5 0.062
15.250 57.500
15.250 57.250
15.000 57.250
15.000 57.500
Building 4 5 0.062
15.000 62.500
15.000 62.750
15.250 62.750
15.250 62.500
Building 4 5 0.062
15.000 62.750
15.000 63.000
15.250 63.000
15.250 62.750
Building 4 5 0.062
15.000 63.000
15.000 63.250
15.250 63.250
15.250 63.000
Building 4 5 0.062
15.000 63.250
15.000 63.500
15.250 63.500
15.250 63.250
Building 4 5 0.062
15.000 63.500
15.000 63.750
15.250 63.750
15.250 63.500
Building 4 5 0.062
15.000 63.750
15.000 64.000
15.250 64.000
15.250 63.750
Building 4 5 0.062
15.000 64.000
15.000 64.250
15.250 64.250
15.250 64.000
Building 4 5 0.062
15.250 64.500
15.250 64.250
15.000 64.250
15.000 64.500
Building 4 5 0.062
15.250 55.500
15.250 55.750
15.500 55.750
15.500 55.500
Building 4 5 0.062
15.250 55.750
15.250 56.000
15.500 56.000
15.500 55.750
Building 4 5 0.062
15.250 56.000
15.250 56.250
15.500 56.250
15.500 56.000
Building 4 5 0.062
15.250 56.250
15.250 56.500
15.500 56.500
15.500 56.250
Building 4 5 0.062
15.250 56.500
15.250 56.750
15.500 56.750
15.500 56.500
Building 4 5 0.062
15.250 56.750
15.250 57.000
15.500 57.000
15.500 56.750
Building 4 5 0.062
15.250 57.000
15.250 57.250
15.500 57.250
15.500 57.000
Building 4 5 0.062
15.500 57.500
15.500 57.250
15.250 57.250
15.250 57.500
Building 4 5 0.062
15.250 62.500
15.250 62.750
15.500 62.750
15.500 62.500
Building 4 5 0.062
15.250 62.750
15.250 63.000
15.500 63.000
15.500 62.750
Building 4 5 0.062
15.250 63.000
15.250 63.250
15.500 63.250
15.500 63.000
Building 4 5 0.062
15.250 63.250
15.250 63.500
15.500 63.500
15.500 63.250
Building 4 5 0.062
15.250 63.500
15.250 63.750
15.500 63.750
15.500 63.500
Building 4 5 0.062
15.250 63.750
15.250 64.000
15.500 64.000
15.500 63.750
Building 4 5 0.062
15.250 64.000
15.250 64.250
15.500 64.250
15.500 64.000
Building 4 5 0.062
15.500 64.500
15.500 64.250
15.250 64.250
15.250 64.500
Building 4 5 0.062
15.500 55.500
15.500 55.750
15.750 55.750
15.750 55.500
Building 4 5 0.062
15.500 55.750
15.500 56.000
15.750 56.000
15.750 55.750
Building 4 5 0.062
15.500 56.000
15.500 56.250
15.750 56.250
15.750 56.000
Building 4 5 0.062
15.500 56.250
15.500 56.500
15.750 56.500
15.750 56.250
Building 4 5 0.062
15.500 56.500
15.500 56.750
15.750 56.750
15.750 56.500
Building 4 5 0.062
15.500 56.750
15.500 57.000
15.750 57.000
15.750 56.750
Building 4 5 0.062
15.500 57.000
15.500 57.250
15.750 57.250
15.750 57.000
Building 4 5 0.062
15.750 57.500
15.750 57.250
15.500 57.250
15.500 57.500
Building 4 5 0.062
15.500 62.500
15.500 62.750
15.750 62.750
15.750 62.500
Building 4 5 0.062
15.500 62.750
15.500 63.000
15.750 63.000
15.750 62.750
Building 4 5 0.062
15.500 63.000
15.500 63.250
15.750 63.250
15.750 63.000
Building 4 5 0.062
15.500 63.250
15.500 63.500
15.750 63.500
15.750 63.250
Building 4 5 0.062
15.500 63.500
15.500 63.750
15.750 63.750
15.750 63.500
Building 4 5 0.062
15.500 63.750
15.500 64.000
15.750 64.000
15.750 63.750
Building 4 5 0.062
15.500 64.000
15.500 64.250
15.750 64.250
15.750 64.000
Building 4 5 0.062
15.750 64.500
15.750 64.250
15.500 64.250
15.500 64.500
Building 4 5 0.062
15.750 55.500
15.750 55.750
16.000 55.750
16.000 55.500
Building 4 5 0.062
15.750 55.750
15.750 56.000
16.000 56.000
16.000 55.750
Building 4 5 0.062
15.750 56.000
15.750 56.250
16.000 56.250
16.000 56.000
Building 4 5 0.062
15.750 56.250
15.750 56.500
16.000 56.500
16.000 56.250
Building 4 5 0.062
15.750 56.500
15.750 56.750
16.000 56.750
16.000 56.500
Building 4 5 0.062
15.750 56.750
15.750 57.000
16.000 57.000
16.000 56.750
Building 4 5 0.062
15.750 57.000
15.750 57.250
16.000 57.250
16.000 57.000
Building 4 5 0.062
16.000 57.500
16.000 57.250
15.750 57.250
15.750 57.500
Building 4 5 0.062
15.750 62.500
15.750 62.750
16.000 62.750
16.000 62.500
Building 4 5 0.062
15.750 62.750
15.750 63.000
16.000 63.000
16.000 62.750
Building 4 5 0.062
15.750 63.000
15.750 63.250
16.000 63.250
16.000 63.000
Building 4 5 0.062
15.750 63.250
15.750 63.500
16.000 63.500
16.000 63.250
Building 4 5 0.062
15.750 63.500
15.750 63.750
16.000 63.750
16.000 63.500
Building 4 5 0.062
15.750 63.750
15.750 64.000
16.000 64.000
16.000 63.750
Building 4 5 0.062
15.750 64.000
15.750 64.250
16.000 64.250
16.000 64.000
Building 4 5 0.062
16.000 64.500
16.000 64.250
15.750 64.250
15.750 64.500
Building 4 5 0.062
16.000 55.500
16.000 55.750
16.250 55.750
16.250 55.500
Building 4 5 0.062
16.000 55.750
16.000 56.000
16.250 56.000
16.250 55.750
Building 4 5 0.062
16.000 56.000
16.000 56.250
16.250 56.250
16.250 56.000
Building 4 5 0.062
16.000 56.250
16.000 56.500
16.250 56.500
16.250 56.250
Building 4 5 0.062
16.000 56.500
16.000 56.750
16.250 56.750
16.250 56.500
Building 4 5 0.062
16.000 56.750
16.000 57.000
16.250 57.000
16.250 56.750
Building 4 5 0.062
16.000 57.000
16.000 57.250
16.250 57.250
16.250 57.000
Building 4 5 0.062
16.250 57.500
16.250 57.250
16.000 57.250
16.000 57.500
Building 4 5 0.062
16.000 62.500
16.000 62.750
16.250 62.750
16.250 62.500
Building 4 5 0.062
16.000 62.750
16.000 63.000
16.250 63.000
16.250 62.750
Building 4 5 0.062
16.000 63.000
16.000 63.250
16.250 63.250
16.250 63.000
Building 4 5 0.062
16.000 63.250
16.000 63.500
16.250 63.500
16.250 63.250
Building 4 5 0.062
16.000 63.500
16.000 63.750
16.250 63.750
16.250 63.500
Building 4 5 0.062
16.000 63.750
16.000 64.000
16.250 64.000
16.250 63.750
Building 4 5 0.062
16.000 64.000
16.000 64.250
16.250 64.250
16.250 64.000
Building 4 5 0.062
16.250 64.500
16.250 64.250
16.000 64.250
16.000 64.500
Building 4 5 0.062
16.250 55.500
16.250 55.750
16.500 55.750
16.500 55.500
Building 4 5 0.062
16.250 55.750
16.250 56.000
16.500 56.000
16.500 55.750
Building 4 5 0.062
16.250 56.000
16.250 56.250
16.500 56.250
16.500 56.000
Building 4 5 0.062
16.250 56.250
16.250 56.500
16.500 56.500
16.500 56.250
Building 4 5 0.062
16.250 56.500
16.250 56.750
16.500 56.750
16.500 56.500
Building 4 5 0.062
16.250 56.750
16.250 57.000
16.500 57.000
16.500 56.750
Building 4 5 0.062
16.250 57.000
16.250 57.250
16.500 57.250
16.500 57.000
Building 4 5 0.062
16.500 57.500
16.500 57.250
16.250 57.250
16.250 57.500
Building 4 5 0.062
16.250 62.500
16.250 62.750
16.500 62.750
16.500 62.500
Building 4 5 0.062
16.250 62.750
16.250 63.000
16.500 63.000
16.500 62.750
Building 4 5 0.062
16.250 63.000
16.250 63.250
16.500 63.250
16.500 63.000
Building 4 5 0.062
16.250 63.250
16.250 63.500
16.500 63.500
16.500 63.250
Building 4 5 0.062
16.250 63.500
16.250 63.750
16.500 63.750
16.500 63.500
Building 4 5 0.062
16.250 63.750
16.250 64.000
16.500 64.000
16.500 63.750
Building 4 5 0.062
16.250 64.000
16.250 64.250
16.500 64.250
16.500 64.000
Building 4 5 0.062
16.500 64.500
16.500 64.250
16.250 64.250
16.250 64.500
Building 4 5 0.062
16.500 55.500
16.500 55.750
16.750 55.750
16.750 55.500
Building 4 5 0.062
16.500 55.750
16.500 56.000
16.750 56.000
16.750 55.750
Building 4 5 0.062
16.500 56.000
16.500 56.250
16.750 56.250
16.750 56.000
Building 4 5 0.062
16.500 56.250
16.500 56.500
16.750 56.500
16.750 56.250
Building 4 5 0.062
16.500 56.500
16.500 56.750
16.750 56.750
16.750 56.500
Building 4 5 0.062
16.500 56.750
16.500 57.000
16.750 57.000
16.750 56.750
Building 4 5 0.062
16.500 57.000
16.500 57.250
16.750 57.250
16.750 57.000
Building 4 5 0.062
16.750 57.500
16.750 57.250
16.500 57.250
16.500 57.500
Building 4 5 0.062
16.500 62.500
16.500 62.750
16.750 62.750
16.750 62.500
Building 4 5 0.062
16.500 62.750
16.500 63.000
16.750 63.000
16.750 62.750
Building 4 5 0.062
16.500 63.000
16.500 63.250
16.750 63.250
16.750 63.000
Building 4 5 0.062
16.500 63.250
16.500 63.500
16.750 63.500
16.750 63.250
Building 4 5 0.062
16.500 63.500
16.500 63.750
16.750 63.750
16.750 63.500
Building 4 5 0.062
16.500 63.750
16.500 64.000
16.750 64.000
16.750 63.750
Building 4 5 0.062
16.500 64.000
16.500 64.250
16.750 64.250
16.750 64.000
Building 4 5 0.062
16.750 64.500
16.750 64.250
16.500 64.250
16.500 64.500
Building 4 5 0.062
16.750 55.500
16.750 55.750
17.000 55.750
17.000 55.500
Building 4 5 0.062
16.750 55.750
16.750 56.000
17.000 56.000
17.000 55.750
Building 4 5 0.062
16.750 56.000
16.750 56.250
17.000 56.250
17.000 56.000
Building 4 5 0.062
16.750 56.250
16.750 56.500
17.000 56.500
17.000 56.250
Building 4 5 0.062
16.750 56.500
16.750 56.750
17.000 56.750
17.000 56.500
Building 4 5 0.062
16.750 56.750
16.750 57.000
17.000 57.000
17.000 56.750
Building 4 5 0.062
16.750 57.000
16.750 57.250
17.000 57.250
17.000 57.000
Building 4 5 0.062
17.000 57.500
17.000 57.250
16.750 57.250
16.750 57.500
Building 4 5 0.062
16.750 62.500
16.750 62.750
17.000 62.750
17.000 62.500
Building 4 5 0.062
16.750 62.750
16.750 63.000
17.000 63.000
17.000 62.750
Building 4 5 0.062
16.750 63.000
16.750 63.250
17.000 63.250
17.000 63.000
Building 4 5 0.062
16.750 63.250
16.750 63.500
17.000 63.500
17.000 63.250
Building 4 5 0.062
16.750 63.500
16.750 63.750
17.000 63.750
17.000 63.500
Building 4 5 0.062
16.750 63.750
16.750 64.000
17.000 64.000
17.000 63.750
Building 4 5 0.062
16.750 64.000
16.750 64.250
17.000 64.250
17.000 64.000
Building 4 5 0.062
17.000 64.500
17.000 64.250
16.750 64.250
16.750 64.500
Building 4 5 0.062
17.000 55.500
17.000 55.750
17.250 55.750
17.250 55.500
Building 4 5 0.062
17.000 55.750
17.000 56.000
17.250 56.000
17.250 55.750
Building 4 5 0.062
17.000 56.000
17.000 56.250
17.250 56.250
17.250 56.000
Building 4 5 0.062
17.000 56.250
17.000 56.500
17.250 56.500
17.250 56.250
Building 4 5 0.062
17.000 56.500
17.000 56.750
17.250 56.750
17.250 56.500
Building 4 5 0.062
17.000 56.750
17.000 57.000
17.250 57.000
17.250 56.750
Building 4 5 0.062
17.000 57.000
17.000 57.250
17.250 57.250
17.250 57.000
Building 4 5 0.062
17.250 57.500
17.250 57.250
17.000 57.250
17.000 57.500
Building 4 5 0.062
17.000 62.500
17.000 62.750
17.250 62.750
17.250 62.500
Building 4 5 0.062
17.000 62.750
17.000 63.000
17.250 63.000
17.250 62.750
Building 4 5 0.062
17.000 63.000
17.000 63.250
17.250 63.250
17.250 63.000
Building 4 5 0.062
17.000 63.250
17.000 63.500
17.250 63.500
17.250 63.250
Building 4 5 0.062
17.000 63.500
17.000 63.750
17.250 63.750
17.250 63.500
Building 4 5 0.062
17.000 63.750
17.000 64.000
17.250 64.000
17.250 63.750
Building 4 5 0.062
17.000 64.000
17.000 64.250
17.250 64.250
17.250 64.000
Building 4 5 0.062
17.250 64.500
17.250 64.250
17.000 64.250
17.000 64.500
Building 4 5 0.062
17.250 55.500
17.250 55.750
17.500 55.750
17.500 55.500
Building 4 5 0.062
17.250 55.750
17.250 56.000
17.500 56.000
17.500 55.750
Building 4 5 0.062
17.250 56.000
17.250 56.250
17.500 56.250
17.500 56.000
Building 4 5 0.062
17.250 56.250
17.250 56.500
17.500 56.500
17.500 56.250
Building 4 5 0.062
17.250 56.500
17.250 56.750
17.500 56.750
17.500 56.500
Building 4 5 0.062
17.250 56.750
17.250 57.000
17.500 57.000
17.500 56.750
Building 4 5 0.062
17.250 57.000
17.250 57.250
17.500 57.250
17.500 57.000
Building 4 5 0.062
17.500 57.500
17.500 57.250
17.250 57.250
17.250 57.500
Building 4 5 0.062
17.250 62.500
17.250 62.750
17.500 62.750
17.500 62.500
Building 4 5 0.062
17.250 62.750
17.250 63.000
17.500 63.000
17.500 62.750
Building 4 5 0.062
17.250 63.000
17.250 63.250
17.500 63.250
17.500 63.000
Building 4 5 0.062
17.250 63.250
17.250 63.500
17.500 63.500
17.500 63.250
Building 4 5 0.062
17.250 63.500
17.250 63.750
17.500 63.750
17.500 63.500
Building 4 5 0.062
17.250 63.750
17.250 64.000
17.500 64.000
17.500 63.750
Building 4 5 0.062
17.250 64.000
17.250 64.250
17.500 64.250
17.500 64.000
Building 4 5 0.062
17.500 64.500
17.500 64.250
17.250 64.250
17.250 64.500
Building 4 5 0.062
17.500 55.500
17.500 55.750
17.750 55.750
17.750 55.500
Building 4 5 0.062
17.500 55.750
17.500 56.000
17.750 56.000
17.750 55.750
Building 4 5 0.062
17.500 56.000
17.500 56.250
17.750 56.250
17.750 56.000
Building 4 5 0.062
17.500 56.250
17.500 56.500
17.750 56.500
17.750 56.250
Building 4 5 0.062
17.500 56.500
17.500 56.750
17.750 56.750
17.750 56.500
Building 4 5 0.062
17.500 56.750
17.500 57.000
17.750 57.000
17.750 56.750
Building 4 5 0.062
17.500 57.000
17.500 57.250
17.750 57.250
17.750 57.000
Building 4 5 0.062
17.750 57.500
17.750 57.250
17.500 57.250
17.500 57.500
Building 4 5 0.062
17.500 62.500
17.500 62.750
17.750 62.750
17.750 62.500
Building 4 5 0.062
17.500 62.750
17.500 63.000
17.750 63.000
17.750 62.750
Building 4 5 0.062
17.500 63.000
17.500 63.250
17.750 63.250
17.750 63.000
Building 4 5 0.062
17.500 63.250
17.500 63.500
17.750 63.500
17.750 63.250
Building 4 5 0.062
17.500 63.500
17.500 63.750
17.750 63.750
17.750 63.500
Building 4 5 0.062
17.500 63.750
17.500 64.000
17.750 64.000
17.750 63.750
Building 4 5 0.062
17.500 64.000
17.500 64.250
17.750 64.250
17.750 64.000
Building 4 5 0.062
17.750 64.500
17.750 64.250
17.500 64.250
17.500 64.500
Building 4 5 0.062
17.750 55.500
17.750 55.750
18.000 55.750
18.000 55.500
Building 4 5 0.062
17.750 55.750
17.750 56.000
18.000 56.000
18.000 55.750
Building 4 5 0.062
17.750 56.000
17.750 56.250
18.000 56.250
18.000 56.000
Building 4 5 0.062
17.750 56.250
17.750 56.500
18.000 56.500
18.000 56.250
Building 4 5 0.062
17.750 56.500
17.750 56.750
18.000 56.750
18.000 56.500
Building 4 5 0.062
17.750 56.750
17.750 57.000
18.000 57.000
18.000 56.750
Building 4 5 0.062
17.750 57.000
17.750 57.250
18.000 57.250
18.000 57.000
Building 4 5 0.062
18.000 57.500
18.000 57.250
17.750 57.250
17.750 57.500
Building 4 5 0.062
17.750 62.500
17.750 62.750
18.000 62.750
18.000 62.500
Building 4 5 0.062
17.750 62.750
17.750 63.000
18.000 63.000
18.000 62.750
Building 4 5 0.062
17.750 63.000
17.750 63.250
18.000 63.250
18.000 63.000
Building 4 5 0.062
17.750 63.250
17.750 63.500
18.000 63.500
18.000 63.250
Building 4 5 0.062
17.750 63.500
17.750 63.750
18.000 63.750
18.000 63.500
Building 4 5 0.062
17.750 63.750
17.750 64.000
18.000 64.000
18.000 63.750
Building 4 5 0.062
17.750 64.000
17.750 64.250
18.000 64.250
18.000 64.000
Building 4 5 0.062
18.000 64.500
18.000 64.250
17.750 64.250
17.750 64.500
Building 4 5 0.062
18.000 55.500
18.000 55.750
18.250 55.750
18.250 55.500
Building 4 5 0.062
18.000 55.750
18.000 56.000
18.250 56.000
18.250 55.750
Building 4 5 0.062
18.000 56.000
18.000 56.250
18.250 56.250
18.250 56.000
Building 4 5 0.062
18.000 56.250
18.000 56.500
18.250 56.500
18.250 56.250
Building 4 5 0.062
18.000 56.500
18.000 56.750
18.250 56.750
18.250 56.500
Building 4 5 0.062
18.000 56.750
18.000 57.000
18.250 57.000
18.250 56.750
Building 4 5 0.062
18.000 57.000
18.000 57.250
18.250 57.250
18.250 57.000
Building 4 5 0.062
18.250 57.500
18.250 57.250
18.000 57.250
18.000 57.500
Building 4 5 0.062
18.000 62.500
18.000 62.750
18.250 62.750
18.250 62.500
Building 4 5 0.062
18.000 62.750
18.000 63.000
18.250 63.000
18.250 62.750
Building 4 5 0.062
18.000 63.000
18.000 63.250
18.250 63.250
18.250 63.000
Building 4 5 0.062
18.000 63.250
18.000 63.500
18.250 63.500
18.250 63.250
Building 4 5 0.062
18.000 63.500
18.000 63.750
18.250 63.750
18.250 63.500
Building 4 5 0.062
18.000 63.750
18.000 64.000
18.250 64.000
18.250 63.750
Building 4 5 0.062
18.000 64.000
18.000 64.250
18.250 64.250
18.250 64.000
Building 4 5 0.062
18.250 64.500
18.250 64.250
18.000 64.250
18.000 64.500
Building 4 5 0.062
18.250 55.500
18.250 55.750
18.500 55.750
18.500 55.500
Building 4 5 0.062
18.250 55.750
18.250 56.000
18.500 56.000
18.500 55.750
Building 4 5 0.062
18.250 56.000
18.250 56.250
18.500 56.250
18.500 56.000
Building 4 5 0.062
18.250 56.250
18.250 56.500
18.500 56.500
18.500 56.250
Building 4 5 0.062
18.250 56.500
18.250 56.750
18.500 56.750
18.500 56.500
Building 4 5 0.062
18.250 56.750
18.250 57.000
18.500 57.000
18.500 56.750
Building 4 5 0.062
18.250 57.000
18.250 57.250
18.500 57.250
18.500 57.000
Building 4 5 0.062
18.500 57.500
18.500 57.250
18.250 57.250
18.250 57.500
Building 4 5 0.062
18.250 62.500
18.250 62.750
18.500 62.750
18.500 62.500
Building 4 5 0.062
18.250 62.750
18.250 63.000
18.500 63.000
18.500 62.750
Building 4 5 0.062
18.250 63.000
18.250 63.250
18.500 63.250
18.500 63.000
Building 4 5 0.062
18.250 63.250
18.250 63.500
18.500 63.500
18.500 63.250
Building 4 5 0.062
18.250 63.500
18.250 63.750
18.500 63.750
18.500 63.500
Building 4 5 0.062
18.250 63.750
18.250 64.000
18.500 64.000
18.500 63.750
Building 4 5 0.062
18.250 64.000
18.250 64.250
18.500 64.250
18.500 64.000
Building 4 5 0.062
18.500 64.500
18.500 64.250
18.250 64.250
18.250 64.500
Building 4 5 0.062
18.500 55.500
18.500 55.750
18.750 55.750
18.750 55.500
Building 4 5 0.062
18.500 55.750
18.500 56.000
18.750 56.000
18.750 55.750
Building 4 5 0.062
18.500 56.000
18.500 56.250
18.750 56.250
18.750 56.000
Building 4 5 0.062
18.500 56.250
18.500 56.500
18.750 56.500
18.750 56.250
Building 4 5 0.062
18.500 56.500
18.500 56.750
18.750 56.750
18.750 56.500
Building 4 5 0.062
18.500 56.750
18.500 57.000
18.750 57.000
18.750 56.750
Building 4 5 0.062
18.500 57.000
18.500 57.250
18.750 57.250
18.750 57.000
Building 4 5 0.062
18.750 57.500
18.750 57.250
18.500 57.250
18.500 57.500
Building 4 5 0.062
18.500 62.500
18.500 62.750
18.750 62.750
18.750 62.500
Building 4 5 0.062
18.500 62.750
18.500 63.000
18.750 63.000
18.750 62.750
Building 4 5 0.062
18.500 63.000
18.500 63.250
18.750 63.250
18.750 63.000
Building 4 5 0.062
18.500 63.250
18.500 63.500
18.750 63.500
18.750 63.250
Building 4 5 0.062
18.500 63.500
18.500 63.750
18.750 63.750
18.750 63.500
Building 4 5 0.062
18.500 63.750
18.500 64.000
18.750 64.000
18.750 63.750
Building 4 5 0.062
18.500 64.000
18.500 64.250
18.750 64.250
18.750 64.000
Building 4 5 0.062
18.750 64.500
18.750 64.250
18.500 64.250
18.500 64.500
Building 4 5 0.062
18.750 55.500
18.750 55.750
19.000 55.750
19.000 55.500
Building 4 5 0.062
18.750 55.750
18.750 56.000
19.000 56.000
19.000 55.750
Building 4 5 0.062
18.750 56.000
18.750 56.250
19.000 56.250
19.000 56.000
Building 4 5 0.062
18.750 56.250
18.750 56.500
19.000 56.500
19.000 56.250
Building 4 5 0.062
18.750 56.500
18.750 56.750
19.000 56.750
19.000 56.500
Building 4 5 0.062
18.750 56.750
18.750 57.000
19.000 57.000
19.000 56.750
Building 4 5 0.062
18.750 57.000
18.750 57.250
19.000 57.250
19.000 57.000
Building 4 5 0.062
19.000 57.500
19.000 57.250
18.750 57.250
18.750 57.500
Building 4 5 0.062
18.750 62.500
18.750 62.750
19.000 62.750
19.000 62.500
Building 4 5 0.062
18.750 62.750
18.750 63.000
19.000 63.000
19.000 62.750
Building 4 5 0.062
18.750 63.000
18.750 63.250
19.000 63.250
19.000 63.000
Building 4 5 0.062
18.750 63.250
18.750 63.500
19.000 63.500
19.000 63.250
Building 4 5 0.062
18.750 63.500
18.750 63.750
19.000 63.750
19.000 63.500
Building 4 5 0.062
18.750 63.750
18.750 64.000
19.000 64.000
19.000 63.750
Building 4 5 0.062
18.750 64.000
18.750 64.250
19.000 64.250
19.000 64.000
Building 4 5 0.062
19.000 64.500
19.000 64.250
18.750 64.250
18.750 64.500
Building 4 5 0.062
19.000 55.500
19.000 55.750
19.250 55.750
19.250 55.500
Building 4 5 0.062
19.000 55.750
19.000 56.000
19.250 56.000
19.250 55.750
Building 4 5 0.062
19.000 56.000
19.000 56.250
19.250 56.250
19.250 56.000
Building 4 5 0.062
19.000 56.250
19.000 56.500
19.250 56.500
19.250 56.250
Building 4 5 0.062
19.000 56.500
19.000 56.750
19.250 56.750
19.250 56.500
Building 4 5 0.062
19.000 56.750
19.000 57.000
19.250 57.000
19.250 56.750
Building 4 5 0.062
19.000 57.000
19.000 57.250
19.250 57.250
19.250 57.000
Building 4 5 0.062
19.250 57.500
19.250 57.250
19.000 57.250
19.000 57.500
Building 4 5 0.062
19.000 62.500
19.000 62.750
19.250 62.750
19.250 62.500
Building 4 5 0.062
19.000 62.750
19.000 63.000
19.250 63.000
19.250 62.750
Building 4 5 0.062
19.000 63.000
19.000 63.250
19.250 63.250
19.250 63.000
Building 4 5 0.062
19.000 63.250
19.000 63.500
19.250 63.500
19.250 63.250
Building 4 5 0.062
19.000 63.500
19.000 63.750
19.250 63.750
19.250 63.500
Building 4 5 0.062
19.000 63.750
19.000 64.000
19.250 64.000
19.250 63.750
Building 4 5 0.062
19.000 64.000
19.000 64.250
19.250 64.250
19.250 64.000
Building 4 5 0.062
19.250 64.500
19.250 64.250
19.000 64.250
19.000 64.500
Building 4 5 0.062
19.250 55.500
19.250 55.750
19.500 55.750
19.500 55.500
Building 4 5 0.062
19.250 55.750
19.250 56.000
19.500 56.000
19.500 55.750
Building 4 5 0.062
19.250 56.000
19.250 56.250
19.500 56.250
19.500 56.000
Building 4 5 0.062
19.250 56.250
19.250 56.500
19.500 56.500
19.500 56.250
Building 4 5 0.062
19.250 56.500
19.250 56.750
19.500 56.750
19.500 56.500
Building 4 5 0.062
19.250 56.750
19.250 57.000
19.500 57.000
19.500 56.750
Building 4 5 0.062
19.250 57.000
19.250 57.250
19.500 57.250
19.500 57.000
Building 4 5 0.062
19.500 57.500
19.500 57.250
19.250 57.250
19.250 57.500
Building 4 5 0.062
19.250 62.500
19.250 62.750
19.500 62.750
19.500 62.500
Building 4 5 0.062
19.250 62.750
19.250 63.000
19.500 63.000
19.500 62.750
Building 4 5 0.062
19.250 63.000
19.250 63.250
19.500 63.250
19.500 63.000
Building 4 5 0.062
19.250 63.250
19.250 63.500
19.500 63.500
19.500 63.250
Building 4 5 0.062
19.250 63.500
19.250 63.750
19.500 63.750
19.500 63.500
Building 4 5 0.062
19.250 63.750
19.250 64.000
19.500 64.000
19.500 63.750
Building 4 5 0.062
19.250 64.000
19.250 64.250
19.500 64.250
19.500 64.000
Building 4 5 0.062
19.500 64.500
19.500 64.250
19.250 64.250
19.250 64.500
Building 4 5 0.062
19.500 55.500
19.500 55.750
19.750 55.750
19.750 55.500
Building 4 5 0.062
19.500 55.750
19.500 56.000
19.750 56.000
19.750 55.750
Building 4 5 0.062
19.500 56.000
19.500 56.250
19.750 56.250
19.750 56.000
Building 4 5 0.062
19.500 56.250
19.500 56.500
19.750 56.500
19.750 56.250
Building 4 5 0.062
19.500 56.500
19.500 56.750
19.750 56.750
19.750 56.500
Building 4 5 0.062
19.500 56.750
19.500 57.000
19.750 57.000
19.750 56.750
Building 4 5 0.062
19.500 57.000
19.500 57.250
19.750 57.250
19.750 57.000
Building 4 5 0.062
19.750 57.500
19.750 57.250
19.500 57.250
19.500 57.500
Building 4 5 0.062
19.500 62.500
19.500 62.750
19.750 62.750
19.750 62.500
Building 4 5 0.062
19.500 62.750
19.500 63.000
19.750 63.000
19.750 62.750
Building 4 5 0.062
19.500 63.000
19.500 63.250
19.750 63.250
19.750 63.000
Building 4 5 0.062
19.500 63.250
19.500 63.500
19.750 63.500
19.750 63.250
Building 4 5 0.062
19.500 63.500
19.500 63.750
19.750 63.750
19.750 63.500
Building 4 5 0.062
19.500 63.750
19.500 64.000
19.750 64.000
19.750 63.750
Building 4 5 0.062
19.500 64.000
19.500 64.250
19.750 64.250
19.750 64.000
Building 4 5 0.062
19.750 64.500
19.750 64.250
19.500 64.250
19.500 64.500
Building 4 5 0.062
19.750 55.500
19.750 55.750
20.000 55.750
20.000 55.500
Building 4 5 0.062
19.750 55.750
19.750 56.000
20.000 56.000
20.000 55.750
Building 4 5 0.062
19.750 56.000
19.750 56.250
20.000 56.250
20.000 56.000
Building 4 5 0.062
19.750 56.250
19.750 56.500
20.000 56.500
20.000 56.250
Building 4 5 0.062
19.750 56.500
19.750 56.750
20.000 56.750
20.000 56.500
Building 4 5 0.062
19.750 56.750
19.750 57.000
20.000 57.000
20.000 56.750
Building 4 5 0.062
19.750 57.000
19.750 57.250
20.000 57.250
20.000 57.000
Building 4 5 0.062
20.000 57.500
20.000 57.250
19.750 57.250
19.750 57.500
Building 4 5 0.062
19.750 62.500
19.750 62.750
20.000 62.750
20.000 62.500
Building 4 5 0.062
19.750 62.750
19.750 63.000
20.000 63.000
20.000 62.750
Building 4 5 0.062
19.750 63.000
19.750 63.250
20.000 63.250
20.000 63.000
Building 4 5 0.062
19.750 63.250
19.750 63.500
20.000 63.500
20.000 63.250
Building 4 5 0.062
19.750 63.500
19.750 63.750
20.000 63.750
20.000 63.500
Building 4 5 0.062
19.750 63.750
19.750 64.000
20.000 64.000
20.000 63.750
Building 4 5 0.062
19.750 64.000
19.750 64.250
20.000 64.250
20.000 64.000
Building 4 5 0.062
20.000 64.500
20.000 64.250
19.750 64.250
19.750 64.500
Building 4 5 0.062
20.000 55.500
20.000 55.750
20.250 55.750
20.250 55.500
Building 4 5 0.062
20.000 55.750
20.000 56.000
20.250 56.000
20.250 55.750
Building 4 5 0.062
20.000 56.000
20.000 56.250
20.250 56.250
20.250 56.000
Building 4 5 0.062
20.000 56.250
20.000 56.500
20.250 56.500
20.250 56.250
Building 4 5 0.062
20.000 56.500
20.000 56.750
20.250 56.750
20.250 56.500
Building 4 5 0.062
20.000 56.750
20.000 57.000
20.250 57.000
20.250 56.750
Building 4 5 0.062
20.000 57.000
20.000 57.250
20.250 57.250
20.250 57.000
Building 4 5 0.062
20.250 57.500
20.250 57.250
20.000 57.250
20.000 57.500
Building 4 5 0.062
20.000 62.500
20.000 62.750
20.250 62.750
20.250 62.500
Building 4 5 0.062
20.000 62.750
20.000 63.000
20.250 63.000
20.250 62.750
Building 4 5 0.062
20.000 63.000
20.000 63.250
20.250 63.250
20.250 63.000
Building 4 5 0.062
20.000 63.250
20.000 63.500
20.250 63.500
20.250 63.250
Building 4 5 0.062
20.000 63.500
20.000 63.750
20.250 63.750
20.250 63.500
Building 4 5 0.062
20.000 63.750
20.000 64.000
20.250 64.000
20.250 63.750
Building 4 5 0.062
20.000 64.000
20.000 64.250
20.250 64.250
20.250 64.000
Building 4 5 0.062
20.250 64.500
20.250 64.250
20.000 64.250
20.000 64.500
Building 4 5 0.062
20.250 55.500
20.250 55.750
20.500 55.750
20.500 55.500
Building 4 5 0.062
20.250 55.750
20.250 56.000
20.500 56.000
20.500 55.750
Building 4 5 0.062
20.250 56.000
20.250 56.250
20.500 56.250
20.500 56.000
Building 4 5 0.062
20.250 56.250
20.250 56.500
20.500 56.500
20.500 56.250
Building 4 5 0.062
20.250 56.500
20.250 56.750
20.500 56.750
20.500 56.500
Building 4 5 0.062
20.250 56.750
20.250 57.000
20.500 57.000
20.500 56.750
Building 4 5 0.062
20.250 57.000
20.250 57.250
20.500 57.250
20.500 57.000
Building 4 5 0.062
20.500 57.500
20.500 57.250
20.250 57.250
20.250 57.500
Building 4 5 0.062
20.250 62.500
20.250 62.750
20.500 62.750
20.500 62.500
Building 4 5 0.062
20.250 62.750
20.250 63.000
20.500 63.000
20.500 62.750
Building 4 5 0.062
20.250 63.000
20.250 63.250
20.500 63.250
20.500 63.000
Building 4 5 0.062
20.250 63.250
20.250 63.500
20.500 63.500
20.500 63.250
Building 4 5 0.062
20.250 63.500
20.250 63.750
20.500 63.750
20.500 63.500
Building 4 5 0.062
20.250 63.750
20.250 64.000
20.500 64.000
20.500 63.750
Building 4 5 0.062
20.250 64.000
20.250 64.250
20.500 64.250
20.500 64.000
Building 4 5 0.062
20.500 64.500
20.500 64.250
20.250 64.250
20.250 64.500
Building 4 5 0.062
20.500 55.500
20.500 55.750
20.750 55.750
20.750 55.500
Building 4 5 0.062
20.500 55.750
20.500 56.000
20.750 56.000
20.750 55.750
Building 4 5 0.062
20.500 56.000
20.500 56.250
20.750 56.250
20.750 56.000
Building 4 5 0.062
20.500 56.250
20.500 56.500
20.750 56.500
20.750 56.250
Building 4 5 0.062
20.500 56.500
20.500 56.750
20.750 56.750
20.750 56.500
Building 4 5 0.062
20.500 56.750
20.500 57.000
20.750 57.000
20.750 56.750
Building 4 5 0.062
20.500 57.000
20.500 57.250
20.750 57.250
20.750 57.000
Building 4 5 0.062
20.750 57.500
20.750 57.250
20.500 57.250
20.500 57.500
Building 4 5 0.062
20.500 62.500
20.500 62.750
20.750 62.750
20.750 62.500
Building 4 5 0.062
20.500 62.750
20.500 63.000
20.750 63.000
20.750 62.750
Building 4 5 0.062
20.500 63.000
20.500 63.250
20.750 63.250
20.750 63.000
Building 4 5 0.062
20.500 63.250
20.500 63.500
20.750 63.500
20.750 63.250
Building 4 5 0.062
20.500 63.500
20.500 63.750
20.750 63.750
20.750 63.500
Building 4 5 0.062
20.500 63.750
20.500 64.000
20.750 64.000
20.750 63.750
Building 4 5 0.062
20.500 64.000
20.500 64.250
20.750 64.250
20.750 64.000
Building 4 5 0.062
20.750 64.500
20.750 64.250
20.500 64.250
20.500 64.500
Building 4 5 0.062
20.750 55.500
20.750 55.750
21.000 55.750
21.000 55.500
Building 4 5 0.062
20.750 55.750
20.750 56.000
21.000 56.000
21.000 55.750
Building 4 5 0.062
20.750 56.000
20.750 56.250
21.000 56.250
21.000 56.000
Building 4 5 0.062
20.750 56.250
20.750 56.500
21.000 56.500
21.000 56.250
Building 4 5 0.062
20.750 56.500
20.750 56.750
21.000 56.750
21.000 56.500
Building 4 5 0.062
20.750 56.750
20.750 57.000
21.000 57.000
21.000 56.750
Building 4 5 0.062
20.750 57.000
20.750 57.250
21.000 57.250
21.000 57.000
Building 4 5 0.062
21.000 57.500
21.000 57.250
20.750 57.250
20.750 57.500
Building 4 5 0.062
20.750 62.500
20.750 62.750
21.000 62.750
21.000 62.500
Building 4 5 0.062
20.750 62.750
20.750 63.000
21.000 63.000
21.000 62.750
Building 4 5 0.062
20.750 63.000
20.750 63.250
21.000 63.250
21.000 63.000
Building 4 5 0.062
20.750 63.250
20.750 63.500
21.000 63.500
21.000 63.250
Building 4 5 0.062
20.750 63.500
20.750 63.750
21.000 63.750
21.000 63.500
Building 4 5 0.062
20.750 63.750
20.750 64.000
21.000 64.000
21.000 63.750
Building 4 5 0.062
20.750 64.000
20.750 64.250
21.000 64.250
21.000 64.000
Building 4 5 0.062
21.000 64.500
21.000 64.250
20.750 64.250
20.750 64.500
Building 4 5 0.062
21.000 55.500
21.000 55.750
21.250 55.750
21.250 55.500
Building 4 5 0.062
21.000 55.750
21.000 56.000
21.250 56.000
21.250 55.750
Building 4 5 0.062
21.000 56.000
21.000 56.250
21.250 56.250
21.250 56.000
Building 4 5 0.062
21.000 56.250
21.000 56.500
21.250 56.500
21.250 56.250
Building 4 5 0.062
21.000 56.500
21.000 56.750
21.250 56.750
21.250 56.500
Building 4 5 0.062
21.000 56.750
21.000 57.000
21.250 57.000
21.250 56.750
Building 4 5 0.062
21.000 57.000
21.000 57.250
21.250 57.250
21.250 57.000
Building 4 5 0.062
21.250 57.500
21.250 57.250
21.000 57.250
21.000 57.500
Building 4 5 0.062
21.000 62.500
21.000 62.750
21.250 62.750
21.250 62.500
Building 4 5 0.062
21.000 62.750
21.000 63.000
21.250 63.000
21.250 62.750
Building 4 5 0.062
21.000 63.000
21.000 63.250
21.250 63.250
21.250 63.000
Building 4 5 0.062
21.000 63.250
21.000 63.500
21.250 63.500
21.250 63.250
Building 4 5 0.062
21.000 63.500
21.000 63.750
21.250 63.750
21.250 63.500
Building 4 5 0.062
21.000 63.750
21.000 64.000
21.250 64.000
21.250 63.750
Building 4 5 0.062
21.000 64.000
21.000 64.250
21.250 64.250
21.250 64.000
Building 4 5 0.062
21.250 64.500
21.250 64.250
21.000 64.250
21.000 64.500
Building 4 5 0.062
21.250 55.500
21.250 55.750
21.500 55.750
21.500 55.500
Building 4 5 0.062
21.250 55.750
21.250 56.000
21.500 56.000
21.500 55.750
Building 4 5 0.062
21.250 56.000
21.250 56.250
21.500 56.250
21.500 56.000
Building 4 5 0.062
21.250 56.250
21.250 56.500
21.500 56.500
21.500 56.250
Building 4 5 0.062
21.250 56.500
21.250 56.750
21.500 56.750
21.500 56.500
Building 4 5 0.062
21.250 56.750
21.250 57.000
21.500 57.000
21.500 56.750
Building 4 5 0.062
21.250 57.000
21.250 57.250
21.500 57.250
21.500 57.000
Building 4 5 0.062
21.500 57.500
21.500 57.250
21.250 57.250
21.250 57.500
Building 4 5 0.062
21.250 62.500
21.250 62.750
21.500 62.750
21.500 62.500
Building 4 5 0.062
21.250 62.750
21.250 63.000
21.500 63.000
21.500 62.750
Building 4 5 0.062
21.250 63.000
21.250 63.250
21.500 63.250
21.500 63.000
Building 4 5 0.062
21.250 63.250
21.250 63.500
21.500 63.500
21.500 63.250
Building 4 5 0.062
21.250 63.500
21.250 63.750
21.500 63.750
21.500 63.500
Building 4 5 0.062
21.250 63.750
21.250 64.000
21.500 64.000
21.500 63.750
Building 4 5 0.062
21.250 64.000
21.250 64.250
21.500 64.250
21.500 64.000
Building 4 5 0.062
21.500 64.500
21.500 64.250
21.250 64.250
21.250 64.500
Building 4 5 0.062
21.500 55.500
21.500 55.750
21.750 55.750
21.750 55.500
Building 4 5 0.062
21.500 55.750
21.500 56.000
21.750 56.000
21.750 55.750
Building 4 5 0.062
21.500 56.000
21.500 56.250
21.750 56.250
21.750 56.000
Building 4 5 0.062
21.500 56.250
21.500 56.500
21.750 56.500
21.750 56.250
Building 4 5 0.062
21.500 56.500
21.500 56.750
21.750 56.750
21.750 56.500
Building 4 5 0.062
21.500 56.750
21.500 57.000
21.750 57.000
21.750 56.750
Building 4 5 0.062
21.500 57.000
21.500 57.250
21.750 57.250
21.750 57.000
Building 4 5 0.062
21.750 57.500
21.750 57.250
21.500 57.250
21.500 57.500
Building 4 5 0.062
21.500 62.500
21.500 62.750
21.750 62.750
21.750 62.500
Building 4 5 0.062
21.500 62.750
21.500 63.000
21.750 63.000
21.750 62.750
Building 4 5 0.062
21.500 63.000
21.500 63.250
21.750 63.250
21.750 63.000
Building 4 5 0.062
21.500 63.250
21.500 63.500
21.750 63.500
21.750 63.250
Building 4 5 0.062
21.500 63.500
21.500 63.750
21.750 63.750
21.750 63.500
Building 4 5 0.062
21.500 63.750
21.500 64.000
21.750 64.000
21.750 63.750
Building 4 5 0.062
21.500 64.000
21.500 64.250
21.750 64.250
21.750 64.000
Building 4 5 0.062
21.750 64.500
21.750 64.250
21.500 64.250
21.500 64.500
Building 4 5 0.062
21.750 55.500
21.750 55.750
22.000 55.750
22.000 55.500
Building 4 5 0.062
21.750 55.750
21.750 56.000
22.000 56.000
22.000 55.750
Building 4 5 0.062
21.750 56.000
21.750 56.250
22.000 56.250
22.000 56.000
Building 4 5 0.062
21.750 56.250
21.750 56.500
22.000 56.500
22.000 56.250
Building 4 5 0.062
21.750 56.500
21.750 56.750
22.000 56.750
22.000 56.500
Building 4 5 0.062
21.750 56.750
21.750 57.000
22.000 57.000
22.000 56.750
Building 4 5 0.062
21.750 57.000
21.750 57.250
22.000 57.250
22.000 57.000
Building 4 5 0.062
22.000 57.500
22.000 57.250
21.750 57.250
21.750 57.500
Building 4 5 0.062
21.750 62.500
21.750 62.750
22.000 62.750
22.000 62.500
Building 4 5 0.062
21.750 62.750
21.750 63.000
22.000 63.000
22.000 62.750
Building 4 5 0.062
21.750 63.000
21.750 63.250
22.000 63.250
22.000 63.000
Building 4 5 0.062
21.750 63.250
21.750 63.500
22.000 63.500
22.000 63.250
Building 4 5 0.062
21.750 63.500
21.750 63.750
22.000 63.750
22.000 63.500
Building 4 5 0.062
21.750 63.750
21.750 64.000
22.000 64.000
22.000 63.750
Building 4 5 0.062
21.750 64.000
21.750 64.250
22.000 64.250
22.000 64.000
Building 4 5 0.062
22.000 64.500
22.000 64.250
21.750 64.250
21.750 64.500
Building 4 5 0.062
22.000 55.500
22.000 55.750
22.250 55.750
22.250 55.500
Building 4 5 0.062
22.000 55.750
22.000 56.000
22.250 56.000
22.250 55.750
Building 4 5 0.062
22.000 56.000
22.000 56.250
22.250 56.250
22.250 56.000
Building 4 5 0.062
22.000 56.250
22.000 56.500
22.250 56.500
22.250 56.250
Building 4 5 0.062
22.000 56.500
22.000 56.750
22.250 56.750
22.250 56.500
Building 4 5 0.062
22.000 56.750
22.000 57.000
22.250 57.000
22.250 56.750
Building 4 5 0.062
22.000 57.000
22.000 57.250
22.250 57.250
22.250 57.000
Building 4 5 0.062
22.250 57.500
22.250 57.250
22.000 57.250
22.000 57.500
Building 4 5 0.062
22.000 62.500
22.000 62.750
22.250 62.750
22.250 62.500
Building 4 5 0.062
22.000 62.750
22.000 63.000
22.250 63.000
22.250 62.750
Building 4 5 0.062
22.000 63.000
22.000 63.250
22.250 63.250
22.250 63.000
Building 4 5 0.062
22.000 63.250
22.000 63.500
22.250 63.500
22.250 63.250
Building 4 5 0.062
22.000 63.500
22.000 63.750
22.250 63.750
22.250 63.500
Building 4 5 0.062
22.000 63.750
22.000 64.000
22.250 64.000
22.250 63.750
Building 4 5 0.062
22.000 64.000
22.000 64.250
22.250 64.250
22.250 64.000
Building 4 5 0.062
22.250 64.500
22.250 64.250
22.000 64.250
22.000 64.500
Building 4 5 0.062
22.250 55.500
22.250 55.750
22.500 55.750
22.500 55.500
Building 4 5 0.062
22.250 55.750
22.250 56.000
22.500 56.000
22.500 55.750
Building 4 5 0.062
22.250 56.000
22.250 56.250
22.500 56.250
22.500 56.000
Building 4 5 0.062
22.250 56.250
22.250 56.500
22.500 56.500
22.500 56.250
Building 4 5 0.062
22.250 56.500
22.250 56.750
22.500 56.750
22.500 56.500
Building 4 5 0.062
22.250 56.750
22.250 57.000
22.500 57.000
22.500 56.750
Building 4 5 0.062
22.250 57.000
22.250 57.250
22.500 57.250
22.500 57.000
Building 4 5 0.062
22.500 57.500
22.500 57.250
22.250 57.250
22.250 57.500
Building 4 5 0.062
22.250 62.500
22.250 62.750
22.500 62.750
22.500 62.500
Building 4 5 0.062
22.250 62.750
22.250 63.000
22.500 63.000
22.500 62.750
Building 4 5 0.062
22.250 63.000
22.250 63.250
22.500 63.250
22.500 63.000
Building 4 5 0.062
22.250 63.250
22.250 63.500
22.500 63.500
22.500 63.250
Building 4 5 0.062
22.250 63.500
22.250 63.750
22.500 63.750
22.500 63.500
Building 4 5 0.062
22.250 63.750
22.250 64.000
22.500 64.000
22.500 63.750
Building 4 5 0.062
22.250 64.000
22.250 64.250
22.500 64.250
22.500 64.000
Building 4 5 0.062
22.500 64.500
22.500 64.250
22.250 64.250
22.250 64.500
Building 4 5 0.062
22.500 55.500
22.500 55.750
22.750 55.750
22.750 55.500
Building 4 5 0.062
22.500 55.750
22.500 56.000
22.750 56.000
22.750 55.750
Building 4 5 0.062
22.500 56.000
22.500 56.250
22.750 56.250
22.750 56.000
Building 4 5 0.062
22.500 56.250
22.500 56.500
22.750 56.500
22.750 56.250
Building 4 5 0.062
22.500 56.500
22.500 56.750
22.750 56.750
22.750 56.500
Building 4 5 0.062
22.500 56.750
22.500 57.000
22.750 57.000
22.750 56.750
Building 4 5 0.062
22.500 57.000
22.500 57.250
22.750 57.250
22.750 57.000
Building 4 5 0.062
22.750 57.500
22.750 57.250
22.500 57.250
22.500 57.500
Building 4 5 0.062
22.500 62.500
22.500 62.750
22.750 62.750
22.750 62.500
Building 4 5 0.062
22.500 62.750
22.500 63.000
22.750 63.000
22.750 62.750
Building 4 5 0.062
22.500 63.000
22.500 63.250
22.750 63.250
22.750 63.000
Building 4 5 0.062
22.500 63.250
22.500 63.500
22.750 63.500
22.750 63.250
Building 4 5 0.062
22.500 63.500
22.500 63.750
22.750 63.750
22.750 63.500
Building 4 5 0.062
22.500 63.750
22.500 64.000
22.750 64.000
22.750 63.750
Building 4 5 0.062
22.500 64.000
22.500 64.250
22.750 64.250
22.750 64.000
Building 4 5 0.062
22.750 64.500
22.750 64.250
22.500 64.250
22.500 64.500
Building 4 5 0.062
22.750 55.500
22.750 55.750
23.000 55.750
23.000 55.500
Building 4 5 0.062
22.750 55.750
22.750 56.000
23.000 56.000
23.000 55.750
Building 4 5 0.062
22.750 56.000
22.750 56.250
23.000 56.250
23.000 56.000
Building 4 5 0.062
22.750 56.250
22.750 56.500
23.000 56.500
23.000 56.250
Building 4 5 0.062
22.750 56.500
22.750 56.750
23.000 56.750
23.000 56.500
Building 4 5 0.062
22.750 56.750
22.750 57.000
23.000 57.000
23.000 56.750
Building 4 5 0.062
22.750 57.000
22.750 57.250
23.000 57.250
23.000 57.000
Building 4 5 0.062
23.000 57.500
23.000 57.250
22.750 57.250
22.750 57.500
Building 4 5 0.062
22.750 62.500
22.750 62.750
23.000 62.750
23.000 62.500
Building 4 5 0.062
22.750 62.750
22.750 63.000
23.000 63.000
23.000 62.750
Building 4 5 0.062
22.750 63.000
22.750 63.250
23.000 63.250
23.000 63.000
Building 4 5 0.062
22.750 63.250
22.750 63.500
23.000 63.500
23.000 63.250
Building 4 5 0.062
22.750 63.500
22.750 63.750
23.000 63.750
23.000 63.500
Building 4 5 0.062
22.750 63.750
22.750 64.000
23.000 64.000
23.000 63.750
Building 4 5 0.062
22.750 64.000
22.750 64.250
23.000 64.250
23.000 64.000
Building 4 5 0.062
23.000 64.500
23.000 64.250
22.750 64.250
22.750 64.500
Building 4 5 0.062
23.000 55.500
23.000 55.750
23.250 55.750
23.250 55.500
Building 4 5 0.062
23.000 55.750
23.000 56.000
23.250 56.000
23.250 55.750
Building 4 5 0.062
23.000 56.000
23.000 56.250
23.250 56.250
23.250 56.000
Building 4 5 0.062
23.000 56.250
23.000 56.500
23.250 56.500
23.250 56.250
Building 4 5 0.062
23.000 56.500
23.000 56.750
23.250 56.750
23.250 56.500
Building 4 5 0.062
23.000 56.750
23.000 57.000
23.250 57.000
23.250 56.750
Building 4 5 0.062
23.000 57.000
23.000 57.250
23.250 57.250
23.250 57.000
Building 4 5 0.062
23.250 57.500
23.250 57.250
23.000 57.250
23.000 57.500
Building 4 5 0.062
23.000 62.500
23.000 62.750
23.250 62.750
23.250 62.500
Building 4 5 0.062
23.000 62.750
23.000 63.000
23.250 63.000
23.250 62.750
Building 4 5 0.062
23.000 63.000
23.000 63.250
23.250 63.250
23.250 63.000
Building 4 5 0.062
23.000 63.250
23.000 63.500
23.250 63.500
23.250 63.250
Building 4 5 0.062
23.000 63.500
23.000 63.750
23.250 63.750
23.250 63.500
Building 4 5 0.062
23.000 63.750
23.000 64.000
23.250 64.000
23.250 63.750
Building 4 5 0.062
23.000 64.000
23.000 64.250
23.250 64.250
23.250 64.000
Building 4 5 0.062
23.250 64.500
23.250 64.250
23.000 64.250
23.000 64.500
Building 4 5 0.062
23.250 55.500
23.250 55.750
23.500 55.750
23.500 55.500
Building 4 5 0.062
23.250 55.750
23.250 56.000
23.500 56.000
23.500 55.750
Building 4 5 0.062
23.250 56.000
23.250 56.250
23.500 56.250
23.500 56.000
Building 4 5 0.062
23.250 56.250
23.250 56.500
23.500 56.500
23.500 56.250
Building 4 5 0.062
23.250 56.500
23.250 56.750
23.500 56.750
23.500 56.500
Building 4 5 0.062
23.250 56.750
23.250 57.000
23.500 57.000
23.500 56.750
Building 4 5 0.062
23.250 57.000
23.250 57.250
23.500 57.250
23.500 57.000
Building 4 5 0.062
23.500 57.500
23.500 57.250
23.250 57.250
23.250 57.500
Building 4 5 0.062
23.250 62.500
23.250 62.750
23.500 62.750
23.500 62.500
Building 4 5 0.062
23.250 62.750
23.250 63.000
23.500 63.000
23.500 62.750
Building 4 5 0.062
23.250 63.000
23.250 63.250
23.500 63.250
23.500 63.000
Building 4 5 0.062
23.250 63.250
23.250 63.500
23.500 63.500
23.500 63.250
Building 4 5 0.062
23.250 63.500
23.250 63.750
23.500 63.750
23.500 63.500
Building 4 5 0.062
23.250 63.750
23.250 64.000
23.500 64.000
23.500 63.750
Building 4 5 0.062
23.250 64.000
23.250 64.250
23.500 64.250
23.500 64.000
Building 4 5 0.062
23.500 64.500
23.500 64.250
23.250 64.250
23.250 64.500
Building 4 5 0.062
23.500 55.500
23.500 55.750
23.750 55.750
23.750 55.500
Building 4 5 0.062
23.500 55.750
23.500 56.000
23.750 56.000
23.750 55.750
Building 4 5 0.062
23.500 56.000
23.500 56.250
23.750 56.250
23.750 56.000
Building 4 5 0.062
23.500 56.250
23.500 56.500
23.750 56.500
23.750 56.250
Building 4 5 0.062
23.500 56.500
23.500 56.750
23.750 56.750
23.750 56.500
Building 4 5 0.062
23.500 56.750
23.500 57.000
23.750 57.000
23.750 56.750
Building 4 5 0.062
23.500 57.000
23.500 57.250
23.750 57.250
23.750 57.000
Building 4 5 0.062
23.750 57.500
23.750 57.250
23.500 57.250
23.500 57.500
Building 4 5 0.062
23.500 62.500
23.500 62.750
23.750 62.750
23.750 62.500
Building 4 5 0.062
23.500 62.750
23.500 63.000
23.750 63.000
23.750 62.750
Building 4 5 0.062
23.500 63.000
23.500 63.250
23.750 63.250
23.750 63.000
Building 4 5 0.062
23.500 63.250
23.500 63.500
23.750 63.500
23.750 63.250
Building 4 5 0.062
23.500 63.500
23.500 63.750
23.750 63.750
23.750 63.500
Building 4 5 0.062
23.500 63.750
23.500 64.000
23.750 64.000
23.750 63.750
Building 4 5 0.062
23.500 64.000
23.500 64.250
23.750 64.250
23.750 64.000
Building 4 5 0.062
23.750 64.500
23.750 64.250
23.500 64.250
23.500 64.500
Building 4 5 0.062
23.750 55.500
23.750 55.750
24.000 55.750
24.000 55.500
Building 4 5 0.062
23.750 55.750
23.750 56.000
24.000 56.000
24.000 55.750
Building 4 5 0.062
23.750 56.000
23.750 56.250
24.000 56.250
24.000 56.000
Building 4 5 0.062
23.750 56.250
23.750 56.500
24.000 56.500
24.000 56.250
Building 4 5 0.062
23.750 56.500
23.750 56.750
24.000 56.750
24.000 56.500
Building 4 5 0.062
23.750 56.750
23.750 57.000
24.000 57.000
24.000 56.750
Building 4 5 0.062
23.750 57.000
23.750 57.250
24.000 57.250
24.000 57.000
Building 4 5 0.062
24.000 57.500
24.000 57.250
23.750 57.250
23.750 57.500
Building 4 5 0.062
23.750 62.500
23.750 62.750
24.000 62.750
24.000 62.500
Building 4 5 0.062
23.750 62.750
23.750 63.000
24.000 63.000
24.000 62.750
Building 4 5 0.062
23.750 63.000
23.750 63.250
24.000 63.250
24.000 63.000
Building 4 5 0.062
23.750 63.250
23.750 63.500
24.000 63.500
24.000 63.250
Building 4 5 0.062
23.750 63.500
23.750 63.750
24.000 63.750
24.000 63.500
Building 4 5 0.062
23.750 63.750
23.750 64.000
24.000 64.000
24.000 63.750
Building 4 5 0.062
23.750 64.000
23.750 64.250
24.000 64.250
24.000 64.000
Building 4 5 0.062
24.000 64.500
24.000 64.250
23.750 64.250
23.750 64.500
Building 4 5 0.062
24.000 55.500
24.000 55.750
24.250 55.750
24.250 55.500
Building 4 5 0.062
24.000 55.750
24.000 56.000
24.250 56.000
24.250 55.750
Building 4 5 0.062
24.000 56.000
24.000 56.250
24.250 56.250
24.250 56.000
Building 4 5 0.062
24.000 56.250
24.000 56.500
24.250 56.500
24.250 56.250
Building 4 5 0.062
24.000 56.500
24.000 56.750
24.250 56.750
24.250 56.500
Building 4 5 0.062
24.000 56.750
24.000 57.000
24.250 57.000
24.250 56.750
Building 4 5 0.062
24.000 57.000
24.000 57.250
24.250 57.250
24.250 57.000
Building 4 5 0.062
24.250 57.500
24.250 57.250
24.000 57.250
24.000 57.500
Building 4 5 0.062
24.000 62.500
24.000 62.750
24.250 62.750
24.250 62.500
Building 4 5 0.062
24.000 62.750
24.000 63.000
24.250 63.000
24.250 62.750
Building 4 5 0.062
24.000 63.000
24.000 63.250
24.250 63.250
24.250 63.000
Building 4 5 0.062
24.000 63.250
24.000 63.500
24.250 63.500
24.250 63.250
Building 4 5 0.062
24.000 63.500
24.000 63.750
24.250 63.750
24.250 63.500
Building 4 5 0.062
24.000 63.750
24.000 64.000
24.250 64.000
24.250 63.750
Building 4 5 0.062
24.000 64.000
24.000 64.250
24.250 64.250
24.250 64.000
Building 4 5 0.062
24.250 64.500
24.250 64.250
24.000 64.250
24.000 64.500
Building 4 5 0.062
24.250 55.500
24.250 55.750
24.500 55.750
24.500 55.500
Building 4 5 0.062
24.250 55.750
24.250 56.000
24.500 56.000
24.500 55.750
Building 4 5 0.062
24.250 56.000
24.250 56.250
24.500 56.250
24.500 56.000
Building 4 5 0.062
24.250 56.250
24.250 56.500
24.500 56.500
24.500 56.250
Building 4 5 0.062
24.250 56.500
24.250 56.750
24.500 56.750
24.500 56.500
Building 4 5 0.062
24.250 56.750
24.250 57.000
24.500 57.000
24.500 56.750
Building 4 5 0.062
24.250 57.000
24.250 57.250
24.500 57.250
24.500 57.000
Building 4 5 0.062
24.500 57.500
24.500 57.250
24.250 57.250
24.250 57.500
Building 4 5 0.062
24.250 62.500
24.250 62.750
24.500 62.750
24.500 62.500
Building 4 5 0.062
24.250 62.750
24.250 63.000
24.500 63.000
24.500 62.750
Building 4 5 0.062
24.250 63.000
24.250 63.250
24.500 63.250
24.500 63.000
Building 4 5 0.062
24.250 63.250
24.250 63.500
24.500 63.500
24.500 63.250
Building 4 5 0.062
24.250 63.500
24.250 63.750
24.500 63.750
24.500 63.500
Building 4 5 0.062
24.250 63.750
24.250 64.000
24.500 64.000
24.500 63.750
Building 4 5 0.062
24.250 64.000
24.250 64.250
24.500 64.250
24.500 64.000
Building 4 5 0.062
24.500 64.500
24.500 64.250
24.250 64.250
24.250 64.500
Building 4 5 0.062
24.500 55.500
24.500 55.750
24.750 55.750
24.750 55.500
Building 4 5 0.062
24.500 55.750
24.500 56.000
24.750 56.000
24.750 55.750
Building 4 5 0.062
24.500 56.000
24.500 56.250
24.750 56.250
24.750 56.000
Building 4 5 0.062
24.500 56.250
24.500 56.500
24.750 56.500
24.750 56.250
Building 4 5 0.062
24.500 56.500
24.500 56.750
24.750 56.750
24.750 56.500
Building 4 5 0.062
24.500 56.750
24.500 57.000
24.750 57.000
24.750 56.750
Building 4 5 0.062
24.500 57.000
24.500 57.250
24.750 57.250
24.750 57.000
Building 4 5 0.062
24.750 57.500
24.750 57.250
24.500 57.250
24.500 57.500
Building 4 5 0.062
24.500 62.500
24.500 62.750
24.750 62.750
24.750 62.500
Building 4 5 0.062
24.500 62.750
24.500 63.000
24.750 63.000
24.750 62.750
Building 4 5 0.062
24.500 63.000
24.500 63.250
24.750 63.250
24.750 63.000
Building 4 5 0.062
24.500 63.250
24.500 63.500
24.750 63.500
24.750 63.250
Building 4 5 0.062
24.500 63.500
24.500 63.750
24.750 63.750
24.750 63.500
Building 4 5 0.062
24.500 63.750
24.500 64.000
24.750 64.000
24.750 63.750
Building 4 5 0.062
24.500 64.000
24.500 64.250
24.750 64.250
24.750 64.000
Building 4 5 0.062
24.750 64.500
24.750 64.250
24.500 64.250
24.500 64.500
Building 4 5 0.062
24.750 55.500
24.750 55.750
25.000 55.750
25.000 55.500
Building 4 5 0.062
24.750 55.750
24.750 56.000
25.000 56.000
25.000 55.750
Building 4 5 0.062
24.750 56.000
24.750 56.250
25.000 56.250
25.000 56.000
Building 4 5 0.062
24.750 56.250
24.750 56.500
25.000 56.500
25.000 56.250
Building 4 5 0.062
24.750 56.500
24.750 56.750
25.000 56.750
25.000 56.500
Building 4 5 0.062
24.750 56.750
24.750 57.000
25.000 57.000
25.000 56.750
Building 4 5 0.062
24.750 57.000
24.750 57.250
25.000 57.250
25.000 57.000
Building 4 5 0.062
25.000 57.500
25.000 57.250
24.750 57.250
24.750 57.500
Building 4 5 0.062
24.750 62.500
24.750 62.750
25.000 62.750
25.000 62.500
Building 4 5 0.062
24.750 62.750
24.750 63.000
25.000 63.000
25.000 62.750
Building 4 5 0.062
24.750 63.000
24.750 63.250
25.000 63.250
25.000 63.000
Building 4 5 0.062
24.750 63.250
24.750 63.500
25.000 63.500
25.000 63.250
Building 4 5 0.062
24.750 63.500
24.750 63.750
25.000 63.750
25.000 63.500
Building 4 5 0.062
24.750 63.750
24.750 64.000
25.000 64.000
25.000 63.750
Building 4 5 0.062
24.750 64.000
24.750 64.250
25.000 64.250
25.000 64.000
Building 4 5 0.062
25.000 64.500
25.000 64.250
24.750 64.250
24.750 64.500
Building 4 5 0.062
25.000 55.500
25.000 55.750
25.250 55.750
25.250 55.500
Building 4 5 0.062
25.000 55.750
25.000 56.000
25.250 56.000
25.250 55.750
Building 4 5 0.062
25.000 56.000
25.000 56.250
25.250 56.250
25.250 56.000
Building 4 5 0.062
25.000 56.250
25.000 56.500
25.250 56.500
25.250 56.250
Building 4 5 0.062
25.000 56.500
25.000 56.750
25.250 56.750
25.250 56.500
Building 4 5 0.062
25.000 56.750
25.000 57.000
25.250 57.000
25.250 56.750
Building 4 5 0.062
25.000 57.000
25.000 57.250
25.250 57.250
25.250 57.000
Building 4 5 0.062
25.250 57.500
25.250 57.250
25.000 57.250
25.000 57.500
Building 4 5 0.062
25.000 62.500
25.000 62.750
25.250 62.750
25.250 62.500
Building 4 5 0.062
25.000 62.750
25.000 63.000
25.250 63.000
25.250 62.750
Building 4 5 0.062
25.000 63.000
25.000 63.250
25.250 63.250
25.250 63.000
Building 4 5 0.062
25.000 63.250
25.000 63.500
25.250 63.500
25.250 63.250
Building 4 5 0.062
25.000 63.500
25.000 63.750
25.250 63.750
25.250 63.500
Building 4 5 0.062
25.000 63.750
25.000 64.000
25.250 64.000
25.250 63.750
Building 4 5 0.062
25.000 64.000
25.000 64.250
25.250 64.250
25.250 64.000
Building 4 5 0.062
25.250 64.500
25.250 64.250
25.000 64.250
25.000 64.500
Building 4 5 0.062
25.250 55.500
25.250 55.750
25.500 55.750
25.500 55.500
Building 4 5 0.062
25.250 55.750
25.250 56.000
25.500 56.000
25.500 55.750
Building 4 5 0.062
25.250 56.000
25.250 56.250
25.500 56.250
25.500 56.000
Building 4 5 0.062
25.250 56.250
25.250 56.500
25.500 56.500
25.500 56.250
Building 4 5 0.062
25.250 56.500
25.250 56.750
25.500 56.750
25.500 56.500
Building 4 5 0.062
25.250 56.750
25.250 57.000
25.500 57.000
25.500 56.750
Building 4 5 0.062
25.250 57.000
25.250 57.250
25.500 57.250
25.500 57.000
Building 4 5 0.062
25.500 57.500
25.500 57.250
25.250 57.250
25.250 57.500
Building 4 5 0.062
25.250 62.500
25.250 62.750
25.500 62.750
25.500 62.500
Building 4 5 0.062
25.250 62.750
25.250 63.000
25.500 63.000
25.500 62.750
Building 4 5 0.062
25.250 63.000
25.250 63.250
25.500 63.250
25.500 63.000
Building 4 5 0.062
25.250 63.250
25.250 63.500
25.500 63.500
25.500 63.250
Building 4 5 0.062
25.250 63.500
25.250 63.750
25.500 63.750
25.500 63.500
Building 4 5 0.062
25.250 63.750
25.250 64.000
25.500 64.000
25.500 63.750
Building 4 5 0.062
25.250 64.000
25.250 64.250
25.500 64.250
25.500 64.000
Building 4 5 0.062
25.500 64.500
25.500 64.250
25.250 64.250
25.250 64.500
Building 4 5 0.062
25.500 55.500
25.500 55.750
25.750 55.750
25.750 55.500
Building 4 5 0.062
25.500 55.750
25.500 56.000
25.750 56.000
25.750 55.750
Building 4 5 0.062
25.500 56.000
25.500 56.250
25.750 56.250
25.750 56.000
Building 4 5 0.062
25.500 56.250
25.500 56.500
25.750 56.500
25.750 56.250
Building 4 5 0.062
25.500 56.500
25.500 56.750
25.750 56.750
25.750 56.500
Building 4 5 0.062
25.500 56.750
25.500 57.000
25.750 57.000
25.750 56.750
Building 4 5 0.062
25.500 57.000
25.500 57.250
25.750 57.250
25.750 57.000
Building 4 5 0.062
25.750 57.500
25.750 57.250
25.500 57.250
25.500 57.500
Building 4 5 0.062
25.500 62.500
25.500 62.750
25.750 62.750
25.750 62.500
Building 4 5 0.062
25.500 62.750
25.500 63.000
25.750 63.000
25.750 62.750
Building 4 5 0.062
25.500 63.000
25.500 63.250
25.750 63.250
25.750 63.000
Building 4 5 0.062
25.500 63.250
25.500 63.500
25.750 63.500
25.750 63.250
Building 4 5 0.062
25.500 63.500
25.500 63.750
25.750 63.750
25.750 63.500
Building 4 5 0.062
25.500 63.750
25.500 64.000
25.750 64.000
25.750 63.750
Building 4 5 0.062
25.500 64.000
25.500 64.250
25.750 64.250
25.750 64.000
Building 4 5 0.062
25.750 64.500
25.750 64.250
25.500 64.250
25.500 64.500
Building 4 5 0.062
25.750 55.500
25.750 55.750
26.000 55.750
26.000 55.500
Building 4 5 0.062
25.750 55.750
25.750 56.000
26.000 56.000
26.000 55.750
Building 4 5 0.062
25.750 56.000
25.750 56.250
26.000 56.250
26.000 56.000
Building 4 5 0.062
25.750 56.250
25.750 56.500
26.000 56.500
26.000 56.250
Building 4 5 0.062
25.750 56.500
25.750 56.750
26.000 56.750
26.000 56.500
Building 4 5 0.062
25.750 56.750
25.750 57.000
26.000 57.000
26.000 56.750
Building 4 5 0.062
25.750 57.000
25.750 57.250
26.000 57.250
26.000 57.000
Building 4 5 0.062
26.000 57.500
26.000 57.250
25.750 57.250
25.750 57.500
Building 4 5 0.062
25.750 62.500
25.750 62.750
26.000 62.750
26.000 62.500
Building 4 5 0.062
25.750 62.750
25.750 63.000
26.000 63.000
26.000 62.750
Building 4 5 0.062
25.750 63.000
25.750 63.250
26.000 63.250
26.000 63.000
Building 4 5 0.062
25.750 63.250
25.750 63.500
26.000 63.500
26.000 63.250
Building 4 5 0.062
25.750 63.500
25.750 63.750
26.000 63.750
26.000 63.500
Building 4 5 0.062
25.750 63.750
25.750 64.000
26.000 64.000
26.000 63.750
Building 4 5 0.062
25.750 64.000
25.750 64.250
26.000 64.250
26.000 64.000
Building 4 5 0.062
26.000 64.500
26.000 64.250
25.750 64.250
25.750 64.500
Building 4 5 0.062
26.000 55.500
26.000 55.750
26.250 55.750
26.250 55.500
Building 4 5 0.062
26.000 55.750
26.000 56.000
26.250 56.000
26.250 55.750
Building 4 5 0.062
26.000 56.000
26.000 56.250
26.250 56.250
26.250 56.000
Building 4 5 0.062
26.000 56.250
26.000 56.500
26.250 56.500
26.250 56.250
Building 4 5 0.062
26.000 56.500
26.000 56.750
26.250 56.750
26.250 56.500
Building 4 5 0.062
26.000 56.750
26.000 57.000
26.250 57.000
26.250 56.750
Building 4 5 0.062
26.000 57.000
26.000 57.250
26.250 57.250
26.250 57.000
Building 4 5 0.062
26.250 57.500
26.250 57.250
26.000 57.250
26.000 57.500
Building 4 5 0.062
26.000 62.500
26.000 62.750
26.250 62.750
26.250 62.500
Building 4 5 0.062
26.000 62.750
26.000 63.000
26.250 63.000
26.250 62.750
Building 4 5 0.062
26.000 63.000
26.000 63.250
26.250 63.250
26.250 63.000
Building 4 5 0.062
26.000 63.250
26.000 63.500
26.250 63.500
26.250 63.250
Building 4 5 0.062
26.000 63.500
26.000 63.750
26.250 63.750
26.250 63.500
Building 4 5 0.062
26.000 63.750
26.000 64.000
26.250 64.000
26.250 63.750
Building 4 5 0.062
26.000 64.000
26.000 64.250
26.250 64.250
26.250 64.000
Building 4 5 0.062
26.250 64.500
26.250 64.250
26.000 64.250
26.000 64.500
Building 4 5 0.062
26.250 55.500
26.250 55.750
26.500 55.750
26.500 55.500
Building 4 5 0.062
26.250 55.750
26.250 56.000
26.500 56.000
26.500 55.750
Building 4 5 0.062
26.250 56.000
26.250 56.250
26.500 56.250
26.500 56.000
Building 4 5 0.062
26.250 56.250
26.250 56.500
26.500 56.500
26.500 56.250
Building 4 5 0.062
26.250 56.500
26.250 56.750
26.500 56.750
26.500 56.500
Building 4 5 0.062
26.250 56.750
26.250 57.000
26.500 57.000
26.500 56.750
Building 4 5 0.062
26.250 57.000
26.250 57.250
26.500 57.250
26.500 57.000
Building 4 5 0.062
26.500 57.500
26.500 57.250
26.250 57.250
26.250 57.500
Building 4 5 0.062
26.250 62.500
26.250 62.750
26.500 62.750
26.500 62.500
Building 4 5 0.062
26.250 62.750
26.250 63.000
26.500 63.000
26.500 62.750
Building 4 5 0.062
26.250 63.000
26.250 63.250
26.500 63.250
26.500 63.000
Building 4 5 0.062
26.250 63.250
26.250 63.500
26.500 63.500
26.500 63.250
Building 4 5 0.062
26.250 63.500
26.250 63.750
26.500 63.750
26.500 63.500
Building 4 5 0.062
26.250 63.750
26.250 64.000
26.500 64.000
26.500 63.750
Building 4 5 0.062
26.250 64.000
26.250 64.250
26.500 64.250
26.500 64.000
Building 4 5 0.062
26.500 64.500
26.500 64.250
26.250 64.250
26.250 64.500
Building 4 5 0.062
26.500 55.500
26.500 55.750
26.750 55.750
26.750 55.500
Building 4 5 0.062
26.500 55.750
26.500 56.000
26.750 56.000
26.750 55.750
Building 4 5 0.062
26.500 56.000
26.500 56.250
26.750 56.250
26.750 56.000
Building 4 5 0.062
26.500 56.250
26.500 56.500
26.750 56.500
26.750 56.250
Building 4 5 0.062
26.500 56.500
26.500 56.750
26.750 56.750
26.750 56.500
Building 4 5 0.062
26.500 56.750
26.500 57.000
26.750 57.000
26.750 56.750
Building 4 5 0.062
26.500 57.000
26.500 57.250
26.750 57.250
26.750 57.000
Building 4 5 0.062
26.750 57.500
26.750 57.250
26.500 57.250
26.500 57.500
Building 4 5 0.062
26.500 62.500
26.500 62.750
26.750 62.750
26.750 62.500
Building 4 5 0.062
26.500 62.750
26.500 63.000
26.750 63.000
26.750 62.750
Building 4 5 0.062
26.500 63.000
26.500 63.250
26.750 63.250
26.750 63.000
Building 4 5 0.062
26.500 63.250
26.500 63.500
26.750 63.500
26.750 63.250
Building 4 5 0.062
26.500 63.500
26.500 63.750
26.750 63.750
26.750 63.500
Building 4 5 0.062
26.500 63.750
26.500 64.000
26.750 64.000
26.750 63.750
Building 4 5 0.062
26.500 64.000
26.500 64.250
26.750 64.250
26.750 64.000
Building 4 5 0.062
26.750 64.500
26.750 64.250
26.500 64.250
26.500 64.500
Building 4 5 0.062
26.750 55.500
26.750 55.750
27.000 55.750
27.000 55.500
Building 4 5 0.062
26.750 55.750
26.750 56.000
27.000 56.000
27.000 55.750
Building 4 5 0.062
26.750 56.000
26.750 56.250
27.000 56.250
27.000 56.000
Building 4 5 0.062
26.750 56.250
26.750 56.500
27.000 56.500
27.000 56.250
Building 4 5 0.062
26.750 56.500
26.750 56.750
27.000 56.750
27.000 56.500
Building 4 5 0.062
26.750 56.750
26.750 57.000
27.000 57.000
27.000 56.750
Building 4 5 0.062
26.750 57.000
26.750 57.250
27.000 57.250
27.000 57.000
Building 4 5 0.062
27.000 57.500
27.000 57.250
26.750 57.250
26.750 57.500
Building 4 5 0.062
26.750 62.500
26.750 62.750
27.000 62.750
27.000 62.500
Building 4 5 0.062
26.750 62.750
26.750 63.000
27.000 63.000
27.000 62.750
Building 4 5 0.062
26.750 63.000
26.750 63.250
27.000 63.250
27.000 63.000
Building 4 5 0.062
26.750 63.250
26.750 63.500
27.000 63.500
27.000 63.250
Building 4 5 0.062
26.750 63.500
26.750 63.750
27.000 63.750
27.000 63.500
Building 4 5 0.062
26.750 63.750
26.750 64.000
27.000 64.000
27.000 63.750
Building 4 5 0.062
26.750 64.000
26.750 64.250
27.000 64.250
27.000 64.000
Building 4 5 0.062
27.000 64.500
27.000 64.250
26.750 64.250
26.750 64.500
Building 4 5 0.062
27.000 55.500
27.000 55.750
27.250 55.750
27.250 55.500
Building 4 5 0.062
27.000 55.750
27.000 56.000
27.250 56.000
27.250 55.750
Building 4 5 0.062
27.000 56.000
27.000 56.250
27.250 56.250
27.250 56.000
Building 4 5 0.062
27.000 56.250
27.000 56.500
27.250 56.500
27.250 56.250
Building 4 5 0.062
27.000 56.500
27.000 56.750
27.250 56.750
27.250 56.500
Building 4 5 0.062
27.000 56.750
27.000 57.000
27.250 57.000
27.250 56.750
Building 4 5 0.062
27.000 57.000
27.000 57.250
27.250 57.250
27.250 57.000
Building 4 5 0.062
27.250 57.500
27.250 57.250
27.000 57.250
27.000 57.500
Building 4 5 0.062
27.000 62.500
27.000 62.750
27.250 62.750
27.250 62.500
Building 4 5 0.062
27.000 62.750
27.000 63.000
27.250 63.000
27.250 62.750
Building 4 5 0.062
27.000 63.000
27.000 63.250
27.250 63.250
27.250 63.000
Building 4 5 0.062
27.000 63.250
27.000 63.500
27.250 63.500
27.250 63.250
Building 4 5 0.062
27.000 63.500
27.000 63.750
27.250 63.750
27.250 63.500
Building 4 5 0.062
27.000 63.750
27.000 64.000
27.250 64.000
27.250 63.750
Building 4 5 0.062
27.000 64.000
27.000 64.250
27.250 64.250
27.250 64.000
Building 4 5 0.062
27.250 64.500
27.250 64.250
27.000 64.250
27.000 64.500
Building 4 5 0.062
27.250 55.500
27.250 55.750
27.500 55.750
27.500 55.500
Building 4 5 0.062
27.250 55.750
27.250 56.000
27.500 56.000
27.500 55.750
Building 4 5 0.062
27.250 56.000
27.250 56.250
27.500 56.250
27.500 56.000
Building 4 5 0.062
27.250 56.250
27.250 56.500
27.500 56.500
27.500 56.250
Building 4 5 0.062
27.250 56.500
27.250 56.750
27.500 56.750
27.500 56.500
Building 4 5 0.062
27.250 56.750
27.250 57.000
27.500 57.000
27.500 56.750
Building 4 5 0.062
27.250 57.000
27.250 57.250
27.500 57.250
27.500 57.000
Building 4 5 0.062
27.500 57.500
27.500 57.250
27.250 57.250
27.250 57.500
Building 4 5 0.062
27.250 62.500
27.250 62.750
27.500 62.750
27.500 62.500
Building 4 5 0.062
27.250 62.750
27.250 63.000
27.500 63.000
27.500 62.750
Building 4 5 0.062
27.250 63.000
27.250 63.250
27.500 63.250
27.500 63.000
Building 4 5 0.062
27.250 63.250
27.250 63.500
27.500 63.500
27.500 63.250
Building 4 5 0.062
27.250 63.500
27.250 63.750
27.500 63.750
27.500 63.500
Building 4 5 0.062
27.250 63.750
27.250 64.000
27.500 64.000
27.500 63.750
Building 4 5 0.062
27.250 64.000
27.250 64.250
27.500 64.250
27.500 64.000
Building 4 5 0.062
27.500 64.500
27.500 64.250
27.250 64.250
27.250 64.500
Building 4 5 0.062
27.500 55.500
27.500 55.750
27.750 55.750
27.750 55.500
Building 4 5 0.062
27.500 55.750
27.500 56.000
27.750 56.000
27.750 55.750
Building 4 5 0.062
27.500 56.000
27.500 56.250
27.750 56.250
27.750 56.000
Building 4 5 0.062
27.500 56.250
27.500 56.500
27.750 56.500
27.750 56.250
Building 4 5 0.062
27.500 56.500
27.500 56.750
27.750 56.750
27.750 56.500
Building 4 5 0.062
27.500 56.750
27.500 57.000
27.750 57.000
27.750 56.750
Building 4 5 0.062
27.500 57.000
27.500 57.250
27.750 57.250
27.750 57.000
Building 4 5 0.062
27.750 57.500
27.750 57.250
27.500 57.250
27.500 57.500
Building 4 5 0.062
27.500 62.500
27.500 62.750
27.750 62.750
27.750 62.500
Building 4 5 0.062
27.500 62.750
27.500 63.000
27.750 63.000
27.750 62.750
Building 4 5 0.062
27.500 63.000
27.500 63.250
27.750 63.250
27.750 63.000
Building 4 5 0.062
27.500 63.250
27.500 63.500
27.750 63.500
27.750 63.250
Building 4 5 0.062
27.500 63.500
27.500 63.750
27.750 63.750
27.750 63.500
Building 4 5 0.062
27.500 63.750
27.500 64.000
27.750 64.000
27.750 63.750
Building 4 5 0.062
27.500 64.000
27.500 64.250
27.750 64.250
27.750 64.000
Building 4 5 0.062
27.750 64.500
27.750 64.250
27.500 64.250
27.500 64.500
Building 4 5 0.062
27.750 55.500
27.750 55.750
28.000 55.750
28.000 55.500
Building 4 5 0.062
27.750 55.750
27.750 56.000
28.000 56.000
28.000 55.750
Building 4 5 0.062
27.750 56.000
27.750 56.250
28.000 56.250
28.000 56.000
Building 4 5 0.062
27.750 56.250
27.750 56.500
28.000 56.500
28.000 56.250
Building 4 5 0.062
27.750 56.500
27.750 56.750
28.000 56.750
28.000 56.500
Building 4 5 0.062
27.750 56.750
27.750 57.000
28.000 57.000
28.000 56.750
Building 4 5 0.062
27.750 57.000
27.750 57.250
28.000 57.250
28.000 57.000
Building 4 5 0.062
28.000 57.500
28.000 57.250
27.750 57.250
27.750 57.500
Building 4 5 0.062
27.750 62.500
27.750 62.750
28.000 62.750
28.000 62.500
Building 4 5 0.062
27.750 62.750
27.750 63.000
28.000 63.000
28.000 62.750
Building 4 5 0.062
27.750 63.000
27.750 63.250
28.000 63.250
28.000 63.000
Building 4 5 0.062
27.750 63.250
27.750 63.500
28.000 63.500
28.000 63.250
Building 4 5 0.062
27.750 63.500
27.750 63.750
28.000 63.750
28.000 63.500
Building 4 5 0.062
27.750 63.750
27.750 64.000
28.000 64.000
28.000 63.750
Building 4 5 0.062
27.750 64.000
27.750 64.250
28.000 64.250
28.000 64.000
Building 4 5 0.062
28.000 64.500
28.000 64.250
27.750 64.250
27.750 64.500
Building 4 5 0.062
28.000 55.500
28.000 55.750
28.250 55.750
28.250 55.500
Building 4 5 0.062
28.000 55.750
28.000 56.000
28.250 56.000
28.250 55.750
Building 4 5 0.062
28.000 56.000
28.000 56.250
28.250 56.250
28.250 56.000
Building 4 5 0.062
28.000 56.250
28.000 56.500
28.250 56.500
28.250 56.250
Building 4 5 0.062
28.000 56.500
28.000 56.750
28.250 56.750
28.250 56.500
Building 4 5 0.062
28.000 56.750
28.000 57.000
28.250 57.000
28.250 56.750
Building 4 5 0.062
28.000 57.000
28.000 57.250
28.250 57.250
28.250 57.000
Building 4 5 0.062
28.250 57.500
28.250 57.250
28.000 57.250
28.000 57.500
Building 4 5 0.062
28.000 62.500
28.000 62.750
28.250 62.750
28.250 62.500
Building 4 5 0.062
28.000 62.750
28.000 63.000
28.250 63.000
28.250 62.750
Building 4 5 0.062
28.000 63.000
28.000 63.250
28.250 63.250
28.250 63.000
Building 4 5 0.062
28.000 63.250
28.000 63.500
28.250 63.500
28.250 63.250
Building 4 5 0.062
28.000 63.500
28.000 63.750
28.250 63.750
28.250 63.500
Building 4 5 0.062
28.000 63.750
28.000 64.000
28.250 64.000
28.250 63.750
Building 4 5 0.062
28.000 64.000
28.000 64.250
28.250 64.250
28.250 64.000
Building 4 5 0.062
28.250 64.500
28.250 64.250
28.000 64.250
28.000 64.500
Building 4 5 0.062
28.250 55.500
28.250 55.750
28.500 55.750
28.500 55.500
Building 4 5 0.062
28.250 55.750
28.250 56.000
28.500 56.000
28.500 55.750
Building 4 5 0.062
28.250 56.000
28.250 56.250
28.500 56.250
28.500 56.000
Building 4 5 0.062
28.250 56.250
28.250 56.500
28.500 56.500
28.500 56.250
Building 4 5 0.062
28.250 56.500
28.250 56.750
28.500 56.750
28.500 56.500
Building 4 5 0.062
28.250 56.750
28.250 57.000
28.500 57.000
28.500 56.750
Building 4 5 0.062
28.250 57.000
28.250 57.250
28.500 57.250
28.500 57.000
Building 4 5 0.062
28.500 57.500
28.500 57.250
28.250 57.250
28.250 57.500
Building 4 5 0.062
28.250 62.500
28.250 62.750
28.500 62.750
28.500 62.500
Building 4 5 0.062
28.250 62.750
28.250 63.000
28.500 63.000
28.500 62.750
Building 4 5 0.062
28.250 63.000
28.250 63.250
28.500 63.250
28.500 63.000
Building 4 5 0.062
28.250 63.250
28.250 63.500
28.500 63.500
28.500 63.250
Building 4 5 0.062
28.250 63.500
28.250 63.750
28.500 63.750
28.500 63.500
Building 4 5 0.062
28.250 63.750
28.250 64.000
28.500 64.000
28.500 63.750
Building 4 5 0.062
28.250 64.000
28.250 64.250
28.500 64.250
28.500 64.000
Building 4 5 0.062
28.500 64.500
28.500 64.250
28.250 64.250
28.250 64.500
Building 4 5 0.062
28.500 55.500
28.500 55.750
28.750 55.750
28.750 55.500
Building 4 5 0.062
28.500 55.750
28.500 56.000
28.750 56.000
28.750 55.750
Building 4 5 0.062
28.500 56.000
28.500 56.250
28.750 56.250
28.750 56.000
Building 4 5 0.062
28.500 56.250
28.500 56.500
28.750 56.500
28.750 56.250
Building 4 5 0.062
28.500 56.500
28.500 56.750
28.750 56.750
28.750 56.500
Building 4 5 0.062
28.500 56.750
28.500 57.000
28.750 57.000
28.750 56.750
Building 4 5 0.062
28.500 57.000
28.500 57.250
28.750 57.250
28.750 57.000
Building 4 5 0.062
28.750 57.500
28.750 57.250
28.500 57.250
28.500 57.500
Building 4 5 0.062
28.500 62.500
28.500 62.750
28.750 62.750
28.750 62.500
Building 4 5 0.062
28.500 62.750
28.500 63.000
28.750 63.000
28.750 62.750
Building 4 5 0.062
28.500 63.000
28.500 63.250
28.750 63.250
28.750 63.000
Building 4 5 0.062
28.500 63.250
28.500 63.500
28.750 63.500
28.750 63.250
Building 4 5 0.062
28.500 63.500
28.500 63.750
28.750 63.750
28.750 63.500
Building 4 5 0.062
28.500 63.750
28.500 64.000
28.750 64.000
28.750 63.750
Building 4 5 0.062
28.500 64.000
28.500 64.250
28.750 64.250
28.750 64.000
Building 4 5 0.062
28.750 64.500
28.750 64.250
28.500 64.250
28.500 64.500
Building 4 5 0.062
28.750 55.500
28.750 55.750
29.000 55.750
29.000 55.500
Building 4 5 0.062
28.750 55.750
28.750 56.000
29.000 56.000
29.000 55.750
Building 4 5 0.062
28.750 56.000
28.750 56.250
29.000 56.250
29.000 56.000
Building 4 5 0.062
28.750 56.250
28.750 56.500
29.000 56.500
29.000 56.250
Building 4 5 0.062
28.750 56.500
28.750 56.750
29.000 56.750
29.000 56.500
Building 4 5 0.062
28.750 56.750
28.750 57.000
29.000 57.000
29.000 56.750
Building 4 5 0.062
28.750 57.000
28.750 57.250
29.000 57.250
29.000 57.000
Building 4 5 0.062
29.000 57.500
29.000 57.250
28.750 57.250
28.750 57.500
Building 4 5 0.062
28.750 62.500
28.750 62.750
29.000 62.750
29.000 62.500
Building 4 5 0.062
28.750 62.750
28.750 63.000
29.000 63.000
29.000 62.750
Building 4 5 0.062
28.750 63.000
28.750 63.250
29.000 63.250
29.000 63.000
Building 4 5 0.062
28.750 63.250
28.750 63.500
29.000 63.500
29.000 63.250
Building 4 5 0.062
28.750 63.500
28.750 63.750
29.000 63.750
29.000 63.500
Building 4 5 0.062
28.750 63.750
28.750 64.000
29.000 64.000
29.000 63.750
Building 4 5 0.062
28.750 64.000
28.750 64.250
29.000 64.250
29.000 64.000
Building 4 5 0.062
29.000 64.500
29.000 64.250
28.750 64.250
28.750 64.500
Building 4 5 0.062
29.000 55.500
29.000 55.750
29.250 55.750
29.250 55.500
Building 4 5 0.062
29.000 55.750
29.000 56.000
29.250 56.000
29.250 55.750
Building 4 5 0.062
29.000 56.000
29.000 56.250
29.250 56.250
29.250 56.000
Building 4 5 0.062
29.000 56.250
29.000 56.500
29.250 56.500
29.250 56.250
Building 4 5 0.062
29.000 56.500
29.000 56.750
29.250 56.750
29.250 56.500
Building 4 5 0.062
29.000 56.750
29.000 57.000
29.250 57.000
29.250 56.750
Building 4 5 0.062
29.000 57.000
29.000 57.250
29.250 57.250
29.250 57.000
Building 4 5 0.062
29.250 57.500
29.250 57.250
29.000 57.250
29.000 57.500
Building 4 5 0.062
29.000 62.500
29.000 62.750
29.250 62.750
29.250 62.500
Building 4 5 0.062
29.000 62.750
29.000 63.000
29.250 63.000
29.250 62.750
Building 4 5 0.062
29.000 63.000
29.000 63.250
29.250 63.250
29.250 63.000
Building 4 5 0.062
29.000 63.250
29.000 63.500
29.250 63.500
29.250 63.250
Building 4 5 0.062
29.000 63.500
29.000 63.750
29.250 63.750
29.250 63.500
Building 4 5 0.062
29.000 63.750
29.000 64.000
29.250 64.000
29.250 63.750
Building 4 5 0.062
29.000 64.000
29.000 64.250
29.250 64.250
29.250 64.000
Building 4 5 0.062
29.250 64.500
29.250 64.250
29.000 64.250
29.000 64.500
Building 4 5 0.062
29.250 55.500
29.250 55.750
29.500 55.750
29.500 55.500
Building 4 5 0.062
29.250 55.750
29.250 56.000
29.500 56.000
29.500 55.750
Building 4 5 0.062
29.250 56.000
29.250 56.250
29.500 56.250
29.500 56.000
Building 4 5 0.062
29.250 56.250
29.250 56.500
29.500 56.500
29.500 56.250
Building 4 5 0.062
29.250 56.500
29.250 56.750
29.500 56.750
29.500 56.500
Building 4 5 0.062
29.250 56.750
29.250 57.000
29.500 57.000
29.500 56.750
Building 4 5 0.062
29.250 57.000
29.250 57.250
29.500 57.250
29.500 57.000
Building 4 5 0.062
29.500 57.500
29.500 57.250
29.250 57.250
29.250 57.500
Building 4 5 0.062
29.250 62.500
29.250 62.750
29.500 62.750
29.500 62.500
Building 4 5 0.062
29.250 62.750
29.250 63.000
29.500 63.000
29.500 62.750
Building 4 5 0.062
29.250 63.000
29.250 63.250
29.500 63.250
29.500 63.000
Building 4 5 0.062
29.250 63.250
29.250 63.500
29.500 63.500
29.500 63.250
Building 4 5 0.062
29.250 63.500
29.250 63.750
29.500 63.750
29.500 63.500
Building 4 5 0.062
29.250 63.750
29.250 64.000
29.500 64.000
29.500 63.750
Building 4 5 0.062
29.250 64.000
29.250 64.250
29.500 64.250
29.500 64.000
Building 4 5 0.062
29.500 64.500
29.500 64.250
29.250 64.250
29.250 64.500
Building 4 5 0.062
29.500 55.500
29.500 55.750
29.750 55.750
29.750 55.500
Building 4 5 0.062
29.500 55.750
29.500 56.000
29.750 56.000
29.750 55.750
Building 4 5 0.062
29.500 56.000
29.500 56.250
29.750 56.250
29.750 56.000
Building 4 5 0.062
29.500 56.250
29.500 56.500
29.750 56.500
29.750 56.250
Building 4 5 0.062
29.500 56.500
29.500 56.750
29.750 56.750
29.750 56.500
Building 4 5 0.062
29.500 56.750
29.500 57.000
29.750 57.000
29.750 56.750
Building 4 5 0.062
29.500 57.000
29.500 57.250
29.750 57.250
29.750 57.000
Building 4 5 0.062
29.750 57.500
29.750 57.250
29.500 57.250
29.500 57.500
Building 4 5 0.062
29.500 62.500
29.500 62.750
29.750 62.750
29.750 62.500
Building 4 5 0.062
29.500 62.750
29.500 63.000
29.750 63.000
29.750 62.750
Building 4 5 0.062
29.500 63.000
29.500 63.250
29.750 63.250
29.750 63.000
Building 4 5 0.062
29.500 63.250
29.500 63.500
29.750 63.500
29.750 63.250
Building 4 5 0.062
29.500 63.500
29.500 63.750
29.750 63.750
29.750 63.500
Building 4 5 0.062
29.500 63.750
29.500 64.000
29.750 64.000
29.750 63.750
Building 4 5 0.062
29.500 64.000
29.500 64.250
29.750 64.250
29.750 64.000
Building 4 5 0.062
29.750 64.500
29.750 64.250
29.500 64.250
29.500 64.500
Building 4 5 0.062
29.750 55.500
29.750 55.750
30.000 55.750
30.000 55.500
Building 4 5 0.062
29.750 55.750
29.750 56.000
30.000 56.000
30.000 55.750
Building 4 5 0.062
29.750 56.000
29.750 56.250
30.000 56.250
30.000 56.000
Building 4 5 0.062
29.750 56.250
29.750 56.500
30.000 56.500
30.000 56.250
Building 4 5 0.062
29.750 56.500
29.750 56.750
30.000 56.750
30.000 56.500
Building 4 5 0.062
29.750 56.750
29.750 57.000
30.000 57.000
30.000 56.750
Building 4 5 0.062
29.750 57.000
29.750 57.250
30.000 57.250
30.000 57.000
Building 4 5 0.062
30.000 57.500
30.000 57.250
29.750 57.250
29.750 57.500
Building 4 5 0.062
29.750 62.500
29.750 62.750
30.000 62.750
30.000 62.500
Building 4 5 0.062
29.750 62.750
29.750 63.000
30.000 63.000
30.000 62.750
Building 4 5 0.062
29.750 63.000
29.750 63.250
30.000 63.250
30.000 63.000
Building 4 5 0.062
29.750 63.250
29.750 63.500
30.000 63.500
30.000 63.250
Building 4 5 0.062
29.750 63.500
29.750 63.750
30.000 63.750
30.000 63.500
Building 4 5 0.062
29.750 63.750
29.750 64.000
30.000 64.000
30.000 63.750
Building 4 5 0.062
29.750 64.000
29.750 64.250
30.000 64.250
30.000 64.000
Building 4 5 0.062
30.000 64.500
30.000 64.250
29.750 64.250
29.750 64.500
Building 4 5 0.062
30.000 55.500
30.000 55.750
30.250 55.750
30.250 55.500
Building 4 5 0.062
30.000 55.750
30.000 56.000
30.250 56.000
30.250 55.750
Building 4 5 0.062
30.000 56.000
30.000 56.250
30.250 56.250
30.250 56.000
Building 4 5 0.062
30.000 56.250
30.000 56.500
30.250 56.500
30.250 56.250
Building 4 5 0.062
30.000 56.500
30.000 56.750
30.250 56.750
30.250 56.500
Building 4 5 0.062
30.000 56.750
30.000 57.000
30.250 57.000
30.250 56.750
Building 4 5 0.062
30.000 57.000
30.000 57.250
30.250 57.250
30.250 57.000
Building 4 5 0.062
30.250 57.500
30.250 57.250
30.000 57.250
30.000 57.500
Building 4 5 0.062
30.000 62.500
30.000 62.750
30.250 62.750
30.250 62.500
Building 4 5 0.062
30.000 62.750
30.000 63.000
30.250 63.000
30.250 62.750
Building 4 5 0.062
30.000 63.000
30.000 63.250
30.250 63.250
30.250 63.000
Building 4 5 0.062
30.000 63.250
30.000 63.500
30.250 63.500
30.250 63.250
Building 4 5 0.062
30.000 63.500
30.000 63.750
30.250 63.750
30.250 63.500
Building 4 5 0.062
30.000 63.750
30.000 64.000
30.250 64.000
30.250 63.750
Building 4 5 0.062
30.000 64.000
30.000 64.250
30.250 64.250
30.250 64.000
Building 4 5 0.062
30.250 64.500
30.250 64.250
30.000 64.250
30.000 64.500
Building 4 5 0.062
30.250 55.500
30.250 55.750
30.500 55.750
30.500 55.500
Building 4 5 0.062
30.250 55.750
30.250 56.000
30.500 56.000
30.500 55.750
Building 4 5 0.062
30.250 56.000
30.250 56.250
30.500 56.250
30.500 56.000
Building 4 5 0.062
30.250 56.250
30.250 56.500
30.500 56.500
30.500 56.250
Building 4 5 0.062
30.250 56.500
30.250 56.750
30.500 56.750
30.500 56.500
Building 4 5 0.062
30.250 56.750
30.250 57.000
30.500 57.000
30.500 56.750
Building 4 5 0.062
30.250 57.000
30.250 57.250
30.500 57.250
30.500 57.000
Building 4 5 0.062
30.500 57.500
30.500 57.250
30.250 57.250
30.250 57.500
Building 4 5 0.062
30.250 62.500
30.250 62.750
30.500 62.750
30.500 62.500
Building 4 5 0.062
30.250 62.750
30.250 63.000
30.500 63.000
30.500 62.750
Building 4 5 0.062
30.250 63.000
30.250 63.250
30.500 63.250
30.500 63.000
Building 4 5 0.062
30.250 63.250
30.250 63.500
30.500 63.500
30.500 63.250
Building 4 5 0.062
30.250 63.500
30.250 63.750
30.500 63.750
30.500 63.500
Building 4 5 0.062
30.250 63.750
30.250 64.000
30.500 64.000
30.500 63.750
Building 4 5 0.062
30.250 64.000
30.250 64.250
30.500 64.250
30.500 64.000
Building 4 5 0.062
30.500 64.500
30.500 64.250
30.250 64.250
30.250 64.500
Building 4 5 0.062
30.500 26.250
30.750 26.250
30.750 26.000
30.500 26.000
Building 4 5 0.062
30.500 26.500
30.750 26.500
30.750 26.250
30.500 26.250
Building 4 5 0.062
30.500 26.750
30.750 26.750
30.750 26.500
30.500 26.500
Building 4 5 0.062
30.500 27.000
30.750 27.000
30.750 26.750
30.500 26.750
Building 4 5 0.062
30.500 27.250
30.750 27.250
30.750 27.000
30.500 27.000
Building 4 5 0.062
30.500 27.500
30.750 27.500
30.750 27.250
30.500 27.250
Building 4 5 0.062
30.500 27.750
30.750 27.750
30.750 27.500
30.500 27.500
Building 4 5 0.062
30.500 28.000
30.750 28.000
30.750 27.750
30.500 27.750
Building 4 5 0.062
30.500 28.250
30.750 28.250
30.750 28.000
30.500 28.000
Building 4 5 0.062
30.500 28.500
30.750 28.500
30.750 28.250
30.500 28.250
Building 4 5 0.062
30.500 28.750
30.750 28.750
30.750 28.500
30.500 28.500
Building 4 5 0.062
30.500 29.000
30.750 29.000
30.750 28.750
30.500 28.750
Building 4 5 0.062
30.500 29.250
30.750 29.250
30.750 29.000
30.500 29.000
Building 4 5 0.062
30.500 29.500
30.750 29.500
30.750 29.250
30.500 29.250
Building 4 5 0.062
30.500 29.750
30.750 29.750
30.750 29.500
30.500 29.500
Building 4 5 0.062
30.500 30.000
30.750 30.000
30.750 29.750
30.500 29.750
Building 4 5 0.062
30.500 30.250
30.750 30.250
30.750 30.000
30.500 30.000
Building 4 5 0.062
30.500 30.500
30.750 30.500
30.750 30.250
30.500 30.250
Building 4 5 0.062
30.500 30.750
30.750 30.750
30.750 30.500
30.500 30.500
Building 4 5 0.062
30.500 31.000
30.750 31.000
30.750 30.750
30.500 30.750
Building 4 5 0.062
30.500 31.250
30.750 31.250
30.750 31.000
30.500 31.000
Building 4 5 0.062
30.500 31.500
30.750 31.500
30.750 31.250
30.500 31.250
Building 4 5 0.062
30.500 31.750
30.750 31.750
30.750 31.500
30.500 31.500
Building 4 5 0.062
30.500 32.000
30.750 32.000
30.750 31.750
30.500 31.750
Building 4 5 0.062
30.500 32.250
30.750 32.250
30.750 32.000
30.500 32.000
Building 4 5 0.062
30.500 32.500
30.750 32.500
30.750 32.250
30.500 32.250
Building 4 5 0.062
30.500 32.750
30.750 32.750
30.750 32.500
30.500 32.500
Building 4 5 0.062
30.500 33.000
30.750 33.000
30.750 32.750
30.500 32.750
Building 4 5 0.062
30.500 33.250
30.750 33.250
30.750 33.000
30.500 33.000
Building 4 5 0.062
30.500 33.500
30.750 33.500
30.750 33.250
30.500 33.250
Building 4 5 0.062
30.500 33.750
30.750 33.750
30.750 33.500
30.500 33.500
Building 4 5 0.062
30.500 34.000
30.750 34.000
30.750 33.750
30.500 33.750
Building 4 5 0.062
30.500 34.250
30.750 34.250
30.750 34.000
30.500 34.000
Building 4 5 0.062
30.500 34.500
30.750 34.500
30.750 34.250
30.500 34.250
Building 4 5 0.062
30.500 34.750
30.750 34.750
30.750 34.500
30.500 34.500
Building 4 5 0.062
30.500 35.000
30.750 35.000
30.750 34.750
30.500 34.750
Building 4 5 0.062
30.500 35.250
30.750 35.250
30.750 35.000
30.500 35.000
Building 4 5 0.062
30.500 35.500
30.750 35.500
30.750 35.250
30.500 35.250
Building 4 5 0.062
30.500 35.750
30.750 35.750
30.750 35.500
30.500 35.500
Building 4 5 0.062
30.500 36.000
30.750 36.000
30.750 35.750
30.500 35.750
Building 4 5 0.062
30.500 36.250
30.750 36.250
30.750 36.000
30.500 36.000
Building 4 5 0.062
30.500 36.500
30.750 36.500
30.750 36.250
30.500 36.250
Building 4 5 0.062
30.500 36.750
30.750 36.750
30.750 36.500
30.500 36.500
Building 4 5 0.062
30.500 37.000
30.750 37.000
30.750 36.750
30.500 36.750
Building 4 5 0.062
30.500 37.250
30.750 37.250
30.750 37.000
30.500 37.000
Building 4 5 0.062
30.500 37.500
30.750 37.500
30.750 37.250
30.500 37.250
Building 4 5 0.062
30.500 37.750
30.750 37.750
30.750 37.500
30.500 37.500
Building 4 5 0.062
30.500 38.000
30.750 38.000
30.750 37.750
30.500 37.750
Building 4 5 0.062
30.500 38.250
30.750 38.250
30.750 38.000
30.500 38.000
Building 4 5 0.062
30.500 38.500
30.750 38.500
30.750 38.250
30.500 38.250
Building 4 5 0.062
30.500 38.750
30.750 38.750
30.750 38.500
30.500 38.500
Building 4 5 0.062
30.500 39.000
30.750 39.000
30.750 38.750
30.500 38.750
Building 4 5 0.062
30.500 39.250
30.750 39.250
30.750 39.000
30.500 39.000
Building 4 5 0.062
30.500 39.500
30.750 39.500
30.750 39.250
30.500 39.250
Building 4 5 0.062
30.500 39.750
30.750 39.750
30.750 39.500
30.500 39.500
Building 4 5 0.062
30.500 40.000
30.750 40.000
30.750 39.750
30.500 39.750
Building 4 5 0.062
30.500 40.250
30.750 40.250
30.750 40.000
30.500 40.000
Building 4 5 0.062
30.500 40.500
30.750 40.500
30.750 40.250
30.500 40.250
Building 4 5 0.062
30.500 40.750
30.750 40.750
30.750 40.500
30.500 40.500
Building 4 5 0.062
30.500 41.000
30.750 41.000
30.750 40.750
30.500 40.750
Building 4 5 0.062
30.500 41.250
30.750 41.250
30.750 41.000
30.500 41.000
Building 4 5 0.062
30.500 41.500
30.750 41.500
30.750 41.250
30.500 41.250
Building 4 5 0.062
30.500 41.750
30.750 41.750
30.750 41.500
30.500 41.500
Building 4 5 0.062
30.500 42.000
30.750 42.000
30.750 41.750
30.500 41.750
Building 4 5 0.062
30.500 42.250
30.750 42.250
30.750 42.000
30.500 42.000
Building 4 5 0.062
30.500 42.500
30.750 42.500
30.750 42.250
30.500 42.250
Building 4 5 0.062
30.500 42.750
30.750 42.750
30.750 42.500
30.500 42.500
Building 4 5 0.062
30.500 43.000
30.750 43.000
30.750 42.750
30.500 42.750
Building 4 5 0.062
30.500 43.250
30.750 43.250
30.750 43.000
30.500 43.000
Building 4 5 0.062
30.500 43.500
30.750 43.500
30.750 43.250
30.500 43.250
Building 4 5 0.062
30.500 43.750
30.750 43.750
30.750 43.500
30.500 43.500
Building 4 5 0.062
30.500 44.000
30.750 44.000
30.750 43.750
30.500 43.750
Building 4 5 0.062
30.500 44.250
30.750 44.250
30.750 44.000
30.500 44.000
Building 4 5 0.062
30.500 44.500
30.750 44.500
30.750 44.250
30.500 44.250
Building 4 5 0.062
30.500 44.750
30.750 44.750
30.750 44.500
30.500 44.500
Building 4 5 0.062
30.500 45.000
30.750 45.000
30.750 44.750
30.500 44.750
Building 4 5 0.062
30.500 45.250
30.750 45.250
30.750 45.000
30.500 45.000
Building 4 5 0.062
30.500 45.500
30.750 45.500
30.750 45.250
30.500 45.250
Building 4 5 0.062
30.500 45.750
30.750 45.750
30.750 45.500
30.500 45.500
Building 4 5 0.062
30.500 46.000
30.750 46.000
30.750 45.750
30.500 45.750
Building 4 5 0.062
30.500 46.250
30.750 46.250
30.750 46.000
30.500 46.000
Building 4 5 0.062
30.500 46.500
30.750 46.500
30.750 46.250
30.500 46.250
Building 4 5 0.062
30.500 46.750
30.750 46.750
30.750 46.500
30.500 46.500
Building 4 5 0.062
30.500 47.000
30.750 47.000
30.750 46.750
30.500 46.750
Building 4 5 0.062
30.500 47.250
30.750 47.250
30.750 47.000
30.500 47.000
Building 4 5 0.062
30.500 47.500
30.750 47.500
30.750 47.250
30.500 47.250
Building 4 5 0.062
30.500 47.750
30.750 47.750
30.750 47.500
30.500 47.500
Building 4 5 0.062
30.500 48.000
30.750 48.000
30.750 47.750
30.500 47.750
Building 4 5 0.062
30.500 48.250
30.750 48.250
30.750 48.000
30.500 48.000
Building 4 5 0.062
30.500 48.500
30.750 48.500
30.750 48.250
30.500 48.250
Building 4 5 0.062
30.500 48.750
30.750 48.750
30.750 48.500
30.500 48.500
Building 4 5 0.062
30.500 49.000
30.750 49.000
30.750 48.750
30.500 48.750
Building 4 5 0.062
30.500 49.250
30.750 49.250
30.750 49.000
30.500 49.000
Building 4 5 0.062
30.500 49.500
30.750 49.500
30.750 49.250
30.500 49.250
Building 4 5 0.062
30.500 49.750
30.750 49.750
30.750 49.500
30.500 49.500
Building 4 5 0.062
30.500 50.000
30.750 50.000
30.750 49.750
30.500 49.750
Building 4 5 0.062
30.500 50.250
30.750 50.250
30.750 50.000
30.500 50.000
Building 4 5 0.062
30.500 50.500
30.750 50.500
30.750 50.250
30.500 50.250
Building 4 5 0.062
30.500 50.750
30.750 50.750
30.750 50.500
30.500 50.500
Building 4 5 0.062
30.500 51.000
30.750 51.000
30.750 50.750
30.500 50.750
Building 4 5 0.062
30.500 51.250
30.750 51.250
30.750 51.000
30.500 51.000
Building 4 5 0.062
30.500 51.500
30.750 51.500
30.750 51.250
30.500 51.250
Building 4 5 0.062
30.500 51.750
30.750 51.750
30.750 51.500
30.500 51.500
Building 4 5 0.062
30.500 52.000
30.750 52.000
30.750 51.750
30.500 51.750
Building 4 5 0.062
30.500 52.250
30.750 52.250
30.750 52.000
30.500 52.000
Building 4 5 0.062
30.500 52.500
30.750 52.500
30.750 52.250
30.500 52.250
Building 4 5 0.062
30.500 52.750
30.750 52.750
30.750 52.500
30.500 52.500
Building 4 5 0.062
30.500 53.000
30.750 53.000
30.750 52.750
30.500 52.750
Building 4 5 0.062
30.500 53.250
30.750 53.250
30.750 53.000
30.500 53.000
Building 4 5 0.062
30.500 53.500
30.750 53.500
30.750 53.250
30.500 53.250
Building 4 5 0.062
30.500 53.750
30.750 53.750
30.750 53.500
30.500 53.500
Building 4 5 0.062
30.500 54.000
30.750 54.000
30.750 53.750
30.500 53.750
Building 4 5 0.062
30.500 54.250
30.750 54.250
30.750 54.000
30.500 54.000
Building 4 5 0.062
30.500 54.500
30.750 54.500
30.750 54.250
30.500 54.250
Building 4 5 0.062
30.500 54.750
30.750 54.750
30.750 54.500
30.500 54.500
Building 4 5 0.062
30.500 55.000
30.750 55.000
30.750 54.750
30.500 54.750
Building 4 5 0.062
30.500 55.250
30.750 55.250
30.750 55.000
30.500 55.000
Building 4 5 0.062
30.500 55.500
30.750 55.500
30.750 55.250
30.500 55.250
Building 4 5 0.062
30.500 55.750
30.750 55.750
30.750 55.500
30.500 55.500
Building 4 5 0.062
30.500 55.750
30.500 56.000
30.750 56.000
30.750 55.750
Building 4 5 0.062
30.500 56.000
30.500 56.250
30.750 56.250
30.750 56.000
Building 4 5 0.062
30.500 56.250
30.500 56.500
30.750 56.500
30.750 56.250
Building 4 5 0.062
30.500 56.500
30.500 56.750
30.750 56.750
30.750 56.500
Building 4 5 0.062
30.500 56.750
30.500 57.000
30.750 57.000
30.750 56.750
Building 4 5 0.062
30.500 57.000
30.500 57.250
30.750 57.250
30.750 57.000
Building 4 5 0.062
30.750 57.500
30.750 57.250
30.500 57.250
30.500 57.500
Building 4 5 0.062
30.500 62.500
30.500 62.750
30.750 62.750
30.750 62.500
Building 4 5 0.062
30.500 62.750
30.500 63.000
30.750 63.000
30.750 62.750
Building 4 5 0.062
30.500 63.000
30.500 63.250
30.750 63.250
30.750 63.000
Building 4 5 0.062
30.500 63.250
30.500 63.500
30.750 63.500
30.750 63.250
Building 4 5 0.062
30.500 63.500
30.500 63.750
30.750 63.750
30.750 63.500
Building 4 5 0.062
30.500 63.750
30.500 64.000
30.750 64.000
30.750 63.750
Building 4 5 0.062
30.500 64.000
30.500 64.250
30.750 64.250
30.750 64.000
Building 4 5 0.062
30.750 64.500
30.750 64.250
30.500 64.250
30.500 64.500
Building 4 5 0.062
30.750 26.000
30.750 26.250
31.000 26.250
31.000 26.000
Building 4 5 0.062
30.750 26.250
30.750 26.500
31.000 26.500
31.000 26.250
Building 4 5 0.062
30.750 26.500
30.750 26.750
31.000 26.750
31.000 26.500
Building 4 5 0.062
30.750 26.750
30.750 27.000
31.000 27.000
31.000 26.750
Building 4 5 0.062
30.750 27.000
30.750 27.250
31.000 27.250
31.000 27.000
Building 4 5 0.062
30.750 27.250
30.750 27.500
31.000 27.500
31.000 27.250
Building 4 5 0.062
30.750 27.500
30.750 27.750
31.000 27.750
31.000 27.500
Building 4 5 0.062
30.750 27.750
30.750 28.000
31.000 28.000
31.000 27.750
Building 4 5 0.062
30.750 28.000
30.750 28.250
31.000 28.250
31.000 28.000
Building 4 5 0.062
30.750 28.250
30.750 28.500
31.000 28.500
31.000 28.250
Building 4 5 0.062
30.750 28.500
30.750 28.750
31.000 28.750
31.000 28.500
Building 4 5 0.062
30.750 28.750
30.750 29.000
31.000 29.000
31.000 28.750
Building 4 5 0.062
30.750 29.000
30.750 29.250
31.000 29.250
31.000 29.000
Building 4 5 0.062
30.750 29.250
30.750 29.500
31.000 29.500
31.000 29.250
Building 4 5 0.062
30.750 29.500
30.750 29.750
31.000 29.750
31.000 29.500
Building 4 5 0.062
30.750 29.750
30.750 30.000
31.000 30.000
31.000 29.750
Building 4 5 0.062
30.750 30.000
30.750 30.250
31.000 30.250
31.000 30.000
Building 4 5 0.062
30.750 30.250
30.750 30.500
31.000 30.500
31.000 30.250
Building 4 5 0.062
30.750 30.500
30.750 30.750
31.000 30.750
31.000 30.500
Building 4 5 0.062
30.750 30.750
30.750 31.000
31.000 31.000
31.000 30.750
Building 4 5 0.062
30.750 31.000
30.750 31.250
31.000 31.250
31.000 31.000
Building 4 5 0.062
30.750 31.250
30.750 31.500
31.000 31.500
31.000 31.250
Building 4 5 0.062
30.750 31.500
30.750 31.750
31.000 31.750
31.000 31.500
Building 4 5 0.062
30.750 31.750
30.750 32.000
31.000 32.000
31.000 31.750
Building 4 5 0.062
30.750 32.000
30.750 32.250
31.000 32.250
31.000 32.000
Building 4 5 0.062
30.750 32.250
30.750 32.500
31.000 32.500
31.000 32.250
Building 4 5 0.062
30.750 32.500
30.750 32.750
31.000 32.750
31.000 32.500
Building 4 5 0.062
30.750 32.750
30.750 33.000
31.000 33.000
31.000 32.750
Building 4 5 0.062
30.750 33.000
30.750 33.250
31.000 33.250
31.000 33.000
Building 4 5 0.062
30.750 33.250
30.750 33.500
31.000 33.500
31.000 33.250
Building 4 5 0.062
30.750 33.500
30.750 33.750
31.000 33.750
31.000 33.500
Building 4 5 0.062
30.750 33.750
30.750 34.000
31.000 34.000
31.000 33.750
Building 4 5 0.062
30.750 34.000
30.750 34.250
31.000 34.250
31.000 34.000
Building 4 5 0.062
30.750 34.250
30.750 34.500
31.000 34.500
31.000 34.250
Building 4 5 0.062
30.750 34.500
30.750 34.750
31.000 34.750
31.000 34.500
Building 4 5 0.062
30.750 34.750
30.750 35.000
31.000 35.000
31.000 34.750
Building 4 5 0.062
30.750 35.000
30.750 35.250
31.000 35.250
31.000 35.000
Building 4 5 0.062
30.750 35.250
30.750 35.500
31.000 35.500
31.000 35.250
Building 4 5 0.062
30.750 35.500
30.750 35.750
31.000 35.750
31.000 35.500
Building 4 5 0.062
30.750 35.750
30.750 36.000
31.000 36.000
31.000 35.750
Building 4 5 0.062
30.750 36.000
30.750 36.250
31.000 36.250
31.000 36.000
Building 4 5 0.062
30.750 36.250
30.750 36.500
31.000 36.500
31.000 36.250
Building 4 5 0.062
30.750 36.500
30.750 36.750
31.000 36.750
31.000 36.500
Building 4 5 0.062
30.750 36.750
30.750 37.000
31.000 37.000
31.000 36.750
Building 4 5 0.062
30.750 37.000
30.750 37.250
31.000 37.250
31.000 37.000
Building 4 5 0.062
30.750 37.250
30.750 37.500
31.000 37.500
31.000 37.250
Building 4 5 0.062
30.750 37.500
30.750 37.750
31.000 37.750
31.000 37.500
Building 4 5 0.062
30.750 37.750
30.750 38.000
31.000 38.000
31.000 37.750
Building 4 5 0.062
30.750 38.000
30.750 38.250
31.000 38.250
31.000 38.000
Building 4 5 0.062
30.750 38.250
30.750 38.500
31.000 38.500
31.000 38.250
Building 4 5 0.062
30.750 38.500
30.750 38.750
31.000 38.750
31.000 38.500
Building 4 5 0.062
30.750 38.750
30.750 39.000
31.000 39.000
31.000 38.750
Building 4 5 0.062
30.750 39.000
30.750 39.250
31.000 39.250
31.000 39.000
Building 4 5 0.062
30.750 39.250
30.750 39.500
31.000 39.500
31.000 39.250
Building 4 5 0.062
30.750 39.500
30.750 39.750
31.000 39.750
31.000 39.500
Building 4 5 0.062
30.750 39.750
30.750 40.000
31.000 40.000
31.000 39.750
Building 4 5 0.062
30.750 40.000
30.750 40.250
31.000 40.250
31.000 40.000
Building 4 5 0.062
30.750 40.250
30.750 40.500
31.000 40.500
31.000 40.250
Building 4 5 0.062
30.750 40.500
30.750 40.750
31.000 40.750
31.000 40.500
Building 4 5 0.062
30.750 40.750
30.750 41.000
31.000 41.000
31.000 40.750
Building 4 5 0.062
30.750 41.000
30.750 41.250
31.000 41.250
31.000 41.000
Building 4 5 0.062
30.750 41.250
30.750 41.500
31.000 41.500
31.000 41.250
Building 4 5 0.062
30.750 41.500
30.750 41.750
31.000 41.750
31.000 41.500
Building 4 5 0.062
30.750 41.750
30.750 42.000
31.000 42.000
31.000 41.750
Building 4 5 0.062
30.750 42.000
30.750 42.250
31.000 42.250
31.000 42.000
Building 4 5 0.062
30.750 42.250
30.750 42.500
31.000 42.500
31.000 42.250
Building 4 5 0.062
30.750 42.500
30.750 42.750
31.000 42.750
31.000 42.500
Building 4 5 0.062
30.750 42.750
30.750 43.000
31.000 43.000
31.000 42.750
Building 4 5 0.062
30.750 43.000
30.750 43.250
31.000 43.250
31.000 43.000
Building 4 5 0.062
30.750 43.250
30.750 43.500
31.000 43.500
31.000 43.250
Building 4 5 0.062
30.750 43.500
30.750 43.750
31.000 43.750
31.000 43.500
Building 4 5 0.062
30.750 43.750
30.750 44.000
31.000 44.000
31.000 43.750
Building 4 5 0.062
30.750 44.000
30.750 44.250
31.000 44.250
31.000 44.000
Building 4 5 0.062
30.750 44.250
30.750 44.500
31.000 44.500
31.000 44.250
Building 4 5 0.062
30.750 44.500
30.750 44.750
31.000 44.750
31.000 44.500
Building 4 5 0.062
30.750 44.750
30.750 45.000
31.000 45.000
31.000 44.750
Building 4 5 0.062
30.750 45.000
30.750 45.250
31.000 45.250
31.000 45.000
Building 4 5 0.062
30.750 45.250
30.750 45.500
31.000 45.500
31.000 45.250
Building 4 5 0.062
30.750 45.500
30.750 45.750
31.000 45.750
31.000 45.500
Building 4 5 0.062
30.750 45.750
30.750 46.000
31.000 46.000
31.000 45.750
Building 4 5 0.062
30.750 46.000
30.750 46.250
31.000 46.250
31.000 46.000
Building 4 5 0.062
30.750 46.250
30.750 46.500
31.000 46.500
31.000 46.250
Building 4 5 0.062
30.750 46.500
30.750 46.750
31.000 46.750
31.000 46.500
Building 4 5 0.062
30.750 46.750
30.750 47.000
31.000 47.000
31.000 46.750
Building 4 5 0.062
30.750 47.000
30.750 47.250
31.000 47.250
31.000 47.000
Building 4 5 0.062
30.750 47.250
30.750 47.500
31.000 47.500
31.000 47.250
Building 4 5 0.062
30.750 47.500
30.750 47.750
31.000 47.750
31.000 47.500
Building 4 5 0.062
30.750 47.750
30.750 48.000
31.000 48.000
31.000 47.750
Building 4 5 0.062
30.750 48.000
30.750 48.250
31.000 48.250
31.000 48.000
Building 4 5 0.062
30.750 48.250
30.750 48.500
31.000 48.500
31.000 48.250
Building 4 5 0.062
30.750 48.500
30.750 48.750
31.000 48.750
31.000 48.500
Building 4 5 0.062
30.750 48.750
30.750 49.000
31.000 49.000
31.000 48.750
Building 4 5 0.062
30.750 49.000
30.750 49.250
31.000 49.250
31.000 49.000
Building 4 5 0.062
30.750 49.250
30.750 49.500
31.000 49.500
31.000 49.250
Building 4 5 0.062
30.750 49.500
30.750 49.750
31.000 49.750
31.000 49.500
Building 4 5 0.062
30.750 49.750
30.750 50.000
31.000 50.000
31.000 49.750
Building 4 5 0.062
30.750 50.000
30.750 50.250
31.000 50.250
31.000 50.000
Building 4 5 0.062
30.750 50.250
30.750 50.500
31.000 50.500
31.000 50.250
Building 4 5 0.062
30.750 50.500
30.750 50.750
31.000 50.750
31.000 50.500
Building 4 5 0.062
30.750 50.750
30.750 51.000
31.000 51.000
31.000 50.750
Building 4 5 0.062
30.750 51.000
30.750 51.250
31.000 51.250
31.000 51.000
Building 4 5 0.062
30.750 51.250
30.750 51.500
31.000 51.500
31.000 51.250
Building 4 5 0.062
30.750 51.500
30.750 51.750
31.000 51.750
31.000 51.500
Building 4 5 0.062
30.750 51.750
30.750 52.000
31.000 52.000
31.000 51.750
Building 4 5 0.062
30.750 52.000
30.750 52.250
31.000 52.250
31.000 52.000
Building 4 5 0.062
30.750 52.250
30.750 52.500
31.000 52.500
31.000 52.250
Building 4 5 0.062
30.750 52.500
30.750 52.750
31.000 52.750
31.000 52.500
Building 4 5 0.062
30.750 52.750
30.750 53.000
31.000 53.000
31.000 52.750
Building 4 5 0.062
30.750 53.000
30.750 53.250
31.000 53.250
31.000 53.000
Building 4 5 0.062
30.750 53.250
30.750 53.500
31.000 53.500
31.000 53.250
Building 4 5 0.062
30.750 53.500
30.750 53.750
31.000 53.750
31.000 53.500
Building 4 5 0.062
30.750 53.750
30.750 54.000
31.000 54.000
31.000 53.750
Building 4 5 0.062
30.750 54.000
30.750 54.250
31.000 54.250
31.000 54.000
Building 4 5 0.062
30.750 54.250
30.750 54.500
31.000 54.500
31.000 54.250
Building 4 5 0.062
30.750 54.500
30.750 54.750
31.000 54.750
31.000 54.500
Building 4 5 0.062
30.750 54.750
30.750 55.000
31.000 55.000
31.000 54.750
Building 4 5 0.062
30.750 55.000
30.750 55.250
31.000 55.250
31.000 55.000
Building 4 5 0.062
30.750 55.250
30.750 55.500
31.000 55.500
31.000 55.250
Building 4 5 0.062
30.750 55.500
30.750 55.750
31.000 55.750
31.000 55.500
Building 4 5 0.062
30.750 55.750
30.750 56.000
31.000 56.000
31.000 55.750
Building 4 5 0.062
30.750 56.000
30.750 56.250
31.000 56.250
31.000 56.000
Building 4 5 0.062
30.750 56.250
30.750 56.500
31.000 56.500
31.000 56.250
Building 4 5 0.062
30.750 56.500
30.750 56.750
31.000 56.750
31.000 56.500
Building 4 5 0.062
30.750 56.750
30.750 57.000
31.000 57.000
31.000 56.750
Building 4 5 0.062
30.750 57.000
30.750 57.250
31.000 57.250
31.000 57.000
Building 4 5 0.062
31.000 57.500
31.000 57.250
30.750 57.250
30.750 57.500
Building 4 5 0.062
30.750 62.500
30.750 62.750
31.000 62.750
31.000 62.500
Building 4 5 0.062
30.750 62.750
30.750 63.000
31.000 63.000
31.000 62.750
Building 4 5 0.062
30.750 63.000
30.750 63.250
31.000 63.250
31.000 63.000
Building 4 5 0.062
30.750 63.250
30.750 63.500
31.000 63.500
31.000 63.250
Building 4 5 0.062
30.750 63.500
30.750 63.750
31.000 63.750
31.000 63.500
Building 4 5 0.062
30.750 63.750
30.750 64.000
31.000 64.000
31.000 63.750
Building 4 5 0.062
30.750 64.000
30.750 64.250
31.000 64.250
31.000 64.000
Building 4 5 0.062
31.000 64.500
31.000 64.250
30.750 64.250
30.750 64.500
Building 4 5 0.062
31.000 26.000
31.000 26.250
31.250 26.250
31.250 26.000
Building 4 5 0.062
31.000 26.250
31.000 26.500
31.250 26.500
31.250 26.250
Building 4 5 0.062
31.000 26.500
31.000 26.750
31.250 26.750
31.250 26.500
Building 4 5 0.062
31.000 26.750
31.000 27.000
31.250 27.000
31.250 26.750
Building 4 5 0.062
31.000 27.000
31.000 27.250
31.250 27.250
31.250 27.000
Building 4 5 0.062
31.000 27.250
31.000 27.500
31.250 27.500
31.250 27.250
Building 4 5 0.062
31.000 27.500
31.000 27.750
31.250 27.750
31.250 27.500
Building 4 5 0.062
31.000 27.750
31.000 28.000
31.250 28.000
31.250 27.750
Building 4 5 0.062
31.000 28.000
31.000 28.250
31.250 28.250
31.250 28.000
Building 4 5 0.062
31.000 28.250
31.000 28.500
31.250 28.500
31.250 28.250
Building 4 5 0.062
31.000 28.500
31.000 28.750
31.250 28.750
31.250 28.500
Building 4 5 0.062
31.000 28.750
31.000 29.000
31.250 29.000
31.250 28.750
Building 4 5 0.062
31.000 29.000
31.000 29.250
31.250 29.250
31.250 29.000
Building 4 5 0.062
31.000 29.250
31.000 29.500
31.250 29.500
31.250 29.250
Building 4 5 0.062
31.000 29.500
31.000 29.750
31.250 29.750
31.250 29.500
Building 4 5 0.062
31.000 29.750
31.000 30.000
31.250 30.000
31.250 29.750
Building 4 5 0.062
31.000 30.000
31.000 30.250
31.250 30.250
31.250 30.000
Building 4 5 0.062
31.000 30.250
31.000 30.500
31.250 30.500
31.250 30.250
Building 4 5 0.062
31.000 30.500
31.000 30.750
31.250 30.750
31.250 30.500
Building 4 5 0.062
31.000 30.750
31.000 31.000
31.250 31.000
31.250 30.750
Building 4 5 0.062
31.000 31.000
31.000 31.250
31.250 31.250
31.250 31.000
Building 4 5 0.062
31.000 31.250
31.000 31.500
31.250 31.500
31.250 31.250
Building 4 5 0.062
31.000 31.500
31.000 31.750
31.250 31.750
31.250 31.500
Building 4 5 0.062
31.000 31.750
31.000 32.000
31.250 32.000
31.250 31.750
Building 4 5 0.062
31.000 32.000
31.000 32.250
31.250 32.250
31.250 32.000
Building 4 5 0.062
31.000 32.250
31.000 32.500
31.250 32.500
31.250 32.250
Building 4 5 0.062
31.000 32.500
31.000 32.750
31.250 32.750
31.250 32.500
Building 4 5 0.062
31.000 32.750
31.000 33.000
31.250 33.000
31.250 32.750
Building 4 5 0.062
31.000 33.000
31.000 33.250
31.250 33.250
31.250 33.000
Building 4 5 0.062
31.000 33.250
31.000 33.500
31.250 33.500
31.250 33.250
Building 4 5 0.062
31.000 33.500
31.000 33.750
31.250 33.750
31.250 33.500
Building 4 5 0.062
31.000 33.750
31.000 34.000
31.250 34.000
31.250 33.750
Building 4 5 0.062
31.000 34.000
31.000 34.250
31.250 34.250
31.250 34.000
Building 4 5 0.062
31.000 34.250
31.000 34.500
31.250 34.500
31.250 34.250
Building 4 5 0.062
31.000 34.500
31.000 34.750
31.250 34.750
31.250 34.500
Building 4 5 0.062
31.000 34.750
31.000 35.000
31.250 35.000
31.250 34.750
Building 4 5 0.062
31.000 35.000
31.000 35.250
31.250 35.250
31.250 35.000
Building 4 5 0.062
31.000 35.250
31.000 35.500
31.250 35.500
31.250 35.250
Building 4 5 0.062
31.000 35.500
31.000 35.750
31.250 35.750
31.250 35.500
Building 4 5 0.062
31.000 35.750
31.000 36.000
31.250 36.000
31.250 35.750
Building 4 5 0.062
31.000 36.000
31.000 36.250
31.250 36.250
31.250 36.000
Building 4 5 0.062
31.000 36.250
31.000 36.500
31.250 36.500
31.250 36.250
Building 4 5 0.062
31.000 36.500
31.000 36.750
31.250 36.750
31.250 36.500
Building 4 5 0.062
31.000 36.750
31.000 37.000
31.250 37.000
31.250 36.750
Building 4 5 0.062
31.000 37.000
31.000 37.250
31.250 37.250
31.250 37.000
Building 4 5 0.062
31.000 37.250
31.000 37.500
31.250 37.500
31.250 37.250
Building 4 5 0.062
31.000 37.500
31.000 37.750
31.250 37.750
31.250 37.500
Building 4 5 0.062
31.000 37.750
31.000 38.000
31.250 38.000
31.250 37.750
Building 4 5 0.062
31.000 38.000
31.000 38.250
31.250 38.250
31.250 38.000
Building 4 5 0.062
31.000 38.250
31.000 38.500
31.250 38.500
31.250 38.250
Building 4 5 0.062
31.000 38.500
31.000 38.750
31.250 38.750
31.250 38.500
Building 4 5 0.062
31.000 38.750
31.000 39.000
31.250 39.000
31.250 38.750
Building 4 5 0.062
31.000 39.000
31.000 39.250
31.250 39.250
31.250 39.000
Building 4 5 0.062
31.000 39.250
31.000 39.500
31.250 39.500
31.250 39.250
Building 4 5 0.062
31.000 39.500
31.000 39.750
31.250 39.750
31.250 39.500
Building 4 5 0.062
31.000 39.750
31.000 40.000
31.250 40.000
31.250 39.750
Building 4 5 0.062
31.000 40.000
31.000 40.250
31.250 40.250
31.250 40.000
Building 4 5 0.062
31.000 40.250
31.000 40.500
31.250 40.500
31.250 40.250
Building 4 5 0.062
31.000 40.500
31.000 40.750
31.250 40.750
31.250 40.500
Building 4 5 0.062
31.000 40.750
31.000 41.000
31.250 41.000
31.250 40.750
Building 4 5 0.062
31.000 41.000
31.000 41.250
31.250 41.250
31.250 41.000
Building 4 5 0.062
31.000 41.250
31.000 41.500
31.250 41.500
31.250 41.250
Building 4 5 0.062
31.000 41.500
31.000 41.750
31.250 41.750
31.250 41.500
Building 4 5 0.062
31.000 41.750
31.000 42.000
31.250 42.000
31.250 41.750
Building 4 5 0.062
31.000 42.000
31.000 42.250
31.250 42.250
31.250 42.000
Building 4 5 0.062
31.000 42.250
31.000 42.500
31.250 42.500
31.250 42.250
Building 4 5 0.062
31.000 42.500
31.000 42.750
31.250 42.750
31.250 42.500
Building 4 5 0.062
31.000 42.750
31.000 43.000
31.250 43.000
31.250 42.750
Building 4 5 0.062
31.000 43.000
31.000 43.250
31.250 43.250
31.250 43.000
Building 4 5 0.062
31.000 43.250
31.000 43.500
31.250 43.500
31.250 43.250
Building 4 5 0.062
31.000 43.500
31.000 43.750
31.250 43.750
31.250 43.500
Building 4 5 0.062
31.000 43.750
31.000 44.000
31.250 44.000
31.250 43.750
Building 4 5 0.062
31.000 44.000
31.000 44.250
31.250 44.250
31.250 44.000
Building 4 5 0.062
31.000 44.250
31.000 44.500
31.250 44.500
31.250 44.250
Building 4 5 0.062
31.000 44.500
31.000 44.750
31.250 44.750
31.250 44.500
Building 4 5 0.062
31.000 44.750
31.000 45.000
31.250 45.000
31.250 44.750
Building 4 5 0.062
31.000 45.000
31.000 45.250
31.250 45.250
31.250 45.000
Building 4 5 0.062
31.000 45.250
31.000 45.500
31.250 45.500
31.250 45.250
Building 4 5 0.062
31.000 45.500
31.000 45.750
31.250 45.750
31.250 45.500
Building 4 5 0.062
31.000 45.750
31.000 46.000
31.250 46.000
31.250 45.750
Building 4 5 0.062
31.000 46.000
31.000 46.250
31.250 46.250
31.250 46.000
Building 4 5 0.062
31.000 46.250
31.000 46.500
31.250 46.500
31.250 46.250
Building 4 5 0.062
31.000 46.500
31.000 46.750
31.250 46.750
31.250 46.500
Building 4 5 0.062
31.000 46.750
31.000 47.000
31.250 47.000
31.250 46.750
Building 4 5 0.062
31.000 47.000
31.000 47.250
31.250 47.250
31.250 47.000
Building 4 5 0.062
31.000 47.250
31.000 47.500
31.250 47.500
31.250 47.250
Building 4 5 0.062
31.000 47.500
31.000 47.750
31.250 47.750
31.250 47.500
Building 4 5 0.062
31.000 47.750
31.000 48.000
31.250 48.000
31.250 47.750
Building 4 5 0.062
31.000 48.000
31.000 48.250
31.250 48.250
31.250 48.000
Building 4 5 0.062
31.000 48.250
31.000 48.500
31.250 48.500
31.250 48.250
Building 4 5 0.062
31.000 48.500
31.000 48.750
31.250 48.750
31.250 48.500
Building 4 5 0.062
31.000 48.750
31.000 49.000
31.250 49.000
31.250 48.750
Building 4 5 0.062
31.000 49.000
31.000 49.250
31.250 49.250
31.250 49.000
Building 4 5 0.062
31.000 49.250
31.000 49.500
31.250 49.500
31.250 49.250
Building 4 5 0.062
31.000 49.500
31.000 49.750
31.250 49.750
31.250 49.500
Building 4 5 0.062
31.000 49.750
31.000 50.000
31.250 50.000
31.250 49.750
Building 4 5 0.062
31.000 50.000
31.000 50.250
31.250 50.250
31.250 50.000
Building 4 5 0.062
31.000 50.250
31.000 50.500
31.250 50.500
31.250 50.250
Building 4 5 0.062
31.000 50.500
31.000 50.750
31.250 50.750
31.250 50.500
Building 4 5 0.062
31.000 50.750
31.000 51.000
31.250 51.000
31.250 50.750
Building 4 5 0.062
31.000 51.000
31.000 51.250
31.250 51.250
31.250 51.000
Building 4 5 0.062
31.000 51.250
31.000 51.500
31.250 51.500
31.250 51.250
Building 4 5 0.062
31.000 51.500
31.000 51.750
31.250 51.750
31.250 51.500
Building 4 5 0.062
31.000 51.750
31.000 52.000
31.250 52.000
31.250 51.750
Building 4 5 0.062
31.000 52.000
31.000 52.250
31.250 52.250
31.250 52.000
Building 4 5 0.062
31.000 52.250
31.000 52.500
31.250 52.500
31.250 52.250
Building 4 5 0.062
31.000 52.500
31.000 52.750
31.250 52.750
31.250 52.500
Building 4 5 0.062
31.000 52.750
31.000 53.000
31.250 53.000
31.250 52.750
Building 4 5 0.062
31.000 53.000
31.000 53.250
31.250 53.250
31.250 53.000
Building 4 5 0.062
31.000 53.250
31.000 53.500
31.250 53.500
31.250 53.250
Building 4 5 0.062
31.000 53.500
31.000 53.750
31.250 53.750
31.250 53.500
Building 4 5 0.062
31.000 53.750
31.000 54.000
31.250 54.000
31.250 53.750
Building 4 5 0.062
31.000 54.000
31.000 54.250
31.250 54.250
31.250 54.000
Building 4 5 0.062
31.000 54.250
31.000 54.500
31.250 54.500
31.250 54.250
Building 4 5 0.062
31.000 54.500
31.000 54.750
31.250 54.750
31.250 54.500
Building 4 5 0.062
31.000 54.750
31.000 55.000
31.250 55.000
31.250 54.750
Building 4 5 0.062
31.000 55.000
31.000 55.250
31.250 55.250
31.250 55.000
Building 4 5 0.062
31.000 55.250
31.000 55.500
31.250 55.500
31.250 55.250
Building 4 5 0.062
31.000 55.500
31.000 55.750
31.250 55.750
31.250 55.500
Building 4 5 0.062
31.000 55.750
31.000 56.000
31.250 56.000
31.250 55.750
Building 4 5 0.062
31.000 56.000
31.000 56.250
31.250 56.250
31.250 56.000
Building 4 5 0.062
31.000 56.250
31.000 56.500
31.250 56.500
31.250 56.250
Building 4 5 0.062
31.000 56.500
31.000 56.750
31.250 56.750
31.250 56.500
Building 4 5 0.062
31.000 56.750
31.000 57.000
31.250 57.000
31.250 56.750
Building 4 5 0.062
31.000 57.000
31.000 57.250
31.250 57.250
31.250 57.000
Building 4 5 0.062
31.250 57.500
31.250 57.250
31.000 57.250
31.000 57.500
Building 4 5 0.062
31.000 62.500
31.000 62.750
31.250 62.750
31.250 62.500
Building 4 5 0.062
31.000 62.750
31.000 63.000
31.250 63.000
31.250 62.750
Building 4 5 0.062
31.000 63.000
31.000 63.250
31.250 63.250
31.250 63.000
Building 4 5 0.062
31.000 63.250
31.000 63.500
31.250 63.500
31.250 63.250
Building 4 5 0.062
31.000 63.500
31.000 63.750
31.250 63.750
31.250 63.500
Building 4 5 0.062
31.000 63.750
31.000 64.000
31.250 64.000
31.250 63.750
Building 4 5 0.062
31.000 64.000
31.000 64.250
31.250 64.250
31.250 64.000
Building 4 5 0.062
31.250 64.500
31.250 64.250
31.000 64.250
31.000 64.500
Building 4 5 0.062
31.250 26.000
31.250 26.250
31.500 26.250
31.500 26.000
Building 4 5 0.062
31.250 26.250
31.250 26.500
31.500 26.500
31.500 26.250
Building 4 5 0.062
31.250 26.500
31.250 26.750
31.500 26.750
31.500 26.500
Building 4 5 0.062
31.250 26.750
31.250 27.000
31.500 27.000
31.500 26.750
Building 4 5 0.062
31.250 27.000
31.250 27.250
31.500 27.250
31.500 27.000
Building 4 5 0.062
31.250 27.250
31.250 27.500
31.500 27.500
31.500 27.250
Building 4 5 0.062
31.250 27.500
31.250 27.750
31.500 27.750
31.500 27.500
Building 4 5 0.062
31.250 27.750
31.250 28.000
31.500 28.000
31.500 27.750
Building 4 5 0.062
31.250 28.000
31.250 28.250
31.500 28.250
31.500 28.000
Building 4 5 0.062
31.250 28.250
31.250 28.500
31.500 28.500
31.500 28.250
Building 4 5 0.062
31.250 28.500
31.250 28.750
31.500 28.750
31.500 28.500
Building 4 5 0.062
31.250 28.750
31.250 29.000
31.500 29.000
31.500 28.750
Building 4 5 0.062
31.250 29.000
31.250 29.250
31.500 29.250
31.500 29.000
Building 4 5 0.062
31.250 29.250
31.250 29.500
31.500 29.500
31.500 29.250
Building 4 5 0.062
31.250 29.500
31.250 29.750
31.500 29.750
31.500 29.500
Building 4 5 0.062
31.250 29.750
31.250 30.000
31.500 30.000
31.500 29.750
Building 4 5 0.062
31.250 30.000
31.250 30.250
31.500 30.250
31.500 30.000
Building 4 5 0.062
31.250 30.250
31.250 30.500
31.500 30.500
31.500 30.250
Building 4 5 0.062
31.250 30.500
31.250 30.750
31.500 30.750
31.500 30.500
Building 4 5 0.062
31.250 30.750
31.250 31.000
31.500 31.000
31.500 30.750
Building 4 5 0.062
31.250 31.000
31.250 31.250
31.500 31.250
31.500 31.000
Building 4 5 0.062
31.250 31.250
31.250 31.500
31.500 31.500
31.500 31.250
Building 4 5 0.062
31.250 31.500
31.250 31.750
31.500 31.750
31.500 31.500
Building 4 5 0.062
31.250 31.750
31.250 32.000
31.500 32.000
31.500 31.750
Building 4 5 0.062
31.250 32.000
31.250 32.250
31.500 32.250
31.500 32.000
Building 4 5 0.062
31.250 32.250
31.250 32.500
31.500 32.500
31.500 32.250
Building 4 5 0.062
31.250 32.500
31.250 32.750
31.500 32.750
31.500 32.500
Building 4 5 0.062
31.250 32.750
31.250 33.000
31.500 33.000
31.500 32.750
Building 4 5 0.062
31.250 33.000
31.250 33.250
31.500 33.250
31.500 33.000
Building 4 5 0.062
31.250 33.250
31.250 33.500
31.500 33.500
31.500 33.250
Building 4 5 0.062
31.250 33.500
31.250 33.750
31.500 33.750
31.500 33.500
Building 4 5 0.062
31.250 33.750
31.250 34.000
31.500 34.000
31.500 33.750
Building 4 5 0.062
31.250 34.000
31.250 34.250
31.500 34.250
31.500 34.000
Building 4 5 0.062
31.250 34.250
31.250 34.500
31.500 34.500
31.500 34.250
Building 4 5 0.062
31.250 34.500
31.250 34.750
31.500 34.750
31.500 34.500
Building 4 5 0.062
31.250 34.750
31.250 35.000
31.500 35.000
31.500 34.750
Building 4 5 0.062
31.250 35.000
31.250 35.250
31.500 35.250
31.500 35.000
Building 4 5 0.062
31.250 35.250
31.250 35.500
31.500 35.500
31.500 35.250
Building 4 5 0.062
31.250 35.500
31.250 35.750
31.500 35.750
31.500 35.500
Building 4 5 0.062
31.250 35.750
31.250 36.000
31.500 36.000
31.500 35.750
Building 4 5 0.062
31.250 36.000
31.250 36.250
31.500 36.250
31.500 36.000
Building 4 5 0.062
31.250 36.250
31.250 36.500
31.500 36.500
31.500 36.250
Building 4 5 0.062
31.250 36.500
31.250 36.750
31.500 36.750
31.500 36.500
Building 4 5 0.062
31.250 36.750
31.250 37.000
31.500 37.000
31.500 36.750
Building 4 5 0.062
31.250 37.000
31.250 37.250
31.500 37.250
31.500 37.000
Building 4 5 0.062
31.250 37.250
31.250 37.500
31.500 37.500
31.500 37.250
Building 4 5 0.062
31.250 37.500
31.250 37.750
31.500 37.750
31.500 37.500
Building 4 5 0.062
31.250 37.750
31.250 38.000
31.500 38.000
31.500 37.750
Building 4 5 0.062
31.250 38.000
31.250 38.250
31.500 38.250
31.500 38.000
Building 4 5 0.062
31.250 38.250
31.250 38.500
31.500 38.500
31.500 38.250
Building 4 5 0.062
31.250 38.500
31.250 38.750
31.500 38.750
31.500 38.500
Building 4 5 0.062
31.250 38.750
31.250 39.000
31.500 39.000
31.500 38.750
Building 4 5 0.062
31.250 39.000
31.250 39.250
31.500 39.250
31.500 39.000
Building 4 5 0.062
31.250 39.250
31.250 39.500
31.500 39.500
31.500 39.250
Building 4 5 0.062
31.250 39.500
31.250 39.750
31.500 39.750
31.500 39.500
Building 4 5 0.062
31.250 39.750
31.250 40.000
31.500 40.000
31.500 39.750
Building 4 5 0.062
31.250 40.000
31.250 40.250
31.500 40.250
31.500 40.000
Building 4 5 0.062
31.250 40.250
31.250 40.500
31.500 40.500
31.500 40.250
Building 4 5 0.062
31.250 40.500
31.250 40.750
31.500 40.750
31.500 40.500
Building 4 5 0.062
31.250 40.750
31.250 41.000
31.500 41.000
31.500 40.750
Building 4 5 0.062
31.250 41.000
31.250 41.250
31.500 41.250
31.500 41.000
Building 4 5 0.062
31.250 41.250
31.250 41.500
31.500 41.500
31.500 41.250
Building 4 5 0.062
31.250 41.500
31.250 41.750
31.500 41.750
31.500 41.500
Building 4 5 0.062
31.250 41.750
31.250 42.000
31.500 42.000
31.500 41.750
Building 4 5 0.062
31.250 42.000
31.250 42.250
31.500 42.250
31.500 42.000
Building 4 5 0.062
31.250 42.250
31.250 42.500
31.500 42.500
31.500 42.250
Building 4 5 0.062
31.250 42.500
31.250 42.750
31.500 42.750
31.500 42.500
Building 4 5 0.062
31.250 42.750
31.250 43.000
31.500 43.000
31.500 42.750
Building 4 5 0.062
31.250 43.000
31.250 43.250
31.500 43.250
31.500 43.000
Building 4 5 0.062
31.250 43.250
31.250 43.500
31.500 43.500
31.500 43.250
Building 4 5 0.062
31.250 43.500
31.250 43.750
31.500 43.750
31.500 43.500
Building 4 5 0.062
31.250 43.750
31.250 44.000
31.500 44.000
31.500 43.750
Building 4 5 0.062
31.250 44.000
31.250 44.250
31.500 44.250
31.500 44.000
Building 4 5 0.062
31.250 44.250
31.250 44.500
31.500 44.500
31.500 44.250
Building 4 5 0.062
31.250 44.500
31.250 44.750
31.500 44.750
31.500 44.500
Building 4 5 0.062
31.250 44.750
31.250 45.000
31.500 45.000
31.500 44.750
Building 4 5 0.062
31.250 45.000
31.250 45.250
31.500 45.250
31.500 45.000
Building 4 5 0.062
31.250 45.250
31.250 45.500
31.500 45.500
31.500 45.250
Building 4 5 0.062
31.250 45.500
31.250 45.750
31.500 45.750
31.500 45.500
Building 4 5 0.062
31.250 45.750
31.250 46.000
31.500 46.000
31.500 45.750
Building 4 5 0.062
31.250 46.000
31.250 46.250
31.500 46.250
31.500 46.000
Building 4 5 0.062
31.250 46.250
31.250 46.500
31.500 46.500
31.500 46.250
Building 4 5 0.062
31.250 46.500
31.250 46.750
31.500 46.750
31.500 46.500
Building 4 5 0.062
31.250 46.750
31.250 47.000
31.500 47.000
31.500 46.750
Building 4 5 0.062
31.250 47.000
31.250 47.250
31.500 47.250
31.500 47.000
Building 4 5 0.062
31.250 47.250
31.250 47.500
31.500 47.500
31.500 47.250
Building 4 5 0.062
31.250 47.500
31.250 47.750
31.500 47.750
31.500 47.500
Building 4 5 0.062
31.250 47.750
31.250 48.000
31.500 48.000
31.500 47.750
Building 4 5 0.062
31.250 48.000
31.250 48.250
31.500 48.250
31.500 48.000
Building 4 5 0.062
31.250 48.250
31.250 48.500
31.500 48.500
31.500 48.250
Building 4 5 0.062
31.250 48.500
31.250 48.750
31.500 48.750
31.500 48.500
Building 4 5 0.062
31.250 48.750
31.250 49.000
31.500 49.000
31.500 48.750
Building 4 5 0.062
31.250 49.000
31.250 49.250
31.500 49.250
31.500 49.000
Building 4 5 0.062
31.250 49.250
31.250 49.500
31.500 49.500
31.500 49.250
Building 4 5 0.062
31.250 49.500
31.250 49.750
31.500 49.750
31.500 49.500
Building 4 5 0.062
31.250 49.750
31.250 50.000
31.500 50.000
31.500 49.750
Building 4 5 0.062
31.250 50.000
31.250 50.250
31.500 50.250
31.500 50.000
Building 4 5 0.062
31.250 50.250
31.250 50.500
31.500 50.500
31.500 50.250
Building 4 5 0.062
31.250 50.500
31.250 50.750
31.500 50.750
31.500 50.500
Building 4 5 0.062
31.250 50.750
31.250 51.000
31.500 51.000
31.500 50.750
Building 4 5 0.062
31.250 51.000
31.250 51.250
31.500 51.250
31.500 51.000
Building 4 5 0.062
31.250 51.250
31.250 51.500
31.500 51.500
31.500 51.250
Building 4 5 0.062
31.250 51.500
31.250 51.750
31.500 51.750
31.500 51.500
Building 4 5 0.062
31.250 51.750
31.250 52.000
31.500 52.000
31.500 51.750
Building 4 5 0.062
31.250 52.000
31.250 52.250
31.500 52.250
31.500 52.000
Building 4 5 0.062
31.250 52.250
31.250 52.500
31.500 52.500
31.500 52.250
Building 4 5 0.062
31.250 52.500
31.250 52.750
31.500 52.750
31.500 52.500
Building 4 5 0.062
31.250 52.750
31.250 53.000
31.500 53.000
31.500 52.750
Building 4 5 0.062
31.250 53.000
31.250 53.250
31.500 53.250
31.500 53.000
Building 4 5 0.062
31.250 53.250
31.250 53.500
31.500 53.500
31.500 53.250
Building 4 5 0.062
31.250 53.500
31.250 53.750
31.500 53.750
31.500 53.500
Building 4 5 0.062
31.250 53.750
31.250 54.000
31.500 54.000
31.500 53.750
Building 4 5 0.062
31.250 54.000
31.250 54.250
31.500 54.250
31.500 54.000
Building 4 5 0.062
31.250 54.250
31.250 54.500
31.500 54.500
31.500 54.250
Building 4 5 0.062
31.250 54.500
31.250 54.750
31.500 54.750
31.500 54.500
Building 4 5 0.062
31.250 54.750
31.250 55.000
31.500 55.000
31.500 54.750
Building 4 5 0.062
31.250 55.000
31.250 55.250
31.500 55.250
31.500 55.000
Building 4 5 0.062
31.250 55.250
31.250 55.500
31.500 55.500
31.500 55.250
Building 4 5 0.062
31.250 55.500
31.250 55.750
31.500 55.750
31.500 55.500
Building 4 5 0.062
31.250 55.750
31.250 56.000
31.500 56.000
31.500 55.750
Building 4 5 0.062
31.250 56.000
31.250 56.250
31.500 56.250
31.500 56.000
Building 4 5 0.062
31.250 56.250
31.250 56.500
31.500 56.500
31.500 56.250
Building 4 5 0.062
31.250 56.500
31.250 56.750
31.500 56.750
31.500 56.500
Building 4 5 0.062
31.250 56.750
31.250 57.000
31.500 57.000
31.500 56.750
Building 4 5 0.062
31.250 57.000
31.250 57.250
31.500 57.250
31.500 57.000
Building 4 5 0.062
31.500 57.500
31.500 57.250
31.250 57.250
31.250 57.500
Building 4 5 0.062
31.250 62.500
31.250 62.750
31.500 62.750
31.500 62.500
Building 4 5 0.062
31.250 62.750
31.250 63.000
31.500 63.000
31.500 62.750
Building 4 5 0.062
31.250 63.000
31.250 63.250
31.500 63.250
31.500 63.000
Building 4 5 0.062
31.250 63.250
31.250 63.500
31.500 63.500
31.500 63.250
Building 4 5 0.062
31.250 63.500
31.250 63.750
31.500 63.750
31.500 63.500
Building 4 5 0.062
31.250 63.750
31.250 64.000
31.500 64.000
31.500 63.750
Building 4 5 0.062
31.250 64.000
31.250 64.250
31.500 64.250
31.500 64.000
Building 4 5 0.062
31.500 64.500
31.500 64.250
31.250 64.250
31.250 64.500
Building 4 5 0.062
31.500 26.000
31.500 26.250
31.750 26.250
31.750 26.000
Building 4 5 0.062
31.500 26.250
31.500 26.500
31.750 26.500
31.750 26.250
Building 4 5 0.062
31.500 26.500
31.500 26.750
31.750 26.750
31.750 26.500
Building 4 5 0.062
31.500 26.750
31.500 27.000
31.750 27.000
31.750 26.750
Building 4 5 0.062
31.500 27.000
31.500 27.250
31.750 27.250
31.750 27.000
Building 4 5 0.062
31.500 27.250
31.500 27.500
31.750 27.500
31.750 27.250
Building 4 5 0.062
31.500 27.500
31.500 27.750
31.750 27.750
31.750 27.500
Building 4 5 0.062
31.500 27.750
31.500 28.000
31.750 28.000
31.750 27.750
Building 4 5 0.062
31.500 28.000
31.500 28.250
31.750 28.250
31.750 28.000
Building 4 5 0.062
31.500 28.250
31.500 28.500
31.750 28.500
31.750 28.250
Building 4 5 0.062
31.500 28.500
31.500 28.750
31.750 28.750
31.750 28.500
Building 4 5 0.062
31.500 28.750
31.500 29.000
31.750 29.000
31.750 28.750
Building 4 5 0.062
31.500 29.000
31.500 29.250
31.750 29.250
31.750 29.000
Building 4 5 0.062
31.500 29.250
31.500 29.500
31.750 29.500
31.750 29.250
Building 4 5 0.062
31.500 29.500
31.500 29.750
31.750 29.750
31.750 29.500
Building 4 5 0.062
31.500 29.750
31.500 30.000
31.750 30.000
31.750 29.750
Building 4 5 0.062
31.500 30.000
31.500 30.250
31.750 30.250
31.750 30.000
Building 4 5 0.062
31.500 30.250
31.500 30.500
31.750 30.500
31.750 30.250
Building 4 5 0.062
31.500 30.500
31.500 30.750
31.750 30.750
31.750 30.500
Building 4 5 0.062
31.500 30.750
31.500 31.000
31.750 31.000
31.750 30.750
Building 4 5 0.062
31.500 31.000
31.500 31.250
31.750 31.250
31.750 31.000
Building 4 5 0.062
31.500 31.250
31.500 31.500
31.750 31.500
31.750 31.250
Building 4 5 0.062
31.500 31.500
31.500 31.750
31.750 31.750
31.750 31.500
Building 4 5 0.062
31.500 31.750
31.500 32.000
31.750 32.000
31.750 31.750
Building 4 5 0.062
31.500 32.000
31.500 32.250
31.750 32.250
31.750 32.000
Building 4 5 0.062
31.500 32.250
31.500 32.500
31.750 32.500
31.750 32.250
Building 4 5 0.062
31.500 32.500
31.500 32.750
31.750 32.750
31.750 32.500
Building 4 5 0.062
31.500 32.750
31.500 33.000
31.750 33.000
31.750 32.750
Building 4 5 0.062
31.500 33.000
31.500 33.250
31.750 33.250
31.750 33.000
Building 4 5 0.062
31.500 33.250
31.500 33.500
31.750 33.500
31.750 33.250
Building 4 5 0.062
31.500 33.500
31.500 33.750
31.750 33.750
31.750 33.500
Building 4 5 0.062
31.500 33.750
31.500 34.000
31.750 34.000
31.750 33.750
Building 4 5 0.062
31.500 34.000
31.500 34.250
31.750 34.250
31.750 34.000
Building 4 5 0.062
31.500 34.250
31.500 34.500
31.750 34.500
31.750 34.250
Building 4 5 0.062
31.500 34.500
31.500 34.750
31.750 34.750
31.750 34.500
Building 4 5 0.062
31.500 34.750
31.500 35.000
31.750 35.000
31.750 34.750
Building 4 5 0.062
31.500 35.000
31.500 35.250
31.750 35.250
31.750 35.000
Building 4 5 0.062
31.500 35.250
31.500 35.500
31.750 35.500
31.750 35.250
Building 4 5 0.062
31.500 35.500
31.500 35.750
31.750 35.750
31.750 35.500
Building 4 5 0.062
31.500 35.750
31.500 36.000
31.750 36.000
31.750 35.750
Building 4 5 0.062
31.500 36.000
31.500 36.250
31.750 36.250
31.750 36.000
Building 4 5 0.062
31.500 36.250
31.500 36.500
31.750 36.500
31.750 36.250
Building 4 5 0.062
31.500 36.500
31.500 36.750
31.750 36.750
31.750 36.500
Building 4 5 0.062
31.500 36.750
31.500 37.000
31.750 37.000
31.750 36.750
Building 4 5 0.062
31.500 37.000
31.500 37.250
31.750 37.250
31.750 37.000
Building 4 5 0.062
31.500 37.250
31.500 37.500
31.750 37.500
31.750 37.250
Building 4 5 0.062
31.500 37.500
31.500 37.750
31.750 37.750
31.750 37.500
Building 4 5 0.062
31.500 37.750
31.500 38.000
31.750 38.000
31.750 37.750
Building 4 5 0.062
31.500 38.000
31.500 38.250
31.750 38.250
31.750 38.000
Building 4 5 0.062
31.500 38.250
31.500 38.500
31.750 38.500
31.750 38.250
Building 4 5 0.062
31.500 38.500
31.500 38.750
31.750 38.750
31.750 38.500
Building 4 5 0.062
31.500 38.750
31.500 39.000
31.750 39.000
31.750 38.750
Building 4 5 0.062
31.500 39.000
31.500 39.250
31.750 39.250
31.750 39.000
Building 4 5 0.062
31.500 39.250
31.500 39.500
31.750 39.500
31.750 39.250
Building 4 5 0.062
31.500 39.500
31.500 39.750
31.750 39.750
31.750 39.500
Building 4 5 0.062
31.500 39.750
31.500 40.000
31.750 40.000
31.750 39.750
Building 4 5 0.062
31.500 40.000
31.500 40.250
31.750 40.250
31.750 40.000
Building 4 5 0.062
31.500 40.250
31.500 40.500
31.750 40.500
31.750 40.250
Building 4 5 0.062
31.500 40.500
31.500 40.750
31.750 40.750
31.750 40.500
Building 4 5 0.062
31.500 40.750
31.500 41.000
31.750 41.000
31.750 40.750
Building 4 5 0.062
31.500 41.000
31.500 41.250
31.750 41.250
31.750 41.000
Building 4 5 0.062
31.500 41.250
31.500 41.500
31.750 41.500
31.750 41.250
Building 4 5 0.062
31.500 41.500
31.500 41.750
31.750 41.750
31.750 41.500
Building 4 5 0.062
31.500 41.750
31.500 42.000
31.750 42.000
31.750 41.750
Building 4 5 0.062
31.500 42.000
31.500 42.250
31.750 42.250
31.750 42.000
Building 4 5 0.062
31.500 42.250
31.500 42.500
31.750 42.500
31.750 42.250
Building 4 5 0.062
31.500 42.500
31.500 42.750
31.750 42.750
31.750 42.500
Building 4 5 0.062
31.500 42.750
31.500 43.000
31.750 43.000
31.750 42.750
Building 4 5 0.062
31.500 43.000
31.500 43.250
31.750 43.250
31.750 43.000
Building 4 5 0.062
31.500 43.250
31.500 43.500
31.750 43.500
31.750 43.250
Building 4 5 0.062
31.500 43.500
31.500 43.750
31.750 43.750
31.750 43.500
Building 4 5 0.062
31.500 43.750
31.500 44.000
31.750 44.000
31.750 43.750
Building 4 5 0.062
31.500 44.000
31.500 44.250
31.750 44.250
31.750 44.000
Building 4 5 0.062
31.500 44.250
31.500 44.500
31.750 44.500
31.750 44.250
Building 4 5 0.062
31.500 44.500
31.500 44.750
31.750 44.750
31.750 44.500
Building 4 5 0.062
31.500 44.750
31.500 45.000
31.750 45.000
31.750 44.750
Building 4 5 0.062
31.500 45.000
31.500 45.250
31.750 45.250
31.750 45.000
Building 4 5 0.062
31.500 45.250
31.500 45.500
31.750 45.500
31.750 45.250
Building 4 5 0.062
31.500 45.500
31.500 45.750
31.750 45.750
31.750 45.500
Building 4 5 0.062
31.500 45.750
31.500 46.000
31.750 46.000
31.750 45.750
Building 4 5 0.062
31.500 46.000
31.500 46.250
31.750 46.250
31.750 46.000
Building 4 5 0.062
31.500 46.250
31.500 46.500
31.750 46.500
31.750 46.250
Building 4 5 0.062
31.500 46.500
31.500 46.750
31.750 46.750
31.750 46.500
Building 4 5 0.062
31.500 46.750
31.500 47.000
31.750 47.000
31.750 46.750
Building 4 5 0.062
31.500 47.000
31.500 47.250
31.750 47.250
31.750 47.000
Building 4 5 0.062
31.500 47.250
31.500 47.500
31.750 47.500
31.750 47.250
Building 4 5 0.062
31.500 47.500
31.500 47.750
31.750 47.750
31.750 47.500
Building 4 5 0.062
31.500 47.750
31.500 48.000
31.750 48.000
31.750 47.750
Building 4 5 0.062
31.500 48.000
31.500 48.250
31.750 48.250
31.750 48.000
Building 4 5 0.062
31.500 48.250
31.500 48.500
31.750 48.500
31.750 48.250
Building 4 5 0.062
31.500 48.500
31.500 48.750
31.750 48.750
31.750 48.500
Building 4 5 0.062
31.500 48.750
31.500 49.000
31.750 49.000
31.750 48.750
Building 4 5 0.062
31.500 49.000
31.500 49.250
31.750 49.250
31.750 49.000
Building 4 5 0.062
31.500 49.250
31.500 49.500
31.750 49.500
31.750 49.250
Building 4 5 0.062
31.500 49.500
31.500 49.750
31.750 49.750
31.750 49.500
Building 4 5 0.062
31.500 49.750
31.500 50.000
31.750 50.000
31.750 49.750
Building 4 5 0.062
31.500 50.000
31.500 50.250
31.750 50.250
31.750 50.000
Building 4 5 0.062
31.500 50.250
31.500 50.500
31.750 50.500
31.750 50.250
Building 4 5 0.062
31.500 50.500
31.500 50.750
31.750 50.750
31.750 50.500
Building 4 5 0.062
31.500 50.750
31.500 51.000
31.750 51.000
31.750 50.750
Building 4 5 0.062
31.500 51.000
31.500 51.250
31.750 51.250
31.750 51.000
Building 4 5 0.062
31.500 51.250
31.500 51.500
31.750 51.500
31.750 51.250
Building 4 5 0.062
31.500 51.500
31.500 51.750
31.750 51.750
31.750 51.500
Building 4 5 0.062
31.500 51.750
31.500 52.000
31.750 52.000
31.750 51.750
Building 4 5 0.062
31.500 52.000
31.500 52.250
31.750 52.250
31.750 52.000
Building 4 5 0.062
31.500 52.250
31.500 52.500
31.750 52.500
31.750 52.250
Building 4 5 0.062
31.500 52.500
31.500 52.750
31.750 52.750
31.750 52.500
Building 4 5 0.062
31.500 52.750
31.500 53.000
31.750 53.000
31.750 52.750
Building 4 5 0.062
31.500 53.000
31.500 53.250
31.750 53.250
31.750 53.000
Building 4 5 0.062
31.500 53.250
31.500 53.500
31.750 53.500
31.750 53.250
Building 4 5 0.062
31.500 53.500
31.500 53.750
31.750 53.750
31.750 53.500
Building 4 5 0.062
31.500 53.750
31.500 54.000
31.750 54.000
31.750 53.750
Building 4 5 0.062
31.500 54.000
31.500 54.250
31.750 54.250
31.750 54.000
Building 4 5 0.062
31.500 54.250
31.500 54.500
31.750 54.500
31.750 54.250
Building 4 5 0.062
31.500 54.500
31.500 54.750
31.750 54.750
31.750 54.500
Building 4 5 0.062
31.500 54.750
31.500 55.000
31.750 55.000
31.750 54.750
Building 4 5 0.062
31.500 55.000
31.500 55.250
31.750 55.250
31.750 55.000
Building 4 5 0.062
31.500 55.250
31.500 55.500
31.750 55.500
31.750 55.250
Building 4 5 0.062
31.500 55.500
31.500 55.750
31.750 55.750
31.750 55.500
Building 4 5 0.062
31.500 55.750
31.500 56.000
31.750 56.000
31.750 55.750
Building 4 5 0.062
31.500 56.000
31.500 56.250
31.750 56.250
31.750 56.000
Building 4 5 0.062
31.500 56.250
31.500 56.500
31.750 56.500
31.750 56.250
Building 4 5 0.062
31.500 56.500
31.500 56.750
31.750 56.750
31.750 56.500
Building 4 5 0.062
31.500 56.750
31.500 57.000
31.750 57.000
31.750 56.750
Building 4 5 0.062
31.500 57.000
31.500 57.250
31.750 57.250
31.750 57.000
Building 4 5 0.062
31.750 57.500
31.750 57.250
31.500 57.250
31.500 57.500
Building 4 5 0.062
31.500 62.500
31.500 62.750
31.750 62.750
31.750 62.500
Building 4 5 0.062
31.500 62.750
31.500 63.000
31.750 63.000
31.750 62.750
Building 4 5 0.062
31.500 63.000
31.500 63.250
31.750 63.250
31.750 63.000
Building 4 5 0.062
31.500 63.250
31.500 63.500
31.750 63.500
31.750 63.250
Building 4 5 0.062
31.500 63.500
31.500 63.750
31.750 63.750
31.750 63.500
Building 4 5 0.062
31.500 63.750
31.500 64.000
31.750 64.000
31.750 63.750
Building 4 5 0.062
31.500 64.000
31.500 64.250
31.750 64.250
31.750 64.000
Building 4 5 0.062
31.750 64.500
31.750 64.250
31.500 64.250
31.500 64.500
Building 4 5 0.062
31.750 26.000
31.750 26.250
32.000 26.250
32.000 26.000
Building 4 5 0.062
31.750 26.250
31.750 26.500
32.000 26.500
32.000 26.250
Building 4 5 0.062
31.750 26.500
31.750 26.750
32.000 26.750
32.000 26.500
Building 4 5 0.062
31.750 26.750
31.750 27.000
32.000 27.000
32.000 26.750
Building 4 5 0.062
31.750 27.000
31.750 27.250
32.000 27.250
32.000 27.000
Building 4 5 0.062
31.750 27.250
31.750 27.500
32.000 27.500
32.000 27.250
Building 4 5 0.062
31.750 27.500
31.750 27.750
32.000 27.750
32.000 27.500
Building 4 5 0.062
31.750 27.750
31.750 28.000
32.000 28.000
32.000 27.750
Building 4 5 0.062
31.750 28.000
31.750 28.250
32.000 28.250
32.000 28.000
Building 4 5 0.062
31.750 28.250
31.750 28.500
32.000 28.500
32.000 28.250
Building 4 5 0.062
31.750 28.500
31.750 28.750
32.000 28.750
32.000 28.500
Building 4 5 0.062
31.750 28.750
31.750 29.000
32.000 29.000
32.000 28.750
Building 4 5 0.062
31.750 29.000
31.750 29.250
32.000 29.250
32.000 29.000
Building 4 5 0.062
31.750 29.250
31.750 29.500
32.000 29.500
32.000 29.250
Building 4 5 0.062
31.750 29.500
31.750 29.750
32.000 29.750
32.000 29.500
Building 4 5 0.062
31.750 29.750
31.750 30.000
32.000 30.000
32.000 29.750
Building 4 5 0.062
31.750 30.000
31.750 30.250
32.000 30.250
32.000 30.000
Building 4 5 0.062
31.750 30.250
31.750 30.500
32.000 30.500
32.000 30.250
Building 4 5 0.062
31.750 30.500
31.750 30.750
32.000 30.750
32.000 30.500
Building 4 5 0.062
31.750 30.750
31.750 31.000
32.000 31.000
32.000 30.750
Building 4 5 0.062
31.750 31.000
31.750 31.250
32.000 31.250
32.000 31.000
Building 4 5 0.062
31.750 31.250
31.750 31.500
32.000 31.500
32.000 31.250
Building 4 5 0.062
31.750 31.500
31.750 31.750
32.000 31.750
32.000 31.500
Building 4 5 0.062
31.750 31.750
31.750 32.000
32.000 32.000
32.000 31.750
Building 4 5 0.062
31.750 32.000
31.750 32.250
32.000 32.250
32.000 32.000
Building 4 5 0.062
31.750 32.250
31.750 32.500
32.000 32.500
32.000 32.250
Building 4 5 0.062
31.750 32.500
31.750 32.750
32.000 32.750
32.000 32.500
Building 4 5 0.062
31.750 32.750
31.750 33.000
32.000 33.000
32.000 32.750
Building 4 5 0.062
31.750 33.000
31.750 33.250
32.000 33.250
32.000 33.000
Building 4 5 0.062
31.750 33.250
31.750 33.500
32.000 33.500
32.000 33.250
Building 4 5 0.062
31.750 33.500
31.750 33.750
32.000 33.750
32.000 33.500
Building 4 5 0.062
31.750 33.750
31.750 34.000
32.000 34.000
32.000 33.750
Building 4 5 0.062
31.750 34.000
31.750 34.250
32.000 34.250
32.000 34.000
Building 4 5 0.062
31.750 34.250
31.750 34.500
32.000 34.500
32.000 34.250
Building 4 5 0.062
31.750 34.500
31.750 34.750
32.000 34.750
32.000 34.500
Building 4 5 0.062
31.750 34.750
31.750 35.000
32.000 35.000
32.000 34.750
Building 4 5 0.062
31.750 35.000
31.750 35.250
32.000 35.250
32.000 35.000
Building 4 5 0.062
31.750 35.250
31.750 35.500
32.000 35.500
32.000 35.250
Building 4 5 0.062
31.750 35.500
31.750 35.750
32.000 35.750
32.000 35.500
Building 4 5 0.062
31.750 35.750
31.750 36.000
32.000 36.000
32.000 35.750
Building 4 5 0.062
31.750 36.000
31.750 36.250
32.000 36.250
32.000 36.000
Building 4 5 0.062
31.750 36.250
31.750 36.500
32.000 36.500
32.000 36.250
Building 4 5 0.062
31.750 36.500
31.750 36.750
32.000 36.750
32.000 36.500
Building 4 5 0.062
31.750 36.750
31.750 37.000
32.000 37.000
32.000 36.750
Building 4 5 0.062
31.750 37.000
31.750 37.250
32.000 37.250
32.000 37.000
Building 4 5 0.062
31.750 37.250
31.750 37.500
32.000 37.500
32.000 37.250
Building 4 5 0.062
31.750 37.500
31.750 37.750
32.000 37.750
32.000 37.500
Building 4 5 0.062
31.750 37.750
31.750 38.000
32.000 38.000
32.000 37.750
Building 4 5 0.062
31.750 38.000
31.750 38.250
32.000 38.250
32.000 38.000
Building 4 5 0.062
31.750 38.250
31.750 38.500
32.000 38.500
32.000 38.250
Building 4 5 0.062
31.750 38.500
31.750 38.750
32.000 38.750
32.000 38.500
Building 4 5 0.062
31.750 38.750
31.750 39.000
32.000 39.000
32.000 38.750
Building 4 5 0.062
31.750 39.000
31.750 39.250
32.000 39.250
32.000 39.000
Building 4 5 0.062
31.750 39.250
31.750 39.500
32.000 39.500
32.000 39.250
Building 4 5 0.062
31.750 39.500
31.750 39.750
32.000 39.750
32.000 39.500
Building 4 5 0.062
31.750 39.750
31.750 40.000
32.000 40.000
32.000 39.750
Building 4 5 0.062
31.750 40.000
31.750 40.250
32.000 40.250
32.000 40.000
Building 4 5 0.062
31.750 40.250
31.750 40.500
32.000 40.500
32.000 40.250
Building 4 5 0.062
31.750 40.500
31.750 40.750
32.000 40.750
32.000 40.500
Building 4 5 0.062
31.750 40.750
31.750 41.000
32.000 41.000
32.000 40.750
Building 4 5 0.062
31.750 41.000
31.750 41.250
32.000 41.250
32.000 41.000
Building 4 5 0.062
31.750 41.250
31.750 41.500
32.000 41.500
32.000 41.250
Building 4 5 0.062
31.750 41.500
31.750 41.750
32.000 41.750
32.000 41.500
Building 4 5 0.062
31.750 41.750
31.750 42.000
32.000 42.000
32.000 41.750
Building 4 5 0.062
31.750 42.000
31.750 42.250
32.000 42.250
32.000 42.000
Building 4 5 0.062
31.750 42.250
31.750 42.500
32.000 42.500
32.000 42.250
Building 4 5 0.062
31.750 42.500
31.750 42.750
32.000 42.750
32.000 42.500
Building 4 5 0.062
31.750 42.750
31.750 43.000
32.000 43.000
32.000 42.750
Building 4 5 0.062
31.750 43.000
31.750 43.250
32.000 43.250
32.000 43.000
Building 4 5 0.062
31.750 43.250
31.750 43.500
32.000 43.500
32.000 43.250
Building 4 5 0.062
31.750 43.500
31.750 43.750
32.000 43.750
32.000 43.500
Building 4 5 0.062
31.750 43.750
31.750 44.000
32.000 44.000
32.000 43.750
Building 4 5 0.062
31.750 44.000
31.750 44.250
32.000 44.250
32.000 44.000
Building 4 5 0.062
31.750 44.250
31.750 44.500
32.000 44.500
32.000 44.250
Building 4 5 0.062
31.750 44.500
31.750 44.750
32.000 44.750
32.000 44.500
Building 4 5 0.062
31.750 44.750
31.750 45.000
32.000 45.000
32.000 44.750
Building 4 5 0.062
31.750 45.000
31.750 45.250
32.000 45.250
32.000 45.000
Building 4 5 0.062
31.750 45.250
31.750 45.500
32.000 45.500
32.000 45.250
Building 4 5 0.062
31.750 45.500
31.750 45.750
32.000 45.750
32.000 45.500
Building 4 5 0.062
31.750 45.750
31.750 46.000
32.000 46.000
32.000 45.750
Building 4 5 0.062
31.750 46.000
31.750 46.250
32.000 46.250
32.000 46.000
Building 4 5 0.062
31.750 46.250
31.750 46.500
32.000 46.500
32.000 46.250
Building 4 5 0.062
31.750 46.500
31.750 46.750
32.000 46.750
32.000 46.500
Building 4 5 0.062
31.750 46.750
31.750 47.000
32.000 47.000
32.000 46.750
Building 4 5 0.062
31.750 47.000
31.750 47.250
32.000 47.250
32.000 47.000
Building 4 5 0.062
31.750 47.250
31.750 47.500
32.000 47.500
32.000 47.250
Building 4 5 0.062
31.750 47.500
31.750 47.750
32.000 47.750
32.000 47.500
Building 4 5 0.062
31.750 47.750
31.750 48.000
32.000 48.000
32.000 47.750
Building 4 5 0.062
31.750 48.000
31.750 48.250
32.000 48.250
32.000 48.000
Building 4 5 0.062
31.750 48.250
31.750 48.500
32.000 48.500
32.000 48.250
Building 4 5 0.062
31.750 48.500
31.750 48.750
32.000 48.750
32.000 48.500
Building 4 5 0.062
31.750 48.750
31.750 49.000
32.000 49.000
32.000 48.750
Building 4 5 0.062
31.750 49.000
31.750 49.250
32.000 49.250
32.000 49.000
Building 4 5 0.062
31.750 49.250
31.750 49.500
32.000 49.500
32.000 49.250
Building 4 5 0.062
31.750 49.500
31.750 49.750
32.000 49.750
32.000 49.500
Building 4 5 0.062
31.750 49.750
31.750 50.000
32.000 50.000
32.000 49.750
Building 4 5 0.062
31.750 50.000
31.750 50.250
32.000 50.250
32.000 50.000
Building 4 5 0.062
31.750 50.250
31.750 50.500
32.000 50.500
32.000 50.250
Building 4 5 0.062
31.750 50.500
31.750 50.750
32.000 50.750
32.000 50.500
Building 4 5 0.062
31.750 50.750
31.750 51.000
32.000 51.000
32.000 50.750
Building 4 5 0.062
31.750 51.000
31.750 51.250
32.000 51.250
32.000 51.000
Building 4 5 0.062
31.750 51.250
31.750 51.500
32.000 51.500
32.000 51.250
Building 4 5 0.062
31.750 51.500
31.750 51.750
32.000 51.750
32.000 51.500
Building 4 5 0.062
31.750 51.750
31.750 52.000
32.000 52.000
32.000 51.750
Building 4 5 0.062
31.750 52.000
31.750 52.250
32.000 52.250
32.000 52.000
Building 4 5 0.062
31.750 52.250
31.750 52.500
32.000 52.500
32.000 52.250
Building 4 5 0.062
31.750 52.500
31.750 52.750
32.000 52.750
32.000 52.500
Building 4 5 0.062
31.750 52.750
31.750 53.000
32.000 53.000
32.000 52.750
Building 4 5 0.062
31.750 53.000
31.750 53.250
32.000 53.250
32.000 53.000
Building 4 5 0.062
31.750 53.250
31.750 53.500
32.000 53.500
32.000 53.250
Building 4 5 0.062
31.750 53.500
31.750 53.750
32.000 53.750
32.000 53.500
Building 4 5 0.062
31.750 53.750
31.750 54.000
32.000 54.000
32.000 53.750
Building 4 5 0.062
31.750 54.000
31.750 54.250
32.000 54.250
32.000 54.000
Building 4 5 0.062
31.750 54.250
31.750 54.500
32.000 54.500
32.000 54.250
Building 4 5 0.062
31.750 54.500
31.750 54.750
32.000 54.750
32.000 54.500
Building 4 5 0.062
31.750 54.750
31.750 55.000
32.000 55.000
32.000 54.750
Building 4 5 0.062
31.750 55.000
31.750 55.250
32.000 55.250
32.000 55.000
Building 4 5 0.062
31.750 55.250
31.750 55.500
32.000 55.500
32.000 55.250
Building 4 5 0.062
31.750 55.500
31.750 55.750
32.000 55.750
32.000 55.500
Building 4 5 0.062
31.750 55.750
31.750 56.000
32.000 56.000
32.000 55.750
Building 4 5 0.062
31.750 56.000
31.750 56.250
32.000 56.250
32.000 56.000
Building 4 5 0.062
31.750 56.250
31.750 56.500
32.000 56.500
32.000 56.250
Building 4 5 0.062
31.750 56.500
31.750 56.750
32.000 56.750
32.000 56.500
Building 4 5 0.062
31.750 56.750
31.750 57.000
32.000 57.000
32.000 56.750
Building 4 5 0.062
31.750 57.000
31.750 57.250
32.000 57.250
32.000 57.000
Building 4 5 0.062
32.000 57.500
32.000 57.250
31.750 57.250
31.750 57.500
Building 4 5 0.062
31.750 62.500
31.750 62.750
32.000 62.750
32.000 62.500
Building 4 5 0.062
31.750 62.750
31.750 63.000
32.000 63.000
32.000 62.750
Building 4 5 0.062
31.750 63.000
31.750 63.250
32.000 63.250
32.000 63.000
Building 4 5 0.062
31.750 63.250
31.750 63.500
32.000 63.500
32.000 63.250
Building 4 5 0.062
31.750 63.500
31.750 63.750
32.000 63.750
32.000 63.500
Building 4 5 0.062
31.750 63.750
31.750 64.000
32.000 64.000
32.000 63.750
Building 4 5 0.062
31.750 64.000
31.750 64.250
32.000 64.250
32.000 64.000
Building 4 5 0.062
32.000 64.500
32.000 64.250
31.750 64.250
31.750 64.500
Building 4 5 0.062
32.000 26.000
32.000 26.250
32.250 26.250
32.250 26.000
Building 4 5 0.062
32.000 26.250
32.000 26.500
32.250 26.500
32.250 26.250
Building 4 5 0.062
32.000 26.500
32.000 26.750
32.250 26.750
32.250 26.500
Building 4 5 0.062
32.000 26.750
32.000 27.000
32.250 27.000
32.250 26.750
Building 4 5 0.062
32.000 27.000
32.000 27.250
32.250 27.250
32.250 27.000
Building 4 5 0.062
32.000 27.250
32.000 27.500
32.250 27.500
32.250 27.250
Building 4 5 0.062
32.000 27.500
32.000 27.750
32.250 27.750
32.250 27.500
Building 4 5 0.062
32.000 27.750
32.000 28.000
32.250 28.000
32.250 27.750
Building 4 5 0.062
32.000 28.000
32.000 28.250
32.250 28.250
32.250 28.000
Building 4 5 0.062
32.000 28.250
32.000 28.500
32.250 28.500
32.250 28.250
Building 4 5 0.062
32.000 28.500
32.000 28.750
32.250 28.750
32.250 28.500
Building 4 5 0.062
32.000 28.750
32.000 29.000
32.250 29.000
32.250 28.750
Building 4 5 0.062
32.000 29.000
32.000 29.250
32.250 29.250
32.250 29.000
Building 4 5 0.062
32.000 29.250
32.000 29.500
32.250 29.500
32.250 29.250
Building 4 5 0.062
32.000 29.500
32.000 29.750
32.250 29.750
32.250 29.500
Building 4 5 0.062
32.000 29.750
32.000 30.000
32.250 30.000
32.250 29.750
Building 4 5 0.062
32.000 30.000
32.000 30.250
32.250 30.250
32.250 30.000
Building 4 5 0.062
32.000 30.250
32.000 30.500
32.250 30.500
32.250 30.250
Building 4 5 0.062
32.000 30.500
32.000 30.750
32.250 30.750
32.250 30.500
Building 4 5 0.062
32.000 30.750
32.000 31.000
32.250 31.000
32.250 30.750
Building 4 5 0.062
32.000 31.000
32.000 31.250
32.250 31.250
32.250 31.000
Building 4 5 0.062
32.000 31.250
32.000 31.500
32.250 31.500
32.250 31.250
Building 4 5 0.062
32.000 31.500
32.000 31.750
32.250 31.750
32.250 31.500
Building 4 5 0.062
32.000 31.750
32.000 32.000
32.250 32.000
32.250 31.750
Building 4 5 0.062
32.000 32.000
32.000 32.250
32.250 32.250
32.250 32.000
Building 4 5 0.062
32.000 32.250
32.000 32.500
32.250 32.500
32.250 32.250
Building 4 5 0.062
32.000 32.500
32.000 32.750
32.250 32.750
32.250 32.500
Building 4 5 0.062
32.000 32.750
32.000 33.000
32.250 33.000
32.250 32.750
Building 4 5 0.062
32.000 33.000
32.000 33.250
32.250 33.250
32.250 33.000
Building 4 5 0.062
32.000 33.250
32.000 33.500
32.250 33.500
32.250 33.250
Building 4 5 0.062
32.000 33.500
32.000 33.750
32.250 33.750
32.250 33.500
Building 4 5 0.062
32.000 33.750
32.000 34.000
32.250 34.000
32.250 33.750
Building 4 5 0.062
32.000 34.000
32.000 34.250
32.250 34.250
32.250 34.000
Building 4 5 0.062
32.000 34.250
32.000 34.500
32.250 34.500
32.250 34.250
Building 4 5 0.062
32.000 34.500
32.000 34.750
32.250 34.750
32.250 34.500
Building 4 5 0.062
32.000 34.750
32.000 35.000
32.250 35.000
32.250 34.750
Building 4 5 0.062
32.000 35.000
32.000 35.250
32.250 35.250
32.250 35.000
Building 4 5 0.062
32.000 35.250
32.000 35.500
32.250 35.500
32.250 35.250
Building 4 5 0.062
32.000 35.500
32.000 35.750
32.250 35.750
32.250 35.500
Building 4 5 0.062
32.000 35.750
32.000 36.000
32.250 36.000
32.250 35.750
Building 4 5 0.062
32.000 36.000
32.000 36.250
32.250 36.250
32.250 36.000
Building 4 5 0.062
32.000 36.250
32.000 36.500
32.250 36.500
32.250 36.250
Building 4 5 0.062
32.000 36.500
32.000 36.750
32.250 36.750
32.250 36.500
Building 4 5 0.062
32.000 36.750
32.000 37.000
32.250 37.000
32.250 36.750
Building 4 5 0.062
32.000 37.000
32.000 37.250
32.250 37.250
32.250 37.000
Building 4 5 0.062
32.000 37.250
32.000 37.500
32.250 37.500
32.250 37.250
Building 4 5 0.062
32.000 37.500
32.000 37.750
32.250 37.750
32.250 37.500
Building 4 5 0.062
32.000 37.750
32.000 38.000
32.250 38.000
32.250 37.750
Building 4 5 0.062
32.000 38.000
32.000 38.250
32.250 38.250
32.250 38.000
Building 4 5 0.062
32.000 38.250
32.000 38.500
32.250 38.500
32.250 38.250
Building 4 5 0.062
32.000 38.500
32.000 38.750
32.250 38.750
32.250 38.500
Building 4 5 0.062
32.000 38.750
32.000 39.000
32.250 39.000
32.250 38.750
Building 4 5 0.062
32.000 39.000
32.000 39.250
32.250 39.250
32.250 39.000
Building 4 5 0.062
32.000 39.250
32.000 39.500
32.250 39.500
32.250 39.250
Building 4 5 0.062
32.000 39.500
32.000 39.750
32.250 39.750
32.250 39.500
Building 4 5 0.062
32.000 39.750
32.000 40.000
32.250 40.000
32.250 39.750
Building 4 5 0.062
32.000 40.000
32.000 40.250
32.250 40.250
32.250 40.000
Building 4 5 0.062
32.000 40.250
32.000 40.500
32.250 40.500
32.250 40.250
Building 4 5 0.062
32.000 40.500
32.000 40.750
32.250 40.750
32.250 40.500
Building 4 5 0.062
32.000 40.750
32.000 41.000
32.250 41.000
32.250 40.750
Building 4 5 0.062
32.000 41.000
32.000 41.250
32.250 41.250
32.250 41.000
Building 4 5 0.062
32.000 41.250
32.000 41.500
32.250 41.500
32.250 41.250
Building 4 5 0.062
32.000 41.500
32.000 41.750
32.250 41.750
32.250 41.500
Building 4 5 0.062
32.000 41.750
32.000 42.000
32.250 42.000
32.250 41.750
Building 4 5 0.062
32.000 42.000
32.000 42.250
32.250 42.250
32.250 42.000
Building 4 5 0.062
32.000 42.250
32.000 42.500
32.250 42.500
32.250 42.250
Building 4 5 0.062
32.000 42.500
32.000 42.750
32.250 42.750
32.250 42.500
Building 4 5 0.062
32.000 42.750
32.000 43.000
32.250 43.000
32.250 42.750
Building 4 5 0.062
32.000 43.000
32.000 43.250
32.250 43.250
32.250 43.000
Building 4 5 0.062
32.000 43.250
32.000 43.500
32.250 43.500
32.250 43.250
Building 4 5 0.062
32.000 43.500
32.000 43.750
32.250 43.750
32.250 43.500
Building 4 5 0.062
32.000 43.750
32.000 44.000
32.250 44.000
32.250 43.750
Building 4 5 0.062
32.000 44.000
32.000 44.250
32.250 44.250
32.250 44.000
Building 4 5 0.062
32.000 44.250
32.000 44.500
32.250 44.500
32.250 44.250
Building 4 5 0.062
32.000 44.500
32.000 44.750
32.250 44.750
32.250 44.500
Building 4 5 0.062
32.000 44.750
32.000 45.000
32.250 45.000
32.250 44.750
Building 4 5 0.062
32.000 45.000
32.000 45.250
32.250 45.250
32.250 45.000
Building 4 5 0.062
32.000 45.250
32.000 45.500
32.250 45.500
32.250 45.250
Building 4 5 0.062
32.000 45.500
32.000 45.750
32.250 45.750
32.250 45.500
Building 4 5 0.062
32.000 45.750
32.000 46.000
32.250 46.000
32.250 45.750
Building 4 5 0.062
32.000 46.000
32.000 46.250
32.250 46.250
32.250 46.000
Building 4 5 0.062
32.000 46.250
32.000 46.500
32.250 46.500
32.250 46.250
Building 4 5 0.062
32.000 46.500
32.000 46.750
32.250 46.750
32.250 46.500
Building 4 5 0.062
32.000 46.750
32.000 47.000
32.250 47.000
32.250 46.750
Building 4 5 0.062
32.000 47.000
32.000 47.250
32.250 47.250
32.250 47.000
Building 4 5 0.062
32.000 47.250
32.000 47.500
32.250 47.500
32.250 47.250
Building 4 5 0.062
32.000 47.500
32.000 47.750
32.250 47.750
32.250 47.500
Building 4 5 0.062
32.000 47.750
32.000 48.000
32.250 48.000
32.250 47.750
Building 4 5 0.062
32.000 48.000
32.000 48.250
32.250 48.250
32.250 48.000
Building 4 5 0.062
32.000 48.250
32.000 48.500
32.250 48.500
32.250 48.250
Building 4 5 0.062
32.000 48.500
32.000 48.750
32.250 48.750
32.250 48.500
Building 4 5 0.062
32.000 48.750
32.000 49.000
32.250 49.000
32.250 48.750
Building 4 5 0.062
32.000 49.000
32.000 49.250
32.250 49.250
32.250 49.000
Building 4 5 0.062
32.000 49.250
32.000 49.500
32.250 49.500
32.250 49.250
Building 4 5 0.062
32.000 49.500
32.000 49.750
32.250 49.750
32.250 49.500
Building 4 5 0.062
32.000 49.750
32.000 50.000
32.250 50.000
32.250 49.750
Building 4 5 0.062
32.000 50.000
32.000 50.250
32.250 50.250
32.250 50.000
Building 4 5 0.062
32.000 50.250
32.000 50.500
32.250 50.500
32.250 50.250
Building 4 5 0.062
32.000 50.500
32.000 50.750
32.250 50.750
32.250 50.500
Building 4 5 0.062
32.000 50.750
32.000 51.000
32.250 51.000
32.250 50.750
Building 4 5 0.062
32.000 51.000
32.000 51.250
32.250 51.250
32.250 51.000
Building 4 5 0.062
32.000 51.250
32.000 51.500
32.250 51.500
32.250 51.250
Building 4 5 0.062
32.000 51.500
32.000 51.750
32.250 51.750
32.250 51.500
Building 4 5 0.062
32.000 51.750
32.000 52.000
32.250 52.000
32.250 51.750
Building 4 5 0.062
32.000 52.000
32.000 52.250
32.250 52.250
32.250 52.000
Building 4 5 0.062
32.000 52.250
32.000 52.500
32.250 52.500
32.250 52.250
Building 4 5 0.062
32.000 52.500
32.000 52.750
32.250 52.750
32.250 52.500
Building 4 5 0.062
32.000 52.750
32.000 53.000
32.250 53.000
32.250 52.750
Building 4 5 0.062
32.000 53.000
32.000 53.250
32.250 53.250
32.250 53.000
Building 4 5 0.062
32.000 53.250
32.000 53.500
32.250 53.500
32.250 53.250
Building 4 5 0.062
32.000 53.500
32.000 53.750
32.250 53.750
32.250 53.500
Building 4 5 0.062
32.000 53.750
32.000 54.000
32.250 54.000
32.250 53.750
Building 4 5 0.062
32.000 54.000
32.000 54.250
32.250 54.250
32.250 54.000
Building 4 5 0.062
32.000 54.250
32.000 54.500
32.250 54.500
32.250 54.250
Building 4 5 0.062
32.000 54.500
32.000 54.750
32.250 54.750
32.250 54.500
Building 4 5 0.062
32.000 54.750
32.000 55.000
32.250 55.000
32.250 54.750
Building 4 5 0.062
32.000 55.000
32.000 55.250
32.250 55.250
32.250 55.000
Building 4 5 0.062
32.000 55.250
32.000 55.500
32.250 55.500
32.250 55.250
Building 4 5 0.062
32.000 55.500
32.000 55.750
32.250 55.750
32.250 55.500
Building 4 5 0.062
32.000 55.750
32.000 56.000
32.250 56.000
32.250 55.750
Building 4 5 0.062
32.000 56.000
32.000 56.250
32.250 56.250
32.250 56.000
Building 4 5 0.062
32.000 56.250
32.000 56.500
32.250 56.500
32.250 56.250
Building 4 5 0.062
32.000 56.500
32.000 56.750
32.250 56.750
32.250 56.500
Building 4 5 0.062
32.000 56.750
32.000 57.000
32.250 57.000
32.250 56.750
Building 4 5 0.062
32.000 57.000
32.000 57.250
32.250 57.250
32.250 57.000
Building 4 5 0.062
32.250 57.500
32.250 57.250
32.000 57.250
32.000 57.500
Building 4 5 0.062
32.000 62.500
32.000 62.750
32.250 62.750
32.250 62.500
Building 4 5 0.062
32.000 62.750
32.000 63.000
32.250 63.000
32.250 62.750
Building 4 5 0.062
32.000 63.000
32.000 63.250
32.250 63.250
32.250 63.000
Building 4 5 0.062
32.000 63.250
32.000 63.500
32.250 63.500
32.250 63.250
Building 4 5 0.062
32.000 63.500
32.000 63.750
32.250 63.750
32.250 63.500
Building 4 5 0.062
32.000 63.750
32.000 64.000
32.250 64.000
32.250 63.750
Building 4 5 0.062
32.000 64.000
32.000 64.250
32.250 64.250
32.250 64.000
Building 4 5 0.062
32.250 64.500
32.250 64.250
32.000 64.250
32.000 64.500
Building 4 5 0.062
32.250 26.000
32.250 26.250
32.500 26.250
32.500 26.000
Building 4 5 0.062
32.250 26.250
32.250 26.500
32.500 26.500
32.500 26.250
Building 4 5 0.062
32.250 26.500
32.250 26.750
32.500 26.750
32.500 26.500
Building 4 5 0.062
32.250 26.750
32.250 27.000
32.500 27.000
32.500 26.750
Building 4 5 0.062
32.250 27.000
32.250 27.250
32.500 27.250
32.500 27.000
Building 4 5 0.062
32.250 27.250
32.250 27.500
32.500 27.500
32.500 27.250
Building 4 5 0.062
32.250 27.500
32.250 27.750
32.500 27.750
32.500 27.500
Building 4 5 0.062
32.500 27.750
32.250 27.750
32.250 28.000
32.500 28.000
Building 4 5 0.062
32.500 28.000
32.250 28.000
32.250 28.250
32.500 28.250
Building 4 5 0.062
32.500 28.250
32.250 28.250
32.250 28.500
32.500 28.500
Building 4 5 0.062
32.500 28.500
32.250 28.500
32.250 28.750
32.500 28.750
Building 4 5 0.062
32.500 28.750
32.250 28.750
32.250 29.000
32.500 29.000
Building 4 5 0.062
32.500 29.000
32.250 29.000
32.250 29.250
32.500 29.250
Building 4 5 0.062
32.500 29.250
32.250 29.250
32.250 29.500
32.500 29.500
Building 4 5 0.062
32.500 29.500
32.250 29.500
32.250 29.750
32.500 29.750
Building 4 5 0.062
32.500 29.750
32.250 29.750
32.250 30.000
32.500 30.000
Building 4 5 0.062
32.500 30.000
32.250 30.000
32.250 30.250
32.500 30.250
Building 4 5 0.062
32.500 30.250
32.250 30.250
32.250 30.500
32.500 30.500
Building 4 5 0.062
32.500 30.500
32.250 30.500
32.250 30.750
32.500 30.750
Building 4 5 0.062
32.500 30.750
32.250 30.750
32.250 31.000
32.500 31.000
Building 4 5 0.062
32.500 31.000
32.250 31.000
32.250 31.250
32.500 31.250
Building 4 5 0.062
32.500 31.250
32.250 31.250
32.250 31.500
32.500 31.500
Building 4 5 0.062
32.500 31.500
32.250 31.500
32.250 31.750
32.500 31.750
Building 4 5 0.062
32.500 31.750
32.250 31.750
32.250 32.000
32.500 32.000
Building 4 5 0.062
32.500 32.000
32.250 32.000
32.250 32.250
32.500 32.250
Building 4 5 0.062
32.500 32.250
32.250 32.250
32.250 32.500
32.500 32.500
Building 4 5 0.062
32.500 32.500
32.250 32.500
32.250 32.750
32.500 32.750
Building 4 5 0.062
32.500 32.750
32.250 32.750
32.250 33.000
32.500 33.000
Building 4 5 0.062
32.500 33.000
32.250 33.000
32.250 33.250
32.500 33.250
Building 4 5 0.062
32.500 33.250
32.250 33.250
32.250 33.500
32.500 33.500
Building 4 5 0.062
32.500 33.500
32.250 33.500
32.250 33.750
32.500 33.750
Building 4 5 0.062
32.500 33.750
32.250 33.750
32.250 34.000
32.500 34.000
Building 4 5 0.062
32.500 34.000
32.250 34.000
32.250 34.250
32.500 34.250
Building 4 5 0.062
32.500 34.250
32.250 34.250
32.250 34.500
32.500 34.500
Building 4 5 0.062
32.500 34.500
32.250 34.500
32.250 34.750
32.500 34.750
Building 4 5 0.062
32.500 34.750
32.250 34.750
32.250 35.000
32.500 35.000
Building 4 5 0.062
32.500 35.000
32.250 35.000
32.250 35.250
32.500 35.250
Building 4 5 0.062
32.500 35.250
32.250 35.250
32.250 35.500
32.500 35.500
Building 4 5 0.062
32.500 35.500
32.250 35.500
32.250 35.750
32.500 35.750
Building 4 5 0.062
32.500 35.750
32.250 35.750
32.250 36.000
32.500 36.000
Building 4 5 0.062
32.500 36.000
32.250 36.000
32.250 36.250
32.500 36.250
Building 4 5 0.062
32.500 36.250
32.250 36.250
32.250 36.500
32.500 36.500
Building 4 5 0.062
32.500 36.500
32.250 36.500
32.250 36.750
32.500 36.750
Building 4 5 0.062
32.500 36.750
32.250 36.750
32.250 37.000
32.500 37.000
Building 4 5 0.062
32.500 37.000
32.250 37.000
32.250 37.250
32.500 37.250
Building 4 5 0.062
32.500 37.250
32.250 37.250
32.250 37.500
32.500 37.500
Building 4 5 0.062
32.500 37.500
32.250 37.500
32.250 37.750
32.500 37.750
Building 4 5 0.062
32.500 37.750
32.250 37.750
32.250 38.000
32.500 38.000
Building 4 5 0.062
32.500 38.000
32.250 38.000
32.250 38.250
32.500 38.250
Building 4 5 0.062
32.500 38.250
32.250 38.250
32.250 38.500
32.500 38.500
Building 4 5 0.062
32.500 38.500
32.250 38.500
32.250 38.750
32.500 38.750
Building 4 5 0.062
32.500 38.750
32.250 38.750
32.250 39.000
32.500 39.000
Building 4 5 0.062
32.500 39.000
32.250 39.000
32.250 39.250
32.500 39.250
Building 4 5 0.062
32.500 39.250
32.250 39.250
32.250 39.500
32.500 39.500
Building 4 5 0.062
32.500 39.500
32.250 39.500
32.250 39.750
32.500 39.750
Building 4 5 0.062
32.500 39.750
32.250 39.750
32.250 40.000
32.500 40.000
Building 4 5 0.062
32.500 40.000
32.250 40.000
32.250 40.250
32.500 40.250
Building 4 5 0.062
32.500 40.250
32.250 40.250
32.250 40.500
32.500 40.500
Building 4 5 0.062
32.500 40.500
32.250 40.500
32.250 40.750
32.500 40.750
Building 4 5 0.062
32.500 40.750
32.250 40.750
32.250 41.000
32.500 41.000
Building 4 5 0.062
32.500 41.000
32.250 41.000
32.250 41.250
32.500 41.250
Building 4 5 0.062
32.500 41.250
32.250 41.250
32.250 41.500
32.500 41.500
Building 4 5 0.062
32.500 41.500
32.250 41.500
32.250 41.750
32.500 41.750
Building 4 5 0.062
32.500 41.750
32.250 41.750
32.250 42.000
32.500 42.000
Building 4 5 0.062
32.500 42.000
32.250 42.000
32.250 42.250
32.500 42.250
Building 4 5 0.062
32.500 42.250
32.250 42.250
32.250 42.500
32.500 42.500
Building 4 5 0.062
32.500 42.500
32.250 42.500
32.250 42.750
32.500 42.750
Building 4 5 0.062
32.500 42.750
32.250 42.750
32.250 43.000
32.500 43.000
Building 4 5 0.062
32.500 43.000
32.250 43.000
32.250 43.250
32.500 43.250
Building 4 5 0.062
32.500 43.250
32.250 43.250
32.250 43.500
32.500 43.500
Building 4 5 0.062
32.500 43.500
32.250 43.500
32.250 43.750
32.500 43.750
Building 4 5 0.062
32.500 43.750
32.250 43.750
32.250 44.000
32.500 44.000
Building 4 5 0.062
32.500 44.000
32.250 44.000
32.250 44.250
32.500 44.250
Building 4 5 0.062
32.500 44.250
32.250 44.250
32.250 44.500
32.500 44.500
Building 4 5 0.062
32.500 44.500
32.250 44.500
32.250 44.750
32.500 44.750
Building 4 5 0.062
32.500 44.750
32.250 44.750
32.250 45.000
32.500 45.000
Building 4 5 0.062
32.500 45.000
32.250 45.000
32.250 45.250
32.500 45.250
Building 4 5 0.062
32.500 45.250
32.250 45.250
32.250 45.500
32.500 45.500
Building 4 5 0.062
32.500 45.500
32.250 45.500
32.250 45.750
32.500 45.750
Building 4 5 0.062
32.500 45.750
32.250 45.750
32.250 46.000
32.500 46.000
Building 4 5 0.062
32.500 46.000
32.250 46.000
32.250 46.250
32.500 46.250
Building 4 5 0.062
32.500 46.250
32.250 46.250
32.250 46.500
32.500 46.500
Building 4 5 0.062
32.500 46.500
32.250 46.500
32.250 46.750
32.500 46.750
Building 4 5 0.062
32.500 46.750
32.250 46.750
32.250 47.000
32.500 47.000
Building 4 5 0.062
32.500 47.000
32.250 47.000
32.250 47.250
32.500 47.250
Building 4 5 0.062
32.500 47.250
32.250 47.250
32.250 47.500
32.500 47.500
Building 4 5 0.062
32.500 47.500
32.250 47.500
32.250 47.750
32.500 47.750
Building 4 5 0.062
32.500 47.750
32.250 47.750
32.250 48.000
32.500 48.000
Building 4 5 0.062
32.500 48.000
32.250 48.000
32.250 48.250
32.500 48.250
Building 4 5 0.062
32.500 48.250
32.250 48.250
32.250 48.500
32.500 48.500
Building 4 5 0.062
32.500 48.500
32.250 48.500
32.250 48.750
32.500 48.750
Building 4 5 0.062
32.500 48.750
32.250 48.750
32.250 49.000
32.500 49.000
Building 4 5 0.062
32.500 49.000
32.250 49.000
32.250 49.250
32.500 49.250
Building 4 5 0.062
32.500 49.250
32.250 49.250
32.250 49.500
32.500 49.500
Building 4 5 0.062
32.500 49.500
32.250 49.500
32.250 49.750
32.500 49.750
Building 4 5 0.062
32.500 49.750
32.250 49.750
32.250 50.000
32.500 50.000
Building 4 5 0.062
32.500 50.000
32.250 50.000
32.250 50.250
32.500 50.250
Building 4 5 0.062
32.500 50.250
32.250 50.250
32.250 50.500
32.500 50.500
Building 4 5 0.062
32.500 50.500
32.250 50.500
32.250 50.750
32.500 50.750
Building 4 5 0.062
32.500 50.750
32.250 50.750
32.250 51.000
32.500 51.000
Building 4 5 0.062
32.500 51.000
32.250 51.000
32.250 51.250
32.500 51.250
Building 4 5 0.062
32.500 51.250
32.250 51.250
32.250 51.500
32.500 51.500
Building 4 5 0.062
32.500 51.500
32.250 51.500
32.250 51.750
32.500 51.750
Building 4 5 0.062
32.500 51.750
32.250 51.750
32.250 52.000
32.500 52.000
Building 4 5 0.062
32.500 52.000
32.250 52.000
32.250 52.250
32.500 52.250
Building 4 5 0.062
32.500 52.250
32.250 52.250
32.250 52.500
32.500 52.500
Building 4 5 0.062
32.500 52.500
32.250 52.500
32.250 52.750
32.500 52.750
Building 4 5 0.062
32.500 52.750
32.250 52.750
32.250 53.000
32.500 53.000
Building 4 5 0.062
32.500 53.000
32.250 53.000
32.250 53.250
32.500 53.250
Building 4 5 0.062
32.500 53.250
32.250 53.250
32.250 53.500
32.500 53.500
Building 4 5 0.062
32.500 53.500
32.250 53.500
32.250 53.750
32.500 53.750
Building 4 5 0.062
32.500 53.750
32.250 53.750
32.250 54.000
32.500 54.000
Building 4 5 0.062
32.500 54.000
32.250 54.000
32.250 54.250
32.500 54.250
Building 4 5 0.062
32.500 54.250
32.250 54.250
32.250 54.500
32.500 54.500
Building 4 5 0.062
32.500 54.500
32.250 54.500
32.250 54.750
32.500 54.750
Building 4 5 0.062
32.500 54.750
32.250 54.750
32.250 55.000
32.500 55.000
Building 4 5 0.062
32.500 55.000
32.250 55.000
32.250 55.250
32.500 55.250
Building 4 5 0.062
32.500 55.250
32.250 55.250
32.250 55.500
32.500 55.500
Building 4 5 0.062
32.500 55.500
32.250 55.500
32.250 55.750
32.500 55.750
Building 4 5 0.062
32.500 55.750
32.250 55.750
32.250 56.000
32.500 56.000
Building 4 5 0.062
32.500 56.000
32.250 56.000
32.250 56.250
32.500 56.250
Building 4 5 0.062
32.500 56.250
32.250 56.250
32.250 56.500
32.500 56.500
Building 4 5 0.062
32.500 56.500
32.250 56.500
32.250 56.750
32.500 56.750
Building 4 5 0.062
32.500 56.750
32.250 56.750
32.250 57.000
32.500 57.000
Building 4 5 0.062
32.500 57.000
32.250 57.000
32.250 57.250
32.500 57.250
Building 4 5 0.062
32.500 57.500
32.500 57.250
32.250 57.250
32.250 57.500
Building 4 5 0.062
32.250 62.500
32.250 62.750
32.500 62.750
32.500 62.500
Building 4 5 0.062
32.250 62.750
32.250 63.000
32.500 63.000
32.500 62.750
Building 4 5 0.062
32.250 63.000
32.250 63.250
32.500 63.250
32.500 63.000
Building 4 5 0.062
32.250 63.250
32.250 63.500
32.500 63.500
32.500 63.250
Building 4 5 0.062
32.250 63.500
32.250 63.750
32.500 63.750
32.500 63.500
Building 4 5 0.062
32.250 63.750
32.250 64.000
32.500 64.000
32.500 63.750
Building 4 5 0.062
32.250 64.000
32.250 64.250
32.500 64.250
32.500 64.000
Building 4 5 0.062
32.500 64.500
32.500 64.250
32.250 64.250
32.250 64.500
Building 4 5 0.062
32.500 26.000
32.500 26.250
32.750 26.250
32.750 26.000
Building 4 5 0.062
32.500 26.250
32.500 26.500
32.750 26.500
32.750 26.250
Building 4 5 0.062
32.500 26.500
32.500 26.750
32.750 26.750
32.750 26.500
Building 4 5 0.062
32.500 26.750
32.500 27.000
32.750 27.000
32.750 26.750
Building 4 5 0.062
32.500 27.000
32.500 27.250
32.750 27.250
32.750 27.000
Building 4 5 0.062
32.500 27.250
32.500 27.500
32.750 27.500
32.750 27.250
Building 4 5 0.062
32.500 27.500
32.500 27.750
32.750 27.750
32.750 27.500
Building 4 5 0.062
32.750 28.000
32.750 27.750
32.500 27.750
32.500 28.000
Building 4 5 0.062
32.500 62.500
32.500 62.750
32.750 62.750
32.750 62.500
Building 4 5 0.062
32.500 62.750
32.500 63.000
32.750 63.000
32.750 62.750
Building 4 5 0.062
32.500 63.000
32.500 63.250
32.750 63.250
32.750 63.000
Building 4 5 0.062
32.500 63.250
32.500 63.500
32.750 63.500
32.750 63.250
Building 4 5 0.062
32.500 63.500
32.500 63.750
32.750 63.750
32.750 63.500
Building 4 5 0.062
32.500 63.750
32.500 64.000
32.750 64.000
32.750 63.750
Building 4 5 0.062
32.500 64.000
32.500 64.250
32.750 64.250
32.750 64.000
Building 4 5 0.062
32.750 64.500
32.750 64.250
32.500 64.250
32.500 64.500
Building 4 5 0.062
32.750 26.000
32.750 26.250
33.000 26.250
33.000 26.000
Building 4 5 0.062
32.750 26.250
32.750 26.500
33.000 26.500
33.000 26.250
Building 4 5 0.062
32.750 26.500
32.750 26.750
33.000 26.750
33.000 26.500
Building 4 5 0.062
32.750 26.750
32.750 27.000
33.000 27.000
33.000 26.750
Building 4 5 0.062
32.750 27.000
32.750 27.250
33.000 27.250
33.000 27.000
Building 4 5 0.062
32.750 27.250
32.750 27.500
33.000 27.500
33.000 27.250
Building 4 5 0.062
32.750 27.500
32.750 27.750
33.000 27.750
33.000 27.500
Building 4 5 0.062
33.000 28.000
33.000 27.750
32.750 27.750
32.750 28.000
Building 4 5 0.062
32.750 62.500
32.750 62.750
33.000 62.750
33.000 62.500
Building 4 5 0.062
32.750 62.750
32.750 63.000
33.000 63.000
33.000 62.750
Building 4 5 0.062
32.750 63.000
32.750 63.250
33.000 63.250
33.000 63.000
Building 4 5 0.062
32.750 63.250
32.750 63.500
33.000 63.500
33.000 63.250
Building 4 5 0.062
32.750 63.500
32.750 63.750
33.000 63.750
33.000 63.500
Building 4 5 0.062
32.750 63.750
32.750 64.000
33.000 64.000
33.000 63.750
Building 4 5 0.062
32.750 64.000
32.750 64.250
33.000 64.250
33.000 64.000
Building 4 5 0.062
33.000 64.500
33.000 64.250
32.750 64.250
32.750 64.500
Building 4 5 0.062
33.000 26.000
33.000 26.250
33.250 26.250
33.250 26.000
Building 4 5 0.062
33.000 26.250
33.000 26.500
33.250 26.500
33.250 26.250
Building 4 5 0.062
33.000 26.500
33.000 26.750
33.250 26.750
33.250 26.500
Building 4 5 0.062
33.000 26.750
33.000 27.000
33.250 27.000
33.250 26.750
Building 4 5 0.062
33.000 27.000
33.000 27.250
33.250 27.250
33.250 27.000
Building 4 5 0.062
33.000 27.250
33.000 27.500
33.250 27.500
33.250 27.250
Building 4 5 0.062
33.000 27.500
33.000 27.750
33.250 27.750
33.250 27.500
Building 4 5 0.062
33.250 28.000
33.250 27.750
33.000 27.750
33.000 28.000
Building 4 5 0.062
33.000 62.500
33.000 62.750
33.250 62.750
33.250 62.500
Building 4 5 0.062
33.000 62.750
33.000 63.000
33.250 63.000
33.250 62.750
Building 4 5 0.062
33.000 63.000
33.000 63.250
33.250 63.250
33.250 63.000
Building 4 5 0.062
33.000 63.250
33.000 63.500
33.250 63.500
33.250 63.250
Building 4 5 0.062
33.000 63.500
33.000 63.750
33.250 63.750
33.250 63.500
Building 4 5 0.062
33.000 63.750
33.000 64.000
33.250 64.000
33.250 63.750
Building 4 5 0.062
33.000 64.000
33.000 64.250
33.250 64.250
33.250 64.000
Building 4 5 0.062
33.250 64.500
33.250 64.250
33.000 64.250
33.000 64.500
Building 4 5 0.062
33.250 26.000
33.250 26.250
33.500 26.250
33.500 26.000
Building 4 5 0.062
33.250 26.250
33.250 26.500
33.500 26.500
33.500 26.250
Building 4 5 0.062
33.250 26.500
33.250 26.750
33.500 26.750
33.500 26.500
Building 4 5 0.062
33.250 26.750
33.250 27.000
33.500 27.000
33.500 26.750
Building 4 5 0.062
33.250 27.000
33.250 27.250
33.500 27.250
33.500 27.000
Building 4 5 0.062
33.250 27.250
33.250 27.500
33.500 27.500
33.500 27.250
Building 4 5 0.062
33.250 27.500
33.250 27.750
33.500 27.750
33.500 27.500
Building 4 5 0.062
33.500 28.000
33.500 27.750
33.250 27.750
33.250 28.000
Building 4 5 0.062
33.250 62.500
33.250 62.750
33.500 62.750
33.500 62.500
Building 4 5 0.062
33.250 62.750
33.250 63.000
33.500 63.000
33.500 62.750
Building 4 5 0.062
33.250 63.000
33.250 63.250
33.500 63.250
33.500 63.000
Building 4 5 0.062
33.250 63.250
33.250 63.500
33.500 63.500
33.500 63.250
Building 4 5 0.062
33.250 63.500
33.250 63.750
33.500 63.750
33.500 63.500
Building 4 5 0.062
33.250 63.750
33.250 64.000
33.500 64.000
33.500 63.750
Building 4 5 0.062
33.250 64.000
33.250 64.250
33.500 64.250
33.500 64.000
Building 4 5 0.062
33.500 64.500
33.500 64.250
33.250 64.250
33.250 64.500
Building 4 5 0.062
33.500 26.000
33.500 26.250
33.750 26.250
33.750 26.000
Building 4 5 0.062
33.500 26.250
33.500 26.500
33.750 26.500
33.750 26.250
Building 4 5 0.062
33.500 26.500
33.500 26.750
33.750 26.750
33.750 26.500
Building 4 5 0.062
33.500 26.750
33.500 27.000
33.750 27.000
33.750 26.750
Building 4 5 0.062
33.500 27.000
33.500 27.250
33.750 27.250
33.750 27.000
Building 4 5 0.062
33.500 27.250
33.500 27.500
33.750 27.500
33.750 27.250
Building 4 5 0.062
33.500 27.500
33.500 27.750
33.750 27.750
33.750 27.500
Building 4 5 0.062
33.750 28.000
33.750 27.750
33.500 27.750
33.500 28.000
Building 4 5 0.062
33.500 62.500
33.500 62.750
33.750 62.750
33.750 62.500
Building 4 5 0.062
33.500 62.750
33.500 63.000
33.750 63.000
33.750 62.750
Building 4 5 0.062
33.500 63.000
33.500 63.250
33.750 63.250
33.750 63.000
Building 4 5 0.062
33.500 63.250
33.500 63.500
33.750 63.500
33.750 63.250
Building 4 5 0.062
33.500 63.500
33.500 63.750
33.750 63.750
33.750 63.500
Building 4 5 0.062
33.500 63.750
33.500 64.000
33.750 64.000
33.750 63.750
Building 4 5 0.062
33.500 64.000
33.500 64.250
33.750 64.250
33.750 64.000
Building 4 5 0.062
33.750 64.500
33.750 64.250
33.500 64.250
33.500 64.500
Building 4 5 0.062
33.750 26.000
33.750 26.250
34.000 26.250
34.000 26.000
Building 4 5 0.062
33.750 26.250
33.750 26.500
34.000 26.500
34.000 26.250
Building 4 5 0.062
33.750 26.500
33.750 26.750
34.000 26.750
34.000 26.500
Building 4 5 0.062
33.750 26.750
33.750 27.000
34.000 27.000
34.000 26.750
Building 4 5 0.062
33.750 27.000
33.750 27.250
34.000 27.250
34.000 27.000
Building 4 5 0.062
33.750 27.250
33.750 27.500
34.000 27.500
34.000 27.250
Building 4 5 0.062
33.750 27.500
33.750 27.750
34.000 27.750
34.000 27.500
Building 4 5 0.062
34.000 28.000
34.000 27.750
33.750 27.750
33.750 28.000
Building 4 5 0.062
33.750 62.500
33.750 62.750
34.000 62.750
34.000 62.500
Building 4 5 0.062
33.750 62.750
33.750 63.000
34.000 63.000
34.000 62.750
Building 4 5 0.062
33.750 63.000
33.750 63.250
34.000 63.250
34.000 63.000
Building 4 5 0.062
33.750 63.250
33.750 63.500
34.000 63.500
34.000 63.250
Building 4 5 0.062
33.750 63.500
33.750 63.750
34.000 63.750
34.000 63.500
Building 4 5 0.062
33.750 63.750
33.750 64.000
34.000 64.000
34.000 63.750
Building 4 5 0.062
33.750 64.000
33.750 64.250
34.000 64.250
34.000 64.000
Building 4 5 0.062
34.000 64.500
34.000 64.250
33.750 64.250
33.750 64.500
Building 4 5 0.062
34.000 26.000
34.000 26.250
34.250 26.250
34.250 26.000
Building 4 5 0.062
34.000 26.250
34.000 26.500
34.250 26.500
34.250 26.250
Building 4 5 0.062
34.000 26.500
34.000 26.750
34.250 26.750
34.250 26.500
Building 4 5 0.062
34.000 26.750
34.000 27.000
34.250 27.000
34.250 26.750
Building 4 5 0.062
34.000 27.000
34.000 27.250
34.250 27.250
34.250 27.000
Building 4 5 0.062
34.000 27.250
34.000 27.500
34.250 27.500
34.250 27.250
Building 4 5 0.062
34.000 27.500
34.000 27.750
34.250 27.750
34.250 27.500
Building 4 5 0.062
34.250 28.000
34.250 27.750
34.000 27.750
34.000 28.000
Building 4 5 0.062
34.000 62.500
34.000 62.750
34.250 62.750
34.250 62.500
Building 4 5 0.062
34.000 62.750
34.000 63.000
34.250 63.000
34.250 62.750
Building 4 5 0.062
34.000 63.000
34.000 63.250
34.250 63.250
34.250 63.000
Building 4 5 0.062
34.000 63.250
34.000 63.500
34.250 63.500
34.250 63.250
Building 4 5 0.062
34.000 63.500
34.000 63.750
34.250 63.750
34.250 63.500
Building 4 5 0.062
34.000 63.750
34.000 64.000
34.250 64.000
34.250 63.750
Building 4 5 0.062
34.000 64.000
34.000 64.250
34.250 64.250
34.250 64.000
Building 4 5 0.062
34.250 64.500
34.250 64.250
34.000 64.250
34.000 64.500
Building 4 5 0.062
34.250 26.000
34.250 26.250
34.500 26.250
34.500 26.000
Building 4 5 0.062
34.250 26.250
34.250 26.500
34.500 26.500
34.500 26.250
Building 4 5 0.062
34.250 26.500
34.250 26.750
34.500 26.750
34.500 26.500
Building 4 5 0.062
34.250 26.750
34.250 27.000
34.500 27.000
34.500 26.750
Building 4 5 0.062
34.250 27.000
34.250 27.250
34.500 27.250
34.500 27.000
Building 4 5 0.062
34.250 27.250
34.250 27.500
34.500 27.500
34.500 27.250
Building 4 5 0.062
34.250 27.500
34.250 27.750
34.500 27.750
34.500 27.500
Building 4 5 0.062
34.500 28.000
34.500 27.750
34.250 27.750
34.250 28.000
Building 4 5 0.062
34.250 62.500
34.250 62.750
34.500 62.750
34.500 62.500
Building 4 5 0.062
34.250 62.750
34.250 63.000
34.500 63.000
34.500 62.750
Building 4 5 0.062
34.250 63.000
34.250 63.250
34.500 63.250
34.500 63.000
Building 4 5 0.062
34.250 63.250
34.250 63.500
34.500 63.500
34.500 63.250
Building 4 5 0.062
34.250 63.500
34.250 63.750
34.500 63.750
34.500 63.500
Building 4 5 0.062
34.250 63.750
34.250 64.000
34.500 64.000
34.500 63.750
Building 4 5 0.062
34.250 64.000
34.250 64.250
34.500 64.250
34.500 64.000
Building 4 5 0.062
34.500 64.500
34.500 64.250
34.250 64.250
34.250 64.500
Building 4 5 0.062
34.500 26.000
34.500 26.250
34.750 26.250
34.750 26.000
Building 4 5 0.062
34.500 26.250
34.500 26.500
34.750 26.500
34.750 26.250
Building 4 5 0.062
34.500 26.500
34.500 26.750
34.750 26.750
34.750 26.500
Building 4 5 0.062
34.500 26.750
34.500 27.000
34.750 27.000
34.750 26.750
Building 4 5 0.062
34.500 27.000
34.500 27.250
34.750 27.250
34.750 27.000
Building 4 5 0.062
34.500 27.250
34.500 27.500
34.750 27.500
34.750 27.250
Building 4 5 0.062
34.500 27.500
34.500 27.750
34.750 27.750
34.750 27.500
Building 4 5 0.062
34.750 28.000
34.750 27.750
34.500 27.750
34.500 28.000
Building 4 5 0.062
34.500 62.500
34.500 62.750
34.750 62.750
34.750 62.500
Building 4 5 0.062
34.500 62.750
34.500 63.000
34.750 63.000
34.750 62.750
Building 4 5 0.062
34.500 63.000
34.500 63.250
34.750 63.250
34.750 63.000
Building 4 5 0.062
34.500 63.250
34.500 63.500
34.750 63.500
34.750 63.250
Building 4 5 0.062
34.500 63.500
34.500 63.750
34.750 63.750
34.750 63.500
Building 4 5 0.062
34.500 63.750
34.500 64.000
34.750 64.000
34.750 63.750
Building 4 5 0.062
34.500 64.000
34.500 64.250
34.750 64.250
34.750 64.000
Building 4 5 0.062
34.750 64.500
34.750 64.250
34.500 64.250
34.500 64.500
Building 4 5 0.062
34.750 26.000
34.750 26.250
35.000 26.250
35.000 26.000
Building 4 5 0.062
34.750 26.250
34.750 26.500
35.000 26.500
35.000 26.250
Building 4 5 0.062
34.750 26.500
34.750 26.750
35.000 26.750
35.000 26.500
Building 4 5 0.062
34.750 26.750
34.750 27.000
35.000 27.000
35.000 26.750
Building 4 5 0.062
34.750 27.000
34.750 27.250
35.000 27.250
35.000 27.000
Building 4 5 0.062
34.750 27.250
34.750 27.500
35.000 27.500
35.000 27.250
Building 4 5 0.062
34.750 27.500
34.750 27.750
35.000 27.750
35.000 27.500
Building 4 5 0.062
35.000 28.000
35.000 27.750
34.750 27.750
34.750 28.000
Building 4 5 0.062
34.750 62.500
34.750 62.750
35.000 62.750
35.000 62.500
Building 4 5 0.062
34.750 62.750
34.750 63.000
35.000 63.000
35.000 62.750
Building 4 5 0.062
34.750 63.000
34.750 63.250
35.000 63.250
35.000 63.000
Building 4 5 0.062
34.750 63.250
34.750 63.500
35.000 63.500
35.000 63.250
Building 4 5 0.062
34.750 63.500
34.750 63.750
35.000 63.750
35.000 63.500
Building 4 5 0.062
34.750 63.750
34.750 64.000
35.000 64.000
35.000 63.750
Building 4 5 0.062
34.750 64.000
34.750 64.250
35.000 64.250
35.000 64.000
Building 4 5 0.062
35.000 64.500
35.000 64.250
34.750 64.250
34.750 64.500
Building 4 5 0.062
35.000 26.000
35.000 26.250
35.250 26.250
35.250 26.000
Building 4 5 0.062
35.000 26.250
35.000 26.500
35.250 26.500
35.250 26.250
Building 4 5 0.062
35.000 26.500
35.000 26.750
35.250 26.750
35.250 26.500
Building 4 5 0.062
35.000 26.750
35.000 27.000
35.250 27.000
35.250 26.750
Building 4 5 0.062
35.000 27.000
35.000 27.250
35.250 27.250
35.250 27.000
Building 4 5 0.062
35.000 27.250
35.000 27.500
35.250 27.500
35.250 27.250
Building 4 5 0.062
35.000 27.500
35.000 27.750
35.250 27.750
35.250 27.500
Building 4 5 0.062
35.250 28.000
35.250 27.750
35.000 27.750
35.000 28.000
Building 4 5 0.062
35.000 62.500
35.000 62.750
35.250 62.750
35.250 62.500
Building 4 5 0.062
35.000 62.750
35.000 63.000
35.250 63.000
35.250 62.750
Building 4 5 0.062
35.000 63.000
35.000 63.250
35.250 63.250
35.250 63.000
Building 4 5 0.062
35.000 63.250
35.000 63.500
35.250 63.500
35.250 63.250
Building 4 5 0.062
35.000 63.500
35.000 63.750
35.250 63.750
35.250 63.500
Building 4 5 0.062
35.000 63.750
35.000 64.000
35.250 64.000
35.250 63.750
Building 4 5 0.062
35.000 64.000
35.000 64.250
35.250 64.250
35.250 64.000
Building 4 5 0.062
35.250 64.500
35.250 64.250
35.000 64.250
35.000 64.500
Building 4 5 0.062
35.250 26.000
35.250 26.250
35.500 26.250
35.500 26.000
Building 4 5 0.062
35.250 26.250
35.250 26.500
35.500 26.500
35.500 26.250
Building 4 5 0.062
35.250 26.500
35.250 26.750
35.500 26.750
35.500 26.500
Building 4 5 0.062
35.250 26.750
35.250 27.000
35.500 27.000
35.500 26.750
Building 4 5 0.062
35.250 27.000
35.250 27.250
35.500 27.250
35.500 27.000
Building 4 5 0.062
35.250 27.250
35.250 27.500
35.500 27.500
35.500 27.250
Building 4 5 0.062
35.250 27.500
35.250 27.750
35.500 27.750
35.500 27.500
Building 4 5 0.062
35.500 28.000
35.500 27.750
35.250 27.750
35.250 28.000
Building 4 5 0.062
35.250 62.500
35.250 62.750
35.500 62.750
35.500 62.500
Building 4 5 0.062
35.250 62.750
35.250 63.000
35.500 63.000
35.500 62.750
Building 4 5 0.062
35.250 63.000
35.250 63.250
35.500 63.250
35.500 63.000
Building 4 5 0.062
35.250 63.250
35.250 63.500
35.500 63.500
35.500 63.250
Building 4 5 0.062
35.250 63.500
35.250 63.750
35.500 63.750
35.500 63.500
Building 4 5 0.062
35.250 63.750
35.250 64.000
35.500 64.000
35.500 63.750
Building 4 5 0.062
35.250 64.000
35.250 64.250
35.500 64.250
35.500 64.000
Building 4 5 0.062
35.500 64.500
35.500 64.250
35.250 64.250
35.250 64.500
Building 4 5 0.062
35.500 26.000
35.500 26.250
35.750 26.250
35.750 26.000
Building 4 5 0.062
35.500 26.250
35.500 26.500
35.750 26.500
35.750 26.250
Building 4 5 0.062
35.500 26.500
35.500 26.750
35.750 26.750
35.750 26.500
Building 4 5 0.062
35.500 26.750
35.500 27.000
35.750 27.000
35.750 26.750
Building 4 5 0.062
35.500 27.000
35.500 27.250
35.750 27.250
35.750 27.000
Building 4 5 0.062
35.500 27.250
35.500 27.500
35.750 27.500
35.750 27.250
Building 4 5 0.062
35.500 27.500
35.500 27.750
35.750 27.750
35.750 27.500
Building 4 5 0.062
35.750 28.000
35.750 27.750
35.500 27.750
35.500 28.000
Building 4 5 0.062
35.500 62.500
35.500 62.750
35.750 62.750
35.750 62.500
Building 4 5 0.062
35.500 62.750
35.500 63.000
35.750 63.000
35.750 62.750
Building 4 5 0.062
35.500 63.000
35.500 63.250
35.750 63.250
35.750 63.000
Building 4 5 0.062
35.500 63.250
35.500 63.500
35.750 63.500
35.750 63.250
Building 4 5 0.062
35.500 63.500
35.500 63.750
35.750 63.750
35.750 63.500
Building 4 5 0.062
35.500 63.750
35.500 64.000
35.750 64.000
35.750 63.750
Building 4 5 0.062
35.500 64.000
35.500 64.250
35.750 64.250
35.750 64.000
Building 4 5 0.062
35.750 64.500
35.750 64.250
35.500 64.250
35.500 64.500
Building 4 5 0.062
35.750 26.000
35.750 26.250
36.000 26.250
36.000 26.000
Building 4 5 0.062
35.750 26.250
35.750 26.500
36.000 26.500
36.000 26.250
Building 4 5 0.062
35.750 26.500
35.750 26.750
36.000 26.750
36.000 26.500
Building 4 5 0.062
35.750 26.750
35.750 27.000
36.000 27.000
36.000 26.750
Building 4 5 0.062
35.750 27.000
35.750 27.250
36.000 27.250
36.000 27.000
Building 4 5 0.062
35.750 27.250
35.750 27.500
36.000 27.500
36.000 27.250
Building 4 5 0.062
35.750 27.500
35.750 27.750
36.000 27.750
36.000 27.500
Building 4 5 0.062
36.000 28.000
36.000 27.750
35.750 27.750
35.750 28.000
Building 4 5 0.062
35.750 62.500
35.750 62.750
36.000 62.750
36.000 62.500
Building 4 5 0.062
35.750 62.750
35.750 63.000
36.000 63.000
36.000 62.750
Building 4 5 0.062
35.750 63.000
35.750 63.250
36.000 63.250
36.000 63.000
Building 4 5 0.062
35.750 63.250
35.750 63.500
36.000 63.500
36.000 63.250
Building 4 5 0.062
35.750 63.500
35.750 63.750
36.000 63.750
36.000 63.500
Building 4 5 0.062
35.750 63.750
35.750 64.000
36.000 64.000
36.000 63.750
Building 4 5 0.062
35.750 64.000
35.750 64.250
36.000 64.250
36.000 64.000
Building 4 5 0.062
36.000 64.500
36.000 64.250
35.750 64.250
35.750 64.500
Building 4 5 0.062
36.000 26.000
36.000 26.250
36.250 26.250
36.250 26.000
Building 4 5 0.062
36.000 26.250
36.000 26.500
36.250 26.500
36.250 26.250
Building 4 5 0.062
36.000 26.500
36.000 26.750
36.250 26.750
36.250 26.500
Building 4 5 0.062
36.000 26.750
36.000 27.000
36.250 27.000
36.250 26.750
Building 4 5 0.062
36.000 27.000
36.000 27.250
36.250 27.250
36.250 27.000
Building 4 5 0.062
36.000 27.250
36.000 27.500
36.250 27.500
36.250 27.250
Building 4 5 0.062
36.000 27.500
36.000 27.750
36.250 27.750
36.250 27.500
Building 4 5 0.062
36.250 28.000
36.250 27.750
36.000 27.750
36.000 28.000
Building 4 5 0.062
36.000 62.500
36.000 62.750
36.250 62.750
36.250 62.500
Building 4 5 0.062
36.000 62.750
36.000 63.000
36.250 63.000
36.250 62.750
Building 4 5 0.062
36.000 63.000
36.000 63.250
36.250 63.250
36.250 63.000
Building 4 5 0.062
36.000 63.250
36.000 63.500
36.250 63.500
36.250 63.250
Building 4 5 0.062
36.000 63.500
36.000 63.750
36.250 63.750
36.250 63.500
Building 4 5 0.062
36.000 63.750
36.000 64.000
36.250 64.000
36.250 63.750
Building 4 5 0.062
36.000 64.000
36.000 64.250
36.250 64.250
36.250 64.000
Building 4 5 0.062
36.250 64.500
36.250 64.250
36.000 64.250
36.000 64.500
Building 4 5 0.062
36.250 26.000
36.250 26.250
36.500 26.250
36.500 26.000
Building 4 5 0.062
36.250 26.250
36.250 26.500
36.500 26.500
36.500 26.250
Building 4 5 0.062
36.250 26.500
36.250 26.750
36.500 26.750
36.500 26.500
Building 4 5 0.062
36.250 26.750
36.250 27.000
36.500 27.000
36.500 26.750
Building 4 5 0.062
36.250 27.000
36.250 27.250
36.500 27.250
36.500 27.000
Building 4 5 0.062
36.250 27.250
36.250 27.500
36.500 27.500
36.500 27.250
Building 4 5 0.062
36.250 27.500
36.250 27.750
36.500 27.750
36.500 27.500
Building 4 5 0.062
36.500 28.000
36.500 27.750
36.250 27.750
36.250 28.000
Building 4 5 0.062
36.250 62.500
36.250 62.750
36.500 62.750
36.500 62.500
Building 4 5 0.062
36.250 62.750
36.250 63.000
36.500 63.000
36.500 62.750
Building 4 5 0.062
36.250 63.000
36.250 63.250
36.500 63.250
36.500 63.000
Building 4 5 0.062
36.250 63.250
36.250 63.500
36.500 63.500
36.500 63.250
Building 4 5 0.062
36.250 63.500
36.250 63.750
36.500 63.750
36.500 63.500
Building 4 5 0.062
36.250 63.750
36.250 64.000
36.500 64.000
36.500 63.750
Building 4 5 0.062
36.250 64.000
36.250 64.250
36.500 64.250
36.500 64.000
Building 4 5 0.062
36.500 64.500
36.500 64.250
36.250 64.250
36.250 64.500
Building 4 5 0.062
36.500 26.000
36.500 26.250
36.750 26.250
36.750 26.000
Building 4 5 0.062
36.500 26.250
36.500 26.500
36.750 26.500
36.750 26.250
Building 4 5 0.062
36.500 26.500
36.500 26.750
36.750 26.750
36.750 26.500
Building 4 5 0.062
36.500 26.750
36.500 27.000
36.750 27.000
36.750 26.750
Building 4 5 0.062
36.500 27.000
36.500 27.250
36.750 27.250
36.750 27.000
Building 4 5 0.062
36.500 27.250
36.500 27.500
36.750 27.500
36.750 27.250
Building 4 5 0.062
36.500 27.500
36.500 27.750
36.750 27.750
36.750 27.500
Building 4 5 0.062
36.750 28.000
36.750 27.750
36.500 27.750
36.500 28.000
Building 4 5 0.062
36.500 62.500
36.500 62.750
36.750 62.750
36.750 62.500
Building 4 5 0.062
36.500 62.750
36.500 63.000
36.750 63.000
36.750 62.750
Building 4 5 0.062
36.500 63.000
36.500 63.250
36.750 63.250
36.750 63.000
Building 4 5 0.062
36.500 63.250
36.500 63.500
36.750 63.500
36.750 63.250
Building 4 5 0.062
36.500 63.500
36.500 63.750
36.750 63.750
36.750 63.500
Building 4 5 0.062
36.500 63.750
36.500 64.000
36.750 64.000
36.750 63.750
Building 4 5 0.062
36.500 64.000
36.500 64.250
36.750 64.250
36.750 64.000
Building 4 5 0.062
36.750 64.500
36.750 64.250
36.500 64.250
36.500 64.500
Building 4 5 0.062
36.750 26.000
36.750 26.250
37.000 26.250
37.000 26.000
Building 4 5 0.062
36.750 26.250
36.750 26.500
37.000 26.500
37.000 26.250
Building 4 5 0.062
36.750 26.500
36.750 26.750
37.000 26.750
37.000 26.500
Building 4 5 0.062
36.750 26.750
36.750 27.000
37.000 27.000
37.000 26.750
Building 4 5 0.062
36.750 27.000
36.750 27.250
37.000 27.250
37.000 27.000
Building 4 5 0.062
36.750 27.250
36.750 27.500
37.000 27.500
37.000 27.250
Building 4 5 0.062
36.750 27.500
36.750 27.750
37.000 27.750
37.000 27.500
Building 4 5 0.062
37.000 28.000
37.000 27.750
36.750 27.750
36.750 28.000
Building 4 5 0.062
36.750 62.500
36.750 62.750
37.000 62.750
37.000 62.500
Building 4 5 0.062
36.750 62.750
36.750 63.000
37.000 63.000
37.000 62.750
Building 4 5 0.062
36.750 63.000
36.750 63.250
37.000 63.250
37.000 63.000
Building 4 5 0.062
36.750 63.250
36.750 63.500
37.000 63.500
37.000 63.250
Building 4 5 0.062
36.750 63.500
36.750 63.750
37.000 63.750
37.000 63.500
Building 4 5 0.062
36.750 63.750
36.750 64.000
37.000 64.000
37.000 63.750
Building 4 5 0.062
36.750 64.000
36.750 64.250
37.000 64.250
37.000 64.000
Building 4 5 0.062
37.000 64.500
37.000 64.250
36.750 64.250
36.750 64.500
Building 4 5 0.062
37.000 26.000
37.000 26.250
37.250 26.250
37.250 26.000
Building 4 5 0.062
37.000 26.250
37.000 26.500
37.250 26.500
37.250 26.250
Building 4 5 0.062
37.000 26.500
37.000 26.750
37.250 26.750
37.250 26.500
Building 4 5 0.062
37.000 26.750
37.000 27.000
37.250 27.000
37.250 26.750
Building 4 5 0.062
37.000 27.000
37.000 27.250
37.250 27.250
37.250 27.000
Building 4 5 0.062
37.000 27.250
37.000 27.500
37.250 27.500
37.250 27.250
Building 4 5 0.062
37.000 27.500
37.000 27.750
37.250 27.750
37.250 27.500
Building 4 5 0.062
37.250 28.000
37.250 27.750
37.000 27.750
37.000 28.000
Building 4 5 0.062
37.000 62.500
37.000 62.750
37.250 62.750
37.250 62.500
Building 4 5 0.062
37.000 62.750
37.000 63.000
37.250 63.000
37.250 62.750
Building 4 5 0.062
37.000 63.000
37.000 63.250
37.250 63.250
37.250 63.000
Building 4 5 0.062
37.000 63.250
37.000 63.500
37.250 63.500
37.250 63.250
Building 4 5 0.062
37.000 63.500
37.000 63.750
37.250 63.750
37.250 63.500
Building 4 5 0.062
37.000 63.750
37.000 64.000
37.250 64.000
37.250 63.750
Building 4 5 0.062
37.000 64.000
37.000 64.250
37.250 64.250
37.250 64.000
Building 4 5 0.062
37.250 64.500
37.250 64.250
37.000 64.250
37.000 64.500
Building 4 5 0.062
37.250 26.000
37.250 26.250
37.500 26.250
37.500 26.000
Building 4 5 0.062
37.250 26.250
37.250 26.500
37.500 26.500
37.500 26.250
Building 4 5 0.062
37.250 26.500
37.250 26.750
37.500 26.750
37.500 26.500
Building 4 5 0.062
37.250 26.750
37.250 27.000
37.500 27.000
37.500 26.750
Building 4 5 0.062
37.250 27.000
37.250 27.250
37.500 27.250
37.500 27.000
Building 4 5 0.062
37.250 27.250
37.250 27.500
37.500 27.500
37.500 27.250
Building 4 5 0.062
37.250 27.500
37.250 27.750
37.500 27.750
37.500 27.500
Building 4 5 0.062
37.500 28.000
37.500 27.750
37.250 27.750
37.250 28.000
Building 4 5 0.062
37.250 62.500
37.250 62.750
37.500 62.750
37.500 62.500
Building 4 5 0.062
37.250 62.750
37.250 63.000
37.500 63.000
37.500 62.750
Building 4 5 0.062
37.250 63.000
37.250 63.250
37.500 63.250
37.500 63.000
Building 4 5 0.062
37.250 63.250
37.250 63.500
37.500 63.500
37.500 63.250
Building 4 5 0.062
37.250 63.500
37.250 63.750
37.500 63.750
37.500 63.500
Building 4 5 0.062
37.250 63.750
37.250 64.000
37.500 64.000
37.500 63.750
Building 4 5 0.062
37.250 64.000
37.250 64.250
37.500 64.250
37.500 64.000
Building 4 5 0.062
37.500 64.500
37.500 64.250
37.250 64.250
37.250 64.500
Building 4 5 0.062
37.500 26.000
37.500 26.250
37.750 26.250
37.750 26.000
Building 4 5 0.062
37.500 26.250
37.500 26.500
37.750 26.500
37.750 26.250
Building 4 5 0.062
37.500 26.500
37.500 26.750
37.750 26.750
37.750 26.500
Building 4 5 0.062
37.500 26.750
37.500 27.000
37.750 27.000
37.750 26.750
Building 4 5 0.062
37.500 27.000
37.500 27.250
37.750 27.250
37.750 27.000
Building 4 5 0.062
37.500 27.250
37.500 27.500
37.750 27.500
37.750 27.250
Building 4 5 0.062
37.500 27.500
37.500 27.750
37.750 27.750
37.750 27.500
Building 4 5 0.062
37.750 28.000
37.750 27.750
37.500 27.750
37.500 28.000
Building 4 5 0.062
37.500 28.250
37.750 28.250
37.750 28.000
37.500 28.000
Building 4 5 0.062
37.500 28.500
37.750 28.500
37.750 28.250
37.500 28.250
Building 4 5 0.062
37.500 28.750
37.750 28.750
37.750 28.500
37.500 28.500
Building 4 5 0.062
37.500 29.000
37.750 29.000
37.750 28.750
37.500 28.750
Building 4 5 0.062
37.500 29.250
37.750 29.250
37.750 29.000
37.500 29.000
Building 4 5 0.062
37.500 29.500
37.750 29.500
37.750 29.250
37.500 29.250
Building 4 5 0.062
37.500 29.750
37.750 29.750
37.750 29.500
37.500 29.500
Building 4 5 0.062
37.500 30.000
37.750 30.000
37.750 29.750
37.500 29.750
Building 4 5 0.062
37.500 30.250
37.750 30.250
37.750 30.000
37.500 30.000
Building 4 5 0.062
37.500 30.500
37.750 30.500
37.750 30.250
37.500 30.250
Building 4 5 0.062
37.500 30.750
37.750 30.750
37.750 30.500
37.500 30.500
Building 4 5 0.062
37.500 31.000
37.750 31.000
37.750 30.750
37.500 30.750
Building 4 5 0.062
37.500 31.250
37.750 31.250
37.750 31.000
37.500 31.000
Building 4 5 0.062
37.500 31.500
37.750 31.500
37.750 31.250
37.500 31.250
Building 4 5 0.062
37.500 31.750
37.750 31.750
37.750 31.500
37.500 31.500
Building 4 5 0.062
37.500 32.000
37.750 32.000
37.750 31.750
37.500 31.750
Building 4 5 0.062
37.500 32.250
37.750 32.250
37.750 32.000
37.500 32.000
Building 4 5 0.062
37.500 32.500
37.750 32.500
37.750 32.250
37.500 32.250
Building 4 5 0.062
37.500 32.750
37.750 32.750
37.750 32.500
37.500 32.500
Building 4 5 0.062
37.500 33.000
37.750 33.000
37.750 32.750
37.500 32.750
Building 4 5 0.062
37.500 33.250
37.750 33.250
37.750 33.000
37.500 33.000
Building 4 5 0.062
37.500 33.500
37.750 33.500
37.750 33.250
37.500 33.250
Building 4 5 0.062
37.500 33.750
37.750 33.750
37.750 33.500
37.500 33.500
Building 4 5 0.062
37.500 34.000
37.750 34.000
37.750 33.750
37.500 33.750
Building 4 5 0.062
37.500 34.250
37.750 34.250
37.750 34.000
37.500 34.000
Building 4 5 0.062
37.500 34.500
37.750 34.500
37.750 34.250
37.500 34.250
Building 4 5 0.062
37.500 34.750
37.750 34.750
37.750 34.500
37.500 34.500
Building 4 5 0.062
37.500 35.000
37.750 35.000
37.750 34.750
37.500 34.750
Building 4 5 0.062
37.500 35.250
37.750 35.250
37.750 35.000
37.500 35.000
Building 4 5 0.062
37.500 35.500
37.750 35.500
37.750 35.250
37.500 35.250
Building 4 5 0.062
37.500 35.750
37.750 35.750
37.750 35.500
37.500 35.500
Building 4 5 0.062
37.500 36.000
37.750 36.000
37.750 35.750
37.500 35.750
Building 4 5 0.062
37.500 36.250
37.750 36.250
37.750 36.000
37.500 36.000
Building 4 5 0.062
37.500 36.500
37.750 36.500
37.750 36.250
37.500 36.250
Building 4 5 0.062
37.500 36.750
37.750 36.750
37.750 36.500
37.500 36.500
Building 4 5 0.062
37.500 37.000
37.750 37.000
37.750 36.750
37.500 36.750
Building 4 5 0.062
37.500 37.250
37.750 37.250
37.750 37.000
37.500 37.000
Building 4 5 0.062
37.500 37.500
37.750 37.500
37.750 37.250
37.500 37.250
Building 4 5 0.062
37.500 37.750
37.750 37.750
37.750 37.500
37.500 37.500
Building 4 5 0.062
37.500 38.000
37.750 38.000
37.750 37.750
37.500 37.750
Building 4 5 0.062
37.500 38.250
37.750 38.250
37.750 38.000
37.500 38.000
Building 4 5 0.062
37.500 38.500
37.750 38.500
37.750 38.250
37.500 38.250
Building 4 5 0.062
37.500 38.750
37.750 38.750
37.750 38.500
37.500 38.500
Building 4 5 0.062
37.500 39.000
37.750 39.000
37.750 38.750
37.500 38.750
Building 4 5 0.062
37.500 39.250
37.750 39.250
37.750 39.000
37.500 39.000
Building 4 5 0.062
37.500 39.500
37.750 39.500
37.750 39.250
37.500 39.250
Building 4 5 0.062
37.500 39.750
37.750 39.750
37.750 39.500
37.500 39.500
Building 4 5 0.062
37.500 40.000
37.750 40.000
37.750 39.750
37.500 39.750
Building 4 5 0.062
37.500 40.250
37.750 40.250
37.750 40.000
37.500 40.000
Building 4 5 0.062
37.500 40.500
37.750 40.500
37.750 40.250
37.500 40.250
Building 4 5 0.062
37.500 40.750
37.750 40.750
37.750 40.500
37.500 40.500
Building 4 5 0.062
37.500 41.000
37.750 41.000
37.750 40.750
37.500 40.750
Building 4 5 0.062
37.500 41.250
37.750 41.250
37.750 41.000
37.500 41.000
Building 4 5 0.062
37.500 41.500
37.750 41.500
37.750 41.250
37.500 41.250
Building 4 5 0.062
37.500 41.750
37.750 41.750
37.750 41.500
37.500 41.500
Building 4 5 0.062
37.500 42.000
37.750 42.000
37.750 41.750
37.500 41.750
Building 4 5 0.062
37.500 42.250
37.750 42.250
37.750 42.000
37.500 42.000
Building 4 5 0.062
37.500 42.500
37.750 42.500
37.750 42.250
37.500 42.250
Building 4 5 0.062
37.500 42.750
37.750 42.750
37.750 42.500
37.500 42.500
Building 4 5 0.062
37.500 43.000
37.750 43.000
37.750 42.750
37.500 42.750
Building 4 5 0.062
37.500 43.250
37.750 43.250
37.750 43.000
37.500 43.000
Building 4 5 0.062
37.500 43.500
37.750 43.500
37.750 43.250
37.500 43.250
Building 4 5 0.062
37.500 43.750
37.750 43.750
37.750 43.500
37.500 43.500
Building 4 5 0.062
37.500 44.000
37.750 44.000
37.750 43.750
37.500 43.750
Building 4 5 0.062
37.500 44.250
37.750 44.250
37.750 44.000
37.500 44.000
Building 4 5 0.062
37.500 44.500
37.750 44.500
37.750 44.250
37.500 44.250
Building 4 5 0.062
37.500 44.750
37.750 44.750
37.750 44.500
37.500 44.500
Building 4 5 0.062
37.500 45.000
37.750 45.000
37.750 44.750
37.500 44.750
Building 4 5 0.062
37.500 45.250
37.750 45.250
37.750 45.000
37.500 45.000
Building 4 5 0.062
37.500 45.500
37.750 45.500
37.750 45.250
37.500 45.250
Building 4 5 0.062
37.500 45.750
37.750 45.750
37.750 45.500
37.500 45.500
Building 4 5 0.062
37.500 46.000
37.750 46.000
37.750 45.750
37.500 45.750
Building 4 5 0.062
37.500 46.250
37.750 46.250
37.750 46.000
37.500 46.000
Building 4 5 0.062
37.500 46.500
37.750 46.500
37.750 46.250
37.500 46.250
Building 4 5 0.062
37.500 46.750
37.750 46.750
37.750 46.500
37.500 46.500
Building 4 5 0.062
37.500 47.000
37.750 47.000
37.750 46.750
37.500 46.750
Building 4 5 0.062
37.500 47.250
37.750 47.250
37.750 47.000
37.500 47.000
Building 4 5 0.062
37.500 47.500
37.750 47.500
37.750 47.250
37.500 47.250
Building 4 5 0.062
37.500 47.750
37.750 47.750
37.750 47.500
37.500 47.500
Building 4 5 0.062
37.500 48.000
37.750 48.000
37.750 47.750
37.500 47.750
Building 4 5 0.062
37.500 48.250
37.750 48.250
37.750 48.000
37.500 48.000
Building 4 5 0.062
37.500 48.500
37.750 48.500
37.750 48.250
37.500 48.250
Building 4 5 0.062
37.500 48.750
37.750 48.750
37.750 48.500
37.500 48.500
Building 4 5 0.062
37.500 49.000
37.750 49.000
37.750 48.750
37.500 48.750
Building 4 5 0.062
37.500 49.250
37.750 49.250
37.750 49.000
37.500 49.000
Building 4 5 0.062
37.500 49.500
37.750 49.500
37.750 49.250
37.500 49.250
Building 4 5 0.062
37.500 49.750
37.750 49.750
37.750 49.500
37.500 49.500
Building 4 5 0.062
37.500 50.000
37.750 50.000
37.750 49.750
37.500 49.750
Building 4 5 0.062
37.500 50.250
37.750 50.250
37.750 50.000
37.500 50.000
Building 4 5 0.062
37.500 50.500
37.750 50.500
37.750 50.250
37.500 50.250
Building 4 5 0.062
37.500 50.750
37.750 50.750
37.750 50.500
37.500 50.500
Building 4 5 0.062
37.500 51.000
37.750 51.000
37.750 50.750
37.500 50.750
Building 4 5 0.062
37.500 51.250
37.750 51.250
37.750 51.000
37.500 51.000
Building 4 5 0.062
37.500 51.500
37.750 51.500
37.750 51.250
37.500 51.250
Building 4 5 0.062
37.500 51.750
37.750 51.750
37.750 51.500
37.500 51.500
Building 4 5 0.062
37.500 52.000
37.750 52.000
37.750 51.750
37.500 51.750
Building 4 5 0.062
37.500 52.250
37.750 52.250
37.750 52.000
37.500 52.000
Building 4 5 0.062
37.500 52.500
37.750 52.500
37.750 52.250
37.500 52.250
Building 4 5 0.062
37.500 52.750
37.750 52.750
37.750 52.500
37.500 52.500
Building 4 5 0.062
37.500 53.000
37.750 53.000
37.750 52.750
37.500 52.750
Building 4 5 0.062
37.500 53.250
37.750 53.250
37.750 53.000
37.500 53.000
Building 4 5 0.062
37.500 53.500
37.750 53.500
37.750 53.250
37.500 53.250
Building 4 5 0.062
37.500 53.750
37.750 53.750
37.750 53.500
37.500 53.500
Building 4 5 0.062
37.500 54.000
37.750 54.000
37.750 53.750
37.500 53.750
Building 4 5 0.062
37.500 54.250
37.750 54.250
37.750 54.000
37.500 54.000
Building 4 5 0.062
37.500 54.500
37.750 54.500
37.750 54.250
37.500 54.250
Building 4 5 0.062
37.500 54.750
37.750 54.750
37.750 54.500
37.500 54.500
Building 4 5 0.062
37.500 55.000
37.750 55.000
37.750 54.750
37.500 54.750
Building 4 5 0.062
37.500 55.250
37.750 55.250
37.750 55.000
37.500 55.000
Building 4 5 0.062
37.500 55.500
37.750 55.500
37.750 55.250
37.500 55.250
Building 4 5 0.062
37.500 55.750
37.750 55.750
37.750 55.500
37.500 55.500
Building 4 5 0.062
37.500 56.000
37.750 56.000
37.750 55.750
37.500 55.750
Building 4 5 0.062
37.500 56.250
37.750 56.250
37.750 56.000
37.500 56.000
Building 4 5 0.062
37.500 56.500
37.750 56.500
37.750 56.250
37.500 56.250
Building 4 5 0.062
37.500 56.750
37.750 56.750
37.750 56.500
37.500 56.500
Building 4 5 0.062
37.500 57.000
37.750 57.000
37.750 56.750
37.500 56.750
Building 4 5 0.062
37.500 57.250
37.750 57.250
37.750 57.000
37.500 57.000
Building 4 5 0.062
37.750 57.500
37.750 57.250
37.500 57.250
37.500 57.500
Building 4 5 0.062
37.500 62.500
37.500 62.750
37.750 62.750
37.750 62.500
Building 4 5 0.062
37.500 62.750
37.500 63.000
37.750 63.000
37.750 62.750
Building 4 5 0.062
37.500 63.000
37.500 63.250
37.750 63.250
37.750 63.000
Building 4 5 0.062
37.500 63.250
37.500 63.500
37.750 63.500
37.750 63.250
Building 4 5 0.062
37.500 63.500
37.500 63.750
37.750 63.750
37.750 63.500
Building 4 5 0.062
37.500 63.750
37.500 64.000
37.750 64.000
37.750 63.750
Building 4 5 0.062
37.500 64.000
37.500 64.250
37.750 64.250
37.750 64.000
Building 4 5 0.062
37.750 64.500
37.750 64.250
37.500 64.250
37.500 64.500
Building 4 5 0.062
37.750 26.000
37.750 26.250
38.000 26.250
38.000 26.000
Building 4 5 0.062
37.750 26.250
37.750 26.500
38.000 26.500
38.000 26.250
Building 4 5 0.062
37.750 26.500
37.750 26.750
38.000 26.750
38.000 26.500
Building 4 5 0.062
37.750 26.750
37.750 27.000
38.000 27.000
38.000 26.750
Building 4 5 0.062
37.750 27.000
37.750 27.250
38.000 27.250
38.000 27.000
Building 4 5 0.062
37.750 27.250
37.750 27.500
38.000 27.500
38.000 27.250
Building 4 5 0.062
37.750 27.500
37.750 27.750
38.000 27.750
38.000 27.500
Building 4 5 0.062
37.750 27.750
37.750 28.000
38.000 28.000
38.000 27.750
Building 4 5 0.062
37.750 28.000
37.750 28.250
38.000 28.250
38.000 28.000
Building 4 5 0.062
37.750 28.250
37.750 28.500
38.000 28.500
38.000 28.250
Building 4 5 0.062
37.750 28.500
37.750 28.750
38.000 28.750
38.000 28.500
Building 4 5 0.062
37.750 28.750
37.750 29.000
38.000 29.000
38.000 28.750
Building 4 5 0.062
37.750 29.000
37.750 29.250
38.000 29.250
38.000 29.000
Building 4 5 0.062
37.750 29.250
37.750 29.500
38.000 29.500
38.000 29.250
Building 4 5 0.062
37.750 29.500
37.750 29.750
38.000 29.750
38.000 29.500
Building 4 5 0.062
37.750 29.750
37.750 30.000
38.000 30.000
38.000 29.750
Building 4 5 0.062
37.750 30.000
37.750 30.250
38.000 30.250
38.000 30.000
Building 4 5 0.062
37.750 30.250
37.750 30.500
38.000 30.500
38.000 30.250
Building 4 5 0.062
37.750 30.500
37.750 30.750
38.000 30.750
38.000 30.500
Building 4 5 0.062
37.750 30.750
37.750 31.000
38.000 31.000
38.000 30.750
Building 4 5 0.062
37.750 31.000
37.750 31.250
38.000 31.250
38.000 31.000
Building 4 5 0.062
37.750 31.250
37.750 31.500
38.000 31.500
38.000 31.250
Building 4 5 0.062
37.750 31.500
37.750 31.750
38.000 31.750
38.000 31.500
Building 4 5 0.062
37.750 31.750
37.750 32.000
38.000 32.000
38.000 31.750
Building 4 5 0.062
37.750 32.000
37.750 32.250
38.000 32.250
38.000 32.000
Building 4 5 0.062
37.750 32.250
37.750 32.500
38.000 32.500
38.000 32.250
Building 4 5 0.062
37.750 32.500
37.750 32.750
38.000 32.750
38.000 32.500
Building 4 5 0.062
37.750 32.750
37.750 33.000
38.000 33.000
38.000 32.750
Building 4 5 0.062
37.750 33.000
37.750 33.250
38.000 33.250
38.000 33.000
Building 4 5 0.062
37.750 33.250
37.750 33.500
38.000 33.500
38.000 33.250
Building 4 5 0.062
37.750 33.500
37.750 33.750
38.000 33.750
38.000 33.500
Building 4 5 0.062
37.750 33.750
37.750 34.000
38.000 34.000
38.000 33.750
Building 4 5 0.062
37.750 34.000
37.750 34.250
38.000 34.250
38.000 34.000
Building 4 5 0.062
37.750 34.250
37.750 34.500
38.000 34.500
38.000 34.250
Building 4 5 0.062
37.750 34.500
37.750 34.750
38.000 34.750
38.000 34.500
Building 4 5 0.062
37.750 34.750
37.750 35.000
38.000 35.000
38.000 34.750
Building 4 5 0.062
37.750 35.000
37.750 35.250
38.000 35.250
38.000 35.000
Building 4 5 0.062
37.750 35.250
37.750 35.500
38.000 35.500
38.000 35.250
Building 4 5 0.062
37.750 35.500
37.750 35.750
38.000 35.750
38.000 35.500
Building 4 5 0.062
37.750 35.750
37.750 36.000
38.000 36.000
38.000 35.750
Building 4 5 0.062
37.750 36.000
37.750 36.250
38.000 36.250
38.000 36.000
Building 4 5 0.062
37.750 36.250
37.750 36.500
38.000 36.500
38.000 36.250
Building 4 5 0.062
37.750 36.500
37.750 36.750
38.000 36.750
38.000 36.500
Building 4 5 0.062
37.750 36.750
37.750 37.000
38.000 37.000
38.000 36.750
Building 4 5 0.062
37.750 37.000
37.750 37.250
38.000 37.250
38.000 37.000
Building 4 5 0.062
37.750 37.250
37.750 37.500
38.000 37.500
38.000 37.250
Building 4 5 0.062
37.750 37.500
37.750 37.750
38.000 37.750
38.000 37.500
Building 4 5 0.062
37.750 37.750
37.750 38.000
38.000 38.000
38.000 37.750
Building 4 5 0.062
37.750 38.000
37.750 38.250
38.000 38.250
38.000 38.000
Building 4 5 0.062
37.750 38.250
37.750 38.500
38.000 38.500
38.000 38.250
Building 4 5 0.062
37.750 38.500
37.750 38.750
38.000 38.750
38.000 38.500
Building 4 5 0.062
37.750 38.750
37.750 39.000
38.000 39.000
38.000 38.750
Building 4 5 0.062
37.750 39.000
37.750 39.250
38.000 39.250
38.000 39.000
Building 4 5 0.062
37.750 39.250
37.750 39.500
38.000 39.500
38.000 39.250
Building 4 5 0.062
37.750 39.500
37.750 39.750
38.000 39.750
38.000 39.500
Building 4 5 0.062
37.750 39.750
37.750 40.000
38.000 40.000
38.000 39.750
Building 4 5 0.062
37.750 40.000
37.750 40.250
38.000 40.250
38.000 40.000
Building 4 5 0.062
37.750 40.250
37.750 40.500
38.000 40.500
38.000 40.250
Building 4 5 0.062
37.750 40.500
37.750 40.750
38.000 40.750
38.000 40.500
Building 4 5 0.062
37.750 40.750
37.750 41.000
38.000 41.000
38.000 40.750
Building 4 5 0.062
37.750 41.000
37.750 41.250
38.000 41.250
38.000 41.000
Building 4 5 0.062
37.750 41.250
37.750 41.500
38.000 41.500
38.000 41.250
Building 4 5 0.062
37.750 41.500
37.750 41.750
38.000 41.750
38.000 41.500
Building 4 5 0.062
37.750 41.750
37.750 42.000
38.000 42.000
38.000 41.750
Building 4 5 0.062
37.750 42.000
37.750 42.250
38.000 42.250
38.000 42.000
Building 4 5 0.062
37.750 42.250
37.750 42.500
38.000 42.500
38.000 42.250
Building 4 5 0.062
37.750 42.500
37.750 42.750
38.000 42.750
38.000 42.500
Building 4 5 0.062
37.750 42.750
37.750 43.000
38.000 43.000
38.000 42.750
Building 4 5 0.062
37.750 43.000
37.750 43.250
38.000 43.250
38.000 43.000
Building 4 5 0.062
37.750 43.250
37.750 43.500
38.000 43.500
38.000 43.250
Building 4 5 0.062
37.750 43.500
37.750 43.750
38.000 43.750
38.000 43.500
Building 4 5 0.062
37.750 43.750
37.750 44.000
38.000 44.000
38.000 43.750
Building 4 5 0.062
37.750 44.000
37.750 44.250
38.000 44.250
38.000 44.000
Building 4 5 0.062
37.750 44.250
37.750 44.500
38.000 44.500
38.000 44.250
Building 4 5 0.062
37.750 44.500
37.750 44.750
38.000 44.750
38.000 44.500
Building 4 5 0.062
37.750 44.750
37.750 45.000
38.000 45.000
38.000 44.750
Building 4 5 0.062
37.750 45.000
37.750 45.250
38.000 45.250
38.000 45.000
Building 4 5 0.062
37.750 45.250
37.750 45.500
38.000 45.500
38.000 45.250
Building 4 5 0.062
37.750 45.500
37.750 45.750
38.000 45.750
38.000 45.500
Building 4 5 0.062
37.750 45.750
37.750 46.000
38.000 46.000
38.000 45.750
Building 4 5 0.062
37.750 46.000
37.750 46.250
38.000 46.250
38.000 46.000
Building 4 5 0.062
37.750 46.250
37.750 46.500
38.000 46.500
38.000 46.250
Building 4 5 0.062
37.750 46.500
37.750 46.750
38.000 46.750
38.000 46.500
Building 4 5 0.062
37.750 46.750
37.750 47.000
38.000 47.000
38.000 46.750
Building 4 5 0.062
37.750 47.000
37.750 47.250
38.000 47.250
38.000 47.000
Building 4 5 0.062
37.750 47.250
37.750 47.500
38.000 47.500
38.000 47.250
Building 4 5 0.062
37.750 47.500
37.750 47.750
38.000 47.750
38.000 47.500
Building 4 5 0.062
37.750 47.750
37.750 48.000
38.000 48.000
38.000 47.750
Building 4 5 0.062
37.750 48.000
37.750 48.250
38.000 48.250
38.000 48.000
Building 4 5 0.062
37.750 48.250
37.750 48.500
38.000 48.500
38.000 48.250
Building 4 5 0.062
37.750 48.500
37.750 48.750
38.000 48.750
38.000 48.500
Building 4 5 0.062
37.750 48.750
37.750 49.000
38.000 49.000
38.000 48.750
Building 4 5 0.062
37.750 49.000
37.750 49.250
38.000 49.250
38.000 49.000
Building 4 5 0.062
37.750 49.250
37.750 49.500
38.000 49.500
38.000 49.250
Building 4 5 0.062
37.750 49.500
37.750 49.750
38.000 49.750
38.000 49.500
Building 4 5 0.062
37.750 49.750
37.750 50.000
38.000 50.000
38.000 49.750
Building 4 5 0.062
37.750 50.000
37.750 50.250
38.000 50.250
38.000 50.000
Building 4 5 0.062
37.750 50.250
37.750 50.500
38.000 50.500
38.000 50.250
Building 4 5 0.062
37.750 50.500
37.750 50.750
38.000 50.750
38.000 50.500
Building 4 5 0.062
37.750 50.750
37.750 51.000
38.000 51.000
38.000 50.750
Building 4 5 0.062
37.750 51.000
37.750 51.250
38.000 51.250
38.000 51.000
Building 4 5 0.062
37.750 51.250
37.750 51.500
38.000 51.500
38.000 51.250
Building 4 5 0.062
37.750 51.500
37.750 51.750
38.000 51.750
38.000 51.500
Building 4 5 0.062
37.750 51.750
37.750 52.000
38.000 52.000
38.000 51.750
Building 4 5 0.062
37.750 52.000
37.750 52.250
38.000 52.250
38.000 52.000
Building 4 5 0.062
37.750 52.250
37.750 52.500
38.000 52.500
38.000 52.250
Building 4 5 0.062
37.750 52.500
37.750 52.750
38.000 52.750
38.000 52.500
Building 4 5 0.062
37.750 52.750
37.750 53.000
38.000 53.000
38.000 52.750
Building 4 5 0.062
37.750 53.000
37.750 53.250
38.000 53.250
38.000 53.000
Building 4 5 0.062
37.750 53.250
37.750 53.500
38.000 53.500
38.000 53.250
Building 4 5 0.062
37.750 53.500
37.750 53.750
38.000 53.750
38.000 53.500
Building 4 5 0.062
37.750 53.750
37.750 54.000
38.000 54.000
38.000 53.750
Building 4 5 0.062
37.750 54.000
37.750 54.250
38.000 54.250
38.000 54.000
Building 4 5 0.062
37.750 54.250
37.750 54.500
38.000 54.500
38.000 54.250
Building 4 5 0.062
37.750 54.500
37.750 54.750
38.000 54.750
38.000 54.500
Building 4 5 0.062
37.750 54.750
37.750 55.000
38.000 55.000
38.000 54.750
Building 4 5 0.062
37.750 55.000
37.750 55.250
38.000 55.250
38.000 55.000
Building 4 5 0.062
37.750 55.250
37.750 55.500
38.000 55.500
38.000 55.250
Building 4 5 0.062
37.750 55.500
37.750 55.750
38.000 55.750
38.000 55.500
Building 4 5 0.062
37.750 55.750
37.750 56.000
38.000 56.000
38.000 55.750
Building 4 5 0.062
37.750 56.000
37.750 56.250
38.000 56.250
38.000 56.000
Building 4 5 0.062
37.750 56.250
37.750 56.500
38.000 56.500
38.000 56.250
Building 4 5 0.062
37.750 56.500
37.750 56.750
38.000 56.750
38.000 56.500
Building 4 5 0.062
37.750 56.750
37.750 57.000
38.000 57.000
38.000 56.750
Building 4 5 0.062
37.750 57.000
37.750 57.250
38.000 57.250
38.000 57.000
Building 4 5 0.062
38.000 57.500
38.000 57.250
37.750 57.250
37.750 57.500
Building 4 5 0.062
37.750 62.500
37.750 62.750
38.000 62.750
38.000 62.500
Building 4 5 0.062
37.750 62.750
37.750 63.000
38.000 63.000
38.000 62.750
Building 4 5 0.062
37.750 63.000
37.750 63.250
38.000 63.250
38.000 63.000
Building 4 5 0.062
37.750 63.250
37.750 63.500
38.000 63.500
38.000 63.250
Building 4 5 0.062
37.750 63.500
37.750 63.750
38.000 63.750
38.000 63.500
Building 4 5 0.062
37.750 63.750
37.750 64.000
38.000 64.000
38.000 63.750
Building 4 5 0.062
37.750 64.000
37.750 64.250
38.000 64.250
38.000 64.000
Building 4 5 0.062
38.000 64.500
38.000 64.250
37.750 64.250
37.750 64.500
Building 4 5 0.062
38.000 26.000
38.000 26.250
38.250 26.250
38.250 26.000
Building 4 5 0.062
38.000 26.250
38.000 26.500
38.250 26.500
38.250 26.250
Building 4 5 0.062
38.000 26.500
38.000 26.750
38.250 26.750
38.250 26.500
Building 4 5 0.062
38.000 26.750
38.000 27.000
38.250 27.000
38.250 26.750
Building 4 5 0.062
38.000 27.000
38.000 27.250
38.250 27.250
38.250 27.000
Building 4 5 0.062
38.000 27.250
38.000 27.500
38.250 27.500
38.250 27.250
Building 4 5 0.062
38.000 27.500
38.000 27.750
38.250 27.750
38.250 27.500
Building 4 5 0.062
38.000 27.750
38.000 28.000
38.250 28.000
38.250 27.750
Building 4 5 0.062
38.000 28.000
38.000 28.250
38.250 28.250
38.250 28.000
Building 4 5 0.062
38.000 28.250
38.000 28.500
38.250 28.500
38.250 28.250
Building 4 5 0.062
38.000 28.500
38.000 28.750
38.250 28.750
38.250 28.500
Building 4 5 0.062
38.000 28.750
38.000 29.000
38.250 29.000
38.250 28.750
Building 4 5 0.062
38.000 29.000
38.000 29.250
38.250 29.250
38.250 29.000
Building 4 5 0.062
38.000 29.250
38.000 29.500
38.250 29.500
38.250 29.250
Building 4 5 0.062
38.000 29.500
38.000 29.750
38.250 29.750
38.250 29.500
Building 4 5 0.062
38.000 29.750
38.000 30.000
38.250 30.000
38.250 29.750
Building 4 5 0.062
38.000 30.000
38.000 30.250
38.250 30.250
38.250 30.000
Building 4 5 0.062
38.000 30.250
38.000 30.500
38.250 30.500
38.250 30.250
Building 4 5 0.062
38.000 30.500
38.000 30.750
38.250 30.750
38.250 30.500
Building 4 5 0.062
38.000 30.750
38.000 31.000
38.250 31.000
38.250 30.750
Building 4 5 0.062
38.000 31.000
38.000 31.250
38.250 31.250
38.250 31.000
Building 4 5 0.062
38.000 31.250
38.000 31.500
38.250 31.500
38.250 31.250
Building 4 5 0.062
38.000 31.500
38.000 31.750
38.250 31.750
38.250 31.500
Building 4 5 0.062
38.000 31.750
38.000 32.000
38.250 32.000
38.250 31.750
Building 4 5 0.062
38.000 32.000
38.000 32.250
38.250 32.250
38.250 32.000
Building 4 5 0.062
38.000 32.250
38.000 32.500
38.250 32.500
38.250 32.250
Building 4 5 0.062
38.000 32.500
38.000 32.750
38.250 32.750
38.250 32.500
Building 4 5 0.062
38.000 32.750
38.000 33.000
38.250 33.000
38.250 32.750
Building 4 5 0.062
38.000 33.000
38.000 33.250
38.250 33.250
38.250 33.000
Building 4 5 0.062
38.000 33.250
38.000 33.500
38.250 33.500
38.250 33.250
Building 4 5 0.062
38.000 33.500
38.000 33.750
38.250 33.750
38.250 33.500
Building 4 5 0.062
38.000 33.750
38.000 34.000
38.250 34.000
38.250 33.750
Building 4 5 0.062
38.000 34.000
38.000 34.250
38.250 34.250
38.250 34.000
Building 4 5 0.062
38.000 34.250
38.000 34.500
38.250 34.500
38.250 34.250
Building 4 5 0.062
38.000 34.500
38.000 34.750
38.250 34.750
38.250 34.500
Building 4 5 0.062
38.000 34.750
38.000 35.000
38.250 35.000
38.250 34.750
Building 4 5 0.062
38.000 35.000
38.000 35.250
38.250 35.250
38.250 35.000
Building 4 5 0.062
38.000 35.250
38.000 35.500
38.250 35.500
38.250 35.250
Building 4 5 0.062
38.000 35.500
38.000 35.750
38.250 35.750
38.250 35.500
Building 4 5 0.062
38.000 35.750
38.000 36.000
38.250 36.000
38.250 35.750
Building 4 5 0.062
38.000 36.000
38.000 36.250
38.250 36.250
38.250 36.000
Building 4 5 0.062
38.000 36.250
38.000 36.500
38.250 36.500
38.250 36.250
Building 4 5 0.062
38.000 36.500
38.000 36.750
38.250 36.750
38.250 36.500
Building 4 5 0.062
38.000 36.750
38.000 37.000
38.250 37.000
38.250 36.750
Building 4 5 0.062
38.000 37.000
38.000 37.250
38.250 37.250
38.250 37.000
Building 4 5 0.062
38.000 37.250
38.000 37.500
38.250 37.500
38.250 37.250
Building 4 5 0.062
38.000 37.500
38.000 37.750
38.250 37.750
38.250 37.500
Building 4 5 0.062
38.000 37.750
38.000 38.000
38.250 38.000
38.250 37.750
Building 4 5 0.062
38.000 38.000
38.000 38.250
38.250 38.250
38.250 38.000
Building 4 5 0.062
38.000 38.250
38.000 38.500
38.250 38.500
38.250 38.250
Building 4 5 0.062
38.000 38.500
38.000 38.750
38.250 38.750
38.250 38.500
Building 4 5 0.062
38.000 38.750
38.000 39.000
38.250 39.000
38.250 38.750
Building 4 5 0.062
38.000 39.000
38.000 39.250
38.250 39.250
38.250 39.000
Building 4 5 0.062
38.000 39.250
38.000 39.500
38.250 39.500
38.250 39.250
Building 4 5 0.062
38.000 39.500
38.000 39.750
38.250 39.750
38.250 39.500
Building 4 5 0.062
38.000 39.750
38.000 40.000
38.250 40.000
38.250 39.750
Building 4 5 0.062
38.000 40.000
38.000 40.250
38.250 40.250
38.250 40.000
Building 4 5 0.062
38.000 40.250
38.000 40.500
38.250 40.500
38.250 40.250
Building 4 5 0.062
38.000 40.500
38.000 40.750
38.250 40.750
38.250 40.500
Building 4 5 0.062
38.000 40.750
38.000 41.000
38.250 41.000
38.250 40.750
Building 4 5 0.062
38.000 41.000
38.000 41.250
38.250 41.250
38.250 41.000
Building 4 5 0.062
38.000 41.250
38.000 41.500
38.250 41.500
38.250 41.250
Building 4 5 0.062
38.000 41.500
38.000 41.750
38.250 41.750
38.250 41.500
Building 4 5 0.062
38.000 41.750
38.000 42.000
38.250 42.000
38.250 41.750
Building 4 5 0.062
38.000 42.000
38.000 42.250
38.250 42.250
38.250 42.000
Building 4 5 0.062
38.000 42.250
38.000 42.500
38.250 42.500
38.250 42.250
Building 4 5 0.062
38.000 42.500
38.000 42.750
38.250 42.750
38.250 42.500
Building 4 5 0.062
38.000 42.750
38.000 43.000
38.250 43.000
38.250 42.750
Building 4 5 0.062
38.000 43.000
38.000 43.250
38.250 43.250
38.250 43.000
Building 4 5 0.062
38.000 43.250
38.000 43.500
38.250 43.500
38.250 43.250
Building 4 5 0.062
38.000 43.500
38.000 43.750
38.250 43.750
38.250 43.500
Building 4 5 0.062
38.000 43.750
38.000 44.000
38.250 44.000
38.250 43.750
Building 4 5 0.062
38.000 44.000
38.000 44.250
38.250 44.250
38.250 44.000
Building 4 5 0.062
38.000 44.250
38.000 44.500
38.250 44.500
38.250 44.250
Building 4 5 0.062
38.000 44.500
38.000 44.750
38.250 44.750
38.250 44.500
Building 4 5 0.062
38.000 44.750
38.000 45.000
38.250 45.000
38.250 44.750
Building 4 5 0.062
38.000 45.000
38.000 45.250
38.250 45.250
38.250 45.000
Building 4 5 0.062
38.000 45.250
38.000 45.500
38.250 45.500
38.250 45.250
Building 4 5 0.062
38.000 45.500
38.000 45.750
38.250 45.750
38.250 45.500
Building 4 5 0.062
38.000 45.750
38.000 46.000
38.250 46.000
38.250 45.750
Building 4 5 0.062
38.000 46.000
38.000 46.250
38.250 46.250
38.250 46.000
Building 4 5 0.062
38.000 46.250
38.000 46.500
38.250 46.500
38.250 46.250
Building 4 5 0.062
38.000 46.500
38.000 46.750
38.250 46.750
38.250 46.500
Building 4 5 0.062
38.000 46.750
38.000 47.000
38.250 47.000
38.250 46.750
Building 4 5 0.062
38.000 47.000
38.000 47.250
38.250 47.250
38.250 47.000
Building 4 5 0.062
38.000 47.250
38.000 47.500
38.250 47.500
38.250 47.250
Building 4 5 0.062
38.000 47.500
38.000 47.750
38.250 47.750
38.250 47.500
Building 4 5 0.062
38.000 47.750
38.000 48.000
38.250 48.000
38.250 47.750
Building 4 5 0.062
38.000 48.000
38.000 48.250
38.250 48.250
38.250 48.000
Building 4 5 0.062
38.000 48.250
38.000 48.500
38.250 48.500
38.250 48.250
Building 4 5 0.062
38.000 48.500
38.000 48.750
38.250 48.750
38.250 48.500
Building 4 5 0.062
38.000 48.750
38.000 49.000
38.250 49.000
38.250 48.750
Building 4 5 0.062
38.000 49.000
38.000 49.250
38.250 49.250
38.250 49.000
Building 4 5 0.062
38.000 49.250
38.000 49.500
38.250 49.500
38.250 49.250
Building 4 5 0.062
38.000 49.500
38.000 49.750
38.250 49.750
38.250 49.500
Building 4 5 0.062
38.000 49.750
38.000 50.000
38.250 50.000
38.250 49.750
Building 4 5 0.062
38.000 50.000
38.000 50.250
38.250 50.250
38.250 50.000
Building 4 5 0.062
38.000 50.250
38.000 50.500
38.250 50.500
38.250 50.250
Building 4 5 0.062
38.000 50.500
38.000 50.750
38.250 50.750
38.250 50.500
Building 4 5 0.062
38.000 50.750
38.000 51.000
38.250 51.000
38.250 50.750
Building 4 5 0.062
38.000 51.000
38.000 51.250
38.250 51.250
38.250 51.000
Building 4 5 0.062
38.000 51.250
38.000 51.500
38.250 51.500
38.250 51.250
Building 4 5 0.062
38.000 51.500
38.000 51.750
38.250 51.750
38.250 51.500
Building 4 5 0.062
38.000 51.750
38.000 52.000
38.250 52.000
38.250 51.750
Building 4 5 0.062
38.000 52.000
38.000 52.250
38.250 52.250
38.250 52.000
Building 4 5 0.062
38.000 52.250
38.000 52.500
38.250 52.500
38.250 52.250
Building 4 5 0.062
38.000 52.500
38.000 52.750
38.250 52.750
38.250 52.500
Building 4 5 0.062
38.000 52.750
38.000 53.000
38.250 53.000
38.250 52.750
Building 4 5 0.062
38.000 53.000
38.000 53.250
38.250 53.250
38.250 53.000
Building 4 5 0.062
38.000 53.250
38.000 53.500
38.250 53.500
38.250 53.250
Building 4 5 0.062
38.000 53.500
38.000 53.750
38.250 53.750
38.250 53.500
Building 4 5 0.062
38.000 53.750
38.000 54.000
38.250 54.000
38.250 53.750
Building 4 5 0.062
38.000 54.000
38.000 54.250
38.250 54.250
38.250 54.000
Building 4 5 0.062
38.000 54.250
38.000 54.500
38.250 54.500
38.250 54.250
Building 4 5 0.062
38.000 54.500
38.000 54.750
38.250 54.750
38.250 54.500
Building 4 5 0.062
38.000 54.750
38.000 55.000
38.250 55.000
38.250 54.750
Building 4 5 0.062
38.000 55.000
38.000 55.250
38.250 55.250
38.250 55.000
Building 4 5 0.062
38.000 55.250
38.000 55.500
38.250 55.500
38.250 55.250
Building 4 5 0.062
38.000 55.500
38.000 55.750
38.250 55.750
38.250 55.500
Building 4 5 0.062
38.000 55.750
38.000 56.000
38.250 56.000
38.250 55.750
Building 4 5 0.062
38.000 56.000
38.000 56.250
38.250 56.250
38.250 56.000
Building 4 5 0.062
38.000 56.250
38.000 56.500
38.250 56.500
38.250 56.250
Building 4 5 0.062
38.000 56.500
38.000 56.750
38.250 56.750
38.250 56.500
Building 4 5 0.062
38.000 56.750
38.000 57.000
38.250 57.000
38.250 56.750
Building 4 5 0.062
38.000 57.000
38.000 57.250
38.250 57.250
38.250 57.000
Building 4 5 0.062
38.250 57.500
38.250 57.250
38.000 57.250
38.000 57.500
Building 4 5 0.062
38.000 62.500
38.000 62.750
38.250 62.750
38.250 62.500
Building 4 5 0.062
38.000 62.750
38.000 63.000
38.250 63.000
38.250 62.750
Building 4 5 0.062
38.000 63.000
38.000 63.250
38.250 63.250
38.250 63.000
Building 4 5 0.062
38.000 63.250
38.000 63.500
38.250 63.500
38.250 63.250
Building 4 5 0.062
38.000 63.500
38.000 63.750
38.250 63.750
38.250 63.500
Building 4 5 0.062
38.000 63.750
38.000 64.000
38.250 64.000
38.250 63.750
Building 4 5 0.062
38.000 64.000
38.000 64.250
38.250 64.250
38.250 64.000
Building 4 5 0.062
38.250 64.500
38.250 64.250
38.000 64.250
38.000 64.500
Building 4 5 0.062
38.250 26.000
38.250 26.250
38.500 26.250
38.500 26.000
Building 4 5 0.062
38.250 26.250
38.250 26.500
38.500 26.500
38.500 26.250
Building 4 5 0.062
38.250 26.500
38.250 26.750
38.500 26.750
38.500 26.500
Building 4 5 0.062
38.250 26.750
38.250 27.000
38.500 27.000
38.500 26.750
Building 4 5 0.062
38.250 27.000
38.250 27.250
38.500 27.250
38.500 27.000
Building 4 5 0.062
38.250 27.250
38.250 27.500
38.500 27.500
38.500 27.250
Building 4 5 0.062
38.250 27.500
38.250 27.750
38.500 27.750
38.500 27.500
Building 4 5 0.062
38.250 27.750
38.250 28.000
38.500 28.000
38.500 27.750
Building 4 5 0.062
38.250 28.000
38.250 28.250
38.500 28.250
38.500 28.000
Building 4 5 0.062
38.250 28.250
38.250 28.500
38.500 28.500
38.500 28.250
Building 4 5 0.062
38.250 28.500
38.250 28.750
38.500 28.750
38.500 28.500
Building 4 5 0.062
38.250 28.750
38.250 29.000
38.500 29.000
38.500 28.750
Building 4 5 0.062
38.250 29.000
38.250 29.250
38.500 29.250
38.500 29.000
Building 4 5 0.062
38.250 29.250
38.250 29.500
38.500 29.500
38.500 29.250
Building 4 5 0.062
38.250 29.500
38.250 29.750
38.500 29.750
38.500 29.500
Building 4 5 0.062
38.250 29.750
38.250 30.000
38.500 30.000
38.500 29.750
Building 4 5 0.062
38.250 30.000
38.250 30.250
38.500 30.250
38.500 30.000
Building 4 5 0.062
38.250 30.250
38.250 30.500
38.500 30.500
38.500 30.250
Building 4 5 0.062
38.250 30.500
38.250 30.750
38.500 30.750
38.500 30.500
Building 4 5 0.062
38.250 30.750
38.250 31.000
38.500 31.000
38.500 30.750
Building 4 5 0.062
38.250 31.000
38.250 31.250
38.500 31.250
38.500 31.000
Building 4 5 0.062
38.250 31.250
38.250 31.500
38.500 31.500
38.500 31.250
Building 4 5 0.062
38.250 31.500
38.250 31.750
38.500 31.750
38.500 31.500
Building 4 5 0.062
38.250 31.750
38.250 32.000
38.500 32.000
38.500 31.750
Building 4 5 0.062
38.250 32.000
38.250 32.250
38.500 32.250
38.500 32.000
Building 4 5 0.062
38.250 32.250
38.250 32.500
38.500 32.500
38.500 32.250
Building 4 5 0.062
38.250 32.500
38.250 32.750
38.500 32.750
38.500 32.500
Building 4 5 0.062
38.250 32.750
38.250 33.000
38.500 33.000
38.500 32.750
Building 4 5 0.062
38.250 33.000
38.250 33.250
38.500 33.250
38.500 33.000
Building 4 5 0.062
38.250 33.250
38.250 33.500
38.500 33.500
38.500 33.250
Building 4 5 0.062
38.250 33.500
38.250 33.750
38.500 33.750
38.500 33.500
Building 4 5 0.062
38.250 33.750
38.250 34.000
38.500 34.000
38.500 33.750
Building 4 5 0.062
38.250 34.000
38.250 34.250
38.500 34.250
38.500 34.000
Building 4 5 0.062
38.250 34.250
38.250 34.500
38.500 34.500
38.500 34.250
Building 4 5 0.062
38.250 34.500
38.250 34.750
38.500 34.750
38.500 34.500
Building 4 5 0.062
38.250 34.750
38.250 35.000
38.500 35.000
38.500 34.750
Building 4 5 0.062
38.250 35.000
38.250 35.250
38.500 35.250
38.500 35.000
Building 4 5 0.062
38.250 35.250
38.250 35.500
38.500 35.500
38.500 35.250
Building 4 5 0.062
38.250 35.500
38.250 35.750
38.500 35.750
38.500 35.500
Building 4 5 0.062
38.250 35.750
38.250 36.000
38.500 36.000
38.500 35.750
Building 4 5 0.062
38.250 36.000
38.250 36.250
38.500 36.250
38.500 36.000
Building 4 5 0.062
38.250 36.250
38.250 36.500
38.500 36.500
38.500 36.250
Building 4 5 0.062
38.250 36.500
38.250 36.750
38.500 36.750
38.500 36.500
Building 4 5 0.062
38.250 36.750
38.250 37.000
38.500 37.000
38.500 36.750
Building 4 5 0.062
38.250 37.000
38.250 37.250
38.500 37.250
38.500 37.000
Building 4 5 0.062
38.250 37.250
38.250 37.500
38.500 37.500
38.500 37.250
Building 4 5 0.062
38.250 37.500
38.250 37.750
38.500 37.750
38.500 37.500
Building 4 5 0.062
38.250 37.750
38.250 38.000
38.500 38.000
38.500 37.750
Building 4 5 0.062
38.250 38.000
38.250 38.250
38.500 38.250
38.500 38.000
Building 4 5 0.062
38.250 38.250
38.250 38.500
38.500 38.500
38.500 38.250
Building 4 5 0.062
38.250 38.500
38.250 38.750
38.500 38.750
38.500 38.500
Building 4 5 0.062
38.250 38.750
38.250 39.000
38.500 39.000
38.500 38.750
Building 4 5 0.062
38.250 39.000
38.250 39.250
38.500 39.250
38.500 39.000
Building 4 5 0.062
38.250 39.250
38.250 39.500
38.500 39.500
38.500 39.250
Building 4 5 0.062
38.250 39.500
38.250 39.750
38.500 39.750
38.500 39.500
Building 4 5 0.062
38.250 39.750
38.250 40.000
38.500 40.000
38.500 39.750
Building 4 5 0.062
38.250 40.000
38.250 40.250
38.500 40.250
38.500 40.000
Building 4 5 0.062
38.250 40.250
38.250 40.500
38.500 40.500
38.500 40.250
Building 4 5 0.062
38.250 40.500
38.250 40.750
38.500 40.750
38.500 40.500
Building 4 5 0.062
38.250 40.750
38.250 41.000
38.500 41.000
38.500 40.750
Building 4 5 0.062
38.250 41.000
38.250 41.250
38.500 41.250
38.500 41.000
Building 4 5 0.062
38.250 41.250
38.250 41.500
38.500 41.500
38.500 41.250
Building 4 5 0.062
38.250 41.500
38.250 41.750
38.500 41.750
38.500 41.500
Building 4 5 0.062
38.250 41.750
38.250 42.000
38.500 42.000
38.500 41.750
Building 4 5 0.062
38.250 42.000
38.250 42.250
38.500 42.250
38.500 42.000
Building 4 5 0.062
38.250 42.250
38.250 42.500
38.500 42.500
38.500 42.250
Building 4 5 0.062
38.250 42.500
38.250 42.750
38.500 42.750
38.500 42.500
Building 4 5 0.062
38.250 42.750
38.250 43.000
38.500 43.000
38.500 42.750
Building 4 5 0.062
38.250 43.000
38.250 43.250
38.500 43.250
38.500 43.000
Building 4 5 0.062
38.250 43.250
38.250 43.500
38.500 43.500
38.500 43.250
Building 4 5 0.062
38.250 43.500
38.250 43.750
38.500 43.750
38.500 43.500
Building 4 5 0.062
38.250 43.750
38.250 44.000
38.500 44.000
38.500 43.750
Building 4 5 0.062
38.250 44.000
38.250 44.250
38.500 44.250
38.500 44.000
Building 4 5 0.062
38.250 44.250
38.250 44.500
38.500 44.500
38.500 44.250
Building 4 5 0.062
38.250 44.500
38.250 44.750
38.500 44.750
38.500 44.500
Building 4 5 0.062
38.250 44.750
38.250 45.000
38.500 45.000
38.500 44.750
Building 4 5 0.062
38.250 45.000
38.250 45.250
38.500 45.250
38.500 45.000
Building 4 5 0.062
38.250 45.250
38.250 45.500
38.500 45.500
38.500 45.250
Building 4 5 0.062
38.250 45.500
38.250 45.750
38.500 45.750
38.500 45.500
Building 4 5 0.062
38.250 45.750
38.250 46.000
38.500 46.000
38.500 45.750
Building 4 5 0.062
38.250 46.000
38.250 46.250
38.500 46.250
38.500 46.000
Building 4 5 0.062
38.250 46.250
38.250 46.500
38.500 46.500
38.500 46.250
Building 4 5 0.062
38.250 46.500
38.250 46.750
38.500 46.750
38.500 46.500
Building 4 5 0.062
38.250 46.750
38.250 47.000
38.500 47.000
38.500 46.750
Building 4 5 0.062
38.250 47.000
38.250 47.250
38.500 47.250
38.500 47.000
Building 4 5 0.062
38.250 47.250
38.250 47.500
38.500 47.500
38.500 47.250
Building 4 5 0.062
38.250 47.500
38.250 47.750
38.500 47.750
38.500 47.500
Building 4 5 0.062
38.250 47.750
38.250 48.000
38.500 48.000
38.500 47.750
Building 4 5 0.062
38.250 48.000
38.250 48.250
38.500 48.250
38.500 48.000
Building 4 5 0.062
38.250 48.250
38.250 48.500
38.500 48.500
38.500 48.250
Building 4 5 0.062
38.250 48.500
38.250 48.750
38.500 48.750
38.500 48.500
Building 4 5 0.062
38.250 48.750
38.250 49.000
38.500 49.000
38.500 48.750
Building 4 5 0.062
38.250 49.000
38.250 49.250
38.500 49.250
38.500 49.000
Building 4 5 0.062
38.250 49.250
38.250 49.500
38.500 49.500
38.500 49.250
Building 4 5 0.062
38.250 49.500
38.250 49.750
38.500 49.750
38.500 49.500
Building 4 5 0.062
38.250 49.750
38.250 50.000
38.500 50.000
38.500 49.750
Building 4 5 0.062
38.250 50.000
38.250 50.250
38.500 50.250
38.500 50.000
Building 4 5 0.062
38.250 50.250
38.250 50.500
38.500 50.500
38.500 50.250
Building 4 5 0.062
38.250 50.500
38.250 50.750
38.500 50.750
38.500 50.500
Building 4 5 0.062
38.250 50.750
38.250 51.000
38.500 51.000
38.500 50.750
Building 4 5 0.062
38.250 51.000
38.250 51.250
38.500 51.250
38.500 51.000
Building 4 5 0.062
38.250 51.250
38.250 51.500
38.500 51.500
38.500 51.250
Building 4 5 0.062
38.250 51.500
38.250 51.750
38.500 51.750
38.500 51.500
Building 4 5 0.062
38.250 51.750
38.250 52.000
38.500 52.000
38.500 51.750
Building 4 5 0.062
38.250 52.000
38.250 52.250
38.500 52.250
38.500 52.000
Building 4 5 0.062
38.250 52.250
38.250 52.500
38.500 52.500
38.500 52.250
Building 4 5 0.062
38.250 52.500
38.250 52.750
38.500 52.750
38.500 52.500
Building 4 5 0.062
38.250 52.750
38.250 53.000
38.500 53.000
38.500 52.750
Building 4 5 0.062
38.250 53.000
38.250 53.250
38.500 53.250
38.500 53.000
Building 4 5 0.062
38.250 53.250
38.250 53.500
38.500 53.500
38.500 53.250
Building 4 5 0.062
38.250 53.500
38.250 53.750
38.500 53.750
38.500 53.500
Building 4 5 0.062
38.250 53.750
38.250 54.000
38.500 54.000
38.500 53.750
Building 4 5 0.062
38.250 54.000
38.250 54.250
38.500 54.250
38.500 54.000
Building 4 5 0.062
38.250 54.250
38.250 54.500
38.500 54.500
38.500 54.250
Building 4 5 0.062
38.250 54.500
38.250 54.750
38.500 54.750
38.500 54.500
Building 4 5 0.062
38.250 54.750
38.250 55.000
38.500 55.000
38.500 54.750
Building 4 5 0.062
38.250 55.000
38.250 55.250
38.500 55.250
38.500 55.000
Building 4 5 0.062
38.250 55.250
38.250 55.500
38.500 55.500
38.500 55.250
Building 4 5 0.062
38.250 55.500
38.250 55.750
38.500 55.750
38.500 55.500
Building 4 5 0.062
38.250 55.750
38.250 56.000
38.500 56.000
38.500 55.750
Building 4 5 0.062
38.250 56.000
38.250 56.250
38.500 56.250
38.500 56.000
Building 4 5 0.062
38.250 56.250
38.250 56.500
38.500 56.500
38.500 56.250
Building 4 5 0.062
38.250 56.500
38.250 56.750
38.500 56.750
38.500 56.500
Building 4 5 0.062
38.250 56.750
38.250 57.000
38.500 57.000
38.500 56.750
Building 4 5 0.062
38.250 57.000
38.250 57.250
38.500 57.250
38.500 57.000
Building 4 5 0.062
38.500 57.500
38.500 57.250
38.250 57.250
38.250 57.500
Building 4 5 0.062
38.250 62.500
38.250 62.750
38.500 62.750
38.500 62.500
Building 4 5 0.062
38.250 62.750
38.250 63.000
38.500 63.000
38.500 62.750
Building 4 5 0.062
38.250 63.000
38.250 63.250
38.500 63.250
38.500 63.000
Building 4 5 0.062
38.250 63.250
38.250 63.500
38.500 63.500
38.500 63.250
Building 4 5 0.062
38.250 63.500
38.250 63.750
38.500 63.750
38.500 63.500
Building 4 5 0.062
38.250 63.750
38.250 64.000
38.500 64.000
38.500 63.750
Building 4 5 0.062
38.250 64.000
38.250 64.250
38.500 64.250
38.500 64.000
Building 4 5 0.062
38.500 64.500
38.500 64.250
38.250 64.250
38.250 64.500
Building 4 5 0.062
38.500 26.000
38.500 26.250
38.750 26.250
38.750 26.000
Building 4 5 0.062
38.500 26.250
38.500 26.500
38.750 26.500
38.750 26.250
Building 4 5 0.062
38.500 26.500
38.500 26.750
38.750 26.750
38.750 26.500
Building 4 5 0.062
38.500 26.750
38.500 27.000
38.750 27.000
38.750 26.750
Building 4 5 0.062
38.500 27.000
38.500 27.250
38.750 27.250
38.750 27.000
Building 4 5 0.062
38.500 27.250
38.500 27.500
38.750 27.500
38.750 27.250
Building 4 5 0.062
38.500 27.500
38.500 27.750
38.750 27.750
38.750 27.500
Building 4 5 0.062
38.500 27.750
38.500 28.000
38.750 28.000
38.750 27.750
Building 4 5 0.062
38.500 28.000
38.500 28.250
38.750 28.250
38.750 28.000
Building 4 5 0.062
38.500 28.250
38.500 28.500
38.750 28.500
38.750 28.250
Building 4 5 0.062
38.500 28.500
38.500 28.750
38.750 28.750
38.750 28.500
Building 4 5 0.062
38.500 28.750
38.500 29.000
38.750 29.000
38.750 28.750
Building 4 5 0.062
38.500 29.000
38.500 29.250
38.750 29.250
38.750 29.000
Building 4 5 0.062
38.500 29.250
38.500 29.500
38.750 29.500
38.750 29.250
Building 4 5 0.062
38.500 29.500
38.500 29.750
38.750 29.750
38.750 29.500
Building 4 5 0.062
38.500 29.750
38.500 30.000
38.750 30.000
38.750 29.750
Building 4 5 0.062
38.500 30.000
38.500 30.250
38.750 30.250
38.750 30.000
Building 4 5 0.062
38.500 30.250
38.500 30.500
38.750 30.500
38.750 30.250
Building 4 5 0.062
38.500 30.500
38.500 30.750
38.750 30.750
38.750 30.500
Building 4 5 0.062
38.500 30.750
38.500 31.000
38.750 31.000
38.750 30.750
Building 4 5 0.062
38.500 31.000
38.500 31.250
38.750 31.250
38.750 31.000
Building 4 5 0.062
38.500 31.250
38.500 31.500
38.750 31.500
38.750 31.250
Building 4 5 0.062
38.500 31.500
38.500 31.750
38.750 31.750
38.750 31.500
Building 4 5 0.062
38.500 31.750
38.500 32.000
38.750 32.000
38.750 31.750
Building 4 5 0.062
38.500 32.000
38.500 32.250
38.750 32.250
38.750 32.000
Building 4 5 0.062
38.500 32.250
38.500 32.500
38.750 32.500
38.750 32.250
Building 4 5 0.062
38.500 32.500
38.500 32.750
38.750 32.750
38.750 32.500
Building 4 5 0.062
38.500 32.750
38.500 33.000
38.750 33.000
38.750 32.750
Building 4 5 0.062
38.500 33.000
38.500 33.250
38.750 33.250
38.750 33.000
Building 4 5 0.062
38.500 33.250
38.500 33.500
38.750 33.500
38.750 33.250
Building 4 5 0.062
38.500 33.500
38.500 33.750
38.750 33.750
38.750 33.500
Building 4 5 0.062
38.500 33.750
38.500 34.000
38.750 34.000
38.750 33.750
Building 4 5 0.062
38.500 34.000
38.500 34.250
38.750 34.250
38.750 34.000
Building 4 5 0.062
38.500 34.250
38.500 34.500
38.750 34.500
38.750 34.250
Building 4 5 0.062
38.500 34.500
38.500 34.750
38.750 34.750
38.750 34.500
Building 4 5 0.062
38.500 34.750
38.500 35.000
38.750 35.000
38.750 34.750
Building 4 5 0.062
38.500 35.000
38.500 35.250
38.750 35.250
38.750 35.000
Building 4 5 0.062
38.500 35.250
38.500 35.500
38.750 35.500
38.750 35.250
Building 4 5 0.062
38.500 35.500
38.500 35.750
38.750 35.750
38.750 35.500
Building 4 5 0.062
38.500 35.750
38.500 36.000
38.750 36.000
38.750 35.750
Building 4 5 0.062
38.500 36.000
38.500 36.250
38.750 36.250
38.750 36.000
Building 4 5 0.062
38.500 36.250
38.500 36.500
38.750 36.500
38.750 36.250
Building 4 5 0.062
38.500 36.500
38.500 36.750
38.750 36.750
38.750 36.500
Building 4 5 0.062
38.500 36.750
38.500 37.000
38.750 37.000
38.750 36.750
Building 4 5 0.062
38.500 37.000
38.500 37.250
38.750 37.250
38.750 37.000
Building 4 5 0.062
38.500 37.250
38.500 37.500
38.750 37.500
38.750 37.250
Building 4 5 0.062
38.500 37.500
38.500 37.750
38.750 37.750
38.750 37.500
Building 4 5 0.062
38.500 37.750
38.500 38.000
38.750 38.000
38.750 37.750
Building 4 5 0.062
38.500 38.000
38.500 38.250
38.750 38.250
38.750 38.000
Building 4 5 0.062
38.500 38.250
38.500 38.500
38.750 38.500
38.750 38.250
Building 4 5 0.062
38.500 38.500
38.500 38.750
38.750 38.750
38.750 38.500
Building 4 5 0.062
38.500 38.750
38.500 39.000
38.750 39.000
38.750 38.750
Building 4 5 0.062
38.500 39.000
38.500 39.250
38.750 39.250
38.750 39.000
Building 4 5 0.062
38.500 39.250
38.500 39.500
38.750 39.500
38.750 39.250
Building 4 5 0.062
38.500 39.500
38.500 39.750
38.750 39.750
38.750 39.500
Building 4 5 0.062
38.500 39.750
38.500 40.000
38.750 40.000
38.750 39.750
Building 4 5 0.062
38.500 40.000
38.500 40.250
38.750 40.250
38.750 40.000
Building 4 5 0.062
38.500 40.250
38.500 40.500
38.750 40.500
38.750 40.250
Building 4 5 0.062
38.500 40.500
38.500 40.750
38.750 40.750
38.750 40.500
Building 4 5 0.062
38.500 40.750
38.500 41.000
38.750 41.000
38.750 40.750
Building 4 5 0.062
38.500 41.000
38.500 41.250
38.750 41.250
38.750 41.000
Building 4 5 0.062
38.500 41.250
38.500 41.500
38.750 41.500
38.750 41.250
Building 4 5 0.062
38.500 41.500
38.500 41.750
38.750 41.750
38.750 41.500
Building 4 5 0.062
38.500 41.750
38.500 42.000
38.750 42.000
38.750 41.750
Building 4 5 0.062
38.500 42.000
38.500 42.250
38.750 42.250
38.750 42.000
Building 4 5 0.062
38.500 42.250
38.500 42.500
38.750 42.500
38.750 42.250
Building 4 5 0.062
38.500 42.500
38.500 42.750
38.750 42.750
38.750 42.500
Building 4 5 0.062
38.500 42.750
38.500 43.000
38.750 43.000
38.750 42.750
Building 4 5 0.062
38.500 43.000
38.500 43.250
38.750 43.250
38.750 43.000
Building 4 5 0.062
38.500 43.250
38.500 43.500
38.750 43.500
38.750 43.250
Building 4 5 0.062
38.500 43.500
38.500 43.750
38.750 43.750
38.750 43.500
Building 4 5 0.062
38.500 43.750
38.500 44.000
38.750 44.000
38.750 43.750
Building 4 5 0.062
38.500 44.000
38.500 44.250
38.750 44.250
38.750 44.000
Building 4 5 0.062
38.500 44.250
38.500 44.500
38.750 44.500
38.750 44.250
Building 4 5 0.062
38.500 44.500
38.500 44.750
38.750 44.750
38.750 44.500
Building 4 5 0.062
38.500 44.750
38.500 45.000
38.750 45.000
38.750 44.750
Building 4 5 0.062
38.500 45.000
38.500 45.250
38.750 45.250
38.750 45.000
Building 4 5 0.062
38.500 45.250
38.500 45.500
38.750 45.500
38.750 45.250
Building 4 5 0.062
38.500 45.500
38.500 45.750
38.750 45.750
38.750 45.500
Building 4 5 0.062
38.500 45.750
38.500 46.000
38.750 46.000
38.750 45.750
Building 4 5 0.062
38.500 46.000
38.500 46.250
38.750 46.250
38.750 46.000
Building 4 5 0.062
38.500 46.250
38.500 46.500
38.750 46.500
38.750 46.250
Building 4 5 0.062
38.500 46.500
38.500 46.750
38.750 46.750
38.750 46.500
Building 4 5 0.062
38.500 46.750
38.500 47.000
38.750 47.000
38.750 46.750
Building 4 5 0.062
38.500 47.000
38.500 47.250
38.750 47.250
38.750 47.000
Building 4 5 0.062
38.500 47.250
38.500 47.500
38.750 47.500
38.750 47.250
Building 4 5 0.062
38.500 47.500
38.500 47.750
38.750 47.750
38.750 47.500
Building 4 5 0.062
38.500 47.750
38.500 48.000
38.750 48.000
38.750 47.750
Building 4 5 0.062
38.500 48.000
38.500 48.250
38.750 48.250
38.750 48.000
Building 4 5 0.062
38.500 48.250
38.500 48.500
38.750 48.500
38.750 48.250
Building 4 5 0.062
38.500 48.500
38.500 48.750
38.750 48.750
38.750 48.500
Building 4 5 0.062
38.500 48.750
38.500 49.000
38.750 49.000
38.750 48.750
Building 4 5 0.062
38.500 49.000
38.500 49.250
38.750 49.250
38.750 49.000
Building 4 5 0.062
38.500 49.250
38.500 49.500
38.750 49.500
38.750 49.250
Building 4 5 0.062
38.500 49.500
38.500 49.750
38.750 49.750
38.750 49.500
Building 4 5 0.062
38.500 49.750
38.500 50.000
38.750 50.000
38.750 49.750
Building 4 5 0.062
38.500 50.000
38.500 50.250
38.750 50.250
38.750 50.000
Building 4 5 0.062
38.500 50.250
38.500 50.500
38.750 50.500
38.750 50.250
Building 4 5 0.062
38.500 50.500
38.500 50.750
38.750 50.750
38.750 50.500
Building 4 5 0.062
38.500 50.750
38.500 51.000
38.750 51.000
38.750 50.750
Building 4 5 0.062
38.500 51.000
38.500 51.250
38.750 51.250
38.750 51.000
Building 4 5 0.062
38.500 51.250
38.500 51.500
38.750 51.500
38.750 51.250
Building 4 5 0.062
38.500 51.500
38.500 51.750
38.750 51.750
38.750 51.500
Building 4 5 0.062
38.500 51.750
38.500 52.000
38.750 52.000
38.750 51.750
Building 4 5 0.062
38.500 52.000
38.500 52.250
38.750 52.250
38.750 52.000
Building 4 5 0.062
38.500 52.250
38.500 52.500
38.750 52.500
38.750 52.250
Building 4 5 0.062
38.500 52.500
38.500 52.750
38.750 52.750
38.750 52.500
Building 4 5 0.062
38.500 52.750
38.500 53.000
38.750 53.000
38.750 52.750
Building 4 5 0.062
38.500 53.000
38.500 53.250
38.750 53.250
38.750 53.000
Building 4 5 0.062
38.500 53.250
38.500 53.500
38.750 53.500
38.750 53.250
Building 4 5 0.062
38.500 53.500
38.500 53.750
38.750 53.750
38.750 53.500
Building 4 5 0.062
38.500 53.750
38.500 54.000
38.750 54.000
38.750 53.750
Building 4 5 0.062
38.500 54.000
38.500 54.250
38.750 54.250
38.750 54.000
Building 4 5 0.062
38.500 54.250
38.500 54.500
38.750 54.500
38.750 54.250
Building 4 5 0.062
38.500 54.500
38.500 54.750
38.750 54.750
38.750 54.500
Building 4 5 0.062
38.500 54.750
38.500 55.000
38.750 55.000
38.750 54.750
Building 4 5 0.062
38.500 55.000
38.500 55.250
38.750 55.250
38.750 55.000
Building 4 5 0.062
38.500 55.250
38.500 55.500
38.750 55.500
38.750 55.250
Building 4 5 0.062
38.500 55.500
38.500 55.750
38.750 55.750
38.750 55.500
Building 4 5 0.062
38.500 55.750
38.500 56.000
38.750 56.000
38.750 55.750
Building 4 5 0.062
38.500 56.000
38.500 56.250
38.750 56.250
38.750 56.000
Building 4 5 0.062
38.500 56.250
38.500 56.500
38.750 56.500
38.750 56.250
Building 4 5 0.062
38.500 56.500
38.500 56.750
38.750 56.750
38.750 56.500
Building 4 5 0.062
38.500 56.750
38.500 57.000
38.750 57.000
38.750 56.750
Building 4 5 0.062
38.500 57.000
38.500 57.250
38.750 57.250
38.750 57.000
Building 4 5 0.062
38.750 57.500
38.750 57.250
38.500 57.250
38.500 57.500
Building 4 5 0.062
38.500 62.500
38.500 62.750
38.750 62.750
38.750 62.500
Building 4 5 0.062
38.500 62.750
38.500 63.000
38.750 63.000
38.750 62.750
Building 4 5 0.062
38.500 63.000
38.500 63.250
38.750 63.250
38.750 63.000
Building 4 5 0.062
38.500 63.250
38.500 63.500
38.750 63.500
38.750 63.250
Building 4 5 0.062
38.500 63.500
38.500 63.750
38.750 63.750
38.750 63.500
Building 4 5 0.062
38.500 63.750
38.500 64.000
38.750 64.000
38.750 63.750
Building 4 5 0.062
38.500 64.000
38.500 64.250
38.750 64.250
38.750 64.000
Building 4 5 0.062
38.750 64.500
38.750 64.250
38.500 64.250
38.500 64.500
Building 4 5 0.062
38.750 26.000
38.750 26.250
39.000 26.250
39.000 26.000
Building 4 5 0.062
38.750 26.250
38.750 26.500
39.000 26.500
39.000 26.250
Building 4 5 0.062
38.750 26.500
38.750 26.750
39.000 26.750
39.000 26.500
Building 4 5 0.062
38.750 26.750
38.750 27.000
39.000 27.000
39.000 26.750
Building 4 5 0.062
38.750 27.000
38.750 27.250
39.000 27.250
39.000 27.000
Building 4 5 0.062
38.750 27.250
38.750 27.500
39.000 27.500
39.000 27.250
Building 4 5 0.062
38.750 27.500
38.750 27.750
39.000 27.750
39.000 27.500
Building 4 5 0.062
38.750 27.750
38.750 28.000
39.000 28.000
39.000 27.750
Building 4 5 0.062
38.750 28.000
38.750 28.250
39.000 28.250
39.000 28.000
Building 4 5 0.062
38.750 28.250
38.750 28.500
39.000 28.500
39.000 28.250
Building 4 5 0.062
38.750 28.500
38.750 28.750
39.000 28.750
39.000 28.500
Building 4 5 0.062
38.750 28.750
38.750 29.000
39.000 29.000
39.000 28.750
Building 4 5 0.062
38.750 29.000
38.750 29.250
39.000 29.250
39.000 29.000
Building 4 5 0.062
38.750 29.250
38.750 29.500
39.000 29.500
39.000 29.250
Building 4 5 0.062
38.750 29.500
38.750 29.750
39.000 29.750
39.000 29.500
Building 4 5 0.062
38.750 29.750
38.750 30.000
39.000 30.000
39.000 29.750
Building 4 5 0.062
38.750 30.000
38.750 30.250
39.000 30.250
39.000 30.000
Building 4 5 0.062
38.750 30.250
38.750 30.500
39.000 30.500
39.000 30.250
Building 4 5 0.062
38.750 30.500
38.750 30.750
39.000 30.750
39.000 30.500
Building 4 5 0.062
38.750 30.750
38.750 31.000
39.000 31.000
39.000 30.750
Building 4 5 0.062
38.750 31.000
38.750 31.250
39.000 31.250
39.000 31.000
Building 4 5 0.062
38.750 31.250
38.750 31.500
39.000 31.500
39.000 31.250
Building 4 5 0.062
38.750 31.500
38.750 31.750
39.000 31.750
39.000 31.500
Building 4 5 0.062
38.750 31.750
38.750 32.000
39.000 32.000
39.000 31.750
Building 4 5 0.062
38.750 32.000
38.750 32.250
39.000 32.250
39.000 32.000
Building 4 5 0.062
38.750 32.250
38.750 32.500
39.000 32.500
39.000 32.250
Building 4 5 0.062
38.750 32.500
38.750 32.750
39.000 32.750
39.000 32.500
Building 4 5 0.062
38.750 32.750
38.750 33.000
39.000 33.000
39.000 32.750
Building 4 5 0.062
38.750 33.000
38.750 33.250
39.000 33.250
39.000 33.000
Building 4 5 0.062
38.750 33.250
38.750 33.500
39.000 33.500
39.000 33.250
Building 4 5 0.062
38.750 33.500
38.750 33.750
39.000 33.750
39.000 33.500
Building 4 5 0.062
38.750 33.750
38.750 34.000
39.000 34.000
39.000 33.750
Building 4 5 0.062
38.750 34.000
38.750 34.250
39.000 34.250
39.000 34.000
Building 4 5 0.062
38.750 34.250
38.750 34.500
39.000 34.500
39.000 34.250
Building 4 5 0.062
38.750 34.500
38.750 34.750
39.000 34.750
39.000 34.500
Building 4 5 0.062
38.750 34.750
38.750 35.000
39.000 35.000
39.000 34.750
Building 4 5 0.062
38.750 35.000
38.750 35.250
39.000 35.250
39.000 35.000
Building 4 5 0.062
38.750 35.250
38.750 35.500
39.000 35.500
39.000 35.250
Building 4 5 0.062
38.750 35.500
38.750 35.750
39.000 35.750
39.000 35.500
Building 4 5 0.062
38.750 35.750
38.750 36.000
39.000 36.000
39.000 35.750
Building 4 5 0.062
38.750 36.000
38.750 36.250
39.000 36.250
39.000 36.000
Building 4 5 0.062
38.750 36.250
38.750 36.500
39.000 36.500
39.000 36.250
Building 4 5 0.062
38.750 36.500
38.750 36.750
39.000 36.750
39.000 36.500
Building 4 5 0.062
38.750 36.750
38.750 37.000
39.000 37.000
39.000 36.750
Building 4 5 0.062
38.750 37.000
38.750 37.250
39.000 37.250
39.000 37.000
Building 4 5 0.062
38.750 37.250
38.750 37.500
39.000 37.500
39.000 37.250
Building 4 5 0.062
38.750 37.500
38.750 37.750
39.000 37.750
39.000 37.500
Building 4 5 0.062
38.750 37.750
38.750 38.000
39.000 38.000
39.000 37.750
Building 4 5 0.062
38.750 38.000
38.750 38.250
39.000 38.250
39.000 38.000
Building 4 5 0.062
38.750 38.250
38.750 38.500
39.000 38.500
39.000 38.250
Building 4 5 0.062
38.750 38.500
38.750 38.750
39.000 38.750
39.000 38.500
Building 4 5 0.062
38.750 38.750
38.750 39.000
39.000 39.000
39.000 38.750
Building 4 5 0.062
38.750 39.000
38.750 39.250
39.000 39.250
39.000 39.000
Building 4 5 0.062
38.750 39.250
38.750 39.500
39.000 39.500
39.000 39.250
Building 4 5 0.062
38.750 39.500
38.750 39.750
39.000 39.750
39.000 39.500
Building 4 5 0.062
38.750 39.750
38.750 40.000
39.000 40.000
39.000 39.750
Building 4 5 0.062
38.750 40.000
38.750 40.250
39.000 40.250
39.000 40.000
Building 4 5 0.062
38.750 40.250
38.750 40.500
39.000 40.500
39.000 40.250
Building 4 5 0.062
38.750 40.500
38.750 40.750
39.000 40.750
39.000 40.500
Building 4 5 0.062
38.750 40.750
38.750 41.000
39.000 41.000
39.000 40.750
Building 4 5 0.062
38.750 41.000
38.750 41.250
39.000 41.250
39.000 41.000
Building 4 5 0.062
38.750 41.250
38.750 41.500
39.000 41.500
39.000 41.250
Building 4 5 0.062
38.750 41.500
38.750 41.750
39.000 41.750
39.000 41.500
Building 4 5 0.062
38.750 41.750
38.750 42.000
39.000 42.000
39.000 41.750
Building 4 5 0.062
38.750 42.000
38.750 42.250
39.000 42.250
39.000 42.000
Building 4 5 0.062
38.750 42.250
38.750 42.500
39.000 42.500
39.000 42.250
Building 4 5 0.062
38.750 42.500
38.750 42.750
39.000 42.750
39.000 42.500
Building 4 5 0.062
38.750 42.750
38.750 43.000
39.000 43.000
39.000 42.750
Building 4 5 0.062
38.750 43.000
38.750 43.250
39.000 43.250
39.000 43.000
Building 4 5 0.062
38.750 43.250
38.750 43.500
39.000 43.500
39.000 43.250
Building 4 5 0.062
38.750 43.500
38.750 43.750
39.000 43.750
39.000 43.500
Building 4 5 0.062
38.750 43.750
38.750 44.000
39.000 44.000
39.000 43.750
Building 4 5 0.062
38.750 44.000
38.750 44.250
39.000 44.250
39.000 44.000
Building 4 5 0.062
38.750 44.250
38.750 44.500
39.000 44.500
39.000 44.250
Building 4 5 0.062
38.750 44.500
38.750 44.750
39.000 44.750
39.000 44.500
Building 4 5 0.062
38.750 44.750
38.750 45.000
39.000 45.000
39.000 44.750
Building 4 5 0.062
38.750 45.000
38.750 45.250
39.000 45.250
39.000 45.000
Building 4 5 0.062
38.750 45.250
38.750 45.500
39.000 45.500
39.000 45.250
Building 4 5 0.062
38.750 45.500
38.750 45.750
39.000 45.750
39.000 45.500
Building 4 5 0.062
38.750 45.750
38.750 46.000
39.000 46.000
39.000 45.750
Building 4 5 0.062
38.750 46.000
38.750 46.250
39.000 46.250
39.000 46.000
Building 4 5 0.062
38.750 46.250
38.750 46.500
39.000 46.500
39.000 46.250
Building 4 5 0.062
38.750 46.500
38.750 46.750
39.000 46.750
39.000 46.500
Building 4 5 0.062
38.750 46.750
38.750 47.000
39.000 47.000
39.000 46.750
Building 4 5 0.062
38.750 47.000
38.750 47.250
39.000 47.250
39.000 47.000
Building 4 5 0.062
38.750 47.250
38.750 47.500
39.000 47.500
39.000 47.250
Building 4 5 0.062
38.750 47.500
38.750 47.750
39.000 47.750
39.000 47.500
Building 4 5 0.062
38.750 47.750
38.750 48.000
39.000 48.000
39.000 47.750
Building 4 5 0.062
38.750 48.000
38.750 48.250
39.000 48.250
39.000 48.000
Building 4 5 0.062
38.750 48.250
38.750 48.500
39.000 48.500
39.000 48.250
Building 4 5 0.062
38.750 48.500
38.750 48.750
39.000 48.750
39.000 48.500
Building 4 5 0.062
38.750 48.750
38.750 49.000
39.000 49.000
39.000 48.750
Building 4 5 0.062
38.750 49.000
38.750 49.250
39.000 49.250
39.000 49.000
Building 4 5 0.062
38.750 49.250
38.750 49.500
39.000 49.500
39.000 49.250
Building 4 5 0.062
38.750 49.500
38.750 49.750
39.000 49.750
39.000 49.500
Building 4 5 0.062
38.750 49.750
38.750 50.000
39.000 50.000
39.000 49.750
Building 4 5 0.062
38.750 50.000
38.750 50.250
39.000 50.250
39.000 50.000
Building 4 5 0.062
38.750 50.250
38.750 50.500
39.000 50.500
39.000 50.250
Building 4 5 0.062
38.750 50.500
38.750 50.750
39.000 50.750
39.000 50.500
Building 4 5 0.062
38.750 50.750
38.750 51.000
39.000 51.000
39.000 50.750
Building 4 5 0.062
38.750 51.000
38.750 51.250
39.000 51.250
39.000 51.000
Building 4 5 0.062
38.750 51.250
38.750 51.500
39.000 51.500
39.000 51.250
Building 4 5 0.062
38.750 51.500
38.750 51.750
39.000 51.750
39.000 51.500
Building 4 5 0.062
38.750 51.750
38.750 52.000
39.000 52.000
39.000 51.750
Building 4 5 0.062
38.750 52.000
38.750 52.250
39.000 52.250
39.000 52.000
Building 4 5 0.062
38.750 52.250
38.750 52.500
39.000 52.500
39.000 52.250
Building 4 5 0.062
38.750 52.500
38.750 52.750
39.000 52.750
39.000 52.500
Building 4 5 0.062
38.750 52.750
38.750 53.000
39.000 53.000
39.000 52.750
Building 4 5 0.062
38.750 53.000
38.750 53.250
39.000 53.250
39.000 53.000
Building 4 5 0.062
38.750 53.250
38.750 53.500
39.000 53.500
39.000 53.250
Building 4 5 0.062
38.750 53.500
38.750 53.750
39.000 53.750
39.000 53.500
Building 4 5 0.062
38.750 53.750
38.750 54.000
39.000 54.000
39.000 53.750
Building 4 5 0.062
38.750 54.000
38.750 54.250
39.000 54.250
39.000 54.000
Building 4 5 0.062
38.750 54.250
38.750 54.500
39.000 54.500
39.000 54.250
Building 4 5 0.062
38.750 54.500
38.750 54.750
39.000 54.750
39.000 54.500
Building 4 5 0.062
38.750 54.750
38.750 55.000
39.000 55.000
39.000 54.750
Building 4 5 0.062
38.750 55.000
38.750 55.250
39.000 55.250
39.000 55.000
Building 4 5 0.062
38.750 55.250
38.750 55.500
39.000 55.500
39.000 55.250
Building 4 5 0.062
38.750 55.500
38.750 55.750
39.000 55.750
39.000 55.500
Building 4 5 0.062
38.750 55.750
38.750 56.000
39.000 56.000
39.000 55.750
Building 4 5 0.062
38.750 56.000
38.750 56.250
39.000 56.250
39.000 56.000
Building 4 5 0.062
38.750 56.250
38.750 56.500
39.000 56.500
39.000 56.250
Building 4 5 0.062
38.750 56.500
38.750 56.750
39.000 56.750
39.000 56.500
Building 4 5 0.062
38.750 56.750
38.750 57.000
39.000 57.000
39.000 56.750
Building 4 5 0.062
38.750 57.000
38.750 57.250
39.000 57.250
39.000 57.000
Building 4 5 0.062
39.000 57.500
39.000 57.250
38.750 57.250
38.750 57.500
Building 4 5 0.062
38.750 62.500
38.750 62.750
39.000 62.750
39.000 62.500
Building 4 5 0.062
38.750 62.750
38.750 63.000
39.000 63.000
39.000 62.750
Building 4 5 0.062
38.750 63.000
38.750 63.250
39.000 63.250
39.000 63.000
Building 4 5 0.062
38.750 63.250
38.750 63.500
39.000 63.500
39.000 63.250
Building 4 5 0.062
38.750 63.500
38.750 63.750
39.000 63.750
39.000 63.500
Building 4 5 0.062
38.750 63.750
38.750 64.000
39.000 64.000
39.000 63.750
Building 4 5 0.062
38.750 64.000
38.750 64.250
39.000 64.250
39.000 64.000
Building 4 5 0.062
39.000 64.500
39.000 64.250
38.750 64.250
38.750 64.500
Building 4 5 0.062
39.000 26.000
39.000 26.250
39.250 26.250
39.250 26.000
Building 4 5 0.062
39.000 26.250
39.000 26.500
39.250 26.500
39.250 26.250
Building 4 5 0.062
39.000 26.500
39.000 26.750
39.250 26.750
39.250 26.500
Building 4 5 0.062
39.000 26.750
39.000 27.000
39.250 27.000
39.250 26.750
Building 4 5 0.062
39.000 27.000
39.000 27.250
39.250 27.250
39.250 27.000
Building 4 5 0.062
39.000 27.250
39.000 27.500
39.250 27.500
39.250 27.250
Building 4 5 0.062
39.000 27.500
39.000 27.750
39.250 27.750
39.250 27.500
Building 4 5 0.062
39.000 27.750
39.000 28.000
39.250 28.000
39.250 27.750
Building 4 5 0.062
39.000 28.000
39.000 28.250
39.250 28.250
39.250 28.000
Building 4 5 0.062
39.000 28.250
39.000 28.500
39.250 28.500
39.250 28.250
Building 4 5 0.062
39.000 28.500
39.000 28.750
39.250 28.750
39.250 28.500
Building 4 5 0.062
39.000 28.750
39.000 29.000
39.250 29.000
39.250 28.750
Building 4 5 0.062
39.000 29.000
39.000 29.250
39.250 29.250
39.250 29.000
Building 4 5 0.062
39.000 29.250
39.000 29.500
39.250 29.500
39.250 29.250
Building 4 5 0.062
39.000 29.500
39.000 29.750
39.250 29.750
39.250 29.500
Building 4 5 0.062
39.000 29.750
39.000 30.000
39.250 30.000
39.250 29.750
Building 4 5 0.062
39.000 30.000
39.000 30.250
39.250 30.250
39.250 30.000
Building 4 5 0.062
39.000 30.250
39.000 30.500
39.250 30.500
39.250 30.250
Building 4 5 0.062
39.000 30.500
39.000 30.750
39.250 30.750
39.250 30.500
Building 4 5 0.062
39.000 30.750
39.000 31.000
39.250 31.000
39.250 30.750
Building 4 5 0.062
39.000 31.000
39.000 31.250
39.250 31.250
39.250 31.000
Building 4 5 0.062
39.000 31.250
39.000 31.500
39.250 31.500
39.250 31.250
Building 4 5 0.062
39.000 31.500
39.000 31.750
39.250 31.750
39.250 31.500
Building 4 5 0.062
39.000 31.750
39.000 32.000
39.250 32.000
39.250 31.750
Building 4 5 0.062
39.000 32.000
39.000 32.250
39.250 32.250
39.250 32.000
Building 4 5 0.062
39.000 32.250
39.000 32.500
39.250 32.500
39.250 32.250
Building 4 5 0.062
39.000 32.500
39.000 32.750
39.250 32.750
39.250 32.500
Building 4 5 0.062
39.000 32.750
39.000 33.000
39.250 33.000
39.250 32.750
Building 4 5 0.062
39.000 33.000
39.000 33.250
39.250 33.250
39.250 33.000
Building 4 5 0.062
39.000 33.250
39.000 33.500
39.250 33.500
39.250 33.250
Building 4 5 0.062
39.000 33.500
39.000 33.750
39.250 33.750
39.250 33.500
Building 4 5 0.062
39.000 33.750
39.000 34.000
39.250 34.000
39.250 33.750
Building 4 5 0.062
39.000 34.000
39.000 34.250
39.250 34.250
39.250 34.000
Building 4 5 0.062
39.000 34.250
39.000 34.500
39.250 34.500
39.250 34.250
Building 4 5 0.062
39.000 34.500
39.000 34.750
39.250 34.750
39.250 34.500
Building 4 5 0.062
39.000 34.750
39.000 35.000
39.250 35.000
39.250 34.750
Building 4 5 0.062
39.000 35.000
39.000 35.250
39.250 35.250
39.250 35.000
Building 4 5 0.062
39.000 35.250
39.000 35.500
39.250 35.500
39.250 35.250
Building 4 5 0.062
39.000 35.500
39.000 35.750
39.250 35.750
39.250 35.500
Building 4 5 0.062
39.000 35.750
39.000 36.000
39.250 36.000
39.250 35.750
Building 4 5 0.062
39.000 36.000
39.000 36.250
39.250 36.250
39.250 36.000
Building 4 5 0.062
39.000 36.250
39.000 36.500
39.250 36.500
39.250 36.250
Building 4 5 0.062
39.000 36.500
39.000 36.750
39.250 36.750
39.250 36.500
Building 4 5 0.062
39.000 36.750
39.000 37.000
39.250 37.000
39.250 36.750
Building 4 5 0.062
39.000 37.000
39.000 37.250
39.250 37.250
39.250 37.000
Building 4 5 0.062
39.000 37.250
39.000 37.500
39.250 37.500
39.250 37.250
Building 4 5 0.062
39.000 37.500
39.000 37.750
39.250 37.750
39.250 37.500
Building 4 5 0.062
39.000 37.750
39.000 38.000
39.250 38.000
39.250 37.750
Building 4 5 0.062
39.000 38.000
39.000 38.250
39.250 38.250
39.250 38.000
Building 4 5 0.062
39.000 38.250
39.000 38.500
39.250 38.500
39.250 38.250
Building 4 5 0.062
39.000 38.500
39.000 38.750
39.250 38.750
39.250 38.500
Building 4 5 0.062
39.000 38.750
39.000 39.000
39.250 39.000
39.250 38.750
Building 4 5 0.062
39.000 39.000
39.000 39.250
39.250 39.250
39.250 39.000
Building 4 5 0.062
39.000 39.250
39.000 39.500
39.250 39.500
39.250 39.250
Building 4 5 0.062
39.000 39.500
39.000 39.750
39.250 39.750
39.250 39.500
Building 4 5 0.062
39.000 39.750
39.000 40.000
39.250 40.000
39.250 39.750
Building 4 5 0.062
39.000 40.000
39.000 40.250
39.250 40.250
39.250 40.000
Building 4 5 0.062
39.000 40.250
39.000 40.500
39.250 40.500
39.250 40.250
Building 4 5 0.062
39.000 40.500
39.000 40.750
39.250 40.750
39.250 40.500
Building 4 5 0.062
39.000 40.750
39.000 41.000
39.250 41.000
39.250 40.750
Building 4 5 0.062
39.000 41.000
39.000 41.250
39.250 41.250
39.250 41.000
Building 4 5 0.062
39.000 41.250
39.000 41.500
39.250 41.500
39.250 41.250
Building 4 5 0.062
39.000 41.500
39.000 41.750
39.250 41.750
39.250 41.500
Building 4 5 0.062
39.000 41.750
39.000 42.000
39.250 42.000
39.250 41.750
Building 4 5 0.062
39.000 42.000
39.000 42.250
39.250 42.250
39.250 42.000
Building 4 5 0.062
39.000 42.250
39.000 42.500
39.250 42.500
39.250 42.250
Building 4 5 0.062
39.000 42.500
39.000 42.750
39.250 42.750
39.250 42.500
Building 4 5 0.062
39.000 42.750
39.000 43.000
39.250 43.000
39.250 42.750
Building 4 5 0.062
39.000 43.000
39.000 43.250
39.250 43.250
39.250 43.000
Building 4 5 0.062
39.000 43.250
39.000 43.500
39.250 43.500
39.250 43.250
Building 4 5 0.062
39.000 43.500
39.000 43.750
39.250 43.750
39.250 43.500
Building 4 5 0.062
39.000 43.750
39.000 44.000
39.250 44.000
39.250 43.750
Building 4 5 0.062
39.000 44.000
39.000 44.250
39.250 44.250
39.250 44.000
Building 4 5 0.062
39.000 44.250
39.000 44.500
39.250 44.500
39.250 44.250
Building 4 5 0.062
39.000 44.500
39.000 44.750
39.250 44.750
39.250 44.500
Building 4 5 0.062
39.000 44.750
39.000 45.000
39.250 45.000
39.250 44.750
Building 4 5 0.062
39.000 45.000
39.000 45.250
39.250 45.250
39.250 45.000
Building 4 5 0.062
39.000 45.250
39.000 45.500
39.250 45.500
39.250 45.250
Building 4 5 0.062
39.000 45.500
39.000 45.750
39.250 45.750
39.250 45.500
Building 4 5 0.062
39.000 45.750
39.000 46.000
39.250 46.000
39.250 45.750
Building 4 5 0.062
39.000 46.000
39.000 46.250
39.250 46.250
39.250 46.000
Building 4 5 0.062
39.000 46.250
39.000 46.500
39.250 46.500
39.250 46.250
Building 4 5 0.062
39.000 46.500
39.000 46.750
39.250 46.750
39.250 46.500
Building 4 5 0.062
39.000 46.750
39.000 47.000
39.250 47.000
39.250 46.750
Building 4 5 0.062
39.000 47.000
39.000 47.250
39.250 47.250
39.250 47.000
Building 4 5 0.062
39.000 47.250
39.000 47.500
39.250 47.500
39.250 47.250
Building 4 5 0.062
39.000 47.500
39.000 47.750
39.250 47.750
39.250 47.500
Building 4 5 0.062
39.000 47.750
39.000 48.000
39.250 48.000
39.250 47.750
Building 4 5 0.062
39.000 48.000
39.000 48.250
39.250 48.250
39.250 48.000
Building 4 5 0.062
39.000 48.250
39.000 48.500
39.250 48.500
39.250 48.250
Building 4 5 0.062
39.000 48.500
39.000 48.750
39.250 48.750
39.250 48.500
Building 4 5 0.062
39.000 48.750
39.000 49.000
39.250 49.000
39.250 48.750
Building 4 5 0.062
39.000 49.000
39.000 49.250
39.250 49.250
39.250 49.000
Building 4 5 0.062
39.000 49.250
39.000 49.500
39.250 49.500
39.250 49.250
Building 4 5 0.062
39.000 49.500
39.000 49.750
39.250 49.750
39.250 49.500
Building 4 5 0.062
39.000 49.750
39.000 50.000
39.250 50.000
39.250 49.750
Building 4 5 0.062
39.000 50.000
39.000 50.250
39.250 50.250
39.250 50.000
Building 4 5 0.062
39.000 50.250
39.000 50.500
39.250 50.500
39.250 50.250
Building 4 5 0.062
39.000 50.500
39.000 50.750
39.250 50.750
39.250 50.500
Building 4 5 0.062
39.000 50.750
39.000 51.000
39.250 51.000
39.250 50.750
Building 4 5 0.062
39.000 51.000
39.000 51.250
39.250 51.250
39.250 51.000
Building 4 5 0.062
39.000 51.250
39.000 51.500
39.250 51.500
39.250 51.250
Building 4 5 0.062
39.000 51.500
39.000 51.750
39.250 51.750
39.250 51.500
Building 4 5 0.062
39.000 51.750
39.000 52.000
39.250 52.000
39.250 51.750
Building 4 5 0.062
39.000 52.000
39.000 52.250
39.250 52.250
39.250 52.000
Building 4 5 0.062
39.000 52.250
39.000 52.500
39.250 52.500
39.250 52.250
Building 4 5 0.062
39.000 52.500
39.000 52.750
39.250 52.750
39.250 52.500
Building 4 5 0.062
39.000 52.750
39.000 53.000
39.250 53.000
39.250 52.750
Building 4 5 0.062
39.000 53.000
39.000 53.250
39.250 53.250
39.250 53.000
Building 4 5 0.062
39.000 53.250
39.000 53.500
39.250 53.500
39.250 53.250
Building 4 5 0.062
39.000 53.500
39.000 53.750
39.250 53.750
39.250 53.500
Building 4 5 0.062
39.000 53.750
39.000 54.000
39.250 54.000
39.250 53.750
Building 4 5 0.062
39.000 54.000
39.000 54.250
39.250 54.250
39.250 54.000
Building 4 5 0.062
39.000 54.250
39.000 54.500
39.250 54.500
39.250 54.250
Building 4 5 0.062
39.000 54.500
39.000 54.750
39.250 54.750
39.250 54.500
Building 4 5 0.062
39.000 54.750
39.000 55.000
39.250 55.000
39.250 54.750
Building 4 5 0.062
39.000 55.000
39.000 55.250
39.250 55.250
39.250 55.000
Building 4 5 0.062
39.000 55.250
39.000 55.500
39.250 55.500
39.250 55.250
Building 4 5 0.062
39.000 55.500
39.000 55.750
39.250 55.750
39.250 55.500
Building 4 5 0.062
39.000 55.750
39.000 56.000
39.250 56.000
39.250 55.750
Building 4 5 0.062
39.000 56.000
39.000 56.250
39.250 56.250
39.250 56.000
Building 4 5 0.062
39.000 56.250
39.000 56.500
39.250 56.500
39.250 56.250
Building 4 5 0.062
39.000 56.500
39.000 56.750
39.250 56.750
39.250 56.500
Building 4 5 0.062
39.000 56.750
39.000 57.000
39.250 57.000
39.250 56.750
Building 4 5 0.062
39.000 57.000
39.000 57.250
39.250 57.250
39.250 57.000
Building 4 5 0.062
39.250 57.500
39.250 57.250
39.000 57.250
39.000 57.500
Building 4 5 0.062
39.000 62.500
39.000 62.750
39.250 62.750
39.250 62.500
Building 4 5 0.062
39.000 62.750
39.000 63.000
39.250 63.000
39.250 62.750
Building 4 5 0.062
39.000 63.000
39.000 63.250
39.250 63.250
39.250 63.000
Building 4 5 0.062
39.000 63.250
39.000 63.500
39.250 63.500
39.250 63.250
Building 4 5 0.062
39.000 63.500
39.000 63.750
39.250 63.750
39.250 63.500
Building 4 5 0.062
39.000 63.750
39.000 64.000
39.250 64.000
39.250 63.750
Building 4 5 0.062
39.000 64.000
39.000 64.250
39.250 64.250
39.250 64.000
Building 4 5 0.062
39.250 64.500
39.250 64.250
39.000 64.250
39.000 64.500
Building 4 5 0.062
39.500 26.000
39.250 26.000
39.250 26.250
39.500 26.250
Building 4 5 0.062
39.500 26.250
39.250 26.250
39.250 26.500
39.500 26.500
Building 4 5 0.062
39.500 26.500
39.250 26.500
39.250 26.750
39.500 26.750
Building 4 5 0.062
39.500 26.750
39.250 26.750
39.250 27.000
39.500 27.000
Building 4 5 0.062
39.500 27.000
39.250 27.000
39.250 27.250
39.500 27.250
Building 4 5 0.062
39.500 27.250
39.250 27.250
39.250 27.500
39.500 27.500
Building 4 5 0.062
39.500 27.500
39.250 27.500
39.250 27.750
39.500 27.750
Building 4 5 0.062
39.500 27.750
39.250 27.750
39.250 28.000
39.500 28.000
Building 4 5 0.062
39.500 28.000
39.250 28.000
39.250 28.250
39.500 28.250
Building 4 5 0.062
39.500 28.250
39.250 28.250
39.250 28.500
39.500 28.500
Building 4 5 0.062
39.500 28.500
39.250 28.500
39.250 28.750
39.500 28.750
Building 4 5 0.062
39.500 28.750
39.250 28.750
39.250 29.000
39.500 29.000
Building 4 5 0.062
39.500 29.000
39.250 29.000
39.250 29.250
39.500 29.250
Building 4 5 0.062
39.500 29.250
39.250 29.250
39.250 29.500
39.500 29.500
Building 4 5 0.062
39.500 29.500
39.250 29.500
39.250 29.750
39.500 29.750
Building 4 5 0.062
39.500 29.750
39.250 29.750
39.250 30.000
39.500 30.000
Building 4 5 0.062
39.500 30.000
39.250 30.000
39.250 30.250
39.500 30.250
Building 4 5 0.062
39.500 30.250
39.250 30.250
39.250 30.500
39.500 30.500
Building 4 5 0.062
39.500 30.500
39.250 30.500
39.250 30.750
39.500 30.750
Building 4 5 0.062
39.500 30.750
39.250 30.750
39.250 31.000
39.500 31.000
Building 4 5 0.062
39.500 31.000
39.250 31.000
39.250 31.250
39.500 31.250
Building 4 5 0.062
39.500 31.250
39.250 31.250
39.250 31.500
39.500 31.500
Building 4 5 0.062
39.500 31.500
39.250 31.500
39.250 31.750
39.500 31.750
Building 4 5 0.062
39.500 31.750
39.250 31.750
39.250 32.000
39.500 32.000
Building 4 5 0.062
39.500 32.000
39.250 32.000
39.250 32.250
39.500 32.250
Building 4 5 0.062
39.500 32.250
39.250 32.250
39.250 32.500
39.500 32.500
Building 4 5 0.062
39.500 32.500
39.250 32.500
39.250 32.750
39.500 32.750
Building 4 5 0.062
39.500 32.750
39.250 32.750
39.250 33.000
39.500 33.000
Building 4 5 0.062
39.500 33.000
39.250 33.000
39.250 33.250
39.500 33.250
Building 4 5 0.062
39.500 33.250
39.250 33.250
39.250 33.500
39.500 33.500
Building 4 5 0.062
39.500 33.500
39.250 33.500
39.250 33.750
39.500 33.750
Building 4 5 0.062
39.500 33.750
39.250 33.750
39.250 34.000
39.500 34.000
Building 4 5 0.062
39.500 34.000
39.250 34.000
39.250 34.250
39.500 34.250
Building 4 5 0.062
39.500 34.250
39.250 34.250
39.250 34.500
39.500 34.500
Building 4 5 0.062
39.500 34.500
39.250 34.500
39.250 34.750
39.500 34.750
Building 4 5 0.062
39.500 34.750
39.250 34.750
39.250 35.000
39.500 35.000
Building 4 5 0.062
39.500 35.000
39.250 35.000
39.250 35.250
39.500 35.250
Building 4 5 0.062
39.500 35.250
39.250 35.250
39.250 35.500
39.500 35.500
Building 4 5 0.062
39.500 35.500
39.250 35.500
39.250 35.750
39.500 35.750
Building 4 5 0.062
39.500 35.750
39.250 35.750
39.250 36.000
39.500 36.000
Building 4 5 0.062
39.500 36.000
39.250 36.000
39.250 36.250
39.500 36.250
Building 4 5 0.062
39.500 36.250
39.250 36.250
39.250 36.500
39.500 36.500
Building 4 5 0.062
39.500 36.500
39.250 36.500
39.250 36.750
39.500 36.750
Building 4 5 0.062
39.500 36.750
39.250 36.750
39.250 37.000
39.500 37.000
Building 4 5 0.062
39.500 37.000
39.250 37.000
39.250 37.250
39.500 37.250
Building 4 5 0.062
39.500 37.250
39.250 37.250
39.250 37.500
39.500 37.500
Building 4 5 0.062
39.500 37.500
39.250 37.500
39.250 37.750
39.500 37.750
Building 4 5 0.062
39.500 37.750
39.250 37.750
39.250 38.000
39.500 38.000
Building 4 5 0.062
39.500 38.000
39.250 38.000
39.250 38.250
39.500 38.250
Building 4 5 0.062
39.500 38.250
39.250 38.250
39.250 38.500
39.500 38.500
Building 4 5 0.062
39.500 38.500
39.250 38.500
39.250 38.750
39.500 38.750
Building 4 5 0.062
39.500 38.750
39.250 38.750
39.250 39.000
39.500 39.000
Building 4 5 0.062
39.500 39.000
39.250 39.000
39.250 39.250
39.500 39.250
Building 4 5 0.062
39.500 39.250
39.250 39.250
39.250 39.500
39.500 39.500
Building 4 5 0.062
39.500 39.500
39.250 39.500
39.250 39.750
39.500 39.750
Building 4 5 0.062
39.500 39.750
39.250 39.750
39.250 40.000
39.500 40.000
Building 4 5 0.062
39.500 40.000
39.250 40.000
39.250 40.250
39.500 40.250
Building 4 5 0.062
39.500 40.250
39.250 40.250
39.250 40.500
39.500 40.500
Building 4 5 0.062
39.500 40.500
39.250 40.500
39.250 40.750
39.500 40.750
Building 4 5 0.062
39.500 40.750
39.250 40.750
39.250 41.000
39.500 41.000
Building 4 5 0.062
39.500 41.000
39.250 41.000
39.250 41.250
39.500 41.250
Building 4 5 0.062
39.500 41.250
39.250 41.250
39.250 41.500
39.500 41.500
Building 4 5 0.062
39.500 41.500
39.250 41.500
39.250 41.750
39.500 41.750
Building 4 5 0.062
39.500 41.750
39.250 41.750
39.250 42.000
39.500 42.000
Building 4 5 0.062
39.500 42.000
39.250 42.000
39.250 42.250
39.500 42.250
Building 4 5 0.062
39.500 42.250
39.250 42.250
39.250 42.500
39.500 42.500
Building 4 5 0.062
39.500 42.500
39.250 42.500
39.250 42.750
39.500 42.750
Building 4 5 0.062
39.500 42.750
39.250 42.750
39.250 43.000
39.500 43.000
Building 4 5 0.062
39.500 43.000
39.250 43.000
39.250 43.250
39.500 43.250
Building 4 5 0.062
39.500 43.250
39.250 43.250
39.250 43.500
39.500 43.500
Building 4 5 0.062
39.500 43.500
39.250 43.500
39.250 43.750
39.500 43.750
Building 4 5 0.062
39.500 43.750
39.250 43.750
39.250 44.000
39.500 44.000
Building 4 5 0.062
39.500 44.000
39.250 44.000
39.250 44.250
39.500 44.250
Building 4 5 0.062
39.500 44.250
39.250 44.250
39.250 44.500
39.500 44.500
Building 4 5 0.062
39.500 44.500
39.250 44.500
39.250 44.750
39.500 44.750
Building 4 5 0.062
39.500 44.750
39.250 44.750
39.250 45.000
39.500 45.000
Building 4 5 0.062
39.500 45.000
39.250 45.000
39.250 45.250
39.500 45.250
Building 4 5 0.062
39.500 45.250
39.250 45.250
39.250 45.500
39.500 45.500
Building 4 5 0.062
39.500 45.500
39.250 45.500
39.250 45.750
39.500 45.750
Building 4 5 0.062
39.500 45.750
39.250 45.750
39.250 46.000
39.500 46.000
Building 4 5 0.062
39.500 46.000
39.250 46.000
39.250 46.250
39.500 46.250
Building 4 5 0.062
39.500 46.250
39.250 46.250
39.250 46.500
39.500 46.500
Building 4 5 0.062
39.500 46.500
39.250 46.500
39.250 46.750
39.500 46.750
Building 4 5 0.062
39.500 46.750
39.250 46.750
39.250 47.000
39.500 47.000
Building 4 5 0.062
39.500 47.000
39.250 47.000
39.250 47.250
39.500 47.250
Building 4 5 0.062
39.500 47.250
39.250 47.250
39.250 47.500
39.500 47.500
Building 4 5 0.062
39.500 47.500
39.250 47.500
39.250 47.750
39.500 47.750
Building 4 5 0.062
39.500 47.750
39.250 47.750
39.250 48.000
39.500 48.000
Building 4 5 0.062
39.500 48.000
39.250 48.000
39.250 48.250
39.500 48.250
Building 4 5 0.062
39.500 48.250
39.250 48.250
39.250 48.500
39.500 48.500
Building 4 5 0.062
39.500 48.500
39.250 48.500
39.250 48.750
39.500 48.750
Building 4 5 0.062
39.500 48.750
39.250 48.750
39.250 49.000
39.500 49.000
Building 4 5 0.062
39.500 49.000
39.250 49.000
39.250 49.250
39.500 49.250
Building 4 5 0.062
39.500 49.250
39.250 49.250
39.250 49.500
39.500 49.500
Building 4 5 0.062
39.500 49.500
39.250 49.500
39.250 49.750
39.500 49.750
Building 4 5 0.062
39.500 49.750
39.250 49.750
39.250 50.000
39.500 50.000
Building 4 5 0.062
39.500 50.000
39.250 50.000
39.250 50.250
39.500 50.250
Building 4 5 0.062
39.500 50.250
39.250 50.250
39.250 50.500
39.500 50.500
Building 4 5 0.062
39.500 50.500
39.250 50.500
39.250 50.750
39.500 50.750
Building 4 5 0.062
39.500 50.750
39.250 50.750
39.250 51.000
39.500 51.000
Building 4 5 0.062
39.500 51.000
39.250 51.000
39.250 51.250
39.500 51.250
Building 4 5 0.062
39.500 51.250
39.250 51.250
39.250 51.500
39.500 51.500
Building 4 5 0.062
39.500 51.500
39.250 51.500
39.250 51.750
39.500 51.750
Building 4 5 0.062
39.500 51.750
39.250 51.750
39.250 52.000
39.500 52.000
Building 4 5 0.062
39.500 52.000
39.250 52.000
39.250 52.250
39.500 52.250
Building 4 5 0.062
39.500 52.250
39.250 52.250
39.250 52.500
39.500 52.500
Building 4 5 0.062
39.500 52.500
39.250 52.500
39.250 52.750
39.500 52.750
Building 4 5 0.062
39.500 52.750
39.250 52.750
39.250 53.000
39.500 53.000
Building 4 5 0.062
39.500 53.000
39.250 53.000
39.250 53.250
39.500 53.250
Building 4 5 0.062
39.500 53.250
39.250 53.250
39.250 53.500
39.500 53.500
Building 4 5 0.062
39.500 53.500
39.250 53.500
39.250 53.750
39.500 53.750
Building 4 5 0.062
39.500 53.750
39.250 53.750
39.250 54.000
39.500 54.000
Building 4 5 0.062
39.500 54.000
39.250 54.000
39.250 54.250
39.500 54.250
Building 4 5 0.062
39.500 54.250
39.250 54.250
39.250 54.500
39.500 54.500
Building 4 5 0.062
39.500 54.500
39.250 54.500
39.250 54.750
39.500 54.750
Building 4 5 0.062
39.500 54.750
39.250 54.750
39.250 55.000
39.500 55.000
Building 4 5 0.062
39.500 55.000
39.250 55.000
39.250 55.250
39.500 55.250
Building 4 5 0.062
39.500 55.250
39.250 55.250
39.250 55.500
39.500 55.500
Building 4 5 0.062
39.250 55.500
39.250 55.750
39.500 55.750
39.500 55.500
Building 4 5 0.062
39.250 55.750
39.250 56.000
39.500 56.000
39.500 55.750
Building 4 5 0.062
39.250 56.000
39.250 56.250
39.500 56.250
39.500 56.000
Building 4 5 0.062
39.250 56.250
39.250 56.500
39.500 56.500
39.500 56.250
Building 4 5 0.062
39.250 56.500
39.250 56.750
39.500 56.750
39.500 56.500
Building 4 5 0.062
39.250 56.750
39.250 57.000
39.500 57.000
39.500 56.750
Building 4 5 0.062
39.250 57.000
39.250 57.250
39.500 57.250
39.500 57.000
Building 4 5 0.062
39.500 57.500
39.500 57.250
39.250 57.250
39.250 57.500
Building 4 5 0.062
39.250 62.500
39.250 62.750
39.500 62.750
39.500 62.500
Building 4 5 0.062
39.250 62.750
39.250 63.000
39.500 63.000
39.500 62.750
Building 4 5 0.062
39.250 63.000
39.250 63.250
39.500 63.250
39.500 63.000
Building 4 5 0.062
39.250 63.250
39.250 63.500
39.500 63.500
39.500 63.250
Building 4 5 0.062
39.250 63.500
39.250 63.750
39.500 63.750
39.500 63.500
Building 4 5 0.062
39.250 63.750
39.250 64.000
39.500 64.000
39.500 63.750
Building 4 5 0.062
39.250 64.000
39.250 64.250
39.500 64.250
39.500 64.000
Building 4 5 0.062
39.500 64.500
39.500 64.250
39.250 64.250
39.250 64.500
Building 4 5 0.062
39.500 55.500
39.500 55.750
39.750 55.750
39.750 55.500
Building 4 5 0.062
39.500 55.750
39.500 56.000
39.750 56.000
39.750 55.750
Building 4 5 0.062
39.500 56.000
39.500 56.250
39.750 56.250
39.750 56.000
Building 4 5 0.062
39.500 56.250
39.500 56.500
39.750 56.500
39.750 56.250
Building 4 5 0.062
39.500 56.500
39.500 56.750
39.750 56.750
39.750 56.500
Building 4 5 0.062
39.500 56.750
39.500 57.000
39.750 57.000
39.750 56.750
Building 4 5 0.062
39.500 57.000
39.500 57.250
39.750 57.250
39.750 57.000
Building 4 5 0.062
39.750 57.500
39.750 57.250
39.500 57.250
39.500 57.500
Building 4 5 0.062
39.500 62.500
39.500 62.750
39.750 62.750
39.750 62.500
Building 4 5 0.062
39.500 62.750
39.500 63.000
39.750 63.000
39.750 62.750
Building 4 5 0.062
39.500 63.000
39.500 63.250
39.750 63.250
39.750 63.000
Building 4 5 0.062
39.500 63.250
39.500 63.500
39.750 63.500
39.750 63.250
Building 4 5 0.062
39.500 63.500
39.500 63.750
39.750 63.750
39.750 63.500
Building 4 5 0.062
39.500 63.750
39.500 64.000
39.750 64.000
39.750 63.750
Building 4 5 0.062
39.500 64.000
39.500 64.250
39.750 64.250
39.750 64.000
Building 4 5 0.062
39.750 64.500
39.750 64.250
39.500 64.250
39.500 64.500
Building 4 5 0.062
39.750 55.500
39.750 55.750
40.000 55.750
40.000 55.500
Building 4 5 0.062
39.750 55.750
39.750 56.000
40.000 56.000
40.000 55.750
Building 4 5 0.062
39.750 56.000
39.750 56.250
40.000 56.250
40.000 56.000
Building 4 5 0.062
39.750 56.250
39.750 56.500
40.000 56.500
40.000 56.250
Building 4 5 0.062
39.750 56.500
39.750 56.750
40.000 56.750
40.000 56.500
Building 4 5 0.062
39.750 56.750
39.750 57.000
40.000 57.000
40.000 56.750
Building 4 5 0.062
39.750 57.000
39.750 57.250
40.000 57.250
40.000 57.000
Building 4 5 0.062
40.000 57.500
40.000 57.250
39.750 57.250
39.750 57.500
Building 4 5 0.062
39.750 62.500
39.750 62.750
40.000 62.750
40.000 62.500
Building 4 5 0.062
39.750 62.750
39.750 63.000
40.000 63.000
40.000 62.750
Building 4 5 0.062
39.750 63.000
39.750 63.250
40.000 63.250
40.000 63.000
Building 4 5 0.062
39.750 63.250
39.750 63.500
40.000 63.500
40.000 63.250
Building 4 5 0.062
39.750 63.500
39.750 63.750
40.000 63.750
40.000 63.500
Building 4 5 0.062
39.750 63.750
39.750 64.000
40.000 64.000
40.000 63.750
Building 4 5 0.062
39.750 64.000
39.750 64.250
40.000 64.250
40.000 64.000
Building 4 5 0.062
40.000 64.500
40.000 64.250
39.750 64.250
39.750 64.500
Building 4 5 0.062
40.000 55.500
40.000 55.750
40.250 55.750
40.250 55.500
Building 4 5 0.062
40.000 55.750
40.000 56.000
40.250 56.000
40.250 55.750
Building 4 5 0.062
40.000 56.000
40.000 56.250
40.250 56.250
40.250 56.000
Building 4 5 0.062
40.000 56.250
40.000 56.500
40.250 56.500
40.250 56.250
Building 4 5 0.062
40.000 56.500
40.000 56.750
40.250 56.750
40.250 56.500
Building 4 5 0.062
40.000 56.750
40.000 57.000
40.250 57.000
40.250 56.750
Building 4 5 0.062
40.000 57.000
40.000 57.250
40.250 57.250
40.250 57.000
Building 4 5 0.062
40.250 57.500
40.250 57.250
40.000 57.250
40.000 57.500
Building 4 5 0.062
40.000 62.500
40.000 62.750
40.250 62.750
40.250 62.500
Building 4 5 0.062
40.000 62.750
40.000 63.000
40.250 63.000
40.250 62.750
Building 4 5 0.062
40.000 63.000
40.000 63.250
40.250 63.250
40.250 63.000
Building 4 5 0.062
40.000 63.250
40.000 63.500
40.250 63.500
40.250 63.250
Building 4 5 0.062
40.000 63.500
40.000 63.750
40.250 63.750
40.250 63.500
Building 4 5 0.062
40.000 63.750
40.000 64.000
40.250 64.000
40.250 63.750
Building 4 5 0.062
40.000 64.000
40.000 64.250
40.250 64.250
40.250 64.000
Building 4 5 0.062
40.250 64.500
40.250 64.250
40.000 64.250
40.000 64.500
Building 4 5 0.062
40.250 55.500
40.250 55.750
40.500 55.750
40.500 55.500
Building 4 5 0.062
40.250 55.750
40.250 56.000
40.500 56.000
40.500 55.750
Building 4 5 0.062
40.250 56.000
40.250 56.250
40.500 56.250
40.500 56.000
Building 4 5 0.062
40.250 56.250
40.250 56.500
40.500 56.500
40.500 56.250
Building 4 5 0.062
40.250 56.500
40.250 56.750
40.500 56.750
40.500 56.500
Building 4 5 0.062
40.250 56.750
40.250 57.000
40.500 57.000
40.500 56.750
Building 4 5 0.062
40.250 57.000
40.250 57.250
40.500 57.250
40.500 57.000
Building 4 5 0.062
40.500 57.500
40.500 57.250
40.250 57.250
40.250 57.500
Building 4 5 0.062
40.250 62.500
40.250 62.750
40.500 62.750
40.500 62.500
Building 4 5 0.062
40.250 62.750
40.250 63.000
40.500 63.000
40.500 62.750
Building 4 5 0.062
40.250 63.000
40.250 63.250
40.500 63.250
40.500 63.000
Building 4 5 0.062
40.250 63.250
40.250 63.500
40.500 63.500
40.500 63.250
Building 4 5 0.062
40.250 63.500
40.250 63.750
40.500 63.750
40.500 63.500
Building 4 5 0.062
40.250 63.750
40.250 64.000
40.500 64.000
40.500 63.750
Building 4 5 0.062
40.250 64.000
40.250 64.250
40.500 64.250
40.500 64.000
Building 4 5 0.062
40.500 64.500
40.500 64.250
40.250 64.250
40.250 64.500
Building 4 5 0.062
40.500 55.500
40.500 55.750
40.750 55.750
40.750 55.500
Building 4 5 0.062
40.500 55.750
40.500 56.000
40.750 56.000
40.750 55.750
Building 4 5 0.062
40.500 56.000
40.500 56.250
40.750 56.250
40.750 56.000
Building 4 5 0.062
40.500 56.250
40.500 56.500
40.750 56.500
40.750 56.250
Building 4 5 0.062
40.500 56.500
40.500 56.750
40.750 56.750
40.750 56.500
Building 4 5 0.062
40.500 56.750
40.500 57.000
40.750 57.000
40.750 56.750
Building 4 5 0.062
40.500 57.000
40.500 57.250
40.750 57.250
40.750 57.000
Building 4 5 0.062
40.750 57.500
40.750 57.250
40.500 57.250
40.500 57.500
Building 4 5 0.062
40.500 62.500
40.500 62.750
40.750 62.750
40.750 62.500
Building 4 5 0.062
40.500 62.750
40.500 63.000
40.750 63.000
40.750 62.750
Building 4 5 0.062
40.500 63.000
40.500 63.250
40.750 63.250
40.750 63.000
Building 4 5 0.062
40.500 63.250
40.500 63.500
40.750 63.500
40.750 63.250
Building 4 5 0.062
40.500 63.500
40.500 63.750
40.750 63.750
40.750 63.500
Building 4 5 0.062
40.500 63.750
40.500 64.000
40.750 64.000
40.750 63.750
Building 4 5 0.062
40.500 64.000
40.500 64.250
40.750 64.250
40.750 64.000
Building 4 5 0.062
40.750 64.500
40.750 64.250
40.500 64.250
40.500 64.500
Building 4 5 0.062
40.750 55.500
40.750 55.750
41.000 55.750
41.000 55.500
Building 4 5 0.062
40.750 55.750
40.750 56.000
41.000 56.000
41.000 55.750
Building 4 5 0.062
40.750 56.000
40.750 56.250
41.000 56.250
41.000 56.000
Building 4 5 0.062
40.750 56.250
40.750 56.500
41.000 56.500
41.000 56.250
Building 4 5 0.062
40.750 56.500
40.750 56.750
41.000 56.750
41.000 56.500
Building 4 5 0.062
40.750 56.750
40.750 57.000
41.000 57.000
41.000 56.750
Building 4 5 0.062
40.750 57.000
40.750 57.250
41.000 57.250
41.000 57.000
Building 4 5 0.062
41.000 57.500
41.000 57.250
40.750 57.250
40.750 57.500
Building 4 5 0.062
40.750 62.500
40.750 62.750
41.000 62.750
41.000 62.500
Building 4 5 0.062
40.750 62.750
40.750 63.000
41.000 63.000
41.000 62.750
Building 4 5 0.062
40.750 63.000
40.750 63.250
41.000 63.250
41.000 63.000
Building 4 5 0.062
40.750 63.250
40.750 63.500
41.000 63.500
41.000 63.250
Building 4 5 0.062
40.750 63.500
40.750 63.750
41.000 63.750
41.000 63.500
Building 4 5 0.062
40.750 63.750
40.750 64.000
41.000 64.000
41.000 63.750
Building 4 5 0.062
40.750 64.000
40.750 64.250
41.000 64.250
41.000 64.000
Building 4 5 0.062
41.000 64.500
41.000 64.250
40.750 64.250
40.750 64.500
Building 4 5 0.062
41.000 55.500
41.000 55.750
41.250 55.750
41.250 55.500
Building 4 5 0.062
41.000 55.750
41.000 56.000
41.250 56.000
41.250 55.750
Building 4 5 0.062
41.000 56.000
41.000 56.250
41.250 56.250
41.250 56.000
Building 4 5 0.062
41.000 56.250
41.000 56.500
41.250 56.500
41.250 56.250
Building 4 5 0.062
41.000 56.500
41.000 56.750
41.250 56.750
41.250 56.500
Building 4 5 0.062
41.000 56.750
41.000 57.000
41.250 57.000
41.250 56.750
Building 4 5 0.062
41.000 57.000
41.000 57.250
41.250 57.250
41.250 57.000
Building 4 5 0.062
41.250 57.500
41.250 57.250
41.000 57.250
41.000 57.500
Building 4 5 0.062
41.000 62.500
41.000 62.750
41.250 62.750
41.250 62.500
Building 4 5 0.062
41.000 62.750
41.000 63.000
41.250 63.000
41.250 62.750
Building 4 5 0.062
41.000 63.000
41.000 63.250
41.250 63.250
41.250 63.000
Building 4 5 0.062
41.000 63.250
41.000 63.500
41.250 63.500
41.250 63.250
Building 4 5 0.062
41.000 63.500
41.000 63.750
41.250 63.750
41.250 63.500
Building 4 5 0.062
41.000 63.750
41.000 64.000
41.250 64.000
41.250 63.750
Building 4 5 0.062
41.000 64.000
41.000 64.250
41.250 64.250
41.250 64.000
Building 4 5 0.062
41.250 64.500
41.250 64.250
41.000 64.250
41.000 64.500
Building 4 5 0.062
41.250 55.500
41.250 55.750
41.500 55.750
41.500 55.500
Building 4 5 0.062
41.250 55.750
41.250 56.000
41.500 56.000
41.500 55.750
Building 4 5 0.062
41.250 56.000
41.250 56.250
41.500 56.250
41.500 56.000
Building 4 5 0.062
41.250 56.250
41.250 56.500
41.500 56.500
41.500 56.250
Building 4 5 0.062
41.250 56.500
41.250 56.750
41.500 56.750
41.500 56.500
Building 4 5 0.062
41.250 56.750
41.250 57.000
41.500 57.000
41.500 56.750
Building 4 5 0.062
41.250 57.000
41.250 57.250
41.500 57.250
41.500 57.000
Building 4 5 0.062
41.500 57.500
41.500 57.250
41.250 57.250
41.250 57.500
Building 4 5 0.062
41.250 62.500
41.250 62.750
41.500 62.750
41.500 62.500
Building 4 5 0.062
41.250 62.750
41.250 63.000
41.500 63.000
41.500 62.750
Building 4 5 0.062
41.250 63.000
41.250 63.250
41.500 63.250
41.500 63.000
Building 4 5 0.062
41.250 63.250
41.250 63.500
41.500 63.500
41.500 63.250
Building 4 5 0.062
41.250 63.500
41.250 63.750
41.500 63.750
41.500 63.500
Building 4 5 0.062
41.250 63.750
41.250 64.000
41.500 64.000
41.500 63.750
Building 4 5 0.062
41.250 64.000
41.250 64.250
41.500 64.250
41.500 64.000
Building 4 5 0.062
41.500 64.500
41.500 64.250
41.250 64.250
41.250 64.500
Building 4 5 0.062
41.500 55.500
41.500 55.750
41.750 55.750
41.750 55.500
Building 4 5 0.062
41.500 55.750
41.500 56.000
41.750 56.000
41.750 55.750
Building 4 5 0.062
41.500 56.000
41.500 56.250
41.750 56.250
41.750 56.000
Building 4 5 0.062
41.500 56.250
41.500 56.500
41.750 56.500
41.750 56.250
Building 4 5 0.062
41.500 56.500
41.500 56.750
41.750 56.750
41.750 56.500
Building 4 5 0.062
41.500 56.750
41.500 57.000
41.750 57.000
41.750 56.750
Building 4 5 0.062
41.500 57.000
41.500 57.250
41.750 57.250
41.750 57.000
Building 4 5 0.062
41.750 57.500
41.750 57.250
41.500 57.250
41.500 57.500
Building 4 5 0.062
41.500 62.500
41.500 62.750
41.750 62.750
41.750 62.500
Building 4 5 0.062
41.500 62.750
41.500 63.000
41.750 63.000
41.750 62.750
Building 4 5 0.062
41.500 63.000
41.500 63.250
41.750 63.250
41.750 63.000
Building 4 5 0.062
41.500 63.250
41.500 63.500
41.750 63.500
41.750 63.250
Building 4 5 0.062
41.500 63.500
41.500 63.750
41.750 63.750
41.750 63.500
Building 4 5 0.062
41.500 63.750
41.500 64.000
41.750 64.000
41.750 63.750
Building 4 5 0.062
41.500 64.000
41.500 64.250
41.750 64.250
41.750 64.000
Building 4 5 0.062
41.750 64.500
41.750 64.250
41.500 64.250
41.500 64.500
Building 4 5 0.062
41.750 55.500
41.750 55.750
42.000 55.750
42.000 55.500
Building 4 5 0.062
41.750 55.750
41.750 56.000
42.000 56.000
42.000 55.750
Building 4 5 0.062
41.750 56.000
41.750 56.250
42.000 56.250
42.000 56.000
Building 4 5 0.062
41.750 56.250
41.750 56.500
42.000 56.500
42.000 56.250
Building 4 5 0.062
41.750 56.500
41.750 56.750
42.000 56.750
42.000 56.500
Building 4 5 0.062
41.750 56.750
41.750 57.000
42.000 57.000
42.000 56.750
Building 4 5 0.062
41.750 57.000
41.750 57.250
42.000 57.250
42.000 57.000
Building 4 5 0.062
42.000 57.500
42.000 57.250
41.750 57.250
41.750 57.500
Building 4 5 0.062
41.750 62.500
41.750 62.750
42.000 62.750
42.000 62.500
Building 4 5 0.062
41.750 62.750
41.750 63.000
42.000 63.000
42.000 62.750
Building 4 5 0.062
41.750 63.000
41.750 63.250
42.000 63.250
42.000 63.000
Building 4 5 0.062
41.750 63.250
41.750 63.500
42.000 63.500
42.000 63.250
Building 4 5 0.062
41.750 63.500
41.750 63.750
42.000 63.750
42.000 63.500
Building 4 5 0.062
41.750 63.750
41.750 64.000
42.000 64.000
42.000 63.750
Building 4 5 0.062
41.750 64.000
41.750 64.250
42.000 64.250
42.000 64.000
Building 4 5 0.062
42.000 64.500
42.000 64.250
41.750 64.250
41.750 64.500
Building 4 5 0.062
42.000 55.500
42.000 55.750
42.250 55.750
42.250 55.500
Building 4 5 0.062
42.000 55.750
42.000 56.000
42.250 56.000
42.250 55.750
Building 4 5 0.062
42.000 56.000
42.000 56.250
42.250 56.250
42.250 56.000
Building 4 5 0.062
42.000 56.250
42.000 56.500
42.250 56.500
42.250 56.250
Building 4 5 0.062
42.000 56.500
42.000 56.750
42.250 56.750
42.250 56.500
Building 4 5 0.062
42.000 56.750
42.000 57.000
42.250 57.000
42.250 56.750
Building 4 5 0.062
42.000 57.000
42.000 57.250
42.250 57.250
42.250 57.000
Building 4 5 0.062
42.250 57.500
42.250 57.250
42.000 57.250
42.000 57.500
Building 4 5 0.062
42.000 62.500
42.000 62.750
42.250 62.750
42.250 62.500
Building 4 5 0.062
42.000 62.750
42.000 63.000
42.250 63.000
42.250 62.750
Building 4 5 0.062
42.000 63.000
42.000 63.250
42.250 63.250
42.250 63.000
Building 4 5 0.062
42.000 63.250
42.000 63.500
42.250 63.500
42.250 63.250
Building 4 5 0.062
42.000 63.500
42.000 63.750
42.250 63.750
42.250 63.500
Building 4 5 0.062
42.000 63.750
42.000 64.000
42.250 64.000
42.250 63.750
Building 4 5 0.062
42.000 64.000
42.000 64.250
42.250 64.250
42.250 64.000
Building 4 5 0.062
42.250 64.500
42.250 64.250
42.000 64.250
42.000 64.500
Building 4 5 0.062
42.250 55.500
42.250 55.750
42.500 55.750
42.500 55.500
Building 4 5 0.062
42.250 55.750
42.250 56.000
42.500 56.000
42.500 55.750
Building 4 5 0.062
42.250 56.000
42.250 56.250
42.500 56.250
42.500 56.000
Building 4 5 0.062
42.250 56.250
42.250 56.500
42.500 56.500
42.500 56.250
Building 4 5 0.062
42.250 56.500
42.250 56.750
42.500 56.750
42.500 56.500
Building 4 5 0.062
42.250 56.750
42.250 57.000
42.500 57.000
42.500 56.750
Building 4 5 0.062
42.250 57.000
42.250 57.250
42.500 57.250
42.500 57.000
Building 4 5 0.062
42.500 57.500
42.500 57.250
42.250 57.250
42.250 57.500
Building 4 5 0.062
42.250 62.500
42.250 62.750
42.500 62.750
42.500 62.500
Building 4 5 0.062
42.250 62.750
42.250 63.000
42.500 63.000
42.500 62.750
Building 4 5 0.062
42.250 63.000
42.250 63.250
42.500 63.250
42.500 63.000
Building 4 5 0.062
42.250 63.250
42.250 63.500
42.500 63.500
42.500 63.250
Building 4 5 0.062
42.250 63.500
42.250 63.750
42.500 63.750
42.500 63.500
Building 4 5 0.062
42.250 63.750
42.250 64.000
42.500 64.000
42.500 63.750
Building 4 5 0.062
42.250 64.000
42.250 64.250
42.500 64.250
42.500 64.000
Building 4 5 0.062
42.500 64.500
42.500 64.250
42.250 64.250
42.250 64.500
Building 4 5 0.062
42.500 55.500
42.500 55.750
42.750 55.750
42.750 55.500
Building 4 5 0.062
42.500 55.750
42.500 56.000
42.750 56.000
42.750 55.750
Building 4 5 0.062
42.500 56.000
42.500 56.250
42.750 56.250
42.750 56.000
Building 4 5 0.062
42.500 56.250
42.500 56.500
42.750 56.500
42.750 56.250
Building 4 5 0.062
42.500 56.500
42.500 56.750
42.750 56.750
42.750 56.500
Building 4 5 0.062
42.500 56.750
42.500 57.000
42.750 57.000
42.750 56.750
Building 4 5 0.062
42.500 57.000
42.500 57.250
42.750 57.250
42.750 57.000
Building 4 5 0.062
42.750 57.500
42.750 57.250
42.500 57.250
42.500 57.500
Building 4 5 0.062
42.500 62.500
42.500 62.750
42.750 62.750
42.750 62.500
Building 4 5 0.062
42.500 62.750
42.500 63.000
42.750 63.000
42.750 62.750
Building 4 5 0.062
42.500 63.000
42.500 63.250
42.750 63.250
42.750 63.000
Building 4 5 0.062
42.500 63.250
42.500 63.500
42.750 63.500
42.750 63.250
Building 4 5 0.062
42.500 63.500
42.500 63.750
42.750 63.750
42.750 63.500
Building 4 5 0.062
42.500 63.750
42.500 64.000
42.750 64.000
42.750 63.750
Building 4 5 0.062
42.500 64.000
42.500 64.250
42.750 64.250
42.750 64.000
Building 4 5 0.062
42.750 64.500
42.750 64.250
42.500 64.250
42.500 64.500
Building 4 5 0.062
42.750 55.500
42.750 55.750
43.000 55.750
43.000 55.500
Building 4 5 0.062
42.750 55.750
42.750 56.000
43.000 56.000
43.000 55.750
Building 4 5 0.062
42.750 56.000
42.750 56.250
43.000 56.250
43.000 56.000
Building 4 5 0.062
42.750 56.250
42.750 56.500
43.000 56.500
43.000 56.250
Building 4 5 0.062
42.750 56.500
42.750 56.750
43.000 56.750
43.000 56.500
Building 4 5 0.062
42.750 56.750
42.750 57.000
43.000 57.000
43.000 56.750
Building 4 5 0.062
42.750 57.000
42.750 57.250
43.000 57.250
43.000 57.000
Building 4 5 0.062
43.000 57.500
43.000 57.250
42.750 57.250
42.750 57.500
Building 4 5 0.062
42.750 62.500
42.750 62.750
43.000 62.750
43.000 62.500
Building 4 5 0.062
42.750 62.750
42.750 63.000
43.000 63.000
43.000 62.750
Building 4 5 0.062
42.750 63.000
42.750 63.250
43.000 63.250
43.000 63.000
Building 4 5 0.062
42.750 63.250
42.750 63.500
43.000 63.500
43.000 63.250
Building 4 5 0.062
42.750 63.500
42.750 63.750
43.000 63.750
43.000 63.500
Building 4 5 0.062
42.750 63.750
42.750 64.000
43.000 64.000
43.000 63.750
Building 4 5 0.062
42.750 64.000
42.750 64.250
43.000 64.250
43.000 64.000
Building 4 5 0.062
43.000 64.500
43.000 64.250
42.750 64.250
42.750 64.500
Building 4 5 0.062
43.000 55.500
43.000 55.750
43.250 55.750
43.250 55.500
Building 4 5 0.062
43.000 55.750
43.000 56.000
43.250 56.000
43.250 55.750
Building 4 5 0.062
43.000 56.000
43.000 56.250
43.250 56.250
43.250 56.000
Building 4 5 0.062
43.000 56.250
43.000 56.500
43.250 56.500
43.250 56.250
Building 4 5 0.062
43.000 56.500
43.000 56.750
43.250 56.750
43.250 56.500
Building 4 5 0.062
43.000 56.750
43.000 57.000
43.250 57.000
43.250 56.750
Building 4 5 0.062
43.000 57.000
43.000 57.250
43.250 57.250
43.250 57.000
Building 4 5 0.062
43.250 57.500
43.250 57.250
43.000 57.250
43.000 57.500
Building 4 5 0.062
43.000 62.500
43.000 62.750
43.250 62.750
43.250 62.500
Building 4 5 0.062
43.000 62.750
43.000 63.000
43.250 63.000
43.250 62.750
Building 4 5 0.062
43.000 63.000
43.000 63.250
43.250 63.250
43.250 63.000
Building 4 5 0.062
43.000 63.250
43.000 63.500
43.250 63.500
43.250 63.250
Building 4 5 0.062
43.000 63.500
43.000 63.750
43.250 63.750
43.250 63.500
Building 4 5 0.062
43.000 63.750
43.000 64.000
43.250 64.000
43.250 63.750
Building 4 5 0.062
43.000 64.000
43.000 64.250
43.250 64.250
43.250 64.000
Building 4 5 0.062
43.250 64.500
43.250 64.250
43.000 64.250
43.000 64.500
Building 4 5 0.062
43.250 55.500
43.250 55.750
43.500 55.750
43.500 55.500
Building 4 5 0.062
43.250 55.750
43.250 56.000
43.500 56.000
43.500 55.750
Building 4 5 0.062
43.250 56.000
43.250 56.250
43.500 56.250
43.500 56.000
Building 4 5 0.062
43.250 56.250
43.250 56.500
43.500 56.500
43.500 56.250
Building 4 5 0.062
43.250 56.500
43.250 56.750
43.500 56.750
43.500 56.500
Building 4 5 0.062
43.250 56.750
43.250 57.000
43.500 57.000
43.500 56.750
Building 4 5 0.062
43.250 57.000
43.250 57.250
43.500 57.250
43.500 57.000
Building 4 5 0.062
43.500 57.500
43.500 57.250
43.250 57.250
43.250 57.500
Building 4 5 0.062
43.250 62.500
43.250 62.750
43.500 62.750
43.500 62.500
Building 4 5 0.062
43.250 62.750
43.250 63.000
43.500 63.000
43.500 62.750
Building 4 5 0.062
43.250 63.000
43.250 63.250
43.500 63.250
43.500 63.000
Building 4 5 0.062
43.250 63.250
43.250 63.500
43.500 63.500
43.500 63.250
Building 4 5 0.062
43.250 63.500
43.250 63.750
43.500 63.750
43.500 63.500
Building 4 5 0.062
43.250 63.750
43.250 64.000
43.500 64.000
43.500 63.750
Building 4 5 0.062
43.250 64.000
43.250 64.250
43.500 64.250
43.500 64.000
Building 4 5 0.062
43.500 64.500
43.500 64.250
43.250 64.250
43.250 64.500
Building 4 5 0.062
43.500 55.500
43.500 55.750
43.750 55.750
43.750 55.500
Building 4 5 0.062
43.500 55.750
43.500 56.000
43.750 56.000
43.750 55.750
Building 4 5 0.062
43.500 56.000
43.500 56.250
43.750 56.250
43.750 56.000
Building 4 5 0.062
43.500 56.250
43.500 56.500
43.750 56.500
43.750 56.250
Building 4 5 0.062
43.500 56.500
43.500 56.750
43.750 56.750
43.750 56.500
Building 4 5 0.062
43.500 56.750
43.500 57.000
43.750 57.000
43.750 56.750
Building 4 5 0.062
43.500 57.000
43.500 57.250
43.750 57.250
43.750 57.000
Building 4 5 0.062
43.750 57.500
43.750 57.250
43.500 57.250
43.500 57.500
Building 4 5 0.062
43.500 62.500
43.500 62.750
43.750 62.750
43.750 62.500
Building 4 5 0.062
43.500 62.750
43.500 63.000
43.750 63.000
43.750 62.750
Building 4 5 0.062
43.500 63.000
43.500 63.250
43.750 63.250
43.750 63.000
Building 4 5 0.062
43.500 63.250
43.500 63.500
43.750 63.500
43.750 63.250
Building 4 5 0.062
43.500 63.500
43.500 63.750
43.750 63.750
43.750 63.500
Building 4 5 0.062
43.500 63.750
43.500 64.000
43.750 64.000
43.750 63.750
Building 4 5 0.062
43.500 64.000
43.500 64.250
43.750 64.250
43.750 64.000
Building 4 5 0.062
43.750 64.500
43.750 64.250
43.500 64.250
43.500 64.500
Building 4 5 0.062
43.750 55.500
43.750 55.750
44.000 55.750
44.000 55.500
Building 4 5 0.062
43.750 55.750
43.750 56.000
44.000 56.000
44.000 55.750
Building 4 5 0.062
43.750 56.000
43.750 56.250
44.000 56.250
44.000 56.000
Building 4 5 0.062
43.750 56.250
43.750 56.500
44.000 56.500
44.000 56.250
Building 4 5 0.062
43.750 56.500
43.750 56.750
44.000 56.750
44.000 56.500
Building 4 5 0.062
43.750 56.750
43.750 57.000
44.000 57.000
44.000 56.750
Building 4 5 0.062
43.750 57.000
43.750 57.250
44.000 57.250
44.000 57.000
Building 4 5 0.062
44.000 57.500
44.000 57.250
43.750 57.250
43.750 57.500
Building 4 5 0.062
43.750 62.500
43.750 62.750
44.000 62.750
44.000 62.500
Building 4 5 0.062
43.750 62.750
43.750 63.000
44.000 63.000
44.000 62.750
Building 4 5 0.062
43.750 63.000
43.750 63.250
44.000 63.250
44.000 63.000
Building 4 5 0.062
43.750 63.250
43.750 63.500
44.000 63.500
44.000 63.250
Building 4 5 0.062
43.750 63.500
43.750 63.750
44.000 63.750
44.000 63.500
Building 4 5 0.062
43.750 63.750
43.750 64.000
44.000 64.000
44.000 63.750
Building 4 5 0.062
43.750 64.000
43.750 64.250
44.000 64.250
44.000 64.000
Building 4 5 0.062
44.000 64.500
44.000 64.250
43.750 64.250
43.750 64.500
Building 4 5 0.062
44.000 55.500
44.000 55.750
44.250 55.750
44.250 55.500
Building 4 5 0.062
44.000 55.750
44.000 56.000
44.250 56.000
44.250 55.750
Building 4 5 0.062
44.000 56.000
44.000 56.250
44.250 56.250
44.250 56.000
Building 4 5 0.062
44.000 56.250
44.000 56.500
44.250 56.500
44.250 56.250
Building 4 5 0.062
44.000 56.500
44.000 56.750
44.250 56.750
44.250 56.500
Building 4 5 0.062
44.000 56.750
44.000 57.000
44.250 57.000
44.250 56.750
Building 4 5 0.062
44.000 57.000
44.000 57.250
44.250 57.250
44.250 57.000
Building 4 5 0.062
44.250 57.500
44.250 57.250
44.000 57.250
44.000 57.500
Building 4 5 0.062
44.000 62.500
44.000 62.750
44.250 62.750
44.250 62.500
Building 4 5 0.062
44.000 62.750
44.000 63.000
44.250 63.000
44.250 62.750
Building 4 5 0.062
44.000 63.000
44.000 63.250
44.250 63.250
44.250 63.000
Building 4 5 0.062
44.000 63.250
44.000 63.500
44.250 63.500
44.250 63.250
Building 4 5 0.062
44.000 63.500
44.000 63.750
44.250 63.750
44.250 63.500
Building 4 5 0.062
44.000 63.750
44.000 64.000
44.250 64.000
44.250 63.750
Building 4 5 0.062
44.000 64.000
44.000 64.250
44.250 64.250
44.250 64.000
Building 4 5 0.062
44.250 64.500
44.250 64.250
44.000 64.250
44.000 64.500
Building 4 5 0.062
44.250 55.500
44.250 55.750
44.500 55.750
44.500 55.500
Building 4 5 0.062
44.250 55.750
44.250 56.000
44.500 56.000
44.500 55.750
Building 4 5 0.062
44.250 56.000
44.250 56.250
44.500 56.250
44.500 56.000
Building 4 5 0.062
44.250 56.250
44.250 56.500
44.500 56.500
44.500 56.250
Building 4 5 0.062
44.250 56.500
44.250 56.750
44.500 56.750
44.500 56.500
Building 4 5 0.062
44.250 56.750
44.250 57.000
44.500 57.000
44.500 56.750
Building 4 5 0.062
44.250 57.000
44.250 57.250
44.500 57.250
44.500 57.000
Building 4 5 0.062
44.500 57.500
44.500 57.250
44.250 57.250
44.250 57.500
Building 4 5 0.062
44.250 62.500
44.250 62.750
44.500 62.750
44.500 62.500
Building 4 5 0.062
44.250 62.750
44.250 63.000
44.500 63.000
44.500 62.750
Building 4 5 0.062
44.250 63.000
44.250 63.250
44.500 63.250
44.500 63.000
Building 4 5 0.062
44.250 63.250
44.250 63.500
44.500 63.500
44.500 63.250
Building 4 5 0.062
44.250 63.500
44.250 63.750
44.500 63.750
44.500 63.500
Building 4 5 0.062
44.250 63.750
44.250 64.000
44.500 64.000
44.500 63.750
Building 4 5 0.062
44.250 64.000
44.250 64.250
44.500 64.250
44.500 64.000
Building 4 5 0.062
44.500 64.500
44.500 64.250
44.250 64.250
44.250 64.500
Building 4 5 0.062
44.500 55.500
44.500 55.750
44.750 55.750
44.750 55.500
Building 4 5 0.062
44.500 55.750
44.500 56.000
44.750 56.000
44.750 55.750
Building 4 5 0.062
44.500 56.000
44.500 56.250
44.750 56.250
44.750 56.000
Building 4 5 0.062
44.500 56.250
44.500 56.500
44.750 56.500
44.750 56.250
Building 4 5 0.062
44.500 56.500
44.500 56.750
44.750 56.750
44.750 56.500
Building 4 5 0.062
44.500 56.750
44.500 57.000
44.750 57.000
44.750 56.750
Building 4 5 0.062
44.500 57.000
44.500 57.250
44.750 57.250
44.750 57.000
Building 4 5 0.062
44.750 57.500
44.750 57.250
44.500 57.250
44.500 57.500
Building 4 5 0.062
44.500 62.500
44.500 62.750
44.750 62.750
44.750 62.500
Building 4 5 0.062
44.500 62.750
44.500 63.000
44.750 63.000
44.750 62.750
Building 4 5 0.062
44.500 63.000
44.500 63.250
44.750 63.250
44.750 63.000
Building 4 5 0.062
44.500 63.250
44.500 63.500
44.750 63.500
44.750 63.250
Building 4 5 0.062
44.500 63.500
44.500 63.750
44.750 63.750
44.750 63.500
Building 4 5 0.062
44.500 63.750
44.500 64.000
44.750 64.000
44.750 63.750
Building 4 5 0.062
44.500 64.000
44.500 64.250
44.750 64.250
44.750 64.000
Building 4 5 0.062
44.750 64.500
44.750 64.250
44.500 64.250
44.500 64.500
Building 4 5 0.062
44.750 55.500
44.750 55.750
45.000 55.750
45.000 55.500
Building 4 5 0.062
44.750 55.750
44.750 56.000
45.000 56.000
45.000 55.750
Building 4 5 0.062
44.750 56.000
44.750 56.250
45.000 56.250
45.000 56.000
Building 4 5 0.062
44.750 56.250
44.750 56.500
45.000 56.500
45.000 56.250
Building 4 5 0.062
44.750 56.500
44.750 56.750
45.000 56.750
45.000 56.500
Building 4 5 0.062
44.750 56.750
44.750 57.000
45.000 57.000
45.000 56.750
Building 4 5 0.062
44.750 57.000
44.750 57.250
45.000 57.250
45.000 57.000
Building 4 5 0.062
45.000 57.500
45.000 57.250
44.750 57.250
44.750 57.500
Building 4 5 0.062
44.750 62.500
44.750 62.750
45.000 62.750
45.000 62.500
Building 4 5 0.062
44.750 62.750
44.750 63.000
45.000 63.000
45.000 62.750
Building 4 5 0.062
44.750 63.000
44.750 63.250
45.000 63.250
45.000 63.000
Building 4 5 0.062
44.750 63.250
44.750 63.500
45.000 63.500
45.000 63.250
Building 4 5 0.062
44.750 63.500
44.750 63.750
45.000 63.750
45.000 63.500
Building 4 5 0.062
44.750 63.750
44.750 64.000
45.000 64.000
45.000 63.750
Building 4 5 0.062
44.750 64.000
44.750 64.250
45.000 64.250
45.000 64.000
Building 4 5 0.062
45.000 64.500
45.000 64.250
44.750 64.250
44.750 64.500
Building 4 5 0.062
45.000 55.500
45.000 55.750
45.250 55.750
45.250 55.500
Building 4 5 0.062
45.000 55.750
45.000 56.000
45.250 56.000
45.250 55.750
Building 4 5 0.062
45.000 56.000
45.000 56.250
45.250 56.250
45.250 56.000
Building 4 5 0.062
45.000 56.250
45.000 56.500
45.250 56.500
45.250 56.250
Building 4 5 0.062
45.000 56.500
45.000 56.750
45.250 56.750
45.250 56.500
Building 4 5 0.062
45.000 56.750
45.000 57.000
45.250 57.000
45.250 56.750
Building 4 5 0.062
45.000 57.000
45.000 57.250
45.250 57.250
45.250 57.000
Building 4 5 0.062
45.250 57.500
45.250 57.250
45.000 57.250
45.000 57.500
Building 4 5 0.062
45.000 62.500
45.000 62.750
45.250 62.750
45.250 62.500
Building 4 5 0.062
45.000 62.750
45.000 63.000
45.250 63.000
45.250 62.750
Building 4 5 0.062
45.000 63.000
45.000 63.250
45.250 63.250
45.250 63.000
Building 4 5 0.062
45.000 63.250
45.000 63.500
45.250 63.500
45.250 63.250
Building 4 5 0.062
45.000 63.500
45.000 63.750
45.250 63.750
45.250 63.500
Building 4 5 0.062
45.000 63.750
45.000 64.000
45.250 64.000
45.250 63.750
Building 4 5 0.062
45.000 64.000
45.000 64.250
45.250 64.250
45.250 64.000
Building 4 5 0.062
45.250 64.500
45.250 64.250
45.000 64.250
45.000 64.500
Building 4 5 0.062
45.250 55.500
45.250 55.750
45.500 55.750
45.500 55.500
Building 4 5 0.062
45.250 55.750
45.250 56.000
45.500 56.000
45.500 55.750
Building 4 5 0.062
45.250 56.000
45.250 56.250
45.500 56.250
45.500 56.000
Building 4 5 0.062
45.250 56.250
45.250 56.500
45.500 56.500
45.500 56.250
Building 4 5 0.062
45.250 56.500
45.250 56.750
45.500 56.750
45.500 56.500
Building 4 5 0.062
45.250 56.750
45.250 57.000
45.500 57.000
45.500 56.750
Building 4 5 0.062
45.250 57.000
45.250 57.250
45.500 57.250
45.500 57.000
Building 4 5 0.062
45.500 57.500
45.500 57.250
45.250 57.250
45.250 57.500
Building 4 5 0.062
45.250 62.500
45.250 62.750
45.500 62.750
45.500 62.500
Building 4 5 0.062
45.250 62.750
45.250 63.000
45.500 63.000
45.500 62.750
Building 4 5 0.062
45.250 63.000
45.250 63.250
45.500 63.250
45.500 63.000
Building 4 5 0.062
45.250 63.250
45.250 63.500
45.500 63.500
45.500 63.250
Building 4 5 0.062
45.250 63.500
45.250 63.750
45.500 63.750
45.500 63.500
Building 4 5 0.062
45.250 63.750
45.250 64.000
45.500 64.000
45.500 63.750
Building 4 5 0.062
45.250 64.000
45.250 64.250
45.500 64.250
45.500 64.000
Building 4 5 0.062
45.500 64.500
45.500 64.250
45.250 64.250
45.250 64.500
Building 4 5 0.062
45.500 55.500
45.500 55.750
45.750 55.750
45.750 55.500
Building 4 5 0.062
45.500 55.750
45.500 56.000
45.750 56.000
45.750 55.750
Building 4 5 0.062
45.500 56.000
45.500 56.250
45.750 56.250
45.750 56.000
Building 4 5 0.062
45.500 56.250
45.500 56.500
45.750 56.500
45.750 56.250
Building 4 5 0.062
45.500 56.500
45.500 56.750
45.750 56.750
45.750 56.500
Building 4 5 0.062
45.500 56.750
45.500 57.000
45.750 57.000
45.750 56.750
Building 4 5 0.062
45.500 57.000
45.500 57.250
45.750 57.250
45.750 57.000
Building 4 5 0.062
45.750 57.500
45.750 57.250
45.500 57.250
45.500 57.500
Building 4 5 0.062
45.500 62.500
45.500 62.750
45.750 62.750
45.750 62.500
Building 4 5 0.062
45.500 62.750
45.500 63.000
45.750 63.000
45.750 62.750
Building 4 5 0.062
45.500 63.000
45.500 63.250
45.750 63.250
45.750 63.000
Building 4 5 0.062
45.500 63.250
45.500 63.500
45.750 63.500
45.750 63.250
Building 4 5 0.062
45.500 63.500
45.500 63.750
45.750 63.750
45.750 63.500
Building 4 5 0.062
45.500 63.750
45.500 64.000
45.750 64.000
45.750 63.750
Building 4 5 0.062
45.500 64.000
45.500 64.250
45.750 64.250
45.750 64.000
Building 4 5 0.062
45.750 64.500
45.750 64.250
45.500 64.250
45.500 64.500
Building 4 5 0.062
45.750 55.500
45.750 55.750
46.000 55.750
46.000 55.500
Building 4 5 0.062
45.750 55.750
45.750 56.000
46.000 56.000
46.000 55.750
Building 4 5 0.062
45.750 56.000
45.750 56.250
46.000 56.250
46.000 56.000
Building 4 5 0.062
45.750 56.250
45.750 56.500
46.000 56.500
46.000 56.250
Building 4 5 0.062
45.750 56.500
45.750 56.750
46.000 56.750
46.000 56.500
Building 4 5 0.062
45.750 56.750
45.750 57.000
46.000 57.000
46.000 56.750
Building 4 5 0.062
45.750 57.000
45.750 57.250
46.000 57.250
46.000 57.000
Building 4 5 0.062
46.000 57.500
46.000 57.250
45.750 57.250
45.750 57.500
Building 4 5 0.062
45.750 62.500
45.750 62.750
46.000 62.750
46.000 62.500
Building 4 5 0.062
45.750 62.750
45.750 63.000
46.000 63.000
46.000 62.750
Building 4 5 0.062
45.750 63.000
45.750 63.250
46.000 63.250
46.000 63.000
Building 4 5 0.062
45.750 63.250
45.750 63.500
46.000 63.500
46.000 63.250
Building 4 5 0.062
45.750 63.500
45.750 63.750
46.000 63.750
46.000 63.500
Building 4 5 0.062
45.750 63.750
45.750 64.000
46.000 64.000
46.000 63.750
Building 4 5 0.062
45.750 64.000
45.750 64.250
46.000 64.250
46.000 64.000
Building 4 5 0.062
46.000 64.500
46.000 64.250
45.750 64.250
45.750 64.500
Building 4 5 0.062
46.000 55.500
46.000 55.750
46.250 55.750
46.250 55.500
Building 4 5 0.062
46.000 55.750
46.000 56.000
46.250 56.000
46.250 55.750
Building 4 5 0.062
46.000 56.000
46.000 56.250
46.250 56.250
46.250 56.000
Building 4 5 0.062
46.000 56.250
46.000 56.500
46.250 56.500
46.250 56.250
Building 4 5 0.062
46.000 56.500
46.000 56.750
46.250 56.750
46.250 56.500
Building 4 5 0.062
46.000 56.750
46.000 57.000
46.250 57.000
46.250 56.750
Building 4 5 0.062
46.000 57.000
46.000 57.250
46.250 57.250
46.250 57.000
Building 4 5 0.062
46.250 57.500
46.250 57.250
46.000 57.250
46.000 57.500
Building 4 5 0.062
46.000 62.500
46.000 62.750
46.250 62.750
46.250 62.500
Building 4 5 0.062
46.000 62.750
46.000 63.000
46.250 63.000
46.250 62.750
Building 4 5 0.062
46.000 63.000
46.000 63.250
46.250 63.250
46.250 63.000
Building 4 5 0.062
46.000 63.250
46.000 63.500
46.250 63.500
46.250 63.250
Building 4 5 0.062
46.000 63.500
46.000 63.750
46.250 63.750
46.250 63.500
Building 4 5 0.062
46.000 63.750
46.000 64.000
46.250 64.000
46.250 63.750
Building 4 5 0.062
46.000 64.000
46.000 64.250
46.250 64.250
46.250 64.000
Building 4 5 0.062
46.250 64.500
46.250 64.250
46.000 64.250
46.000 64.500
Building 4 5 0.062
46.250 55.500
46.250 55.750
46.500 55.750
46.500 55.500
Building 4 5 0.062
46.250 55.750
46.250 56.000
46.500 56.000
46.500 55.750
Building 4 5 0.062
46.250 56.000
46.250 56.250
46.500 56.250
46.500 56.000
Building 4 5 0.062
46.250 56.250
46.250 56.500
46.500 56.500
46.500 56.250
Building 4 5 0.062
46.250 56.500
46.250 56.750
46.500 56.750
46.500 56.500
Building 4 5 0.062
46.250 56.750
46.250 57.000
46.500 57.000
46.500 56.750
Building 4 5 0.062
46.250 57.000
46.250 57.250
46.500 57.250
46.500 57.000
Building 4 5 0.062
46.500 57.500
46.500 57.250
46.250 57.250
46.250 57.500
Building 4 5 0.062
46.250 62.500
46.250 62.750
46.500 62.750
46.500 62.500
Building 4 5 0.062
46.250 62.750
46.250 63.000
46.500 63.000
46.500 62.750
Building 4 5 0.062
46.250 63.000
46.250 63.250
46.500 63.250
46.500 63.000
Building 4 5 0.062
46.250 63.250
46.250 63.500
46.500 63.500
46.500 63.250
Building 4 5 0.062
46.250 63.500
46.250 63.750
46.500 63.750
46.500 63.500
Building 4 5 0.062
46.250 63.750
46.250 64.000
46.500 64.000
46.500 63.750
Building 4 5 0.062
46.250 64.000
46.250 64.250
46.500 64.250
46.500 64.000
Building 4 5 0.062
46.500 64.500
46.500 64.250
46.250 64.250
46.250 64.500
Building 4 5 0.062
46.500 55.500
46.500 55.750
46.750 55.750
46.750 55.500
Building 4 5 0.062
46.500 55.750
46.500 56.000
46.750 56.000
46.750 55.750
Building 4 5 0.062
46.500 56.000
46.500 56.250
46.750 56.250
46.750 56.000
Building 4 5 0.062
46.500 56.250
46.500 56.500
46.750 56.500
46.750 56.250
Building 4 5 0.062
46.500 56.500
46.500 56.750
46.750 56.750
46.750 56.500
Building 4 5 0.062
46.500 56.750
46.500 57.000
46.750 57.000
46.750 56.750
Building 4 5 0.062
46.500 57.000
46.500 57.250
46.750 57.250
46.750 57.000
Building 4 5 0.062
46.750 57.500
46.750 57.250
46.500 57.250
46.500 57.500
Building 4 5 0.062
46.500 62.500
46.500 62.750
46.750 62.750
46.750 62.500
Building 4 5 0.062
46.500 62.750
46.500 63.000
46.750 63.000
46.750 62.750
Building 4 5 0.062
46.500 63.000
46.500 63.250
46.750 63.250
46.750 63.000
Building 4 5 0.062
46.500 63.250
46.500 63.500
46.750 63.500
46.750 63.250
Building 4 5 0.062
46.500 63.500
46.500 63.750
46.750 63.750
46.750 63.500
Building 4 5 0.062
46.500 63.750
46.500 64.000
46.750 64.000
46.750 63.750
Building 4 5 0.062
46.500 64.000
46.500 64.250
46.750 64.250
46.750 64.000
Building 4 5 0.062
46.750 64.500
46.750 64.250
46.500 64.250
46.500 64.500
Building 4 5 0.062
46.750 55.500
46.750 55.750
47.000 55.750
47.000 55.500
Building 4 5 0.062
46.750 55.750
46.750 56.000
47.000 56.000
47.000 55.750
Building 4 5 0.062
46.750 56.000
46.750 56.250
47.000 56.250
47.000 56.000
Building 4 5 0.062
46.750 56.250
46.750 56.500
47.000 56.500
47.000 56.250
Building 4 5 0.062
46.750 56.500
46.750 56.750
47.000 56.750
47.000 56.500
Building 4 5 0.062
46.750 56.750
46.750 57.000
47.000 57.000
47.000 56.750
Building 4 5 0.062
46.750 57.000
46.750 57.250
47.000 57.250
47.000 57.000
Building 4 5 0.062
47.000 57.500
47.000 57.250
46.750 57.250
46.750 57.500
Building 4 5 0.062
46.750 62.500
46.750 62.750
47.000 62.750
47.000 62.500
Building 4 5 0.062
46.750 62.750
46.750 63.000
47.000 63.000
47.000 62.750
Building 4 5 0.062
46.750 63.000
46.750 63.250
47.000 63.250
47.000 63.000
Building 4 5 0.062
46.750 63.250
46.750 63.500
47.000 63.500
47.000 63.250
Building 4 5 0.062
46.750 63.500
46.750 63.750
47.000 63.750
47.000 63.500
Building 4 5 0.062
46.750 63.750
46.750 64.000
47.000 64.000
47.000 63.750
Building 4 5 0.062
46.750 64.000
46.750 64.250
47.000 64.250
47.000 64.000
Building 4 5 0.062
47.000 64.500
47.000 64.250
46.750 64.250
46.750 64.500
Building 4 5 0.062
47.000 55.500
47.000 55.750
47.250 55.750
47.250 55.500
Building 4 5 0.062
47.000 55.750
47.000 56.000
47.250 56.000
47.250 55.750
Building 4 5 0.062
47.000 56.000
47.000 56.250
47.250 56.250
47.250 56.000
Building 4 5 0.062
47.000 56.250
47.000 56.500
47.250 56.500
47.250 56.250
Building 4 5 0.062
47.000 56.500
47.000 56.750
47.250 56.750
47.250 56.500
Building 4 5 0.062
47.000 56.750
47.000 57.000
47.250 57.000
47.250 56.750
Building 4 5 0.062
47.000 57.000
47.000 57.250
47.250 57.250
47.250 57.000
Building 4 5 0.062
47.250 57.500
47.250 57.250
47.000 57.250
47.000 57.500
Building 4 5 0.062
47.000 62.500
47.000 62.750
47.250 62.750
47.250 62.500
Building 4 5 0.062
47.000 62.750
47.000 63.000
47.250 63.000
47.250 62.750
Building 4 5 0.062
47.000 63.000
47.000 63.250
47.250 63.250
47.250 63.000
Building 4 5 0.062
47.000 63.250
47.000 63.500
47.250 63.500
47.250 63.250
Building 4 5 0.062
47.000 63.500
47.000 63.750
47.250 63.750
47.250 63.500
Building 4 5 0.062
47.000 63.750
47.000 64.000
47.250 64.000
47.250 63.750
Building 4 5 0.062
47.000 64.000
47.000 64.250
47.250 64.250
47.250 64.000
Building 4 5 0.062
47.250 64.500
47.250 64.250
47.000 64.250
47.000 64.500
Building 4 5 0.062
47.250 55.500
47.250 55.750
47.500 55.750
47.500 55.500
Building 4 5 0.062
47.250 55.750
47.250 56.000
47.500 56.000
47.500 55.750
Building 4 5 0.062
47.250 56.000
47.250 56.250
47.500 56.250
47.500 56.000
Building 4 5 0.062
47.250 56.250
47.250 56.500
47.500 56.500
47.500 56.250
Building 4 5 0.062
47.250 56.500
47.250 56.750
47.500 56.750
47.500 56.500
Building 4 5 0.062
47.250 56.750
47.250 57.000
47.500 57.000
47.500 56.750
Building 4 5 0.062
47.250 57.000
47.250 57.250
47.500 57.250
47.500 57.000
Building 4 5 0.062
47.500 57.500
47.500 57.250
47.250 57.250
47.250 57.500
Building 4 5 0.062
47.250 62.500
47.250 62.750
47.500 62.750
47.500 62.500
Building 4 5 0.062
47.250 62.750
47.250 63.000
47.500 63.000
47.500 62.750
Building 4 5 0.062
47.250 63.000
47.250 63.250
47.500 63.250
47.500 63.000
Building 4 5 0.062
47.250 63.250
47.250 63.500
47.500 63.500
47.500 63.250
Building 4 5 0.062
47.250 63.500
47.250 63.750
47.500 63.750
47.500 63.500
Building 4 5 0.062
47.250 63.750
47.250 64.000
47.500 64.000
47.500 63.750
Building 4 5 0.062
47.250 64.000
47.250 64.250
47.500 64.250
47.500 64.000
Building 4 5 0.062
47.500 64.500
47.500 64.250
47.250 64.250
47.250 64.500
Building 4 5 0.062
47.500 55.500
47.500 55.750
47.750 55.750
47.750 55.500
Building 4 5 0.062
47.500 55.750
47.500 56.000
47.750 56.000
47.750 55.750
Building 4 5 0.062
47.500 56.000
47.500 56.250
47.750 56.250
47.750 56.000
Building 4 5 0.062
47.500 56.250
47.500 56.500
47.750 56.500
47.750 56.250
Building 4 5 0.062
47.500 56.500
47.500 56.750
47.750 56.750
47.750 56.500
Building 4 5 0.062
47.500 56.750
47.500 57.000
47.750 57.000
47.750 56.750
Building 4 5 0.062
47.500 57.000
47.500 57.250
47.750 57.250
47.750 57.000
Building 4 5 0.062
47.750 57.500
47.750 57.250
47.500 57.250
47.500 57.500
Building 4 5 0.062
47.500 62.500
47.500 62.750
47.750 62.750
47.750 62.500
Building 4 5 0.062
47.500 62.750
47.500 63.000
47.750 63.000
47.750 62.750
Building 4 5 0.062
47.500 63.000
47.500 63.250
47.750 63.250
47.750 63.000
Building 4 5 0.062
47.500 63.250
47.500 63.500
47.750 63.500
47.750 63.250
Building 4 5 0.062
47.500 63.500
47.500 63.750
47.750 63.750
47.750 63.500
Building 4 5 0.062
47.500 63.750
47.500 64.000
47.750 64.000
47.750 63.750
Building 4 5 0.062
47.500 64.000
47.500 64.250
47.750 64.250
47.750 64.000
Building 4 5 0.062
47.750 64.500
47.750 64.250
47.500 64.250
47.500 64.500
Building 4 5 0.062
47.750 55.500
47.750 55.750
48.000 55.750
48.000 55.500
Building 4 5 0.062
47.750 55.750
47.750 56.000
48.000 56.000
48.000 55.750
Building 4 5 0.062
47.750 56.000
47.750 56.250
48.000 56.250
48.000 56.000
Building 4 5 0.062
47.750 56.250
47.750 56.500
48.000 56.500
48.000 56.250
Building 4 5 0.062
47.750 56.500
47.750 56.750
48.000 56.750
48.000 56.500
Building 4 5 0.062
47.750 56.750
47.750 57.000
48.000 57.000
48.000 56.750
Building 4 5 0.062
47.750 57.000
47.750 57.250
48.000 57.250
48.000 57.000
Building 4 5 0.062
48.000 57.500
48.000 57.250
47.750 57.250
47.750 57.500
Building 4 5 0.062
47.750 62.500
47.750 62.750
48.000 62.750
48.000 62.500
Building 4 5 0.062
47.750 62.750
47.750 63.000
48.000 63.000
48.000 62.750
Building 4 5 0.062
47.750 63.000
47.750 63.250
48.000 63.250
48.000 63.000
Building 4 5 0.062
47.750 63.250
47.750 63.500
48.000 63.500
48.000 63.250
Building 4 5 0.062
47.750 63.500
47.750 63.750
48.000 63.750
48.000 63.500
Building 4 5 0.062
47.750 63.750
47.750 64.000
48.000 64.000
48.000 63.750
Building 4 5 0.062
47.750 64.000
47.750 64.250
48.000 64.250
48.000 64.000
Building 4 5 0.062
48.000 64.500
48.000 64.250
47.750 64.250
47.750 64.500
Building 4 5 0.062
48.000 55.500
48.000 55.750
48.250 55.750
48.250 55.500
Building 4 5 0.062
48.000 55.750
48.000 56.000
48.250 56.000
48.250 55.750
Building 4 5 0.062
48.000 56.000
48.000 56.250
48.250 56.250
48.250 56.000
Building 4 5 0.062
48.000 56.250
48.000 56.500
48.250 56.500
48.250 56.250
Building 4 5 0.062
48.000 56.500
48.000 56.750
48.250 56.750
48.250 56.500
Building 4 5 0.062
48.000 56.750
48.000 57.000
48.250 57.000
48.250 56.750
Building 4 5 0.062
48.000 57.000
48.000 57.250
48.250 57.250
48.250 57.000
Building 4 5 0.062
48.250 57.500
48.250 57.250
48.000 57.250
48.000 57.500
Building 4 5 0.062
48.000 62.500
48.000 62.750
48.250 62.750
48.250 62.500
Building 4 5 0.062
48.000 62.750
48.000 63.000
48.250 63.000
48.250 62.750
Building 4 5 0.062
48.000 63.000
48.000 63.250
48.250 63.250
48.250 63.000
Building 4 5 0.062
48.000 63.250
48.000 63.500
48.250 63.500
48.250 63.250
Building 4 5 0.062
48.000 63.500
48.000 63.750
48.250 63.750
48.250 63.500
Building 4 5 0.062
48.000 63.750
48.000 64.000
48.250 64.000
48.250 63.750
Building 4 5 0.062
48.000 64.000
48.000 64.250
48.250 64.250
48.250 64.000
Building 4 5 0.062
48.250 64.500
48.250 64.250
48.000 64.250
48.000 64.500
Building 4 5 0.062
48.250 55.500
48.250 55.750
48.500 55.750
48.500 55.500
Building 4 5 0.062
48.250 55.750
48.250 56.000
48.500 56.000
48.500 55.750
Building 4 5 0.062
48.250 56.000
48.250 56.250
48.500 56.250
48.500 56.000
Building 4 5 0.062
48.250 56.250
48.250 56.500
48.500 56.500
48.500 56.250
Building 4 5 0.062
48.250 56.500
48.250 56.750
48.500 56.750
48.500 56.500
Building 4 5 0.062
48.250 56.750
48.250 57.000
48.500 57.000
48.500 56.750
Building 4 5 0.062
48.250 57.000
48.250 57.250
48.500 57.250
48.500 57.000
Building 4 5 0.062
48.500 57.500
48.500 57.250
48.250 57.250
48.250 57.500
Building 4 5 0.062
48.250 62.500
48.250 62.750
48.500 62.750
48.500 62.500
Building 4 5 0.062
48.250 62.750
48.250 63.000
48.500 63.000
48.500 62.750
Building 4 5 0.062
48.250 63.000
48.250 63.250
48.500 63.250
48.500 63.000
Building 4 5 0.062
48.250 63.250
48.250 63.500
48.500 63.500
48.500 63.250
Building 4 5 0.062
48.250 63.500
48.250 63.750
48.500 63.750
48.500 63.500
Building 4 5 0.062
48.250 63.750
48.250 64.000
48.500 64.000
48.500 63.750
Building 4 5 0.062
48.250 64.000
48.250 64.250
48.500 64.250
48.500 64.000
Building 4 5 0.062
48.500 64.500
48.500 64.250
48.250 64.250
48.250 64.500
Building 4 5 0.062
48.500 55.500
48.500 55.750
48.750 55.750
48.750 55.500
Building 4 5 0.062
48.500 55.750
48.500 56.000
48.750 56.000
48.750 55.750
Building 4 5 0.062
48.500 56.000
48.500 56.250
48.750 56.250
48.750 56.000
Building 4 5 0.062
48.500 56.250
48.500 56.500
48.750 56.500
48.750 56.250
Building 4 5 0.062
48.500 56.500
48.500 56.750
48.750 56.750
48.750 56.500
Building 4 5 0.062
48.500 56.750
48.500 57.000
48.750 57.000
48.750 56.750
Building 4 5 0.062
48.500 57.000
48.500 57.250
48.750 57.250
48.750 57.000
Building 4 5 0.062
48.750 57.500
48.750 57.250
48.500 57.250
48.500 57.500
Building 4 5 0.062
48.500 62.500
48.500 62.750
48.750 62.750
48.750 62.500
Building 4 5 0.062
48.500 62.750
48.500 63.000
48.750 63.000
48.750 62.750
Building 4 5 0.062
48.500 63.000
48.500 63.250
48.750 63.250
48.750 63.000
Building 4 5 0.062
48.500 63.250
48.500 63.500
48.750 63.500
48.750 63.250
Building 4 5 0.062
48.500 63.500
48.500 63.750
48.750 63.750
48.750 63.500
Building 4 5 0.062
48.500 63.750
48.500 64.000
48.750 64.000
48.750 63.750
Building 4 5 0.062
48.500 64.000
48.500 64.250
48.750 64.250
48.750 64.000
Building 4 5 0.062
48.750 64.500
48.750 64.250
48.500 64.250
48.500 64.500
Building 4 5 0.062
48.750 55.500
48.750 55.750
49.000 55.750
49.000 55.500
Building 4 5 0.062
48.750 55.750
48.750 56.000
49.000 56.000
49.000 55.750
Building 4 5 0.062
48.750 56.000
48.750 56.250
49.000 56.250
49.000 56.000
Building 4 5 0.062
48.750 56.250
48.750 56.500
49.000 56.500
49.000 56.250
Building 4 5 0.062
48.750 56.500
48.750 56.750
49.000 56.750
49.000 56.500
Building 4 5 0.062
48.750 56.750
48.750 57.000
49.000 57.000
49.000 56.750
Building 4 5 0.062
48.750 57.000
48.750 57.250
49.000 57.250
49.000 57.000
Building 4 5 0.062
49.000 57.500
49.000 57.250
48.750 57.250
48.750 57.500
Building 4 5 0.062
48.750 62.500
48.750 62.750
49.000 62.750
49.000 62.500
Building 4 5 0.062
48.750 62.750
48.750 63.000
49.000 63.000
49.000 62.750
Building 4 5 0.062
48.750 63.000
48.750 63.250
49.000 63.250
49.000 63.000
Building 4 5 0.062
48.750 63.250
48.750 63.500
49.000 63.500
49.000 63.250
Building 4 5 0.062
48.750 63.500
48.750 63.750
49.000 63.750
49.000 63.500
Building 4 5 0.062
48.750 63.750
48.750 64.000
49.000 64.000
49.000 63.750
Building 4 5 0.062
48.750 64.000
48.750 64.250
49.000 64.250
49.000 64.000
Building 4 5 0.062
49.000 64.500
49.000 64.250
48.750 64.250
48.750 64.500
Building 4 5 0.062
49.000 55.500
49.000 55.750
49.250 55.750
49.250 55.500
Building 4 5 0.062
49.000 55.750
49.000 56.000
49.250 56.000
49.250 55.750
Building 4 5 0.062
49.000 56.000
49.000 56.250
49.250 56.250
49.250 56.000
Building 4 5 0.062
49.000 56.250
49.000 56.500
49.250 56.500
49.250 56.250
Building 4 5 0.062
49.000 56.500
49.000 56.750
49.250 56.750
49.250 56.500
Building 4 5 0.062
49.000 56.750
49.000 57.000
49.250 57.000
49.250 56.750
Building 4 5 0.062
49.000 57.000
49.000 57.250
49.250 57.250
49.250 57.000
Building 4 5 0.062
49.250 57.500
49.250 57.250
49.000 57.250
49.000 57.500
Building 4 5 0.062
49.000 62.500
49.000 62.750
49.250 62.750
49.250 62.500
Building 4 5 0.062
49.000 62.750
49.000 63.000
49.250 63.000
49.250 62.750
Building 4 5 0.062
49.000 63.000
49.000 63.250
49.250 63.250
49.250 63.000
Building 4 5 0.062
49.000 63.250
49.000 63.500
49.250 63.500
49.250 63.250
Building 4 5 0.062
49.000 63.500
49.000 63.750
49.250 63.750
49.250 63.500
Building 4 5 0.062
49.000 63.750
49.000 64.000
49.250 64.000
49.250 63.750
Building 4 5 0.062
49.000 64.000
49.000 64.250
49.250 64.250
49.250 64.000
Building 4 5 0.062
49.250 64.500
49.250 64.250
49.000 64.250
49.000 64.500
Building 4 5 0.062
49.250 55.500
49.250 55.750
49.500 55.750
49.500 55.500
Building 4 5 0.062
49.250 55.750
49.250 56.000
49.500 56.000
49.500 55.750
Building 4 5 0.062
49.250 56.000
49.250 56.250
49.500 56.250
49.500 56.000
Building 4 5 0.062
49.250 56.250
49.250 56.500
49.500 56.500
49.500 56.250
Building 4 5 0.062
49.250 56.500
49.250 56.750
49.500 56.750
49.500 56.500
Building 4 5 0.062
49.250 56.750
49.250 57.000
49.500 57.000
49.500 56.750
Building 4 5 0.062
49.250 57.000
49.250 57.250
49.500 57.250
49.500 57.000
Building 4 5 0.062
49.500 57.500
49.500 57.250
49.250 57.250
49.250 57.500
Building 4 5 0.062
49.250 62.500
49.250 62.750
49.500 62.750
49.500 62.500
Building 4 5 0.062
49.250 62.750
49.250 63.000
49.500 63.000
49.500 62.750
Building 4 5 0.062
49.250 63.000
49.250 63.250
49.500 63.250
49.500 63.000
Building 4 5 0.062
49.250 63.250
49.250 63.500
49.500 63.500
49.500 63.250
Building 4 5 0.062
49.250 63.500
49.250 63.750
49.500 63.750
49.500 63.500
Building 4 5 0.062
49.250 63.750
49.250 64.000
49.500 64.000
49.500 63.750
Building 4 5 0.062
49.250 64.000
49.250 64.250
49.500 64.250
49.500 64.000
Building 4 5 0.062
49.500 64.500
49.500 64.250
49.250 64.250
49.250 64.500
Building 4 5 0.062
49.500 55.500
49.500 55.750
49.750 55.750
49.750 55.500
Building 4 5 0.062
49.500 55.750
49.500 56.000
49.750 56.000
49.750 55.750
Building 4 5 0.062
49.500 56.000
49.500 56.250
49.750 56.250
49.750 56.000
Building 4 5 0.062
49.500 56.250
49.500 56.500
49.750 56.500
49.750 56.250
Building 4 5 0.062
49.500 56.500
49.500 56.750
49.750 56.750
49.750 56.500
Building 4 5 0.062
49.500 56.750
49.500 57.000
49.750 57.000
49.750 56.750
Building 4 5 0.062
49.500 57.000
49.500 57.250
49.750 57.250
49.750 57.000
Building 4 5 0.062
49.750 57.500
49.750 57.250
49.500 57.250
49.500 57.500
Building 4 5 0.062
49.500 62.500
49.500 62.750
49.750 62.750
49.750 62.500
Building 4 5 0.062
49.500 62.750
49.500 63.000
49.750 63.000
49.750 62.750
Building 4 5 0.062
49.500 63.000
49.500 63.250
49.750 63.250
49.750 63.000
Building 4 5 0.062
49.500 63.250
49.500 63.500
49.750 63.500
49.750 63.250
Building 4 5 0.062
49.500 63.500
49.500 63.750
49.750 63.750
49.750 63.500
Building 4 5 0.062
49.500 63.750
49.500 64.000
49.750 64.000
49.750 63.750
Building 4 5 0.062
49.500 64.000
49.500 64.250
49.750 64.250
49.750 64.000
Building 4 5 0.062
49.750 64.500
49.750 64.250
49.500 64.250
49.500 64.500
Building 4 5 0.062
49.750 55.500
49.750 55.750
50.000 55.750
50.000 55.500
Building 4 5 0.062
49.750 55.750
49.750 56.000
50.000 56.000
50.000 55.750
Building 4 5 0.062
49.750 56.000
49.750 56.250
50.000 56.250
50.000 56.000
Building 4 5 0.062
49.750 56.250
49.750 56.500
50.000 56.500
50.000 56.250
Building 4 5 0.062
49.750 56.500
49.750 56.750
50.000 56.750
50.000 56.500
Building 4 5 0.062
49.750 56.750
49.750 57.000
50.000 57.000
50.000 56.750
Building 4 5 0.062
49.750 57.000
49.750 57.250
50.000 57.250
50.000 57.000
Building 4 5 0.062
50.000 57.500
50.000 57.250
49.750 57.250
49.750 57.500
Building 4 5 0.062
49.750 62.500
49.750 62.750
50.000 62.750
50.000 62.500
Building 4 5 0.062
49.750 62.750
49.750 63.000
50.000 63.000
50.000 62.750
Building 4 5 0.062
49.750 63.000
49.750 63.250
50.000 63.250
50.000 63.000
Building 4 5 0.062
49.750 63.250
49.750 63.500
50.000 63.500
50.000 63.250
Building 4 5 0.062
49.750 63.500
49.750 63.750
50.000 63.750
50.000 63.500
Building 4 5 0.062
49.750 63.750
49.750 64.000
50.000 64.000
50.000 63.750
Building 4 5 0.062
49.750 64.000
49.750 64.250
50.000 64.250
50.000 64.000
Building 4 5 0.062
50.000 64.500
50.000 64.250
49.750 64.250
49.750 64.500
Building 4 5 0.062
50.000 55.500
50.000 55.750
50.250 55.750
50.250 55.500
Building 4 5 0.062
50.000 55.750
50.000 56.000
50.250 56.000
50.250 55.750
Building 4 5 0.062
50.000 56.000
50.000 56.250
50.250 56.250
50.250 56.000
Building 4 5 0.062
50.000 56.250
50.000 56.500
50.250 56.500
50.250 56.250
Building 4 5 0.062
50.000 56.500
50.000 56.750
50.250 56.750
50.250 56.500
Building 4 5 0.062
50.000 56.750
50.000 57.000
50.250 57.000
50.250 56.750
Building 4 5 0.062
50.000 57.000
50.000 57.250
50.250 57.250
50.250 57.000
Building 4 5 0.062
50.250 57.500
50.250 57.250
50.000 57.250
50.000 57.500
Building 4 5 0.062
50.000 62.500
50.000 62.750
50.250 62.750
50.250 62.500
Building 4 5 0.062
50.000 62.750
50.000 63.000
50.250 63.000
50.250 62.750
Building 4 5 0.062
50.000 63.000
50.000 63.250
50.250 63.250
50.250 63.000
Building 4 5 0.062
50.000 63.250
50.000 63.500
50.250 63.500
50.250 63.250
Building 4 5 0.062
50.000 63.500
50.000 63.750
50.250 63.750
50.250 63.500
Building 4 5 0.062
50.000 63.750
50.000 64.000
50.250 64.000
50.250 63.750
Building 4 5 0.062
50.000 64.000
50.000 64.250
50.250 64.250
50.250 64.000
Building 4 5 0.062
50.250 64.500
50.250 64.250
50.000 64.250
50.000 64.500
Building 4 5 0.062
50.250 55.500
50.250 55.750
50.500 55.750
50.500 55.500
Building 4 5 0.062
50.250 55.750
50.250 56.000
50.500 56.000
50.500 55.750
Building 4 5 0.062
50.250 56.000
50.250 56.250
50.500 56.250
50.500 56.000
Building 4 5 0.062
50.250 56.250
50.250 56.500
50.500 56.500
50.500 56.250
Building 4 5 0.062
50.250 56.500
50.250 56.750
50.500 56.750
50.500 56.500
Building 4 5 0.062
50.250 56.750
50.250 57.000
50.500 57.000
50.500 56.750
Building 4 5 0.062
50.250 57.000
50.250 57.250
50.500 57.250
50.500 57.000
Building 4 5 0.062
50.500 57.500
50.500 57.250
50.250 57.250
50.250 57.500
Building 4 5 0.062
50.250 62.500
50.250 62.750
50.500 62.750
50.500 62.500
Building 4 5 0.062
50.250 62.750
50.250 63.000
50.500 63.000
50.500 62.750
Building 4 5 0.062
50.250 63.000
50.250 63.250
50.500 63.250
50.500 63.000
Building 4 5 0.062
50.250 63.250
50.250 63.500
50.500 63.500
50.500 63.250
Building 4 5 0.062
50.250 63.500
50.250 63.750
50.500 63.750
50.500 63.500
Building 4 5 0.062
50.250 63.750
50.250 64.000
50.500 64.000
50.500 63.750
Building 4 5 0.062
50.250 64.000
50.250 64.250
50.500 64.250
50.500 64.000
Building 4 5 0.062
50.500 64.500
50.500 64.250
50.250 64.250
50.250 64.500
Building 4 5 0.062
50.500 55.500
50.500 55.750
50.750 55.750
50.750 55.500
Building 4 5 0.062
50.500 55.750
50.500 56.000
50.750 56.000
50.750 55.750
Building 4 5 0.062
50.500 56.000
50.500 56.250
50.750 56.250
50.750 56.000
Building 4 5 0.062
50.500 56.250
50.500 56.500
50.750 56.500
50.750 56.250
Building 4 5 0.062
50.500 56.500
50.500 56.750
50.750 56.750
50.750 56.500
Building 4 5 0.062
50.500 56.750
50.500 57.000
50.750 57.000
50.750 56.750
Building 4 5 0.062
50.500 57.000
50.500 57.250
50.750 57.250
50.750 57.000
Building 4 5 0.062
50.750 57.500
50.750 57.250
50.500 57.250
50.500 57.500
Building 4 5 0.062
50.500 62.500
50.500 62.750
50.750 62.750
50.750 62.500
Building 4 5 0.062
50.500 62.750
50.500 63.000
50.750 63.000
50.750 62.750
Building 4 5 0.062
50.500 63.000
50.500 63.250
50.750 63.250
50.750 63.000
Building 4 5 0.062
50.500 63.250
50.500 63.500
50.750 63.500
50.750 63.250
Building 4 5 0.062
50.500 63.500
50.500 63.750
50.750 63.750
50.750 63.500
Building 4 5 0.062
50.500 63.750
50.500 64.000
50.750 64.000
50.750 63.750
Building 4 5 0.062
50.500 64.000
50.500 64.250
50.750 64.250
50.750 64.000
Building 4 5 0.062
50.750 64.500
50.750 64.250
50.500 64.250
50.500 64.500
Building 4 5 0.062
50.750 55.500
50.750 55.750
51.000 55.750
51.000 55.500
Building 4 5 0.062
50.750 55.750
50.750 56.000
51.000 56.000
51.000 55.750
Building 4 5 0.062
50.750 56.000
50.750 56.250
51.000 56.250
51.000 56.000
Building 4 5 0.062
50.750 56.250
50.750 56.500
51.000 56.500
51.000 56.250
Building 4 5 0.062
50.750 56.500
50.750 56.750
51.000 56.750
51.000 56.500
Building 4 5 0.062
50.750 56.750
50.750 57.000
51.000 57.000
51.000 56.750
Building 4 5 0.062
50.750 57.000
50.750 57.250
51.000 57.250
51.000 57.000
Building 4 5 0.062
51.000 57.500
51.000 57.250
50.750 57.250
50.750 57.500
Building 4 5 0.062
50.750 62.500
50.750 62.750
51.000 62.750
51.000 62.500
Building 4 5 0.062
50.750 62.750
50.750 63.000
51.000 63.000
51.000 62.750
Building 4 5 0.062
50.750 63.000
50.750 63.250
51.000 63.250
51.000 63.000
Building 4 5 0.062
50.750 63.250
50.750 63.500
51.000 63.500
51.000 63.250
Building 4 5 0.062
50.750 63.500
50.750 63.750
51.000 63.750
51.000 63.500
Building 4 5 0.062
50.750 63.750
50.750 64.000
51.000 64.000
51.000 63.750
Building 4 5 0.062
50.750 64.000
50.750 64.250
51.000 64.250
51.000 64.000
Building 4 5 0.062
51.000 64.500
51.000 64.250
50.750 64.250
50.750 64.500
Building 4 5 0.062
51.000 55.500
51.000 55.750
51.250 55.750
51.250 55.500
Building 4 5 0.062
51.000 55.750
51.000 56.000
51.250 56.000
51.250 55.750
Building 4 5 0.062
51.000 56.000
51.000 56.250
51.250 56.250
51.250 56.000
Building 4 5 0.062
51.000 56.250
51.000 56.500
51.250 56.500
51.250 56.250
Building 4 5 0.062
51.000 56.500
51.000 56.750
51.250 56.750
51.250 56.500
Building 4 5 0.062
51.000 56.750
51.000 57.000
51.250 57.000
51.250 56.750
Building 4 5 0.062
51.000 57.000
51.000 57.250
51.250 57.250
51.250 57.000
Building 4 5 0.062
51.250 57.500
51.250 57.250
51.000 57.250
51.000 57.500
Building 4 5 0.062
51.000 62.500
51.000 62.750
51.250 62.750
51.250 62.500
Building 4 5 0.062
51.000 62.750
51.000 63.000
51.250 63.000
51.250 62.750
Building 4 5 0.062
51.000 63.000
51.000 63.250
51.250 63.250
51.250 63.000
Building 4 5 0.062
51.000 63.250
51.000 63.500
51.250 63.500
51.250 63.250
Building 4 5 0.062
51.000 63.500
51.000 63.750
51.250 63.750
51.250 63.500
Building 4 5 0.062
51.000 63.750
51.000 64.000
51.250 64.000
51.250 63.750
Building 4 5 0.062
51.000 64.000
51.000 64.250
51.250 64.250
51.250 64.000
Building 4 5 0.062
51.250 64.500
51.250 64.250
51.000 64.250
51.000 64.500
Building 4 5 0.062
51.250 55.500
51.250 55.750
51.500 55.750
51.500 55.500
Building 4 5 0.062
51.250 55.750
51.250 56.000
51.500 56.000
51.500 55.750
Building 4 5 0.062
51.250 56.000
51.250 56.250
51.500 56.250
51.500 56.000
Building 4 5 0.062
51.250 56.250
51.250 56.500
51.500 56.500
51.500 56.250
Building 4 5 0.062
51.250 56.500
51.250 56.750
51.500 56.750
51.500 56.500
Building 4 5 0.062
51.250 56.750
51.250 57.000
51.500 57.000
51.500 56.750
Building 4 5 0.062
51.250 57.000
51.250 57.250
51.500 57.250
51.500 57.000
Building 4 5 0.062
51.500 57.500
51.500 57.250
51.250 57.250
51.250 57.500
Building 4 5 0.062
51.250 62.500
51.250 62.750
51.500 62.750
51.500 62.500
Building 4 5 0.062
51.250 62.750
51.250 63.000
51.500 63.000
51.500 62.750
Building 4 5 0.062
51.250 63.000
51.250 63.250
51.500 63.250
51.500 63.000
Building 4 5 0.062
51.250 63.250
51.250 63.500
51.500 63.500
51.500 63.250
Building 4 5 0.062
51.250 63.500
51.250 63.750
51.500 63.750
51.500 63.500
Building 4 5 0.062
51.250 63.750
51.250 64.000
51.500 64.000
51.500 63.750
Building 4 5 0.062
51.250 64.000
51.250 64.250
51.500 64.250
51.500 64.000
Building 4 5 0.062
51.500 64.500
51.500 64.250
51.250 64.250
51.250 64.500
Building 4 5 0.062
51.500 55.500
51.500 55.750
51.750 55.750
51.750 55.500
Building 4 5 0.062
51.500 55.750
51.500 56.000
51.750 56.000
51.750 55.750
Building 4 5 0.062
51.500 56.000
51.500 56.250
51.750 56.250
51.750 56.000
Building 4 5 0.062
51.500 56.250
51.500 56.500
51.750 56.500
51.750 56.250
Building 4 5 0.062
51.500 56.500
51.500 56.750
51.750 56.750
51.750 56.500
Building 4 5 0.062
51.500 56.750
51.500 57.000
51.750 57.000
51.750 56.750
Building 4 5 0.062
51.500 57.000
51.500 57.250
51.750 57.250
51.750 57.000
Building 4 5 0.062
51.750 57.500
51.750 57.250
51.500 57.250
51.500 57.500
Building 4 5 0.062
51.500 62.500
51.500 62.750
51.750 62.750
51.750 62.500
Building 4 5 0.062
51.500 62.750
51.500 63.000
51.750 63.000
51.750 62.750
Building 4 5 0.062
51.500 63.000
51.500 63.250
51.750 63.250
51.750 63.000
Building 4 5 0.062
51.500 63.250
51.500 63.500
51.750 63.500
51.750 63.250
Building 4 5 0.062
51.500 63.500
51.500 63.750
51.750 63.750
51.750 63.500
Building 4 5 0.062
51.500 63.750
51.500 64.000
51.750 64.000
51.750 63.750
Building 4 5 0.062
51.500 64.000
51.500 64.250
51.750 64.250
51.750 64.000
Building 4 5 0.062
51.750 64.500
51.750 64.250
51.500 64.250
51.500 64.500
Building 4 5 0.062
51.750 55.500
51.750 55.750
52.000 55.750
52.000 55.500
Building 4 5 0.062
51.750 55.750
51.750 56.000
52.000 56.000
52.000 55.750
Building 4 5 0.062
51.750 56.000
51.750 56.250
52.000 56.250
52.000 56.000
Building 4 5 0.062
51.750 56.250
51.750 56.500
52.000 56.500
52.000 56.250
Building 4 5 0.062
51.750 56.500
51.750 56.750
52.000 56.750
52.000 56.500
Building 4 5 0.062
51.750 56.750
51.750 57.000
52.000 57.000
52.000 56.750
Building 4 5 0.062
51.750 57.000
51.750 57.250
52.000 57.250
52.000 57.000
Building 4 5 0.062
52.000 57.500
52.000 57.250
51.750 57.250
51.750 57.500
Building 4 5 0.062
51.750 62.500
51.750 62.750
52.000 62.750
52.000 62.500
Building 4 5 0.062
51.750 62.750
51.750 63.000
52.000 63.000
52.000 62.750
Building 4 5 0.062
51.750 63.000
51.750 63.250
52.000 63.250
52.000 63.000
Building 4 5 0.062
51.750 63.250
51.750 63.500
52.000 63.500
52.000 63.250
Building 4 5 0.062
51.750 63.500
51.750 63.750
52.000 63.750
52.000 63.500
Building 4 5 0.062
51.750 63.750
51.750 64.000
52.000 64.000
52.000 63.750
Building 4 5 0.062
51.750 64.000
51.750 64.250
52.000 64.250
52.000 64.000
Building 4 5 0.062
52.000 64.500
52.000 64.250
51.750 64.250
51.750 64.500
Building 4 5 0.062
52.000 55.500
52.000 55.750
52.250 55.750
52.250 55.500
Building 4 5 0.062
52.000 55.750
52.000 56.000
52.250 56.000
52.250 55.750
Building 4 5 0.062
52.000 56.000
52.000 56.250
52.250 56.250
52.250 56.000
Building 4 5 0.062
52.000 56.250
52.000 56.500
52.250 56.500
52.250 56.250
Building 4 5 0.062
52.000 56.500
52.000 56.750
52.250 56.750
52.250 56.500
Building 4 5 0.062
52.000 56.750
52.000 57.000
52.250 57.000
52.250 56.750
Building 4 5 0.062
52.000 57.000
52.000 57.250
52.250 57.250
52.250 57.000
Building 4 5 0.062
52.250 57.500
52.250 57.250
52.000 57.250
52.000 57.500
Building 4 5 0.062
52.000 62.500
52.000 62.750
52.250 62.750
52.250 62.500
Building 4 5 0.062
52.000 62.750
52.000 63.000
52.250 63.000
52.250 62.750
Building 4 5 0.062
52.000 63.000
52.000 63.250
52.250 63.250
52.250 63.000
Building 4 5 0.062
52.000 63.250
52.000 63.500
52.250 63.500
52.250 63.250
Building 4 5 0.062
52.000 63.500
52.000 63.750
52.250 63.750
52.250 63.500
Building 4 5 0.062
52.000 63.750
52.000 64.000
52.250 64.000
52.250 63.750
Building 4 5 0.062
52.000 64.000
52.000 64.250
52.250 64.250
52.250 64.000
Building 4 5 0.062
52.250 64.500
52.250 64.250
52.000 64.250
52.000 64.500
Building 4 5 0.062
52.250 55.500
52.250 55.750
52.500 55.750
52.500 55.500
Building 4 5 0.062
52.250 55.750
52.250 56.000
52.500 56.000
52.500 55.750
Building 4 5 0.062
52.250 56.000
52.250 56.250
52.500 56.250
52.500 56.000
Building 4 5 0.062
52.250 56.250
52.250 56.500
52.500 56.500
52.500 56.250
Building 4 5 0.062
52.250 56.500
52.250 56.750
52.500 56.750
52.500 56.500
Building 4 5 0.062
52.250 56.750
52.250 57.000
52.500 57.000
52.500 56.750
Building 4 5 0.062
52.250 57.000
52.250 57.250
52.500 57.250
52.500 57.000
Building 4 5 0.062
52.500 57.500
52.500 57.250
52.250 57.250
52.250 57.500
Building 4 5 0.062
52.250 62.500
52.250 62.750
52.500 62.750
52.500 62.500
Building 4 5 0.062
52.250 62.750
52.250 63.000
52.500 63.000
52.500 62.750
Building 4 5 0.062
52.250 63.000
52.250 63.250
52.500 63.250
52.500 63.000
Building 4 5 0.062
52.250 63.250
52.250 63.500
52.500 63.500
52.500 63.250
Building 4 5 0.062
52.250 63.500
52.250 63.750
52.500 63.750
52.500 63.500
Building 4 5 0.062
52.250 63.750
52.250 64.000
52.500 64.000
52.500 63.750
Building 4 5 0.062
52.250 64.000
52.250 64.250
52.500 64.250
52.500 64.000
Building 4 5 0.062
52.500 64.500
52.500 64.250
52.250 64.250
52.250 64.500
Building 4 5 0.062
52.500 55.500
52.500 55.750
52.750 55.750
52.750 55.500
Building 4 5 0.062
52.500 55.750
52.500 56.000
52.750 56.000
52.750 55.750
Building 4 5 0.062
52.500 56.000
52.500 56.250
52.750 56.250
52.750 56.000
Building 4 5 0.062
52.500 56.250
52.500 56.500
52.750 56.500
52.750 56.250
Building 4 5 0.062
52.500 56.500
52.500 56.750
52.750 56.750
52.750 56.500
Building 4 5 0.062
52.500 56.750
52.500 57.000
52.750 57.000
52.750 56.750
Building 4 5 0.062
52.500 57.000
52.500 57.250
52.750 57.250
52.750 57.000
Building 4 5 0.062
52.750 57.500
52.750 57.250
52.500 57.250
52.500 57.500
Building 4 5 0.062
52.500 62.500
52.500 62.750
52.750 62.750
52.750 62.500
Building 4 5 0.062
52.500 62.750
52.500 63.000
52.750 63.000
52.750 62.750
Building 4 5 0.062
52.500 63.000
52.500 63.250
52.750 63.250
52.750 63.000
Building 4 5 0.062
52.500 63.250
52.500 63.500
52.750 63.500
52.750 63.250
Building 4 5 0.062
52.500 63.500
52.500 63.750
52.750 63.750
52.750 63.500
Building 4 5 0.062
52.500 63.750
52.500 64.000
52.750 64.000
52.750 63.750
Building 4 5 0.062
52.500 64.000
52.500 64.250
52.750 64.250
52.750 64.000
Building 4 5 0.062
52.750 64.500
52.750 64.250
52.500 64.250
52.500 64.500
Building 4 5 0.062
52.750 55.500
52.750 55.750
53.000 55.750
53.000 55.500
Building 4 5 0.062
52.750 55.750
52.750 56.000
53.000 56.000
53.000 55.750
Building 4 5 0.062
52.750 56.000
52.750 56.250
53.000 56.250
53.000 56.000
Building 4 5 0.062
52.750 56.250
52.750 56.500
53.000 56.500
53.000 56.250
Building 4 5 0.062
52.750 56.500
52.750 56.750
53.000 56.750
53.000 56.500
Building 4 5 0.062
52.750 56.750
52.750 57.000
53.000 57.000
53.000 56.750
Building 4 5 0.062
52.750 57.000
52.750 57.250
53.000 57.250
53.000 57.000
Building 4 5 0.062
53.000 57.500
53.000 57.250
52.750 57.250
52.750 57.500
Building 4 5 0.062
52.750 62.500
52.750 62.750
53.000 62.750
53.000 62.500
Building 4 5 0.062
52.750 62.750
52.750 63.000
53.000 63.000
53.000 62.750
Building 4 5 0.062
52.750 63.000
52.750 63.250
53.000 63.250
53.000 63.000
Building 4 5 0.062
52.750 63.250
52.750 63.500
53.000 63.500
53.000 63.250
Building 4 5 0.062
52.750 63.500
52.750 63.750
53.000 63.750
53.000 63.500
Building 4 5 0.062
52.750 63.750
52.750 64.000
53.000 64.000
53.000 63.750
Building 4 5 0.062
52.750 64.000
52.750 64.250
53.000 64.250
53.000 64.000
Building 4 5 0.062
53.000 64.500
53.000 64.250
52.750 64.250
52.750 64.500
Building 4 5 0.062
53.000 55.500
53.000 55.750
53.250 55.750
53.250 55.500
Building 4 5 0.062
53.000 55.750
53.000 56.000
53.250 56.000
53.250 55.750
Building 4 5 0.062
53.000 56.000
53.000 56.250
53.250 56.250
53.250 56.000
Building 4 5 0.062
53.000 56.250
53.000 56.500
53.250 56.500
53.250 56.250
Building 4 5 0.062
53.000 56.500
53.000 56.750
53.250 56.750
53.250 56.500
Building 4 5 0.062
53.000 56.750
53.000 57.000
53.250 57.000
53.250 56.750
Building 4 5 0.062
53.000 57.000
53.000 57.250
53.250 57.250
53.250 57.000
Building 4 5 0.062
53.250 57.500
53.250 57.250
53.000 57.250
53.000 57.500
Building 4 5 0.062
53.000 62.500
53.000 62.750
53.250 62.750
53.250 62.500
Building 4 5 0.062
53.000 62.750
53.000 63.000
53.250 63.000
53.250 62.750
Building 4 5 0.062
53.000 63.000
53.000 63.250
53.250 63.250
53.250 63.000
Building 4 5 0.062
53.000 63.250
53.000 63.500
53.250 63.500
53.250 63.250
Building 4 5 0.062
53.000 63.500
53.000 63.750
53.250 63.750
53.250 63.500
Building 4 5 0.062
53.000 63.750
53.000 64.000
53.250 64.000
53.250 63.750
Building 4 5 0.062
53.000 64.000
53.000 64.250
53.250 64.250
53.250 64.000
Building 4 5 0.062
53.250 64.500
53.250 64.250
53.000 64.250
53.000 64.500
Building 4 5 0.062
53.250 55.500
53.250 55.750
53.500 55.750
53.500 55.500
Building 4 5 0.062
53.250 55.750
53.250 56.000
53.500 56.000
53.500 55.750
Building 4 5 0.062
53.250 56.000
53.250 56.250
53.500 56.250
53.500 56.000
Building 4 5 0.062
53.250 56.250
53.250 56.500
53.500 56.500
53.500 56.250
Building 4 5 0.062
53.250 56.500
53.250 56.750
53.500 56.750
53.500 56.500
Building 4 5 0.062
53.250 56.750
53.250 57.000
53.500 57.000
53.500 56.750
Building 4 5 0.062
53.250 57.000
53.250 57.250
53.500 57.250
53.500 57.000
Building 4 5 0.062
53.500 57.500
53.500 57.250
53.250 57.250
53.250 57.500
Building 4 5 0.062
53.250 62.500
53.250 62.750
53.500 62.750
53.500 62.500
Building 4 5 0.062
53.250 62.750
53.250 63.000
53.500 63.000
53.500 62.750
Building 4 5 0.062
53.250 63.000
53.250 63.250
53.500 63.250
53.500 63.000
Building 4 5 0.062
53.250 63.250
53.250 63.500
53.500 63.500
53.500 63.250
Building 4 5 0.062
53.250 63.500
53.250 63.750
53.500 63.750
53.500 63.500
Building 4 5 0.062
53.250 63.750
53.250 64.000
53.500 64.000
53.500 63.750
Building 4 5 0.062
53.250 64.000
53.250 64.250
53.500 64.250
53.500 64.000
Building 4 5 0.062
53.500 64.500
53.500 64.250
53.250 64.250
53.250 64.500
Building 4 5 0.062
53.500 55.500
53.500 55.750
53.750 55.750
53.750 55.500
Building 4 5 0.062
53.500 55.750
53.500 56.000
53.750 56.000
53.750 55.750
Building 4 5 0.062
53.500 56.000
53.500 56.250
53.750 56.250
53.750 56.000
Building 4 5 0.062
53.500 56.250
53.500 56.500
53.750 56.500
53.750 56.250
Building 4 5 0.062
53.500 56.500
53.500 56.750
53.750 56.750
53.750 56.500
Building 4 5 0.062
53.500 56.750
53.500 57.000
53.750 57.000
53.750 56.750
Building 4 5 0.062
53.500 57.000
53.500 57.250
53.750 57.250
53.750 57.000
Building 4 5 0.062
53.750 57.500
53.750 57.250
53.500 57.250
53.500 57.500
Building 4 5 0.062
53.500 62.500
53.500 62.750
53.750 62.750
53.750 62.500
Building 4 5 0.062
53.500 62.750
53.500 63.000
53.750 63.000
53.750 62.750
Building 4 5 0.062
53.500 63.000
53.500 63.250
53.750 63.250
53.750 63.000
Building 4 5 0.062
53.500 63.250
53.500 63.500
53.750 63.500
53.750 63.250
Building 4 5 0.062
53.500 63.500
53.500 63.750
53.750 63.750
53.750 63.500
Building 4 5 0.062
53.500 63.750
53.500 64.000
53.750 64.000
53.750 63.750
Building 4 5 0.062
53.500 64.000
53.500 64.250
53.750 64.250
53.750 64.000
Building 4 5 0.062
53.750 64.500
53.750 64.250
53.500 64.250
53.500 64.500
Building 4 5 0.062
53.750 55.500
53.750 55.750
54.000 55.750
54.000 55.500
Building 4 5 0.062
53.750 55.750
53.750 56.000
54.000 56.000
54.000 55.750
Building 4 5 0.062
53.750 56.000
53.750 56.250
54.000 56.250
54.000 56.000
Building 4 5 0.062
53.750 56.250
53.750 56.500
54.000 56.500
54.000 56.250
Building 4 5 0.062
53.750 56.500
53.750 56.750
54.000 56.750
54.000 56.500
Building 4 5 0.062
53.750 56.750
53.750 57.000
54.000 57.000
54.000 56.750
Building 4 5 0.062
53.750 57.000
53.750 57.250
54.000 57.250
54.000 57.000
Building 4 5 0.062
54.000 57.500
54.000 57.250
53.750 57.250
53.750 57.500
Building 4 5 0.062
53.750 62.500
53.750 62.750
54.000 62.750
54.000 62.500
Building 4 5 0.062
53.750 62.750
53.750 63.000
54.000 63.000
54.000 62.750
Building 4 5 0.062
53.750 63.000
53.750 63.250
54.000 63.250
54.000 63.000
Building 4 5 0.062
53.750 63.250
53.750 63.500
54.000 63.500
54.000 63.250
Building 4 5 0.062
53.750 63.500
53.750 63.750
54.000 63.750
54.000 63.500
Building 4 5 0.062
53.750 63.750
53.750 64.000
54.000 64.000
54.000 63.750
Building 4 5 0.062
53.750 64.000
53.750 64.250
54.000 64.250
54.000 64.000
Building 4 5 0.062
54.000 64.500
54.000 64.250
53.750 64.250
53.750 64.500
Building 4 5 0.062
54.000 55.500
54.000 55.750
54.250 55.750
54.250 55.500
Building 4 5 0.062
54.000 55.750
54.000 56.000
54.250 56.000
54.250 55.750
Building 4 5 0.062
54.000 56.000
54.000 56.250
54.250 56.250
54.250 56.000
Building 4 5 0.062
54.000 56.250
54.000 56.500
54.250 56.500
54.250 56.250
Building 4 5 0.062
54.000 56.500
54.000 56.750
54.250 56.750
54.250 56.500
Building 4 5 0.062
54.000 56.750
54.000 57.000
54.250 57.000
54.250 56.750
Building 4 5 0.062
54.000 57.000
54.000 57.250
54.250 57.250
54.250 57.000
Building 4 5 0.062
54.250 57.500
54.250 57.250
54.000 57.250
54.000 57.500
Building 4 5 0.062
54.000 62.500
54.000 62.750
54.250 62.750
54.250 62.500
Building 4 5 0.062
54.000 62.750
54.000 63.000
54.250 63.000
54.250 62.750
Building 4 5 0.062
54.000 63.000
54.000 63.250
54.250 63.250
54.250 63.000
Building 4 5 0.062
54.000 63.250
54.000 63.500
54.250 63.500
54.250 63.250
Building 4 5 0.062
54.000 63.500
54.000 63.750
54.250 63.750
54.250 63.500
Building 4 5 0.062
54.000 63.750
54.000 64.000
54.250 64.000
54.250 63.750
Building 4 5 0.062
54.000 64.000
54.000 64.250
54.250 64.250
54.250 64.000
Building 4 5 0.062
54.250 64.500
54.250 64.250
54.000 64.250
54.000 64.500
Building 4 5 0.062
54.250 55.500
54.250 55.750
54.500 55.750
54.500 55.500
Building 4 5 0.062
54.250 55.750
54.250 56.000
54.500 56.000
54.500 55.750
Building 4 5 0.062
54.250 56.000
54.250 56.250
54.500 56.250
54.500 56.000
Building 4 5 0.062
54.250 56.250
54.250 56.500
54.500 56.500
54.500 56.250
Building 4 5 0.062
54.250 56.500
54.250 56.750
54.500 56.750
54.500 56.500
Building 4 5 0.062
54.250 56.750
54.250 57.000
54.500 57.000
54.500 56.750
Building 4 5 0.062
54.250 57.000
54.250 57.250
54.500 57.250
54.500 57.000
Building 4 5 0.062
54.500 57.500
54.500 57.250
54.250 57.250
54.250 57.500
Building 4 5 0.062
54.250 62.500
54.250 62.750
54.500 62.750
54.500 62.500
Building 4 5 0.062
54.250 62.750
54.250 63.000
54.500 63.000
54.500 62.750
Building 4 5 0.062
54.250 63.000
54.250 63.250
54.500 63.250
54.500 63.000
Building 4 5 0.062
54.250 63.250
54.250 63.500
54.500 63.500
54.500 63.250
Building 4 5 0.062
54.250 63.500
54.250 63.750
54.500 63.750
54.500 63.500
Building 4 5 0.062
54.250 63.750
54.250 64.000
54.500 64.000
54.500 63.750
Building 4 5 0.062
54.250 64.000
54.250 64.250
54.500 64.250
54.500 64.000
Building 4 5 0.062
54.500 64.500
54.500 64.250
54.250 64.250
54.250 64.500
Building 4 5 0.062
54.500 55.500
54.500 55.750
54.750 55.750
54.750 55.500
Building 4 5 0.062
54.500 55.750
54.500 56.000
54.750 56.000
54.750 55.750
Building 4 5 0.062
54.500 56.000
54.500 56.250
54.750 56.250
54.750 56.000
Building 4 5 0.062
54.500 56.250
54.500 56.500
54.750 56.500
54.750 56.250
Building 4 5 0.062
54.500 56.500
54.500 56.750
54.750 56.750
54.750 56.500
Building 4 5 0.062
54.500 56.750
54.500 57.000
54.750 57.000
54.750 56.750
Building 4 5 0.062
54.500 57.000
54.500 57.250
54.750 57.250
54.750 57.000
Building 4 5 0.062
54.750 57.500
54.750 57.250
54.500 57.250
54.500 57.500
Building 4 5 0.062
54.500 62.500
54.500 62.750
54.750 62.750
54.750 62.500
Building 4 5 0.062
54.500 62.750
54.500 63.000
54.750 63.000
54.750 62.750
Building 4 5 0.062
54.500 63.000
54.500 63.250
54.750 63.250
54.750 63.000
Building 4 5 0.062
54.500 63.250
54.500 63.500
54.750 63.500
54.750 63.250
Building 4 5 0.062
54.500 63.500
54.500 63.750
54.750 63.750
54.750 63.500
Building 4 5 0.062
54.500 63.750
54.500 64.000
54.750 64.000
54.750 63.750
Building 4 5 0.062
54.500 64.000
54.500 64.250
54.750 64.250
54.750 64.000
Building 4 5 0.062
54.750 64.500
54.750 64.250
54.500 64.250
54.500 64.500
Building 4 5 0.062
54.750 55.500
54.750 55.750
55.000 55.750
55.000 55.500
Building 4 5 0.062
54.750 55.750
54.750 56.000
55.000 56.000
55.000 55.750
Building 4 5 0.062
54.750 56.000
54.750 56.250
55.000 56.250
55.000 56.000
Building 4 5 0.062
54.750 56.250
54.750 56.500
55.000 56.500
55.000 56.250
Building 4 5 0.062
54.750 56.500
54.750 56.750
55.000 56.750
55.000 56.500
Building 4 5 0.062
54.750 56.750
54.750 57.000
55.000 57.000
55.000 56.750
Building 4 5 0.062
54.750 57.000
54.750 57.250
55.000 57.250
55.000 57.000
Building 4 5 0.062
55.000 57.500
55.000 57.250
54.750 57.250
54.750 57.500
Building 4 5 0.062
54.750 62.500
54.750 62.750
55.000 62.750
55.000 62.500
Building 4 5 0.062
54.750 62.750
54.750 63.000
55.000 63.000
55.000 62.750
Building 4 5 0.062
54.750 63.000
54.750 63.250
55.000 63.250
55.000 63.000
Building 4 5 0.062
54.750 63.250
54.750 63.500
55.000 63.500
55.000 63.250
Building 4 5 0.062
54.750 63.500
54.750 63.750
55.000 63.750
55.000 63.500
Building 4 5 0.062
54.750 63.750
54.750 64.000
55.000 64.000
55.000 63.750
Building 4 5 0.062
54.750 64.000
54.750 64.250
55.000 64.250
55.000 64.000
Building 4 5 0.062
55.000 64.500
55.000 64.250
54.750 64.250
54.750 64.500
Building 4 5 0.062
55.000 55.500
55.000 55.750
55.250 55.750
55.250 55.500
Building 4 5 0.062
55.000 55.750
55.000 56.000
55.250 56.000
55.250 55.750
Building 4 5 0.062
55.000 56.000
55.000 56.250
55.250 56.250
55.250 56.000
Building 4 5 0.062
55.000 56.250
55.000 56.500
55.250 56.500
55.250 56.250
Building 4 5 0.062
55.000 56.500
55.000 56.750
55.250 56.750
55.250 56.500
Building 4 5 0.062
55.000 56.750
55.000 57.000
55.250 57.000
55.250 56.750
Building 4 5 0.062
55.000 57.000
55.000 57.250
55.250 57.250
55.250 57.000
Building 4 5 0.062
55.250 57.500
55.250 57.250
55.000 57.250
55.000 57.500
Building 4 5 0.062
55.000 62.500
55.000 62.750
55.250 62.750
55.250 62.500
Building 4 5 0.062
55.000 62.750
55.000 63.000
55.250 63.000
55.250 62.750
Building 4 5 0.062
55.000 63.000
55.000 63.250
55.250 63.250
55.250 63.000
Building 4 5 0.062
55.000 63.250
55.000 63.500
55.250 63.500
55.250 63.250
Building 4 5 0.062
55.000 63.500
55.000 63.750
55.250 63.750
55.250 63.500
Building 4 5 0.062
55.000 63.750
55.000 64.000
55.250 64.000
55.250 63.750
Building 4 5 0.062
55.000 64.000
55.000 64.250
55.250 64.250
55.250 64.000
Building 4 5 0.062
55.250 64.500
55.250 64.250
55.000 64.250
55.000 64.500
Building 4 5 0.062
55.250 55.500
55.250 55.750
55.500 55.750
55.500 55.500
Building 4 5 0.062
55.250 55.750
55.250 56.000
55.500 56.000
55.500 55.750
Building 4 5 0.062
55.250 56.000
55.250 56.250
55.500 56.250
55.500 56.000
Building 4 5 0.062
55.250 56.250
55.250 56.500
55.500 56.500
55.500 56.250
Building 4 5 0.062
55.250 56.500
55.250 56.750
55.500 56.750
55.500 56.500
Building 4 5 0.062
55.250 56.750
55.250 57.000
55.500 57.000
55.500 56.750
Building 4 5 0.062
55.250 57.000
55.250 57.250
55.500 57.250
55.500 57.000
Building 4 5 0.062
55.500 57.500
55.500 57.250
55.250 57.250
55.250 57.500
Building 4 5 0.062
55.250 62.500
55.250 62.750
55.500 62.750
55.500 62.500
Building 4 5 0.062
55.250 62.750
55.250 63.000
55.500 63.000
55.500 62.750
Building 4 5 0.062
55.250 63.000
55.250 63.250
55.500 63.250
55.500 63.000
Building 4 5 0.062
55.250 63.250
55.250 63.500
55.500 63.500
55.500 63.250
Building 4 5 0.062
55.250 63.500
55.250 63.750
55.500 63.750
55.500 63.500
Building 4 5 0.062
55.250 63.750
55.250 64.000
55.500 64.000
55.500 63.750
Building 4 5 0.062
55.250 64.000
55.250 64.250
55.500 64.250
55.500 64.000
Building 4 5 0.062
55.500 64.500
55.500 64.250
55.250 64.250
55.250 64.500
Building 4 5 0.062
55.500 55.500
55.500 55.750
55.750 55.750
55.750 55.500
Building 4 5 0.062
55.500 55.750
55.500 56.000
55.750 56.000
55.750 55.750
Building 4 5 0.062
55.500 56.000
55.500 56.250
55.750 56.250
55.750 56.000
Building 4 5 0.062
55.500 56.250
55.500 56.500
55.750 56.500
55.750 56.250
Building 4 5 0.062
55.500 56.500
55.500 56.750
55.750 56.750
55.750 56.500
Building 4 5 0.062
55.500 56.750
55.500 57.000
55.750 57.000
55.750 56.750
Building 4 5 0.062
55.500 57.000
55.500 57.250
55.750 57.250
55.750 57.000
Building 4 5 0.062
55.750 57.500
55.750 57.250
55.500 57.250
55.500 57.500
Building 4 5 0.062
55.500 62.500
55.500 62.750
55.750 62.750
55.750 62.500
Building 4 5 0.062
55.500 62.750
55.500 63.000
55.750 63.000
55.750 62.750
Building 4 5 0.062
55.500 63.000
55.500 63.250
55.750 63.250
55.750 63.000
Building 4 5 0.062
55.500 63.250
55.500 63.500
55.750 63.500
55.750 63.250
Building 4 5 0.062
55.500 63.500
55.500 63.750
55.750 63.750
55.750 63.500
Building 4 5 0.062
55.500 63.750
55.500 64.000
55.750 64.000
55.750 63.750
Building 4 5 0.062
55.500 64.000
55.500 64.250
55.750 64.250
55.750 64.000
Building 4 5 0.062
55.750 64.500
55.750 64.250
55.500 64.250
55.500 64.500
Building 4 5 0.062
55.750 55.500
55.750 55.750
56.000 55.750
56.000 55.500
Building 4 5 0.062
55.750 55.750
55.750 56.000
56.000 56.000
56.000 55.750
Building 4 5 0.062
55.750 56.000
55.750 56.250
56.000 56.250
56.000 56.000
Building 4 5 0.062
55.750 56.250
55.750 56.500
56.000 56.500
56.000 56.250
Building 4 5 0.062
55.750 56.500
55.750 56.750
56.000 56.750
56.000 56.500
Building 4 5 0.062
55.750 56.750
55.750 57.000
56.000 57.000
56.000 56.750
Building 4 5 0.062
55.750 57.000
55.750 57.250
56.000 57.250
56.000 57.000
Building 4 5 0.062
56.000 57.500
56.000 57.250
55.750 57.250
55.750 57.500
Building 4 5 0.062
55.750 62.500
55.750 62.750
56.000 62.750
56.000 62.500
Building 4 5 0.062
55.750 62.750
55.750 63.000
56.000 63.000
56.000 62.750
Building 4 5 0.062
55.750 63.000
55.750 63.250
56.000 63.250
56.000 63.000
Building 4 5 0.062
55.750 63.250
55.750 63.500
56.000 63.500
56.000 63.250
Building 4 5 0.062
55.750 63.500
55.750 63.750
56.000 63.750
56.000 63.500
Building 4 5 0.062
55.750 63.750
55.750 64.000
56.000 64.000
56.000 63.750
Building 4 5 0.062
55.750 64.000
55.750 64.250
56.000 64.250
56.000 64.000
Building 4 5 0.062
56.000 64.500
56.000 64.250
55.750 64.250
55.750 64.500
Building 4 5 0.062
56.000 55.500
56.000 55.750
56.250 55.750
56.250 55.500
Building 4 5 0.062
56.000 55.750
56.000 56.000
56.250 56.000
56.250 55.750
Building 4 5 0.062
56.000 56.000
56.000 56.250
56.250 56.250
56.250 56.000
Building 4 5 0.062
56.000 56.250
56.000 56.500
56.250 56.500
56.250 56.250
Building 4 5 0.062
56.000 56.500
56.000 56.750
56.250 56.750
56.250 56.500
Building 4 5 0.062
56.000 56.750
56.000 57.000
56.250 57.000
56.250 56.750
Building 4 5 0.062
56.000 57.000
56.000 57.250
56.250 57.250
56.250 57.000
Building 4 5 0.062
56.250 57.500
56.250 57.250
56.000 57.250
56.000 57.500
Building 4 5 0.062
56.000 62.500
56.000 62.750
56.250 62.750
56.250 62.500
Building 4 5 0.062
56.000 62.750
56.000 63.000
56.250 63.000
56.250 62.750
Building 4 5 0.062
56.000 63.000
56.000 63.250
56.250 63.250
56.250 63.000
Building 4 5 0.062
56.000 63.250
56.000 63.500
56.250 63.500
56.250 63.250
Building 4 5 0.062
56.000 63.500
56.000 63.750
56.250 63.750
56.250 63.500
Building 4 5 0.062
56.000 63.750
56.000 64.000
56.250 64.000
56.250 63.750
Building 4 5 0.062
56.000 64.000
56.000 64.250
56.250 64.250
56.250 64.000
Building 4 5 0.062
56.250 64.500
56.250 64.250
56.000 64.250
56.000 64.500
Building 4 5 0.062
56.250 55.500
56.250 55.750
56.500 55.750
56.500 55.500
Building 4 5 0.062
56.250 55.750
56.250 56.000
56.500 56.000
56.500 55.750
Building 4 5 0.062
56.250 56.000
56.250 56.250
56.500 56.250
56.500 56.000
Building 4 5 0.062
56.250 56.250
56.250 56.500
56.500 56.500
56.500 56.250
Building 4 5 0.062
56.250 56.500
56.250 56.750
56.500 56.750
56.500 56.500
Building 4 5 0.062
56.250 56.750
56.250 57.000
56.500 57.000
56.500 56.750
Building 4 5 0.062
56.250 57.000
56.250 57.250
56.500 57.250
56.500 57.000
Building 4 5 0.062
56.500 57.500
56.500 57.250
56.250 57.250
56.250 57.500
Building 4 5 0.062
56.250 62.500
56.250 62.750
56.500 62.750
56.500 62.500
Building 4 5 0.062
56.250 62.750
56.250 63.000
56.500 63.000
56.500 62.750
Building 4 5 0.062
56.250 63.000
56.250 63.250
56.500 63.250
56.500 63.000
Building 4 5 0.062
56.250 63.250
56.250 63.500
56.500 63.500
56.500 63.250
Building 4 5 0.062
56.250 63.500
56.250 63.750
56.500 63.750
56.500 63.500
Building 4 5 0.062
56.250 63.750
56.250 64.000
56.500 64.000
56.500 63.750
Building 4 5 0.062
56.250 64.000
56.250 64.250
56.500 64.250
56.500 64.000
Building 4 5 0.062
56.500 64.500
56.500 64.250
56.250 64.250
56.250 64.500
Building 4 5 0.062
56.500 55.500
56.500 55.750
56.750 55.750
56.750 55.500
Building 4 5 0.062
56.500 55.750
56.500 56.000
56.750 56.000
56.750 55.750
Building 4 5 0.062
56.500 56.000
56.500 56.250
56.750 56.250
56.750 56.000
Building 4 5 0.062
56.500 56.250
56.500 56.500
56.750 56.500
56.750 56.250
Building 4 5 0.062
56.500 56.500
56.500 56.750
56.750 56.750
56.750 56.500
Building 4 5 0.062
56.500 56.750
56.500 57.000
56.750 57.000
56.750 56.750
Building 4 5 0.062
56.500 57.000
56.500 57.250
56.750 57.250
56.750 57.000
Building 4 5 0.062
56.750 57.500
56.750 57.250
56.500 57.250
56.500 57.500
Building 4 5 0.062
56.500 62.500
56.500 62.750
56.750 62.750
56.750 62.500
Building 4 5 0.062
56.500 62.750
56.500 63.000
56.750 63.000
56.750 62.750
Building 4 5 0.062
56.500 63.000
56.500 63.250
56.750 63.250
56.750 63.000
Building 4 5 0.062
56.500 63.250
56.500 63.500
56.750 63.500
56.750 63.250
Building 4 5 0.062
56.500 63.500
56.500 63.750
56.750 63.750
56.750 63.500
Building 4 5 0.062
56.500 63.750
56.500 64.000
56.750 64.000
56.750 63.750
Building 4 5 0.062
56.500 64.000
56.500 64.250
56.750 64.250
56.750 64.000
Building 4 5 0.062
56.750 64.500
56.750 64.250
56.500 64.250
56.500 64.500
Building 4 5 0.062
56.750 55.500
56.750 55.750
57.000 55.750
57.000 55.500
Building 4 5 0.062
56.750 55.750
56.750 56.000
57.000 56.000
57.000 55.750
Building 4 5 0.062
56.750 56.000
56.750 56.250
57.000 56.250
57.000 56.000
Building 4 5 0.062
56.750 56.250
56.750 56.500
57.000 56.500
57.000 56.250
Building 4 5 0.062
56.750 56.500
56.750 56.750
57.000 56.750
57.000 56.500
Building 4 5 0.062
56.750 56.750
56.750 57.000
57.000 57.000
57.000 56.750
Building 4 5 0.062
56.750 57.000
56.750 57.250
57.000 57.250
57.000 57.000
Building 4 5 0.062
57.000 57.500
57.000 57.250
56.750 57.250
56.750 57.500
Building 4 5 0.062
56.750 62.500
56.750 62.750
57.000 62.750
57.000 62.500
Building 4 5 0.062
56.750 62.750
56.750 63.000
57.000 63.000
57.000 62.750
Building 4 5 0.062
56.750 63.000
56.750 63.250
57.000 63.250
57.000 63.000
Building 4 5 0.062
56.750 63.250
56.750 63.500
57.000 63.500
57.000 63.250
Building 4 5 0.062
56.750 63.500
56.750 63.750
57.000 63.750
57.000 63.500
Building 4 5 0.062
56.750 63.750
56.750 64.000
57.000 64.000
57.000 63.750
Building 4 5 0.062
56.750 64.000
56.750 64.250
57.000 64.250
57.000 64.000
Building 4 5 0.062
57.000 64.500
57.000 64.250
56.750 64.250
56.750 64.500
Building 4 5 0.062
57.000 55.500
57.000 55.750
57.250 55.750
57.250 55.500
Building 4 5 0.062
57.000 55.750
57.000 56.000
57.250 56.000
57.250 55.750
Building 4 5 0.062
57.000 56.000
57.000 56.250
57.250 56.250
57.250 56.000
Building 4 5 0.062
57.000 56.250
57.000 56.500
57.250 56.500
57.250 56.250
Building 4 5 0.062
57.000 56.500
57.000 56.750
57.250 56.750
57.250 56.500
Building 4 5 0.062
57.000 56.750
57.000 57.000
57.250 57.000
57.250 56.750
Building 4 5 0.062
57.000 57.000
57.000 57.250
57.250 57.250
57.250 57.000
Building 4 5 0.062
57.250 57.500
57.250 57.250
57.000 57.250
57.000 57.500
Building 4 5 0.062
57.000 62.500
57.000 62.750
57.250 62.750
57.250 62.500
Building 4 5 0.062
57.000 62.750
57.000 63.000
57.250 63.000
57.250 62.750
Building 4 5 0.062
57.000 63.000
57.000 63.250
57.250 63.250
57.250 63.000
Building 4 5 0.062
57.000 63.250
57.000 63.500
57.250 63.500
57.250 63.250
Building 4 5 0.062
57.000 63.500
57.000 63.750
57.250 63.750
57.250 63.500
Building 4 5 0.062
57.000 63.750
57.000 64.000
57.250 64.000
57.250 63.750
Building 4 5 0.062
57.000 64.000
57.000 64.250
57.250 64.250
57.250 64.000
Building 4 5 0.062
57.250 64.500
57.250 64.250
57.000 64.250
57.000 64.500
Building 4 5 0.062
57.250 55.500
57.250 55.750
57.500 55.750
57.500 55.500
Building 4 5 0.062
57.250 55.750
57.250 56.000
57.500 56.000
57.500 55.750
Building 4 5 0.062
57.250 56.000
57.250 56.250
57.500 56.250
57.500 56.000
Building 4 5 0.062
57.250 56.250
57.250 56.500
57.500 56.500
57.500 56.250
Building 4 5 0.062
57.250 56.500
57.250 56.750
57.500 56.750
57.500 56.500
Building 4 5 0.062
57.250 56.750
57.250 57.000
57.500 57.000
57.500 56.750
Building 4 5 0.062
57.250 57.000
57.250 57.250
57.500 57.250
57.500 57.000
Building 4 5 0.062
57.500 57.500
57.500 57.250
57.250 57.250
57.250 57.500
Building 4 5 0.062
57.250 62.500
57.250 62.750
57.500 62.750
57.500 62.500
Building 4 5 0.062
57.250 62.750
57.250 63.000
57.500 63.000
57.500 62.750
Building 4 5 0.062
57.250 63.000
57.250 63.250
57.500 63.250
57.500 63.000
Building 4 5 0.062
57.250 63.250
57.250 63.500
57.500 63.500
57.500 63.250
Building 4 5 0.062
57.250 63.500
57.250 63.750
57.500 63.750
57.500 63.500
Building 4 5 0.062
57.250 63.750
57.250 64.000
57.500 64.000
57.500 63.750
Building 4 5 0.062
57.250 64.000
57.250 64.250
57.500 64.250
57.500 64.000
Building 4 5 0.062
57.500 64.500
57.500 64.250
57.250 64.250
57.250 64.500
Building 4 5 0.062
57.500 55.500
57.500 55.750
57.750 55.750
57.750 55.500
Building 4 5 0.062
57.500 55.750
57.500 56.000
57.750 56.000
57.750 55.750
Building 4 5 0.062
57.500 56.000
57.500 56.250
57.750 56.250
57.750 56.000
Building 4 5 0.062
57.500 56.250
57.500 56.500
57.750 56.500
57.750 56.250
Building 4 5 0.062
57.500 56.500
57.500 56.750
57.750 56.750
57.750 56.500
Building 4 5 0.062
57.500 56.750
57.500 57.000
57.750 57.000
57.750 56.750
Building 4 5 0.062
57.500 57.000
57.500 57.250
57.750 57.250
57.750 57.000
Building 4 5 0.062
57.750 57.500
57.750 57.250
57.500 57.250
57.500 57.500
Building 4 5 0.062
57.500 62.500
57.500 62.750
57.750 62.750
57.750 62.500
Building 4 5 0.062
57.500 62.750
57.500 63.000
57.750 63.000
57.750 62.750
Building 4 5 0.062
57.500 63.000
57.500 63.250
57.750 63.250
57.750 63.000
Building 4 5 0.062
57.500 63.250
57.500 63.500
57.750 63.500
57.750 63.250
Building 4 5 0.062
57.500 63.500
57.500 63.750
57.750 63.750
57.750 63.500
Building 4 5 0.062
57.500 63.750
57.500 64.000
57.750 64.000
57.750 63.750
Building 4 5 0.062
57.500 64.000
57.500 64.250
57.750 64.250
57.750 64.000
Building 4 5 0.062
57.750 64.500
57.750 64.250
57.500 64.250
57.500 64.500
Building 4 5 0.062
57.750 55.500
57.750 55.750
58.000 55.750
58.000 55.500
Building 4 5 0.062
57.750 55.750
57.750 56.000
58.000 56.000
58.000 55.750
Building 4 5 0.062
57.750 56.000
57.750 56.250
58.000 56.250
58.000 56.000
Building 4 5 0.062
57.750 56.250
57.750 56.500
58.000 56.500
58.000 56.250
Building 4 5 0.062
57.750 56.500
57.750 56.750
58.000 56.750
58.000 56.500
Building 4 5 0.062
57.750 56.750
57.750 57.000
58.000 57.000
58.000 56.750
Building 4 5 0.062
57.750 57.000
57.750 57.250
58.000 57.250
58.000 57.000
Building 4 5 0.062
58.000 57.500
58.000 57.250
57.750 57.250
57.750 57.500
Building 4 5 0.062
57.750 62.500
57.750 62.750
58.000 62.750
58.000 62.500
Building 4 5 0.062
57.750 62.750
57.750 63.000
58.000 63.000
58.000 62.750
Building 4 5 0.062
57.750 63.000
57.750 63.250
58.000 63.250
58.000 63.000
Building 4 5 0.062
57.750 63.250
57.750 63.500
58.000 63.500
58.000 63.250
Building 4 5 0.062
57.750 63.500
57.750 63.750
58.000 63.750
58.000 63.500
Building 4 5 0.062
57.750 63.750
57.750 64.000
58.000 64.000
58.000 63.750
Building 4 5 0.062
57.750 64.000
57.750 64.250
58.000 64.250
58.000 64.000
Building 4 5 0.062
58.000 64.500
58.000 64.250
57.750 64.250
57.750 64.500
Building 4 5 0.062
58.000 55.500
58.000 55.750
58.250 55.750
58.250 55.500
Building 4 5 0.062
58.000 55.750
58.000 56.000
58.250 56.000
58.250 55.750
Building 4 5 0.062
58.000 56.000
58.000 56.250
58.250 56.250
58.250 56.000
Building 4 5 0.062
58.000 56.250
58.000 56.500
58.250 56.500
58.250 56.250
Building 4 5 0.062
58.000 56.500
58.000 56.750
58.250 56.750
58.250 56.500
Building 4 5 0.062
58.000 56.750
58.000 57.000
58.250 57.000
58.250 56.750
Building 4 5 0.062
58.000 57.000
58.000 57.250
58.250 57.250
58.250 57.000
Building 4 5 0.062
58.250 57.500
58.250 57.250
58.000 57.250
58.000 57.500
Building 4 5 0.062
58.000 62.500
58.000 62.750
58.250 62.750
58.250 62.500
Building 4 5 0.062
58.000 62.750
58.000 63.000
58.250 63.000
58.250 62.750
Building 4 5 0.062
58.000 63.000
58.000 63.250
58.250 63.250
58.250 63.000
Building 4 5 0.062
58.000 63.250
58.000 63.500
58.250 63.500
58.250 63.250
Building 4 5 0.062
58.000 63.500
58.000 63.750
58.250 63.750
58.250 63.500
Building 4 5 0.062
58.000 63.750
58.000 64.000
58.250 64.000
58.250 63.750
Building 4 5 0.062
58.000 64.000
58.000 64.250
58.250 64.250
58.250 64.000
Building 4 5 0.062
58.250 64.500
58.250 64.250
58.000 64.250
58.000 64.500
Building 4 5 0.062
58.250 55.500
58.250 55.750
58.500 55.750
58.500 55.500
Building 4 5 0.062
58.250 55.750
58.250 56.000
58.500 56.000
58.500 55.750
Building 4 5 0.062
58.250 56.000
58.250 56.250
58.500 56.250
58.500 56.000
Building 4 5 0.062
58.250 56.250
58.250 56.500
58.500 56.500
58.500 56.250
Building 4 5 0.062
58.250 56.500
58.250 56.750
58.500 56.750
58.500 56.500
Building 4 5 0.062
58.250 56.750
58.250 57.000
58.500 57.000
58.500 56.750
Building 4 5 0.062
58.250 57.000
58.250 57.250
58.500 57.250
58.500 57.000
Building 4 5 0.062
58.500 57.500
58.500 57.250
58.250 57.250
58.250 57.500
Building 4 5 0.062
58.250 62.500
58.250 62.750
58.500 62.750
58.500 62.500
Building 4 5 0.062
58.250 62.750
58.250 63.000
58.500 63.000
58.500 62.750
Building 4 5 0.062
58.250 63.000
58.250 63.250
58.500 63.250
58.500 63.000
Building 4 5 0.062
58.250 63.250
58.250 63.500
58.500 63.500
58.500 63.250
Building 4 5 0.062
58.250 63.500
58.250 63.750
58.500 63.750
58.500 63.500
Building 4 5 0.062
58.250 63.750
58.250 64.000
58.500 64.000
58.500 63.750
Building 4 5 0.062
58.250 64.000
58.250 64.250
58.500 64.250
58.500 64.000
Building 4 5 0.062
58.500 64.500
58.500 64.250
58.250 64.250
58.250 64.500
Building 4 5 0.062
58.500 55.500
58.500 55.750
58.750 55.750
58.750 55.500
Building 4 5 0.062
58.500 55.750
58.500 56.000
58.750 56.000
58.750 55.750
Building 4 5 0.062
58.500 56.000
58.500 56.250
58.750 56.250
58.750 56.000
Building 4 5 0.062
58.500 56.250
58.500 56.500
58.750 56.500
58.750 56.250
Building 4 5 0.062
58.500 56.500
58.500 56.750
58.750 56.750
58.750 56.500
Building 4 5 0.062
58.500 56.750
58.500 57.000
58.750 57.000
58.750 56.750
Building 4 5 0.062
58.500 57.000
58.500 57.250
58.750 57.250
58.750 57.000
Building 4 5 0.062
58.750 57.500
58.750 57.250
58.500 57.250
58.500 57.500
Building 4 5 0.062
58.500 62.500
58.500 62.750
58.750 62.750
58.750 62.500
Building 4 5 0.062
58.500 62.750
58.500 63.000
58.750 63.000
58.750 62.750
Building 4 5 0.062
58.500 63.000
58.500 63.250
58.750 63.250
58.750 63.000
Building 4 5 0.062
58.500 63.250
58.500 63.500
58.750 63.500
58.750 63.250
Building 4 5 0.062
58.500 63.500
58.500 63.750
58.750 63.750
58.750 63.500
Building 4 5 0.062
58.500 63.750
58.500 64.000
58.750 64.000
58.750 63.750
Building 4 5 0.062
58.500 64.000
58.500 64.250
58.750 64.250
58.750 64.000
Building 4 5 0.062
58.750 64.500
58.750 64.250
58.500 64.250
58.500 64.500
Building 4 5 0.062
58.750 55.500
58.750 55.750
59.000 55.750
59.000 55.500
Building 4 5 0.062
58.750 55.750
58.750 56.000
59.000 56.000
59.000 55.750
Building 4 5 0.062
58.750 56.000
58.750 56.250
59.000 56.250
59.000 56.000
Building 4 5 0.062
58.750 56.250
58.750 56.500
59.000 56.500
59.000 56.250
Building 4 5 0.062
58.750 56.500
58.750 56.750
59.000 56.750
59.000 56.500
Building 4 5 0.062
58.750 56.750
58.750 57.000
59.000 57.000
59.000 56.750
Building 4 5 0.062
58.750 57.000
58.750 57.250
59.000 57.250
59.000 57.000
Building 4 5 0.062
59.000 57.500
59.000 57.250
58.750 57.250
58.750 57.500
Building 4 5 0.062
58.750 62.500
58.750 62.750
59.000 62.750
59.000 62.500
Building 4 5 0.062
58.750 62.750
58.750 63.000
59.000 63.000
59.000 62.750
Building 4 5 0.062
58.750 63.000
58.750 63.250
59.000 63.250
59.000 63.000
Building 4 5 0.062
58.750 63.250
58.750 63.500
59.000 63.500
59.000 63.250
Building 4 5 0.062
58.750 63.500
58.750 63.750
59.000 63.750
59.000 63.500
Building 4 5 0.062
58.750 63.750
58.750 64.000
59.000 64.000
59.000 63.750
Building 4 5 0.062
58.750 64.000
58.750 64.250
59.000 64.250
59.000 64.000
Building 4 5 0.062
59.000 64.500
59.000 64.250
58.750 64.250
58.750 64.500
Building 4 5 0.062
59.000 55.500
59.000 55.750
59.250 55.750
59.250 55.500
Building 4 5 0.062
59.000 55.750
59.000 56.000
59.250 56.000
59.250 55.750
Building 4 5 0.062
59.000 56.000
59.000 56.250
59.250 56.250
59.250 56.000
Building 4 5 0.062
59.000 56.250
59.000 56.500
59.250 56.500
59.250 56.250
Building 4 5 0.062
59.000 56.500
59.000 56.750
59.250 56.750
59.250 56.500
Building 4 5 0.062
59.000 56.750
59.000 57.000
59.250 57.000
59.250 56.750
Building 4 5 0.062
59.000 57.000
59.000 57.250
59.250 57.250
59.250 57.000
Building 4 5 0.062
59.250 57.500
59.250 57.250
59.000 57.250
59.000 57.500
Building 4 5 0.062
59.000 62.500
59.000 62.750
59.250 62.750
59.250 62.500
Building 4 5 0.062
59.000 62.750
59.000 63.000
59.250 63.000
59.250 62.750
Building 4 5 0.062
59.000 63.000
59.000 63.250
59.250 63.250
59.250 63.000
Building 4 5 0.062
59.000 63.250
59.000 63.500
59.250 63.500
59.250 63.250
Building 4 5 0.062
59.000 63.500
59.000 63.750
59.250 63.750
59.250 63.500
Building 4 5 0.062
59.000 63.750
59.000 64.000
59.250 64.000
59.250 63.750
Building 4 5 0.062
59.000 64.000
59.000 64.250
59.250 64.250
59.250 64.000
Building 4 5 0.062
59.250 64.500
59.250 64.250
59.000 64.250
59.000 64.500
Building 4 5 0.062
59.250 55.500
59.250 55.750
59.500 55.750
59.500 55.500
Building 4 5 0.062
59.250 55.750
59.250 56.000
59.500 56.000
59.500 55.750
Building 4 5 0.062
59.250 56.000
59.250 56.250
59.500 56.250
59.500 56.000
Building 4 5 0.062
59.250 56.250
59.250 56.500
59.500 56.500
59.500 56.250
Building 4 5 0.062
59.250 56.500
59.250 56.750
59.500 56.750
59.500 56.500
Building 4 5 0.062
59.250 56.750
59.250 57.000
59.500 57.000
59.500 56.750
Building 4 5 0.062
59.250 57.000
59.250 57.250
59.500 57.250
59.500 57.000
Building 4 5 0.062
59.500 57.500
59.500 57.250
59.250 57.250
59.250 57.500
Building 4 5 0.062
59.250 62.500
59.250 62.750
59.500 62.750
59.500 62.500
Building 4 5 0.062
59.250 62.750
59.250 63.000
59.500 63.000
59.500 62.750
Building 4 5 0.062
59.250 63.000
59.250 63.250
59.500 63.250
59.500 63.000
Building 4 5 0.062
59.250 63.250
59.250 63.500
59.500 63.500
59.500 63.250
Building 4 5 0.062
59.250 63.500
59.250 63.750
59.500 63.750
59.500 63.500
Building 4 5 0.062
59.250 63.750
59.250 64.000
59.500 64.000
59.500 63.750
Building 4 5 0.062
59.250 64.000
59.250 64.250
59.500 64.250
59.500 64.000
Building 4 5 0.062
59.500 64.500
59.500 64.250
59.250 64.250
59.250 64.500
Building 4 5 0.062
59.500 55.500
59.500 55.750
59.750 55.750
59.750 55.500
Building 4 5 0.062
59.500 55.750
59.500 56.000
59.750 56.000
59.750 55.750
Building 4 5 0.062
59.500 56.000
59.500 56.250
59.750 56.250
59.750 56.000
Building 4 5 0.062
59.500 56.250
59.500 56.500
59.750 56.500
59.750 56.250
Building 4 5 0.062
59.500 56.500
59.500 56.750
59.750 56.750
59.750 56.500
Building 4 5 0.062
59.500 56.750
59.500 57.000
59.750 57.000
59.750 56.750
Building 4 5 0.062
59.500 57.000
59.500 57.250
59.750 57.250
59.750 57.000
Building 4 5 0.062
59.750 57.500
59.750 57.250
59.500 57.250
59.500 57.500
Building 4 5 0.062
59.500 62.500
59.500 62.750
59.750 62.750
59.750 62.500
Building 4 5 0.062
59.500 62.750
59.500 63.000
59.750 63.000
59.750 62.750
Building 4 5 0.062
59.500 63.000
59.500 63.250
59.750 63.250
59.750 63.000
Building 4 5 0.062
59.500 63.250
59.500 63.500
59.750 63.500
59.750 63.250
Building 4 5 0.062
59.500 63.500
59.500 63.750
59.750 63.750
59.750 63.500
Building 4 5 0.062
59.500 63.750
59.500 64.000
59.750 64.000
59.750 63.750
Building 4 5 0.062
59.500 64.000
59.500 64.250
59.750 64.250
59.750 64.000
Building 4 5 0.062
59.750 64.500
59.750 64.250
59.500 64.250
59.500 64.500
Building 4 5 0.062
59.750 55.500
59.750 55.750
60.000 55.750
60.000 55.500
Building 4 5 0.062
59.750 55.750
59.750 56.000
60.000 56.000
60.000 55.750
Building 4 5 0.062
59.750 56.000
59.750 56.250
60.000 56.250
60.000 56.000
Building 4 5 0.062
59.750 56.250
59.750 56.500
60.000 56.500
60.000 56.250
Building 4 5 0.062
59.750 56.500
59.750 56.750
60.000 56.750
60.000 56.500
Building 4 5 0.062
59.750 56.750
59.750 57.000
60.000 57.000
60.000 56.750
Building 4 5 0.062
59.750 57.000
59.750 57.250
60.000 57.250
60.000 57.000
Building 4 5 0.062
60.000 57.500
60.000 57.250
59.750 57.250
59.750 57.500
Building 4 5 0.062
59.750 62.500
59.750 62.750
60.000 62.750
60.000 62.500
Building 4 5 0.062
59.750 62.750
59.750 63.000
60.000 63.000
60.000 62.750
Building 4 5 0.062
59.750 63.000
59.750 63.250
60.000 63.250
60.000 63.000
Building 4 5 0.062
59.750 63.250
59.750 63.500
60.000 63.500
60.000 63.250
Building 4 5 0.062
59.750 63.500
59.750 63.750
60.000 63.750
60.000 63.500
Building 4 5 0.062
59.750 63.750
59.750 64.000
60.000 64.000
60.000 63.750
Building 4 5 0.062
59.750 64.000
59.750 64.250
60.000 64.250
60.000 64.000
Building 4 5 0.062
60.000 64.500
60.000 64.250
59.750 64.250
59.750 64.500
Building 4 5 0.062
60.000 55.500
60.000 55.750
60.250 55.750
60.250 55.500
Building 4 5 0.062
60.000 55.750
60.000 56.000
60.250 56.000
60.250 55.750
Building 4 5 0.062
60.000 56.000
60.000 56.250
60.250 56.250
60.250 56.000
Building 4 5 0.062
60.000 56.250
60.000 56.500
60.250 56.500
60.250 56.250
Building 4 5 0.062
60.000 56.500
60.000 56.750
60.250 56.750
60.250 56.500
Building 4 5 0.062
60.000 56.750
60.000 57.000
60.250 57.000
60.250 56.750
Building 4 5 0.062
60.000 57.000
60.000 57.250
60.250 57.250
60.250 57.000
Building 4 5 0.062
60.250 57.500
60.250 57.250
60.000 57.250
60.000 57.500
Building 4 5 0.062
60.000 62.500
60.000 62.750
60.250 62.750
60.250 62.500
Building 4 5 0.062
60.000 62.750
60.000 63.000
60.250 63.000
60.250 62.750
Building 4 5 0.062
60.000 63.000
60.000 63.250
60.250 63.250
60.250 63.000
Building 4 5 0.062
60.000 63.250
60.000 63.500
60.250 63.500
60.250 63.250
Building 4 5 0.062
60.000 63.500
60.000 63.750
60.250 63.750
60.250 63.500
Building 4 5 0.062
60.000 63.750
60.000 64.000
60.250 64.000
60.250 63.750
Building 4 5 0.062
60.000 64.000
60.000 64.250
60.250 64.250
60.250 64.000
Building 4 5 0.062
60.250 64.500
60.250 64.250
60.000 64.250
60.000 64.500
Building 4 5 0.062
60.250 55.500
60.250 55.750
60.500 55.750
60.500 55.500
Building 4 5 0.062
60.250 55.750
60.250 56.000
60.500 56.000
60.500 55.750
Building 4 5 0.062
60.250 56.000
60.250 56.250
60.500 56.250
60.500 56.000
Building 4 5 0.062
60.250 56.250
60.250 56.500
60.500 56.500
60.500 56.250
Building 4 5 0.062
60.250 56.500
60.250 56.750
60.500 56.750
60.500 56.500
Building 4 5 0.062
60.250 56.750
60.250 57.000
60.500 57.000
60.500 56.750
Building 4 5 0.062
60.250 57.000
60.250 57.250
60.500 57.250
60.500 57.000
Building 4 5 0.062
60.500 57.500
60.500 57.250
60.250 57.250
60.250 57.500
Building 4 5 0.062
60.250 62.500
60.250 62.750
60.500 62.750
60.500 62.500
Building 4 5 0.062
60.250 62.750
60.250 63.000
60.500 63.000
60.500 62.750
Building 4 5 0.062
60.250 63.000
60.250 63.250
60.500 63.250
60.500 63.000
Building 4 5 0.062
60.250 63.250
60.250 63.500
60.500 63.500
60.500 63.250
Building 4 5 0.062
60.250 63.500
60.250 63.750
60.500 63.750
60.500 63.500
Building 4 5 0.062
60.250 63.750
60.250 64.000
60.500 64.000
60.500 63.750
Building 4 5 0.062
60.250 64.000
60.250 64.250
60.500 64.250
60.500 64.000
Building 4 5 0.062
60.500 64.500
60.500 64.250
60.250 64.250
60.250 64.500
Building 4 5 0.062
60.500 55.500
60.500 55.750
60.750 55.750
60.750 55.500
Building 4 5 0.062
60.500 55.750
60.500 56.000
60.750 56.000
60.750 55.750
Building 4 5 0.062
60.500 56.000
60.500 56.250
60.750 56.250
60.750 56.000
Building 4 5 0.062
60.500 56.250
60.500 56.500
60.750 56.500
60.750 56.250
Building 4 5 0.062
60.500 56.500
60.500 56.750
60.750 56.750
60.750 56.500
Building 4 5 0.062
60.500 56.750
60.500 57.000
60.750 57.000
60.750 56.750
Building 4 5 0.062
60.500 57.000
60.500 57.250
60.750 57.250
60.750 57.000
Building 4 5 0.062
60.750 57.500
60.750 57.250
60.500 57.250
60.500 57.500
Building 4 5 0.062
60.500 62.500
60.500 62.750
60.750 62.750
60.750 62.500
Building 4 5 0.062
60.500 62.750
60.500 63.000
60.750 63.000
60.750 62.750
Building 4 5 0.062
60.500 63.000
60.500 63.250
60.750 63.250
60.750 63.000
Building 4 5 0.062
60.500 63.250
60.500 63.500
60.750 63.500
60.750 63.250
Building 4 5 0.062
60.500 63.500
60.500 63.750
60.750 63.750
60.750 63.500
Building 4 5 0.062
60.500 63.750
60.500 64.000
60.750 64.000
60.750 63.750
Building 4 5 0.062
60.500 64.000
60.500 64.250
60.750 64.250
60.750 64.000
Building 4 5 0.062
60.750 64.500
60.750 64.250
60.500 64.250
60.500 64.500
Building 4 5 0.062
60.750 55.500
60.750 55.750
61.000 55.750
61.000 55.500
Building 4 5 0.062
60.750 55.750
60.750 56.000
61.000 56.000
61.000 55.750
Building 4 5 0.062
60.750 56.000
60.750 56.250
61.000 56.250
61.000 56.000
Building 4 5 0.062
60.750 56.250
60.750 56.500
61.000 56.500
61.000 56.250
Building 4 5 0.062
60.750 56.500
60.750 56.750
61.000 56.750
61.000 56.500
Building 4 5 0.062
60.750 56.750
60.750 57.000
61.000 57.000
61.000 56.750
Building 4 5 0.062
60.750 57.000
60.750 57.250
61.000 57.250
61.000 57.000
Building 4 5 0.062
61.000 57.500
61.000 57.250
60.750 57.250
60.750 57.500
Building 4 5 0.062
60.750 62.500
60.750 62.750
61.000 62.750
61.000 62.500
Building 4 5 0.062
60.750 62.750
60.750 63.000
61.000 63.000
61.000 62.750
Building 4 5 0.062
60.750 63.000
60.750 63.250
61.000 63.250
61.000 63.000
Building 4 5 0.062
60.750 63.250
60.750 63.500
61.000 63.500
61.000 63.250
Building 4 5 0.062
60.750 63.500
60.750 63.750
61.000 63.750
61.000 63.500
Building 4 5 0.062
60.750 63.750
60.750 64.000
61.000 64.000
61.000 63.750
Building 4 5 0.062
60.750 64.000
60.750 64.250
61.000 64.250
61.000 64.000
Building 4 5 0.062
61.000 64.500
61.000 64.250
60.750 64.250
60.750 64.500
Building 4 5 0.062
61.000 55.500
61.000 55.750
61.250 55.750
61.250 55.500
Building 4 5 0.062
61.000 55.750
61.000 56.000
61.250 56.000
61.250 55.750
Building 4 5 0.062
61.000 56.000
61.000 56.250
61.250 56.250
61.250 56.000
Building 4 5 0.062
61.000 56.250
61.000 56.500
61.250 56.500
61.250 56.250
Building 4 5 0.062
61.000 56.500
61.000 56.750
61.250 56.750
61.250 56.500
Building 4 5 0.062
61.000 56.750
61.000 57.000
61.250 57.000
61.250 56.750
Building 4 5 0.062
61.000 57.000
61.000 57.250
61.250 57.250
61.250 57.000
Building 4 5 0.062
61.250 57.500
61.250 57.250
61.000 57.250
61.000 57.500
Building 4 5 0.062
61.000 62.500
61.000 62.750
61.250 62.750
61.250 62.500
Building 4 5 0.062
61.000 62.750
61.000 63.000
61.250 63.000
61.250 62.750
Building 4 5 0.062
61.000 63.000
61.000 63.250
61.250 63.250
61.250 63.000
Building 4 5 0.062
61.000 63.250
61.000 63.500
61.250 63.500
61.250 63.250
Building 4 5 0.062
61.000 63.500
61.000 63.750
61.250 63.750
61.250 63.500
Building 4 5 0.062
61.000 63.750
61.000 64.000
61.250 64.000
61.250 63.750
Building 4 5 0.062
61.000 64.000
61.000 64.250
61.250 64.250
61.250 64.000
Building 4 5 0.062
61.250 64.500
61.250 64.250
61.000 64.250
61.000 64.500
Building 4 5 0.062
61.250 55.500
61.250 55.750
61.500 55.750
61.500 55.500
Building 4 5 0.062
61.250 55.750
61.250 56.000
61.500 56.000
61.500 55.750
Building 4 5 0.062
61.250 56.000
61.250 56.250
61.500 56.250
61.500 56.000
Building 4 5 0.062
61.250 56.250
61.250 56.500
61.500 56.500
61.500 56.250
Building 4 5 0.062
61.250 56.500
61.250 56.750
61.500 56.750
61.500 56.500
Building 4 5 0.062
61.250 56.750
61.250 57.000
61.500 57.000
61.500 56.750
Building 4 5 0.062
61.250 57.000
61.250 57.250
61.500 57.250
61.500 57.000
Building 4 5 0.062
61.500 57.500
61.500 57.250
61.250 57.250
61.250 57.500
Building 4 5 0.062
61.250 62.500
61.250 62.750
61.500 62.750
61.500 62.500
Building 4 5 0.062
61.250 62.750
61.250 63.000
61.500 63.000
61.500 62.750
Building 4 5 0.062
61.250 63.000
61.250 63.250
61.500 63.250
61.500 63.000
Building 4 5 0.062
61.250 63.250
61.250 63.500
61.500 63.500
61.500 63.250
Building 4 5 0.062
61.250 63.500
61.250 63.750
61.500 63.750
61.500 63.500
Building 4 5 0.062
61.250 63.750
61.250 64.000
61.500 64.000
61.500 63.750
Building 4 5 0.062
61.250 64.000
61.250 64.250
61.500 64.250
61.500 64.000
Building 4 5 0.062
61.500 64.500
61.500 64.250
61.250 64.250
61.250 64.500
Building 4 5 0.062
61.500 55.500
61.500 55.750
61.750 55.750
61.750 55.500
Building 4 5 0.062
61.500 55.750
61.500 56.000
61.750 56.000
61.750 55.750
Building 4 5 0.062
61.500 56.000
61.500 56.250
61.750 56.250
61.750 56.000
Building 4 5 0.062
61.500 56.250
61.500 56.500
61.750 56.500
61.750 56.250
Building 4 5 0.062
61.500 56.500
61.500 56.750
61.750 56.750
61.750 56.500
Building 4 5 0.062
61.500 56.750
61.500 57.000
61.750 57.000
61.750 56.750
Building 4 5 0.062
61.500 57.000
61.500 57.250
61.750 57.250
61.750 57.000
Building 4 5 0.062
61.750 57.500
61.750 57.250
61.500 57.250
61.500 57.500
Building 4 5 0.062
61.500 62.500
61.500 62.750
61.750 62.750
61.750 62.500
Building 4 5 0.062
61.500 62.750
61.500 63.000
61.750 63.000
61.750 62.750
Building 4 5 0.062
61.500 63.000
61.500 63.250
61.750 63.250
61.750 63.000
Building 4 5 0.062
61.500 63.250
61.500 63.500
61.750 63.500
61.750 63.250
Building 4 5 0.062
61.500 63.500
61.500 63.750
61.750 63.750
61.750 63.500
Building 4 5 0.062
61.500 63.750
61.500 64.000
61.750 64.000
61.750 63.750
Building 4 5 0.062
61.500 64.000
61.500 64.250
61.750 64.250
61.750 64.000
Building 4 5 0.062
61.750 64.500
61.750 64.250
61.500 64.250
61.500 64.500
Building 4 5 0.062
61.750 55.500
61.750 55.750
62.000 55.750
62.000 55.500
Building 4 5 0.062
61.750 55.750
61.750 56.000
62.000 56.000
62.000 55.750
Building 4 5 0.062
61.750 56.000
61.750 56.250
62.000 56.250
62.000 56.000
Building 4 5 0.062
61.750 56.250
61.750 56.500
62.000 56.500
62.000 56.250
Building 4 5 0.062
61.750 56.500
61.750 56.750
62.000 56.750
62.000 56.500
Building 4 5 0.062
61.750 56.750
61.750 57.000
62.000 57.000
62.000 56.750
Building 4 5 0.062
61.750 57.000
61.750 57.250
62.000 57.250
62.000 57.000
Building 4 5 0.062
62.000 57.500
62.000 57.250
61.750 57.250
61.750 57.500
Building 4 5 0.062
61.750 62.500
61.750 62.750
62.000 62.750
62.000 62.500
Building 4 5 0.062
61.750 62.750
61.750 63.000
62.000 63.000
62.000 62.750
Building 4 5 0.062
61.750 63.000
61.750 63.250
62.000 63.250
62.000 63.000
Building 4 5 0.062
61.750 63.250
61.750 63.500
62.000 63.500
62.000 63.250
Building 4 5 0.062
61.750 63.500
61.750 63.750
62.000 63.750
62.000 63.500
Building 4 5 0.062
61.750 63.750
61.750 64.000
62.000 64.000
62.000 63.750
Building 4 5 0.062
61.750 64.000
61.750 64.250
62.000 64.250
62.000 64.000
Building 4 5 0.062
62.000 64.500
62.000 64.250
61.750 64.250
61.750 64.500
Building 4 5 0.062
62.000 55.500
62.000 55.750
62.250 55.750
62.250 55.500
Building 4 5 0.062
62.000 55.750
62.000 56.000
62.250 56.000
62.250 55.750
Building 4 5 0.062
62.000 56.000
62.000 56.250
62.250 56.250
62.250 56.000
Building 4 5 0.062
62.000 56.250
62.000 56.500
62.250 56.500
62.250 56.250
Building 4 5 0.062
62.000 56.500
62.000 56.750
62.250 56.750
62.250 56.500
Building 4 5 0.062
62.000 56.750
62.000 57.000
62.250 57.000
62.250 56.750
Building 4 5 0.062
62.000 57.000
62.000 57.250
62.250 57.250
62.250 57.000
Building 4 5 0.062
62.250 57.500
62.250 57.250
62.000 57.250
62.000 57.500
Building 4 5 0.062
62.000 62.500
62.000 62.750
62.250 62.750
62.250 62.500
Building 4 5 0.062
62.000 62.750
62.000 63.000
62.250 63.000
62.250 62.750
Building 4 5 0.062
62.000 63.000
62.000 63.250
62.250 63.250
62.250 63.000
Building 4 5 0.062
62.000 63.250
62.000 63.500
62.250 63.500
62.250 63.250
Building 4 5 0.062
62.000 63.500
62.000 63.750
62.250 63.750
62.250 63.500
Building 4 5 0.062
62.000 63.750
62.000 64.000
62.250 64.000
62.250 63.750
Building 4 5 0.062
62.000 64.000
62.000 64.250
62.250 64.250
62.250 64.000
Building 4 5 0.062
62.250 64.500
62.250 64.250
62.000 64.250
62.000 64.500
Building 4 5 0.062
62.250 55.500
62.250 55.750
62.500 55.750
62.500 55.500
Building 4 5 0.062
62.250 55.750
62.250 56.000
62.500 56.000
62.500 55.750
Building 4 5 0.062
62.250 56.000
62.250 56.250
62.500 56.250
62.500 56.000
Building 4 5 0.062
62.250 56.250
62.250 56.500
62.500 56.500
62.500 56.250
Building 4 5 0.062
62.250 56.500
62.250 56.750
62.500 56.750
62.500 56.500
Building 4 5 0.062
62.250 56.750
62.250 57.000
62.500 57.000
62.500 56.750
Building 4 5 0.062
62.250 57.000
62.250 57.250
62.500 57.250
62.500 57.000
Building 4 5 0.062
62.500 57.500
62.500 57.250
62.250 57.250
62.250 57.500
Building 4 5 0.062
62.250 62.500
62.250 62.750
62.500 62.750
62.500 62.500
Building 4 5 0.062
62.250 62.750
62.250 63.000
62.500 63.000
62.500 62.750
Building 4 5 0.062
62.250 63.000
62.250 63.250
62.500 63.250
62.500 63.000
Building 4 5 0.062
62.250 63.250
62.250 63.500
62.500 63.500
62.500 63.250
Building 4 5 0.062
62.250 63.500
62.250 63.750
62.500 63.750
62.500 63.500
Building 4 5 0.062
62.250 63.750
62.250 64.000
62.500 64.000
62.500 63.750
Building 4 5 0.062
62.250 64.000
62.250 64.250
62.500 64.250
62.500 64.000
Building 4 5 0.062
62.500 64.500
62.500 64.250
62.250 64.250
62.250 64.500
Building 4 5 0.062
62.500 55.500
62.500 55.750
62.750 55.750
62.750 55.500
Building 4 5 0.062
62.500 55.750
62.500 56.000
62.750 56.000
62.750 55.750
Building 4 5 0.062
62.500 56.000
62.500 56.250
62.750 56.250
62.750 56.000
Building 4 5 0.062
62.500 56.250
62.500 56.500
62.750 56.500
62.750 56.250
Building 4 5 0.062
62.500 56.500
62.500 56.750
62.750 56.750
62.750 56.500
Building 4 5 0.062
62.500 56.750
62.500 57.000
62.750 57.000
62.750 56.750
Building 4 5 0.062
62.500 57.000
62.500 57.250
62.750 57.250
62.750 57.000
Building 4 5 0.062
62.750 57.500
62.750 57.250
62.500 57.250
62.500 57.500
Building 4 5 0.062
62.500 62.500
62.500 62.750
62.750 62.750
62.750 62.500
Building 4 5 0.062
62.500 62.750
62.500 63.000
62.750 63.000
62.750 62.750
Building 4 5 0.062
62.500 63.000
62.500 63.250
62.750 63.250
62.750 63.000
Building 4 5 0.062
62.500 63.250
62.500 63.500
62.750 63.500
62.750 63.250
Building 4 5 0.062
62.500 63.500
62.500 63.750
62.750 63.750
62.750 63.500
Building 4 5 0.062
62.500 63.750
62.500 64.000
62.750 64.000
62.750 63.750
Building 4 5 0.062
62.500 64.000
62.500 64.250
62.750 64.250
62.750 64.000
Building 4 5 0.062
62.750 64.500
62.750 64.250
62.500 64.250
62.500 64.500
Building 4 5 0.062
62.750 55.500
62.750 55.750
63.000 55.750
63.000 55.500
Building 4 5 0.062
62.750 55.750
62.750 56.000
63.000 56.000
63.000 55.750
Building 4 5 0.062
62.750 56.000
62.750 56.250
63.000 56.250
63.000 56.000
Building 4 5 0.062
62.750 56.250
62.750 56.500
63.000 56.500
63.000 56.250
Building 4 5 0.062
62.750 56.500
62.750 56.750
63.000 56.750
63.000 56.500
Building 4 5 0.062
62.750 56.750
62.750 57.000
63.000 57.000
63.000 56.750
Building 4 5 0.062
62.750 57.000
62.750 57.250
63.000 57.250
63.000 57.000
Building 4 5 0.062
63.000 57.500
63.000 57.250
62.750 57.250
62.750 57.500
Building 4 5 0.062
62.750 62.500
62.750 62.750
63.000 62.750
63.000 62.500
Building 4 5 0.062
62.750 62.750
62.750 63.000
63.000 63.000
63.000 62.750
Building 4 5 0.062
62.750 63.000
62.750 63.250
63.000 63.250
63.000 63.000
Building 4 5 0.062
62.750 63.250
62.750 63.500
63.000 63.500
63.000 63.250
Building 4 5 0.062
62.750 63.500
62.750 63.750
63.000 63.750
63.000 63.500
Building 4 5 0.062
62.750 63.750
62.750 64.000
63.000 64.000
63.000 63.750
Building 4 5 0.062
62.750 64.000
62.750 64.250
63.000 64.250
63.000 64.000
Building 4 5 0.062
63.000 64.500
63.000 64.250
62.750 64.250
62.750 64.500
Building 4 5 0.062
63.000 55.500
63.000 55.750
63.250 55.750
63.250 55.500
Building 4 5 0.062
63.000 55.750
63.000 56.000
63.250 56.000
63.250 55.750
Building 4 5 0.062
63.000 56.000
63.000 56.250
63.250 56.250
63.250 56.000
Building 4 5 0.062
63.000 56.250
63.000 56.500
63.250 56.500
63.250 56.250
Building 4 5 0.062
63.000 56.500
63.000 56.750
63.250 56.750
63.250 56.500
Building 4 5 0.062
63.000 56.750
63.000 57.000
63.250 57.000
63.250 56.750
Building 4 5 0.062
63.000 57.000
63.000 57.250
63.250 57.250
63.250 57.000
Building 4 5 0.062
63.250 57.500
63.250 57.250
63.000 57.250
63.000 57.500
Building 4 5 0.062
63.000 62.500
63.000 62.750
63.250 62.750
63.250 62.500
Building 4 5 0.062
63.000 62.750
63.000 63.000
63.250 63.000
63.250 62.750
Building 4 5 0.062
63.000 63.000
63.000 63.250
63.250 63.250
63.250 63.000
Building 4 5 0.062
63.000 63.250
63.000 63.500
63.250 63.500
63.250 63.250
Building 4 5 0.062
63.000 63.500
63.000 63.750
63.250 63.750
63.250 63.500
Building 4 5 0.062
63.000 63.750
63.000 64.000
63.250 64.000
63.250 63.750
Building 4 5 0.062
63.000 64.000
63.000 64.250
63.250 64.250
63.250 64.000
Building 4 5 0.062
63.250 64.500
63.250 64.250
63.000 64.250
63.000 64.500
Building 4 5 0.062
63.250 55.500
63.250 55.750
63.500 55.750
63.500 55.500
Building 4 5 0.062
63.250 55.750
63.250 56.000
63.500 56.000
63.500 55.750
Building 4 5 0.062
63.250 56.000
63.250 56.250
63.500 56.250
63.500 56.000
Building 4 5 0.062
63.250 56.250
63.250 56.500
63.500 56.500
63.500 56.250
Building 4 5 0.062
63.250 56.500
63.250 56.750
63.500 56.750
63.500 56.500
Building 4 5 0.062
63.250 56.750
63.250 57.000
63.500 57.000
63.500 56.750
Building 4 5 0.062
63.250 57.000
63.250 57.250
63.500 57.250
63.500 57.000
Building 4 5 0.062
63.500 57.500
63.500 57.250
63.250 57.250
63.250 57.500
Building 4 5 0.062
63.250 62.500
63.250 62.750
63.500 62.750
63.500 62.500
Building 4 5 0.062
63.250 62.750
63.250 63.000
63.500 63.000
63.500 62.750
Building 4 5 0.062
63.250 63.000
63.250 63.250
63.500 63.250
63.500 63.000
Building 4 5 0.062
63.250 63.250
63.250 63.500
63.500 63.500
63.500 63.250
Building 4 5 0.062
63.250 63.500
63.250 63.750
63.500 63.750
63.500 63.500
Building 4 5 0.062
63.250 63.750
63.250 64.000
63.500 64.000
63.500 63.750
Building 4 5 0.062
63.250 64.000
63.250 64.250
63.500 64.250
63.500 64.000
Building 4 5 0.062
63.500 64.500
63.500 64.250
63.250 64.250
63.250 64.500
Building 4 5 0.062
63.500 55.500
63.500 55.750
63.750 55.750
63.750 55.500
Building 4 5 0.062
63.500 55.750
63.500 56.000
63.750 56.000
63.750 55.750
Building 4 5 0.062
63.500 56.000
63.500 56.250
63.750 56.250
63.750 56.000
Building 4 5 0.062
63.500 56.250
63.500 56.500
63.750 56.500
63.750 56.250
Building 4 5 0.062
63.500 56.500
63.500 56.750
63.750 56.750
63.750 56.500
Building 4 5 0.062
63.500 56.750
63.500 57.000
63.750 57.000
63.750 56.750
Building 4 5 0.062
63.500 57.000
63.500 57.250
63.750 57.250
63.750 57.000
Building 4 5 0.062
63.750 57.500
63.750 57.250
63.500 57.250
63.500 57.500
Building 4 5 0.062
63.500 62.500
63.500 62.750
63.750 62.750
63.750 62.500
Building 4 5 0.062
63.500 62.750
63.500 63.000
63.750 63.000
63.750 62.750
Building 4 5 0.062
63.500 63.000
63.500 63.250
63.750 63.250
63.750 63.000
Building 4 5 0.062
63.500 63.250
63.500 63.500
63.750 63.500
63.750 63.250
Building 4 5 0.062
63.500 63.500
63.500 63.750
63.750 63.750
63.750 63.500
Building 4 5 0.062
63.500 63.750
63.500 64.000
63.750 64.000
63.750 63.750
Building 4 5 0.062
63.500 64.000
63.500 64.250
63.750 64.250
63.750 64.000
Building 4 5 0.062
63.750 64.500
63.750 64.250
63.500 64.250
63.500 64.500
Building 4 5 0.062
63.750 55.500
63.750 55.750
64.000 55.750
64.000 55.500
Building 4 5 0.062
63.750 55.750
63.750 56.000
64.000 56.000
64.000 55.750
Building 4 5 0.062
63.750 56.000
63.750 56.250
64.000 56.250
64.000 56.000
Building 4 5 0.062
63.750 56.250
63.750 56.500
64.000 56.500
64.000 56.250
Building 4 5 0.062
63.750 56.500
63.750 56.750
64.000 56.750
64.000 56.500
Building 4 5 0.062
63.750 56.750
63.750 57.000
64.000 57.000
64.000 56.750
Building 4 5 0.062
63.750 57.000
63.750 57.250
64.000 57.250
64.000 57.000
Building 4 5 0.062
64.000 57.500
64.000 57.250
63.750 57.250
63.750 57.500
Building 4 5 0.062
63.750 62.500
63.750 62.750
64.000 62.750
64.000 62.500
Building 4 5 0.062
63.750 62.750
63.750 63.000
64.000 63.000
64.000 62.750
Building 4 5 0.062
63.750 63.000
63.750 63.250
64.000 63.250
64.000 63.000
Building 4 5 0.062
63.750 63.250
63.750 63.500
64.000 63.500
64.000 63.250
Building 4 5 0.062
63.750 63.500
63.750 63.750
64.000 63.750
64.000 63.500
Building 4 5 0.062
63.750 63.750
63.750 64.000
64.000 64.000
64.000 63.750
Building 4 5 0.062
63.750 64.000
63.750 64.250
64.000 64.250
64.000 64.000
Building 4 5 0.062
64.000 64.500
64.000 64.250
63.750 64.250
63.750 64.500
Building 4 5 0.062
64.000 55.500
64.000 55.750
64.250 55.750
64.250 55.500
Building 4 5 0.062
64.000 55.750
64.000 56.000
64.250 56.000
64.250 55.750
Building 4 5 0.062
64.000 56.000
64.000 56.250
64.250 56.250
64.250 56.000
Building 4 5 0.062
64.000 56.250
64.000 56.500
64.250 56.500
64.250 56.250
Building 4 5 0.062
64.000 56.500
64.000 56.750
64.250 56.750
64.250 56.500
Building 4 5 0.062
64.000 56.750
64.000 57.000
64.250 57.000
64.250 56.750
Building 4 5 0.062
64.000 57.000
64.000 57.250
64.250 57.250
64.250 57.000
Building 4 5 0.062
64.250 57.500
64.250 57.250
64.000 57.250
64.000 57.500
Building 4 5 0.062
64.000 62.500
64.000 62.750
64.250 62.750
64.250 62.500
Building 4 5 0.062
64.000 62.750
64.000 63.000
64.250 63.000
64.250 62.750
Building 4 5 0.062
64.000 63.000
64.000 63.250
64.250 63.250
64.250 63.000
Building 4 5 0.062
64.000 63.250
64.000 63.500
64.250 63.500
64.250 63.250
Building 4 5 0.062
64.000 63.500
64.000 63.750
64.250 63.750
64.250 63.500
Building 4 5 0.062
64.000 63.750
64.000 64.000
64.250 64.000
64.250 63.750
Building 4 5 0.062
64.000 64.000
64.000 64.250
64.250 64.250
64.250 64.000
Building 4 5 0.062
64.250 64.500
64.250 64.250
64.000 64.250
64.000 64.500
Building 4 5 0.062
64.250 55.500
64.250 55.750
64.500 55.750
64.500 55.500
Building 4 5 0.062
64.250 55.750
64.250 56.000
64.500 56.000
64.500 55.750
Building 4 5 0.062
64.250 56.000
64.250 56.250
64.500 56.250
64.500 56.000
Building 4 5 0.062
64.250 56.250
64.250 56.500
64.500 56.500
64.500 56.250
Building 4 5 0.062
64.250 56.500
64.250 56.750
64.500 56.750
64.500 56.500
Building 4 5 0.062
64.250 56.750
64.250 57.000
64.500 57.000
64.500 56.750
Building 4 5 0.062
64.250 57.000
64.250 57.250
64.500 57.250
64.500 57.000
Building 4 5 0.062
64.500 57.500
64.500 57.250
64.250 57.250
64.250 57.500
Building 4 5 0.062
64.250 62.500
64.250 62.750
64.500 62.750
64.500 62.500
Building 4 5 0.062
64.250 62.750
64.250 63.000
64.500 63.000
64.500 62.750
Building 4 5 0.062
64.250 63.000
64.250 63.250
64.500 63.250
64.500 63.000
Building 4 5 0.062
64.250 63.250
64.250 63.500
64.500 63.500
64.500 63.250
Building 4 5 0.062
64.250 63.500
64.250 63.750
64.500 63.750
64.500 63.500
Building 4 5 0.062
64.250 63.750
64.250 64.000
64.500 64.000
64.500 63.750
Building 4 5 0.062
64.250 64.000
64.250 64.250
64.500 64.250
64.500 64.000
Building 4 5 0.062
64.500 64.500
64.500 64.250
64.250 64.250
64.250 64.500
Building 4 5 0.062
64.500 55.500
64.500 55.750
64.750 55.750
64.750 55.500
Building 4 5 0.062
64.500 55.750
64.500 56.000
64.750 56.000
64.750 55.750
Building 4 5 0.062
64.500 56.000
64.500 56.250
64.750 56.250
64.750 56.000
Building 4 5 0.062
64.500 56.250
64.500 56.500
64.750 56.500
64.750 56.250
Building 4 5 0.062
64.500 56.500
64.500 56.750
64.750 56.750
64.750 56.500
Building 4 5 0.062
64.500 56.750
64.500 57.000
64.750 57.000
64.750 56.750
Building 4 5 0.062
64.500 57.000
64.500 57.250
64.750 57.250
64.750 57.000
Building 4 5 0.062
64.750 57.500
64.750 57.250
64.500 57.250
64.500 57.500
Building 4 5 0.062
64.500 62.500
64.500 62.750
64.750 62.750
64.750 62.500
Building 4 5 0.062
64.500 62.750
64.500 63.000
64.750 63.000
64.750 62.750
Building 4 5 0.062
64.500 63.000
64.500 63.250
64.750 63.250
64.750 63.000
Building 4 5 0.062
64.500 63.250
64.500 63.500
64.750 63.500
64.750 63.250
Building 4 5 0.062
64.500 63.500
64.500 63.750
64.750 63.750
64.750 63.500
Building 4 5 0.062
64.500 63.750
64.500 64.000
64.750 64.000
64.750 63.750
Building 4 5 0.062
64.500 64.000
64.500 64.250
64.750 64.250
64.750 64.000
Building 4 5 0.062
64.750 64.500
64.750 64.250
64.500 64.250
64.500 64.500
Building 4 5 0.062
64.750 55.500
64.750 55.750
65.000 55.750
65.000 55.500
Building 4 5 0.062
64.750 55.750
64.750 56.000
65.000 56.000
65.000 55.750
Building 4 5 0.062
64.750 56.000
64.750 56.250
65.000 56.250
65.000 56.000
Building 4 5 0.062
64.750 56.250
64.750 56.500
65.000 56.500
65.000 56.250
Building 4 5 0.062
64.750 56.500
64.750 56.750
65.000 56.750
65.000 56.500
Building 4 5 0.062
64.750 56.750
64.750 57.000
65.000 57.000
65.000 56.750
Building 4 5 0.062
64.750 57.000
64.750 57.250
65.000 57.250
65.000 57.000
Building 4 5 0.062
65.000 57.500
65.000 57.250
64.750 57.250
64.750 57.500
Building 4 5 0.062
64.750 62.500
64.750 62.750
65.000 62.750
65.000 62.500
Building 4 5 0.062
64.750 62.750
64.750 63.000
65.000 63.000
65.000 62.750
Building 4 5 0.062
64.750 63.000
64.750 63.250
65.000 63.250
65.000 63.000
Building 4 5 0.062
64.750 63.250
64.750 63.500
65.000 63.500
65.000 63.250
Building 4 5 0.062
64.750 63.500
64.750 63.750
65.000 63.750
65.000 63.500
Building 4 5 0.062
64.750 63.750
64.750 64.000
65.000 64.000
65.000 63.750
Building 4 5 0.062
64.750 64.000
64.750 64.250
65.000 64.250
65.000 64.000
Building 4 5 0.062
65.000 64.500
65.000 64.250
64.750 64.250
64.750 64.500
Building 4 5 0.062
65.000 55.500
65.000 55.750
65.250 55.750
65.250 55.500
Building 4 5 0.062
65.000 55.750
65.000 56.000
65.250 56.000
65.250 55.750
Building 4 5 0.062
65.000 56.000
65.000 56.250
65.250 56.250
65.250 56.000
Building 4 5 0.062
65.000 56.250
65.000 56.500
65.250 56.500
65.250 56.250
Building 4 5 0.062
65.000 56.500
65.000 56.750
65.250 56.750
65.250 56.500
Building 4 5 0.062
65.000 56.750
65.000 57.000
65.250 57.000
65.250 56.750
Building 4 5 0.062
65.000 57.000
65.000 57.250
65.250 57.250
65.250 57.000
Building 4 5 0.062
65.250 57.500
65.250 57.250
65.000 57.250
65.000 57.500
Building 4 5 0.062
65.000 57.750
65.250 57.750
65.250 57.500
65.000 57.500
Building 4 5 0.062
65.000 58.000
65.250 58.000
65.250 57.750
65.000 57.750
Building 4 5 0.062
65.000 58.250
65.250 58.250
65.250 58.000
65.000 58.000
Building 4 5 0.062
65.000 58.500
65.250 58.500
65.250 58.250
65.000 58.250
Building 4 5 0.062
65.000 58.750
65.250 58.750
65.250 58.500
65.000 58.500
Building 4 5 0.062
65.000 59.000
65.250 59.000
65.250 58.750
65.000 58.750
Building 4 5 0.062
65.000 59.250
65.250 59.250
65.250 59.000
65.000 59.000
Building 4 5 0.062
65.000 59.500
65.250 59.500
65.250 59.250
65.000 59.250
Building 4 5 0.062
65.000 59.750
65.250 59.750
65.250 59.500
65.000 59.500
Building 4 5 0.062
65.000 60.000
65.250 60.000
65.250 59.750
65.000 59.750
Building 4 5 0.062
65.000 60.250
65.250 60.250
65.250 60.000
65.000 60.000
Building 4 5 0.062
65.000 60.500
65.250 60.500
65.250 60.250
65.000 60.250
Building 4 5 0.062
65.000 60.750
65.250 60.750
65.250 60.500
65.000 60.500
Building 4 5 0.062
65.000 61.000
65.250 61.000
65.250 60.750
65.000 60.750
Building 4 5 0.062
65.000 61.250
65.250 61.250
65.250 61.000
65.000 61.000
Building 4 5 0.062
65.000 61.500
65.250 61.500
65.250 61.250
65.000 61.250
Building 4 5 0.062
65.000 61.750
65.250 61.750
65.250 61.500
65.000 61.500
Building 4 5 0.062
65.000 62.000
65.250 62.000
65.250 61.750
65.000 61.750
Building 4 5 0.062
65.000 62.250
65.250 62.250
65.250 62.000
65.000 62.000
Building 4 5 0.062
65.000 62.500
65.250 62.500
65.250 62.250
65.000 62.250
Building 4 5 0.062
65.000 62.750
65.250 62.750
65.250 62.500
65.000 62.500
Building 4 5 0.062
65.000 62.750
65.000 63.000
65.250 63.000
65.250 62.750
Building 4 5 0.062
65.000 63.000
65.000 63.250
65.250 63.250
65.250 63.000
Building 4 5 0.062
65.000 63.250
65.000 63.500
65.250 63.500
65.250 63.250
Building 4 5 0.062
65.000 63.500
65.000 63.750
65.250 63.750
65.250 63.500
Building 4 5 0.062
65.000 63.750
65.000 64.000
65.250 64.000
65.250 63.750
Building 4 5 0.062
65.000 64.000
65.000 64.250
65.250 64.250
65.250 64.000
Building 4 5 0.062
65.250 64.500
65.250 64.250
65.000 64.250
65.000 64.500
Building 4 5 0.062
65.250 55.500
65.250 55.750
65.500 55.750
65.500 55.500
Building 4 5 0.062
65.250 55.750
65.250 56.000
65.500 56.000
65.500 55.750
Building 4 5 0.062
65.250 56.000
65.250 56.250
65.500 56.250
65.500 56.000
Building 4 5 0.062
65.250 56.250
65.250 56.500
65.500 56.500
65.500 56.250
Building 4 5 0.062
65.250 56.500
65.250 56.750
65.500 56.750
65.500 56.500
Building 4 5 0.062
65.250 56.750
65.250 57.000
65.500 57.000
65.500 56.750
Building 4 5 0.062
65.250 57.000
65.250 57.250
65.500 57.250
65.500 57.000
Building 4 5 0.062
65.250 57.250
65.250 57.500
65.500 57.500
65.500 57.250
Building 4 5 0.062
65.250 57.500
65.250 57.750
65.500 57.750
65.500 57.500
Building 4 5 0.062
65.250 57.750
65.250 58.000
65.500 58.000
65.500 57.750
Building 4 5 0.062
65.250 58.000
65.250 58.250
65.500 58.250
65.500 58.000
Building 4 5 0.062
65.250 58.250
65.250 58.500
65.500 58.500
65.500 58.250
Building 4 5 0.062
65.250 58.500
65.250 58.750
65.500 58.750
65.500 58.500
Building 4 5 0.062
65.250 58.750
65.250 59.000
65.500 59.000
65.500 58.750
Building 4 5 0.062
65.250 59.000
65.250 59.250
65.500 59.250
65.500 59.000
Building 4 5 0.062
65.250 59.250
65.250 59.500
65.500 59.500
65.500 59.250
Building 4 5 0.062
65.250 59.500
65.250 59.750
65.500 59.750
65.500 59.500
Building 4 5 0.062
65.250 59.750
65.250 60.000
65.500 60.000
65.500 59.750
Building 4 5 0.062
65.250 60.000
65.250 60.250
65.500 60.250
65.500 60.000
Building 4 5 0.062
65.250 60.250
65.250 60.500
65.500 60.500
65.500 60.250
Building 4 5 0.062
65.250 60.500
65.250 60.750
65.500 60.750
65.500 60.500
Building 4 5 0.062
65.250 60.750
65.250 61.000
65.500 61.000
65.500 60.750
Building 4 5 0.062
65.250 61.000
65.250 61.250
65.500 61.250
65.500 61.000
Building 4 5 0.062
65.250 61.250
65.250 61.500
65.500 61.500
65.500 61.250
Building 4 5 0.062
65.250 61.500
65.250 61.750
65.500 61.750
65.500 61.500
Building 4 5 0.062
65.250 61.750
65.250 62.000
65.500 62.000
65.500 61.750
Building 4 5 0.062
65.250 62.000
65.250 62.250
65.500 62.250
65.500 62.000
Building 4 5 0.062
65.250 62.250
65.250 62.500
65.500 62.500
65.500 62.250
Building 4 5 0.062
65.250 62.500
65.250 62.750
65.500 62.750
65.500 62.500
Building 4 5 0.062
65.250 62.750
65.250 63.000
65.500 63.000
65.500 62.750
Building 4 5 0.062
65.250 63.000
65.250 63.250
65.500 63.250
65.500 63.000
Building 4 5 0.062
65.250 63.250
65.250 63.500
65.500 63.500
65.500 63.250
Building 4 5 0.062
65.250 63.500
65.250 63.750
65.500 63.750
65.500 63.500
Building 4 5 0.062
65.250 63.750
65.250 64.000
65.500 64.000
65.500 63.750
Building 4 5 0.062
65.250 64.000
65.250 64.250
65.500 64.250
65.500 64.000
Building 4 5 0.062
65.500 64.500
65.500 64.250
65.250 64.250
65.250 64.500
Building 4 5 0.062
65.500 55.500
65.500 55.750
65.750 55.750
65.750 55.500
Building 4 5 0.062
65.500 55.750
65.500 56.000
65.750 56.000
65.750 55.750
Building 4 5 0.062
65.500 56.000
65.500 56.250
65.750 56.250
65.750 56.000
Building 4 5 0.062
65.500 56.250
65.500 56.500
65.750 56.500
65.750 56.250
Building 4 5 0.062
65.500 56.500
65.500 56.750
65.750 56.750
65.750 56.500
Building 4 5 0.062
65.500 56.750
65.500 57.000
65.750 57.000
65.750 56.750
Building 4 5 0.062
65.500 57.000
65.500 57.250
65.750 57.250
65.750 57.000
Building 4 5 0.062
65.500 57.250
65.500 57.500
65.750 57.500
65.750 57.250
Building 4 5 0.062
65.500 57.500
65.500 57.750
65.750 57.750
65.750 57.500
Building 4 5 0.062
65.500 57.750
65.500 58.000
65.750 58.000
65.750 57.750
Building 4 5 0.062
65.500 58.000
65.500 58.250
65.750 58.250
65.750 58.000
Building 4 5 0.062
65.500 58.250
65.500 58.500
65.750 58.500
65.750 58.250
Building 4 5 0.062
65.500 58.500
65.500 58.750
65.750 58.750
65.750 58.500
Building 4 5 0.062
65.500 58.750
65.500 59.000
65.750 59.000
65.750 58.750
Building 4 5 0.062
65.500 59.000
65.500 59.250
65.750 59.250
65.750 59.000
Building 4 5 0.062
65.500 59.250
65.500 59.500
65.750 59.500
65.750 59.250
Building 4 5 0.062
65.500 59.500
65.500 59.750
65.750 59.750
65.750 59.500
Building 4 5 0.062
65.500 59.750
65.500 60.000
65.750 60.000
65.750 59.750
Building 4 5 0.062
65.500 60.000
65.500 60.250
65.750 60.250
65.750 60.000
Building 4 5 0.062
65.500 60.250
65.500 60.500
65.750 60.500
65.750 60.250
Building 4 5 0.062
65.500 60.500
65.500 60.750
65.750 60.750
65.750 60.500
Building 4 5 0.062
65.500 60.750
65.500 61.000
65.750 61.000
65.750 60.750
Building 4 5 0.062
65.500 61.000
65.500 61.250
65.750 61.250
65.750 61.000
Building 4 5 0.062
65.500 61.250
65.500 61.500
65.750 61.500
65.750 61.250
Building 4 5 0.062
65.500 61.500
65.500 61.750
65.750 61.750
65.750 61.500
Building 4 5 0.062
65.500 61.750
65.500 62.000
65.750 62.000
65.750 61.750
Building 4 5 0.062
65.500 62.000
65.500 62.250
65.750 62.250
65.750 62.000
Building 4 5 0.062
65.500 62.250
65.500 62.500
65.750 62.500
65.750 62.250
Building 4 5 0.062
65.500 62.500
65.500 62.750
65.750 62.750
65.750 62.500
Building 4 5 0.062
65.500 62.750
65.500 63.000
65.750 63.000
65.750 62.750
Building 4 5 0.062
65.500 63.000
65.500 63.250
65.750 63.250
65.750 63.000
Building 4 5 0.062
65.500 63.250
65.500 63.500
65.750 63.500
65.750 63.250
Building 4 5 0.062
65.500 63.500
65.500 63.750
65.750 63.750
65.750 63.500
Building 4 5 0.062
65.500 63.750
65.500 64.000
65.750 64.000
65.750 63.750
Building 4 5 0.062
65.500 64.000
65.500 64.250
65.750 64.250
65.750 64.000
Building 4 5 0.062
65.750 64.500
65.750 64.250
65.500 64.250
65.500 64.500
Building 4 5 0.062
65.750 55.500
65.750 55.750
66.000 55.750
66.000 55.500
Building 4 5 0.062
65.750 55.750
65.750 56.000
66.000 56.000
66.000 55.750
Building 4 5 0.062
65.750 56.000
65.750 56.250
66.000 56.250
66.000 56.000
Building 4 5 0.062
65.750 56.250
65.750 56.500
66.000 56.500
66.000 56.250
Building 4 5 0.062
65.750 56.500
65.750 56.750
66.000 56.750
66.000 56.500
Building 4 5 0.062
65.750 56.750
65.750 57.000
66.000 57.000
66.000 56.750
Building 4 5 0.062
65.750 57.000
65.750 57.250
66.000 57.250
66.000 57.000
Building 4 5 0.062
65.750 57.250
65.750 57.500
66.000 57.500
66.000 57.250
Building 4 5 0.062
65.750 57.500
65.750 57.750
66.000 57.750
66.000 57.500
Building 4 5 0.062
65.750 57.750
65.750 58.000
66.000 58.000
66.000 57.750
Building 4 5 0.062
65.750 58.000
65.750 58.250
66.000 58.250
66.000 58.000
Building 4 5 0.062
65.750 58.250
65.750 58.500
66.000 58.500
66.000 58.250
Building 4 5 0.062
65.750 58.500
65.750 58.750
66.000 58.750
66.000 58.500
Building 4 5 0.062
65.750 58.750
65.750 59.000
66.000 59.000
66.000 58.750
Building 4 5 0.062
65.750 59.000
65.750 59.250
66.000 59.250
66.000 59.000
Building 4 5 0.062
65.750 59.250
65.750 59.500
66.000 59.500
66.000 59.250
Building 4 5 0.062
65.750 59.500
65.750 59.750
66.000 59.750
66.000 59.500
Building 4 5 0.062
65.750 59.750
65.750 60.000
66.000 60.000
66.000 59.750
Building 4 5 0.062
65.750 60.000
65.750 60.250
66.000 60.250
66.000 60.000
Building 4 5 0.062
65.750 60.250
65.750 60.500
66.000 60.500
66.000 60.250
Building 4 5 0.062
65.750 60.500
65.750 60.750
66.000 60.750
66.000 60.500
Building 4 5 0.062
65.750 60.750
65.750 61.000
66.000 61.000
66.000 60.750
Building 4 5 0.062
65.750 61.000
65.750 61.250
66.000 61.250
66.000 61.000
Building 4 5 0.062
65.750 61.250
65.750 61.500
66.000 61.500
66.000 61.250
Building 4 5 0.062
65.750 61.500
65.750 61.750
66.000 61.750
66.000 61.500
Building 4 5 0.062
65.750 61.750
65.750 62.000
66.000 62.000
66.000 61.750
Building 4 5 0.062
65.750 62.000
65.750 62.250
66.000 62.250
66.000 62.000
Building 4 5 0.062
65.750 62.250
65.750 62.500
66.000 62.500
66.000 62.250
Building 4 5 0.062
65.750 62.500
65.750 62.750
66.000 62.750
66.000 62.500
Building 4 5 0.062
65.750 62.750
65.750 63.000
66.000 63.000
66.000 62.750
Building 4 5 0.062
65.750 63.000
65.750 63.250
66.000 63.250
66.000 63.000
Building 4 5 0.062
65.750 63.250
65.750 63.500
66.000 63.500
66.000 63.250
Building 4 5 0.062
65.750 63.500
65.750 63.750
66.000 63.750
66.000 63.500
Building 4 5 0.062
65.750 63.750
65.750 64.000
66.000 64.000
66.000 63.750
Building 4 5 0.062
65.750 64.000
65.750 64.250
66.000 64.250
66.000 64.000
Building 4 5 0.062
66.000 64.500
66.000 64.250
65.750 64.250
65.750 64.500
Building 4 5 0.062
66.000 55.500
66.000 55.750
66.250 55.750
66.250 55.500
Building 4 5 0.062
66.000 55.750
66.000 56.000
66.250 56.000
66.250 55.750
Building 4 5 0.062
66.000 56.000
66.000 56.250
66.250 56.250
66.250 56.000
Building 4 5 0.062
66.000 56.250
66.000 56.500
66.250 56.500
66.250 56.250
Building 4 5 0.062
66.000 56.500
66.000 56.750
66.250 56.750
66.250 56.500
Building 4 5 0.062
66.000 56.750
66.000 57.000
66.250 57.000
66.250 56.750
Building 4 5 0.062
66.000 57.000
66.000 57.250
66.250 57.250
66.250 57.000
Building 4 5 0.062
66.000 57.250
66.000 57.500
66.250 57.500
66.250 57.250
Building 4 5 0.062
66.000 57.500
66.000 57.750
66.250 57.750
66.250 57.500
Building 4 5 0.062
66.000 57.750
66.000 58.000
66.250 58.000
66.250 57.750
Building 4 5 0.062
66.000 58.000
66.000 58.250
66.250 58.250
66.250 58.000
Building 4 5 0.062
66.000 58.250
66.000 58.500
66.250 58.500
66.250 58.250
Building 4 5 0.062
66.000 58.500
66.000 58.750
66.250 58.750
66.250 58.500
Building 4 5 0.062
66.000 58.750
66.000 59.000
66.250 59.000
66.250 58.750
Building 4 5 0.062
66.000 59.000
66.000 59.250
66.250 59.250
66.250 59.000
Building 4 5 0.062
66.000 59.250
66.000 59.500
66.250 59.500
66.250 59.250
Building 4 5 0.062
66.000 59.500
66.000 59.750
66.250 59.750
66.250 59.500
Building 4 5 0.062
66.000 59.750
66.000 60.000
66.250 60.000
66.250 59.750
Building 4 5 0.062
66.000 60.000
66.000 60.250
66.250 60.250
66.250 60.000
Building 4 5 0.062
66.000 60.250
66.000 60.500
66.250 60.500
66.250 60.250
Building 4 5 0.062
66.000 60.500
66.000 60.750
66.250 60.750
66.250 60.500
Building 4 5 0.062
66.000 60.750
66.000 61.000
66.250 61.000
66.250 60.750
Building 4 5 0.062
66.000 61.000
66.000 61.250
66.250 61.250
66.250 61.000
Building 4 5 0.062
66.000 61.250
66.000 61.500
66.250 61.500
66.250 61.250
Building 4 5 0.062
66.000 61.500
66.000 61.750
66.250 61.750
66.250 61.500
Building 4 5 0.062
66.000 61.750
66.000 62.000
66.250 62.000
66.250 61.750
Building 4 5 0.062
66.000 62.000
66.000 62.250
66.250 62.250
66.250 62.000
Building 4 5 0.062
66.000 62.250
66.000 62.500
66.250 62.500
66.250 62.250
Building 4 5 0.062
66.000 62.500
66.000 62.750
66.250 62.750
66.250 62.500
Building 4 5 0.062
66.000 62.750
66.000 63.000
66.250 63.000
66.250 62.750
Building 4 5 0.062
66.000 63.000
66.000 63.250
66.250 63.250
66.250 63.000
Building 4 5 0.062
66.000 63.250
66.000 63.500
66.250 63.500
66.250 63.250
Building 4 5 0.062
66.000 63.500
66.000 63.750
66.250 63.750
66.250 63.500
Building 4 5 0.062
66.000 63.750
66.000 64.000
66.250 64.000
66.250 63.750
Building 4 5 0.062
66.000 64.000
66.000 64.250
66.250 64.250
66.250 64.000
Building 4 5 0.062
66.250 64.500
66.250 64.250
66.000 64.250
66.000 64.500
Building 4 5 0.062
66.250 55.500
66.250 55.750
66.500 55.750
66.500 55.500
Building 4 5 0.062
66.250 55.750
66.250 56.000
66.500 56.000
66.500 55.750
Building 4 5 0.062
66.250 56.000
66.250 56.250
66.500 56.250
66.500 56.000
Building 4 5 0.062
66.250 56.250
66.250 56.500
66.500 56.500
66.500 56.250
Building 4 5 0.062
66.250 56.500
66.250 56.750
66.500 56.750
66.500 56.500
Building 4 5 0.062
66.250 56.750
66.250 57.000
66.500 57.000
66.500 56.750
Building 4 5 0.062
66.250 57.000
66.250 57.250
66.500 57.250
66.500 57.000
Building 4 5 0.062
66.250 57.250
66.250 57.500
66.500 57.500
66.500 57.250
Building 4 5 0.062
66.250 57.500
66.250 57.750
66.500 57.750
66.500 57.500
Building 4 5 0.062
66.250 57.750
66.250 58.000
66.500 58.000
66.500 57.750
Building 4 5 0.062
66.250 58.000
66.250 58.250
66.500 58.250
66.500 58.000
Building 4 5 0.062
66.250 58.250
66.250 58.500
66.500 58.500
66.500 58.250
Building 4 5 0.062
66.250 58.500
66.250 58.750
66.500 58.750
66.500 58.500
Building 4 5 0.062
66.250 58.750
66.250 59.000
66.500 59.000
66.500 58.750
Building 4 5 0.062
66.250 59.000
66.250 59.250
66.500 59.250
66.500 59.000
Building 4 5 0.062
66.250 59.250
66.250 59.500
66.500 59.500
66.500 59.250
Building 4 5 0.062
66.250 59.500
66.250 59.750
66.500 59.750
66.500 59.500
Building 4 5 0.062
66.250 59.750
66.250 60.000
66.500 60.000
66.500 59.750
Building 4 5 0.062
66.250 60.000
66.250 60.250
66.500 60.250
66.500 60.000
Building 4 5 0.062
66.250 60.250
66.250 60.500
66.500 60.500
66.500 60.250
Building 4 5 0.062
66.250 60.500
66.250 60.750
66.500 60.750
66.500 60.500
Building 4 5 0.062
66.250 60.750
66.250 61.000
66.500 61.000
66.500 60.750
Building 4 5 0.062
66.250 61.000
66.250 61.250
66.500 61.250
66.500 61.000
Building 4 5 0.062
66.250 61.250
66.250 61.500
66.500 61.500
66.500 61.250
Building 4 5 0.062
66.250 61.500
66.250 61.750
66.500 61.750
66.500 61.500
Building 4 5 0.062
66.250 61.750
66.250 62.000
66.500 62.000
66.500 61.750
Building 4 5 0.062
66.250 62.000
66.250 62.250
66.500 62.250
66.500 62.000
Building 4 5 0.062
66.250 62.250
66.250 62.500
66.500 62.500
66.500 62.250
Building 4 5 0.062
66.250 62.500
66.250 62.750
66.500 62.750
66.500 62.500
Building 4 5 0.062
66.250 62.750
66.250 63.000
66.500 63.000
66.500 62.750
Building 4 5 0.062
66.250 63.000
66.250 63.250
66.500 63.250
66.500 63.000
Building 4 5 0.062
66.250 63.250
66.250 63.500
66.500 63.500
66.500 63.250
Building 4 5 0.062
66.250 63.500
66.250 63.750
66.500 63.750
66.500 63.500
Building 4 5 0.062
66.250 63.750
66.250 64.000
66.500 64.000
66.500 63.750
Building 4 5 0.062
66.250 64.000
66.250 64.250
66.500 64.250
66.500 64.000
Building 4 5 0.062
66.500 64.500
66.500 64.250
66.250 64.250
66.250 64.500
Building 4 5 0.062
66.500 55.500
66.500 55.750
66.750 55.750
66.750 55.500
Building 4 5 0.062
66.500 55.750
66.500 56.000
66.750 56.000
66.750 55.750
Building 4 5 0.062
66.500 56.000
66.500 56.250
66.750 56.250
66.750 56.000
Building 4 5 0.062
66.500 56.250
66.500 56.500
66.750 56.500
66.750 56.250
Building 4 5 0.062
66.500 56.500
66.500 56.750
66.750 56.750
66.750 56.500
Building 4 5 0.062
66.500 56.750
66.500 57.000
66.750 57.000
66.750 56.750
Building 4 5 0.062
66.500 57.000
66.500 57.250
66.750 57.250
66.750 57.000
Building 4 5 0.062
66.500 57.250
66.500 57.500
66.750 57.500
66.750 57.250
Building 4 5 0.062
66.500 57.500
66.500 57.750
66.750 57.750
66.750 57.500
Building 4 5 0.062
66.500 57.750
66.500 58.000
66.750 58.000
66.750 57.750
Building 4 5 0.062
66.500 58.000
66.500 58.250
66.750 58.250
66.750 58.000
Building 4 5 0.062
66.500 58.250
66.500 58.500
66.750 58.500
66.750 58.250
Building 4 5 0.062
66.500 58.500
66.500 58.750
66.750 58.750
66.750 58.500
Building 4 5 0.062
66.500 58.750
66.500 59.000
66.750 59.000
66.750 58.750
Building 4 5 0.062
66.500 59.000
66.500 59.250
66.750 59.250
66.750 59.000
Building 4 5 0.062
66.500 59.250
66.500 59.500
66.750 59.500
66.750 59.250
Building 4 5 0.062
66.500 59.500
66.500 59.750
66.750 59.750
66.750 59.500
Building 4 5 0.062
66.500 59.750
66.500 60.000
66.750 60.000
66.750 59.750
Building 4 5 0.062
66.500 60.000
66.500 60.250
66.750 60.250
66.750 60.000
Building 4 5 0.062
66.500 60.250
66.500 60.500
66.750 60.500
66.750 60.250
Building 4 5 0.062
66.500 60.500
66.500 60.750
66.750 60.750
66.750 60.500
Building 4 5 0.062
66.500 60.750
66.500 61.000
66.750 61.000
66.750 60.750
Building 4 5 0.062
66.500 61.000
66.500 61.250
66.750 61.250
66.750 61.000
Building 4 5 0.062
66.500 61.250
66.500 61.500
66.750 61.500
66.750 61.250
Building 4 5 0.062
66.500 61.500
66.500 61.750
66.750 61.750
66.750 61.500
Building 4 5 0.062
66.500 61.750
66.500 62.000
66.750 62.000
66.750 61.750
Building 4 5 0.062
66.500 62.000
66.500 62.250
66.750 62.250
66.750 62.000
Building 4 5 0.062
66.500 62.250
66.500 62.500
66.750 62.500
66.750 62.250
Building 4 5 0.062
66.500 62.500
66.500 62.750
66.750 62.750
66.750 62.500
Building 4 5 0.062
66.500 62.750
66.500 63.000
66.750 63.000
66.750 62.750
Building 4 5 0.062
66.500 63.000
66.500 63.250
66.750 63.250
66.750 63.000
Building 4 5 0.062
66.500 63.250
66.500 63.500
66.750 63.500
66.750 63.250
Building 4 5 0.062
66.500 63.500
66.500 63.750
66.750 63.750
66.750 63.500
Building 4 5 0.062
66.500 63.750
66.500 64.000
66.750 64.000
66.750 63.750
Building 4 5 0.062
66.500 64.000
66.500 64.250
66.750 64.250
66.750 64.000
Building 4 5 0.062
66.750 64.500
66.750 64.250
66.500 64.250
66.500 64.500
Building 4 5 0.062
67.000 55.500
66.750 55.500
66.750 55.750
67.000 55.750
Building 4 5 0.062
67.000 55.750
66.750 55.750
66.750 56.000
67.000 56.000
Building 4 5 0.062
67.000 56.000
66.750 56.000
66.750 56.250
67.000 56.250
Building 4 5 0.062
67.000 56.250
66.750 56.250
66.750 56.500
67.000 56.500
Building 4 5 0.062
67.000 56.500
66.750 56.500
66.750 56.750
67.000 56.750
Building 4 5 0.062
67.000 56.750
66.750 56.750
66.750 57.000
67.000 57.000
Building 4 5 0.062
67.000 57.000
66.750 57.000
66.750 57.250
67.000 57.250
Building 4 5 0.062
67.000 57.250
66.750 57.250
66.750 57.500
67.000 57.500
Building 4 5 0.062
67.000 57.500
66.750 57.500
66.750 57.750
67.000 57.750
Building 4 5 0.062
67.000 57.750
66.750 57.750
66.750 58.000
67.000 58.000
Building 4 5 0.062
67.000 58.000
66.750 58.000
66.750 58.250
67.000 58.250
Building 4 5 0.062
67.000 58.250
66.750 58.250
66.750 58.500
67.000 58.500
Building 4 5 0.062
67.000 58.500
66.750 58.500
66.750 58.750
67.000 58.750
Building 4 5 0.062
67.000 58.750
66.750 58.750
66.750 59.000
67.000 59.000
Building 4 5 0.062
67.000 59.000
66.750 59.000
66.750 59.250
67.000 59.250
Building 4 5 0.062
67.000 59.250
66.750 59.250
66.750 59.500
67.000 59.500
Building 4 5 0.062
67.000 59.500
66.750 59.500
66.750 59.750
67.000 59.750
Building 4 5 0.062
67.000 59.750
66.750 59.750
66.750 60.000
67.000 60.000
Building 4 5 0.062
67.000 60.000
66.750 60.000
66.750 60.250
67.000 60.250
Building 4 5 0.062
67.000 60.250
66.750 60.250
66.750 60.500
67.000 60.500
Building 4 5 0.062
67.000 60.500
66.750 60.500
66.750 60.750
67.000 60.750
Building 4 5 0.062
67.000 60.750
66.750 60.750
66.750 61.000
67.000 61.000
Building 4 5 0.062
67.000 61.000
66.750 61.000
66.750 61.250
67.000 61.250
Building 4 5 0.062
67.000 61.250
66.750 61.250
66.750 61.500
67.000 61.500
Building 4 5 0.062
67.000 61.500
66.750 61.500
66.750 61.750
67.000 61.750
Building 4 5 0.062
67.000 61.750
66.750 61.750
66.750 62.000
67.000 62.000
Building 4 5 0.062
67.000 62.000
66.750 62.000
66.750 62.250
67.000 62.250
Building 4 5 0.062
67.000 62.250
66.750 62.250
66.750 62.500
67.000 62.500
Building 4 5 0.062
67.000 62.500
66.750 62.500
66.750 62.750
67.000 62.750
Building 4 5 0.062
67.000 62.750
66.750 62.750
66.750 63.000
67.000 63.000
Building 4 5 0.062
67.000 63.000
66.750 63.000
66.750 63.250
67.000 63.250
Building 4 5 0.062
67.000 63.250
66.750 63.250
66.750 63.500
67.000 63.500
Building 4 5 0.062
67.000 63.500
66.750 63.500
66.750 63.750
67.000 63.750
Building 4 5 0.062
67.000 63.750
66.750 63.750
66.750 64.000
67.000 64.000
Building 4 5 0.062
67.000 64.000
66.750 64.000
66.750 64.250
67.000 64.250
Building 4 5 0.062
67.000 64.500
67.000 64.250
66.750 64.250
66.750 64.500
