4288
Building 4 5 0.062
33.000 27.750
33.250 27.750
33.250 27.500
33.000 27.500
Building 4 5 0.062
33.000 28.000
33.250 28.000
33.250 27.750
33.000 27.750
Building 4 5 0.062
33.000 28.250
33.250 28.250
33.250 28.000
33.000 28.000
Building 4 5 0.062
33.000 28.500
33.250 28.500
33.250 28.250
33.000 28.250
Building 4 5 0.062
33.000 28.750
33.250 28.750
33.250 28.500
33.000 28.500
Building 4 5 0.062
33.000 29.000
33.250 29.000
33.250 28.750
33.000 28.750
Building 4 5 0.062
33.000 29.250
33.250 29.250
33.250 29.000
33.000 29.000
Building 4 5 0.062
33.000 29.500
33.250 29.500
33.250 29.250
33.000 29.250
Building 4 5 0.062
33.000 29.750
33.250 29.750
33.250 29.500
33.000 29.500
Building 4 5 0.062
33.000 30.000
33.250 30.000
33.250 29.750
33.000 29.750
Building 4 5 0.062
33.000 30.250
33.250 30.250
33.250 30.000
33.000 30.000
Building 4 5 0.062
33.000 30.500
33.250 30.500
33.250 30.250
33.000 30.250
Building 4 5 0.062
33.000 30.750
33.250 30.750
33.250 30.500
33.000 30.500
Building 4 5 0.062
33.000 31.000
33.250 31.000
33.250 30.750
33.000 30.750
Building 4 5 0.062
33.000 31.250
33.250 31.250
33.250 31.000
33.000 31.000
Building 4 5 0.062
33.000 31.500
33.250 31.500
33.250 31.250
33.000 31.250
Building 4 5 0.062
33.000 31.750
33.250 31.750
33.250 31.500
33.000 31.500
Building 4 5 0.062
33.000 32.000
33.250 32.000
33.250 31.750
33.000 31.750
Building 4 5 0.062
33.000 32.250
33.250 32.250
33.250 32.000
33.000 32.000
Building 4 5 0.062
33.000 32.500
33.250 32.500
33.250 32.250
33.000 32.250
Building 4 5 0.062
33.250 27.500
33.250 27.750
33.500 27.750
33.500 27.500
Building 4 5 0.062
33.250 27.750
33.250 28.000
33.500 28.000
33.500 27.750
Building 4 5 0.062
33.250 28.000
33.250 28.250
33.500 28.250
33.500 28.000
Building 4 5 0.062
33.250 28.250
33.250 28.500
33.500 28.500
33.500 28.250
Building 4 5 0.062
33.250 28.500
33.250 28.750
33.500 28.750
33.500 28.500
Building 4 5 0.062
33.250 28.750
33.250 29.000
33.500 29.000
33.500 28.750
Building 4 5 0.062
33.250 29.000
33.250 29.250
33.500 29.250
33.500 29.000
Building 4 5 0.062
33.250 29.250
33.250 29.500
33.500 29.500
33.500 29.250
Building 4 5 0.062
33.250 29.500
33.250 29.750
33.500 29.750
33.500 29.500
Building 4 5 0.062
33.250 29.750
33.250 30.000
33.500 30.000
33.500 29.750
Building 4 5 0.062
33.250 30.000
33.250 30.250
33.500 30.250
33.500 30.000
Building 4 5 0.062
33.250 30.250
33.250 30.500
33.500 30.500
33.500 30.250
Building 4 5 0.062
33.250 30.500
33.250 30.750
33.500 30.750
33.500 30.500
Building 4 5 0.062
33.250 30.750
33.250 31.000
33.500 31.000
33.500 30.750
Building 4 5 0.062
33.250 31.000
33.250 31.250
33.500 31.250
33.500 31.000
Building 4 5 0.062
33.250 31.250
33.250 31.500
33.500 31.500
33.500 31.250
Building 4 5 0.062
33.250 31.500
33.250 31.750
33.500 31.750
33.500 31.500
Building 4 5 0.062
33.250 31.750
33.250 32.000
33.500 32.000
33.500 31.750
Building 4 5 0.062
33.250 32.000
33.250 32.250
33.500 32.250
33.500 32.000
Building 4 5 0.062
33.500 32.500
33.500 32.250
33.250 32.250
33.250 32.500
Building 4 5 0.062
33.500 27.500
33.500 27.750
33.750 27.750
33.750 27.500
Building 4 5 0.062
33.500 27.750
33.500 28.000
33.750 28.000
33.750 27.750
Building 4 5 0.062
33.500 28.000
33.500 28.250
33.750 28.250
33.750 28.000
Building 4 5 0.062
33.500 28.250
33.500 28.500
33.750 28.500
33.750 28.250
Building 4 5 0.062
33.500 28.500
33.500 28.750
33.750 28.750
33.750 28.500
Building 4 5 0.062
33.500 28.750
33.500 29.000
33.750 29.000
33.750 28.750
Building 4 5 0.062
33.500 29.000
33.500 29.250
33.750 29.250
33.750 29.000
Building 4 5 0.062
33.500 29.250
33.500 29.500
33.750 29.500
33.750 29.250
Building 4 5 0.062
33.500 29.500
33.500 29.750
33.750 29.750
33.750 29.500
Building 4 5 0.062
33.500 29.750
33.500 30.000
33.750 30.000
33.750 29.750
Building 4 5 0.062
33.500 30.000
33.500 30.250
33.750 30.250
33.750 30.000
Building 4 5 0.062
33.500 30.250
33.500 30.500
33.750 30.500
33.750 30.250
Building 4 5 0.062
33.500 30.500
33.500 30.750
33.750 30.750
33.750 30.500
Building 4 5 0.062
33.500 30.750
33.500 31.000
33.750 31.000
33.750 30.750
Building 4 5 0.062
33.500 31.000
33.500 31.250
33.750 31.250
33.750 31.000
Building 4 5 0.062
33.500 31.250
33.500 31.500
33.750 31.500
33.750 31.250
Building 4 5 0.062
33.500 31.500
33.500 31.750
33.750 31.750
33.750 31.500
Building 4 5 0.062
33.500 31.750
33.500 32.000
33.750 32.000
33.750 31.750
Building 4 5 0.062
33.500 32.000
33.500 32.250
33.750 32.250
33.750 32.000
Building 4 5 0.062
33.750 32.500
33.750 32.250
33.500 32.250
33.500 32.500
Building 4 5 0.062
33.750 27.500
33.750 27.750
34.000 27.750
34.000 27.500
Building 4 5 0.062
33.750 27.750
33.750 28.000
34.000 28.000
34.000 27.750
Building 4 5 0.062
33.750 28.000
33.750 28.250
34.000 28.250
34.000 28.000
Building 4 5 0.062
33.750 28.250
33.750 28.500
34.000 28.500
34.000 28.250
Building 4 5 0.062
33.750 28.500
33.750 28.750
34.000 28.750
34.000 28.500
Building 4 5 0.062
33.750 28.750
33.750 29.000
34.000 29.000
34.000 28.750
Building 4 5 0.062
33.750 29.000
33.750 29.250
34.000 29.250
34.000 29.000
Building 4 5 0.062
33.750 29.250
33.750 29.500
34.000 29.500
34.000 29.250
Building 4 5 0.062
33.750 29.500
33.750 29.750
34.000 29.750
34.000 29.500
Building 4 5 0.062
33.750 29.750
33.750 30.000
34.000 30.000
34.000 29.750
Building 4 5 0.062
33.750 30.000
33.750 30.250
34.000 30.250
34.000 30.000
Building 4 5 0.062
33.750 30.250
33.750 30.500
34.000 30.500
34.000 30.250
Building 4 5 0.062
33.750 30.500
33.750 30.750
34.000 30.750
34.000 30.500
Building 4 5 0.062
33.750 30.750
33.750 31.000
34.000 31.000
34.000 30.750
Building 4 5 0.062
33.750 31.000
33.750 31.250
34.000 31.250
34.000 31.000
Building 4 5 0.062
33.750 31.250
33.750 31.500
34.000 31.500
34.000 31.250
Building 4 5 0.062
33.750 31.500
33.750 31.750
34.000 31.750
34.000 31.500
Building 4 5 0.062
33.750 31.750
33.750 32.000
34.000 32.000
34.000 31.750
Building 4 5 0.062
33.750 32.000
33.750 32.250
34.000 32.250
34.000 32.000
Building 4 5 0.062
34.000 32.500
34.000 32.250
33.750 32.250
33.750 32.500
Building 4 5 0.062
34.000 27.500
34.000 27.750
34.250 27.750
34.250 27.500
Building 4 5 0.062
34.000 27.750
34.000 28.000
34.250 28.000
34.250 27.750
Building 4 5 0.062
34.000 28.000
34.000 28.250
34.250 28.250
34.250 28.000
Building 4 5 0.062
34.000 28.250
34.000 28.500
34.250 28.500
34.250 28.250
Building 4 5 0.062
34.000 28.500
34.000 28.750
34.250 28.750
34.250 28.500
Building 4 5 0.062
34.000 28.750
34.000 29.000
34.250 29.000
34.250 28.750
Building 4 5 0.062
34.000 29.000
34.000 29.250
34.250 29.250
34.250 29.000
Building 4 5 0.062
34.000 29.250
34.000 29.500
34.250 29.500
34.250 29.250
Building 4 5 0.062
34.000 29.500
34.000 29.750
34.250 29.750
34.250 29.500
Building 4 5 0.062
34.000 29.750
34.000 30.000
34.250 30.000
34.250 29.750
Building 4 5 0.062
34.000 30.000
34.000 30.250
34.250 30.250
34.250 30.000
Building 4 5 0.062
34.000 30.250
34.000 30.500
34.250 30.500
34.250 30.250
Building 4 5 0.062
34.000 30.500
34.000 30.750
34.250 30.750
34.250 30.500
Building 4 5 0.062
34.000 30.750
34.000 31.000
34.250 31.000
34.250 30.750
Building 4 5 0.062
34.000 31.000
34.000 31.250
34.250 31.250
34.250 31.000
Building 4 5 0.062
34.000 31.250
34.000 31.500
34.250 31.500
34.250 31.250
Building 4 5 0.062
34.000 31.500
34.000 31.750
34.250 31.750
34.250 31.500
Building 4 5 0.062
34.000 31.750
34.000 32.000
34.250 32.000
34.250 31.750
Building 4 5 0.062
34.000 32.000
34.000 32.250
34.250 32.250
34.250 32.000
Building 4 5 0.062
34.250 32.500
34.250 32.250
34.000 32.250
34.000 32.500
Building 4 5 0.062
34.250 27.500
34.250 27.750
34.500 27.750
34.500 27.500
Building 4 5 0.062
34.250 27.750
34.250 28.000
34.500 28.000
34.500 27.750
Building 4 5 0.062
34.250 28.000
34.250 28.250
34.500 28.250
34.500 28.000
Building 4 5 0.062
34.250 28.250
34.250 28.500
34.500 28.500
34.500 28.250
Building 4 5 0.062
34.250 28.500
34.250 28.750
34.500 28.750
34.500 28.500
Building 4 5 0.062
34.250 28.750
34.250 29.000
34.500 29.000
34.500 28.750
Building 4 5 0.062
34.250 29.000
34.250 29.250
34.500 29.250
34.500 29.000
Building 4 5 0.062
34.250 29.250
34.250 29.500
34.500 29.500
34.500 29.250
Building 4 5 0.062
34.250 29.500
34.250 29.750
34.500 29.750
34.500 29.500
Building 4 5 0.062
34.250 29.750
34.250 30.000
34.500 30.000
34.500 29.750
Building 4 5 0.062
34.250 30.000
34.250 30.250
34.500 30.250
34.500 30.000
Building 4 5 0.062
34.250 30.250
34.250 30.500
34.500 30.500
34.500 30.250
Building 4 5 0.062
34.250 30.500
34.250 30.750
34.500 30.750
34.500 30.500
Building 4 5 0.062
34.250 30.750
34.250 31.000
34.500 31.000
34.500 30.750
Building 4 5 0.062
34.250 31.000
34.250 31.250
34.500 31.250
34.500 31.000
Building 4 5 0.062
34.250 31.250
34.250 31.500
34.500 31.500
34.500 31.250
Building 4 5 0.062
34.250 31.500
34.250 31.750
34.500 31.750
34.500 31.500
Building 4 5 0.062
34.250 31.750
34.250 32.000
34.500 32.000
34.500 31.750
Building 4 5 0.062
34.250 32.000
34.250 32.250
34.500 32.250
34.500 32.000
Building 4 5 0.062
34.500 32.500
34.500 32.250
34.250 32.250
34.250 32.500
Building 4 5 0.062
34.500 27.500
34.500 27.750
34.750 27.750
34.750 27.500
Building 4 5 0.062
34.500 27.750
34.500 28.000
34.750 28.000
34.750 27.750
Building 4 5 0.062
34.500 28.000
34.500 28.250
34.750 28.250
34.750 28.000
Building 4 5 0.062
34.500 28.250
34.500 28.500
34.750 28.500
34.750 28.250
Building 4 5 0.062
34.500 28.500
34.500 28.750
34.750 28.750
34.750 28.500
Building 4 5 0.062
34.500 28.750
34.500 29.000
34.750 29.000
34.750 28.750
Building 4 5 0.062
34.500 29.000
34.500 29.250
34.750 29.250
34.750 29.000
Building 4 5 0.062
34.500 29.250
34.500 29.500
34.750 29.500
34.750 29.250
Building 4 5 0.062
34.500 29.500
34.500 29.750
34.750 29.750
34.750 29.500
Building 4 5 0.062
34.500 29.750
34.500 30.000
34.750 30.000
34.750 29.750
Building 4 5 0.062
34.500 30.000
34.500 30.250
34.750 30.250
34.750 30.000
Building 4 5 0.062
34.500 30.250
34.500 30.500
34.750 30.500
34.750 30.250
Building 4 5 0.062
34.500 30.500
34.500 30.750
34.750 30.750
34.750 30.500
Building 4 5 0.062
34.500 30.750
34.500 31.000
34.750 31.000
34.750 30.750
Building 4 5 0.062
34.500 31.000
34.500 31.250
34.750 31.250
34.750 31.000
Building 4 5 0.062
34.500 31.250
34.500 31.500
34.750 31.500
34.750 31.250
Building 4 5 0.062
34.500 31.500
34.500 31.750
34.750 31.750
34.750 31.500
Building 4 5 0.062
34.500 31.750
34.500 32.000
34.750 32.000
34.750 31.750
Building 4 5 0.062
34.500 32.000
34.500 32.250
34.750 32.250
34.750 32.000
Building 4 5 0.062
34.750 32.500
34.750 32.250
34.500 32.250
34.500 32.500
Building 4 5 0.062
34.750 27.500
34.750 27.750
35.000 27.750
35.000 27.500
Building 4 5 0.062
34.750 27.750
34.750 28.000
35.000 28.000
35.000 27.750
Building 4 5 0.062
34.750 28.000
34.750 28.250
35.000 28.250
35.000 28.000
Building 4 5 0.062
34.750 28.250
34.750 28.500
35.000 28.500
35.000 28.250
Building 4 5 0.062
34.750 28.500
34.750 28.750
35.000 28.750
35.000 28.500
Building 4 5 0.062
34.750 28.750
34.750 29.000
35.000 29.000
35.000 28.750
Building 4 5 0.062
34.750 29.000
34.750 29.250
35.000 29.250
35.000 29.000
Building 4 5 0.062
35.000 29.250
34.750 29.250
34.750 29.500
35.000 29.500
Building 4 5 0.062
35.000 29.500
34.750 29.500
34.750 29.750
35.000 29.750
Building 4 5 0.062
35.000 29.750
34.750 29.750
34.750 30.000
35.000 30.000
Building 4 5 0.062
35.000 30.000
34.750 30.000
34.750 30.250
35.000 30.250
Building 4 5 0.062
35.000 30.250
34.750 30.250
34.750 30.500
35.000 30.500
Building 4 5 0.062
34.750 30.500
34.750 30.750
35.000 30.750
35.000 30.500
Building 4 5 0.062
34.750 30.750
34.750 31.000
35.000 31.000
35.000 30.750
Building 4 5 0.062
34.750 31.000
34.750 31.250
35.000 31.250
35.000 31.000
Building 4 5 0.062
34.750 31.250
34.750 31.500
35.000 31.500
35.000 31.250
Building 4 5 0.062
34.750 31.500
34.750 31.750
35.000 31.750
35.000 31.500
Building 4 5 0.062
34.750 31.750
34.750 32.000
35.000 32.000
35.000 31.750
Building 4 5 0.062
34.750 32.000
34.750 32.250
35.000 32.250
35.000 32.000
Building 4 5 0.062
35.000 32.500
35.000 32.250
34.750 32.250
34.750 32.500
Building 4 5 0.062
35.000 27.500
35.000 27.750
35.250 27.750
35.250 27.500
Building 4 5 0.062
35.000 27.750
35.000 28.000
35.250 28.000
35.250 27.750
Building 4 5 0.062
35.000 28.000
35.000 28.250
35.250 28.250
35.250 28.000
Building 4 5 0.062
35.000 28.250
35.000 28.500
35.250 28.500
35.250 28.250
Building 4 5 0.062
35.000 28.500
35.000 28.750
35.250 28.750
35.250 28.500
Building 4 5 0.062
35.000 28.750
35.000 29.000
35.250 29.000
35.250 28.750
Building 4 5 0.062
35.000 29.000
35.000 29.250
35.250 29.250
35.250 29.000
Building 4 5 0.062
35.250 29.500
35.250 29.250
35.000 29.250
35.000 29.500
Building 4 5 0.062
35.000 30.500
35.000 30.750
35.250 30.750
35.250 30.500
Building 4 5 0.062
35.000 30.750
35.000 31.000
35.250 31.000
35.250 30.750
Building 4 5 0.062
35.000 31.000
35.000 31.250
35.250 31.250
35.250 31.000
Building 4 5 0.062
35.000 31.250
35.000 31.500
35.250 31.500
35.250 31.250
Building 4 5 0.062
35.000 31.500
35.000 31.750
35.250 31.750
35.250 31.500
Building 4 5 0.062
35.000 31.750
35.000 32.000
35.250 32.000
35.250 31.750
Building 4 5 0.062
35.000 32.000
35.000 32.250
35.250 32.250
35.250 32.000
Building 4 5 0.062
35.250 32.500
35.250 32.250
35.000 32.250
35.000 32.500
Building 4 5 0.062
35.250 27.500
35.250 27.750
35.500 27.750
35.500 27.500
Building 4 5 0.062
35.250 27.750
35.250 28.000
35.500 28.000
35.500 27.750
Building 4 5 0.062
35.250 28.000
35.250 28.250
35.500 28.250
35.500 28.000
Building 4 5 0.062
35.250 28.250
35.250 28.500
35.500 28.500
35.500 28.250
Building 4 5 0.062
35.250 28.500
35.250 28.750
35.500 28.750
35.500 28.500
Building 4 5 0.062
35.250 28.750
35.250 29.000
35.500 29.000
35.500 28.750
Building 4 5 0.062
35.250 29.000
35.250 29.250
35.500 29.250
35.500 29.000
Building 4 5 0.062
35.500 29.500
35.500 29.250
35.250 29.250
35.250 29.500
Building 4 5 0.062
35.250 30.500
35.250 30.750
35.500 30.750
35.500 30.500
Building 4 5 0.062
35.250 30.750
35.250 31.000
35.500 31.000
35.500 30.750
Building 4 5 0.062
35.250 31.000
35.250 31.250
35.500 31.250
35.500 31.000
Building 4 5 0.062
35.250 31.250
35.250 31.500
35.500 31.500
35.500 31.250
Building 4 5 0.062
35.250 31.500
35.250 31.750
35.500 31.750
35.500 31.500
Building 4 5 0.062
35.250 31.750
35.250 32.000
35.500 32.000
35.500 31.750
Building 4 5 0.062
35.250 32.000
35.250 32.250
35.500 32.250
35.500 32.000
Building 4 5 0.062
35.500 32.500
35.500 32.250
35.250 32.250
35.250 32.500
Building 4 5 0.062
35.500 27.500
35.500 27.750
35.750 27.750
35.750 27.500
Building 4 5 0.062
35.500 27.750
35.500 28.000
35.750 28.000
35.750 27.750
Building 4 5 0.062
35.500 28.000
35.500 28.250
35.750 28.250
35.750 28.000
Building 4 5 0.062
35.500 28.250
35.500 28.500
35.750 28.500
35.750 28.250
Building 4 5 0.062
35.500 28.500
35.500 28.750
35.750 28.750
35.750 28.500
Building 4 5 0.062
35.500 28.750
35.500 29.000
35.750 29.000
35.750 28.750
Building 4 5 0.062
35.500 29.000
35.500 29.250
35.750 29.250
35.750 29.000
Building 4 5 0.062
35.750 29.500
35.750 29.250
35.500 29.250
35.500 29.500
Building 4 5 0.062
35.500 30.500
35.500 30.750
35.750 30.750
35.750 30.500
Building 4 5 0.062
35.500 30.750
35.500 31.000
35.750 31.000
35.750 30.750
Building 4 5 0.062
35.500 31.000
35.500 31.250
35.750 31.250
35.750 31.000
Building 4 5 0.062
35.500 31.250
35.500 31.500
35.750 31.500
35.750 31.250
Building 4 5 0.062
35.500 31.500
35.500 31.750
35.750 31.750
35.750 31.500
Building 4 5 0.062
35.500 31.750
35.500 32.000
35.750 32.000
35.750 31.750
Building 4 5 0.062
35.500 32.000
35.500 32.250
35.750 32.250
35.750 32.000
Building 4 5 0.062
35.750 32.500
35.750 32.250
35.500 32.250
35.500 32.500
Building 4 5 0.062
35.750 27.500
35.750 27.750
36.000 27.750
36.000 27.500
Building 4 5 0.062
35.750 27.750
35.750 28.000
36.000 28.000
36.000 27.750
Building 4 5 0.062
35.750 28.000
35.750 28.250
36.000 28.250
36.000 28.000
Building 4 5 0.062
35.750 28.250
35.750 28.500
36.000 28.500
36.000 28.250
Building 4 5 0.062
35.750 28.500
35.750 28.750
36.000 28.750
36.000 28.500
Building 4 5 0.062
35.750 28.750
35.750 29.000
36.000 29.000
36.000 28.750
Building 4 5 0.062
35.750 29.000
35.750 29.250
36.000 29.250
36.000 29.000
Building 4 5 0.062
36.000 29.500
36.000 29.250
35.750 29.250
35.750 29.500
Building 4 5 0.062
35.750 30.500
35.750 30.750
36.000 30.750
36.000 30.500
Building 4 5 0.062
35.750 30.750
35.750 31.000
36.000 31.000
36.000 30.750
Building 4 5 0.062
35.750 31.000
35.750 31.250
36.000 31.250
36.000 31.000
Building 4 5 0.062
35.750 31.250
35.750 31.500
36.000 31.500
36.000 31.250
Building 4 5 0.062
35.750 31.500
35.750 31.750
36.000 31.750
36.000 31.500
Building 4 5 0.062
35.750 31.750
35.750 32.000
36.000 32.000
36.000 31.750
Building 4 5 0.062
35.750 32.000
35.750 32.250
36.000 32.250
36.000 32.000
Building 4 5 0.062
36.000 32.500
36.000 32.250
35.750 32.250
35.750 32.500
Building 4 5 0.062
36.000 27.500
36.000 27.750
36.250 27.750
36.250 27.500
Building 4 5 0.062
36.000 27.750
36.000 28.000
36.250 28.000
36.250 27.750
Building 4 5 0.062
36.000 28.000
36.000 28.250
36.250 28.250
36.250 28.000
Building 4 5 0.062
36.000 28.250
36.000 28.500
36.250 28.500
36.250 28.250
Building 4 5 0.062
36.000 28.500
36.000 28.750
36.250 28.750
36.250 28.500
Building 4 5 0.062
36.000 28.750
36.000 29.000
36.250 29.000
36.250 28.750
Building 4 5 0.062
36.000 29.000
36.000 29.250
36.250 29.250
36.250 29.000
Building 4 5 0.062
36.250 29.500
36.250 29.250
36.000 29.250
36.000 29.500
Building 4 5 0.062
36.000 30.500
36.000 30.750
36.250 30.750
36.250 30.500
Building 4 5 0.062
36.000 30.750
36.000 31.000
36.250 31.000
36.250 30.750
Building 4 5 0.062
36.000 31.000
36.000 31.250
36.250 31.250
36.250 31.000
Building 4 5 0.062
36.000 31.250
36.000 31.500
36.250 31.500
36.250 31.250
Building 4 5 0.062
36.000 31.500
36.000 31.750
36.250 31.750
36.250 31.500
Building 4 5 0.062
36.000 31.750
36.000 32.000
36.250 32.000
36.250 31.750
Building 4 5 0.062
36.000 32.000
36.000 32.250
36.250 32.250
36.250 32.000
Building 4 5 0.062
36.250 32.500
36.250 32.250
36.000 32.250
36.000 32.500
Building 4 5 0.062
36.250 27.500
36.250 27.750
36.500 27.750
36.500 27.500
Building 4 5 0.062
36.250 27.750
36.250 28.000
36.500 28.000
36.500 27.750
Building 4 5 0.062
36.250 28.000
36.250 28.250
36.500 28.250
36.500 28.000
Building 4 5 0.062
36.250 28.250
36.250 28.500
36.500 28.500
36.500 28.250
Building 4 5 0.062
36.250 28.500
36.250 28.750
36.500 28.750
36.500 28.500
Building 4 5 0.062
36.250 28.750
36.250 29.000
36.500 29.000
36.500 28.750
Building 4 5 0.062
36.250 29.000
36.250 29.250
36.500 29.250
36.500 29.000
Building 4 5 0.062
36.500 29.500
36.500 29.250
36.250 29.250
36.250 29.500
Building 4 5 0.062
36.250 30.500
36.250 30.750
36.500 30.750
36.500 30.500
Building 4 5 0.062
36.250 30.750
36.250 31.000
36.500 31.000
36.500 30.750
Building 4 5 0.062
36.250 31.000
36.250 31.250
36.500 31.250
36.500 31.000
Building 4 5 0.062
36.250 31.250
36.250 31.500
36.500 31.500
36.500 31.250
Building 4 5 0.062
36.250 31.500
36.250 31.750
36.500 31.750
36.500 31.500
Building 4 5 0.062
36.250 31.750
36.250 32.000
36.500 32.000
36.500 31.750
Building 4 5 0.062
36.250 32.000
36.250 32.250
36.500 32.250
36.500 32.000
Building 4 5 0.062
36.500 32.500
36.500 32.250
36.250 32.250
36.250 32.500
Building 4 5 0.062
36.500 27.500
36.500 27.750
36.750 27.750
36.750 27.500
Building 4 5 0.062
36.500 27.750
36.500 28.000
36.750 28.000
36.750 27.750
Building 4 5 0.062
36.500 28.000
36.500 28.250
36.750 28.250
36.750 28.000
Building 4 5 0.062
36.500 28.250
36.500 28.500
36.750 28.500
36.750 28.250
Building 4 5 0.062
36.500 28.500
36.500 28.750
36.750 28.750
36.750 28.500
Building 4 5 0.062
36.500 28.750
36.500 29.000
36.750 29.000
36.750 28.750
Building 4 5 0.062
36.500 29.000
36.500 29.250
36.750 29.250
36.750 29.000
Building 4 5 0.062
36.750 29.500
36.750 29.250
36.500 29.250
36.500 29.500
Building 4 5 0.062
36.500 30.500
36.500 30.750
36.750 30.750
36.750 30.500
Building 4 5 0.062
36.500 30.750
36.500 31.000
36.750 31.000
36.750 30.750
Building 4 5 0.062
36.500 31.000
36.500 31.250
36.750 31.250
36.750 31.000
Building 4 5 0.062
36.500 31.250
36.500 31.500
36.750 31.500
36.750 31.250
Building 4 5 0.062
36.500 31.500
36.500 31.750
36.750 31.750
36.750 31.500
Building 4 5 0.062
36.500 31.750
36.500 32.000
36.750 32.000
36.750 31.750
Building 4 5 0.062
36.500 32.000
36.500 32.250
36.750 32.250
36.750 32.000
Building 4 5 0.062
36.750 32.500
36.750 32.250
36.500 32.250
36.500 32.500
Building 4 5 0.062
36.750 27.500
36.750 27.750
37.000 27.750
37.000 27.500
Building 4 5 0.062
36.750 27.750
36.750 28.000
37.000 28.000
37.000 27.750
Building 4 5 0.062
36.750 28.000
36.750 28.250
37.000 28.250
37.000 28.000
Building 4 5 0.062
36.750 28.250
36.750 28.500
37.000 28.500
37.000 28.250
Building 4 5 0.062
36.750 28.500
36.750 28.750
37.000 28.750
37.000 28.500
Building 4 5 0.062
36.750 28.750
36.750 29.000
37.000 29.000
37.000 28.750
Building 4 5 0.062
36.750 29.000
36.750 29.250
37.000 29.250
37.000 29.000
Building 4 5 0.062
37.000 29.500
37.000 29.250
36.750 29.250
36.750 29.500
Building 4 5 0.062
36.750 30.500
36.750 30.750
37.000 30.750
37.000 30.500
Building 4 5 0.062
36.750 30.750
36.750 31.000
37.000 31.000
37.000 30.750
Building 4 5 0.062
36.750 31.000
36.750 31.250
37.000 31.250
37.000 31.000
Building 4 5 0.062
36.750 31.250
36.750 31.500
37.000 31.500
37.000 31.250
Building 4 5 0.062
36.750 31.500
36.750 31.750
37.000 31.750
37.000 31.500
Building 4 5 0.062
36.750 31.750
36.750 32.000
37.000 32.000
37.000 31.750
Building 4 5 0.062
36.750 32.000
36.750 32.250
37.000 32.250
37.000 32.000
Building 4 5 0.062
37.000 32.500
37.000 32.250
36.750 32.250
36.750 32.500
Building 4 5 0.062
37.000 27.500
37.000 27.750
37.250 27.750
37.250 27.500
Building 4 5 0.062
37.000 27.750
37.000 28.000
37.250 28.000
37.250 27.750
Building 4 5 0.062
37.000 28.000
37.000 28.250
37.250 28.250
37.250 28.000
Building 4 5 0.062
37.000 28.250
37.000 28.500
37.250 28.500
37.250 28.250
Building 4 5 0.062
37.000 28.500
37.000 28.750
37.250 28.750
37.250 28.500
Building 4 5 0.062
37.000 28.750
37.000 29.000
37.250 29.000
37.250 28.750
Building 4 5 0.062
37.000 29.000
37.000 29.250
37.250 29.250
37.250 29.000
Building 4 5 0.062
37.250 29.500
37.250 29.250
37.000 29.250
37.000 29.500
Building 4 5 0.062
37.000 30.500
37.000 30.750
37.250 30.750
37.250 30.500
Building 4 5 0.062
37.000 30.750
37.000 31.000
37.250 31.000
37.250 30.750
Building 4 5 0.062
37.000 31.000
37.000 31.250
37.250 31.250
37.250 31.000
Building 4 5 0.062
37.000 31.250
37.000 31.500
37.250 31.500
37.250 31.250
Building 4 5 0.062
37.000 31.500
37.000 31.750
37.250 31.750
37.250 31.500
Building 4 5 0.062
37.000 31.750
37.000 32.000
37.250 32.000
37.250 31.750
Building 4 5 0.062
37.000 32.000
37.000 32.250
37.250 32.250
37.250 32.000
Building 4 5 0.062
37.250 32.500
37.250 32.250
37.000 32.250
37.000 32.500
Building 4 5 0.062
37.250 27.500
37.250 27.750
37.500 27.750
37.500 27.500
Building 4 5 0.062
37.250 27.750
37.250 28.000
37.500 28.000
37.500 27.750
Building 4 5 0.062
37.250 28.000
37.250 28.250
37.500 28.250
37.500 28.000
Building 4 5 0.062
37.250 28.250
37.250 28.500
37.500 28.500
37.500 28.250
Building 4 5 0.062
37.250 28.500
37.250 28.750
37.500 28.750
37.500 28.500
Building 4 5 0.062
37.250 28.750
37.250 29.000
37.500 29.000
37.500 28.750
Building 4 5 0.062
37.250 29.000
37.250 29.250
37.500 29.250
37.500 29.000
Building 4 5 0.062
37.500 29.500
37.500 29.250
37.250 29.250
37.250 29.500
Building 4 5 0.062
37.250 30.500
37.250 30.750
37.500 30.750
37.500 30.500
Building 4 5 0.062
37.250 30.750
37.250 31.000
37.500 31.000
37.500 30.750
Building 4 5 0.062
37.250 31.000
37.250 31.250
37.500 31.250
37.500 31.000
Building 4 5 0.062
37.250 31.250
37.250 31.500
37.500 31.500
37.500 31.250
Building 4 5 0.062
37.250 31.500
37.250 31.750
37.500 31.750
37.500 31.500
Building 4 5 0.062
37.250 31.750
37.250 32.000
37.500 32.000
37.500 31.750
Building 4 5 0.062
37.250 32.000
37.250 32.250
37.500 32.250
37.500 32.000
Building 4 5 0.062
37.500 32.500
37.500 32.250
37.250 32.250
37.250 32.500
Building 4 5 0.062
37.500 27.500
37.500 27.750
37.750 27.750
37.750 27.500
Building 4 5 0.062
37.500 27.750
37.500 28.000
37.750 28.000
37.750 27.750
Building 4 5 0.062
37.500 28.000
37.500 28.250
37.750 28.250
37.750 28.000
Building 4 5 0.062
37.500 28.250
37.500 28.500
37.750 28.500
37.750 28.250
Building 4 5 0.062
37.500 28.500
37.500 28.750
37.750 28.750
37.750 28.500
Building 4 5 0.062
37.500 28.750
37.500 29.000
37.750 29.000
37.750 28.750
Building 4 5 0.062
37.500 29.000
37.500 29.250
37.750 29.250
37.750 29.000
Building 4 5 0.062
37.750 29.500
37.750 29.250
37.500 29.250
37.500 29.500
Building 4 5 0.062
37.500 30.500
37.500 30.750
37.750 30.750
37.750 30.500
Building 4 5 0.062
37.500 30.750
37.500 31.000
37.750 31.000
37.750 30.750
Building 4 5 0.062
37.500 31.000
37.500 31.250
37.750 31.250
37.750 31.000
Building 4 5 0.062
37.500 31.250
37.500 31.500
37.750 31.500
37.750 31.250
Building 4 5 0.062
37.500 31.500
37.500 31.750
37.750 31.750
37.750 31.500
Building 4 5 0.062
37.500 31.750
37.500 32.000
37.750 32.000
37.750 31.750
Building 4 5 0.062
37.500 32.000
37.500 32.250
37.750 32.250
37.750 32.000
Building 4 5 0.062
37.750 32.500
37.750 32.250
37.500 32.250
37.500 32.500
Building 4 5 0.062
37.750 27.500
37.750 27.750
38.000 27.750
38.000 27.500
Building 4 5 0.062
37.750 27.750
37.750 28.000
38.000 28.000
38.000 27.750
Building 4 5 0.062
37.750 28.000
37.750 28.250
38.000 28.250
38.000 28.000
Building 4 5 0.062
37.750 28.250
37.750 28.500
38.000 28.500
38.000 28.250
Building 4 5 0.062
37.750 28.500
37.750 28.750
38.000 28.750
38.000 28.500
Building 4 5 0.062
37.750 28.750
37.750 29.000
38.000 29.000
38.000 28.750
Building 4 5 0.062
37.750 29.000
37.750 29.250
38.000 29.250
38.000 29.000
Building 4 5 0.062
38.000 29.500
38.000 29.250
37.750 29.250
37.750 29.500
Building 4 5 0.062
37.750 30.500
37.750 30.750
38.000 30.750
38.000 30.500
Building 4 5 0.062
37.750 30.750
37.750 31.000
38.000 31.000
38.000 30.750
Building 4 5 0.062
37.750 31.000
37.750 31.250
38.000 31.250
38.000 31.000
Building 4 5 0.062
37.750 31.250
37.750 31.500
38.000 31.500
38.000 31.250
Building 4 5 0.062
37.750 31.500
37.750 31.750
38.000 31.750
38.000 31.500
Building 4 5 0.062
37.750 31.750
37.750 32.000
38.000 32.000
38.000 31.750
Building 4 5 0.062
37.750 32.000
37.750 32.250
38.000 32.250
38.000 32.000
Building 4 5 0.062
38.000 32.500
38.000 32.250
37.750 32.250
37.750 32.500
Building 4 5 0.062
38.000 27.500
38.000 27.750
38.250 27.750
38.250 27.500
Building 4 5 0.062
38.000 27.750
38.000 28.000
38.250 28.000
38.250 27.750
Building 4 5 0.062
38.000 28.000
38.000 28.250
38.250 28.250
38.250 28.000
Building 4 5 0.062
38.000 28.250
38.000 28.500
38.250 28.500
38.250 28.250
Building 4 5 0.062
38.000 28.500
38.000 28.750
38.250 28.750
38.250 28.500
Building 4 5 0.062
38.000 28.750
38.000 29.000
38.250 29.000
38.250 28.750
Building 4 5 0.062
38.000 29.000
38.000 29.250
38.250 29.250
38.250 29.000
Building 4 5 0.062
38.250 29.500
38.250 29.250
38.000 29.250
38.000 29.500
Building 4 5 0.062
38.000 30.500
38.000 30.750
38.250 30.750
38.250 30.500
Building 4 5 0.062
38.000 30.750
38.000 31.000
38.250 31.000
38.250 30.750
Building 4 5 0.062
38.000 31.000
38.000 31.250
38.250 31.250
38.250 31.000
Building 4 5 0.062
38.000 31.250
38.000 31.500
38.250 31.500
38.250 31.250
Building 4 5 0.062
38.000 31.500
38.000 31.750
38.250 31.750
38.250 31.500
Building 4 5 0.062
38.000 31.750
38.000 32.000
38.250 32.000
38.250 31.750
Building 4 5 0.062
38.000 32.000
38.000 32.250
38.250 32.250
38.250 32.000
Building 4 5 0.062
38.250 32.500
38.250 32.250
38.000 32.250
38.000 32.500
Building 4 5 0.062
38.250 27.500
38.250 27.750
38.500 27.750
38.500 27.500
Building 4 5 0.062
38.250 27.750
38.250 28.000
38.500 28.000
38.500 27.750
Building 4 5 0.062
38.250 28.000
38.250 28.250
38.500 28.250
38.500 28.000
Building 4 5 0.062
38.250 28.250
38.250 28.500
38.500 28.500
38.500 28.250
Building 4 5 0.062
38.250 28.500
38.250 28.750
38.500 28.750
38.500 28.500
Building 4 5 0.062
38.250 28.750
38.250 29.000
38.500 29.000
38.500 28.750
Building 4 5 0.062
38.250 29.000
38.250 29.250
38.500 29.250
38.500 29.000
Building 4 5 0.062
38.500 29.500
38.500 29.250
38.250 29.250
38.250 29.500
Building 4 5 0.062
38.250 30.500
38.250 30.750
38.500 30.750
38.500 30.500
Building 4 5 0.062
38.250 30.750
38.250 31.000
38.500 31.000
38.500 30.750
Building 4 5 0.062
38.250 31.000
38.250 31.250
38.500 31.250
38.500 31.000
Building 4 5 0.062
38.250 31.250
38.250 31.500
38.500 31.500
38.500 31.250
Building 4 5 0.062
38.250 31.500
38.250 31.750
38.500 31.750
38.500 31.500
Building 4 5 0.062
38.250 31.750
38.250 32.000
38.500 32.000
38.500 31.750
Building 4 5 0.062
38.250 32.000
38.250 32.250
38.500 32.250
38.500 32.000
Building 4 5 0.062
38.500 32.500
38.500 32.250
38.250 32.250
38.250 32.500
Building 4 5 0.062
38.500 27.500
38.500 27.750
38.750 27.750
38.750 27.500
Building 4 5 0.062
38.500 27.750
38.500 28.000
38.750 28.000
38.750 27.750
Building 4 5 0.062
38.500 28.000
38.500 28.250
38.750 28.250
38.750 28.000
Building 4 5 0.062
38.500 28.250
38.500 28.500
38.750 28.500
38.750 28.250
Building 4 5 0.062
38.500 28.500
38.500 28.750
38.750 28.750
38.750 28.500
Building 4 5 0.062
38.500 28.750
38.500 29.000
38.750 29.000
38.750 28.750
Building 4 5 0.062
38.500 29.000
38.500 29.250
38.750 29.250
38.750 29.000
Building 4 5 0.062
38.750 29.500
38.750 29.250
38.500 29.250
38.500 29.500
Building 4 5 0.062
38.500 30.500
38.500 30.750
38.750 30.750
38.750 30.500
Building 4 5 0.062
38.500 30.750
38.500 31.000
38.750 31.000
38.750 30.750
Building 4 5 0.062
38.500 31.000
38.500 31.250
38.750 31.250
38.750 31.000
Building 4 5 0.062
38.500 31.250
38.500 31.500
38.750 31.500
38.750 31.250
Building 4 5 0.062
38.500 31.500
38.500 31.750
38.750 31.750
38.750 31.500
Building 4 5 0.062
38.500 31.750
38.500 32.000
38.750 32.000
38.750 31.750
Building 4 5 0.062
38.500 32.000
38.500 32.250
38.750 32.250
38.750 32.000
Building 4 5 0.062
38.750 32.500
38.750 32.250
38.500 32.250
38.500 32.500
Building 4 5 0.062
38.750 27.500
38.750 27.750
39.000 27.750
39.000 27.500
Building 4 5 0.062
38.750 27.750
38.750 28.000
39.000 28.000
39.000 27.750
Building 4 5 0.062
38.750 28.000
38.750 28.250
39.000 28.250
39.000 28.000
Building 4 5 0.062
38.750 28.250
38.750 28.500
39.000 28.500
39.000 28.250
Building 4 5 0.062
38.750 28.500
38.750 28.750
39.000 28.750
39.000 28.500
Building 4 5 0.062
38.750 28.750
38.750 29.000
39.000 29.000
39.000 28.750
Building 4 5 0.062
38.750 29.000
38.750 29.250
39.000 29.250
39.000 29.000
Building 4 5 0.062
39.000 29.500
39.000 29.250
38.750 29.250
38.750 29.500
Building 4 5 0.062
38.750 30.500
38.750 30.750
39.000 30.750
39.000 30.500
Building 4 5 0.062
38.750 30.750
38.750 31.000
39.000 31.000
39.000 30.750
Building 4 5 0.062
38.750 31.000
38.750 31.250
39.000 31.250
39.000 31.000
Building 4 5 0.062
38.750 31.250
38.750 31.500
39.000 31.500
39.000 31.250
Building 4 5 0.062
38.750 31.500
38.750 31.750
39.000 31.750
39.000 31.500
Building 4 5 0.062
38.750 31.750
38.750 32.000
39.000 32.000
39.000 31.750
Building 4 5 0.062
38.750 32.000
38.750 32.250
39.000 32.250
39.000 32.000
Building 4 5 0.062
39.000 32.500
39.000 32.250
38.750 32.250
38.750 32.500
Building 4 5 0.062
39.000 27.500
39.000 27.750
39.250 27.750
39.250 27.500
Building 4 5 0.062
39.000 27.750
39.000 28.000
39.250 28.000
39.250 27.750
Building 4 5 0.062
39.000 28.000
39.000 28.250
39.250 28.250
39.250 28.000
Building 4 5 0.062
39.000 28.250
39.000 28.500
39.250 28.500
39.250 28.250
Building 4 5 0.062
39.000 28.500
39.000 28.750
39.250 28.750
39.250 28.500
Building 4 5 0.062
39.000 28.750
39.000 29.000
39.250 29.000
39.250 28.750
Building 4 5 0.062
39.000 29.000
39.000 29.250
39.250 29.250
39.250 29.000
Building 4 5 0.062
39.250 29.500
39.250 29.250
39.000 29.250
39.000 29.500
Building 4 5 0.062
39.000 30.500
39.000 30.750
39.250 30.750
39.250 30.500
Building 4 5 0.062
39.000 30.750
39.000 31.000
39.250 31.000
39.250 30.750
Building 4 5 0.062
39.000 31.000
39.000 31.250
39.250 31.250
39.250 31.000
Building 4 5 0.062
39.000 31.250
39.000 31.500
39.250 31.500
39.250 31.250
Building 4 5 0.062
39.000 31.500
39.000 31.750
39.250 31.750
39.250 31.500
Building 4 5 0.062
39.000 31.750
39.000 32.000
39.250 32.000
39.250 31.750
Building 4 5 0.062
39.000 32.000
39.000 32.250
39.250 32.250
39.250 32.000
Building 4 5 0.062
39.250 32.500
39.250 32.250
39.000 32.250
39.000 32.500
Building 4 5 0.062
39.250 27.500
39.250 27.750
39.500 27.750
39.500 27.500
Building 4 5 0.062
39.250 27.750
39.250 28.000
39.500 28.000
39.500 27.750
Building 4 5 0.062
39.250 28.000
39.250 28.250
39.500 28.250
39.500 28.000
Building 4 5 0.062
39.250 28.250
39.250 28.500
39.500 28.500
39.500 28.250
Building 4 5 0.062
39.250 28.500
39.250 28.750
39.500 28.750
39.500 28.500
Building 4 5 0.062
39.250 28.750
39.250 29.000
39.500 29.000
39.500 28.750
Building 4 5 0.062
39.250 29.000
39.250 29.250
39.500 29.250
39.500 29.000
Building 4 5 0.062
39.500 29.500
39.500 29.250
39.250 29.250
39.250 29.500
Building 4 5 0.062
39.250 30.500
39.250 30.750
39.500 30.750
39.500 30.500
Building 4 5 0.062
39.250 30.750
39.250 31.000
39.500 31.000
39.500 30.750
Building 4 5 0.062
39.250 31.000
39.250 31.250
39.500 31.250
39.500 31.000
Building 4 5 0.062
39.250 31.250
39.250 31.500
39.500 31.500
39.500 31.250
Building 4 5 0.062
39.250 31.500
39.250 31.750
39.500 31.750
39.500 31.500
Building 4 5 0.062
39.250 31.750
39.250 32.000
39.500 32.000
39.500 31.750
Building 4 5 0.062
39.250 32.000
39.250 32.250
39.500 32.250
39.500 32.000
Building 4 5 0.062
39.500 32.500
39.500 32.250
39.250 32.250
39.250 32.500
Building 4 5 0.062
39.500 27.500
39.500 27.750
39.750 27.750
39.750 27.500
Building 4 5 0.062
39.500 27.750
39.500 28.000
39.750 28.000
39.750 27.750
Building 4 5 0.062
39.500 28.000
39.500 28.250
39.750 28.250
39.750 28.000
Building 4 5 0.062
39.500 28.250
39.500 28.500
39.750 28.500
39.750 28.250
Building 4 5 0.062
39.500 28.500
39.500 28.750
39.750 28.750
39.750 28.500
Building 4 5 0.062
39.500 28.750
39.500 29.000
39.750 29.000
39.750 28.750
Building 4 5 0.062
39.500 29.000
39.500 29.250
39.750 29.250
39.750 29.000
Building 4 5 0.062
39.750 29.500
39.750 29.250
39.500 29.250
39.500 29.500
Building 4 5 0.062
39.500 30.500
39.500 30.750
39.750 30.750
39.750 30.500
Building 4 5 0.062
39.500 30.750
39.500 31.000
39.750 31.000
39.750 30.750
Building 4 5 0.062
39.500 31.000
39.500 31.250
39.750 31.250
39.750 31.000
Building 4 5 0.062
39.500 31.250
39.500 31.500
39.750 31.500
39.750 31.250
Building 4 5 0.062
39.500 31.500
39.500 31.750
39.750 31.750
39.750 31.500
Building 4 5 0.062
39.500 31.750
39.500 32.000
39.750 32.000
39.750 31.750
Building 4 5 0.062
39.500 32.000
39.500 32.250
39.750 32.250
39.750 32.000
Building 4 5 0.062
39.750 32.500
39.750 32.250
39.500 32.250
39.500 32.500
Building 4 5 0.062
39.750 27.500
39.750 27.750
40.000 27.750
40.000 27.500
Building 4 5 0.062
39.750 27.750
39.750 28.000
40.000 28.000
40.000 27.750
Building 4 5 0.062
39.750 28.000
39.750 28.250
40.000 28.250
40.000 28.000
Building 4 5 0.062
39.750 28.250
39.750 28.500
40.000 28.500
40.000 28.250
Building 4 5 0.062
39.750 28.500
39.750 28.750
40.000 28.750
40.000 28.500
Building 4 5 0.062
39.750 28.750
39.750 29.000
40.000 29.000
40.000 28.750
Building 4 5 0.062
39.750 29.000
39.750 29.250
40.000 29.250
40.000 29.000
Building 4 5 0.062
40.000 29.500
40.000 29.250
39.750 29.250
39.750 29.500
Building 4 5 0.062
39.750 30.500
39.750 30.750
40.000 30.750
40.000 30.500
Building 4 5 0.062
39.750 30.750
39.750 31.000
40.000 31.000
40.000 30.750
Building 4 5 0.062
39.750 31.000
39.750 31.250
40.000 31.250
40.000 31.000
Building 4 5 0.062
39.750 31.250
39.750 31.500
40.000 31.500
40.000 31.250
Building 4 5 0.062
39.750 31.500
39.750 31.750
40.000 31.750
40.000 31.500
Building 4 5 0.062
39.750 31.750
39.750 32.000
40.000 32.000
40.000 31.750
Building 4 5 0.062
39.750 32.000
39.750 32.250
40.000 32.250
40.000 32.000
Building 4 5 0.062
40.000 32.500
40.000 32.250
39.750 32.250
39.750 32.500
Building 4 5 0.062
40.000 27.500
40.000 27.750
40.250 27.750
40.250 27.500
Building 4 5 0.062
40.000 27.750
40.000 28.000
40.250 28.000
40.250 27.750
Building 4 5 0.062
40.000 28.000
40.000 28.250
40.250 28.250
40.250 28.000
Building 4 5 0.062
40.000 28.250
40.000 28.500
40.250 28.500
40.250 28.250
Building 4 5 0.062
40.000 28.500
40.000 28.750
40.250 28.750
40.250 28.500
Building 4 5 0.062
40.000 28.750
40.000 29.000
40.250 29.000
40.250 28.750
Building 4 5 0.062
40.000 29.000
40.000 29.250
40.250 29.250
40.250 29.000
Building 4 5 0.062
40.250 29.500
40.250 29.250
40.000 29.250
40.000 29.500
Building 4 5 0.062
40.000 30.500
40.000 30.750
40.250 30.750
40.250 30.500
Building 4 5 0.062
40.000 30.750
40.000 31.000
40.250 31.000
40.250 30.750
Building 4 5 0.062
40.000 31.000
40.000 31.250
40.250 31.250
40.250 31.000
Building 4 5 0.062
40.000 31.250
40.000 31.500
40.250 31.500
40.250 31.250
Building 4 5 0.062
40.000 31.500
40.000 31.750
40.250 31.750
40.250 31.500
Building 4 5 0.062
40.000 31.750
40.000 32.000
40.250 32.000
40.250 31.750
Building 4 5 0.062
40.000 32.000
40.000 32.250
40.250 32.250
40.250 32.000
Building 4 5 0.062
40.250 32.500
40.250 32.250
40.000 32.250
40.000 32.500
Building 4 5 0.062
40.250 27.500
40.250 27.750
40.500 27.750
40.500 27.500
Building 4 5 0.062
40.250 27.750
40.250 28.000
40.500 28.000
40.500 27.750
Building 4 5 0.062
40.250 28.000
40.250 28.250
40.500 28.250
40.500 28.000
Building 4 5 0.062
40.250 28.250
40.250 28.500
40.500 28.500
40.500 28.250
Building 4 5 0.062
40.250 28.500
40.250 28.750
40.500 28.750
40.500 28.500
Building 4 5 0.062
40.250 28.750
40.250 29.000
40.500 29.000
40.500 28.750
Building 4 5 0.062
40.250 29.000
40.250 29.250
40.500 29.250
40.500 29.000
Building 4 5 0.062
40.500 29.500
40.500 29.250
40.250 29.250
40.250 29.500
Building 4 5 0.062
40.250 30.500
40.250 30.750
40.500 30.750
40.500 30.500
Building 4 5 0.062
40.250 30.750
40.250 31.000
40.500 31.000
40.500 30.750
Building 4 5 0.062
40.250 31.000
40.250 31.250
40.500 31.250
40.500 31.000
Building 4 5 0.062
40.250 31.250
40.250 31.500
40.500 31.500
40.500 31.250
Building 4 5 0.062
40.250 31.500
40.250 31.750
40.500 31.750
40.500 31.500
Building 4 5 0.062
40.250 31.750
40.250 32.000
40.500 32.000
40.500 31.750
Building 4 5 0.062
40.250 32.000
40.250 32.250
40.500 32.250
40.500 32.000
Building 4 5 0.062
40.500 32.500
40.500 32.250
40.250 32.250
40.250 32.500
Building 4 5 0.062
40.500 27.500
40.500 27.750
40.750 27.750
40.750 27.500
Building 4 5 0.062
40.500 27.750
40.500 28.000
40.750 28.000
40.750 27.750
Building 4 5 0.062
40.500 28.000
40.500 28.250
40.750 28.250
40.750 28.000
Building 4 5 0.062
40.500 28.250
40.500 28.500
40.750 28.500
40.750 28.250
Building 4 5 0.062
40.500 28.500
40.500 28.750
40.750 28.750
40.750 28.500
Building 4 5 0.062
40.500 28.750
40.500 29.000
40.750 29.000
40.750 28.750
Building 4 5 0.062
40.500 29.000
40.500 29.250
40.750 29.250
40.750 29.000
Building 4 5 0.062
40.750 29.500
40.750 29.250
40.500 29.250
40.500 29.500
Building 4 5 0.062
40.500 30.500
40.500 30.750
40.750 30.750
40.750 30.500
Building 4 5 0.062
40.500 30.750
40.500 31.000
40.750 31.000
40.750 30.750
Building 4 5 0.062
40.500 31.000
40.500 31.250
40.750 31.250
40.750 31.000
Building 4 5 0.062
40.500 31.250
40.500 31.500
40.750 31.500
40.750 31.250
Building 4 5 0.062
40.500 31.500
40.500 31.750
40.750 31.750
40.750 31.500
Building 4 5 0.062
40.500 31.750
40.500 32.000
40.750 32.000
40.750 31.750
Building 4 5 0.062
40.500 32.000
40.500 32.250
40.750 32.250
40.750 32.000
Building 4 5 0.062
40.750 32.500
40.750 32.250
40.500 32.250
40.500 32.500
Building 4 5 0.062
40.750 27.500
40.750 27.750
41.000 27.750
41.000 27.500
Building 4 5 0.062
40.750 27.750
40.750 28.000
41.000 28.000
41.000 27.750
Building 4 5 0.062
40.750 28.000
40.750 28.250
41.000 28.250
41.000 28.000
Building 4 5 0.062
40.750 28.250
40.750 28.500
41.000 28.500
41.000 28.250
Building 4 5 0.062
40.750 28.500
40.750 28.750
41.000 28.750
41.000 28.500
Building 4 5 0.062
40.750 28.750
40.750 29.000
41.000 29.000
41.000 28.750
Building 4 5 0.062
40.750 29.000
40.750 29.250
41.000 29.250
41.000 29.000
Building 4 5 0.062
41.000 29.500
41.000 29.250
40.750 29.250
40.750 29.500
Building 4 5 0.062
40.750 30.500
40.750 30.750
41.000 30.750
41.000 30.500
Building 4 5 0.062
40.750 30.750
40.750 31.000
41.000 31.000
41.000 30.750
Building 4 5 0.062
40.750 31.000
40.750 31.250
41.000 31.250
41.000 31.000
Building 4 5 0.062
40.750 31.250
40.750 31.500
41.000 31.500
41.000 31.250
Building 4 5 0.062
40.750 31.500
40.750 31.750
41.000 31.750
41.000 31.500
Building 4 5 0.062
40.750 31.750
40.750 32.000
41.000 32.000
41.000 31.750
Building 4 5 0.062
40.750 32.000
40.750 32.250
41.000 32.250
41.000 32.000
Building 4 5 0.062
41.000 32.500
41.000 32.250
40.750 32.250
40.750 32.500
Building 4 5 0.062
41.000 27.500
41.000 27.750
41.250 27.750
41.250 27.500
Building 4 5 0.062
41.000 27.750
41.000 28.000
41.250 28.000
41.250 27.750
Building 4 5 0.062
41.000 28.000
41.000 28.250
41.250 28.250
41.250 28.000
Building 4 5 0.062
41.000 28.250
41.000 28.500
41.250 28.500
41.250 28.250
Building 4 5 0.062
41.000 28.500
41.000 28.750
41.250 28.750
41.250 28.500
Building 4 5 0.062
41.000 28.750
41.000 29.000
41.250 29.000
41.250 28.750
Building 4 5 0.062
41.000 29.000
41.000 29.250
41.250 29.250
41.250 29.000
Building 4 5 0.062
41.250 29.500
41.250 29.250
41.000 29.250
41.000 29.500
Building 4 5 0.062
41.000 30.500
41.000 30.750
41.250 30.750
41.250 30.500
Building 4 5 0.062
41.000 30.750
41.000 31.000
41.250 31.000
41.250 30.750
Building 4 5 0.062
41.000 31.000
41.000 31.250
41.250 31.250
41.250 31.000
Building 4 5 0.062
41.000 31.250
41.000 31.500
41.250 31.500
41.250 31.250
Building 4 5 0.062
41.000 31.500
41.000 31.750
41.250 31.750
41.250 31.500
Building 4 5 0.062
41.000 31.750
41.000 32.000
41.250 32.000
41.250 31.750
Building 4 5 0.062
41.000 32.000
41.000 32.250
41.250 32.250
41.250 32.000
Building 4 5 0.062
41.250 32.500
41.250 32.250
41.000 32.250
41.000 32.500
Building 4 5 0.062
41.250 27.500
41.250 27.750
41.500 27.750
41.500 27.500
Building 4 5 0.062
41.250 27.750
41.250 28.000
41.500 28.000
41.500 27.750
Building 4 5 0.062
41.250 28.000
41.250 28.250
41.500 28.250
41.500 28.000
Building 4 5 0.062
41.250 28.250
41.250 28.500
41.500 28.500
41.500 28.250
Building 4 5 0.062
41.250 28.500
41.250 28.750
41.500 28.750
41.500 28.500
Building 4 5 0.062
41.250 28.750
41.250 29.000
41.500 29.000
41.500 28.750
Building 4 5 0.062
41.250 29.000
41.250 29.250
41.500 29.250
41.500 29.000
Building 4 5 0.062
41.500 29.500
41.500 29.250
41.250 29.250
41.250 29.500
Building 4 5 0.062
41.250 30.500
41.250 30.750
41.500 30.750
41.500 30.500
Building 4 5 0.062
41.250 30.750
41.250 31.000
41.500 31.000
41.500 30.750
Building 4 5 0.062
41.250 31.000
41.250 31.250
41.500 31.250
41.500 31.000
Building 4 5 0.062
41.250 31.250
41.250 31.500
41.500 31.500
41.500 31.250
Building 4 5 0.062
41.250 31.500
41.250 31.750
41.500 31.750
41.500 31.500
Building 4 5 0.062
41.250 31.750
41.250 32.000
41.500 32.000
41.500 31.750
Building 4 5 0.062
41.250 32.000
41.250 32.250
41.500 32.250
41.500 32.000
Building 4 5 0.062
41.500 32.500
41.500 32.250
41.250 32.250
41.250 32.500
Building 4 5 0.062
41.500 27.500
41.500 27.750
41.750 27.750
41.750 27.500
Building 4 5 0.062
41.500 27.750
41.500 28.000
41.750 28.000
41.750 27.750
Building 4 5 0.062
41.500 28.000
41.500 28.250
41.750 28.250
41.750 28.000
Building 4 5 0.062
41.500 28.250
41.500 28.500
41.750 28.500
41.750 28.250
Building 4 5 0.062
41.500 28.500
41.500 28.750
41.750 28.750
41.750 28.500
Building 4 5 0.062
41.500 28.750
41.500 29.000
41.750 29.000
41.750 28.750
Building 4 5 0.062
41.500 29.000
41.500 29.250
41.750 29.250
41.750 29.000
Building 4 5 0.062
41.750 29.500
41.750 29.250
41.500 29.250
41.500 29.500
Building 4 5 0.062
41.500 30.500
41.500 30.750
41.750 30.750
41.750 30.500
Building 4 5 0.062
41.500 30.750
41.500 31.000
41.750 31.000
41.750 30.750
Building 4 5 0.062
41.500 31.000
41.500 31.250
41.750 31.250
41.750 31.000
Building 4 5 0.062
41.500 31.250
41.500 31.500
41.750 31.500
41.750 31.250
Building 4 5 0.062
41.500 31.500
41.500 31.750
41.750 31.750
41.750 31.500
Building 4 5 0.062
41.500 31.750
41.500 32.000
41.750 32.000
41.750 31.750
Building 4 5 0.062
41.500 32.000
41.500 32.250
41.750 32.250
41.750 32.000
Building 4 5 0.062
41.750 32.500
41.750 32.250
41.500 32.250
41.500 32.500
Building 4 5 0.062
41.750 27.500
41.750 27.750
42.000 27.750
42.000 27.500
Building 4 5 0.062
41.750 27.750
41.750 28.000
42.000 28.000
42.000 27.750
Building 4 5 0.062
41.750 28.000
41.750 28.250
42.000 28.250
42.000 28.000
Building 4 5 0.062
41.750 28.250
41.750 28.500
42.000 28.500
42.000 28.250
Building 4 5 0.062
41.750 28.500
41.750 28.750
42.000 28.750
42.000 28.500
Building 4 5 0.062
41.750 28.750
41.750 29.000
42.000 29.000
42.000 28.750
Building 4 5 0.062
41.750 29.000
41.750 29.250
42.000 29.250
42.000 29.000
Building 4 5 0.062
42.000 29.500
42.000 29.250
41.750 29.250
41.750 29.500
Building 4 5 0.062
41.750 30.500
41.750 30.750
42.000 30.750
42.000 30.500
Building 4 5 0.062
41.750 30.750
41.750 31.000
42.000 31.000
42.000 30.750
Building 4 5 0.062
41.750 31.000
41.750 31.250
42.000 31.250
42.000 31.000
Building 4 5 0.062
41.750 31.250
41.750 31.500
42.000 31.500
42.000 31.250
Building 4 5 0.062
41.750 31.500
41.750 31.750
42.000 31.750
42.000 31.500
Building 4 5 0.062
41.750 31.750
41.750 32.000
42.000 32.000
42.000 31.750
Building 4 5 0.062
41.750 32.000
41.750 32.250
42.000 32.250
42.000 32.000
Building 4 5 0.062
42.000 32.500
42.000 32.250
41.750 32.250
41.750 32.500
Building 4 5 0.062
42.000 27.500
42.000 27.750
42.250 27.750
42.250 27.500
Building 4 5 0.062
42.000 27.750
42.000 28.000
42.250 28.000
42.250 27.750
Building 4 5 0.062
42.000 28.000
42.000 28.250
42.250 28.250
42.250 28.000
Building 4 5 0.062
42.000 28.250
42.000 28.500
42.250 28.500
42.250 28.250
Building 4 5 0.062
42.000 28.500
42.000 28.750
42.250 28.750
42.250 28.500
Building 4 5 0.062
42.000 28.750
42.000 29.000
42.250 29.000
42.250 28.750
Building 4 5 0.062
42.000 29.000
42.000 29.250
42.250 29.250
42.250 29.000
Building 4 5 0.062
42.250 29.500
42.250 29.250
42.000 29.250
42.000 29.500
Building 4 5 0.062
42.000 30.500
42.000 30.750
42.250 30.750
42.250 30.500
Building 4 5 0.062
42.000 30.750
42.000 31.000
42.250 31.000
42.250 30.750
Building 4 5 0.062
42.000 31.000
42.000 31.250
42.250 31.250
42.250 31.000
Building 4 5 0.062
42.000 31.250
42.000 31.500
42.250 31.500
42.250 31.250
Building 4 5 0.062
42.000 31.500
42.000 31.750
42.250 31.750
42.250 31.500
Building 4 5 0.062
42.000 31.750
42.000 32.000
42.250 32.000
42.250 31.750
Building 4 5 0.062
42.000 32.000
42.000 32.250
42.250 32.250
42.250 32.000
Building 4 5 0.062
42.250 32.500
42.250 32.250
42.000 32.250
42.000 32.500
Building 4 5 0.062
42.250 27.500
42.250 27.750
42.500 27.750
42.500 27.500
Building 4 5 0.062
42.250 27.750
42.250 28.000
42.500 28.000
42.500 27.750
Building 4 5 0.062
42.250 28.000
42.250 28.250
42.500 28.250
42.500 28.000
Building 4 5 0.062
42.250 28.250
42.250 28.500
42.500 28.500
42.500 28.250
Building 4 5 0.062
42.250 28.500
42.250 28.750
42.500 28.750
42.500 28.500
Building 4 5 0.062
42.250 28.750
42.250 29.000
42.500 29.000
42.500 28.750
Building 4 5 0.062
42.250 29.000
42.250 29.250
42.500 29.250
42.500 29.000
Building 4 5 0.062
42.500 29.500
42.500 29.250
42.250 29.250
42.250 29.500
Building 4 5 0.062
42.250 30.500
42.250 30.750
42.500 30.750
42.500 30.500
Building 4 5 0.062
42.250 30.750
42.250 31.000
42.500 31.000
42.500 30.750
Building 4 5 0.062
42.250 31.000
42.250 31.250
42.500 31.250
42.500 31.000
Building 4 5 0.062
42.250 31.250
42.250 31.500
42.500 31.500
42.500 31.250
Building 4 5 0.062
42.250 31.500
42.250 31.750
42.500 31.750
42.500 31.500
Building 4 5 0.062
42.250 31.750
42.250 32.000
42.500 32.000
42.500 31.750
Building 4 5 0.062
42.250 32.000
42.250 32.250
42.500 32.250
42.500 32.000
Building 4 5 0.062
42.500 32.500
42.500 32.250
42.250 32.250
42.250 32.500
Building 4 5 0.062
42.500 27.500
42.500 27.750
42.750 27.750
42.750 27.500
Building 4 5 0.062
42.500 27.750
42.500 28.000
42.750 28.000
42.750 27.750
Building 4 5 0.062
42.500 28.000
42.500 28.250
42.750 28.250
42.750 28.000
Building 4 5 0.062
42.500 28.250
42.500 28.500
42.750 28.500
42.750 28.250
Building 4 5 0.062
42.500 28.500
42.500 28.750
42.750 28.750
42.750 28.500
Building 4 5 0.062
42.500 28.750
42.500 29.000
42.750 29.000
42.750 28.750
Building 4 5 0.062
42.500 29.000
42.500 29.250
42.750 29.250
42.750 29.000
Building 4 5 0.062
42.750 29.500
42.750 29.250
42.500 29.250
42.500 29.500
Building 4 5 0.062
42.500 30.500
42.500 30.750
42.750 30.750
42.750 30.500
Building 4 5 0.062
42.500 30.750
42.500 31.000
42.750 31.000
42.750 30.750
Building 4 5 0.062
42.500 31.000
42.500 31.250
42.750 31.250
42.750 31.000
Building 4 5 0.062
42.500 31.250
42.500 31.500
42.750 31.500
42.750 31.250
Building 4 5 0.062
42.500 31.500
42.500 31.750
42.750 31.750
42.750 31.500
Building 4 5 0.062
42.500 31.750
42.500 32.000
42.750 32.000
42.750 31.750
Building 4 5 0.062
42.500 32.000
42.500 32.250
42.750 32.250
42.750 32.000
Building 4 5 0.062
42.750 32.500
42.750 32.250
42.500 32.250
42.500 32.500
Building 4 5 0.062
42.750 27.500
42.750 27.750
43.000 27.750
43.000 27.500
Building 4 5 0.062
42.750 27.750
42.750 28.000
43.000 28.000
43.000 27.750
Building 4 5 0.062
42.750 28.000
42.750 28.250
43.000 28.250
43.000 28.000
Building 4 5 0.062
42.750 28.250
42.750 28.500
43.000 28.500
43.000 28.250
Building 4 5 0.062
42.750 28.500
42.750 28.750
43.000 28.750
43.000 28.500
Building 4 5 0.062
42.750 28.750
42.750 29.000
43.000 29.000
43.000 28.750
Building 4 5 0.062
42.750 29.000
42.750 29.250
43.000 29.250
43.000 29.000
Building 4 5 0.062
43.000 29.500
43.000 29.250
42.750 29.250
42.750 29.500
Building 4 5 0.062
42.750 30.500
42.750 30.750
43.000 30.750
43.000 30.500
Building 4 5 0.062
42.750 30.750
42.750 31.000
43.000 31.000
43.000 30.750
Building 4 5 0.062
42.750 31.000
42.750 31.250
43.000 31.250
43.000 31.000
Building 4 5 0.062
42.750 31.250
42.750 31.500
43.000 31.500
43.000 31.250
Building 4 5 0.062
42.750 31.500
42.750 31.750
43.000 31.750
43.000 31.500
Building 4 5 0.062
42.750 31.750
42.750 32.000
43.000 32.000
43.000 31.750
Building 4 5 0.062
42.750 32.000
42.750 32.250
43.000 32.250
43.000 32.000
Building 4 5 0.062
43.000 32.500
43.000 32.250
42.750 32.250
42.750 32.500
Building 4 5 0.062
43.000 27.500
43.000 27.750
43.250 27.750
43.250 27.500
Building 4 5 0.062
43.000 27.750
43.000 28.000
43.250 28.000
43.250 27.750
Building 4 5 0.062
43.000 28.000
43.000 28.250
43.250 28.250
43.250 28.000
Building 4 5 0.062
43.000 28.250
43.000 28.500
43.250 28.500
43.250 28.250
Building 4 5 0.062
43.000 28.500
43.000 28.750
43.250 28.750
43.250 28.500
Building 4 5 0.062
43.000 28.750
43.000 29.000
43.250 29.000
43.250 28.750
Building 4 5 0.062
43.000 29.000
43.000 29.250
43.250 29.250
43.250 29.000
Building 4 5 0.062
43.250 29.500
43.250 29.250
43.000 29.250
43.000 29.500
Building 4 5 0.062
43.000 30.500
43.000 30.750
43.250 30.750
43.250 30.500
Building 4 5 0.062
43.000 30.750
43.000 31.000
43.250 31.000
43.250 30.750
Building 4 5 0.062
43.000 31.000
43.000 31.250
43.250 31.250
43.250 31.000
Building 4 5 0.062
43.000 31.250
43.000 31.500
43.250 31.500
43.250 31.250
Building 4 5 0.062
43.000 31.500
43.000 31.750
43.250 31.750
43.250 31.500
Building 4 5 0.062
43.000 31.750
43.000 32.000
43.250 32.000
43.250 31.750
Building 4 5 0.062
43.000 32.000
43.000 32.250
43.250 32.250
43.250 32.000
Building 4 5 0.062
43.250 32.500
43.250 32.250
43.000 32.250
43.000 32.500
Building 4 5 0.062
43.250 27.500
43.250 27.750
43.500 27.750
43.500 27.500
Building 4 5 0.062
43.250 27.750
43.250 28.000
43.500 28.000
43.500 27.750
Building 4 5 0.062
43.250 28.000
43.250 28.250
43.500 28.250
43.500 28.000
Building 4 5 0.062
43.250 28.250
43.250 28.500
43.500 28.500
43.500 28.250
Building 4 5 0.062
43.250 28.500
43.250 28.750
43.500 28.750
43.500 28.500
Building 4 5 0.062
43.250 28.750
43.250 29.000
43.500 29.000
43.500 28.750
Building 4 5 0.062
43.250 29.000
43.250 29.250
43.500 29.250
43.500 29.000
Building 4 5 0.062
43.500 29.500
43.500 29.250
43.250 29.250
43.250 29.500
Building 4 5 0.062
43.250 30.500
43.250 30.750
43.500 30.750
43.500 30.500
Building 4 5 0.062
43.250 30.750
43.250 31.000
43.500 31.000
43.500 30.750
Building 4 5 0.062
43.250 31.000
43.250 31.250
43.500 31.250
43.500 31.000
Building 4 5 0.062
43.250 31.250
43.250 31.500
43.500 31.500
43.500 31.250
Building 4 5 0.062
43.250 31.500
43.250 31.750
43.500 31.750
43.500 31.500
Building 4 5 0.062
43.250 31.750
43.250 32.000
43.500 32.000
43.500 31.750
Building 4 5 0.062
43.250 32.000
43.250 32.250
43.500 32.250
43.500 32.000
Building 4 5 0.062
43.500 32.500
43.500 32.250
43.250 32.250
43.250 32.500
Building 4 5 0.062
43.500 27.500
43.500 27.750
43.750 27.750
43.750 27.500
Building 4 5 0.062
43.500 27.750
43.500 28.000
43.750 28.000
43.750 27.750
Building 4 5 0.062
43.500 28.000
43.500 28.250
43.750 28.250
43.750 28.000
Building 4 5 0.062
43.500 28.250
43.500 28.500
43.750 28.500
43.750 28.250
Building 4 5 0.062
43.500 28.500
43.500 28.750
43.750 28.750
43.750 28.500
Building 4 5 0.062
43.500 28.750
43.500 29.000
43.750 29.000
43.750 28.750
Building 4 5 0.062
43.500 29.000
43.500 29.250
43.750 29.250
43.750 29.000
Building 4 5 0.062
43.750 29.500
43.750 29.250
43.500 29.250
43.500 29.500
Building 4 5 0.062
43.500 30.500
43.500 30.750
43.750 30.750
43.750 30.500
Building 4 5 0.062
43.500 30.750
43.500 31.000
43.750 31.000
43.750 30.750
Building 4 5 0.062
43.500 31.000
43.500 31.250
43.750 31.250
43.750 31.000
Building 4 5 0.062
43.500 31.250
43.500 31.500
43.750 31.500
43.750 31.250
Building 4 5 0.062
43.500 31.500
43.500 31.750
43.750 31.750
43.750 31.500
Building 4 5 0.062
43.500 31.750
43.500 32.000
43.750 32.000
43.750 31.750
Building 4 5 0.062
43.500 32.000
43.500 32.250
43.750 32.250
43.750 32.000
Building 4 5 0.062
43.750 32.500
43.750 32.250
43.500 32.250
43.500 32.500
Building 4 5 0.062
43.750 27.500
43.750 27.750
44.000 27.750
44.000 27.500
Building 4 5 0.062
43.750 27.750
43.750 28.000
44.000 28.000
44.000 27.750
Building 4 5 0.062
43.750 28.000
43.750 28.250
44.000 28.250
44.000 28.000
Building 4 5 0.062
43.750 28.250
43.750 28.500
44.000 28.500
44.000 28.250
Building 4 5 0.062
43.750 28.500
43.750 28.750
44.000 28.750
44.000 28.500
Building 4 5 0.062
43.750 28.750
43.750 29.000
44.000 29.000
44.000 28.750
Building 4 5 0.062
43.750 29.000
43.750 29.250
44.000 29.250
44.000 29.000
Building 4 5 0.062
44.000 29.500
44.000 29.250
43.750 29.250
43.750 29.500
Building 4 5 0.062
43.750 30.500
43.750 30.750
44.000 30.750
44.000 30.500
Building 4 5 0.062
43.750 30.750
43.750 31.000
44.000 31.000
44.000 30.750
Building 4 5 0.062
43.750 31.000
43.750 31.250
44.000 31.250
44.000 31.000
Building 4 5 0.062
43.750 31.250
43.750 31.500
44.000 31.500
44.000 31.250
Building 4 5 0.062
43.750 31.500
43.750 31.750
44.000 31.750
44.000 31.500
Building 4 5 0.062
43.750 31.750
43.750 32.000
44.000 32.000
44.000 31.750
Building 4 5 0.062
43.750 32.000
43.750 32.250
44.000 32.250
44.000 32.000
Building 4 5 0.062
44.000 32.500
44.000 32.250
43.750 32.250
43.750 32.500
Building 4 5 0.062
44.000 27.500
44.000 27.750
44.250 27.750
44.250 27.500
Building 4 5 0.062
44.000 27.750
44.000 28.000
44.250 28.000
44.250 27.750
Building 4 5 0.062
44.000 28.000
44.000 28.250
44.250 28.250
44.250 28.000
Building 4 5 0.062
44.000 28.250
44.000 28.500
44.250 28.500
44.250 28.250
Building 4 5 0.062
44.000 28.500
44.000 28.750
44.250 28.750
44.250 28.500
Building 4 5 0.062
44.000 28.750
44.000 29.000
44.250 29.000
44.250 28.750
Building 4 5 0.062
44.000 29.000
44.000 29.250
44.250 29.250
44.250 29.000
Building 4 5 0.062
44.250 29.500
44.250 29.250
44.000 29.250
44.000 29.500
Building 4 5 0.062
44.000 30.500
44.000 30.750
44.250 30.750
44.250 30.500
Building 4 5 0.062
44.000 30.750
44.000 31.000
44.250 31.000
44.250 30.750
Building 4 5 0.062
44.000 31.000
44.000 31.250
44.250 31.250
44.250 31.000
Building 4 5 0.062
44.000 31.250
44.000 31.500
44.250 31.500
44.250 31.250
Building 4 5 0.062
44.000 31.500
44.000 31.750
44.250 31.750
44.250 31.500
Building 4 5 0.062
44.000 31.750
44.000 32.000
44.250 32.000
44.250 31.750
Building 4 5 0.062
44.000 32.000
44.000 32.250
44.250 32.250
44.250 32.000
Building 4 5 0.062
44.250 32.500
44.250 32.250
44.000 32.250
44.000 32.500
Building 4 5 0.062
44.250 27.500
44.250 27.750
44.500 27.750
44.500 27.500
Building 4 5 0.062
44.250 27.750
44.250 28.000
44.500 28.000
44.500 27.750
Building 4 5 0.062
44.250 28.000
44.250 28.250
44.500 28.250
44.500 28.000
Building 4 5 0.062
44.250 28.250
44.250 28.500
44.500 28.500
44.500 28.250
Building 4 5 0.062
44.250 28.500
44.250 28.750
44.500 28.750
44.500 28.500
Building 4 5 0.062
44.250 28.750
44.250 29.000
44.500 29.000
44.500 28.750
Building 4 5 0.062
44.250 29.000
44.250 29.250
44.500 29.250
44.500 29.000
Building 4 5 0.062
44.500 29.500
44.500 29.250
44.250 29.250
44.250 29.500
Building 4 5 0.062
44.250 30.500
44.250 30.750
44.500 30.750
44.500 30.500
Building 4 5 0.062
44.250 30.750
44.250 31.000
44.500 31.000
44.500 30.750
Building 4 5 0.062
44.250 31.000
44.250 31.250
44.500 31.250
44.500 31.000
Building 4 5 0.062
44.250 31.250
44.250 31.500
44.500 31.500
44.500 31.250
Building 4 5 0.062
44.250 31.500
44.250 31.750
44.500 31.750
44.500 31.500
Building 4 5 0.062
44.250 31.750
44.250 32.000
44.500 32.000
44.500 31.750
Building 4 5 0.062
44.250 32.000
44.250 32.250
44.500 32.250
44.500 32.000
Building 4 5 0.062
44.500 32.500
44.500 32.250
44.250 32.250
44.250 32.500
Building 4 5 0.062
44.500 27.500
44.500 27.750
44.750 27.750
44.750 27.500
Building 4 5 0.062
44.500 27.750
44.500 28.000
44.750 28.000
44.750 27.750
Building 4 5 0.062
44.500 28.000
44.500 28.250
44.750 28.250
44.750 28.000
Building 4 5 0.062
44.500 28.250
44.500 28.500
44.750 28.500
44.750 28.250
Building 4 5 0.062
44.500 28.500
44.500 28.750
44.750 28.750
44.750 28.500
Building 4 5 0.062
44.500 28.750
44.500 29.000
44.750 29.000
44.750 28.750
Building 4 5 0.062
44.500 29.000
44.500 29.250
44.750 29.250
44.750 29.000
Building 4 5 0.062
44.750 29.500
44.750 29.250
44.500 29.250
44.500 29.500
Building 4 5 0.062
44.500 30.500
44.500 30.750
44.750 30.750
44.750 30.500
Building 4 5 0.062
44.500 30.750
44.500 31.000
44.750 31.000
44.750 30.750
Building 4 5 0.062
44.500 31.000
44.500 31.250
44.750 31.250
44.750 31.000
Building 4 5 0.062
44.500 31.250
44.500 31.500
44.750 31.500
44.750 31.250
Building 4 5 0.062
44.500 31.500
44.500 31.750
44.750 31.750
44.750 31.500
Building 4 5 0.062
44.500 31.750
44.500 32.000
44.750 32.000
44.750 31.750
Building 4 5 0.062
44.500 32.000
44.500 32.250
44.750 32.250
44.750 32.000
Building 4 5 0.062
44.750 32.500
44.750 32.250
44.500 32.250
44.500 32.500
Building 4 5 0.062
44.750 27.500
44.750 27.750
45.000 27.750
45.000 27.500
Building 4 5 0.062
44.750 27.750
44.750 28.000
45.000 28.000
45.000 27.750
Building 4 5 0.062
44.750 28.000
44.750 28.250
45.000 28.250
45.000 28.000
Building 4 5 0.062
44.750 28.250
44.750 28.500
45.000 28.500
45.000 28.250
Building 4 5 0.062
44.750 28.500
44.750 28.750
45.000 28.750
45.000 28.500
Building 4 5 0.062
44.750 28.750
44.750 29.000
45.000 29.000
45.000 28.750
Building 4 5 0.062
44.750 29.000
44.750 29.250
45.000 29.250
45.000 29.000
Building 4 5 0.062
45.000 29.500
45.000 29.250
44.750 29.250
44.750 29.500
Building 4 5 0.062
44.750 30.500
44.750 30.750
45.000 30.750
45.000 30.500
Building 4 5 0.062
44.750 30.750
44.750 31.000
45.000 31.000
45.000 30.750
Building 4 5 0.062
44.750 31.000
44.750 31.250
45.000 31.250
45.000 31.000
Building 4 5 0.062
44.750 31.250
44.750 31.500
45.000 31.500
45.000 31.250
Building 4 5 0.062
44.750 31.500
44.750 31.750
45.000 31.750
45.000 31.500
Building 4 5 0.062
44.750 31.750
44.750 32.000
45.000 32.000
45.000 31.750
Building 4 5 0.062
44.750 32.000
44.750 32.250
45.000 32.250
45.000 32.000
Building 4 5 0.062
45.000 32.500
45.000 32.250
44.750 32.250
44.750 32.500
Building 4 5 0.062
45.000 27.500
45.000 27.750
45.250 27.750
45.250 27.500
Building 4 5 0.062
45.000 27.750
45.000 28.000
45.250 28.000
45.250 27.750
Building 4 5 0.062
45.000 28.000
45.000 28.250
45.250 28.250
45.250 28.000
Building 4 5 0.062
45.000 28.250
45.000 28.500
45.250 28.500
45.250 28.250
Building 4 5 0.062
45.000 28.500
45.000 28.750
45.250 28.750
45.250 28.500
Building 4 5 0.062
45.000 28.750
45.000 29.000
45.250 29.000
45.250 28.750
Building 4 5 0.062
45.000 29.000
45.000 29.250
45.250 29.250
45.250 29.000
Building 4 5 0.062
45.250 29.500
45.250 29.250
45.000 29.250
45.000 29.500
Building 4 5 0.062
45.000 30.500
45.000 30.750
45.250 30.750
45.250 30.500
Building 4 5 0.062
45.000 30.750
45.000 31.000
45.250 31.000
45.250 30.750
Building 4 5 0.062
45.000 31.000
45.000 31.250
45.250 31.250
45.250 31.000
Building 4 5 0.062
45.000 31.250
45.000 31.500
45.250 31.500
45.250 31.250
Building 4 5 0.062
45.000 31.500
45.000 31.750
45.250 31.750
45.250 31.500
Building 4 5 0.062
45.000 31.750
45.000 32.000
45.250 32.000
45.250 31.750
Building 4 5 0.062
45.000 32.000
45.000 32.250
45.250 32.250
45.250 32.000
Building 4 5 0.062
45.250 32.500
45.250 32.250
45.000 32.250
45.000 32.500
Building 4 5 0.062
45.250 27.500
45.250 27.750
45.500 27.750
45.500 27.500
Building 4 5 0.062
45.250 27.750
45.250 28.000
45.500 28.000
45.500 27.750
Building 4 5 0.062
45.250 28.000
45.250 28.250
45.500 28.250
45.500 28.000
Building 4 5 0.062
45.250 28.250
45.250 28.500
45.500 28.500
45.500 28.250
Building 4 5 0.062
45.250 28.500
45.250 28.750
45.500 28.750
45.500 28.500
Building 4 5 0.062
45.250 28.750
45.250 29.000
45.500 29.000
45.500 28.750
Building 4 5 0.062
45.250 29.000
45.250 29.250
45.500 29.250
45.500 29.000
Building 4 5 0.062
45.500 29.500
45.500 29.250
45.250 29.250
45.250 29.500
Building 4 5 0.062
45.250 30.500
45.250 30.750
45.500 30.750
45.500 30.500
Building 4 5 0.062
45.250 30.750
45.250 31.000
45.500 31.000
45.500 30.750
Building 4 5 0.062
45.250 31.000
45.250 31.250
45.500 31.250
45.500 31.000
Building 4 5 0.062
45.250 31.250
45.250 31.500
45.500 31.500
45.500 31.250
Building 4 5 0.062
45.250 31.500
45.250 31.750
45.500 31.750
45.500 31.500
Building 4 5 0.062
45.250 31.750
45.250 32.000
45.500 32.000
45.500 31.750
Building 4 5 0.062
45.250 32.000
45.250 32.250
45.500 32.250
45.500 32.000
Building 4 5 0.062
45.500 32.500
45.500 32.250
45.250 32.250
45.250 32.500
Building 4 5 0.062
45.500 27.500
45.500 27.750
45.750 27.750
45.750 27.500
Building 4 5 0.062
45.500 27.750
45.500 28.000
45.750 28.000
45.750 27.750
Building 4 5 0.062
45.500 28.000
45.500 28.250
45.750 28.250
45.750 28.000
Building 4 5 0.062
45.500 28.250
45.500 28.500
45.750 28.500
45.750 28.250
Building 4 5 0.062
45.500 28.500
45.500 28.750
45.750 28.750
45.750 28.500
Building 4 5 0.062
45.500 28.750
45.500 29.000
45.750 29.000
45.750 28.750
Building 4 5 0.062
45.500 29.000
45.500 29.250
45.750 29.250
45.750 29.000
Building 4 5 0.062
45.750 29.500
45.750 29.250
45.500 29.250
45.500 29.500
Building 4 5 0.062
45.500 30.500
45.500 30.750
45.750 30.750
45.750 30.500
Building 4 5 0.062
45.500 30.750
45.500 31.000
45.750 31.000
45.750 30.750
Building 4 5 0.062
45.500 31.000
45.500 31.250
45.750 31.250
45.750 31.000
Building 4 5 0.062
45.500 31.250
45.500 31.500
45.750 31.500
45.750 31.250
Building 4 5 0.062
45.500 31.500
45.500 31.750
45.750 31.750
45.750 31.500
Building 4 5 0.062
45.500 31.750
45.500 32.000
45.750 32.000
45.750 31.750
Building 4 5 0.062
45.500 32.000
45.500 32.250
45.750 32.250
45.750 32.000
Building 4 5 0.062
45.750 32.500
45.750 32.250
45.500 32.250
45.500 32.500
Building 4 5 0.062
45.750 27.500
45.750 27.750
46.000 27.750
46.000 27.500
Building 4 5 0.062
45.750 27.750
45.750 28.000
46.000 28.000
46.000 27.750
Building 4 5 0.062
45.750 28.000
45.750 28.250
46.000 28.250
46.000 28.000
Building 4 5 0.062
45.750 28.250
45.750 28.500
46.000 28.500
46.000 28.250
Building 4 5 0.062
45.750 28.500
45.750 28.750
46.000 28.750
46.000 28.500
Building 4 5 0.062
45.750 28.750
45.750 29.000
46.000 29.000
46.000 28.750
Building 4 5 0.062
45.750 29.000
45.750 29.250
46.000 29.250
46.000 29.000
Building 4 5 0.062
46.000 29.500
46.000 29.250
45.750 29.250
45.750 29.500
Building 4 5 0.062
45.750 30.500
45.750 30.750
46.000 30.750
46.000 30.500
Building 4 5 0.062
45.750 30.750
45.750 31.000
46.000 31.000
46.000 30.750
Building 4 5 0.062
45.750 31.000
45.750 31.250
46.000 31.250
46.000 31.000
Building 4 5 0.062
45.750 31.250
45.750 31.500
46.000 31.500
46.000 31.250
Building 4 5 0.062
45.750 31.500
45.750 31.750
46.000 31.750
46.000 31.500
Building 4 5 0.062
45.750 31.750
45.750 32.000
46.000 32.000
46.000 31.750
Building 4 5 0.062
45.750 32.000
45.750 32.250
46.000 32.250
46.000 32.000
Building 4 5 0.062
46.000 32.500
46.000 32.250
45.750 32.250
45.750 32.500
Building 4 5 0.062
46.000 27.500
46.000 27.750
46.250 27.750
46.250 27.500
Building 4 5 0.062
46.000 27.750
46.000 28.000
46.250 28.000
46.250 27.750
Building 4 5 0.062
46.000 28.000
46.000 28.250
46.250 28.250
46.250 28.000
Building 4 5 0.062
46.000 28.250
46.000 28.500
46.250 28.500
46.250 28.250
Building 4 5 0.062
46.000 28.500
46.000 28.750
46.250 28.750
46.250 28.500
Building 4 5 0.062
46.000 28.750
46.000 29.000
46.250 29.000
46.250 28.750
Building 4 5 0.062
46.000 29.000
46.000 29.250
46.250 29.250
46.250 29.000
Building 4 5 0.062
46.250 29.500
46.250 29.250
46.000 29.250
46.000 29.500
Building 4 5 0.062
46.000 30.500
46.000 30.750
46.250 30.750
46.250 30.500
Building 4 5 0.062
46.000 30.750
46.000 31.000
46.250 31.000
46.250 30.750
Building 4 5 0.062
46.000 31.000
46.000 31.250
46.250 31.250
46.250 31.000
Building 4 5 0.062
46.000 31.250
46.000 31.500
46.250 31.500
46.250 31.250
Building 4 5 0.062
46.000 31.500
46.000 31.750
46.250 31.750
46.250 31.500
Building 4 5 0.062
46.000 31.750
46.000 32.000
46.250 32.000
46.250 31.750
Building 4 5 0.062
46.000 32.000
46.000 32.250
46.250 32.250
46.250 32.000
Building 4 5 0.062
46.250 32.500
46.250 32.250
46.000 32.250
46.000 32.500
Building 4 5 0.062
46.250 27.500
46.250 27.750
46.500 27.750
46.500 27.500
Building 4 5 0.062
46.250 27.750
46.250 28.000
46.500 28.000
46.500 27.750
Building 4 5 0.062
46.250 28.000
46.250 28.250
46.500 28.250
46.500 28.000
Building 4 5 0.062
46.250 28.250
46.250 28.500
46.500 28.500
46.500 28.250
Building 4 5 0.062
46.250 28.500
46.250 28.750
46.500 28.750
46.500 28.500
Building 4 5 0.062
46.250 28.750
46.250 29.000
46.500 29.000
46.500 28.750
Building 4 5 0.062
46.250 29.000
46.250 29.250
46.500 29.250
46.500 29.000
Building 4 5 0.062
46.500 29.500
46.500 29.250
46.250 29.250
46.250 29.500
Building 4 5 0.062
46.250 30.500
46.250 30.750
46.500 30.750
46.500 30.500
Building 4 5 0.062
46.250 30.750
46.250 31.000
46.500 31.000
46.500 30.750
Building 4 5 0.062
46.250 31.000
46.250 31.250
46.500 31.250
46.500 31.000
Building 4 5 0.062
46.250 31.250
46.250 31.500
46.500 31.500
46.500 31.250
Building 4 5 0.062
46.250 31.500
46.250 31.750
46.500 31.750
46.500 31.500
Building 4 5 0.062
46.250 31.750
46.250 32.000
46.500 32.000
46.500 31.750
Building 4 5 0.062
46.250 32.000
46.250 32.250
46.500 32.250
46.500 32.000
Building 4 5 0.062
46.500 32.500
46.500 32.250
46.250 32.250
46.250 32.500
Building 4 5 0.062
46.500 27.500
46.500 27.750
46.750 27.750
46.750 27.500
Building 4 5 0.062
46.500 27.750
46.500 28.000
46.750 28.000
46.750 27.750
Building 4 5 0.062
46.500 28.000
46.500 28.250
46.750 28.250
46.750 28.000
Building 4 5 0.062
46.500 28.250
46.500 28.500
46.750 28.500
46.750 28.250
Building 4 5 0.062
46.500 28.500
46.500 28.750
46.750 28.750
46.750 28.500
Building 4 5 0.062
46.500 28.750
46.500 29.000
46.750 29.000
46.750 28.750
Building 4 5 0.062
46.500 29.000
46.500 29.250
46.750 29.250
46.750 29.000
Building 4 5 0.062
46.750 29.500
46.750 29.250
46.500 29.250
46.500 29.500
Building 4 5 0.062
46.500 30.500
46.500 30.750
46.750 30.750
46.750 30.500
Building 4 5 0.062
46.500 30.750
46.500 31.000
46.750 31.000
46.750 30.750
Building 4 5 0.062
46.500 31.000
46.500 31.250
46.750 31.250
46.750 31.000
Building 4 5 0.062
46.500 31.250
46.500 31.500
46.750 31.500
46.750 31.250
Building 4 5 0.062
46.500 31.500
46.500 31.750
46.750 31.750
46.750 31.500
Building 4 5 0.062
46.500 31.750
46.500 32.000
46.750 32.000
46.750 31.750
Building 4 5 0.062
46.500 32.000
46.500 32.250
46.750 32.250
46.750 32.000
Building 4 5 0.062
46.750 32.500
46.750 32.250
46.500 32.250
46.500 32.500
Building 4 5 0.062
46.750 27.500
46.750 27.750
47.000 27.750
47.000 27.500
Building 4 5 0.062
46.750 27.750
46.750 28.000
47.000 28.000
47.000 27.750
Building 4 5 0.062
46.750 28.000
46.750 28.250
47.000 28.250
47.000 28.000
Building 4 5 0.062
46.750 28.250
46.750 28.500
47.000 28.500
47.000 28.250
Building 4 5 0.062
46.750 28.500
46.750 28.750
47.000 28.750
47.000 28.500
Building 4 5 0.062
46.750 28.750
46.750 29.000
47.000 29.000
47.000 28.750
Building 4 5 0.062
46.750 29.000
46.750 29.250
47.000 29.250
47.000 29.000
Building 4 5 0.062
47.000 29.500
47.000 29.250
46.750 29.250
46.750 29.500
Building 4 5 0.062
46.750 30.500
46.750 30.750
47.000 30.750
47.000 30.500
Building 4 5 0.062
46.750 30.750
46.750 31.000
47.000 31.000
47.000 30.750
Building 4 5 0.062
46.750 31.000
46.750 31.250
47.000 31.250
47.000 31.000
Building 4 5 0.062
46.750 31.250
46.750 31.500
47.000 31.500
47.000 31.250
Building 4 5 0.062
46.750 31.500
46.750 31.750
47.000 31.750
47.000 31.500
Building 4 5 0.062
46.750 31.750
46.750 32.000
47.000 32.000
47.000 31.750
Building 4 5 0.062
46.750 32.000
46.750 32.250
47.000 32.250
47.000 32.000
Building 4 5 0.062
47.000 32.500
47.000 32.250
46.750 32.250
46.750 32.500
Building 4 5 0.062
47.000 27.500
47.000 27.750
47.250 27.750
47.250 27.500
Building 4 5 0.062
47.000 27.750
47.000 28.000
47.250 28.000
47.250 27.750
Building 4 5 0.062
47.000 28.000
47.000 28.250
47.250 28.250
47.250 28.000
Building 4 5 0.062
47.000 28.250
47.000 28.500
47.250 28.500
47.250 28.250
Building 4 5 0.062
47.000 28.500
47.000 28.750
47.250 28.750
47.250 28.500
Building 4 5 0.062
47.000 28.750
47.000 29.000
47.250 29.000
47.250 28.750
Building 4 5 0.062
47.000 29.000
47.000 29.250
47.250 29.250
47.250 29.000
Building 4 5 0.062
47.250 29.500
47.250 29.250
47.000 29.250
47.000 29.500
Building 4 5 0.062
47.000 30.500
47.000 30.750
47.250 30.750
47.250 30.500
Building 4 5 0.062
47.000 30.750
47.000 31.000
47.250 31.000
47.250 30.750
Building 4 5 0.062
47.000 31.000
47.000 31.250
47.250 31.250
47.250 31.000
Building 4 5 0.062
47.000 31.250
47.000 31.500
47.250 31.500
47.250 31.250
Building 4 5 0.062
47.000 31.500
47.000 31.750
47.250 31.750
47.250 31.500
Building 4 5 0.062
47.000 31.750
47.000 32.000
47.250 32.000
47.250 31.750
Building 4 5 0.062
47.000 32.000
47.000 32.250
47.250 32.250
47.250 32.000
Building 4 5 0.062
47.250 32.500
47.250 32.250
47.000 32.250
47.000 32.500
Building 4 5 0.062
47.250 27.500
47.250 27.750
47.500 27.750
47.500 27.500
Building 4 5 0.062
47.250 27.750
47.250 28.000
47.500 28.000
47.500 27.750
Building 4 5 0.062
47.250 28.000
47.250 28.250
47.500 28.250
47.500 28.000
Building 4 5 0.062
47.250 28.250
47.250 28.500
47.500 28.500
47.500 28.250
Building 4 5 0.062
47.250 28.500
47.250 28.750
47.500 28.750
47.500 28.500
Building 4 5 0.062
47.250 28.750
47.250 29.000
47.500 29.000
47.500 28.750
Building 4 5 0.062
47.250 29.000
47.250 29.250
47.500 29.250
47.500 29.000
Building 4 5 0.062
47.500 29.500
47.500 29.250
47.250 29.250
47.250 29.500
Building 4 5 0.062
47.250 30.500
47.250 30.750
47.500 30.750
47.500 30.500
Building 4 5 0.062
47.250 30.750
47.250 31.000
47.500 31.000
47.500 30.750
Building 4 5 0.062
47.250 31.000
47.250 31.250
47.500 31.250
47.500 31.000
Building 4 5 0.062
47.250 31.250
47.250 31.500
47.500 31.500
47.500 31.250
Building 4 5 0.062
47.250 31.500
47.250 31.750
47.500 31.750
47.500 31.500
Building 4 5 0.062
47.250 31.750
47.250 32.000
47.500 32.000
47.500 31.750
Building 4 5 0.062
47.250 32.000
47.250 32.250
47.500 32.250
47.500 32.000
Building 4 5 0.062
47.500 32.500
47.500 32.250
47.250 32.250
47.250 32.500
Building 4 5 0.062
47.500 27.500
47.500 27.750
47.750 27.750
47.750 27.500
Building 4 5 0.062
47.500 27.750
47.500 28.000
47.750 28.000
47.750 27.750
Building 4 5 0.062
47.500 28.000
47.500 28.250
47.750 28.250
47.750 28.000
Building 4 5 0.062
47.500 28.250
47.500 28.500
47.750 28.500
47.750 28.250
Building 4 5 0.062
47.500 28.500
47.500 28.750
47.750 28.750
47.750 28.500
Building 4 5 0.062
47.500 28.750
47.500 29.000
47.750 29.000
47.750 28.750
Building 4 5 0.062
47.500 29.000
47.500 29.250
47.750 29.250
47.750 29.000
Building 4 5 0.062
47.750 29.500
47.750 29.250
47.500 29.250
47.500 29.500
Building 4 5 0.062
47.500 30.500
47.500 30.750
47.750 30.750
47.750 30.500
Building 4 5 0.062
47.500 30.750
47.500 31.000
47.750 31.000
47.750 30.750
Building 4 5 0.062
47.500 31.000
47.500 31.250
47.750 31.250
47.750 31.000
Building 4 5 0.062
47.500 31.250
47.500 31.500
47.750 31.500
47.750 31.250
Building 4 5 0.062
47.500 31.500
47.500 31.750
47.750 31.750
47.750 31.500
Building 4 5 0.062
47.500 31.750
47.500 32.000
47.750 32.000
47.750 31.750
Building 4 5 0.062
47.500 32.000
47.500 32.250
47.750 32.250
47.750 32.000
Building 4 5 0.062
47.750 32.500
47.750 32.250
47.500 32.250
47.500 32.500
Building 4 5 0.062
47.750 27.500
47.750 27.750
48.000 27.750
48.000 27.500
Building 4 5 0.062
47.750 27.750
47.750 28.000
48.000 28.000
48.000 27.750
Building 4 5 0.062
47.750 28.000
47.750 28.250
48.000 28.250
48.000 28.000
Building 4 5 0.062
47.750 28.250
47.750 28.500
48.000 28.500
48.000 28.250
Building 4 5 0.062
47.750 28.500
47.750 28.750
48.000 28.750
48.000 28.500
Building 4 5 0.062
47.750 28.750
47.750 29.000
48.000 29.000
48.000 28.750
Building 4 5 0.062
47.750 29.000
47.750 29.250
48.000 29.250
48.000 29.000
Building 4 5 0.062
48.000 29.500
48.000 29.250
47.750 29.250
47.750 29.500
Building 4 5 0.062
47.750 30.500
47.750 30.750
48.000 30.750
48.000 30.500
Building 4 5 0.062
47.750 30.750
47.750 31.000
48.000 31.000
48.000 30.750
Building 4 5 0.062
47.750 31.000
47.750 31.250
48.000 31.250
48.000 31.000
Building 4 5 0.062
47.750 31.250
47.750 31.500
48.000 31.500
48.000 31.250
Building 4 5 0.062
47.750 31.500
47.750 31.750
48.000 31.750
48.000 31.500
Building 4 5 0.062
47.750 31.750
47.750 32.000
48.000 32.000
48.000 31.750
Building 4 5 0.062
47.750 32.000
47.750 32.250
48.000 32.250
48.000 32.000
Building 4 5 0.062
48.000 32.500
48.000 32.250
47.750 32.250
47.750 32.500
Building 4 5 0.062
48.000 27.500
48.000 27.750
48.250 27.750
48.250 27.500
Building 4 5 0.062
48.000 27.750
48.000 28.000
48.250 28.000
48.250 27.750
Building 4 5 0.062
48.000 28.000
48.000 28.250
48.250 28.250
48.250 28.000
Building 4 5 0.062
48.000 28.250
48.000 28.500
48.250 28.500
48.250 28.250
Building 4 5 0.062
48.000 28.500
48.000 28.750
48.250 28.750
48.250 28.500
Building 4 5 0.062
48.000 28.750
48.000 29.000
48.250 29.000
48.250 28.750
Building 4 5 0.062
48.000 29.000
48.000 29.250
48.250 29.250
48.250 29.000
Building 4 5 0.062
48.250 29.500
48.250 29.250
48.000 29.250
48.000 29.500
Building 4 5 0.062
48.000 30.500
48.000 30.750
48.250 30.750
48.250 30.500
Building 4 5 0.062
48.000 30.750
48.000 31.000
48.250 31.000
48.250 30.750
Building 4 5 0.062
48.000 31.000
48.000 31.250
48.250 31.250
48.250 31.000
Building 4 5 0.062
48.000 31.250
48.000 31.500
48.250 31.500
48.250 31.250
Building 4 5 0.062
48.000 31.500
48.000 31.750
48.250 31.750
48.250 31.500
Building 4 5 0.062
48.000 31.750
48.000 32.000
48.250 32.000
48.250 31.750
Building 4 5 0.062
48.000 32.000
48.000 32.250
48.250 32.250
48.250 32.000
Building 4 5 0.062
48.250 32.500
48.250 32.250
48.000 32.250
48.000 32.500
Building 4 5 0.062
48.250 27.500
48.250 27.750
48.500 27.750
48.500 27.500
Building 4 5 0.062
48.250 27.750
48.250 28.000
48.500 28.000
48.500 27.750
Building 4 5 0.062
48.250 28.000
48.250 28.250
48.500 28.250
48.500 28.000
Building 4 5 0.062
48.250 28.250
48.250 28.500
48.500 28.500
48.500 28.250
Building 4 5 0.062
48.250 28.500
48.250 28.750
48.500 28.750
48.500 28.500
Building 4 5 0.062
48.250 28.750
48.250 29.000
48.500 29.000
48.500 28.750
Building 4 5 0.062
48.250 29.000
48.250 29.250
48.500 29.250
48.500 29.000
Building 4 5 0.062
48.500 29.500
48.500 29.250
48.250 29.250
48.250 29.500
Building 4 5 0.062
48.250 30.500
48.250 30.750
48.500 30.750
48.500 30.500
Building 4 5 0.062
48.250 30.750
48.250 31.000
48.500 31.000
48.500 30.750
Building 4 5 0.062
48.250 31.000
48.250 31.250
48.500 31.250
48.500 31.000
Building 4 5 0.062
48.250 31.250
48.250 31.500
48.500 31.500
48.500 31.250
Building 4 5 0.062
48.250 31.500
48.250 31.750
48.500 31.750
48.500 31.500
Building 4 5 0.062
48.250 31.750
48.250 32.000
48.500 32.000
48.500 31.750
Building 4 5 0.062
48.250 32.000
48.250 32.250
48.500 32.250
48.500 32.000
Building 4 5 0.062
48.500 32.500
48.500 32.250
48.250 32.250
48.250 32.500
Building 4 5 0.062
48.500 27.500
48.500 27.750
48.750 27.750
48.750 27.500
Building 4 5 0.062
48.500 27.750
48.500 28.000
48.750 28.000
48.750 27.750
Building 4 5 0.062
48.500 28.000
48.500 28.250
48.750 28.250
48.750 28.000
Building 4 5 0.062
48.500 28.250
48.500 28.500
48.750 28.500
48.750 28.250
Building 4 5 0.062
48.500 28.500
48.500 28.750
48.750 28.750
48.750 28.500
Building 4 5 0.062
48.500 28.750
48.500 29.000
48.750 29.000
48.750 28.750
Building 4 5 0.062
48.500 29.000
48.500 29.250
48.750 29.250
48.750 29.000
Building 4 5 0.062
48.750 29.500
48.750 29.250
48.500 29.250
48.500 29.500
Building 4 5 0.062
48.500 30.500
48.500 30.750
48.750 30.750
48.750 30.500
Building 4 5 0.062
48.500 30.750
48.500 31.000
48.750 31.000
48.750 30.750
Building 4 5 0.062
48.500 31.000
48.500 31.250
48.750 31.250
48.750 31.000
Building 4 5 0.062
48.500 31.250
48.500 31.500
48.750 31.500
48.750 31.250
Building 4 5 0.062
48.500 31.500
48.500 31.750
48.750 31.750
48.750 31.500
Building 4 5 0.062
48.500 31.750
48.500 32.000
48.750 32.000
48.750 31.750
Building 4 5 0.062
48.500 32.000
48.500 32.250
48.750 32.250
48.750 32.000
Building 4 5 0.062
48.750 32.500
48.750 32.250
48.500 32.250
48.500 32.500
Building 4 5 0.062
48.750 27.500
48.750 27.750
49.000 27.750
49.000 27.500
Building 4 5 0.062
48.750 27.750
48.750 28.000
49.000 28.000
49.000 27.750
Building 4 5 0.062
48.750 28.000
48.750 28.250
49.000 28.250
49.000 28.000
Building 4 5 0.062
48.750 28.250
48.750 28.500
49.000 28.500
49.000 28.250
Building 4 5 0.062
48.750 28.500
48.750 28.750
49.000 28.750
49.000 28.500
Building 4 5 0.062
48.750 28.750
48.750 29.000
49.000 29.000
49.000 28.750
Building 4 5 0.062
48.750 29.000
48.750 29.250
49.000 29.250
49.000 29.000
Building 4 5 0.062
49.000 29.500
49.000 29.250
48.750 29.250
48.750 29.500
Building 4 5 0.062
48.750 30.500
48.750 30.750
49.000 30.750
49.000 30.500
Building 4 5 0.062
48.750 30.750
48.750 31.000
49.000 31.000
49.000 30.750
Building 4 5 0.062
48.750 31.000
48.750 31.250
49.000 31.250
49.000 31.000
Building 4 5 0.062
48.750 31.250
48.750 31.500
49.000 31.500
49.000 31.250
Building 4 5 0.062
48.750 31.500
48.750 31.750
49.000 31.750
49.000 31.500
Building 4 5 0.062
48.750 31.750
48.750 32.000
49.000 32.000
49.000 31.750
Building 4 5 0.062
48.750 32.000
48.750 32.250
49.000 32.250
49.000 32.000
Building 4 5 0.062
49.000 32.500
49.000 32.250
48.750 32.250
48.750 32.500
Building 4 5 0.062
49.000 27.500
49.000 27.750
49.250 27.750
49.250 27.500
Building 4 5 0.062
49.000 27.750
49.000 28.000
49.250 28.000
49.250 27.750
Building 4 5 0.062
49.000 28.000
49.000 28.250
49.250 28.250
49.250 28.000
Building 4 5 0.062
49.000 28.250
49.000 28.500
49.250 28.500
49.250 28.250
Building 4 5 0.062
49.000 28.500
49.000 28.750
49.250 28.750
49.250 28.500
Building 4 5 0.062
49.000 28.750
49.000 29.000
49.250 29.000
49.250 28.750
Building 4 5 0.062
49.000 29.000
49.000 29.250
49.250 29.250
49.250 29.000
Building 4 5 0.062
49.250 29.500
49.250 29.250
49.000 29.250
49.000 29.500
Building 4 5 0.062
49.000 30.500
49.000 30.750
49.250 30.750
49.250 30.500
Building 4 5 0.062
49.000 30.750
49.000 31.000
49.250 31.000
49.250 30.750
Building 4 5 0.062
49.000 31.000
49.000 31.250
49.250 31.250
49.250 31.000
Building 4 5 0.062
49.000 31.250
49.000 31.500
49.250 31.500
49.250 31.250
Building 4 5 0.062
49.000 31.500
49.000 31.750
49.250 31.750
49.250 31.500
Building 4 5 0.062
49.000 31.750
49.000 32.000
49.250 32.000
49.250 31.750
Building 4 5 0.062
49.000 32.000
49.000 32.250
49.250 32.250
49.250 32.000
Building 4 5 0.062
49.250 32.500
49.250 32.250
49.000 32.250
49.000 32.500
Building 4 5 0.062
49.250 27.500
49.250 27.750
49.500 27.750
49.500 27.500
Building 4 5 0.062
49.250 27.750
49.250 28.000
49.500 28.000
49.500 27.750
Building 4 5 0.062
49.250 28.000
49.250 28.250
49.500 28.250
49.500 28.000
Building 4 5 0.062
49.250 28.250
49.250 28.500
49.500 28.500
49.500 28.250
Building 4 5 0.062
49.250 28.500
49.250 28.750
49.500 28.750
49.500 28.500
Building 4 5 0.062
49.250 28.750
49.250 29.000
49.500 29.000
49.500 28.750
Building 4 5 0.062
49.250 29.000
49.250 29.250
49.500 29.250
49.500 29.000
Building 4 5 0.062
49.500 29.500
49.500 29.250
49.250 29.250
49.250 29.500
Building 4 5 0.062
49.250 30.500
49.250 30.750
49.500 30.750
49.500 30.500
Building 4 5 0.062
49.250 30.750
49.250 31.000
49.500 31.000
49.500 30.750
Building 4 5 0.062
49.250 31.000
49.250 31.250
49.500 31.250
49.500 31.000
Building 4 5 0.062
49.250 31.250
49.250 31.500
49.500 31.500
49.500 31.250
Building 4 5 0.062
49.250 31.500
49.250 31.750
49.500 31.750
49.500 31.500
Building 4 5 0.062
49.250 31.750
49.250 32.000
49.500 32.000
49.500 31.750
Building 4 5 0.062
49.250 32.000
49.250 32.250
49.500 32.250
49.500 32.000
Building 4 5 0.062
49.500 32.500
49.500 32.250
49.250 32.250
49.250 32.500
Building 4 5 0.062
49.500 27.500
49.500 27.750
49.750 27.750
49.750 27.500
Building 4 5 0.062
49.500 27.750
49.500 28.000
49.750 28.000
49.750 27.750
Building 4 5 0.062
49.500 28.000
49.500 28.250
49.750 28.250
49.750 28.000
Building 4 5 0.062
49.500 28.250
49.500 28.500
49.750 28.500
49.750 28.250
Building 4 5 0.062
49.500 28.500
49.500 28.750
49.750 28.750
49.750 28.500
Building 4 5 0.062
49.500 28.750
49.500 29.000
49.750 29.000
49.750 28.750
Building 4 5 0.062
49.500 29.000
49.500 29.250
49.750 29.250
49.750 29.000
Building 4 5 0.062
49.750 29.500
49.750 29.250
49.500 29.250
49.500 29.500
Building 4 5 0.062
49.500 30.500
49.500 30.750
49.750 30.750
49.750 30.500
Building 4 5 0.062
49.500 30.750
49.500 31.000
49.750 31.000
49.750 30.750
Building 4 5 0.062
49.500 31.000
49.500 31.250
49.750 31.250
49.750 31.000
Building 4 5 0.062
49.500 31.250
49.500 31.500
49.750 31.500
49.750 31.250
Building 4 5 0.062
49.500 31.500
49.500 31.750
49.750 31.750
49.750 31.500
Building 4 5 0.062
49.500 31.750
49.500 32.000
49.750 32.000
49.750 31.750
Building 4 5 0.062
49.500 32.000
49.500 32.250
49.750 32.250
49.750 32.000
Building 4 5 0.062
49.750 32.500
49.750 32.250
49.500 32.250
49.500 32.500
Building 4 5 0.062
49.750 27.500
49.750 27.750
50.000 27.750
50.000 27.500
Building 4 5 0.062
49.750 27.750
49.750 28.000
50.000 28.000
50.000 27.750
Building 4 5 0.062
49.750 28.000
49.750 28.250
50.000 28.250
50.000 28.000
Building 4 5 0.062
49.750 28.250
49.750 28.500
50.000 28.500
50.000 28.250
Building 4 5 0.062
49.750 28.500
49.750 28.750
50.000 28.750
50.000 28.500
Building 4 5 0.062
49.750 28.750
49.750 29.000
50.000 29.000
50.000 28.750
Building 4 5 0.062
49.750 29.000
49.750 29.250
50.000 29.250
50.000 29.000
Building 4 5 0.062
50.000 29.500
50.000 29.250
49.750 29.250
49.750 29.500
Building 4 5 0.062
49.750 30.500
49.750 30.750
50.000 30.750
50.000 30.500
Building 4 5 0.062
49.750 30.750
49.750 31.000
50.000 31.000
50.000 30.750
Building 4 5 0.062
49.750 31.000
49.750 31.250
50.000 31.250
50.000 31.000
Building 4 5 0.062
49.750 31.250
49.750 31.500
50.000 31.500
50.000 31.250
Building 4 5 0.062
49.750 31.500
49.750 31.750
50.000 31.750
50.000 31.500
Building 4 5 0.062
49.750 31.750
49.750 32.000
50.000 32.000
50.000 31.750
Building 4 5 0.062
49.750 32.000
49.750 32.250
50.000 32.250
50.000 32.000
Building 4 5 0.062
50.000 32.500
50.000 32.250
49.750 32.250
49.750 32.500
Building 4 5 0.062
50.000 27.500
50.000 27.750
50.250 27.750
50.250 27.500
Building 4 5 0.062
50.000 27.750
50.000 28.000
50.250 28.000
50.250 27.750
Building 4 5 0.062
50.000 28.000
50.000 28.250
50.250 28.250
50.250 28.000
Building 4 5 0.062
50.000 28.250
50.000 28.500
50.250 28.500
50.250 28.250
Building 4 5 0.062
50.000 28.500
50.000 28.750
50.250 28.750
50.250 28.500
Building 4 5 0.062
50.000 28.750
50.000 29.000
50.250 29.000
50.250 28.750
Building 4 5 0.062
50.000 29.000
50.000 29.250
50.250 29.250
50.250 29.000
Building 4 5 0.062
50.250 29.500
50.250 29.250
50.000 29.250
50.000 29.500
Building 4 5 0.062
50.000 30.500
50.000 30.750
50.250 30.750
50.250 30.500
Building 4 5 0.062
50.000 30.750
50.000 31.000
50.250 31.000
50.250 30.750
Building 4 5 0.062
50.000 31.000
50.000 31.250
50.250 31.250
50.250 31.000
Building 4 5 0.062
50.000 31.250
50.000 31.500
50.250 31.500
50.250 31.250
Building 4 5 0.062
50.000 31.500
50.000 31.750
50.250 31.750
50.250 31.500
Building 4 5 0.062
50.000 31.750
50.000 32.000
50.250 32.000
50.250 31.750
Building 4 5 0.062
50.000 32.000
50.000 32.250
50.250 32.250
50.250 32.000
Building 4 5 0.062
50.250 32.500
50.250 32.250
50.000 32.250
50.000 32.500
Building 4 5 0.062
50.250 27.500
50.250 27.750
50.500 27.750
50.500 27.500
Building 4 5 0.062
50.250 27.750
50.250 28.000
50.500 28.000
50.500 27.750
Building 4 5 0.062
50.250 28.000
50.250 28.250
50.500 28.250
50.500 28.000
Building 4 5 0.062
50.250 28.250
50.250 28.500
50.500 28.500
50.500 28.250
Building 4 5 0.062
50.250 28.500
50.250 28.750
50.500 28.750
50.500 28.500
Building 4 5 0.062
50.250 28.750
50.250 29.000
50.500 29.000
50.500 28.750
Building 4 5 0.062
50.250 29.000
50.250 29.250
50.500 29.250
50.500 29.000
Building 4 5 0.062
50.500 29.500
50.500 29.250
50.250 29.250
50.250 29.500
Building 4 5 0.062
50.250 30.500
50.250 30.750
50.500 30.750
50.500 30.500
Building 4 5 0.062
50.250 30.750
50.250 31.000
50.500 31.000
50.500 30.750
Building 4 5 0.062
50.250 31.000
50.250 31.250
50.500 31.250
50.500 31.000
Building 4 5 0.062
50.250 31.250
50.250 31.500
50.500 31.500
50.500 31.250
Building 4 5 0.062
50.250 31.500
50.250 31.750
50.500 31.750
50.500 31.500
Building 4 5 0.062
50.250 31.750
50.250 32.000
50.500 32.000
50.500 31.750
Building 4 5 0.062
50.250 32.000
50.250 32.250
50.500 32.250
50.500 32.000
Building 4 5 0.062
50.500 32.500
50.500 32.250
50.250 32.250
50.250 32.500
Building 4 5 0.062
50.500 27.500
50.500 27.750
50.750 27.750
50.750 27.500
Building 4 5 0.062
50.500 27.750
50.500 28.000
50.750 28.000
50.750 27.750
Building 4 5 0.062
50.500 28.000
50.500 28.250
50.750 28.250
50.750 28.000
Building 4 5 0.062
50.500 28.250
50.500 28.500
50.750 28.500
50.750 28.250
Building 4 5 0.062
50.500 28.500
50.500 28.750
50.750 28.750
50.750 28.500
Building 4 5 0.062
50.500 28.750
50.500 29.000
50.750 29.000
50.750 28.750
Building 4 5 0.062
50.500 29.000
50.500 29.250
50.750 29.250
50.750 29.000
Building 4 5 0.062
50.750 29.500
50.750 29.250
50.500 29.250
50.500 29.500
Building 4 5 0.062
50.500 30.500
50.500 30.750
50.750 30.750
50.750 30.500
Building 4 5 0.062
50.500 30.750
50.500 31.000
50.750 31.000
50.750 30.750
Building 4 5 0.062
50.500 31.000
50.500 31.250
50.750 31.250
50.750 31.000
Building 4 5 0.062
50.500 31.250
50.500 31.500
50.750 31.500
50.750 31.250
Building 4 5 0.062
50.500 31.500
50.500 31.750
50.750 31.750
50.750 31.500
Building 4 5 0.062
50.500 31.750
50.500 32.000
50.750 32.000
50.750 31.750
Building 4 5 0.062
50.500 32.000
50.500 32.250
50.750 32.250
50.750 32.000
Building 4 5 0.062
50.750 32.500
50.750 32.250
50.500 32.250
50.500 32.500
Building 4 5 0.062
50.750 27.500
50.750 27.750
51.000 27.750
51.000 27.500
Building 4 5 0.062
50.750 27.750
50.750 28.000
51.000 28.000
51.000 27.750
Building 4 5 0.062
50.750 28.000
50.750 28.250
51.000 28.250
51.000 28.000
Building 4 5 0.062
50.750 28.250
50.750 28.500
51.000 28.500
51.000 28.250
Building 4 5 0.062
50.750 28.500
50.750 28.750
51.000 28.750
51.000 28.500
Building 4 5 0.062
50.750 28.750
50.750 29.000
51.000 29.000
51.000 28.750
Building 4 5 0.062
50.750 29.000
50.750 29.250
51.000 29.250
51.000 29.000
Building 4 5 0.062
51.000 29.500
51.000 29.250
50.750 29.250
50.750 29.500
Building 4 5 0.062
50.750 30.500
50.750 30.750
51.000 30.750
51.000 30.500
Building 4 5 0.062
50.750 30.750
50.750 31.000
51.000 31.000
51.000 30.750
Building 4 5 0.062
50.750 31.000
50.750 31.250
51.000 31.250
51.000 31.000
Building 4 5 0.062
50.750 31.250
50.750 31.500
51.000 31.500
51.000 31.250
Building 4 5 0.062
50.750 31.500
50.750 31.750
51.000 31.750
51.000 31.500
Building 4 5 0.062
50.750 31.750
50.750 32.000
51.000 32.000
51.000 31.750
Building 4 5 0.062
50.750 32.000
50.750 32.250
51.000 32.250
51.000 32.000
Building 4 5 0.062
51.000 32.500
51.000 32.250
50.750 32.250
50.750 32.500
Building 4 5 0.062
51.000 27.500
51.000 27.750
51.250 27.750
51.250 27.500
Building 4 5 0.062
51.000 27.750
51.000 28.000
51.250 28.000
51.250 27.750
Building 4 5 0.062
51.000 28.000
51.000 28.250
51.250 28.250
51.250 28.000
Building 4 5 0.062
51.000 28.250
51.000 28.500
51.250 28.500
51.250 28.250
Building 4 5 0.062
51.000 28.500
51.000 28.750
51.250 28.750
51.250 28.500
Building 4 5 0.062
51.000 28.750
51.000 29.000
51.250 29.000
51.250 28.750
Building 4 5 0.062
51.000 29.000
51.000 29.250
51.250 29.250
51.250 29.000
Building 4 5 0.062
51.250 29.500
51.250 29.250
51.000 29.250
51.000 29.500
Building 4 5 0.062
51.000 30.500
51.000 30.750
51.250 30.750
51.250 30.500
Building 4 5 0.062
51.000 30.750
51.000 31.000
51.250 31.000
51.250 30.750
Building 4 5 0.062
51.000 31.000
51.000 31.250
51.250 31.250
51.250 31.000
Building 4 5 0.062
51.000 31.250
51.000 31.500
51.250 31.500
51.250 31.250
Building 4 5 0.062
51.000 31.500
51.000 31.750
51.250 31.750
51.250 31.500
Building 4 5 0.062
51.000 31.750
51.000 32.000
51.250 32.000
51.250 31.750
Building 4 5 0.062
51.000 32.000
51.000 32.250
51.250 32.250
51.250 32.000
Building 4 5 0.062
51.250 32.500
51.250 32.250
51.000 32.250
51.000 32.500
Building 4 5 0.062
51.250 27.500
51.250 27.750
51.500 27.750
51.500 27.500
Building 4 5 0.062
51.250 27.750
51.250 28.000
51.500 28.000
51.500 27.750
Building 4 5 0.062
51.250 28.000
51.250 28.250
51.500 28.250
51.500 28.000
Building 4 5 0.062
51.250 28.250
51.250 28.500
51.500 28.500
51.500 28.250
Building 4 5 0.062
51.250 28.500
51.250 28.750
51.500 28.750
51.500 28.500
Building 4 5 0.062
51.250 28.750
51.250 29.000
51.500 29.000
51.500 28.750
Building 4 5 0.062
51.250 29.000
51.250 29.250
51.500 29.250
51.500 29.000
Building 4 5 0.062
51.500 29.500
51.500 29.250
51.250 29.250
51.250 29.500
Building 4 5 0.062
51.250 30.500
51.250 30.750
51.500 30.750
51.500 30.500
Building 4 5 0.062
51.250 30.750
51.250 31.000
51.500 31.000
51.500 30.750
Building 4 5 0.062
51.250 31.000
51.250 31.250
51.500 31.250
51.500 31.000
Building 4 5 0.062
51.250 31.250
51.250 31.500
51.500 31.500
51.500 31.250
Building 4 5 0.062
51.250 31.500
51.250 31.750
51.500 31.750
51.500 31.500
Building 4 5 0.062
51.250 31.750
51.250 32.000
51.500 32.000
51.500 31.750
Building 4 5 0.062
51.250 32.000
51.250 32.250
51.500 32.250
51.500 32.000
Building 4 5 0.062
51.500 32.500
51.500 32.250
51.250 32.250
51.250 32.500
Building 4 5 0.062
51.500 27.500
51.500 27.750
51.750 27.750
51.750 27.500
Building 4 5 0.062
51.500 27.750
51.500 28.000
51.750 28.000
51.750 27.750
Building 4 5 0.062
51.500 28.000
51.500 28.250
51.750 28.250
51.750 28.000
Building 4 5 0.062
51.500 28.250
51.500 28.500
51.750 28.500
51.750 28.250
Building 4 5 0.062
51.500 28.500
51.500 28.750
51.750 28.750
51.750 28.500
Building 4 5 0.062
51.500 28.750
51.500 29.000
51.750 29.000
51.750 28.750
Building 4 5 0.062
51.500 29.000
51.500 29.250
51.750 29.250
51.750 29.000
Building 4 5 0.062
51.750 29.500
51.750 29.250
51.500 29.250
51.500 29.500
Building 4 5 0.062
51.500 30.500
51.500 30.750
51.750 30.750
51.750 30.500
Building 4 5 0.062
51.500 30.750
51.500 31.000
51.750 31.000
51.750 30.750
Building 4 5 0.062
51.500 31.000
51.500 31.250
51.750 31.250
51.750 31.000
Building 4 5 0.062
51.500 31.250
51.500 31.500
51.750 31.500
51.750 31.250
Building 4 5 0.062
51.500 31.500
51.500 31.750
51.750 31.750
51.750 31.500
Building 4 5 0.062
51.500 31.750
51.500 32.000
51.750 32.000
51.750 31.750
Building 4 5 0.062
51.500 32.000
51.500 32.250
51.750 32.250
51.750 32.000
Building 4 5 0.062
51.750 32.500
51.750 32.250
51.500 32.250
51.500 32.500
Building 4 5 0.062
51.750 27.500
51.750 27.750
52.000 27.750
52.000 27.500
Building 4 5 0.062
51.750 27.750
51.750 28.000
52.000 28.000
52.000 27.750
Building 4 5 0.062
51.750 28.000
51.750 28.250
52.000 28.250
52.000 28.000
Building 4 5 0.062
51.750 28.250
51.750 28.500
52.000 28.500
52.000 28.250
Building 4 5 0.062
51.750 28.500
51.750 28.750
52.000 28.750
52.000 28.500
Building 4 5 0.062
51.750 28.750
51.750 29.000
52.000 29.000
52.000 28.750
Building 4 5 0.062
51.750 29.000
51.750 29.250
52.000 29.250
52.000 29.000
Building 4 5 0.062
52.000 29.500
52.000 29.250
51.750 29.250
51.750 29.500
Building 4 5 0.062
51.750 30.500
51.750 30.750
52.000 30.750
52.000 30.500
Building 4 5 0.062
51.750 30.750
51.750 31.000
52.000 31.000
52.000 30.750
Building 4 5 0.062
51.750 31.000
51.750 31.250
52.000 31.250
52.000 31.000
Building 4 5 0.062
51.750 31.250
51.750 31.500
52.000 31.500
52.000 31.250
Building 4 5 0.062
51.750 31.500
51.750 31.750
52.000 31.750
52.000 31.500
Building 4 5 0.062
51.750 31.750
51.750 32.000
52.000 32.000
52.000 31.750
Building 4 5 0.062
51.750 32.000
51.750 32.250
52.000 32.250
52.000 32.000
Building 4 5 0.062
52.000 32.500
52.000 32.250
51.750 32.250
51.750 32.500
Building 4 5 0.062
52.000 27.500
52.000 27.750
52.250 27.750
52.250 27.500
Building 4 5 0.062
52.000 27.750
52.000 28.000
52.250 28.000
52.250 27.750
Building 4 5 0.062
52.000 28.000
52.000 28.250
52.250 28.250
52.250 28.000
Building 4 5 0.062
52.000 28.250
52.000 28.500
52.250 28.500
52.250 28.250
Building 4 5 0.062
52.000 28.500
52.000 28.750
52.250 28.750
52.250 28.500
Building 4 5 0.062
52.000 28.750
52.000 29.000
52.250 29.000
52.250 28.750
Building 4 5 0.062
52.000 29.000
52.000 29.250
52.250 29.250
52.250 29.000
Building 4 5 0.062
52.250 29.500
52.250 29.250
52.000 29.250
52.000 29.500
Building 4 5 0.062
52.000 30.500
52.000 30.750
52.250 30.750
52.250 30.500
Building 4 5 0.062
52.000 30.750
52.000 31.000
52.250 31.000
52.250 30.750
Building 4 5 0.062
52.000 31.000
52.000 31.250
52.250 31.250
52.250 31.000
Building 4 5 0.062
52.000 31.250
52.000 31.500
52.250 31.500
52.250 31.250
Building 4 5 0.062
52.000 31.500
52.000 31.750
52.250 31.750
52.250 31.500
Building 4 5 0.062
52.000 31.750
52.000 32.000
52.250 32.000
52.250 31.750
Building 4 5 0.062
52.000 32.000
52.000 32.250
52.250 32.250
52.250 32.000
Building 4 5 0.062
52.250 32.500
52.250 32.250
52.000 32.250
52.000 32.500
Building 4 5 0.062
52.250 27.500
52.250 27.750
52.500 27.750
52.500 27.500
Building 4 5 0.062
52.250 27.750
52.250 28.000
52.500 28.000
52.500 27.750
Building 4 5 0.062
52.250 28.000
52.250 28.250
52.500 28.250
52.500 28.000
Building 4 5 0.062
52.250 28.250
52.250 28.500
52.500 28.500
52.500 28.250
Building 4 5 0.062
52.250 28.500
52.250 28.750
52.500 28.750
52.500 28.500
Building 4 5 0.062
52.250 28.750
52.250 29.000
52.500 29.000
52.500 28.750
Building 4 5 0.062
52.250 29.000
52.250 29.250
52.500 29.250
52.500 29.000
Building 4 5 0.062
52.500 29.500
52.500 29.250
52.250 29.250
52.250 29.500
Building 4 5 0.062
52.250 30.500
52.250 30.750
52.500 30.750
52.500 30.500
Building 4 5 0.062
52.250 30.750
52.250 31.000
52.500 31.000
52.500 30.750
Building 4 5 0.062
52.250 31.000
52.250 31.250
52.500 31.250
52.500 31.000
Building 4 5 0.062
52.250 31.250
52.250 31.500
52.500 31.500
52.500 31.250
Building 4 5 0.062
52.250 31.500
52.250 31.750
52.500 31.750
52.500 31.500
Building 4 5 0.062
52.250 31.750
52.250 32.000
52.500 32.000
52.500 31.750
Building 4 5 0.062
52.250 32.000
52.250 32.250
52.500 32.250
52.500 32.000
Building 4 5 0.062
52.500 32.500
52.500 32.250
52.250 32.250
52.250 32.500
Building 4 5 0.062
52.500 27.500
52.500 27.750
52.750 27.750
52.750 27.500
Building 4 5 0.062
52.500 27.750
52.500 28.000
52.750 28.000
52.750 27.750
Building 4 5 0.062
52.500 28.000
52.500 28.250
52.750 28.250
52.750 28.000
Building 4 5 0.062
52.500 28.250
52.500 28.500
52.750 28.500
52.750 28.250
Building 4 5 0.062
52.500 28.500
52.500 28.750
52.750 28.750
52.750 28.500
Building 4 5 0.062
52.500 28.750
52.500 29.000
52.750 29.000
52.750 28.750
Building 4 5 0.062
52.500 29.000
52.500 29.250
52.750 29.250
52.750 29.000
Building 4 5 0.062
52.750 29.500
52.750 29.250
52.500 29.250
52.500 29.500
Building 4 5 0.062
52.500 30.500
52.500 30.750
52.750 30.750
52.750 30.500
Building 4 5 0.062
52.500 30.750
52.500 31.000
52.750 31.000
52.750 30.750
Building 4 5 0.062
52.500 31.000
52.500 31.250
52.750 31.250
52.750 31.000
Building 4 5 0.062
52.500 31.250
52.500 31.500
52.750 31.500
52.750 31.250
Building 4 5 0.062
52.500 31.500
52.500 31.750
52.750 31.750
52.750 31.500
Building 4 5 0.062
52.500 31.750
52.500 32.000
52.750 32.000
52.750 31.750
Building 4 5 0.062
52.500 32.000
52.500 32.250
52.750 32.250
52.750 32.000
Building 4 5 0.062
52.750 32.500
52.750 32.250
52.500 32.250
52.500 32.500
Building 4 5 0.062
52.750 27.500
52.750 27.750
53.000 27.750
53.000 27.500
Building 4 5 0.062
52.750 27.750
52.750 28.000
53.000 28.000
53.000 27.750
Building 4 5 0.062
52.750 28.000
52.750 28.250
53.000 28.250
53.000 28.000
Building 4 5 0.062
52.750 28.250
52.750 28.500
53.000 28.500
53.000 28.250
Building 4 5 0.062
52.750 28.500
52.750 28.750
53.000 28.750
53.000 28.500
Building 4 5 0.062
52.750 28.750
52.750 29.000
53.000 29.000
53.000 28.750
Building 4 5 0.062
52.750 29.000
52.750 29.250
53.000 29.250
53.000 29.000
Building 4 5 0.062
53.000 29.500
53.000 29.250
52.750 29.250
52.750 29.500
Building 4 5 0.062
52.750 30.500
52.750 30.750
53.000 30.750
53.000 30.500
Building 4 5 0.062
52.750 30.750
52.750 31.000
53.000 31.000
53.000 30.750
Building 4 5 0.062
52.750 31.000
52.750 31.250
53.000 31.250
53.000 31.000
Building 4 5 0.062
52.750 31.250
52.750 31.500
53.000 31.500
53.000 31.250
Building 4 5 0.062
52.750 31.500
52.750 31.750
53.000 31.750
53.000 31.500
Building 4 5 0.062
52.750 31.750
52.750 32.000
53.000 32.000
53.000 31.750
Building 4 5 0.062
52.750 32.000
52.750 32.250
53.000 32.250
53.000 32.000
Building 4 5 0.062
53.000 32.500
53.000 32.250
52.750 32.250
52.750 32.500
Building 4 5 0.062
53.000 27.500
53.000 27.750
53.250 27.750
53.250 27.500
Building 4 5 0.062
53.000 27.750
53.000 28.000
53.250 28.000
53.250 27.750
Building 4 5 0.062
53.000 28.000
53.000 28.250
53.250 28.250
53.250 28.000
Building 4 5 0.062
53.000 28.250
53.000 28.500
53.250 28.500
53.250 28.250
Building 4 5 0.062
53.000 28.500
53.000 28.750
53.250 28.750
53.250 28.500
Building 4 5 0.062
53.000 28.750
53.000 29.000
53.250 29.000
53.250 28.750
Building 4 5 0.062
53.000 29.000
53.000 29.250
53.250 29.250
53.250 29.000
Building 4 5 0.062
53.250 29.500
53.250 29.250
53.000 29.250
53.000 29.500
Building 4 5 0.062
53.000 30.500
53.000 30.750
53.250 30.750
53.250 30.500
Building 4 5 0.062
53.000 30.750
53.000 31.000
53.250 31.000
53.250 30.750
Building 4 5 0.062
53.000 31.000
53.000 31.250
53.250 31.250
53.250 31.000
Building 4 5 0.062
53.000 31.250
53.000 31.500
53.250 31.500
53.250 31.250
Building 4 5 0.062
53.000 31.500
53.000 31.750
53.250 31.750
53.250 31.500
Building 4 5 0.062
53.000 31.750
53.000 32.000
53.250 32.000
53.250 31.750
Building 4 5 0.062
53.000 32.000
53.000 32.250
53.250 32.250
53.250 32.000
Building 4 5 0.062
53.250 32.500
53.250 32.250
53.000 32.250
53.000 32.500
Building 4 5 0.062
53.250 27.500
53.250 27.750
53.500 27.750
53.500 27.500
Building 4 5 0.062
53.250 27.750
53.250 28.000
53.500 28.000
53.500 27.750
Building 4 5 0.062
53.250 28.000
53.250 28.250
53.500 28.250
53.500 28.000
Building 4 5 0.062
53.250 28.250
53.250 28.500
53.500 28.500
53.500 28.250
Building 4 5 0.062
53.250 28.500
53.250 28.750
53.500 28.750
53.500 28.500
Building 4 5 0.062
53.250 28.750
53.250 29.000
53.500 29.000
53.500 28.750
Building 4 5 0.062
53.250 29.000
53.250 29.250
53.500 29.250
53.500 29.000
Building 4 5 0.062
53.500 29.500
53.500 29.250
53.250 29.250
53.250 29.500
Building 4 5 0.062
53.250 30.500
53.250 30.750
53.500 30.750
53.500 30.500
Building 4 5 0.062
53.250 30.750
53.250 31.000
53.500 31.000
53.500 30.750
Building 4 5 0.062
53.250 31.000
53.250 31.250
53.500 31.250
53.500 31.000
Building 4 5 0.062
53.250 31.250
53.250 31.500
53.500 31.500
53.500 31.250
Building 4 5 0.062
53.250 31.500
53.250 31.750
53.500 31.750
53.500 31.500
Building 4 5 0.062
53.250 31.750
53.250 32.000
53.500 32.000
53.500 31.750
Building 4 5 0.062
53.250 32.000
53.250 32.250
53.500 32.250
53.500 32.000
Building 4 5 0.062
53.500 32.500
53.500 32.250
53.250 32.250
53.250 32.500
Building 4 5 0.062
53.500 27.500
53.500 27.750
53.750 27.750
53.750 27.500
Building 4 5 0.062
53.500 27.750
53.500 28.000
53.750 28.000
53.750 27.750
Building 4 5 0.062
53.500 28.000
53.500 28.250
53.750 28.250
53.750 28.000
Building 4 5 0.062
53.500 28.250
53.500 28.500
53.750 28.500
53.750 28.250
Building 4 5 0.062
53.500 28.500
53.500 28.750
53.750 28.750
53.750 28.500
Building 4 5 0.062
53.500 28.750
53.500 29.000
53.750 29.000
53.750 28.750
Building 4 5 0.062
53.500 29.000
53.500 29.250
53.750 29.250
53.750 29.000
Building 4 5 0.062
53.750 29.500
53.750 29.250
53.500 29.250
53.500 29.500
Building 4 5 0.062
53.500 30.500
53.500 30.750
53.750 30.750
53.750 30.500
Building 4 5 0.062
53.500 30.750
53.500 31.000
53.750 31.000
53.750 30.750
Building 4 5 0.062
53.500 31.000
53.500 31.250
53.750 31.250
53.750 31.000
Building 4 5 0.062
53.500 31.250
53.500 31.500
53.750 31.500
53.750 31.250
Building 4 5 0.062
53.500 31.500
53.500 31.750
53.750 31.750
53.750 31.500
Building 4 5 0.062
53.500 31.750
53.500 32.000
53.750 32.000
53.750 31.750
Building 4 5 0.062
53.500 32.000
53.500 32.250
53.750 32.250
53.750 32.000
Building 4 5 0.062
53.750 32.500
53.750 32.250
53.500 32.250
53.500 32.500
Building 4 5 0.062
53.750 27.500
53.750 27.750
54.000 27.750
54.000 27.500
Building 4 5 0.062
53.750 27.750
53.750 28.000
54.000 28.000
54.000 27.750
Building 4 5 0.062
53.750 28.000
53.750 28.250
54.000 28.250
54.000 28.000
Building 4 5 0.062
53.750 28.250
53.750 28.500
54.000 28.500
54.000 28.250
Building 4 5 0.062
53.750 28.500
53.750 28.750
54.000 28.750
54.000 28.500
Building 4 5 0.062
53.750 28.750
53.750 29.000
54.000 29.000
54.000 28.750
Building 4 5 0.062
53.750 29.000
53.750 29.250
54.000 29.250
54.000 29.000
Building 4 5 0.062
54.000 29.500
54.000 29.250
53.750 29.250
53.750 29.500
Building 4 5 0.062
53.750 30.500
53.750 30.750
54.000 30.750
54.000 30.500
Building 4 5 0.062
53.750 30.750
53.750 31.000
54.000 31.000
54.000 30.750
Building 4 5 0.062
53.750 31.000
53.750 31.250
54.000 31.250
54.000 31.000
Building 4 5 0.062
53.750 31.250
53.750 31.500
54.000 31.500
54.000 31.250
Building 4 5 0.062
53.750 31.500
53.750 31.750
54.000 31.750
54.000 31.500
Building 4 5 0.062
53.750 31.750
53.750 32.000
54.000 32.000
54.000 31.750
Building 4 5 0.062
53.750 32.000
53.750 32.250
54.000 32.250
54.000 32.000
Building 4 5 0.062
54.000 32.500
54.000 32.250
53.750 32.250
53.750 32.500
Building 4 5 0.062
54.000 27.500
54.000 27.750
54.250 27.750
54.250 27.500
Building 4 5 0.062
54.000 27.750
54.000 28.000
54.250 28.000
54.250 27.750
Building 4 5 0.062
54.000 28.000
54.000 28.250
54.250 28.250
54.250 28.000
Building 4 5 0.062
54.000 28.250
54.000 28.500
54.250 28.500
54.250 28.250
Building 4 5 0.062
54.000 28.500
54.000 28.750
54.250 28.750
54.250 28.500
Building 4 5 0.062
54.000 28.750
54.000 29.000
54.250 29.000
54.250 28.750
Building 4 5 0.062
54.000 29.000
54.000 29.250
54.250 29.250
54.250 29.000
Building 4 5 0.062
54.250 29.500
54.250 29.250
54.000 29.250
54.000 29.500
Building 4 5 0.062
54.000 30.500
54.000 30.750
54.250 30.750
54.250 30.500
Building 4 5 0.062
54.000 30.750
54.000 31.000
54.250 31.000
54.250 30.750
Building 4 5 0.062
54.000 31.000
54.000 31.250
54.250 31.250
54.250 31.000
Building 4 5 0.062
54.000 31.250
54.000 31.500
54.250 31.500
54.250 31.250
Building 4 5 0.062
54.000 31.500
54.000 31.750
54.250 31.750
54.250 31.500
Building 4 5 0.062
54.000 31.750
54.000 32.000
54.250 32.000
54.250 31.750
Building 4 5 0.062
54.000 32.000
54.000 32.250
54.250 32.250
54.250 32.000
Building 4 5 0.062
54.250 32.500
54.250 32.250
54.000 32.250
54.000 32.500
Building 4 5 0.062
54.250 27.500
54.250 27.750
54.500 27.750
54.500 27.500
Building 4 5 0.062
54.250 27.750
54.250 28.000
54.500 28.000
54.500 27.750
Building 4 5 0.062
54.250 28.000
54.250 28.250
54.500 28.250
54.500 28.000
Building 4 5 0.062
54.250 28.250
54.250 28.500
54.500 28.500
54.500 28.250
Building 4 5 0.062
54.250 28.500
54.250 28.750
54.500 28.750
54.500 28.500
Building 4 5 0.062
54.250 28.750
54.250 29.000
54.500 29.000
54.500 28.750
Building 4 5 0.062
54.250 29.000
54.250 29.250
54.500 29.250
54.500 29.000
Building 4 5 0.062
54.500 29.500
54.500 29.250
54.250 29.250
54.250 29.500
Building 4 5 0.062
54.250 30.500
54.250 30.750
54.500 30.750
54.500 30.500
Building 4 5 0.062
54.250 30.750
54.250 31.000
54.500 31.000
54.500 30.750
Building 4 5 0.062
54.250 31.000
54.250 31.250
54.500 31.250
54.500 31.000
Building 4 5 0.062
54.250 31.250
54.250 31.500
54.500 31.500
54.500 31.250
Building 4 5 0.062
54.250 31.500
54.250 31.750
54.500 31.750
54.500 31.500
Building 4 5 0.062
54.250 31.750
54.250 32.000
54.500 32.000
54.500 31.750
Building 4 5 0.062
54.250 32.000
54.250 32.250
54.500 32.250
54.500 32.000
Building 4 5 0.062
54.500 32.500
54.500 32.250
54.250 32.250
54.250 32.500
Building 4 5 0.062
54.500 27.500
54.500 27.750
54.750 27.750
54.750 27.500
Building 4 5 0.062
54.500 27.750
54.500 28.000
54.750 28.000
54.750 27.750
Building 4 5 0.062
54.500 28.000
54.500 28.250
54.750 28.250
54.750 28.000
Building 4 5 0.062
54.500 28.250
54.500 28.500
54.750 28.500
54.750 28.250
Building 4 5 0.062
54.500 28.500
54.500 28.750
54.750 28.750
54.750 28.500
Building 4 5 0.062
54.500 28.750
54.500 29.000
54.750 29.000
54.750 28.750
Building 4 5 0.062
54.500 29.000
54.500 29.250
54.750 29.250
54.750 29.000
Building 4 5 0.062
54.750 29.500
54.750 29.250
54.500 29.250
54.500 29.500
Building 4 5 0.062
54.500 30.500
54.500 30.750
54.750 30.750
54.750 30.500
Building 4 5 0.062
54.500 30.750
54.500 31.000
54.750 31.000
54.750 30.750
Building 4 5 0.062
54.500 31.000
54.500 31.250
54.750 31.250
54.750 31.000
Building 4 5 0.062
54.500 31.250
54.500 31.500
54.750 31.500
54.750 31.250
Building 4 5 0.062
54.500 31.500
54.500 31.750
54.750 31.750
54.750 31.500
Building 4 5 0.062
54.500 31.750
54.500 32.000
54.750 32.000
54.750 31.750
Building 4 5 0.062
54.500 32.000
54.500 32.250
54.750 32.250
54.750 32.000
Building 4 5 0.062
54.750 32.500
54.750 32.250
54.500 32.250
54.500 32.500
Building 4 5 0.062
54.750 27.500
54.750 27.750
55.000 27.750
55.000 27.500
Building 4 5 0.062
54.750 27.750
54.750 28.000
55.000 28.000
55.000 27.750
Building 4 5 0.062
54.750 28.000
54.750 28.250
55.000 28.250
55.000 28.000
Building 4 5 0.062
54.750 28.250
54.750 28.500
55.000 28.500
55.000 28.250
Building 4 5 0.062
54.750 28.500
54.750 28.750
55.000 28.750
55.000 28.500
Building 4 5 0.062
54.750 28.750
54.750 29.000
55.000 29.000
55.000 28.750
Building 4 5 0.062
54.750 29.000
54.750 29.250
55.000 29.250
55.000 29.000
Building 4 5 0.062
55.000 29.500
55.000 29.250
54.750 29.250
54.750 29.500
Building 4 5 0.062
54.750 30.500
54.750 30.750
55.000 30.750
55.000 30.500
Building 4 5 0.062
54.750 30.750
54.750 31.000
55.000 31.000
55.000 30.750
Building 4 5 0.062
54.750 31.000
54.750 31.250
55.000 31.250
55.000 31.000
Building 4 5 0.062
54.750 31.250
54.750 31.500
55.000 31.500
55.000 31.250
Building 4 5 0.062
54.750 31.500
54.750 31.750
55.000 31.750
55.000 31.500
Building 4 5 0.062
54.750 31.750
54.750 32.000
55.000 32.000
55.000 31.750
Building 4 5 0.062
54.750 32.000
54.750 32.250
55.000 32.250
55.000 32.000
Building 4 5 0.062
55.000 32.500
55.000 32.250
54.750 32.250
54.750 32.500
Building 4 5 0.062
55.000 27.500
55.000 27.750
55.250 27.750
55.250 27.500
Building 4 5 0.062
55.000 27.750
55.000 28.000
55.250 28.000
55.250 27.750
Building 4 5 0.062
55.000 28.000
55.000 28.250
55.250 28.250
55.250 28.000
Building 4 5 0.062
55.000 28.250
55.000 28.500
55.250 28.500
55.250 28.250
Building 4 5 0.062
55.000 28.500
55.000 28.750
55.250 28.750
55.250 28.500
Building 4 5 0.062
55.000 28.750
55.000 29.000
55.250 29.000
55.250 28.750
Building 4 5 0.062
55.000 29.000
55.000 29.250
55.250 29.250
55.250 29.000
Building 4 5 0.062
55.250 29.500
55.250 29.250
55.000 29.250
55.000 29.500
Building 4 5 0.062
55.000 30.500
55.000 30.750
55.250 30.750
55.250 30.500
Building 4 5 0.062
55.000 30.750
55.000 31.000
55.250 31.000
55.250 30.750
Building 4 5 0.062
55.000 31.000
55.000 31.250
55.250 31.250
55.250 31.000
Building 4 5 0.062
55.000 31.250
55.000 31.500
55.250 31.500
55.250 31.250
Building 4 5 0.062
55.000 31.500
55.000 31.750
55.250 31.750
55.250 31.500
Building 4 5 0.062
55.000 31.750
55.000 32.000
55.250 32.000
55.250 31.750
Building 4 5 0.062
55.000 32.000
55.000 32.250
55.250 32.250
55.250 32.000
Building 4 5 0.062
55.250 32.500
55.250 32.250
55.000 32.250
55.000 32.500
Building 4 5 0.062
55.250 27.500
55.250 27.750
55.500 27.750
55.500 27.500
Building 4 5 0.062
55.250 27.750
55.250 28.000
55.500 28.000
55.500 27.750
Building 4 5 0.062
55.250 28.000
55.250 28.250
55.500 28.250
55.500 28.000
Building 4 5 0.062
55.250 28.250
55.250 28.500
55.500 28.500
55.500 28.250
Building 4 5 0.062
55.250 28.500
55.250 28.750
55.500 28.750
55.500 28.500
Building 4 5 0.062
55.250 28.750
55.250 29.000
55.500 29.000
55.500 28.750
Building 4 5 0.062
55.250 29.000
55.250 29.250
55.500 29.250
55.500 29.000
Building 4 5 0.062
55.500 29.500
55.500 29.250
55.250 29.250
55.250 29.500
Building 4 5 0.062
55.250 30.500
55.250 30.750
55.500 30.750
55.500 30.500
Building 4 5 0.062
55.250 30.750
55.250 31.000
55.500 31.000
55.500 30.750
Building 4 5 0.062
55.250 31.000
55.250 31.250
55.500 31.250
55.500 31.000
Building 4 5 0.062
55.250 31.250
55.250 31.500
55.500 31.500
55.500 31.250
Building 4 5 0.062
55.250 31.500
55.250 31.750
55.500 31.750
55.500 31.500
Building 4 5 0.062
55.250 31.750
55.250 32.000
55.500 32.000
55.500 31.750
Building 4 5 0.062
55.250 32.000
55.250 32.250
55.500 32.250
55.500 32.000
Building 4 5 0.062
55.500 32.500
55.500 32.250
55.250 32.250
55.250 32.500
Building 4 5 0.062
55.500 27.500
55.500 27.750
55.750 27.750
55.750 27.500
Building 4 5 0.062
55.500 27.750
55.500 28.000
55.750 28.000
55.750 27.750
Building 4 5 0.062
55.500 28.000
55.500 28.250
55.750 28.250
55.750 28.000
Building 4 5 0.062
55.500 28.250
55.500 28.500
55.750 28.500
55.750 28.250
Building 4 5 0.062
55.500 28.500
55.500 28.750
55.750 28.750
55.750 28.500
Building 4 5 0.062
55.500 28.750
55.500 29.000
55.750 29.000
55.750 28.750
Building 4 5 0.062
55.500 29.000
55.500 29.250
55.750 29.250
55.750 29.000
Building 4 5 0.062
55.750 29.500
55.750 29.250
55.500 29.250
55.500 29.500
Building 4 5 0.062
55.500 30.500
55.500 30.750
55.750 30.750
55.750 30.500
Building 4 5 0.062
55.500 30.750
55.500 31.000
55.750 31.000
55.750 30.750
Building 4 5 0.062
55.500 31.000
55.500 31.250
55.750 31.250
55.750 31.000
Building 4 5 0.062
55.500 31.250
55.500 31.500
55.750 31.500
55.750 31.250
Building 4 5 0.062
55.500 31.500
55.500 31.750
55.750 31.750
55.750 31.500
Building 4 5 0.062
55.500 31.750
55.500 32.000
55.750 32.000
55.750 31.750
Building 4 5 0.062
55.500 32.000
55.500 32.250
55.750 32.250
55.750 32.000
Building 4 5 0.062
55.750 32.500
55.750 32.250
55.500 32.250
55.500 32.500
Building 4 5 0.062
55.750 27.500
55.750 27.750
56.000 27.750
56.000 27.500
Building 4 5 0.062
55.750 27.750
55.750 28.000
56.000 28.000
56.000 27.750
Building 4 5 0.062
55.750 28.000
55.750 28.250
56.000 28.250
56.000 28.000
Building 4 5 0.062
55.750 28.250
55.750 28.500
56.000 28.500
56.000 28.250
Building 4 5 0.062
55.750 28.500
55.750 28.750
56.000 28.750
56.000 28.500
Building 4 5 0.062
55.750 28.750
55.750 29.000
56.000 29.000
56.000 28.750
Building 4 5 0.062
55.750 29.000
55.750 29.250
56.000 29.250
56.000 29.000
Building 4 5 0.062
56.000 29.500
56.000 29.250
55.750 29.250
55.750 29.500
Building 4 5 0.062
55.750 30.500
55.750 30.750
56.000 30.750
56.000 30.500
Building 4 5 0.062
55.750 30.750
55.750 31.000
56.000 31.000
56.000 30.750
Building 4 5 0.062
55.750 31.000
55.750 31.250
56.000 31.250
56.000 31.000
Building 4 5 0.062
55.750 31.250
55.750 31.500
56.000 31.500
56.000 31.250
Building 4 5 0.062
55.750 31.500
55.750 31.750
56.000 31.750
56.000 31.500
Building 4 5 0.062
55.750 31.750
55.750 32.000
56.000 32.000
56.000 31.750
Building 4 5 0.062
55.750 32.000
55.750 32.250
56.000 32.250
56.000 32.000
Building 4 5 0.062
56.000 32.500
56.000 32.250
55.750 32.250
55.750 32.500
Building 4 5 0.062
56.000 27.500
56.000 27.750
56.250 27.750
56.250 27.500
Building 4 5 0.062
56.000 27.750
56.000 28.000
56.250 28.000
56.250 27.750
Building 4 5 0.062
56.000 28.000
56.000 28.250
56.250 28.250
56.250 28.000
Building 4 5 0.062
56.000 28.250
56.000 28.500
56.250 28.500
56.250 28.250
Building 4 5 0.062
56.000 28.500
56.000 28.750
56.250 28.750
56.250 28.500
Building 4 5 0.062
56.000 28.750
56.000 29.000
56.250 29.000
56.250 28.750
Building 4 5 0.062
56.000 29.000
56.000 29.250
56.250 29.250
56.250 29.000
Building 4 5 0.062
56.250 29.500
56.250 29.250
56.000 29.250
56.000 29.500
Building 4 5 0.062
56.000 30.500
56.000 30.750
56.250 30.750
56.250 30.500
Building 4 5 0.062
56.000 30.750
56.000 31.000
56.250 31.000
56.250 30.750
Building 4 5 0.062
56.000 31.000
56.000 31.250
56.250 31.250
56.250 31.000
Building 4 5 0.062
56.000 31.250
56.000 31.500
56.250 31.500
56.250 31.250
Building 4 5 0.062
56.000 31.500
56.000 31.750
56.250 31.750
56.250 31.500
Building 4 5 0.062
56.000 31.750
56.000 32.000
56.250 32.000
56.250 31.750
Building 4 5 0.062
56.000 32.000
56.000 32.250
56.250 32.250
56.250 32.000
Building 4 5 0.062
56.250 32.500
56.250 32.250
56.000 32.250
56.000 32.500
Building 4 5 0.062
56.250 27.500
56.250 27.750
56.500 27.750
56.500 27.500
Building 4 5 0.062
56.250 27.750
56.250 28.000
56.500 28.000
56.500 27.750
Building 4 5 0.062
56.250 28.000
56.250 28.250
56.500 28.250
56.500 28.000
Building 4 5 0.062
56.250 28.250
56.250 28.500
56.500 28.500
56.500 28.250
Building 4 5 0.062
56.250 28.500
56.250 28.750
56.500 28.750
56.500 28.500
Building 4 5 0.062
56.250 28.750
56.250 29.000
56.500 29.000
56.500 28.750
Building 4 5 0.062
56.250 29.000
56.250 29.250
56.500 29.250
56.500 29.000
Building 4 5 0.062
56.500 29.500
56.500 29.250
56.250 29.250
56.250 29.500
Building 4 5 0.062
56.250 30.500
56.250 30.750
56.500 30.750
56.500 30.500
Building 4 5 0.062
56.250 30.750
56.250 31.000
56.500 31.000
56.500 30.750
Building 4 5 0.062
56.250 31.000
56.250 31.250
56.500 31.250
56.500 31.000
Building 4 5 0.062
56.250 31.250
56.250 31.500
56.500 31.500
56.500 31.250
Building 4 5 0.062
56.250 31.500
56.250 31.750
56.500 31.750
56.500 31.500
Building 4 5 0.062
56.250 31.750
56.250 32.000
56.500 32.000
56.500 31.750
Building 4 5 0.062
56.250 32.000
56.250 32.250
56.500 32.250
56.500 32.000
Building 4 5 0.062
56.500 32.500
56.500 32.250
56.250 32.250
56.250 32.500
Building 4 5 0.062
56.500 27.500
56.500 27.750
56.750 27.750
56.750 27.500
Building 4 5 0.062
56.500 27.750
56.500 28.000
56.750 28.000
56.750 27.750
Building 4 5 0.062
56.500 28.000
56.500 28.250
56.750 28.250
56.750 28.000
Building 4 5 0.062
56.500 28.250
56.500 28.500
56.750 28.500
56.750 28.250
Building 4 5 0.062
56.500 28.500
56.500 28.750
56.750 28.750
56.750 28.500
Building 4 5 0.062
56.500 28.750
56.500 29.000
56.750 29.000
56.750 28.750
Building 4 5 0.062
56.500 29.000
56.500 29.250
56.750 29.250
56.750 29.000
Building 4 5 0.062
56.750 29.500
56.750 29.250
56.500 29.250
56.500 29.500
Building 4 5 0.062
56.500 30.500
56.500 30.750
56.750 30.750
56.750 30.500
Building 4 5 0.062
56.500 30.750
56.500 31.000
56.750 31.000
56.750 30.750
Building 4 5 0.062
56.500 31.000
56.500 31.250
56.750 31.250
56.750 31.000
Building 4 5 0.062
56.500 31.250
56.500 31.500
56.750 31.500
56.750 31.250
Building 4 5 0.062
56.500 31.500
56.500 31.750
56.750 31.750
56.750 31.500
Building 4 5 0.062
56.500 31.750
56.500 32.000
56.750 32.000
56.750 31.750
Building 4 5 0.062
56.500 32.000
56.500 32.250
56.750 32.250
56.750 32.000
Building 4 5 0.062
56.750 32.500
56.750 32.250
56.500 32.250
56.500 32.500
Building 4 5 0.062
56.750 27.500
56.750 27.750
57.000 27.750
57.000 27.500
Building 4 5 0.062
56.750 27.750
56.750 28.000
57.000 28.000
57.000 27.750
Building 4 5 0.062
56.750 28.000
56.750 28.250
57.000 28.250
57.000 28.000
Building 4 5 0.062
56.750 28.250
56.750 28.500
57.000 28.500
57.000 28.250
Building 4 5 0.062
56.750 28.500
56.750 28.750
57.000 28.750
57.000 28.500
Building 4 5 0.062
56.750 28.750
56.750 29.000
57.000 29.000
57.000 28.750
Building 4 5 0.062
56.750 29.000
56.750 29.250
57.000 29.250
57.000 29.000
Building 4 5 0.062
57.000 29.500
57.000 29.250
56.750 29.250
56.750 29.500
Building 4 5 0.062
56.750 30.500
56.750 30.750
57.000 30.750
57.000 30.500
Building 4 5 0.062
56.750 30.750
56.750 31.000
57.000 31.000
57.000 30.750
Building 4 5 0.062
56.750 31.000
56.750 31.250
57.000 31.250
57.000 31.000
Building 4 5 0.062
56.750 31.250
56.750 31.500
57.000 31.500
57.000 31.250
Building 4 5 0.062
56.750 31.500
56.750 31.750
57.000 31.750
57.000 31.500
Building 4 5 0.062
56.750 31.750
56.750 32.000
57.000 32.000
57.000 31.750
Building 4 5 0.062
56.750 32.000
56.750 32.250
57.000 32.250
57.000 32.000
Building 4 5 0.062
57.000 32.500
57.000 32.250
56.750 32.250
56.750 32.500
Building 4 5 0.062
57.000 27.500
57.000 27.750
57.250 27.750
57.250 27.500
Building 4 5 0.062
57.000 27.750
57.000 28.000
57.250 28.000
57.250 27.750
Building 4 5 0.062
57.000 28.000
57.000 28.250
57.250 28.250
57.250 28.000
Building 4 5 0.062
57.000 28.250
57.000 28.500
57.250 28.500
57.250 28.250
Building 4 5 0.062
57.000 28.500
57.000 28.750
57.250 28.750
57.250 28.500
Building 4 5 0.062
57.000 28.750
57.000 29.000
57.250 29.000
57.250 28.750
Building 4 5 0.062
57.000 29.000
57.000 29.250
57.250 29.250
57.250 29.000
Building 4 5 0.062
57.250 29.500
57.250 29.250
57.000 29.250
57.000 29.500
Building 4 5 0.062
57.000 30.500
57.000 30.750
57.250 30.750
57.250 30.500
Building 4 5 0.062
57.000 30.750
57.000 31.000
57.250 31.000
57.250 30.750
Building 4 5 0.062
57.000 31.000
57.000 31.250
57.250 31.250
57.250 31.000
Building 4 5 0.062
57.000 31.250
57.000 31.500
57.250 31.500
57.250 31.250
Building 4 5 0.062
57.000 31.500
57.000 31.750
57.250 31.750
57.250 31.500
Building 4 5 0.062
57.000 31.750
57.000 32.000
57.250 32.000
57.250 31.750
Building 4 5 0.062
57.000 32.000
57.000 32.250
57.250 32.250
57.250 32.000
Building 4 5 0.062
57.250 32.500
57.250 32.250
57.000 32.250
57.000 32.500
Building 4 5 0.062
57.250 27.500
57.250 27.750
57.500 27.750
57.500 27.500
Building 4 5 0.062
57.250 27.750
57.250 28.000
57.500 28.000
57.500 27.750
Building 4 5 0.062
57.250 28.000
57.250 28.250
57.500 28.250
57.500 28.000
Building 4 5 0.062
57.250 28.250
57.250 28.500
57.500 28.500
57.500 28.250
Building 4 5 0.062
57.250 28.500
57.250 28.750
57.500 28.750
57.500 28.500
Building 4 5 0.062
57.250 28.750
57.250 29.000
57.500 29.000
57.500 28.750
Building 4 5 0.062
57.250 29.000
57.250 29.250
57.500 29.250
57.500 29.000
Building 4 5 0.062
57.500 29.500
57.500 29.250
57.250 29.250
57.250 29.500
Building 4 5 0.062
57.250 30.500
57.250 30.750
57.500 30.750
57.500 30.500
Building 4 5 0.062
57.250 30.750
57.250 31.000
57.500 31.000
57.500 30.750
Building 4 5 0.062
57.250 31.000
57.250 31.250
57.500 31.250
57.500 31.000
Building 4 5 0.062
57.250 31.250
57.250 31.500
57.500 31.500
57.500 31.250
Building 4 5 0.062
57.250 31.500
57.250 31.750
57.500 31.750
57.500 31.500
Building 4 5 0.062
57.250 31.750
57.250 32.000
57.500 32.000
57.500 31.750
Building 4 5 0.062
57.250 32.000
57.250 32.250
57.500 32.250
57.500 32.000
Building 4 5 0.062
57.500 32.500
57.500 32.250
57.250 32.250
57.250 32.500
Building 4 5 0.062
57.500 27.500
57.500 27.750
57.750 27.750
57.750 27.500
Building 4 5 0.062
57.500 27.750
57.500 28.000
57.750 28.000
57.750 27.750
Building 4 5 0.062
57.500 28.000
57.500 28.250
57.750 28.250
57.750 28.000
Building 4 5 0.062
57.500 28.250
57.500 28.500
57.750 28.500
57.750 28.250
Building 4 5 0.062
57.500 28.500
57.500 28.750
57.750 28.750
57.750 28.500
Building 4 5 0.062
57.500 28.750
57.500 29.000
57.750 29.000
57.750 28.750
Building 4 5 0.062
57.500 29.000
57.500 29.250
57.750 29.250
57.750 29.000
Building 4 5 0.062
57.750 29.500
57.750 29.250
57.500 29.250
57.500 29.500
Building 4 5 0.062
57.500 30.500
57.500 30.750
57.750 30.750
57.750 30.500
Building 4 5 0.062
57.500 30.750
57.500 31.000
57.750 31.000
57.750 30.750
Building 4 5 0.062
57.500 31.000
57.500 31.250
57.750 31.250
57.750 31.000
Building 4 5 0.062
57.500 31.250
57.500 31.500
57.750 31.500
57.750 31.250
Building 4 5 0.062
57.500 31.500
57.500 31.750
57.750 31.750
57.750 31.500
Building 4 5 0.062
57.500 31.750
57.500 32.000
57.750 32.000
57.750 31.750
Building 4 5 0.062
57.500 32.000
57.500 32.250
57.750 32.250
57.750 32.000
Building 4 5 0.062
57.750 32.500
57.750 32.250
57.500 32.250
57.500 32.500
Building 4 5 0.062
57.750 27.500
57.750 27.750
58.000 27.750
58.000 27.500
Building 4 5 0.062
57.750 27.750
57.750 28.000
58.000 28.000
58.000 27.750
Building 4 5 0.062
57.750 28.000
57.750 28.250
58.000 28.250
58.000 28.000
Building 4 5 0.062
57.750 28.250
57.750 28.500
58.000 28.500
58.000 28.250
Building 4 5 0.062
57.750 28.500
57.750 28.750
58.000 28.750
58.000 28.500
Building 4 5 0.062
57.750 28.750
57.750 29.000
58.000 29.000
58.000 28.750
Building 4 5 0.062
57.750 29.000
57.750 29.250
58.000 29.250
58.000 29.000
Building 4 5 0.062
58.000 29.500
58.000 29.250
57.750 29.250
57.750 29.500
Building 4 5 0.062
57.750 30.500
57.750 30.750
58.000 30.750
58.000 30.500
Building 4 5 0.062
57.750 30.750
57.750 31.000
58.000 31.000
58.000 30.750
Building 4 5 0.062
57.750 31.000
57.750 31.250
58.000 31.250
58.000 31.000
Building 4 5 0.062
57.750 31.250
57.750 31.500
58.000 31.500
58.000 31.250
Building 4 5 0.062
57.750 31.500
57.750 31.750
58.000 31.750
58.000 31.500
Building 4 5 0.062
57.750 31.750
57.750 32.000
58.000 32.000
58.000 31.750
Building 4 5 0.062
57.750 32.000
57.750 32.250
58.000 32.250
58.000 32.000
Building 4 5 0.062
58.000 32.500
58.000 32.250
57.750 32.250
57.750 32.500
Building 4 5 0.062
58.000 27.500
58.000 27.750
58.250 27.750
58.250 27.500
Building 4 5 0.062
58.000 27.750
58.000 28.000
58.250 28.000
58.250 27.750
Building 4 5 0.062
58.000 28.000
58.000 28.250
58.250 28.250
58.250 28.000
Building 4 5 0.062
58.000 28.250
58.000 28.500
58.250 28.500
58.250 28.250
Building 4 5 0.062
58.000 28.500
58.000 28.750
58.250 28.750
58.250 28.500
Building 4 5 0.062
58.000 28.750
58.000 29.000
58.250 29.000
58.250 28.750
Building 4 5 0.062
58.000 29.000
58.000 29.250
58.250 29.250
58.250 29.000
Building 4 5 0.062
58.250 29.500
58.250 29.250
58.000 29.250
58.000 29.500
Building 4 5 0.062
58.000 30.500
58.000 30.750
58.250 30.750
58.250 30.500
Building 4 5 0.062
58.000 30.750
58.000 31.000
58.250 31.000
58.250 30.750
Building 4 5 0.062
58.000 31.000
58.000 31.250
58.250 31.250
58.250 31.000
Building 4 5 0.062
58.000 31.250
58.000 31.500
58.250 31.500
58.250 31.250
Building 4 5 0.062
58.000 31.500
58.000 31.750
58.250 31.750
58.250 31.500
Building 4 5 0.062
58.000 31.750
58.000 32.000
58.250 32.000
58.250 31.750
Building 4 5 0.062
58.000 32.000
58.000 32.250
58.250 32.250
58.250 32.000
Building 4 5 0.062
58.250 32.500
58.250 32.250
58.000 32.250
58.000 32.500
Building 4 5 0.062
58.250 27.500
58.250 27.750
58.500 27.750
58.500 27.500
Building 4 5 0.062
58.250 27.750
58.250 28.000
58.500 28.000
58.500 27.750
Building 4 5 0.062
58.250 28.000
58.250 28.250
58.500 28.250
58.500 28.000
Building 4 5 0.062
58.250 28.250
58.250 28.500
58.500 28.500
58.500 28.250
Building 4 5 0.062
58.250 28.500
58.250 28.750
58.500 28.750
58.500 28.500
Building 4 5 0.062
58.250 28.750
58.250 29.000
58.500 29.000
58.500 28.750
Building 4 5 0.062
58.250 29.000
58.250 29.250
58.500 29.250
58.500 29.000
Building 4 5 0.062
58.500 29.500
58.500 29.250
58.250 29.250
58.250 29.500
Building 4 5 0.062
58.250 30.500
58.250 30.750
58.500 30.750
58.500 30.500
Building 4 5 0.062
58.250 30.750
58.250 31.000
58.500 31.000
58.500 30.750
Building 4 5 0.062
58.250 31.000
58.250 31.250
58.500 31.250
58.500 31.000
Building 4 5 0.062
58.250 31.250
58.250 31.500
58.500 31.500
58.500 31.250
Building 4 5 0.062
58.250 31.500
58.250 31.750
58.500 31.750
58.500 31.500
Building 4 5 0.062
58.250 31.750
58.250 32.000
58.500 32.000
58.500 31.750
Building 4 5 0.062
58.250 32.000
58.250 32.250
58.500 32.250
58.500 32.000
Building 4 5 0.062
58.500 32.500
58.500 32.250
58.250 32.250
58.250 32.500
Building 4 5 0.062
58.500 27.500
58.500 27.750
58.750 27.750
58.750 27.500
Building 4 5 0.062
58.500 27.750
58.500 28.000
58.750 28.000
58.750 27.750
Building 4 5 0.062
58.500 28.000
58.500 28.250
58.750 28.250
58.750 28.000
Building 4 5 0.062
58.500 28.250
58.500 28.500
58.750 28.500
58.750 28.250
Building 4 5 0.062
58.500 28.500
58.500 28.750
58.750 28.750
58.750 28.500
Building 4 5 0.062
58.500 28.750
58.500 29.000
58.750 29.000
58.750 28.750
Building 4 5 0.062
58.500 29.000
58.500 29.250
58.750 29.250
58.750 29.000
Building 4 5 0.062
58.750 29.500
58.750 29.250
58.500 29.250
58.500 29.500
Building 4 5 0.062
58.500 30.500
58.500 30.750
58.750 30.750
58.750 30.500
Building 4 5 0.062
58.500 30.750
58.500 31.000
58.750 31.000
58.750 30.750
Building 4 5 0.062
58.500 31.000
58.500 31.250
58.750 31.250
58.750 31.000
Building 4 5 0.062
58.500 31.250
58.500 31.500
58.750 31.500
58.750 31.250
Building 4 5 0.062
58.500 31.500
58.500 31.750
58.750 31.750
58.750 31.500
Building 4 5 0.062
58.500 31.750
58.500 32.000
58.750 32.000
58.750 31.750
Building 4 5 0.062
58.500 32.000
58.500 32.250
58.750 32.250
58.750 32.000
Building 4 5 0.062
58.750 32.500
58.750 32.250
58.500 32.250
58.500 32.500
Building 4 5 0.062
58.750 27.500
58.750 27.750
59.000 27.750
59.000 27.500
Building 4 5 0.062
58.750 27.750
58.750 28.000
59.000 28.000
59.000 27.750
Building 4 5 0.062
58.750 28.000
58.750 28.250
59.000 28.250
59.000 28.000
Building 4 5 0.062
58.750 28.250
58.750 28.500
59.000 28.500
59.000 28.250
Building 4 5 0.062
58.750 28.500
58.750 28.750
59.000 28.750
59.000 28.500
Building 4 5 0.062
58.750 28.750
58.750 29.000
59.000 29.000
59.000 28.750
Building 4 5 0.062
58.750 29.000
58.750 29.250
59.000 29.250
59.000 29.000
Building 4 5 0.062
59.000 29.500
59.000 29.250
58.750 29.250
58.750 29.500
Building 4 5 0.062
58.750 30.500
58.750 30.750
59.000 30.750
59.000 30.500
Building 4 5 0.062
58.750 30.750
58.750 31.000
59.000 31.000
59.000 30.750
Building 4 5 0.062
58.750 31.000
58.750 31.250
59.000 31.250
59.000 31.000
Building 4 5 0.062
58.750 31.250
58.750 31.500
59.000 31.500
59.000 31.250
Building 4 5 0.062
58.750 31.500
58.750 31.750
59.000 31.750
59.000 31.500
Building 4 5 0.062
58.750 31.750
58.750 32.000
59.000 32.000
59.000 31.750
Building 4 5 0.062
58.750 32.000
58.750 32.250
59.000 32.250
59.000 32.000
Building 4 5 0.062
59.000 32.500
59.000 32.250
58.750 32.250
58.750 32.500
Building 4 5 0.062
59.000 27.500
59.000 27.750
59.250 27.750
59.250 27.500
Building 4 5 0.062
59.000 27.750
59.000 28.000
59.250 28.000
59.250 27.750
Building 4 5 0.062
59.000 28.000
59.000 28.250
59.250 28.250
59.250 28.000
Building 4 5 0.062
59.000 28.250
59.000 28.500
59.250 28.500
59.250 28.250
Building 4 5 0.062
59.000 28.500
59.000 28.750
59.250 28.750
59.250 28.500
Building 4 5 0.062
59.000 28.750
59.000 29.000
59.250 29.000
59.250 28.750
Building 4 5 0.062
59.000 29.000
59.000 29.250
59.250 29.250
59.250 29.000
Building 4 5 0.062
59.250 29.500
59.250 29.250
59.000 29.250
59.000 29.500
Building 4 5 0.062
59.000 30.500
59.000 30.750
59.250 30.750
59.250 30.500
Building 4 5 0.062
59.000 30.750
59.000 31.000
59.250 31.000
59.250 30.750
Building 4 5 0.062
59.000 31.000
59.000 31.250
59.250 31.250
59.250 31.000
Building 4 5 0.062
59.000 31.250
59.000 31.500
59.250 31.500
59.250 31.250
Building 4 5 0.062
59.000 31.500
59.000 31.750
59.250 31.750
59.250 31.500
Building 4 5 0.062
59.000 31.750
59.000 32.000
59.250 32.000
59.250 31.750
Building 4 5 0.062
59.000 32.000
59.000 32.250
59.250 32.250
59.250 32.000
Building 4 5 0.062
59.250 32.500
59.250 32.250
59.000 32.250
59.000 32.500
Building 4 5 0.062
59.250 27.500
59.250 27.750
59.500 27.750
59.500 27.500
Building 4 5 0.062
59.250 27.750
59.250 28.000
59.500 28.000
59.500 27.750
Building 4 5 0.062
59.250 28.000
59.250 28.250
59.500 28.250
59.500 28.000
Building 4 5 0.062
59.250 28.250
59.250 28.500
59.500 28.500
59.500 28.250
Building 4 5 0.062
59.250 28.500
59.250 28.750
59.500 28.750
59.500 28.500
Building 4 5 0.062
59.250 28.750
59.250 29.000
59.500 29.000
59.500 28.750
Building 4 5 0.062
59.250 29.000
59.250 29.250
59.500 29.250
59.500 29.000
Building 4 5 0.062
59.500 29.500
59.500 29.250
59.250 29.250
59.250 29.500
Building 4 5 0.062
59.250 30.500
59.250 30.750
59.500 30.750
59.500 30.500
Building 4 5 0.062
59.250 30.750
59.250 31.000
59.500 31.000
59.500 30.750
Building 4 5 0.062
59.250 31.000
59.250 31.250
59.500 31.250
59.500 31.000
Building 4 5 0.062
59.250 31.250
59.250 31.500
59.500 31.500
59.500 31.250
Building 4 5 0.062
59.250 31.500
59.250 31.750
59.500 31.750
59.500 31.500
Building 4 5 0.062
59.250 31.750
59.250 32.000
59.500 32.000
59.500 31.750
Building 4 5 0.062
59.250 32.000
59.250 32.250
59.500 32.250
59.500 32.000
Building 4 5 0.062
59.500 32.500
59.500 32.250
59.250 32.250
59.250 32.500
Building 4 5 0.062
59.500 27.500
59.500 27.750
59.750 27.750
59.750 27.500
Building 4 5 0.062
59.500 27.750
59.500 28.000
59.750 28.000
59.750 27.750
Building 4 5 0.062
59.500 28.000
59.500 28.250
59.750 28.250
59.750 28.000
Building 4 5 0.062
59.500 28.250
59.500 28.500
59.750 28.500
59.750 28.250
Building 4 5 0.062
59.500 28.500
59.500 28.750
59.750 28.750
59.750 28.500
Building 4 5 0.062
59.500 28.750
59.500 29.000
59.750 29.000
59.750 28.750
Building 4 5 0.062
59.500 29.000
59.500 29.250
59.750 29.250
59.750 29.000
Building 4 5 0.062
59.750 29.500
59.750 29.250
59.500 29.250
59.500 29.500
Building 4 5 0.062
59.500 30.500
59.500 30.750
59.750 30.750
59.750 30.500
Building 4 5 0.062
59.500 30.750
59.500 31.000
59.750 31.000
59.750 30.750
Building 4 5 0.062
59.500 31.000
59.500 31.250
59.750 31.250
59.750 31.000
Building 4 5 0.062
59.500 31.250
59.500 31.500
59.750 31.500
59.750 31.250
Building 4 5 0.062
59.500 31.500
59.500 31.750
59.750 31.750
59.750 31.500
Building 4 5 0.062
59.500 31.750
59.500 32.000
59.750 32.000
59.750 31.750
Building 4 5 0.062
59.500 32.000
59.500 32.250
59.750 32.250
59.750 32.000
Building 4 5 0.062
59.750 32.500
59.750 32.250
59.500 32.250
59.500 32.500
Building 4 5 0.062
59.750 27.500
59.750 27.750
60.000 27.750
60.000 27.500
Building 4 5 0.062
59.750 27.750
59.750 28.000
60.000 28.000
60.000 27.750
Building 4 5 0.062
59.750 28.000
59.750 28.250
60.000 28.250
60.000 28.000
Building 4 5 0.062
59.750 28.250
59.750 28.500
60.000 28.500
60.000 28.250
Building 4 5 0.062
59.750 28.500
59.750 28.750
60.000 28.750
60.000 28.500
Building 4 5 0.062
59.750 28.750
59.750 29.000
60.000 29.000
60.000 28.750
Building 4 5 0.062
59.750 29.000
59.750 29.250
60.000 29.250
60.000 29.000
Building 4 5 0.062
60.000 29.500
60.000 29.250
59.750 29.250
59.750 29.500
Building 4 5 0.062
59.750 30.500
59.750 30.750
60.000 30.750
60.000 30.500
Building 4 5 0.062
59.750 30.750
59.750 31.000
60.000 31.000
60.000 30.750
Building 4 5 0.062
59.750 31.000
59.750 31.250
60.000 31.250
60.000 31.000
Building 4 5 0.062
59.750 31.250
59.750 31.500
60.000 31.500
60.000 31.250
Building 4 5 0.062
59.750 31.500
59.750 31.750
60.000 31.750
60.000 31.500
Building 4 5 0.062
59.750 31.750
59.750 32.000
60.000 32.000
60.000 31.750
Building 4 5 0.062
59.750 32.000
59.750 32.250
60.000 32.250
60.000 32.000
Building 4 5 0.062
60.000 32.500
60.000 32.250
59.750 32.250
59.750 32.500
Building 4 5 0.062
60.000 27.500
60.000 27.750
60.250 27.750
60.250 27.500
Building 4 5 0.062
60.000 27.750
60.000 28.000
60.250 28.000
60.250 27.750
Building 4 5 0.062
60.000 28.000
60.000 28.250
60.250 28.250
60.250 28.000
Building 4 5 0.062
60.000 28.250
60.000 28.500
60.250 28.500
60.250 28.250
Building 4 5 0.062
60.000 28.500
60.000 28.750
60.250 28.750
60.250 28.500
Building 4 5 0.062
60.000 28.750
60.000 29.000
60.250 29.000
60.250 28.750
Building 4 5 0.062
60.000 29.000
60.000 29.250
60.250 29.250
60.250 29.000
Building 4 5 0.062
60.250 29.500
60.250 29.250
60.000 29.250
60.000 29.500
Building 4 5 0.062
60.000 30.500
60.000 30.750
60.250 30.750
60.250 30.500
Building 4 5 0.062
60.000 30.750
60.000 31.000
60.250 31.000
60.250 30.750
Building 4 5 0.062
60.000 31.000
60.000 31.250
60.250 31.250
60.250 31.000
Building 4 5 0.062
60.000 31.250
60.000 31.500
60.250 31.500
60.250 31.250
Building 4 5 0.062
60.000 31.500
60.000 31.750
60.250 31.750
60.250 31.500
Building 4 5 0.062
60.000 31.750
60.000 32.000
60.250 32.000
60.250 31.750
Building 4 5 0.062
60.000 32.000
60.000 32.250
60.250 32.250
60.250 32.000
Building 4 5 0.062
60.250 32.500
60.250 32.250
60.000 32.250
60.000 32.500
Building 4 5 0.062
60.250 27.500
60.250 27.750
60.500 27.750
60.500 27.500
Building 4 5 0.062
60.250 27.750
60.250 28.000
60.500 28.000
60.500 27.750
Building 4 5 0.062
60.250 28.000
60.250 28.250
60.500 28.250
60.500 28.000
Building 4 5 0.062
60.250 28.250
60.250 28.500
60.500 28.500
60.500 28.250
Building 4 5 0.062
60.250 28.500
60.250 28.750
60.500 28.750
60.500 28.500
Building 4 5 0.062
60.250 28.750
60.250 29.000
60.500 29.000
60.500 28.750
Building 4 5 0.062
60.250 29.000
60.250 29.250
60.500 29.250
60.500 29.000
Building 4 5 0.062
60.500 29.500
60.500 29.250
60.250 29.250
60.250 29.500
Building 4 5 0.062
60.250 30.500
60.250 30.750
60.500 30.750
60.500 30.500
Building 4 5 0.062
60.250 30.750
60.250 31.000
60.500 31.000
60.500 30.750
Building 4 5 0.062
60.250 31.000
60.250 31.250
60.500 31.250
60.500 31.000
Building 4 5 0.062
60.250 31.250
60.250 31.500
60.500 31.500
60.500 31.250
Building 4 5 0.062
60.250 31.500
60.250 31.750
60.500 31.750
60.500 31.500
Building 4 5 0.062
60.250 31.750
60.250 32.000
60.500 32.000
60.500 31.750
Building 4 5 0.062
60.250 32.000
60.250 32.250
60.500 32.250
60.500 32.000
Building 4 5 0.062
60.500 32.500
60.500 32.250
60.250 32.250
60.250 32.500
Building 4 5 0.062
60.500 27.500
60.500 27.750
60.750 27.750
60.750 27.500
Building 4 5 0.062
60.500 27.750
60.500 28.000
60.750 28.000
60.750 27.750
Building 4 5 0.062
60.500 28.000
60.500 28.250
60.750 28.250
60.750 28.000
Building 4 5 0.062
60.500 28.250
60.500 28.500
60.750 28.500
60.750 28.250
Building 4 5 0.062
60.500 28.500
60.500 28.750
60.750 28.750
60.750 28.500
Building 4 5 0.062
60.500 28.750
60.500 29.000
60.750 29.000
60.750 28.750
Building 4 5 0.062
60.500 29.000
60.500 29.250
60.750 29.250
60.750 29.000
Building 4 5 0.062
60.750 29.500
60.750 29.250
60.500 29.250
60.500 29.500
Building 4 5 0.062
60.500 30.500
60.500 30.750
60.750 30.750
60.750 30.500
Building 4 5 0.062
60.500 30.750
60.500 31.000
60.750 31.000
60.750 30.750
Building 4 5 0.062
60.500 31.000
60.500 31.250
60.750 31.250
60.750 31.000
Building 4 5 0.062
60.500 31.250
60.500 31.500
60.750 31.500
60.750 31.250
Building 4 5 0.062
60.500 31.500
60.500 31.750
60.750 31.750
60.750 31.500
Building 4 5 0.062
60.500 31.750
60.500 32.000
60.750 32.000
60.750 31.750
Building 4 5 0.062
60.500 32.000
60.500 32.250
60.750 32.250
60.750 32.000
Building 4 5 0.062
60.750 32.500
60.750 32.250
60.500 32.250
60.500 32.500
Building 4 5 0.062
60.750 27.500
60.750 27.750
61.000 27.750
61.000 27.500
Building 4 5 0.062
60.750 27.750
60.750 28.000
61.000 28.000
61.000 27.750
Building 4 5 0.062
60.750 28.000
60.750 28.250
61.000 28.250
61.000 28.000
Building 4 5 0.062
60.750 28.250
60.750 28.500
61.000 28.500
61.000 28.250
Building 4 5 0.062
60.750 28.500
60.750 28.750
61.000 28.750
61.000 28.500
Building 4 5 0.062
60.750 28.750
60.750 29.000
61.000 29.000
61.000 28.750
Building 4 5 0.062
60.750 29.000
60.750 29.250
61.000 29.250
61.000 29.000
Building 4 5 0.062
61.000 29.500
61.000 29.250
60.750 29.250
60.750 29.500
Building 4 5 0.062
60.750 30.500
60.750 30.750
61.000 30.750
61.000 30.500
Building 4 5 0.062
60.750 30.750
60.750 31.000
61.000 31.000
61.000 30.750
Building 4 5 0.062
60.750 31.000
60.750 31.250
61.000 31.250
61.000 31.000
Building 4 5 0.062
60.750 31.250
60.750 31.500
61.000 31.500
61.000 31.250
Building 4 5 0.062
60.750 31.500
60.750 31.750
61.000 31.750
61.000 31.500
Building 4 5 0.062
60.750 31.750
60.750 32.000
61.000 32.000
61.000 31.750
Building 4 5 0.062
60.750 32.000
60.750 32.250
61.000 32.250
61.000 32.000
Building 4 5 0.062
61.000 32.500
61.000 32.250
60.750 32.250
60.750 32.500
Building 4 5 0.062
61.000 27.500
61.000 27.750
61.250 27.750
61.250 27.500
Building 4 5 0.062
61.000 27.750
61.000 28.000
61.250 28.000
61.250 27.750
Building 4 5 0.062
61.000 28.000
61.000 28.250
61.250 28.250
61.250 28.000
Building 4 5 0.062
61.000 28.250
61.000 28.500
61.250 28.500
61.250 28.250
Building 4 5 0.062
61.000 28.500
61.000 28.750
61.250 28.750
61.250 28.500
Building 4 5 0.062
61.000 28.750
61.000 29.000
61.250 29.000
61.250 28.750
Building 4 5 0.062
61.000 29.000
61.000 29.250
61.250 29.250
61.250 29.000
Building 4 5 0.062
61.250 29.500
61.250 29.250
61.000 29.250
61.000 29.500
Building 4 5 0.062
61.000 30.500
61.000 30.750
61.250 30.750
61.250 30.500
Building 4 5 0.062
61.000 30.750
61.000 31.000
61.250 31.000
61.250 30.750
Building 4 5 0.062
61.000 31.000
61.000 31.250
61.250 31.250
61.250 31.000
Building 4 5 0.062
61.000 31.250
61.000 31.500
61.250 31.500
61.250 31.250
Building 4 5 0.062
61.000 31.500
61.000 31.750
61.250 31.750
61.250 31.500
Building 4 5 0.062
61.000 31.750
61.000 32.000
61.250 32.000
61.250 31.750
Building 4 5 0.062
61.000 32.000
61.000 32.250
61.250 32.250
61.250 32.000
Building 4 5 0.062
61.250 32.500
61.250 32.250
61.000 32.250
61.000 32.500
Building 4 5 0.062
61.250 27.500
61.250 27.750
61.500 27.750
61.500 27.500
Building 4 5 0.062
61.250 27.750
61.250 28.000
61.500 28.000
61.500 27.750
Building 4 5 0.062
61.250 28.000
61.250 28.250
61.500 28.250
61.500 28.000
Building 4 5 0.062
61.250 28.250
61.250 28.500
61.500 28.500
61.500 28.250
Building 4 5 0.062
61.250 28.500
61.250 28.750
61.500 28.750
61.500 28.500
Building 4 5 0.062
61.250 28.750
61.250 29.000
61.500 29.000
61.500 28.750
Building 4 5 0.062
61.250 29.000
61.250 29.250
61.500 29.250
61.500 29.000
Building 4 5 0.062
61.500 29.500
61.500 29.250
61.250 29.250
61.250 29.500
Building 4 5 0.062
61.250 30.500
61.250 30.750
61.500 30.750
61.500 30.500
Building 4 5 0.062
61.250 30.750
61.250 31.000
61.500 31.000
61.500 30.750
Building 4 5 0.062
61.250 31.000
61.250 31.250
61.500 31.250
61.500 31.000
Building 4 5 0.062
61.250 31.250
61.250 31.500
61.500 31.500
61.500 31.250
Building 4 5 0.062
61.250 31.500
61.250 31.750
61.500 31.750
61.500 31.500
Building 4 5 0.062
61.250 31.750
61.250 32.000
61.500 32.000
61.500 31.750
Building 4 5 0.062
61.250 32.000
61.250 32.250
61.500 32.250
61.500 32.000
Building 4 5 0.062
61.500 32.500
61.500 32.250
61.250 32.250
61.250 32.500
Building 4 5 0.062
61.500 27.500
61.500 27.750
61.750 27.750
61.750 27.500
Building 4 5 0.062
61.500 27.750
61.500 28.000
61.750 28.000
61.750 27.750
Building 4 5 0.062
61.500 28.000
61.500 28.250
61.750 28.250
61.750 28.000
Building 4 5 0.062
61.500 28.250
61.500 28.500
61.750 28.500
61.750 28.250
Building 4 5 0.062
61.500 28.500
61.500 28.750
61.750 28.750
61.750 28.500
Building 4 5 0.062
61.500 28.750
61.500 29.000
61.750 29.000
61.750 28.750
Building 4 5 0.062
61.500 29.000
61.500 29.250
61.750 29.250
61.750 29.000
Building 4 5 0.062
61.750 29.500
61.750 29.250
61.500 29.250
61.500 29.500
Building 4 5 0.062
61.500 30.500
61.500 30.750
61.750 30.750
61.750 30.500
Building 4 5 0.062
61.500 30.750
61.500 31.000
61.750 31.000
61.750 30.750
Building 4 5 0.062
61.500 31.000
61.500 31.250
61.750 31.250
61.750 31.000
Building 4 5 0.062
61.500 31.250
61.500 31.500
61.750 31.500
61.750 31.250
Building 4 5 0.062
61.500 31.500
61.500 31.750
61.750 31.750
61.750 31.500
Building 4 5 0.062
61.500 31.750
61.500 32.000
61.750 32.000
61.750 31.750
Building 4 5 0.062
61.500 32.000
61.500 32.250
61.750 32.250
61.750 32.000
Building 4 5 0.062
61.750 32.500
61.750 32.250
61.500 32.250
61.500 32.500
Building 4 5 0.062
61.750 27.500
61.750 27.750
62.000 27.750
62.000 27.500
Building 4 5 0.062
61.750 27.750
61.750 28.000
62.000 28.000
62.000 27.750
Building 4 5 0.062
61.750 28.000
61.750 28.250
62.000 28.250
62.000 28.000
Building 4 5 0.062
61.750 28.250
61.750 28.500
62.000 28.500
62.000 28.250
Building 4 5 0.062
61.750 28.500
61.750 28.750
62.000 28.750
62.000 28.500
Building 4 5 0.062
61.750 28.750
61.750 29.000
62.000 29.000
62.000 28.750
Building 4 5 0.062
61.750 29.000
61.750 29.250
62.000 29.250
62.000 29.000
Building 4 5 0.062
62.000 29.500
62.000 29.250
61.750 29.250
61.750 29.500
Building 4 5 0.062
61.750 30.500
61.750 30.750
62.000 30.750
62.000 30.500
Building 4 5 0.062
61.750 30.750
61.750 31.000
62.000 31.000
62.000 30.750
Building 4 5 0.062
61.750 31.000
61.750 31.250
62.000 31.250
62.000 31.000
Building 4 5 0.062
61.750 31.250
61.750 31.500
62.000 31.500
62.000 31.250
Building 4 5 0.062
61.750 31.500
61.750 31.750
62.000 31.750
62.000 31.500
Building 4 5 0.062
61.750 31.750
61.750 32.000
62.000 32.000
62.000 31.750
Building 4 5 0.062
61.750 32.000
61.750 32.250
62.000 32.250
62.000 32.000
Building 4 5 0.062
62.000 32.500
62.000 32.250
61.750 32.250
61.750 32.500
Building 4 5 0.062
62.000 27.500
62.000 27.750
62.250 27.750
62.250 27.500
Building 4 5 0.062
62.000 27.750
62.000 28.000
62.250 28.000
62.250 27.750
Building 4 5 0.062
62.000 28.000
62.000 28.250
62.250 28.250
62.250 28.000
Building 4 5 0.062
62.000 28.250
62.000 28.500
62.250 28.500
62.250 28.250
Building 4 5 0.062
62.000 28.500
62.000 28.750
62.250 28.750
62.250 28.500
Building 4 5 0.062
62.000 28.750
62.000 29.000
62.250 29.000
62.250 28.750
Building 4 5 0.062
62.000 29.000
62.000 29.250
62.250 29.250
62.250 29.000
Building 4 5 0.062
62.250 29.500
62.250 29.250
62.000 29.250
62.000 29.500
Building 4 5 0.062
62.000 30.500
62.000 30.750
62.250 30.750
62.250 30.500
Building 4 5 0.062
62.000 30.750
62.000 31.000
62.250 31.000
62.250 30.750
Building 4 5 0.062
62.000 31.000
62.000 31.250
62.250 31.250
62.250 31.000
Building 4 5 0.062
62.000 31.250
62.000 31.500
62.250 31.500
62.250 31.250
Building 4 5 0.062
62.000 31.500
62.000 31.750
62.250 31.750
62.250 31.500
Building 4 5 0.062
62.000 31.750
62.000 32.000
62.250 32.000
62.250 31.750
Building 4 5 0.062
62.000 32.000
62.000 32.250
62.250 32.250
62.250 32.000
Building 4 5 0.062
62.250 32.500
62.250 32.250
62.000 32.250
62.000 32.500
Building 4 5 0.062
62.250 27.500
62.250 27.750
62.500 27.750
62.500 27.500
Building 4 5 0.062
62.250 27.750
62.250 28.000
62.500 28.000
62.500 27.750
Building 4 5 0.062
62.250 28.000
62.250 28.250
62.500 28.250
62.500 28.000
Building 4 5 0.062
62.250 28.250
62.250 28.500
62.500 28.500
62.500 28.250
Building 4 5 0.062
62.250 28.500
62.250 28.750
62.500 28.750
62.500 28.500
Building 4 5 0.062
62.250 28.750
62.250 29.000
62.500 29.000
62.500 28.750
Building 4 5 0.062
62.250 29.000
62.250 29.250
62.500 29.250
62.500 29.000
Building 4 5 0.062
62.500 29.500
62.500 29.250
62.250 29.250
62.250 29.500
Building 4 5 0.062
62.250 30.500
62.250 30.750
62.500 30.750
62.500 30.500
Building 4 5 0.062
62.250 30.750
62.250 31.000
62.500 31.000
62.500 30.750
Building 4 5 0.062
62.250 31.000
62.250 31.250
62.500 31.250
62.500 31.000
Building 4 5 0.062
62.250 31.250
62.250 31.500
62.500 31.500
62.500 31.250
Building 4 5 0.062
62.250 31.500
62.250 31.750
62.500 31.750
62.500 31.500
Building 4 5 0.062
62.250 31.750
62.250 32.000
62.500 32.000
62.500 31.750
Building 4 5 0.062
62.250 32.000
62.250 32.250
62.500 32.250
62.500 32.000
Building 4 5 0.062
62.500 32.500
62.500 32.250
62.250 32.250
62.250 32.500
Building 4 5 0.062
62.500 27.500
62.500 27.750
62.750 27.750
62.750 27.500
Building 4 5 0.062
62.500 27.750
62.500 28.000
62.750 28.000
62.750 27.750
Building 4 5 0.062
62.500 28.000
62.500 28.250
62.750 28.250
62.750 28.000
Building 4 5 0.062
62.500 28.250
62.500 28.500
62.750 28.500
62.750 28.250
Building 4 5 0.062
62.500 28.500
62.500 28.750
62.750 28.750
62.750 28.500
Building 4 5 0.062
62.500 28.750
62.500 29.000
62.750 29.000
62.750 28.750
Building 4 5 0.062
62.500 29.000
62.500 29.250
62.750 29.250
62.750 29.000
Building 4 5 0.062
62.750 29.500
62.750 29.250
62.500 29.250
62.500 29.500
Building 4 5 0.062
62.500 30.500
62.500 30.750
62.750 30.750
62.750 30.500
Building 4 5 0.062
62.500 30.750
62.500 31.000
62.750 31.000
62.750 30.750
Building 4 5 0.062
62.500 31.000
62.500 31.250
62.750 31.250
62.750 31.000
Building 4 5 0.062
62.500 31.250
62.500 31.500
62.750 31.500
62.750 31.250
Building 4 5 0.062
62.500 31.500
62.500 31.750
62.750 31.750
62.750 31.500
Building 4 5 0.062
62.500 31.750
62.500 32.000
62.750 32.000
62.750 31.750
Building 4 5 0.062
62.500 32.000
62.500 32.250
62.750 32.250
62.750 32.000
Building 4 5 0.062
62.750 32.500
62.750 32.250
62.500 32.250
62.500 32.500
Building 4 5 0.062
62.500 32.750
62.750 32.750
62.750 32.500
62.500 32.500
Building 4 5 0.062
62.500 33.000
62.750 33.000
62.750 32.750
62.500 32.750
Building 4 5 0.062
62.500 33.250
62.750 33.250
62.750 33.000
62.500 33.000
Building 4 5 0.062
62.500 33.500
62.750 33.500
62.750 33.250
62.500 33.250
Building 4 5 0.062
62.500 33.750
62.750 33.750
62.750 33.500
62.500 33.500
Building 4 5 0.062
62.500 34.000
62.750 34.000
62.750 33.750
62.500 33.750
Building 4 5 0.062
62.500 34.250
62.750 34.250
62.750 34.000
62.500 34.000
Building 4 5 0.062
62.500 34.500
62.750 34.500
62.750 34.250
62.500 34.250
Building 4 5 0.062
62.500 34.750
62.750 34.750
62.750 34.500
62.500 34.500
Building 4 5 0.062
62.500 35.000
62.750 35.000
62.750 34.750
62.500 34.750
Building 4 5 0.062
62.500 35.250
62.750 35.250
62.750 35.000
62.500 35.000
Building 4 5 0.062
62.500 35.500
62.750 35.500
62.750 35.250
62.500 35.250
Building 4 5 0.062
62.500 35.750
62.750 35.750
62.750 35.500
62.500 35.500
Building 4 5 0.062
62.500 36.000
62.750 36.000
62.750 35.750
62.500 35.750
Building 4 5 0.062
62.500 36.250
62.750 36.250
62.750 36.000
62.500 36.000
Building 4 5 0.062
62.500 36.500
62.750 36.500
62.750 36.250
62.500 36.250
Building 4 5 0.062
62.500 36.750
62.750 36.750
62.750 36.500
62.500 36.500
Building 4 5 0.062
62.500 37.000
62.750 37.000
62.750 36.750
62.500 36.750
Building 4 5 0.062
62.500 37.250
62.750 37.250
62.750 37.000
62.500 37.000
Building 4 5 0.062
62.500 37.500
62.750 37.500
62.750 37.250
62.500 37.250
Building 4 5 0.062
62.500 37.750
62.750 37.750
62.750 37.500
62.500 37.500
Building 4 5 0.062
62.500 38.000
62.750 38.000
62.750 37.750
62.500 37.750
Building 4 5 0.062
62.500 38.250
62.750 38.250
62.750 38.000
62.500 38.000
Building 4 5 0.062
62.500 38.500
62.750 38.500
62.750 38.250
62.500 38.250
Building 4 5 0.062
62.500 38.750
62.750 38.750
62.750 38.500
62.500 38.500
Building 4 5 0.062
62.500 39.000
62.750 39.000
62.750 38.750
62.500 38.750
Building 4 5 0.062
62.500 39.250
62.750 39.250
62.750 39.000
62.500 39.000
Building 4 5 0.062
62.500 39.500
62.750 39.500
62.750 39.250
62.500 39.250
Building 4 5 0.062
62.500 39.750
62.750 39.750
62.750 39.500
62.500 39.500
Building 4 5 0.062
62.500 40.000
62.750 40.000
62.750 39.750
62.500 39.750
Building 4 5 0.062
62.500 40.250
62.750 40.250
62.750 40.000
62.500 40.000
Building 4 5 0.062
62.500 40.500
62.750 40.500
62.750 40.250
62.500 40.250
Building 4 5 0.062
62.500 40.750
62.750 40.750
62.750 40.500
62.500 40.500
Building 4 5 0.062
62.500 41.000
62.750 41.000
62.750 40.750
62.500 40.750
Building 4 5 0.062
62.500 41.250
62.750 41.250
62.750 41.000
62.500 41.000
Building 4 5 0.062
62.500 41.500
62.750 41.500
62.750 41.250
62.500 41.250
Building 4 5 0.062
62.500 41.750
62.750 41.750
62.750 41.500
62.500 41.500
Building 4 5 0.062
62.500 42.000
62.750 42.000
62.750 41.750
62.500 41.750
Building 4 5 0.062
62.500 42.250
62.750 42.250
62.750 42.000
62.500 42.000
Building 4 5 0.062
62.500 42.500
62.750 42.500
62.750 42.250
62.500 42.250
Building 4 5 0.062
62.500 42.750
62.750 42.750
62.750 42.500
62.500 42.500
Building 4 5 0.062
62.500 43.000
62.750 43.000
62.750 42.750
62.500 42.750
Building 4 5 0.062
62.500 43.250
62.750 43.250
62.750 43.000
62.500 43.000
Building 4 5 0.062
62.500 43.500
62.750 43.500
62.750 43.250
62.500 43.250
Building 4 5 0.062
62.500 43.750
62.750 43.750
62.750 43.500
62.500 43.500
Building 4 5 0.062
62.500 44.000
62.750 44.000
62.750 43.750
62.500 43.750
Building 4 5 0.062
62.500 44.250
62.750 44.250
62.750 44.000
62.500 44.000
Building 4 5 0.062
62.500 44.500
62.750 44.500
62.750 44.250
62.500 44.250
Building 4 5 0.062
62.500 44.750
62.750 44.750
62.750 44.500
62.500 44.500
Building 4 5 0.062
62.500 45.000
62.750 45.000
62.750 44.750
62.500 44.750
Building 4 5 0.062
62.500 45.250
62.750 45.250
62.750 45.000
62.500 45.000
Building 4 5 0.062
62.500 45.500
62.750 45.500
62.750 45.250
62.500 45.250
Building 4 5 0.062
62.500 45.750
62.750 45.750
62.750 45.500
62.500 45.500
Building 4 5 0.062
62.500 46.000
62.750 46.000
62.750 45.750
62.500 45.750
Building 4 5 0.062
62.500 46.250
62.750 46.250
62.750 46.000
62.500 46.000
Building 4 5 0.062
62.500 46.500
62.750 46.500
62.750 46.250
62.500 46.250
Building 4 5 0.062
62.500 46.750
62.750 46.750
62.750 46.500
62.500 46.500
Building 4 5 0.062
62.500 47.000
62.750 47.000
62.750 46.750
62.500 46.750
Building 4 5 0.062
62.500 47.250
62.750 47.250
62.750 47.000
62.500 47.000
Building 4 5 0.062
62.500 47.500
62.750 47.500
62.750 47.250
62.500 47.250
Building 4 5 0.062
62.500 47.750
62.750 47.750
62.750 47.500
62.500 47.500
Building 4 5 0.062
62.500 48.000
62.750 48.000
62.750 47.750
62.500 47.750
Building 4 5 0.062
62.500 48.250
62.750 48.250
62.750 48.000
62.500 48.000
Building 4 5 0.062
62.500 48.500
62.750 48.500
62.750 48.250
62.500 48.250
Building 4 5 0.062
62.500 48.750
62.750 48.750
62.750 48.500
62.500 48.500
Building 4 5 0.062
62.500 49.000
62.750 49.000
62.750 48.750
62.500 48.750
Building 4 5 0.062
62.500 49.250
62.750 49.250
62.750 49.000
62.500 49.000
Building 4 5 0.062
62.500 49.500
62.750 49.500
62.750 49.250
62.500 49.250
Building 4 5 0.062
62.500 49.750
62.750 49.750
62.750 49.500
62.500 49.500
Building 4 5 0.062
62.500 50.000
62.750 50.000
62.750 49.750
62.500 49.750
Building 4 5 0.062
62.500 50.250
62.750 50.250
62.750 50.000
62.500 50.000
Building 4 5 0.062
62.500 50.500
62.750 50.500
62.750 50.250
62.500 50.250
Building 4 5 0.062
62.500 50.750
62.750 50.750
62.750 50.500
62.500 50.500
Building 4 5 0.062
62.500 51.000
62.750 51.000
62.750 50.750
62.500 50.750
Building 4 5 0.062
62.500 51.250
62.750 51.250
62.750 51.000
62.500 51.000
Building 4 5 0.062
62.500 51.500
62.750 51.500
62.750 51.250
62.500 51.250
Building 4 5 0.062
62.500 51.750
62.750 51.750
62.750 51.500
62.500 51.500
Building 4 5 0.062
62.500 52.000
62.750 52.000
62.750 51.750
62.500 51.750
Building 4 5 0.062
62.500 52.250
62.750 52.250
62.750 52.000
62.500 52.000
Building 4 5 0.062
62.500 52.500
62.750 52.500
62.750 52.250
62.500 52.250
Building 4 5 0.062
62.500 52.750
62.750 52.750
62.750 52.500
62.500 52.500
Building 4 5 0.062
62.500 53.000
62.750 53.000
62.750 52.750
62.500 52.750
Building 4 5 0.062
62.500 53.250
62.750 53.250
62.750 53.000
62.500 53.000
Building 4 5 0.062
62.500 53.500
62.750 53.500
62.750 53.250
62.500 53.250
Building 4 5 0.062
62.500 53.750
62.750 53.750
62.750 53.500
62.500 53.500
Building 4 5 0.062
62.500 54.000
62.750 54.000
62.750 53.750
62.500 53.750
Building 4 5 0.062
62.500 54.250
62.750 54.250
62.750 54.000
62.500 54.000
Building 4 5 0.062
62.500 54.500
62.750 54.500
62.750 54.250
62.500 54.250
Building 4 5 0.062
62.500 54.750
62.750 54.750
62.750 54.500
62.500 54.500
Building 4 5 0.062
62.500 55.000
62.750 55.000
62.750 54.750
62.500 54.750
Building 4 5 0.062
62.500 55.250
62.750 55.250
62.750 55.000
62.500 55.000
Building 4 5 0.062
62.500 55.500
62.750 55.500
62.750 55.250
62.500 55.250
Building 4 5 0.062
62.500 55.750
62.750 55.750
62.750 55.500
62.500 55.500
Building 4 5 0.062
62.500 56.000
62.750 56.000
62.750 55.750
62.500 55.750
Building 4 5 0.062
62.500 56.250
62.750 56.250
62.750 56.000
62.500 56.000
Building 4 5 0.062
62.500 56.500
62.750 56.500
62.750 56.250
62.500 56.250
Building 4 5 0.062
62.500 56.750
62.750 56.750
62.750 56.500
62.500 56.500
Building 4 5 0.062
62.500 57.000
62.750 57.000
62.750 56.750
62.500 56.750
Building 4 5 0.062
62.500 57.250
62.750 57.250
62.750 57.000
62.500 57.000
Building 4 5 0.062
62.500 57.500
62.750 57.500
62.750 57.250
62.500 57.250
Building 4 5 0.062
62.500 57.750
62.750 57.750
62.750 57.500
62.500 57.500
Building 4 5 0.062
62.500 58.000
62.750 58.000
62.750 57.750
62.500 57.750
Building 4 5 0.062
62.500 58.250
62.750 58.250
62.750 58.000
62.500 58.000
Building 4 5 0.062
62.500 58.500
62.750 58.500
62.750 58.250
62.500 58.250
Building 4 5 0.062
62.500 58.750
62.750 58.750
62.750 58.500
62.500 58.500
Building 4 5 0.062
62.500 59.000
62.750 59.000
62.750 58.750
62.500 58.750
Building 4 5 0.062
62.500 59.250
62.750 59.250
62.750 59.000
62.500 59.000
Building 4 5 0.062
62.500 59.500
62.750 59.500
62.750 59.250
62.500 59.250
Building 4 5 0.062
62.500 59.750
62.750 59.750
62.750 59.500
62.500 59.500
Building 4 5 0.062
62.500 60.000
62.750 60.000
62.750 59.750
62.500 59.750
Building 4 5 0.062
62.500 60.250
62.750 60.250
62.750 60.000
62.500 60.000
Building 4 5 0.062
62.500 60.500
62.750 60.500
62.750 60.250
62.500 60.250
Building 4 5 0.062
62.500 60.750
62.750 60.750
62.750 60.500
62.500 60.500
Building 4 5 0.062
62.500 61.000
62.750 61.000
62.750 60.750
62.500 60.750
Building 4 5 0.062
62.500 61.250
62.750 61.250
62.750 61.000
62.500 61.000
Building 4 5 0.062
62.500 61.500
62.750 61.500
62.750 61.250
62.500 61.250
Building 4 5 0.062
62.500 61.750
62.750 61.750
62.750 61.500
62.500 61.500
Building 4 5 0.062
62.500 62.000
62.750 62.000
62.750 61.750
62.500 61.750
Building 4 5 0.062
62.500 62.250
62.750 62.250
62.750 62.000
62.500 62.000
Building 4 5 0.062
62.500 62.500
62.750 62.500
62.750 62.250
62.500 62.250
Building 4 5 0.062
62.500 62.750
62.750 62.750
62.750 62.500
62.500 62.500
Building 4 5 0.062
62.500 63.000
62.750 63.000
62.750 62.750
62.500 62.750
Building 4 5 0.062
62.500 63.250
62.750 63.250
62.750 63.000
62.500 63.000
Building 4 5 0.062
62.500 63.500
62.750 63.500
62.750 63.250
62.500 63.250
Building 4 5 0.062
62.500 63.750
62.750 63.750
62.750 63.500
62.500 63.500
Building 4 5 0.062
62.500 64.000
62.750 64.000
62.750 63.750
62.500 63.750
Building 4 5 0.062
62.750 27.500
62.750 27.750
63.000 27.750
63.000 27.500
Building 4 5 0.062
62.750 27.750
62.750 28.000
63.000 28.000
63.000 27.750
Building 4 5 0.062
62.750 28.000
62.750 28.250
63.000 28.250
63.000 28.000
Building 4 5 0.062
62.750 28.250
62.750 28.500
63.000 28.500
63.000 28.250
Building 4 5 0.062
62.750 28.500
62.750 28.750
63.000 28.750
63.000 28.500
Building 4 5 0.062
62.750 28.750
62.750 29.000
63.000 29.000
63.000 28.750
Building 4 5 0.062
62.750 29.000
62.750 29.250
63.000 29.250
63.000 29.000
Building 4 5 0.062
63.000 29.500
63.000 29.250
62.750 29.250
62.750 29.500
Building 4 5 0.062
62.750 30.500
62.750 30.750
63.000 30.750
63.000 30.500
Building 4 5 0.062
62.750 30.750
62.750 31.000
63.000 31.000
63.000 30.750
Building 4 5 0.062
62.750 31.000
62.750 31.250
63.000 31.250
63.000 31.000
Building 4 5 0.062
62.750 31.250
62.750 31.500
63.000 31.500
63.000 31.250
Building 4 5 0.062
62.750 31.500
62.750 31.750
63.000 31.750
63.000 31.500
Building 4 5 0.062
62.750 31.750
62.750 32.000
63.000 32.000
63.000 31.750
Building 4 5 0.062
62.750 32.000
62.750 32.250
63.000 32.250
63.000 32.000
Building 4 5 0.062
62.750 32.250
62.750 32.500
63.000 32.500
63.000 32.250
Building 4 5 0.062
62.750 32.500
62.750 32.750
63.000 32.750
63.000 32.500
Building 4 5 0.062
62.750 32.750
62.750 33.000
63.000 33.000
63.000 32.750
Building 4 5 0.062
62.750 33.000
62.750 33.250
63.000 33.250
63.000 33.000
Building 4 5 0.062
62.750 33.250
62.750 33.500
63.000 33.500
63.000 33.250
Building 4 5 0.062
62.750 33.500
62.750 33.750
63.000 33.750
63.000 33.500
Building 4 5 0.062
62.750 33.750
62.750 34.000
63.000 34.000
63.000 33.750
Building 4 5 0.062
62.750 34.000
62.750 34.250
63.000 34.250
63.000 34.000
Building 4 5 0.062
62.750 34.250
62.750 34.500
63.000 34.500
63.000 34.250
Building 4 5 0.062
62.750 34.500
62.750 34.750
63.000 34.750
63.000 34.500
Building 4 5 0.062
62.750 34.750
62.750 35.000
63.000 35.000
63.000 34.750
Building 4 5 0.062
62.750 35.000
62.750 35.250
63.000 35.250
63.000 35.000
Building 4 5 0.062
62.750 35.250
62.750 35.500
63.000 35.500
63.000 35.250
Building 4 5 0.062
62.750 35.500
62.750 35.750
63.000 35.750
63.000 35.500
Building 4 5 0.062
62.750 35.750
62.750 36.000
63.000 36.000
63.000 35.750
Building 4 5 0.062
62.750 36.000
62.750 36.250
63.000 36.250
63.000 36.000
Building 4 5 0.062
62.750 36.250
62.750 36.500
63.000 36.500
63.000 36.250
Building 4 5 0.062
62.750 36.500
62.750 36.750
63.000 36.750
63.000 36.500
Building 4 5 0.062
62.750 36.750
62.750 37.000
63.000 37.000
63.000 36.750
Building 4 5 0.062
62.750 37.000
62.750 37.250
63.000 37.250
63.000 37.000
Building 4 5 0.062
62.750 37.250
62.750 37.500
63.000 37.500
63.000 37.250
Building 4 5 0.062
62.750 37.500
62.750 37.750
63.000 37.750
63.000 37.500
Building 4 5 0.062
62.750 37.750
62.750 38.000
63.000 38.000
63.000 37.750
Building 4 5 0.062
62.750 38.000
62.750 38.250
63.000 38.250
63.000 38.000
Building 4 5 0.062
62.750 38.250
62.750 38.500
63.000 38.500
63.000 38.250
Building 4 5 0.062
62.750 38.500
62.750 38.750
63.000 38.750
63.000 38.500
Building 4 5 0.062
62.750 38.750
62.750 39.000
63.000 39.000
63.000 38.750
Building 4 5 0.062
62.750 39.000
62.750 39.250
63.000 39.250
63.000 39.000
Building 4 5 0.062
62.750 39.250
62.750 39.500
63.000 39.500
63.000 39.250
Building 4 5 0.062
62.750 39.500
62.750 39.750
63.000 39.750
63.000 39.500
Building 4 5 0.062
62.750 39.750
62.750 40.000
63.000 40.000
63.000 39.750
Building 4 5 0.062
62.750 40.000
62.750 40.250
63.000 40.250
63.000 40.000
Building 4 5 0.062
62.750 40.250
62.750 40.500
63.000 40.500
63.000 40.250
Building 4 5 0.062
62.750 40.500
62.750 40.750
63.000 40.750
63.000 40.500
Building 4 5 0.062
62.750 40.750
62.750 41.000
63.000 41.000
63.000 40.750
Building 4 5 0.062
62.750 41.000
62.750 41.250
63.000 41.250
63.000 41.000
Building 4 5 0.062
62.750 41.250
62.750 41.500
63.000 41.500
63.000 41.250
Building 4 5 0.062
62.750 41.500
62.750 41.750
63.000 41.750
63.000 41.500
Building 4 5 0.062
62.750 41.750
62.750 42.000
63.000 42.000
63.000 41.750
Building 4 5 0.062
62.750 42.000
62.750 42.250
63.000 42.250
63.000 42.000
Building 4 5 0.062
62.750 42.250
62.750 42.500
63.000 42.500
63.000 42.250
Building 4 5 0.062
62.750 42.500
62.750 42.750
63.000 42.750
63.000 42.500
Building 4 5 0.062
62.750 42.750
62.750 43.000
63.000 43.000
63.000 42.750
Building 4 5 0.062
62.750 43.000
62.750 43.250
63.000 43.250
63.000 43.000
Building 4 5 0.062
62.750 43.250
62.750 43.500
63.000 43.500
63.000 43.250
Building 4 5 0.062
62.750 43.500
62.750 43.750
63.000 43.750
63.000 43.500
Building 4 5 0.062
62.750 43.750
62.750 44.000
63.000 44.000
63.000 43.750
Building 4 5 0.062
62.750 44.000
62.750 44.250
63.000 44.250
63.000 44.000
Building 4 5 0.062
62.750 44.250
62.750 44.500
63.000 44.500
63.000 44.250
Building 4 5 0.062
62.750 44.500
62.750 44.750
63.000 44.750
63.000 44.500
Building 4 5 0.062
62.750 44.750
62.750 45.000
63.000 45.000
63.000 44.750
Building 4 5 0.062
62.750 45.000
62.750 45.250
63.000 45.250
63.000 45.000
Building 4 5 0.062
62.750 45.250
62.750 45.500
63.000 45.500
63.000 45.250
Building 4 5 0.062
62.750 45.500
62.750 45.750
63.000 45.750
63.000 45.500
Building 4 5 0.062
62.750 45.750
62.750 46.000
63.000 46.000
63.000 45.750
Building 4 5 0.062
62.750 46.000
62.750 46.250
63.000 46.250
63.000 46.000
Building 4 5 0.062
62.750 46.250
62.750 46.500
63.000 46.500
63.000 46.250
Building 4 5 0.062
62.750 46.500
62.750 46.750
63.000 46.750
63.000 46.500
Building 4 5 0.062
62.750 46.750
62.750 47.000
63.000 47.000
63.000 46.750
Building 4 5 0.062
62.750 47.000
62.750 47.250
63.000 47.250
63.000 47.000
Building 4 5 0.062
62.750 47.250
62.750 47.500
63.000 47.500
63.000 47.250
Building 4 5 0.062
62.750 47.500
62.750 47.750
63.000 47.750
63.000 47.500
Building 4 5 0.062
62.750 47.750
62.750 48.000
63.000 48.000
63.000 47.750
Building 4 5 0.062
62.750 48.000
62.750 48.250
63.000 48.250
63.000 48.000
Building 4 5 0.062
62.750 48.250
62.750 48.500
63.000 48.500
63.000 48.250
Building 4 5 0.062
62.750 48.500
62.750 48.750
63.000 48.750
63.000 48.500
Building 4 5 0.062
62.750 48.750
62.750 49.000
63.000 49.000
63.000 48.750
Building 4 5 0.062
62.750 49.000
62.750 49.250
63.000 49.250
63.000 49.000
Building 4 5 0.062
62.750 49.250
62.750 49.500
63.000 49.500
63.000 49.250
Building 4 5 0.062
62.750 49.500
62.750 49.750
63.000 49.750
63.000 49.500
Building 4 5 0.062
62.750 49.750
62.750 50.000
63.000 50.000
63.000 49.750
Building 4 5 0.062
62.750 50.000
62.750 50.250
63.000 50.250
63.000 50.000
Building 4 5 0.062
62.750 50.250
62.750 50.500
63.000 50.500
63.000 50.250
Building 4 5 0.062
62.750 50.500
62.750 50.750
63.000 50.750
63.000 50.500
Building 4 5 0.062
62.750 50.750
62.750 51.000
63.000 51.000
63.000 50.750
Building 4 5 0.062
62.750 51.000
62.750 51.250
63.000 51.250
63.000 51.000
Building 4 5 0.062
62.750 51.250
62.750 51.500
63.000 51.500
63.000 51.250
Building 4 5 0.062
62.750 51.500
62.750 51.750
63.000 51.750
63.000 51.500
Building 4 5 0.062
62.750 51.750
62.750 52.000
63.000 52.000
63.000 51.750
Building 4 5 0.062
62.750 52.000
62.750 52.250
63.000 52.250
63.000 52.000
Building 4 5 0.062
62.750 52.250
62.750 52.500
63.000 52.500
63.000 52.250
Building 4 5 0.062
62.750 52.500
62.750 52.750
63.000 52.750
63.000 52.500
Building 4 5 0.062
62.750 52.750
62.750 53.000
63.000 53.000
63.000 52.750
Building 4 5 0.062
62.750 53.000
62.750 53.250
63.000 53.250
63.000 53.000
Building 4 5 0.062
62.750 53.250
62.750 53.500
63.000 53.500
63.000 53.250
Building 4 5 0.062
62.750 53.500
62.750 53.750
63.000 53.750
63.000 53.500
Building 4 5 0.062
62.750 53.750
62.750 54.000
63.000 54.000
63.000 53.750
Building 4 5 0.062
62.750 54.000
62.750 54.250
63.000 54.250
63.000 54.000
Building 4 5 0.062
62.750 54.250
62.750 54.500
63.000 54.500
63.000 54.250
Building 4 5 0.062
62.750 54.500
62.750 54.750
63.000 54.750
63.000 54.500
Building 4 5 0.062
62.750 54.750
62.750 55.000
63.000 55.000
63.000 54.750
Building 4 5 0.062
62.750 55.000
62.750 55.250
63.000 55.250
63.000 55.000
Building 4 5 0.062
62.750 55.250
62.750 55.500
63.000 55.500
63.000 55.250
Building 4 5 0.062
62.750 55.500
62.750 55.750
63.000 55.750
63.000 55.500
Building 4 5 0.062
62.750 55.750
62.750 56.000
63.000 56.000
63.000 55.750
Building 4 5 0.062
62.750 56.000
62.750 56.250
63.000 56.250
63.000 56.000
Building 4 5 0.062
62.750 56.250
62.750 56.500
63.000 56.500
63.000 56.250
Building 4 5 0.062
62.750 56.500
62.750 56.750
63.000 56.750
63.000 56.500
Building 4 5 0.062
62.750 56.750
62.750 57.000
63.000 57.000
63.000 56.750
Building 4 5 0.062
62.750 57.000
62.750 57.250
63.000 57.250
63.000 57.000
Building 4 5 0.062
62.750 57.250
62.750 57.500
63.000 57.500
63.000 57.250
Building 4 5 0.062
62.750 57.500
62.750 57.750
63.000 57.750
63.000 57.500
Building 4 5 0.062
62.750 57.750
62.750 58.000
63.000 58.000
63.000 57.750
Building 4 5 0.062
62.750 58.000
62.750 58.250
63.000 58.250
63.000 58.000
Building 4 5 0.062
62.750 58.250
62.750 58.500
63.000 58.500
63.000 58.250
Building 4 5 0.062
62.750 58.500
62.750 58.750
63.000 58.750
63.000 58.500
Building 4 5 0.062
62.750 58.750
62.750 59.000
63.000 59.000
63.000 58.750
Building 4 5 0.062
62.750 59.000
62.750 59.250
63.000 59.250
63.000 59.000
Building 4 5 0.062
62.750 59.250
62.750 59.500
63.000 59.500
63.000 59.250
Building 4 5 0.062
62.750 59.500
62.750 59.750
63.000 59.750
63.000 59.500
Building 4 5 0.062
62.750 59.750
62.750 60.000
63.000 60.000
63.000 59.750
Building 4 5 0.062
62.750 60.000
62.750 60.250
63.000 60.250
63.000 60.000
Building 4 5 0.062
62.750 60.250
62.750 60.500
63.000 60.500
63.000 60.250
Building 4 5 0.062
62.750 60.500
62.750 60.750
63.000 60.750
63.000 60.500
Building 4 5 0.062
62.750 60.750
62.750 61.000
63.000 61.000
63.000 60.750
Building 4 5 0.062
62.750 61.000
62.750 61.250
63.000 61.250
63.000 61.000
Building 4 5 0.062
62.750 61.250
62.750 61.500
63.000 61.500
63.000 61.250
Building 4 5 0.062
62.750 61.500
62.750 61.750
63.000 61.750
63.000 61.500
Building 4 5 0.062
62.750 61.750
62.750 62.000
63.000 62.000
63.000 61.750
Building 4 5 0.062
62.750 62.000
62.750 62.250
63.000 62.250
63.000 62.000
Building 4 5 0.062
62.750 62.250
62.750 62.500
63.000 62.500
63.000 62.250
Building 4 5 0.062
62.750 62.500
62.750 62.750
63.000 62.750
63.000 62.500
Building 4 5 0.062
62.750 62.750
62.750 63.000
63.000 63.000
63.000 62.750
Building 4 5 0.062
62.750 63.000
62.750 63.250
63.000 63.250
63.000 63.000
Building 4 5 0.062
62.750 63.250
62.750 63.500
63.000 63.500
63.000 63.250
Building 4 5 0.062
62.750 63.500
62.750 63.750
63.000 63.750
63.000 63.500
Building 4 5 0.062
63.000 64.000
63.000 63.750
62.750 63.750
62.750 64.000
Building 4 5 0.062
63.000 27.500
63.000 27.750
63.250 27.750
63.250 27.500
Building 4 5 0.062
63.000 27.750
63.000 28.000
63.250 28.000
63.250 27.750
Building 4 5 0.062
63.000 28.000
63.000 28.250
63.250 28.250
63.250 28.000
Building 4 5 0.062
63.000 28.250
63.000 28.500
63.250 28.500
63.250 28.250
Building 4 5 0.062
63.000 28.500
63.000 28.750
63.250 28.750
63.250 28.500
Building 4 5 0.062
63.000 28.750
63.000 29.000
63.250 29.000
63.250 28.750
Building 4 5 0.062
63.000 29.000
63.000 29.250
63.250 29.250
63.250 29.000
Building 4 5 0.062
63.250 29.500
63.250 29.250
63.000 29.250
63.000 29.500
Building 4 5 0.062
63.000 30.500
63.000 30.750
63.250 30.750
63.250 30.500
Building 4 5 0.062
63.000 30.750
63.000 31.000
63.250 31.000
63.250 30.750
Building 4 5 0.062
63.000 31.000
63.000 31.250
63.250 31.250
63.250 31.000
Building 4 5 0.062
63.000 31.250
63.000 31.500
63.250 31.500
63.250 31.250
Building 4 5 0.062
63.000 31.500
63.000 31.750
63.250 31.750
63.250 31.500
Building 4 5 0.062
63.000 31.750
63.000 32.000
63.250 32.000
63.250 31.750
Building 4 5 0.062
63.000 32.000
63.000 32.250
63.250 32.250
63.250 32.000
Building 4 5 0.062
63.000 32.250
63.000 32.500
63.250 32.500
63.250 32.250
Building 4 5 0.062
63.000 32.500
63.000 32.750
63.250 32.750
63.250 32.500
Building 4 5 0.062
63.000 32.750
63.000 33.000
63.250 33.000
63.250 32.750
Building 4 5 0.062
63.000 33.000
63.000 33.250
63.250 33.250
63.250 33.000
Building 4 5 0.062
63.000 33.250
63.000 33.500
63.250 33.500
63.250 33.250
Building 4 5 0.062
63.000 33.500
63.000 33.750
63.250 33.750
63.250 33.500
Building 4 5 0.062
63.000 33.750
63.000 34.000
63.250 34.000
63.250 33.750
Building 4 5 0.062
63.000 34.000
63.000 34.250
63.250 34.250
63.250 34.000
Building 4 5 0.062
63.000 34.250
63.000 34.500
63.250 34.500
63.250 34.250
Building 4 5 0.062
63.000 34.500
63.000 34.750
63.250 34.750
63.250 34.500
Building 4 5 0.062
63.000 34.750
63.000 35.000
63.250 35.000
63.250 34.750
Building 4 5 0.062
63.000 35.000
63.000 35.250
63.250 35.250
63.250 35.000
Building 4 5 0.062
63.000 35.250
63.000 35.500
63.250 35.500
63.250 35.250
Building 4 5 0.062
63.000 35.500
63.000 35.750
63.250 35.750
63.250 35.500
Building 4 5 0.062
63.000 35.750
63.000 36.000
63.250 36.000
63.250 35.750
Building 4 5 0.062
63.000 36.000
63.000 36.250
63.250 36.250
63.250 36.000
Building 4 5 0.062
63.000 36.250
63.000 36.500
63.250 36.500
63.250 36.250
Building 4 5 0.062
63.000 36.500
63.000 36.750
63.250 36.750
63.250 36.500
Building 4 5 0.062
63.000 36.750
63.000 37.000
63.250 37.000
63.250 36.750
Building 4 5 0.062
63.000 37.000
63.000 37.250
63.250 37.250
63.250 37.000
Building 4 5 0.062
63.000 37.250
63.000 37.500
63.250 37.500
63.250 37.250
Building 4 5 0.062
63.000 37.500
63.000 37.750
63.250 37.750
63.250 37.500
Building 4 5 0.062
63.000 37.750
63.000 38.000
63.250 38.000
63.250 37.750
Building 4 5 0.062
63.000 38.000
63.000 38.250
63.250 38.250
63.250 38.000
Building 4 5 0.062
63.000 38.250
63.000 38.500
63.250 38.500
63.250 38.250
Building 4 5 0.062
63.000 38.500
63.000 38.750
63.250 38.750
63.250 38.500
Building 4 5 0.062
63.000 38.750
63.000 39.000
63.250 39.000
63.250 38.750
Building 4 5 0.062
63.000 39.000
63.000 39.250
63.250 39.250
63.250 39.000
Building 4 5 0.062
63.000 39.250
63.000 39.500
63.250 39.500
63.250 39.250
Building 4 5 0.062
63.000 39.500
63.000 39.750
63.250 39.750
63.250 39.500
Building 4 5 0.062
63.000 39.750
63.000 40.000
63.250 40.000
63.250 39.750
Building 4 5 0.062
63.000 40.000
63.000 40.250
63.250 40.250
63.250 40.000
Building 4 5 0.062
63.000 40.250
63.000 40.500
63.250 40.500
63.250 40.250
Building 4 5 0.062
63.000 40.500
63.000 40.750
63.250 40.750
63.250 40.500
Building 4 5 0.062
63.000 40.750
63.000 41.000
63.250 41.000
63.250 40.750
Building 4 5 0.062
63.000 41.000
63.000 41.250
63.250 41.250
63.250 41.000
Building 4 5 0.062
63.000 41.250
63.000 41.500
63.250 41.500
63.250 41.250
Building 4 5 0.062
63.000 41.500
63.000 41.750
63.250 41.750
63.250 41.500
Building 4 5 0.062
63.000 41.750
63.000 42.000
63.250 42.000
63.250 41.750
Building 4 5 0.062
63.000 42.000
63.000 42.250
63.250 42.250
63.250 42.000
Building 4 5 0.062
63.000 42.250
63.000 42.500
63.250 42.500
63.250 42.250
Building 4 5 0.062
63.000 42.500
63.000 42.750
63.250 42.750
63.250 42.500
Building 4 5 0.062
63.000 42.750
63.000 43.000
63.250 43.000
63.250 42.750
Building 4 5 0.062
63.000 43.000
63.000 43.250
63.250 43.250
63.250 43.000
Building 4 5 0.062
63.000 43.250
63.000 43.500
63.250 43.500
63.250 43.250
Building 4 5 0.062
63.000 43.500
63.000 43.750
63.250 43.750
63.250 43.500
Building 4 5 0.062
63.000 43.750
63.000 44.000
63.250 44.000
63.250 43.750
Building 4 5 0.062
63.000 44.000
63.000 44.250
63.250 44.250
63.250 44.000
Building 4 5 0.062
63.000 44.250
63.000 44.500
63.250 44.500
63.250 44.250
Building 4 5 0.062
63.000 44.500
63.000 44.750
63.250 44.750
63.250 44.500
Building 4 5 0.062
63.000 44.750
63.000 45.000
63.250 45.000
63.250 44.750
Building 4 5 0.062
63.000 45.000
63.000 45.250
63.250 45.250
63.250 45.000
Building 4 5 0.062
63.000 45.250
63.000 45.500
63.250 45.500
63.250 45.250
Building 4 5 0.062
63.000 45.500
63.000 45.750
63.250 45.750
63.250 45.500
Building 4 5 0.062
63.000 45.750
63.000 46.000
63.250 46.000
63.250 45.750
Building 4 5 0.062
63.000 46.000
63.000 46.250
63.250 46.250
63.250 46.000
Building 4 5 0.062
63.000 46.250
63.000 46.500
63.250 46.500
63.250 46.250
Building 4 5 0.062
63.000 46.500
63.000 46.750
63.250 46.750
63.250 46.500
Building 4 5 0.062
63.000 46.750
63.000 47.000
63.250 47.000
63.250 46.750
Building 4 5 0.062
63.000 47.000
63.000 47.250
63.250 47.250
63.250 47.000
Building 4 5 0.062
63.000 47.250
63.000 47.500
63.250 47.500
63.250 47.250
Building 4 5 0.062
63.000 47.500
63.000 47.750
63.250 47.750
63.250 47.500
Building 4 5 0.062
63.000 47.750
63.000 48.000
63.250 48.000
63.250 47.750
Building 4 5 0.062
63.000 48.000
63.000 48.250
63.250 48.250
63.250 48.000
Building 4 5 0.062
63.000 48.250
63.000 48.500
63.250 48.500
63.250 48.250
Building 4 5 0.062
63.000 48.500
63.000 48.750
63.250 48.750
63.250 48.500
Building 4 5 0.062
63.000 48.750
63.000 49.000
63.250 49.000
63.250 48.750
Building 4 5 0.062
63.000 49.000
63.000 49.250
63.250 49.250
63.250 49.000
Building 4 5 0.062
63.000 49.250
63.000 49.500
63.250 49.500
63.250 49.250
Building 4 5 0.062
63.000 49.500
63.000 49.750
63.250 49.750
63.250 49.500
Building 4 5 0.062
63.000 49.750
63.000 50.000
63.250 50.000
63.250 49.750
Building 4 5 0.062
63.000 50.000
63.000 50.250
63.250 50.250
63.250 50.000
Building 4 5 0.062
63.000 50.250
63.000 50.500
63.250 50.500
63.250 50.250
Building 4 5 0.062
63.000 50.500
63.000 50.750
63.250 50.750
63.250 50.500
Building 4 5 0.062
63.000 50.750
63.000 51.000
63.250 51.000
63.250 50.750
Building 4 5 0.062
63.000 51.000
63.000 51.250
63.250 51.250
63.250 51.000
Building 4 5 0.062
63.000 51.250
63.000 51.500
63.250 51.500
63.250 51.250
Building 4 5 0.062
63.000 51.500
63.000 51.750
63.250 51.750
63.250 51.500
Building 4 5 0.062
63.000 51.750
63.000 52.000
63.250 52.000
63.250 51.750
Building 4 5 0.062
63.000 52.000
63.000 52.250
63.250 52.250
63.250 52.000
Building 4 5 0.062
63.000 52.250
63.000 52.500
63.250 52.500
63.250 52.250
Building 4 5 0.062
63.000 52.500
63.000 52.750
63.250 52.750
63.250 52.500
Building 4 5 0.062
63.000 52.750
63.000 53.000
63.250 53.000
63.250 52.750
Building 4 5 0.062
63.000 53.000
63.000 53.250
63.250 53.250
63.250 53.000
Building 4 5 0.062
63.000 53.250
63.000 53.500
63.250 53.500
63.250 53.250
Building 4 5 0.062
63.000 53.500
63.000 53.750
63.250 53.750
63.250 53.500
Building 4 5 0.062
63.000 53.750
63.000 54.000
63.250 54.000
63.250 53.750
Building 4 5 0.062
63.000 54.000
63.000 54.250
63.250 54.250
63.250 54.000
Building 4 5 0.062
63.000 54.250
63.000 54.500
63.250 54.500
63.250 54.250
Building 4 5 0.062
63.000 54.500
63.000 54.750
63.250 54.750
63.250 54.500
Building 4 5 0.062
63.000 54.750
63.000 55.000
63.250 55.000
63.250 54.750
Building 4 5 0.062
63.000 55.000
63.000 55.250
63.250 55.250
63.250 55.000
Building 4 5 0.062
63.000 55.250
63.000 55.500
63.250 55.500
63.250 55.250
Building 4 5 0.062
63.000 55.500
63.000 55.750
63.250 55.750
63.250 55.500
Building 4 5 0.062
63.000 55.750
63.000 56.000
63.250 56.000
63.250 55.750
Building 4 5 0.062
63.000 56.000
63.000 56.250
63.250 56.250
63.250 56.000
Building 4 5 0.062
63.000 56.250
63.000 56.500
63.250 56.500
63.250 56.250
Building 4 5 0.062
63.000 56.500
63.000 56.750
63.250 56.750
63.250 56.500
Building 4 5 0.062
63.000 56.750
63.000 57.000
63.250 57.000
63.250 56.750
Building 4 5 0.062
63.000 57.000
63.000 57.250
63.250 57.250
63.250 57.000
Building 4 5 0.062
63.000 57.250
63.000 57.500
63.250 57.500
63.250 57.250
Building 4 5 0.062
63.000 57.500
63.000 57.750
63.250 57.750
63.250 57.500
Building 4 5 0.062
63.000 57.750
63.000 58.000
63.250 58.000
63.250 57.750
Building 4 5 0.062
63.000 58.000
63.000 58.250
63.250 58.250
63.250 58.000
Building 4 5 0.062
63.000 58.250
63.000 58.500
63.250 58.500
63.250 58.250
Building 4 5 0.062
63.000 58.500
63.000 58.750
63.250 58.750
63.250 58.500
Building 4 5 0.062
63.000 58.750
63.000 59.000
63.250 59.000
63.250 58.750
Building 4 5 0.062
63.000 59.000
63.000 59.250
63.250 59.250
63.250 59.000
Building 4 5 0.062
63.000 59.250
63.000 59.500
63.250 59.500
63.250 59.250
Building 4 5 0.062
63.000 59.500
63.000 59.750
63.250 59.750
63.250 59.500
Building 4 5 0.062
63.000 59.750
63.000 60.000
63.250 60.000
63.250 59.750
Building 4 5 0.062
63.000 60.000
63.000 60.250
63.250 60.250
63.250 60.000
Building 4 5 0.062
63.000 60.250
63.000 60.500
63.250 60.500
63.250 60.250
Building 4 5 0.062
63.000 60.500
63.000 60.750
63.250 60.750
63.250 60.500
Building 4 5 0.062
63.000 60.750
63.000 61.000
63.250 61.000
63.250 60.750
Building 4 5 0.062
63.000 61.000
63.000 61.250
63.250 61.250
63.250 61.000
Building 4 5 0.062
63.000 61.250
63.000 61.500
63.250 61.500
63.250 61.250
Building 4 5 0.062
63.000 61.500
63.000 61.750
63.250 61.750
63.250 61.500
Building 4 5 0.062
63.000 61.750
63.000 62.000
63.250 62.000
63.250 61.750
Building 4 5 0.062
63.000 62.000
63.000 62.250
63.250 62.250
63.250 62.000
Building 4 5 0.062
63.000 62.250
63.000 62.500
63.250 62.500
63.250 62.250
Building 4 5 0.062
63.000 62.500
63.000 62.750
63.250 62.750
63.250 62.500
Building 4 5 0.062
63.000 62.750
63.000 63.000
63.250 63.000
63.250 62.750
Building 4 5 0.062
63.000 63.000
63.000 63.250
63.250 63.250
63.250 63.000
Building 4 5 0.062
63.000 63.250
63.000 63.500
63.250 63.500
63.250 63.250
Building 4 5 0.062
63.000 63.500
63.000 63.750
63.250 63.750
63.250 63.500
Building 4 5 0.062
63.250 64.000
63.250 63.750
63.000 63.750
63.000 64.000
Building 4 5 0.062
63.250 27.500
63.250 27.750
63.500 27.750
63.500 27.500
Building 4 5 0.062
63.250 27.750
63.250 28.000
63.500 28.000
63.500 27.750
Building 4 5 0.062
63.250 28.000
63.250 28.250
63.500 28.250
63.500 28.000
Building 4 5 0.062
63.250 28.250
63.250 28.500
63.500 28.500
63.500 28.250
Building 4 5 0.062
63.250 28.500
63.250 28.750
63.500 28.750
63.500 28.500
Building 4 5 0.062
63.250 28.750
63.250 29.000
63.500 29.000
63.500 28.750
Building 4 5 0.062
63.250 29.000
63.250 29.250
63.500 29.250
63.500 29.000
Building 4 5 0.062
63.500 29.500
63.500 29.250
63.250 29.250
63.250 29.500
Building 4 5 0.062
63.250 30.500
63.250 30.750
63.500 30.750
63.500 30.500
Building 4 5 0.062
63.250 30.750
63.250 31.000
63.500 31.000
63.500 30.750
Building 4 5 0.062
63.250 31.000
63.250 31.250
63.500 31.250
63.500 31.000
Building 4 5 0.062
63.250 31.250
63.250 31.500
63.500 31.500
63.500 31.250
Building 4 5 0.062
63.250 31.500
63.250 31.750
63.500 31.750
63.500 31.500
Building 4 5 0.062
63.250 31.750
63.250 32.000
63.500 32.000
63.500 31.750
Building 4 5 0.062
63.250 32.000
63.250 32.250
63.500 32.250
63.500 32.000
Building 4 5 0.062
63.250 32.250
63.250 32.500
63.500 32.500
63.500 32.250
Building 4 5 0.062
63.250 32.500
63.250 32.750
63.500 32.750
63.500 32.500
Building 4 5 0.062
63.250 32.750
63.250 33.000
63.500 33.000
63.500 32.750
Building 4 5 0.062
63.250 33.000
63.250 33.250
63.500 33.250
63.500 33.000
Building 4 5 0.062
63.250 33.250
63.250 33.500
63.500 33.500
63.500 33.250
Building 4 5 0.062
63.250 33.500
63.250 33.750
63.500 33.750
63.500 33.500
Building 4 5 0.062
63.250 33.750
63.250 34.000
63.500 34.000
63.500 33.750
Building 4 5 0.062
63.250 34.000
63.250 34.250
63.500 34.250
63.500 34.000
Building 4 5 0.062
63.250 34.250
63.250 34.500
63.500 34.500
63.500 34.250
Building 4 5 0.062
63.250 34.500
63.250 34.750
63.500 34.750
63.500 34.500
Building 4 5 0.062
63.250 34.750
63.250 35.000
63.500 35.000
63.500 34.750
Building 4 5 0.062
63.250 35.000
63.250 35.250
63.500 35.250
63.500 35.000
Building 4 5 0.062
63.250 35.250
63.250 35.500
63.500 35.500
63.500 35.250
Building 4 5 0.062
63.250 35.500
63.250 35.750
63.500 35.750
63.500 35.500
Building 4 5 0.062
63.250 35.750
63.250 36.000
63.500 36.000
63.500 35.750
Building 4 5 0.062
63.250 36.000
63.250 36.250
63.500 36.250
63.500 36.000
Building 4 5 0.062
63.250 36.250
63.250 36.500
63.500 36.500
63.500 36.250
Building 4 5 0.062
63.250 36.500
63.250 36.750
63.500 36.750
63.500 36.500
Building 4 5 0.062
63.250 36.750
63.250 37.000
63.500 37.000
63.500 36.750
Building 4 5 0.062
63.250 37.000
63.250 37.250
63.500 37.250
63.500 37.000
Building 4 5 0.062
63.250 37.250
63.250 37.500
63.500 37.500
63.500 37.250
Building 4 5 0.062
63.250 37.500
63.250 37.750
63.500 37.750
63.500 37.500
Building 4 5 0.062
63.250 37.750
63.250 38.000
63.500 38.000
63.500 37.750
Building 4 5 0.062
63.250 38.000
63.250 38.250
63.500 38.250
63.500 38.000
Building 4 5 0.062
63.250 38.250
63.250 38.500
63.500 38.500
63.500 38.250
Building 4 5 0.062
63.250 38.500
63.250 38.750
63.500 38.750
63.500 38.500
Building 4 5 0.062
63.250 38.750
63.250 39.000
63.500 39.000
63.500 38.750
Building 4 5 0.062
63.250 39.000
63.250 39.250
63.500 39.250
63.500 39.000
Building 4 5 0.062
63.250 39.250
63.250 39.500
63.500 39.500
63.500 39.250
Building 4 5 0.062
63.250 39.500
63.250 39.750
63.500 39.750
63.500 39.500
Building 4 5 0.062
63.250 39.750
63.250 40.000
63.500 40.000
63.500 39.750
Building 4 5 0.062
63.250 40.000
63.250 40.250
63.500 40.250
63.500 40.000
Building 4 5 0.062
63.250 40.250
63.250 40.500
63.500 40.500
63.500 40.250
Building 4 5 0.062
63.250 40.500
63.250 40.750
63.500 40.750
63.500 40.500
Building 4 5 0.062
63.250 40.750
63.250 41.000
63.500 41.000
63.500 40.750
Building 4 5 0.062
63.250 41.000
63.250 41.250
63.500 41.250
63.500 41.000
Building 4 5 0.062
63.250 41.250
63.250 41.500
63.500 41.500
63.500 41.250
Building 4 5 0.062
63.250 41.500
63.250 41.750
63.500 41.750
63.500 41.500
Building 4 5 0.062
63.250 41.750
63.250 42.000
63.500 42.000
63.500 41.750
Building 4 5 0.062
63.250 42.000
63.250 42.250
63.500 42.250
63.500 42.000
Building 4 5 0.062
63.250 42.250
63.250 42.500
63.500 42.500
63.500 42.250
Building 4 5 0.062
63.250 42.500
63.250 42.750
63.500 42.750
63.500 42.500
Building 4 5 0.062
63.250 42.750
63.250 43.000
63.500 43.000
63.500 42.750
Building 4 5 0.062
63.250 43.000
63.250 43.250
63.500 43.250
63.500 43.000
Building 4 5 0.062
63.250 43.250
63.250 43.500
63.500 43.500
63.500 43.250
Building 4 5 0.062
63.250 43.500
63.250 43.750
63.500 43.750
63.500 43.500
Building 4 5 0.062
63.250 43.750
63.250 44.000
63.500 44.000
63.500 43.750
Building 4 5 0.062
63.250 44.000
63.250 44.250
63.500 44.250
63.500 44.000
Building 4 5 0.062
63.250 44.250
63.250 44.500
63.500 44.500
63.500 44.250
Building 4 5 0.062
63.250 44.500
63.250 44.750
63.500 44.750
63.500 44.500
Building 4 5 0.062
63.250 44.750
63.250 45.000
63.500 45.000
63.500 44.750
Building 4 5 0.062
63.250 45.000
63.250 45.250
63.500 45.250
63.500 45.000
Building 4 5 0.062
63.250 45.250
63.250 45.500
63.500 45.500
63.500 45.250
Building 4 5 0.062
63.250 45.500
63.250 45.750
63.500 45.750
63.500 45.500
Building 4 5 0.062
63.250 45.750
63.250 46.000
63.500 46.000
63.500 45.750
Building 4 5 0.062
63.250 46.000
63.250 46.250
63.500 46.250
63.500 46.000
Building 4 5 0.062
63.250 46.250
63.250 46.500
63.500 46.500
63.500 46.250
Building 4 5 0.062
63.250 46.500
63.250 46.750
63.500 46.750
63.500 46.500
Building 4 5 0.062
63.250 46.750
63.250 47.000
63.500 47.000
63.500 46.750
Building 4 5 0.062
63.250 47.000
63.250 47.250
63.500 47.250
63.500 47.000
Building 4 5 0.062
63.250 47.250
63.250 47.500
63.500 47.500
63.500 47.250
Building 4 5 0.062
63.250 47.500
63.250 47.750
63.500 47.750
63.500 47.500
Building 4 5 0.062
63.250 47.750
63.250 48.000
63.500 48.000
63.500 47.750
Building 4 5 0.062
63.250 48.000
63.250 48.250
63.500 48.250
63.500 48.000
Building 4 5 0.062
63.250 48.250
63.250 48.500
63.500 48.500
63.500 48.250
Building 4 5 0.062
63.250 48.500
63.250 48.750
63.500 48.750
63.500 48.500
Building 4 5 0.062
63.250 48.750
63.250 49.000
63.500 49.000
63.500 48.750
Building 4 5 0.062
63.250 49.000
63.250 49.250
63.500 49.250
63.500 49.000
Building 4 5 0.062
63.250 49.250
63.250 49.500
63.500 49.500
63.500 49.250
Building 4 5 0.062
63.250 49.500
63.250 49.750
63.500 49.750
63.500 49.500
Building 4 5 0.062
63.250 49.750
63.250 50.000
63.500 50.000
63.500 49.750
Building 4 5 0.062
63.250 50.000
63.250 50.250
63.500 50.250
63.500 50.000
Building 4 5 0.062
63.250 50.250
63.250 50.500
63.500 50.500
63.500 50.250
Building 4 5 0.062
63.250 50.500
63.250 50.750
63.500 50.750
63.500 50.500
Building 4 5 0.062
63.250 50.750
63.250 51.000
63.500 51.000
63.500 50.750
Building 4 5 0.062
63.250 51.000
63.250 51.250
63.500 51.250
63.500 51.000
Building 4 5 0.062
63.250 51.250
63.250 51.500
63.500 51.500
63.500 51.250
Building 4 5 0.062
63.250 51.500
63.250 51.750
63.500 51.750
63.500 51.500
Building 4 5 0.062
63.250 51.750
63.250 52.000
63.500 52.000
63.500 51.750
Building 4 5 0.062
63.250 52.000
63.250 52.250
63.500 52.250
63.500 52.000
Building 4 5 0.062
63.250 52.250
63.250 52.500
63.500 52.500
63.500 52.250
Building 4 5 0.062
63.250 52.500
63.250 52.750
63.500 52.750
63.500 52.500
Building 4 5 0.062
63.250 52.750
63.250 53.000
63.500 53.000
63.500 52.750
Building 4 5 0.062
63.250 53.000
63.250 53.250
63.500 53.250
63.500 53.000
Building 4 5 0.062
63.250 53.250
63.250 53.500
63.500 53.500
63.500 53.250
Building 4 5 0.062
63.250 53.500
63.250 53.750
63.500 53.750
63.500 53.500
Building 4 5 0.062
63.250 53.750
63.250 54.000
63.500 54.000
63.500 53.750
Building 4 5 0.062
63.250 54.000
63.250 54.250
63.500 54.250
63.500 54.000
Building 4 5 0.062
63.250 54.250
63.250 54.500
63.500 54.500
63.500 54.250
Building 4 5 0.062
63.250 54.500
63.250 54.750
63.500 54.750
63.500 54.500
Building 4 5 0.062
63.250 54.750
63.250 55.000
63.500 55.000
63.500 54.750
Building 4 5 0.062
63.250 55.000
63.250 55.250
63.500 55.250
63.500 55.000
Building 4 5 0.062
63.250 55.250
63.250 55.500
63.500 55.500
63.500 55.250
Building 4 5 0.062
63.250 55.500
63.250 55.750
63.500 55.750
63.500 55.500
Building 4 5 0.062
63.250 55.750
63.250 56.000
63.500 56.000
63.500 55.750
Building 4 5 0.062
63.250 56.000
63.250 56.250
63.500 56.250
63.500 56.000
Building 4 5 0.062
63.250 56.250
63.250 56.500
63.500 56.500
63.500 56.250
Building 4 5 0.062
63.250 56.500
63.250 56.750
63.500 56.750
63.500 56.500
Building 4 5 0.062
63.250 56.750
63.250 57.000
63.500 57.000
63.500 56.750
Building 4 5 0.062
63.250 57.000
63.250 57.250
63.500 57.250
63.500 57.000
Building 4 5 0.062
63.250 57.250
63.250 57.500
63.500 57.500
63.500 57.250
Building 4 5 0.062
63.250 57.500
63.250 57.750
63.500 57.750
63.500 57.500
Building 4 5 0.062
63.250 57.750
63.250 58.000
63.500 58.000
63.500 57.750
Building 4 5 0.062
63.250 58.000
63.250 58.250
63.500 58.250
63.500 58.000
Building 4 5 0.062
63.250 58.250
63.250 58.500
63.500 58.500
63.500 58.250
Building 4 5 0.062
63.250 58.500
63.250 58.750
63.500 58.750
63.500 58.500
Building 4 5 0.062
63.250 58.750
63.250 59.000
63.500 59.000
63.500 58.750
Building 4 5 0.062
63.250 59.000
63.250 59.250
63.500 59.250
63.500 59.000
Building 4 5 0.062
63.250 59.250
63.250 59.500
63.500 59.500
63.500 59.250
Building 4 5 0.062
63.250 59.500
63.250 59.750
63.500 59.750
63.500 59.500
Building 4 5 0.062
63.250 59.750
63.250 60.000
63.500 60.000
63.500 59.750
Building 4 5 0.062
63.250 60.000
63.250 60.250
63.500 60.250
63.500 60.000
Building 4 5 0.062
63.250 60.250
63.250 60.500
63.500 60.500
63.500 60.250
Building 4 5 0.062
63.250 60.500
63.250 60.750
63.500 60.750
63.500 60.500
Building 4 5 0.062
63.250 60.750
63.250 61.000
63.500 61.000
63.500 60.750
Building 4 5 0.062
63.250 61.000
63.250 61.250
63.500 61.250
63.500 61.000
Building 4 5 0.062
63.250 61.250
63.250 61.500
63.500 61.500
63.500 61.250
Building 4 5 0.062
63.250 61.500
63.250 61.750
63.500 61.750
63.500 61.500
Building 4 5 0.062
63.250 61.750
63.250 62.000
63.500 62.000
63.500 61.750
Building 4 5 0.062
63.250 62.000
63.250 62.250
63.500 62.250
63.500 62.000
Building 4 5 0.062
63.250 62.250
63.250 62.500
63.500 62.500
63.500 62.250
Building 4 5 0.062
63.250 62.500
63.250 62.750
63.500 62.750
63.500 62.500
Building 4 5 0.062
63.250 62.750
63.250 63.000
63.500 63.000
63.500 62.750
Building 4 5 0.062
63.250 63.000
63.250 63.250
63.500 63.250
63.500 63.000
Building 4 5 0.062
63.250 63.250
63.250 63.500
63.500 63.500
63.500 63.250
Building 4 5 0.062
63.250 63.500
63.250 63.750
63.500 63.750
63.500 63.500
Building 4 5 0.062
63.500 64.000
63.500 63.750
63.250 63.750
63.250 64.000
Building 4 5 0.062
63.500 27.500
63.500 27.750
63.750 27.750
63.750 27.500
Building 4 5 0.062
63.500 27.750
63.500 28.000
63.750 28.000
63.750 27.750
Building 4 5 0.062
63.500 28.000
63.500 28.250
63.750 28.250
63.750 28.000
Building 4 5 0.062
63.500 28.250
63.500 28.500
63.750 28.500
63.750 28.250
Building 4 5 0.062
63.500 28.500
63.500 28.750
63.750 28.750
63.750 28.500
Building 4 5 0.062
63.500 28.750
63.500 29.000
63.750 29.000
63.750 28.750
Building 4 5 0.062
63.500 29.000
63.500 29.250
63.750 29.250
63.750 29.000
Building 4 5 0.062
63.750 29.500
63.750 29.250
63.500 29.250
63.500 29.500
Building 4 5 0.062
63.500 30.500
63.500 30.750
63.750 30.750
63.750 30.500
Building 4 5 0.062
63.500 30.750
63.500 31.000
63.750 31.000
63.750 30.750
Building 4 5 0.062
63.500 31.000
63.500 31.250
63.750 31.250
63.750 31.000
Building 4 5 0.062
63.500 31.250
63.500 31.500
63.750 31.500
63.750 31.250
Building 4 5 0.062
63.500 31.500
63.500 31.750
63.750 31.750
63.750 31.500
Building 4 5 0.062
63.500 31.750
63.500 32.000
63.750 32.000
63.750 31.750
Building 4 5 0.062
63.500 32.000
63.500 32.250
63.750 32.250
63.750 32.000
Building 4 5 0.062
63.500 32.250
63.500 32.500
63.750 32.500
63.750 32.250
Building 4 5 0.062
63.500 32.500
63.500 32.750
63.750 32.750
63.750 32.500
Building 4 5 0.062
63.500 32.750
63.500 33.000
63.750 33.000
63.750 32.750
Building 4 5 0.062
63.500 33.000
63.500 33.250
63.750 33.250
63.750 33.000
Building 4 5 0.062
63.500 33.250
63.500 33.500
63.750 33.500
63.750 33.250
Building 4 5 0.062
63.500 33.500
63.500 33.750
63.750 33.750
63.750 33.500
Building 4 5 0.062
63.500 33.750
63.500 34.000
63.750 34.000
63.750 33.750
Building 4 5 0.062
63.500 34.000
63.500 34.250
63.750 34.250
63.750 34.000
Building 4 5 0.062
63.500 34.250
63.500 34.500
63.750 34.500
63.750 34.250
Building 4 5 0.062
63.500 34.500
63.500 34.750
63.750 34.750
63.750 34.500
Building 4 5 0.062
63.500 34.750
63.500 35.000
63.750 35.000
63.750 34.750
Building 4 5 0.062
63.500 35.000
63.500 35.250
63.750 35.250
63.750 35.000
Building 4 5 0.062
63.500 35.250
63.500 35.500
63.750 35.500
63.750 35.250
Building 4 5 0.062
63.500 35.500
63.500 35.750
63.750 35.750
63.750 35.500
Building 4 5 0.062
63.500 35.750
63.500 36.000
63.750 36.000
63.750 35.750
Building 4 5 0.062
63.500 36.000
63.500 36.250
63.750 36.250
63.750 36.000
Building 4 5 0.062
63.500 36.250
63.500 36.500
63.750 36.500
63.750 36.250
Building 4 5 0.062
63.500 36.500
63.500 36.750
63.750 36.750
63.750 36.500
Building 4 5 0.062
63.500 36.750
63.500 37.000
63.750 37.000
63.750 36.750
Building 4 5 0.062
63.500 37.000
63.500 37.250
63.750 37.250
63.750 37.000
Building 4 5 0.062
63.500 37.250
63.500 37.500
63.750 37.500
63.750 37.250
Building 4 5 0.062
63.500 37.500
63.500 37.750
63.750 37.750
63.750 37.500
Building 4 5 0.062
63.500 37.750
63.500 38.000
63.750 38.000
63.750 37.750
Building 4 5 0.062
63.500 38.000
63.500 38.250
63.750 38.250
63.750 38.000
Building 4 5 0.062
63.500 38.250
63.500 38.500
63.750 38.500
63.750 38.250
Building 4 5 0.062
63.500 38.500
63.500 38.750
63.750 38.750
63.750 38.500
Building 4 5 0.062
63.500 38.750
63.500 39.000
63.750 39.000
63.750 38.750
Building 4 5 0.062
63.500 39.000
63.500 39.250
63.750 39.250
63.750 39.000
Building 4 5 0.062
63.500 39.250
63.500 39.500
63.750 39.500
63.750 39.250
Building 4 5 0.062
63.500 39.500
63.500 39.750
63.750 39.750
63.750 39.500
Building 4 5 0.062
63.500 39.750
63.500 40.000
63.750 40.000
63.750 39.750
Building 4 5 0.062
63.500 40.000
63.500 40.250
63.750 40.250
63.750 40.000
Building 4 5 0.062
63.500 40.250
63.500 40.500
63.750 40.500
63.750 40.250
Building 4 5 0.062
63.500 40.500
63.500 40.750
63.750 40.750
63.750 40.500
Building 4 5 0.062
63.500 40.750
63.500 41.000
63.750 41.000
63.750 40.750
Building 4 5 0.062
63.500 41.000
63.500 41.250
63.750 41.250
63.750 41.000
Building 4 5 0.062
63.500 41.250
63.500 41.500
63.750 41.500
63.750 41.250
Building 4 5 0.062
63.500 41.500
63.500 41.750
63.750 41.750
63.750 41.500
Building 4 5 0.062
63.500 41.750
63.500 42.000
63.750 42.000
63.750 41.750
Building 4 5 0.062
63.500 42.000
63.500 42.250
63.750 42.250
63.750 42.000
Building 4 5 0.062
63.500 42.250
63.500 42.500
63.750 42.500
63.750 42.250
Building 4 5 0.062
63.500 42.500
63.500 42.750
63.750 42.750
63.750 42.500
Building 4 5 0.062
63.500 42.750
63.500 43.000
63.750 43.000
63.750 42.750
Building 4 5 0.062
63.500 43.000
63.500 43.250
63.750 43.250
63.750 43.000
Building 4 5 0.062
63.500 43.250
63.500 43.500
63.750 43.500
63.750 43.250
Building 4 5 0.062
63.500 43.500
63.500 43.750
63.750 43.750
63.750 43.500
Building 4 5 0.062
63.500 43.750
63.500 44.000
63.750 44.000
63.750 43.750
Building 4 5 0.062
63.500 44.000
63.500 44.250
63.750 44.250
63.750 44.000
Building 4 5 0.062
63.500 44.250
63.500 44.500
63.750 44.500
63.750 44.250
Building 4 5 0.062
63.500 44.500
63.500 44.750
63.750 44.750
63.750 44.500
Building 4 5 0.062
63.500 44.750
63.500 45.000
63.750 45.000
63.750 44.750
Building 4 5 0.062
63.500 45.000
63.500 45.250
63.750 45.250
63.750 45.000
Building 4 5 0.062
63.500 45.250
63.500 45.500
63.750 45.500
63.750 45.250
Building 4 5 0.062
63.500 45.500
63.500 45.750
63.750 45.750
63.750 45.500
Building 4 5 0.062
63.500 45.750
63.500 46.000
63.750 46.000
63.750 45.750
Building 4 5 0.062
63.500 46.000
63.500 46.250
63.750 46.250
63.750 46.000
Building 4 5 0.062
63.500 46.250
63.500 46.500
63.750 46.500
63.750 46.250
Building 4 5 0.062
63.500 46.500
63.500 46.750
63.750 46.750
63.750 46.500
Building 4 5 0.062
63.500 46.750
63.500 47.000
63.750 47.000
63.750 46.750
Building 4 5 0.062
63.500 47.000
63.500 47.250
63.750 47.250
63.750 47.000
Building 4 5 0.062
63.500 47.250
63.500 47.500
63.750 47.500
63.750 47.250
Building 4 5 0.062
63.500 47.500
63.500 47.750
63.750 47.750
63.750 47.500
Building 4 5 0.062
63.500 47.750
63.500 48.000
63.750 48.000
63.750 47.750
Building 4 5 0.062
63.500 48.000
63.500 48.250
63.750 48.250
63.750 48.000
Building 4 5 0.062
63.500 48.250
63.500 48.500
63.750 48.500
63.750 48.250
Building 4 5 0.062
63.500 48.500
63.500 48.750
63.750 48.750
63.750 48.500
Building 4 5 0.062
63.500 48.750
63.500 49.000
63.750 49.000
63.750 48.750
Building 4 5 0.062
63.500 49.000
63.500 49.250
63.750 49.250
63.750 49.000
Building 4 5 0.062
63.500 49.250
63.500 49.500
63.750 49.500
63.750 49.250
Building 4 5 0.062
63.500 49.500
63.500 49.750
63.750 49.750
63.750 49.500
Building 4 5 0.062
63.500 49.750
63.500 50.000
63.750 50.000
63.750 49.750
Building 4 5 0.062
63.500 50.000
63.500 50.250
63.750 50.250
63.750 50.000
Building 4 5 0.062
63.500 50.250
63.500 50.500
63.750 50.500
63.750 50.250
Building 4 5 0.062
63.500 50.500
63.500 50.750
63.750 50.750
63.750 50.500
Building 4 5 0.062
63.500 50.750
63.500 51.000
63.750 51.000
63.750 50.750
Building 4 5 0.062
63.500 51.000
63.500 51.250
63.750 51.250
63.750 51.000
Building 4 5 0.062
63.500 51.250
63.500 51.500
63.750 51.500
63.750 51.250
Building 4 5 0.062
63.500 51.500
63.500 51.750
63.750 51.750
63.750 51.500
Building 4 5 0.062
63.500 51.750
63.500 52.000
63.750 52.000
63.750 51.750
Building 4 5 0.062
63.500 52.000
63.500 52.250
63.750 52.250
63.750 52.000
Building 4 5 0.062
63.500 52.250
63.500 52.500
63.750 52.500
63.750 52.250
Building 4 5 0.062
63.500 52.500
63.500 52.750
63.750 52.750
63.750 52.500
Building 4 5 0.062
63.500 52.750
63.500 53.000
63.750 53.000
63.750 52.750
Building 4 5 0.062
63.500 53.000
63.500 53.250
63.750 53.250
63.750 53.000
Building 4 5 0.062
63.500 53.250
63.500 53.500
63.750 53.500
63.750 53.250
Building 4 5 0.062
63.500 53.500
63.500 53.750
63.750 53.750
63.750 53.500
Building 4 5 0.062
63.500 53.750
63.500 54.000
63.750 54.000
63.750 53.750
Building 4 5 0.062
63.500 54.000
63.500 54.250
63.750 54.250
63.750 54.000
Building 4 5 0.062
63.500 54.250
63.500 54.500
63.750 54.500
63.750 54.250
Building 4 5 0.062
63.500 54.500
63.500 54.750
63.750 54.750
63.750 54.500
Building 4 5 0.062
63.500 54.750
63.500 55.000
63.750 55.000
63.750 54.750
Building 4 5 0.062
63.500 55.000
63.500 55.250
63.750 55.250
63.750 55.000
Building 4 5 0.062
63.500 55.250
63.500 55.500
63.750 55.500
63.750 55.250
Building 4 5 0.062
63.500 55.500
63.500 55.750
63.750 55.750
63.750 55.500
Building 4 5 0.062
63.500 55.750
63.500 56.000
63.750 56.000
63.750 55.750
Building 4 5 0.062
63.500 56.000
63.500 56.250
63.750 56.250
63.750 56.000
Building 4 5 0.062
63.500 56.250
63.500 56.500
63.750 56.500
63.750 56.250
Building 4 5 0.062
63.500 56.500
63.500 56.750
63.750 56.750
63.750 56.500
Building 4 5 0.062
63.500 56.750
63.500 57.000
63.750 57.000
63.750 56.750
Building 4 5 0.062
63.500 57.000
63.500 57.250
63.750 57.250
63.750 57.000
Building 4 5 0.062
63.500 57.250
63.500 57.500
63.750 57.500
63.750 57.250
Building 4 5 0.062
63.500 57.500
63.500 57.750
63.750 57.750
63.750 57.500
Building 4 5 0.062
63.500 57.750
63.500 58.000
63.750 58.000
63.750 57.750
Building 4 5 0.062
63.500 58.000
63.500 58.250
63.750 58.250
63.750 58.000
Building 4 5 0.062
63.500 58.250
63.500 58.500
63.750 58.500
63.750 58.250
Building 4 5 0.062
63.500 58.500
63.500 58.750
63.750 58.750
63.750 58.500
Building 4 5 0.062
63.500 58.750
63.500 59.000
63.750 59.000
63.750 58.750
Building 4 5 0.062
63.500 59.000
63.500 59.250
63.750 59.250
63.750 59.000
Building 4 5 0.062
63.500 59.250
63.500 59.500
63.750 59.500
63.750 59.250
Building 4 5 0.062
63.500 59.500
63.500 59.750
63.750 59.750
63.750 59.500
Building 4 5 0.062
63.500 59.750
63.500 60.000
63.750 60.000
63.750 59.750
Building 4 5 0.062
63.500 60.000
63.500 60.250
63.750 60.250
63.750 60.000
Building 4 5 0.062
63.500 60.250
63.500 60.500
63.750 60.500
63.750 60.250
Building 4 5 0.062
63.500 60.500
63.500 60.750
63.750 60.750
63.750 60.500
Building 4 5 0.062
63.500 60.750
63.500 61.000
63.750 61.000
63.750 60.750
Building 4 5 0.062
63.500 61.000
63.500 61.250
63.750 61.250
63.750 61.000
Building 4 5 0.062
63.500 61.250
63.500 61.500
63.750 61.500
63.750 61.250
Building 4 5 0.062
63.500 61.500
63.500 61.750
63.750 61.750
63.750 61.500
Building 4 5 0.062
63.500 61.750
63.500 62.000
63.750 62.000
63.750 61.750
Building 4 5 0.062
63.500 62.000
63.500 62.250
63.750 62.250
63.750 62.000
Building 4 5 0.062
63.500 62.250
63.500 62.500
63.750 62.500
63.750 62.250
Building 4 5 0.062
63.500 62.500
63.500 62.750
63.750 62.750
63.750 62.500
Building 4 5 0.062
63.500 62.750
63.500 63.000
63.750 63.000
63.750 62.750
Building 4 5 0.062
63.500 63.000
63.500 63.250
63.750 63.250
63.750 63.000
Building 4 5 0.062
63.500 63.250
63.500 63.500
63.750 63.500
63.750 63.250
Building 4 5 0.062
63.500 63.500
63.500 63.750
63.750 63.750
63.750 63.500
Building 4 5 0.062
63.750 64.000
63.750 63.750
63.500 63.750
63.500 64.000
Building 4 5 0.062
63.750 27.500
63.750 27.750
64.000 27.750
64.000 27.500
Building 4 5 0.062
63.750 27.750
63.750 28.000
64.000 28.000
64.000 27.750
Building 4 5 0.062
63.750 28.000
63.750 28.250
64.000 28.250
64.000 28.000
Building 4 5 0.062
63.750 28.250
63.750 28.500
64.000 28.500
64.000 28.250
Building 4 5 0.062
63.750 28.500
63.750 28.750
64.000 28.750
64.000 28.500
Building 4 5 0.062
63.750 28.750
63.750 29.000
64.000 29.000
64.000 28.750
Building 4 5 0.062
63.750 29.000
63.750 29.250
64.000 29.250
64.000 29.000
Building 4 5 0.062
64.000 29.500
64.000 29.250
63.750 29.250
63.750 29.500
Building 4 5 0.062
63.750 30.500
63.750 30.750
64.000 30.750
64.000 30.500
Building 4 5 0.062
63.750 30.750
63.750 31.000
64.000 31.000
64.000 30.750
Building 4 5 0.062
63.750 31.000
63.750 31.250
64.000 31.250
64.000 31.000
Building 4 5 0.062
63.750 31.250
63.750 31.500
64.000 31.500
64.000 31.250
Building 4 5 0.062
63.750 31.500
63.750 31.750
64.000 31.750
64.000 31.500
Building 4 5 0.062
63.750 31.750
63.750 32.000
64.000 32.000
64.000 31.750
Building 4 5 0.062
63.750 32.000
63.750 32.250
64.000 32.250
64.000 32.000
Building 4 5 0.062
63.750 32.250
63.750 32.500
64.000 32.500
64.000 32.250
Building 4 5 0.062
63.750 32.500
63.750 32.750
64.000 32.750
64.000 32.500
Building 4 5 0.062
63.750 32.750
63.750 33.000
64.000 33.000
64.000 32.750
Building 4 5 0.062
63.750 33.000
63.750 33.250
64.000 33.250
64.000 33.000
Building 4 5 0.062
63.750 33.250
63.750 33.500
64.000 33.500
64.000 33.250
Building 4 5 0.062
63.750 33.500
63.750 33.750
64.000 33.750
64.000 33.500
Building 4 5 0.062
63.750 33.750
63.750 34.000
64.000 34.000
64.000 33.750
Building 4 5 0.062
63.750 34.000
63.750 34.250
64.000 34.250
64.000 34.000
Building 4 5 0.062
63.750 34.250
63.750 34.500
64.000 34.500
64.000 34.250
Building 4 5 0.062
63.750 34.500
63.750 34.750
64.000 34.750
64.000 34.500
Building 4 5 0.062
63.750 34.750
63.750 35.000
64.000 35.000
64.000 34.750
Building 4 5 0.062
63.750 35.000
63.750 35.250
64.000 35.250
64.000 35.000
Building 4 5 0.062
63.750 35.250
63.750 35.500
64.000 35.500
64.000 35.250
Building 4 5 0.062
63.750 35.500
63.750 35.750
64.000 35.750
64.000 35.500
Building 4 5 0.062
63.750 35.750
63.750 36.000
64.000 36.000
64.000 35.750
Building 4 5 0.062
63.750 36.000
63.750 36.250
64.000 36.250
64.000 36.000
Building 4 5 0.062
63.750 36.250
63.750 36.500
64.000 36.500
64.000 36.250
Building 4 5 0.062
63.750 36.500
63.750 36.750
64.000 36.750
64.000 36.500
Building 4 5 0.062
63.750 36.750
63.750 37.000
64.000 37.000
64.000 36.750
Building 4 5 0.062
63.750 37.000
63.750 37.250
64.000 37.250
64.000 37.000
Building 4 5 0.062
63.750 37.250
63.750 37.500
64.000 37.500
64.000 37.250
Building 4 5 0.062
63.750 37.500
63.750 37.750
64.000 37.750
64.000 37.500
Building 4 5 0.062
63.750 37.750
63.750 38.000
64.000 38.000
64.000 37.750
Building 4 5 0.062
63.750 38.000
63.750 38.250
64.000 38.250
64.000 38.000
Building 4 5 0.062
63.750 38.250
63.750 38.500
64.000 38.500
64.000 38.250
Building 4 5 0.062
63.750 38.500
63.750 38.750
64.000 38.750
64.000 38.500
Building 4 5 0.062
63.750 38.750
63.750 39.000
64.000 39.000
64.000 38.750
Building 4 5 0.062
63.750 39.000
63.750 39.250
64.000 39.250
64.000 39.000
Building 4 5 0.062
63.750 39.250
63.750 39.500
64.000 39.500
64.000 39.250
Building 4 5 0.062
63.750 39.500
63.750 39.750
64.000 39.750
64.000 39.500
Building 4 5 0.062
63.750 39.750
63.750 40.000
64.000 40.000
64.000 39.750
Building 4 5 0.062
63.750 40.000
63.750 40.250
64.000 40.250
64.000 40.000
Building 4 5 0.062
63.750 40.250
63.750 40.500
64.000 40.500
64.000 40.250
Building 4 5 0.062
63.750 40.500
63.750 40.750
64.000 40.750
64.000 40.500
Building 4 5 0.062
63.750 40.750
63.750 41.000
64.000 41.000
64.000 40.750
Building 4 5 0.062
63.750 41.000
63.750 41.250
64.000 41.250
64.000 41.000
Building 4 5 0.062
63.750 41.250
63.750 41.500
64.000 41.500
64.000 41.250
Building 4 5 0.062
63.750 41.500
63.750 41.750
64.000 41.750
64.000 41.500
Building 4 5 0.062
63.750 41.750
63.750 42.000
64.000 42.000
64.000 41.750
Building 4 5 0.062
63.750 42.000
63.750 42.250
64.000 42.250
64.000 42.000
Building 4 5 0.062
63.750 42.250
63.750 42.500
64.000 42.500
64.000 42.250
Building 4 5 0.062
63.750 42.500
63.750 42.750
64.000 42.750
64.000 42.500
Building 4 5 0.062
63.750 42.750
63.750 43.000
64.000 43.000
64.000 42.750
Building 4 5 0.062
63.750 43.000
63.750 43.250
64.000 43.250
64.000 43.000
Building 4 5 0.062
63.750 43.250
63.750 43.500
64.000 43.500
64.000 43.250
Building 4 5 0.062
63.750 43.500
63.750 43.750
64.000 43.750
64.000 43.500
Building 4 5 0.062
63.750 43.750
63.750 44.000
64.000 44.000
64.000 43.750
Building 4 5 0.062
63.750 44.000
63.750 44.250
64.000 44.250
64.000 44.000
Building 4 5 0.062
63.750 44.250
63.750 44.500
64.000 44.500
64.000 44.250
Building 4 5 0.062
63.750 44.500
63.750 44.750
64.000 44.750
64.000 44.500
Building 4 5 0.062
63.750 44.750
63.750 45.000
64.000 45.000
64.000 44.750
Building 4 5 0.062
63.750 45.000
63.750 45.250
64.000 45.250
64.000 45.000
Building 4 5 0.062
63.750 45.250
63.750 45.500
64.000 45.500
64.000 45.250
Building 4 5 0.062
63.750 45.500
63.750 45.750
64.000 45.750
64.000 45.500
Building 4 5 0.062
63.750 45.750
63.750 46.000
64.000 46.000
64.000 45.750
Building 4 5 0.062
63.750 46.000
63.750 46.250
64.000 46.250
64.000 46.000
Building 4 5 0.062
63.750 46.250
63.750 46.500
64.000 46.500
64.000 46.250
Building 4 5 0.062
63.750 46.500
63.750 46.750
64.000 46.750
64.000 46.500
Building 4 5 0.062
63.750 46.750
63.750 47.000
64.000 47.000
64.000 46.750
Building 4 5 0.062
63.750 47.000
63.750 47.250
64.000 47.250
64.000 47.000
Building 4 5 0.062
63.750 47.250
63.750 47.500
64.000 47.500
64.000 47.250
Building 4 5 0.062
63.750 47.500
63.750 47.750
64.000 47.750
64.000 47.500
Building 4 5 0.062
63.750 47.750
63.750 48.000
64.000 48.000
64.000 47.750
Building 4 5 0.062
63.750 48.000
63.750 48.250
64.000 48.250
64.000 48.000
Building 4 5 0.062
63.750 48.250
63.750 48.500
64.000 48.500
64.000 48.250
Building 4 5 0.062
63.750 48.500
63.750 48.750
64.000 48.750
64.000 48.500
Building 4 5 0.062
63.750 48.750
63.750 49.000
64.000 49.000
64.000 48.750
Building 4 5 0.062
63.750 49.000
63.750 49.250
64.000 49.250
64.000 49.000
Building 4 5 0.062
63.750 49.250
63.750 49.500
64.000 49.500
64.000 49.250
Building 4 5 0.062
63.750 49.500
63.750 49.750
64.000 49.750
64.000 49.500
Building 4 5 0.062
63.750 49.750
63.750 50.000
64.000 50.000
64.000 49.750
Building 4 5 0.062
63.750 50.000
63.750 50.250
64.000 50.250
64.000 50.000
Building 4 5 0.062
63.750 50.250
63.750 50.500
64.000 50.500
64.000 50.250
Building 4 5 0.062
63.750 50.500
63.750 50.750
64.000 50.750
64.000 50.500
Building 4 5 0.062
63.750 50.750
63.750 51.000
64.000 51.000
64.000 50.750
Building 4 5 0.062
63.750 51.000
63.750 51.250
64.000 51.250
64.000 51.000
Building 4 5 0.062
63.750 51.250
63.750 51.500
64.000 51.500
64.000 51.250
Building 4 5 0.062
63.750 51.500
63.750 51.750
64.000 51.750
64.000 51.500
Building 4 5 0.062
63.750 51.750
63.750 52.000
64.000 52.000
64.000 51.750
Building 4 5 0.062
63.750 52.000
63.750 52.250
64.000 52.250
64.000 52.000
Building 4 5 0.062
63.750 52.250
63.750 52.500
64.000 52.500
64.000 52.250
Building 4 5 0.062
63.750 52.500
63.750 52.750
64.000 52.750
64.000 52.500
Building 4 5 0.062
63.750 52.750
63.750 53.000
64.000 53.000
64.000 52.750
Building 4 5 0.062
63.750 53.000
63.750 53.250
64.000 53.250
64.000 53.000
Building 4 5 0.062
63.750 53.250
63.750 53.500
64.000 53.500
64.000 53.250
Building 4 5 0.062
63.750 53.500
63.750 53.750
64.000 53.750
64.000 53.500
Building 4 5 0.062
63.750 53.750
63.750 54.000
64.000 54.000
64.000 53.750
Building 4 5 0.062
63.750 54.000
63.750 54.250
64.000 54.250
64.000 54.000
Building 4 5 0.062
63.750 54.250
63.750 54.500
64.000 54.500
64.000 54.250
Building 4 5 0.062
63.750 54.500
63.750 54.750
64.000 54.750
64.000 54.500
Building 4 5 0.062
63.750 54.750
63.750 55.000
64.000 55.000
64.000 54.750
Building 4 5 0.062
63.750 55.000
63.750 55.250
64.000 55.250
64.000 55.000
Building 4 5 0.062
63.750 55.250
63.750 55.500
64.000 55.500
64.000 55.250
Building 4 5 0.062
63.750 55.500
63.750 55.750
64.000 55.750
64.000 55.500
Building 4 5 0.062
63.750 55.750
63.750 56.000
64.000 56.000
64.000 55.750
Building 4 5 0.062
63.750 56.000
63.750 56.250
64.000 56.250
64.000 56.000
Building 4 5 0.062
63.750 56.250
63.750 56.500
64.000 56.500
64.000 56.250
Building 4 5 0.062
63.750 56.500
63.750 56.750
64.000 56.750
64.000 56.500
Building 4 5 0.062
63.750 56.750
63.750 57.000
64.000 57.000
64.000 56.750
Building 4 5 0.062
63.750 57.000
63.750 57.250
64.000 57.250
64.000 57.000
Building 4 5 0.062
63.750 57.250
63.750 57.500
64.000 57.500
64.000 57.250
Building 4 5 0.062
63.750 57.500
63.750 57.750
64.000 57.750
64.000 57.500
Building 4 5 0.062
63.750 57.750
63.750 58.000
64.000 58.000
64.000 57.750
Building 4 5 0.062
63.750 58.000
63.750 58.250
64.000 58.250
64.000 58.000
Building 4 5 0.062
63.750 58.250
63.750 58.500
64.000 58.500
64.000 58.250
Building 4 5 0.062
63.750 58.500
63.750 58.750
64.000 58.750
64.000 58.500
Building 4 5 0.062
63.750 58.750
63.750 59.000
64.000 59.000
64.000 58.750
Building 4 5 0.062
63.750 59.000
63.750 59.250
64.000 59.250
64.000 59.000
Building 4 5 0.062
63.750 59.250
63.750 59.500
64.000 59.500
64.000 59.250
Building 4 5 0.062
63.750 59.500
63.750 59.750
64.000 59.750
64.000 59.500
Building 4 5 0.062
63.750 59.750
63.750 60.000
64.000 60.000
64.000 59.750
Building 4 5 0.062
63.750 60.000
63.750 60.250
64.000 60.250
64.000 60.000
Building 4 5 0.062
63.750 60.250
63.750 60.500
64.000 60.500
64.000 60.250
Building 4 5 0.062
63.750 60.500
63.750 60.750
64.000 60.750
64.000 60.500
Building 4 5 0.062
63.750 60.750
63.750 61.000
64.000 61.000
64.000 60.750
Building 4 5 0.062
63.750 61.000
63.750 61.250
64.000 61.250
64.000 61.000
Building 4 5 0.062
63.750 61.250
63.750 61.500
64.000 61.500
64.000 61.250
Building 4 5 0.062
63.750 61.500
63.750 61.750
64.000 61.750
64.000 61.500
Building 4 5 0.062
63.750 61.750
63.750 62.000
64.000 62.000
64.000 61.750
Building 4 5 0.062
63.750 62.000
63.750 62.250
64.000 62.250
64.000 62.000
Building 4 5 0.062
63.750 62.250
63.750 62.500
64.000 62.500
64.000 62.250
Building 4 5 0.062
63.750 62.500
63.750 62.750
64.000 62.750
64.000 62.500
Building 4 5 0.062
63.750 62.750
63.750 63.000
64.000 63.000
64.000 62.750
Building 4 5 0.062
63.750 63.000
63.750 63.250
64.000 63.250
64.000 63.000
Building 4 5 0.062
63.750 63.250
63.750 63.500
64.000 63.500
64.000 63.250
Building 4 5 0.062
63.750 63.500
63.750 63.750
64.000 63.750
64.000 63.500
Building 4 5 0.062
64.000 64.000
64.000 63.750
63.750 63.750
63.750 64.000
Building 4 5 0.062
64.000 27.500
64.000 27.750
64.250 27.750
64.250 27.500
Building 4 5 0.062
64.000 27.750
64.000 28.000
64.250 28.000
64.250 27.750
Building 4 5 0.062
64.000 28.000
64.000 28.250
64.250 28.250
64.250 28.000
Building 4 5 0.062
64.000 28.250
64.000 28.500
64.250 28.500
64.250 28.250
Building 4 5 0.062
64.000 28.500
64.000 28.750
64.250 28.750
64.250 28.500
Building 4 5 0.062
64.000 28.750
64.000 29.000
64.250 29.000
64.250 28.750
Building 4 5 0.062
64.000 29.000
64.000 29.250
64.250 29.250
64.250 29.000
Building 4 5 0.062
64.250 29.500
64.250 29.250
64.000 29.250
64.000 29.500
Building 4 5 0.062
64.000 30.500
64.000 30.750
64.250 30.750
64.250 30.500
Building 4 5 0.062
64.000 30.750
64.000 31.000
64.250 31.000
64.250 30.750
Building 4 5 0.062
64.000 31.000
64.000 31.250
64.250 31.250
64.250 31.000
Building 4 5 0.062
64.000 31.250
64.000 31.500
64.250 31.500
64.250 31.250
Building 4 5 0.062
64.000 31.500
64.000 31.750
64.250 31.750
64.250 31.500
Building 4 5 0.062
64.000 31.750
64.000 32.000
64.250 32.000
64.250 31.750
Building 4 5 0.062
64.000 32.000
64.000 32.250
64.250 32.250
64.250 32.000
Building 4 5 0.062
64.000 32.250
64.000 32.500
64.250 32.500
64.250 32.250
Building 4 5 0.062
64.000 32.500
64.000 32.750
64.250 32.750
64.250 32.500
Building 4 5 0.062
64.000 32.750
64.000 33.000
64.250 33.000
64.250 32.750
Building 4 5 0.062
64.000 33.000
64.000 33.250
64.250 33.250
64.250 33.000
Building 4 5 0.062
64.000 33.250
64.000 33.500
64.250 33.500
64.250 33.250
Building 4 5 0.062
64.000 33.500
64.000 33.750
64.250 33.750
64.250 33.500
Building 4 5 0.062
64.000 33.750
64.000 34.000
64.250 34.000
64.250 33.750
Building 4 5 0.062
64.000 34.000
64.000 34.250
64.250 34.250
64.250 34.000
Building 4 5 0.062
64.000 34.250
64.000 34.500
64.250 34.500
64.250 34.250
Building 4 5 0.062
64.000 34.500
64.000 34.750
64.250 34.750
64.250 34.500
Building 4 5 0.062
64.000 34.750
64.000 35.000
64.250 35.000
64.250 34.750
Building 4 5 0.062
64.000 35.000
64.000 35.250
64.250 35.250
64.250 35.000
Building 4 5 0.062
64.000 35.250
64.000 35.500
64.250 35.500
64.250 35.250
Building 4 5 0.062
64.000 35.500
64.000 35.750
64.250 35.750
64.250 35.500
Building 4 5 0.062
64.000 35.750
64.000 36.000
64.250 36.000
64.250 35.750
Building 4 5 0.062
64.000 36.000
64.000 36.250
64.250 36.250
64.250 36.000
Building 4 5 0.062
64.000 36.250
64.000 36.500
64.250 36.500
64.250 36.250
Building 4 5 0.062
64.000 36.500
64.000 36.750
64.250 36.750
64.250 36.500
Building 4 5 0.062
64.000 36.750
64.000 37.000
64.250 37.000
64.250 36.750
Building 4 5 0.062
64.000 37.000
64.000 37.250
64.250 37.250
64.250 37.000
Building 4 5 0.062
64.000 37.250
64.000 37.500
64.250 37.500
64.250 37.250
Building 4 5 0.062
64.000 37.500
64.000 37.750
64.250 37.750
64.250 37.500
Building 4 5 0.062
64.000 37.750
64.000 38.000
64.250 38.000
64.250 37.750
Building 4 5 0.062
64.000 38.000
64.000 38.250
64.250 38.250
64.250 38.000
Building 4 5 0.062
64.000 38.250
64.000 38.500
64.250 38.500
64.250 38.250
Building 4 5 0.062
64.000 38.500
64.000 38.750
64.250 38.750
64.250 38.500
Building 4 5 0.062
64.000 38.750
64.000 39.000
64.250 39.000
64.250 38.750
Building 4 5 0.062
64.000 39.000
64.000 39.250
64.250 39.250
64.250 39.000
Building 4 5 0.062
64.000 39.250
64.000 39.500
64.250 39.500
64.250 39.250
Building 4 5 0.062
64.000 39.500
64.000 39.750
64.250 39.750
64.250 39.500
Building 4 5 0.062
64.000 39.750
64.000 40.000
64.250 40.000
64.250 39.750
Building 4 5 0.062
64.000 40.000
64.000 40.250
64.250 40.250
64.250 40.000
Building 4 5 0.062
64.000 40.250
64.000 40.500
64.250 40.500
64.250 40.250
Building 4 5 0.062
64.000 40.500
64.000 40.750
64.250 40.750
64.250 40.500
Building 4 5 0.062
64.000 40.750
64.000 41.000
64.250 41.000
64.250 40.750
Building 4 5 0.062
64.000 41.000
64.000 41.250
64.250 41.250
64.250 41.000
Building 4 5 0.062
64.000 41.250
64.000 41.500
64.250 41.500
64.250 41.250
Building 4 5 0.062
64.000 41.500
64.000 41.750
64.250 41.750
64.250 41.500
Building 4 5 0.062
64.000 41.750
64.000 42.000
64.250 42.000
64.250 41.750
Building 4 5 0.062
64.000 42.000
64.000 42.250
64.250 42.250
64.250 42.000
Building 4 5 0.062
64.000 42.250
64.000 42.500
64.250 42.500
64.250 42.250
Building 4 5 0.062
64.000 42.500
64.000 42.750
64.250 42.750
64.250 42.500
Building 4 5 0.062
64.000 42.750
64.000 43.000
64.250 43.000
64.250 42.750
Building 4 5 0.062
64.000 43.000
64.000 43.250
64.250 43.250
64.250 43.000
Building 4 5 0.062
64.000 43.250
64.000 43.500
64.250 43.500
64.250 43.250
Building 4 5 0.062
64.000 43.500
64.000 43.750
64.250 43.750
64.250 43.500
Building 4 5 0.062
64.000 43.750
64.000 44.000
64.250 44.000
64.250 43.750
Building 4 5 0.062
64.000 44.000
64.000 44.250
64.250 44.250
64.250 44.000
Building 4 5 0.062
64.000 44.250
64.000 44.500
64.250 44.500
64.250 44.250
Building 4 5 0.062
64.000 44.500
64.000 44.750
64.250 44.750
64.250 44.500
Building 4 5 0.062
64.000 44.750
64.000 45.000
64.250 45.000
64.250 44.750
Building 4 5 0.062
64.000 45.000
64.000 45.250
64.250 45.250
64.250 45.000
Building 4 5 0.062
64.000 45.250
64.000 45.500
64.250 45.500
64.250 45.250
Building 4 5 0.062
64.000 45.500
64.000 45.750
64.250 45.750
64.250 45.500
Building 4 5 0.062
64.000 45.750
64.000 46.000
64.250 46.000
64.250 45.750
Building 4 5 0.062
64.000 46.000
64.000 46.250
64.250 46.250
64.250 46.000
Building 4 5 0.062
64.000 46.250
64.000 46.500
64.250 46.500
64.250 46.250
Building 4 5 0.062
64.000 46.500
64.000 46.750
64.250 46.750
64.250 46.500
Building 4 5 0.062
64.000 46.750
64.000 47.000
64.250 47.000
64.250 46.750
Building 4 5 0.062
64.000 47.000
64.000 47.250
64.250 47.250
64.250 47.000
Building 4 5 0.062
64.000 47.250
64.000 47.500
64.250 47.500
64.250 47.250
Building 4 5 0.062
64.000 47.500
64.000 47.750
64.250 47.750
64.250 47.500
Building 4 5 0.062
64.000 47.750
64.000 48.000
64.250 48.000
64.250 47.750
Building 4 5 0.062
64.000 48.000
64.000 48.250
64.250 48.250
64.250 48.000
Building 4 5 0.062
64.000 48.250
64.000 48.500
64.250 48.500
64.250 48.250
Building 4 5 0.062
64.000 48.500
64.000 48.750
64.250 48.750
64.250 48.500
Building 4 5 0.062
64.000 48.750
64.000 49.000
64.250 49.000
64.250 48.750
Building 4 5 0.062
64.000 49.000
64.000 49.250
64.250 49.250
64.250 49.000
Building 4 5 0.062
64.000 49.250
64.000 49.500
64.250 49.500
64.250 49.250
Building 4 5 0.062
64.000 49.500
64.000 49.750
64.250 49.750
64.250 49.500
Building 4 5 0.062
64.000 49.750
64.000 50.000
64.250 50.000
64.250 49.750
Building 4 5 0.062
64.000 50.000
64.000 50.250
64.250 50.250
64.250 50.000
Building 4 5 0.062
64.000 50.250
64.000 50.500
64.250 50.500
64.250 50.250
Building 4 5 0.062
64.000 50.500
64.000 50.750
64.250 50.750
64.250 50.500
Building 4 5 0.062
64.000 50.750
64.000 51.000
64.250 51.000
64.250 50.750
Building 4 5 0.062
64.000 51.000
64.000 51.250
64.250 51.250
64.250 51.000
Building 4 5 0.062
64.000 51.250
64.000 51.500
64.250 51.500
64.250 51.250
Building 4 5 0.062
64.000 51.500
64.000 51.750
64.250 51.750
64.250 51.500
Building 4 5 0.062
64.000 51.750
64.000 52.000
64.250 52.000
64.250 51.750
Building 4 5 0.062
64.000 52.000
64.000 52.250
64.250 52.250
64.250 52.000
Building 4 5 0.062
64.000 52.250
64.000 52.500
64.250 52.500
64.250 52.250
Building 4 5 0.062
64.000 52.500
64.000 52.750
64.250 52.750
64.250 52.500
Building 4 5 0.062
64.000 52.750
64.000 53.000
64.250 53.000
64.250 52.750
Building 4 5 0.062
64.000 53.000
64.000 53.250
64.250 53.250
64.250 53.000
Building 4 5 0.062
64.000 53.250
64.000 53.500
64.250 53.500
64.250 53.250
Building 4 5 0.062
64.000 53.500
64.000 53.750
64.250 53.750
64.250 53.500
Building 4 5 0.062
64.000 53.750
64.000 54.000
64.250 54.000
64.250 53.750
Building 4 5 0.062
64.000 54.000
64.000 54.250
64.250 54.250
64.250 54.000
Building 4 5 0.062
64.000 54.250
64.000 54.500
64.250 54.500
64.250 54.250
Building 4 5 0.062
64.000 54.500
64.000 54.750
64.250 54.750
64.250 54.500
Building 4 5 0.062
64.000 54.750
64.000 55.000
64.250 55.000
64.250 54.750
Building 4 5 0.062
64.000 55.000
64.000 55.250
64.250 55.250
64.250 55.000
Building 4 5 0.062
64.000 55.250
64.000 55.500
64.250 55.500
64.250 55.250
Building 4 5 0.062
64.000 55.500
64.000 55.750
64.250 55.750
64.250 55.500
Building 4 5 0.062
64.000 55.750
64.000 56.000
64.250 56.000
64.250 55.750
Building 4 5 0.062
64.000 56.000
64.000 56.250
64.250 56.250
64.250 56.000
Building 4 5 0.062
64.000 56.250
64.000 56.500
64.250 56.500
64.250 56.250
Building 4 5 0.062
64.000 56.500
64.000 56.750
64.250 56.750
64.250 56.500
Building 4 5 0.062
64.000 56.750
64.000 57.000
64.250 57.000
64.250 56.750
Building 4 5 0.062
64.000 57.000
64.000 57.250
64.250 57.250
64.250 57.000
Building 4 5 0.062
64.000 57.250
64.000 57.500
64.250 57.500
64.250 57.250
Building 4 5 0.062
64.000 57.500
64.000 57.750
64.250 57.750
64.250 57.500
Building 4 5 0.062
64.000 57.750
64.000 58.000
64.250 58.000
64.250 57.750
Building 4 5 0.062
64.000 58.000
64.000 58.250
64.250 58.250
64.250 58.000
Building 4 5 0.062
64.000 58.250
64.000 58.500
64.250 58.500
64.250 58.250
Building 4 5 0.062
64.000 58.500
64.000 58.750
64.250 58.750
64.250 58.500
Building 4 5 0.062
64.000 58.750
64.000 59.000
64.250 59.000
64.250 58.750
Building 4 5 0.062
64.000 59.000
64.000 59.250
64.250 59.250
64.250 59.000
Building 4 5 0.062
64.000 59.250
64.000 59.500
64.250 59.500
64.250 59.250
Building 4 5 0.062
64.000 59.500
64.000 59.750
64.250 59.750
64.250 59.500
Building 4 5 0.062
64.000 59.750
64.000 60.000
64.250 60.000
64.250 59.750
Building 4 5 0.062
64.000 60.000
64.000 60.250
64.250 60.250
64.250 60.000
Building 4 5 0.062
64.000 60.250
64.000 60.500
64.250 60.500
64.250 60.250
Building 4 5 0.062
64.000 60.500
64.000 60.750
64.250 60.750
64.250 60.500
Building 4 5 0.062
64.000 60.750
64.000 61.000
64.250 61.000
64.250 60.750
Building 4 5 0.062
64.000 61.000
64.000 61.250
64.250 61.250
64.250 61.000
Building 4 5 0.062
64.000 61.250
64.000 61.500
64.250 61.500
64.250 61.250
Building 4 5 0.062
64.000 61.500
64.000 61.750
64.250 61.750
64.250 61.500
Building 4 5 0.062
64.000 61.750
64.000 62.000
64.250 62.000
64.250 61.750
Building 4 5 0.062
64.000 62.000
64.000 62.250
64.250 62.250
64.250 62.000
Building 4 5 0.062
64.000 62.250
64.000 62.500
64.250 62.500
64.250 62.250
Building 4 5 0.062
64.000 62.500
64.000 62.750
64.250 62.750
64.250 62.500
Building 4 5 0.062
64.000 62.750
64.000 63.000
64.250 63.000
64.250 62.750
Building 4 5 0.062
64.000 63.000
64.000 63.250
64.250 63.250
64.250 63.000
Building 4 5 0.062
64.000 63.250
64.000 63.500
64.250 63.500
64.250 63.250
Building 4 5 0.062
64.000 63.500
64.000 63.750
64.250 63.750
64.250 63.500
Building 4 5 0.062
64.250 64.000
64.250 63.750
64.000 63.750
64.000 64.000
Building 4 5 0.062
64.250 27.500
64.250 27.750
64.500 27.750
64.500 27.500
Building 4 5 0.062
64.250 27.750
64.250 28.000
64.500 28.000
64.500 27.750
Building 4 5 0.062
64.250 28.000
64.250 28.250
64.500 28.250
64.500 28.000
Building 4 5 0.062
64.250 28.250
64.250 28.500
64.500 28.500
64.500 28.250
Building 4 5 0.062
64.250 28.500
64.250 28.750
64.500 28.750
64.500 28.500
Building 4 5 0.062
64.250 28.750
64.250 29.000
64.500 29.000
64.500 28.750
Building 4 5 0.062
64.250 29.000
64.250 29.250
64.500 29.250
64.500 29.000
Building 4 5 0.062
64.500 29.500
64.500 29.250
64.250 29.250
64.250 29.500
Building 4 5 0.062
64.500 30.500
64.250 30.500
64.250 30.750
64.500 30.750
Building 4 5 0.062
64.500 30.750
64.250 30.750
64.250 31.000
64.500 31.000
Building 4 5 0.062
64.500 31.000
64.250 31.000
64.250 31.250
64.500 31.250
Building 4 5 0.062
64.500 31.250
64.250 31.250
64.250 31.500
64.500 31.500
Building 4 5 0.062
64.500 31.500
64.250 31.500
64.250 31.750
64.500 31.750
Building 4 5 0.062
64.500 31.750
64.250 31.750
64.250 32.000
64.500 32.000
Building 4 5 0.062
64.500 32.000
64.250 32.000
64.250 32.250
64.500 32.250
Building 4 5 0.062
64.500 32.250
64.250 32.250
64.250 32.500
64.500 32.500
Building 4 5 0.062
64.500 32.500
64.250 32.500
64.250 32.750
64.500 32.750
Building 4 5 0.062
64.500 32.750
64.250 32.750
64.250 33.000
64.500 33.000
Building 4 5 0.062
64.500 33.000
64.250 33.000
64.250 33.250
64.500 33.250
Building 4 5 0.062
64.500 33.250
64.250 33.250
64.250 33.500
64.500 33.500
Building 4 5 0.062
64.500 33.500
64.250 33.500
64.250 33.750
64.500 33.750
Building 4 5 0.062
64.500 33.750
64.250 33.750
64.250 34.000
64.500 34.000
Building 4 5 0.062
64.500 34.000
64.250 34.000
64.250 34.250
64.500 34.250
Building 4 5 0.062
64.500 34.250
64.250 34.250
64.250 34.500
64.500 34.500
Building 4 5 0.062
64.500 34.500
64.250 34.500
64.250 34.750
64.500 34.750
Building 4 5 0.062
64.500 34.750
64.250 34.750
64.250 35.000
64.500 35.000
Building 4 5 0.062
64.500 35.000
64.250 35.000
64.250 35.250
64.500 35.250
Building 4 5 0.062
64.500 35.250
64.250 35.250
64.250 35.500
64.500 35.500
Building 4 5 0.062
64.500 35.500
64.250 35.500
64.250 35.750
64.500 35.750
Building 4 5 0.062
64.500 35.750
64.250 35.750
64.250 36.000
64.500 36.000
Building 4 5 0.062
64.500 36.000
64.250 36.000
64.250 36.250
64.500 36.250
Building 4 5 0.062
64.500 36.250
64.250 36.250
64.250 36.500
64.500 36.500
Building 4 5 0.062
64.500 36.500
64.250 36.500
64.250 36.750
64.500 36.750
Building 4 5 0.062
64.500 36.750
64.250 36.750
64.250 37.000
64.500 37.000
Building 4 5 0.062
64.500 37.000
64.250 37.000
64.250 37.250
64.500 37.250
Building 4 5 0.062
64.500 37.250
64.250 37.250
64.250 37.500
64.500 37.500
Building 4 5 0.062
64.500 37.500
64.250 37.500
64.250 37.750
64.500 37.750
Building 4 5 0.062
64.500 37.750
64.250 37.750
64.250 38.000
64.500 38.000
Building 4 5 0.062
64.500 38.000
64.250 38.000
64.250 38.250
64.500 38.250
Building 4 5 0.062
64.500 38.250
64.250 38.250
64.250 38.500
64.500 38.500
Building 4 5 0.062
64.500 38.500
64.250 38.500
64.250 38.750
64.500 38.750
Building 4 5 0.062
64.500 38.750
64.250 38.750
64.250 39.000
64.500 39.000
Building 4 5 0.062
64.500 39.000
64.250 39.000
64.250 39.250
64.500 39.250
Building 4 5 0.062
64.500 39.250
64.250 39.250
64.250 39.500
64.500 39.500
Building 4 5 0.062
64.500 39.500
64.250 39.500
64.250 39.750
64.500 39.750
Building 4 5 0.062
64.500 39.750
64.250 39.750
64.250 40.000
64.500 40.000
Building 4 5 0.062
64.500 40.000
64.250 40.000
64.250 40.250
64.500 40.250
Building 4 5 0.062
64.500 40.250
64.250 40.250
64.250 40.500
64.500 40.500
Building 4 5 0.062
64.500 40.500
64.250 40.500
64.250 40.750
64.500 40.750
Building 4 5 0.062
64.500 40.750
64.250 40.750
64.250 41.000
64.500 41.000
Building 4 5 0.062
64.500 41.000
64.250 41.000
64.250 41.250
64.500 41.250
Building 4 5 0.062
64.500 41.250
64.250 41.250
64.250 41.500
64.500 41.500
Building 4 5 0.062
64.500 41.500
64.250 41.500
64.250 41.750
64.500 41.750
Building 4 5 0.062
64.500 41.750
64.250 41.750
64.250 42.000
64.500 42.000
Building 4 5 0.062
64.500 42.000
64.250 42.000
64.250 42.250
64.500 42.250
Building 4 5 0.062
64.500 42.250
64.250 42.250
64.250 42.500
64.500 42.500
Building 4 5 0.062
64.500 42.500
64.250 42.500
64.250 42.750
64.500 42.750
Building 4 5 0.062
64.500 42.750
64.250 42.750
64.250 43.000
64.500 43.000
Building 4 5 0.062
64.500 43.000
64.250 43.000
64.250 43.250
64.500 43.250
Building 4 5 0.062
64.500 43.250
64.250 43.250
64.250 43.500
64.500 43.500
Building 4 5 0.062
64.500 43.500
64.250 43.500
64.250 43.750
64.500 43.750
Building 4 5 0.062
64.500 43.750
64.250 43.750
64.250 44.000
64.500 44.000
Building 4 5 0.062
64.500 44.000
64.250 44.000
64.250 44.250
64.500 44.250
Building 4 5 0.062
64.500 44.250
64.250 44.250
64.250 44.500
64.500 44.500
Building 4 5 0.062
64.500 44.500
64.250 44.500
64.250 44.750
64.500 44.750
Building 4 5 0.062
64.500 44.750
64.250 44.750
64.250 45.000
64.500 45.000
Building 4 5 0.062
64.500 45.000
64.250 45.000
64.250 45.250
64.500 45.250
Building 4 5 0.062
64.500 45.250
64.250 45.250
64.250 45.500
64.500 45.500
Building 4 5 0.062
64.500 45.500
64.250 45.500
64.250 45.750
64.500 45.750
Building 4 5 0.062
64.500 45.750
64.250 45.750
64.250 46.000
64.500 46.000
Building 4 5 0.062
64.500 46.000
64.250 46.000
64.250 46.250
64.500 46.250
Building 4 5 0.062
64.500 46.250
64.250 46.250
64.250 46.500
64.500 46.500
Building 4 5 0.062
64.500 46.500
64.250 46.500
64.250 46.750
64.500 46.750
Building 4 5 0.062
64.500 46.750
64.250 46.750
64.250 47.000
64.500 47.000
Building 4 5 0.062
64.500 47.000
64.250 47.000
64.250 47.250
64.500 47.250
Building 4 5 0.062
64.500 47.250
64.250 47.250
64.250 47.500
64.500 47.500
Building 4 5 0.062
64.500 47.500
64.250 47.500
64.250 47.750
64.500 47.750
Building 4 5 0.062
64.500 47.750
64.250 47.750
64.250 48.000
64.500 48.000
Building 4 5 0.062
64.500 48.000
64.250 48.000
64.250 48.250
64.500 48.250
Building 4 5 0.062
64.500 48.250
64.250 48.250
64.250 48.500
64.500 48.500
Building 4 5 0.062
64.500 48.500
64.250 48.500
64.250 48.750
64.500 48.750
Building 4 5 0.062
64.500 48.750
64.250 48.750
64.250 49.000
64.500 49.000
Building 4 5 0.062
64.500 49.000
64.250 49.000
64.250 49.250
64.500 49.250
Building 4 5 0.062
64.500 49.250
64.250 49.250
64.250 49.500
64.500 49.500
Building 4 5 0.062
64.500 49.500
64.250 49.500
64.250 49.750
64.500 49.750
Building 4 5 0.062
64.500 49.750
64.250 49.750
64.250 50.000
64.500 50.000
Building 4 5 0.062
64.500 50.000
64.250 50.000
64.250 50.250
64.500 50.250
Building 4 5 0.062
64.500 50.250
64.250 50.250
64.250 50.500
64.500 50.500
Building 4 5 0.062
64.500 50.500
64.250 50.500
64.250 50.750
64.500 50.750
Building 4 5 0.062
64.500 50.750
64.250 50.750
64.250 51.000
64.500 51.000
Building 4 5 0.062
64.500 51.000
64.250 51.000
64.250 51.250
64.500 51.250
Building 4 5 0.062
64.500 51.250
64.250 51.250
64.250 51.500
64.500 51.500
Building 4 5 0.062
64.500 51.500
64.250 51.500
64.250 51.750
64.500 51.750
Building 4 5 0.062
64.500 51.750
64.250 51.750
64.250 52.000
64.500 52.000
Building 4 5 0.062
64.500 52.000
64.250 52.000
64.250 52.250
64.500 52.250
Building 4 5 0.062
64.500 52.250
64.250 52.250
64.250 52.500
64.500 52.500
Building 4 5 0.062
64.500 52.500
64.250 52.500
64.250 52.750
64.500 52.750
Building 4 5 0.062
64.500 52.750
64.250 52.750
64.250 53.000
64.500 53.000
Building 4 5 0.062
64.500 53.000
64.250 53.000
64.250 53.250
64.500 53.250
Building 4 5 0.062
64.500 53.250
64.250 53.250
64.250 53.500
64.500 53.500
Building 4 5 0.062
64.500 53.500
64.250 53.500
64.250 53.750
64.500 53.750
Building 4 5 0.062
64.500 53.750
64.250 53.750
64.250 54.000
64.500 54.000
Building 4 5 0.062
64.500 54.000
64.250 54.000
64.250 54.250
64.500 54.250
Building 4 5 0.062
64.500 54.250
64.250 54.250
64.250 54.500
64.500 54.500
Building 4 5 0.062
64.500 54.500
64.250 54.500
64.250 54.750
64.500 54.750
Building 4 5 0.062
64.500 54.750
64.250 54.750
64.250 55.000
64.500 55.000
Building 4 5 0.062
64.500 55.000
64.250 55.000
64.250 55.250
64.500 55.250
Building 4 5 0.062
64.500 55.250
64.250 55.250
64.250 55.500
64.500 55.500
Building 4 5 0.062
64.500 55.500
64.250 55.500
64.250 55.750
64.500 55.750
Building 4 5 0.062
64.500 55.750
64.250 55.750
64.250 56.000
64.500 56.000
Building 4 5 0.062
64.500 56.000
64.250 56.000
64.250 56.250
64.500 56.250
Building 4 5 0.062
64.500 56.250
64.250 56.250
64.250 56.500
64.500 56.500
Building 4 5 0.062
64.500 56.500
64.250 56.500
64.250 56.750
64.500 56.750
Building 4 5 0.062
64.500 56.750
64.250 56.750
64.250 57.000
64.500 57.000
Building 4 5 0.062
64.500 57.000
64.250 57.000
64.250 57.250
64.500 57.250
Building 4 5 0.062
64.500 57.250
64.250 57.250
64.250 57.500
64.500 57.500
Building 4 5 0.062
64.500 57.500
64.250 57.500
64.250 57.750
64.500 57.750
Building 4 5 0.062
64.500 57.750
64.250 57.750
64.250 58.000
64.500 58.000
Building 4 5 0.062
64.500 58.000
64.250 58.000
64.250 58.250
64.500 58.250
Building 4 5 0.062
64.500 58.250
64.250 58.250
64.250 58.500
64.500 58.500
Building 4 5 0.062
64.500 58.500
64.250 58.500
64.250 58.750
64.500 58.750
Building 4 5 0.062
64.500 58.750
64.250 58.750
64.250 59.000
64.500 59.000
Building 4 5 0.062
64.500 59.000
64.250 59.000
64.250 59.250
64.500 59.250
Building 4 5 0.062
64.500 59.250
64.250 59.250
64.250 59.500
64.500 59.500
Building 4 5 0.062
64.500 59.500
64.250 59.500
64.250 59.750
64.500 59.750
Building 4 5 0.062
64.500 59.750
64.250 59.750
64.250 60.000
64.500 60.000
Building 4 5 0.062
64.500 60.000
64.250 60.000
64.250 60.250
64.500 60.250
Building 4 5 0.062
64.500 60.250
64.250 60.250
64.250 60.500
64.500 60.500
Building 4 5 0.062
64.500 60.500
64.250 60.500
64.250 60.750
64.500 60.750
Building 4 5 0.062
64.500 60.750
64.250 60.750
64.250 61.000
64.500 61.000
Building 4 5 0.062
64.500 61.000
64.250 61.000
64.250 61.250
64.500 61.250
Building 4 5 0.062
64.500 61.250
64.250 61.250
64.250 61.500
64.500 61.500
Building 4 5 0.062
64.500 61.500
64.250 61.500
64.250 61.750
64.500 61.750
Building 4 5 0.062
64.500 61.750
64.250 61.750
64.250 62.000
64.500 62.000
Building 4 5 0.062
64.250 62.000
64.250 62.250
64.500 62.250
64.500 62.000
Building 4 5 0.062
64.250 62.250
64.250 62.500
64.500 62.500
64.500 62.250
Building 4 5 0.062
64.250 62.500
64.250 62.750
64.500 62.750
64.500 62.500
Building 4 5 0.062
64.250 62.750
64.250 63.000
64.500 63.000
64.500 62.750
Building 4 5 0.062
64.250 63.000
64.250 63.250
64.500 63.250
64.500 63.000
Building 4 5 0.062
64.250 63.250
64.250 63.500
64.500 63.500
64.500 63.250
Building 4 5 0.062
64.250 63.500
64.250 63.750
64.500 63.750
64.500 63.500
Building 4 5 0.062
64.500 64.000
64.500 63.750
64.250 63.750
64.250 64.000
Building 4 5 0.062
64.500 27.500
64.500 27.750
64.750 27.750
64.750 27.500
Building 4 5 0.062
64.500 27.750
64.500 28.000
64.750 28.000
64.750 27.750
Building 4 5 0.062
64.500 28.000
64.500 28.250
64.750 28.250
64.750 28.000
Building 4 5 0.062
64.500 28.250
64.500 28.500
64.750 28.500
64.750 28.250
Building 4 5 0.062
64.500 28.500
64.500 28.750
64.750 28.750
64.750 28.500
Building 4 5 0.062
64.500 28.750
64.500 29.000
64.750 29.000
64.750 28.750
Building 4 5 0.062
64.500 29.000
64.500 29.250
64.750 29.250
64.750 29.000
Building 4 5 0.062
64.750 29.500
64.750 29.250
64.500 29.250
64.500 29.500
Building 4 5 0.062
64.500 62.000
64.500 62.250
64.750 62.250
64.750 62.000
Building 4 5 0.062
64.500 62.250
64.500 62.500
64.750 62.500
64.750 62.250
Building 4 5 0.062
64.500 62.500
64.500 62.750
64.750 62.750
64.750 62.500
Building 4 5 0.062
64.500 62.750
64.500 63.000
64.750 63.000
64.750 62.750
Building 4 5 0.062
64.500 63.000
64.500 63.250
64.750 63.250
64.750 63.000
Building 4 5 0.062
64.500 63.250
64.500 63.500
64.750 63.500
64.750 63.250
Building 4 5 0.062
64.500 63.500
64.500 63.750
64.750 63.750
64.750 63.500
Building 4 5 0.062
64.750 64.000
64.750 63.750
64.500 63.750
64.500 64.000
Building 4 5 0.062
64.750 27.500
64.750 27.750
65.000 27.750
65.000 27.500
Building 4 5 0.062
64.750 27.750
64.750 28.000
65.000 28.000
65.000 27.750
Building 4 5 0.062
64.750 28.000
64.750 28.250
65.000 28.250
65.000 28.000
Building 4 5 0.062
64.750 28.250
64.750 28.500
65.000 28.500
65.000 28.250
Building 4 5 0.062
64.750 28.500
64.750 28.750
65.000 28.750
65.000 28.500
Building 4 5 0.062
64.750 28.750
64.750 29.000
65.000 29.000
65.000 28.750
Building 4 5 0.062
64.750 29.000
64.750 29.250
65.000 29.250
65.000 29.000
Building 4 5 0.062
65.000 29.500
65.000 29.250
64.750 29.250
64.750 29.500
Building 4 5 0.062
64.750 62.000
64.750 62.250
65.000 62.250
65.000 62.000
Building 4 5 0.062
64.750 62.250
64.750 62.500
65.000 62.500
65.000 62.250
Building 4 5 0.062
64.750 62.500
64.750 62.750
65.000 62.750
65.000 62.500
Building 4 5 0.062
64.750 62.750
64.750 63.000
65.000 63.000
65.000 62.750
Building 4 5 0.062
64.750 63.000
64.750 63.250
65.000 63.250
65.000 63.000
Building 4 5 0.062
64.750 63.250
64.750 63.500
65.000 63.500
65.000 63.250
Building 4 5 0.062
64.750 63.500
64.750 63.750
65.000 63.750
65.000 63.500
Building 4 5 0.062
65.000 64.000
65.000 63.750
64.750 63.750
64.750 64.000
Building 4 5 0.062
65.000 27.500
65.000 27.750
65.250 27.750
65.250 27.500
Building 4 5 0.062
65.000 27.750
65.000 28.000
65.250 28.000
65.250 27.750
Building 4 5 0.062
65.000 28.000
65.000 28.250
65.250 28.250
65.250 28.000
Building 4 5 0.062
65.000 28.250
65.000 28.500
65.250 28.500
65.250 28.250
Building 4 5 0.062
65.000 28.500
65.000 28.750
65.250 28.750
65.250 28.500
Building 4 5 0.062
65.000 28.750
65.000 29.000
65.250 29.000
65.250 28.750
Building 4 5 0.062
65.000 29.000
65.000 29.250
65.250 29.250
65.250 29.000
Building 4 5 0.062
65.250 29.500
65.250 29.250
65.000 29.250
65.000 29.500
Building 4 5 0.062
65.000 62.000
65.000 62.250
65.250 62.250
65.250 62.000
Building 4 5 0.062
65.000 62.250
65.000 62.500
65.250 62.500
65.250 62.250
Building 4 5 0.062
65.000 62.500
65.000 62.750
65.250 62.750
65.250 62.500
Building 4 5 0.062
65.000 62.750
65.000 63.000
65.250 63.000
65.250 62.750
Building 4 5 0.062
65.000 63.000
65.000 63.250
65.250 63.250
65.250 63.000
Building 4 5 0.062
65.000 63.250
65.000 63.500
65.250 63.500
65.250 63.250
Building 4 5 0.062
65.000 63.500
65.000 63.750
65.250 63.750
65.250 63.500
Building 4 5 0.062
65.250 64.000
65.250 63.750
65.000 63.750
65.000 64.000
Building 4 5 0.062
65.250 27.500
65.250 27.750
65.500 27.750
65.500 27.500
Building 4 5 0.062
65.250 27.750
65.250 28.000
65.500 28.000
65.500 27.750
Building 4 5 0.062
65.250 28.000
65.250 28.250
65.500 28.250
65.500 28.000
Building 4 5 0.062
65.250 28.250
65.250 28.500
65.500 28.500
65.500 28.250
Building 4 5 0.062
65.250 28.500
65.250 28.750
65.500 28.750
65.500 28.500
Building 4 5 0.062
65.250 28.750
65.250 29.000
65.500 29.000
65.500 28.750
Building 4 5 0.062
65.250 29.000
65.250 29.250
65.500 29.250
65.500 29.000
Building 4 5 0.062
65.500 29.500
65.500 29.250
65.250 29.250
65.250 29.500
Building 4 5 0.062
65.250 62.000
65.250 62.250
65.500 62.250
65.500 62.000
Building 4 5 0.062
65.250 62.250
65.250 62.500
65.500 62.500
65.500 62.250
Building 4 5 0.062
65.250 62.500
65.250 62.750
65.500 62.750
65.500 62.500
Building 4 5 0.062
65.250 62.750
65.250 63.000
65.500 63.000
65.500 62.750
Building 4 5 0.062
65.250 63.000
65.250 63.250
65.500 63.250
65.500 63.000
Building 4 5 0.062
65.250 63.250
65.250 63.500
65.500 63.500
65.500 63.250
Building 4 5 0.062
65.250 63.500
65.250 63.750
65.500 63.750
65.500 63.500
Building 4 5 0.062
65.500 64.000
65.500 63.750
65.250 63.750
65.250 64.000
Building 4 5 0.062
65.500 27.500
65.500 27.750
65.750 27.750
65.750 27.500
Building 4 5 0.062
65.500 27.750
65.500 28.000
65.750 28.000
65.750 27.750
Building 4 5 0.062
65.500 28.000
65.500 28.250
65.750 28.250
65.750 28.000
Building 4 5 0.062
65.500 28.250
65.500 28.500
65.750 28.500
65.750 28.250
Building 4 5 0.062
65.500 28.500
65.500 28.750
65.750 28.750
65.750 28.500
Building 4 5 0.062
65.500 28.750
65.500 29.000
65.750 29.000
65.750 28.750
Building 4 5 0.062
65.500 29.000
65.500 29.250
65.750 29.250
65.750 29.000
Building 4 5 0.062
65.750 29.500
65.750 29.250
65.500 29.250
65.500 29.500
Building 4 5 0.062
65.500 29.750
65.750 29.750
65.750 29.500
65.500 29.500
Building 4 5 0.062
65.500 30.000
65.750 30.000
65.750 29.750
65.500 29.750
Building 4 5 0.062
65.500 30.250
65.750 30.250
65.750 30.000
65.500 30.000
Building 4 5 0.062
65.500 30.500
65.750 30.500
65.750 30.250
65.500 30.250
Building 4 5 0.062
65.500 30.750
65.750 30.750
65.750 30.500
65.500 30.500
Building 4 5 0.062
65.500 31.000
65.750 31.000
65.750 30.750
65.500 30.750
Building 4 5 0.062
65.500 31.250
65.750 31.250
65.750 31.000
65.500 31.000
Building 4 5 0.062
65.500 31.500
65.750 31.500
65.750 31.250
65.500 31.250
Building 4 5 0.062
65.500 31.750
65.750 31.750
65.750 31.500
65.500 31.500
Building 4 5 0.062
65.500 32.000
65.750 32.000
65.750 31.750
65.500 31.750
Building 4 5 0.062
65.500 32.250
65.750 32.250
65.750 32.000
65.500 32.000
Building 4 5 0.062
65.500 32.500
65.750 32.500
65.750 32.250
65.500 32.250
Building 4 5 0.062
65.500 32.750
65.750 32.750
65.750 32.500
65.500 32.500
Building 4 5 0.062
65.500 33.000
65.750 33.000
65.750 32.750
65.500 32.750
Building 4 5 0.062
65.500 33.250
65.750 33.250
65.750 33.000
65.500 33.000
Building 4 5 0.062
65.500 33.500
65.750 33.500
65.750 33.250
65.500 33.250
Building 4 5 0.062
65.500 33.750
65.750 33.750
65.750 33.500
65.500 33.500
Building 4 5 0.062
65.500 34.000
65.750 34.000
65.750 33.750
65.500 33.750
Building 4 5 0.062
65.500 34.250
65.750 34.250
65.750 34.000
65.500 34.000
Building 4 5 0.062
65.500 34.500
65.750 34.500
65.750 34.250
65.500 34.250
Building 4 5 0.062
65.500 34.750
65.750 34.750
65.750 34.500
65.500 34.500
Building 4 5 0.062
65.500 35.000
65.750 35.000
65.750 34.750
65.500 34.750
Building 4 5 0.062
65.500 35.250
65.750 35.250
65.750 35.000
65.500 35.000
Building 4 5 0.062
65.500 35.500
65.750 35.500
65.750 35.250
65.500 35.250
Building 4 5 0.062
65.500 35.750
65.750 35.750
65.750 35.500
65.500 35.500
Building 4 5 0.062
65.500 36.000
65.750 36.000
65.750 35.750
65.500 35.750
Building 4 5 0.062
65.500 36.250
65.750 36.250
65.750 36.000
65.500 36.000
Building 4 5 0.062
65.500 36.500
65.750 36.500
65.750 36.250
65.500 36.250
Building 4 5 0.062
65.500 36.750
65.750 36.750
65.750 36.500
65.500 36.500
Building 4 5 0.062
65.500 37.000
65.750 37.000
65.750 36.750
65.500 36.750
Building 4 5 0.062
65.500 37.250
65.750 37.250
65.750 37.000
65.500 37.000
Building 4 5 0.062
65.500 37.500
65.750 37.500
65.750 37.250
65.500 37.250
Building 4 5 0.062
65.500 37.750
65.750 37.750
65.750 37.500
65.500 37.500
Building 4 5 0.062
65.500 38.000
65.750 38.000
65.750 37.750
65.500 37.750
Building 4 5 0.062
65.500 38.250
65.750 38.250
65.750 38.000
65.500 38.000
Building 4 5 0.062
65.500 38.500
65.750 38.500
65.750 38.250
65.500 38.250
Building 4 5 0.062
65.500 38.750
65.750 38.750
65.750 38.500
65.500 38.500
Building 4 5 0.062
65.500 39.000
65.750 39.000
65.750 38.750
65.500 38.750
Building 4 5 0.062
65.500 39.250
65.750 39.250
65.750 39.000
65.500 39.000
Building 4 5 0.062
65.500 39.500
65.750 39.500
65.750 39.250
65.500 39.250
Building 4 5 0.062
65.500 39.750
65.750 39.750
65.750 39.500
65.500 39.500
Building 4 5 0.062
65.500 40.000
65.750 40.000
65.750 39.750
65.500 39.750
Building 4 5 0.062
65.500 40.250
65.750 40.250
65.750 40.000
65.500 40.000
Building 4 5 0.062
65.500 40.500
65.750 40.500
65.750 40.250
65.500 40.250
Building 4 5 0.062
65.500 40.750
65.750 40.750
65.750 40.500
65.500 40.500
Building 4 5 0.062
65.500 41.000
65.750 41.000
65.750 40.750
65.500 40.750
Building 4 5 0.062
65.500 41.250
65.750 41.250
65.750 41.000
65.500 41.000
Building 4 5 0.062
65.500 41.500
65.750 41.500
65.750 41.250
65.500 41.250
Building 4 5 0.062
65.500 41.750
65.750 41.750
65.750 41.500
65.500 41.500
Building 4 5 0.062
65.500 42.000
65.750 42.000
65.750 41.750
65.500 41.750
Building 4 5 0.062
65.500 42.250
65.750 42.250
65.750 42.000
65.500 42.000
Building 4 5 0.062
65.500 42.500
65.750 42.500
65.750 42.250
65.500 42.250
Building 4 5 0.062
65.500 42.750
65.750 42.750
65.750 42.500
65.500 42.500
Building 4 5 0.062
65.500 43.000
65.750 43.000
65.750 42.750
65.500 42.750
Building 4 5 0.062
65.500 43.250
65.750 43.250
65.750 43.000
65.500 43.000
Building 4 5 0.062
65.500 43.500
65.750 43.500
65.750 43.250
65.500 43.250
Building 4 5 0.062
65.500 43.750
65.750 43.750
65.750 43.500
65.500 43.500
Building 4 5 0.062
65.500 44.000
65.750 44.000
65.750 43.750
65.500 43.750
Building 4 5 0.062
65.500 44.250
65.750 44.250
65.750 44.000
65.500 44.000
Building 4 5 0.062
65.500 44.500
65.750 44.500
65.750 44.250
65.500 44.250
Building 4 5 0.062
65.500 44.750
65.750 44.750
65.750 44.500
65.500 44.500
Building 4 5 0.062
65.500 45.000
65.750 45.000
65.750 44.750
65.500 44.750
Building 4 5 0.062
65.500 45.250
65.750 45.250
65.750 45.000
65.500 45.000
Building 4 5 0.062
65.500 45.500
65.750 45.500
65.750 45.250
65.500 45.250
Building 4 5 0.062
65.500 45.750
65.750 45.750
65.750 45.500
65.500 45.500
Building 4 5 0.062
65.500 46.000
65.750 46.000
65.750 45.750
65.500 45.750
Building 4 5 0.062
65.500 46.250
65.750 46.250
65.750 46.000
65.500 46.000
Building 4 5 0.062
65.500 46.500
65.750 46.500
65.750 46.250
65.500 46.250
Building 4 5 0.062
65.500 46.750
65.750 46.750
65.750 46.500
65.500 46.500
Building 4 5 0.062
65.500 47.000
65.750 47.000
65.750 46.750
65.500 46.750
Building 4 5 0.062
65.500 47.250
65.750 47.250
65.750 47.000
65.500 47.000
Building 4 5 0.062
65.500 47.500
65.750 47.500
65.750 47.250
65.500 47.250
Building 4 5 0.062
65.500 47.750
65.750 47.750
65.750 47.500
65.500 47.500
Building 4 5 0.062
65.500 48.000
65.750 48.000
65.750 47.750
65.500 47.750
Building 4 5 0.062
65.500 48.250
65.750 48.250
65.750 48.000
65.500 48.000
Building 4 5 0.062
65.500 48.500
65.750 48.500
65.750 48.250
65.500 48.250
Building 4 5 0.062
65.500 48.750
65.750 48.750
65.750 48.500
65.500 48.500
Building 4 5 0.062
65.500 49.000
65.750 49.000
65.750 48.750
65.500 48.750
Building 4 5 0.062
65.500 49.250
65.750 49.250
65.750 49.000
65.500 49.000
Building 4 5 0.062
65.500 49.500
65.750 49.500
65.750 49.250
65.500 49.250
Building 4 5 0.062
65.500 49.750
65.750 49.750
65.750 49.500
65.500 49.500
Building 4 5 0.062
65.500 50.000
65.750 50.000
65.750 49.750
65.500 49.750
Building 4 5 0.062
65.500 50.250
65.750 50.250
65.750 50.000
65.500 50.000
Building 4 5 0.062
65.500 50.500
65.750 50.500
65.750 50.250
65.500 50.250
Building 4 5 0.062
65.500 50.750
65.750 50.750
65.750 50.500
65.500 50.500
Building 4 5 0.062
65.500 51.000
65.750 51.000
65.750 50.750
65.500 50.750
Building 4 5 0.062
65.500 51.250
65.750 51.250
65.750 51.000
65.500 51.000
Building 4 5 0.062
65.500 51.500
65.750 51.500
65.750 51.250
65.500 51.250
Building 4 5 0.062
65.500 51.750
65.750 51.750
65.750 51.500
65.500 51.500
Building 4 5 0.062
65.500 52.000
65.750 52.000
65.750 51.750
65.500 51.750
Building 4 5 0.062
65.500 52.250
65.750 52.250
65.750 52.000
65.500 52.000
Building 4 5 0.062
65.500 52.500
65.750 52.500
65.750 52.250
65.500 52.250
Building 4 5 0.062
65.500 52.750
65.750 52.750
65.750 52.500
65.500 52.500
Building 4 5 0.062
65.500 53.000
65.750 53.000
65.750 52.750
65.500 52.750
Building 4 5 0.062
65.500 53.250
65.750 53.250
65.750 53.000
65.500 53.000
Building 4 5 0.062
65.500 53.500
65.750 53.500
65.750 53.250
65.500 53.250
Building 4 5 0.062
65.500 53.750
65.750 53.750
65.750 53.500
65.500 53.500
Building 4 5 0.062
65.500 54.000
65.750 54.000
65.750 53.750
65.500 53.750
Building 4 5 0.062
65.500 54.250
65.750 54.250
65.750 54.000
65.500 54.000
Building 4 5 0.062
65.500 54.500
65.750 54.500
65.750 54.250
65.500 54.250
Building 4 5 0.062
65.500 54.750
65.750 54.750
65.750 54.500
65.500 54.500
Building 4 5 0.062
65.500 55.000
65.750 55.000
65.750 54.750
65.500 54.750
Building 4 5 0.062
65.500 55.250
65.750 55.250
65.750 55.000
65.500 55.000
Building 4 5 0.062
65.500 55.500
65.750 55.500
65.750 55.250
65.500 55.250
Building 4 5 0.062
65.500 55.750
65.750 55.750
65.750 55.500
65.500 55.500
Building 4 5 0.062
65.500 56.000
65.750 56.000
65.750 55.750
65.500 55.750
Building 4 5 0.062
65.500 56.250
65.750 56.250
65.750 56.000
65.500 56.000
Building 4 5 0.062
65.500 56.500
65.750 56.500
65.750 56.250
65.500 56.250
Building 4 5 0.062
65.500 56.750
65.750 56.750
65.750 56.500
65.500 56.500
Building 4 5 0.062
65.500 57.000
65.750 57.000
65.750 56.750
65.500 56.750
Building 4 5 0.062
65.500 57.250
65.750 57.250
65.750 57.000
65.500 57.000
Building 4 5 0.062
65.500 57.500
65.750 57.500
65.750 57.250
65.500 57.250
Building 4 5 0.062
65.500 57.750
65.750 57.750
65.750 57.500
65.500 57.500
Building 4 5 0.062
65.500 58.000
65.750 58.000
65.750 57.750
65.500 57.750
Building 4 5 0.062
65.500 58.250
65.750 58.250
65.750 58.000
65.500 58.000
Building 4 5 0.062
65.500 58.500
65.750 58.500
65.750 58.250
65.500 58.250
Building 4 5 0.062
65.500 58.750
65.750 58.750
65.750 58.500
65.500 58.500
Building 4 5 0.062
65.500 59.000
65.750 59.000
65.750 58.750
65.500 58.750
Building 4 5 0.062
65.500 59.250
65.750 59.250
65.750 59.000
65.500 59.000
Building 4 5 0.062
65.500 59.500
65.750 59.500
65.750 59.250
65.500 59.250
Building 4 5 0.062
65.500 59.750
65.750 59.750
65.750 59.500
65.500 59.500
Building 4 5 0.062
65.500 60.000
65.750 60.000
65.750 59.750
65.500 59.750
Building 4 5 0.062
65.500 60.250
65.750 60.250
65.750 60.000
65.500 60.000
Building 4 5 0.062
65.500 60.500
65.750 60.500
65.750 60.250
65.500 60.250
Building 4 5 0.062
65.500 60.750
65.750 60.750
65.750 60.500
65.500 60.500
Building 4 5 0.062
65.500 61.000
65.750 61.000
65.750 60.750
65.500 60.750
Building 4 5 0.062
65.500 61.250
65.750 61.250
65.750 61.000
65.500 61.000
Building 4 5 0.062
65.500 61.500
65.750 61.500
65.750 61.250
65.500 61.250
Building 4 5 0.062
65.500 61.750
65.750 61.750
65.750 61.500
65.500 61.500
Building 4 5 0.062
65.500 62.000
65.750 62.000
65.750 61.750
65.500 61.750
Building 4 5 0.062
65.500 62.250
65.750 62.250
65.750 62.000
65.500 62.000
Building 4 5 0.062
65.500 62.250
65.500 62.500
65.750 62.500
65.750 62.250
Building 4 5 0.062
65.500 62.500
65.500 62.750
65.750 62.750
65.750 62.500
Building 4 5 0.062
65.500 62.750
65.500 63.000
65.750 63.000
65.750 62.750
Building 4 5 0.062
65.500 63.000
65.500 63.250
65.750 63.250
65.750 63.000
Building 4 5 0.062
65.500 63.250
65.500 63.500
65.750 63.500
65.750 63.250
Building 4 5 0.062
65.500 63.500
65.500 63.750
65.750 63.750
65.750 63.500
Building 4 5 0.062
65.750 64.000
65.750 63.750
65.500 63.750
65.500 64.000
Building 4 5 0.062
65.750 27.500
65.750 27.750
66.000 27.750
66.000 27.500
Building 4 5 0.062
65.750 27.750
65.750 28.000
66.000 28.000
66.000 27.750
Building 4 5 0.062
65.750 28.000
65.750 28.250
66.000 28.250
66.000 28.000
Building 4 5 0.062
65.750 28.250
65.750 28.500
66.000 28.500
66.000 28.250
Building 4 5 0.062
65.750 28.500
65.750 28.750
66.000 28.750
66.000 28.500
Building 4 5 0.062
65.750 28.750
65.750 29.000
66.000 29.000
66.000 28.750
Building 4 5 0.062
65.750 29.000
65.750 29.250
66.000 29.250
66.000 29.000
Building 4 5 0.062
65.750 29.250
65.750 29.500
66.000 29.500
66.000 29.250
Building 4 5 0.062
65.750 29.500
65.750 29.750
66.000 29.750
66.000 29.500
Building 4 5 0.062
65.750 29.750
65.750 30.000
66.000 30.000
66.000 29.750
Building 4 5 0.062
65.750 30.000
65.750 30.250
66.000 30.250
66.000 30.000
Building 4 5 0.062
65.750 30.250
65.750 30.500
66.000 30.500
66.000 30.250
Building 4 5 0.062
65.750 30.500
65.750 30.750
66.000 30.750
66.000 30.500
Building 4 5 0.062
65.750 30.750
65.750 31.000
66.000 31.000
66.000 30.750
Building 4 5 0.062
65.750 31.000
65.750 31.250
66.000 31.250
66.000 31.000
Building 4 5 0.062
65.750 31.250
65.750 31.500
66.000 31.500
66.000 31.250
Building 4 5 0.062
65.750 31.500
65.750 31.750
66.000 31.750
66.000 31.500
Building 4 5 0.062
65.750 31.750
65.750 32.000
66.000 32.000
66.000 31.750
Building 4 5 0.062
65.750 32.000
65.750 32.250
66.000 32.250
66.000 32.000
Building 4 5 0.062
65.750 32.250
65.750 32.500
66.000 32.500
66.000 32.250
Building 4 5 0.062
65.750 32.500
65.750 32.750
66.000 32.750
66.000 32.500
Building 4 5 0.062
65.750 32.750
65.750 33.000
66.000 33.000
66.000 32.750
Building 4 5 0.062
65.750 33.000
65.750 33.250
66.000 33.250
66.000 33.000
Building 4 5 0.062
65.750 33.250
65.750 33.500
66.000 33.500
66.000 33.250
Building 4 5 0.062
65.750 33.500
65.750 33.750
66.000 33.750
66.000 33.500
Building 4 5 0.062
65.750 33.750
65.750 34.000
66.000 34.000
66.000 33.750
Building 4 5 0.062
65.750 34.000
65.750 34.250
66.000 34.250
66.000 34.000
Building 4 5 0.062
65.750 34.250
65.750 34.500
66.000 34.500
66.000 34.250
Building 4 5 0.062
65.750 34.500
65.750 34.750
66.000 34.750
66.000 34.500
Building 4 5 0.062
65.750 34.750
65.750 35.000
66.000 35.000
66.000 34.750
Building 4 5 0.062
65.750 35.000
65.750 35.250
66.000 35.250
66.000 35.000
Building 4 5 0.062
65.750 35.250
65.750 35.500
66.000 35.500
66.000 35.250
Building 4 5 0.062
65.750 35.500
65.750 35.750
66.000 35.750
66.000 35.500
Building 4 5 0.062
65.750 35.750
65.750 36.000
66.000 36.000
66.000 35.750
Building 4 5 0.062
65.750 36.000
65.750 36.250
66.000 36.250
66.000 36.000
Building 4 5 0.062
65.750 36.250
65.750 36.500
66.000 36.500
66.000 36.250
Building 4 5 0.062
65.750 36.500
65.750 36.750
66.000 36.750
66.000 36.500
Building 4 5 0.062
65.750 36.750
65.750 37.000
66.000 37.000
66.000 36.750
Building 4 5 0.062
65.750 37.000
65.750 37.250
66.000 37.250
66.000 37.000
Building 4 5 0.062
65.750 37.250
65.750 37.500
66.000 37.500
66.000 37.250
Building 4 5 0.062
65.750 37.500
65.750 37.750
66.000 37.750
66.000 37.500
Building 4 5 0.062
65.750 37.750
65.750 38.000
66.000 38.000
66.000 37.750
Building 4 5 0.062
65.750 38.000
65.750 38.250
66.000 38.250
66.000 38.000
Building 4 5 0.062
65.750 38.250
65.750 38.500
66.000 38.500
66.000 38.250
Building 4 5 0.062
65.750 38.500
65.750 38.750
66.000 38.750
66.000 38.500
Building 4 5 0.062
65.750 38.750
65.750 39.000
66.000 39.000
66.000 38.750
Building 4 5 0.062
65.750 39.000
65.750 39.250
66.000 39.250
66.000 39.000
Building 4 5 0.062
65.750 39.250
65.750 39.500
66.000 39.500
66.000 39.250
Building 4 5 0.062
65.750 39.500
65.750 39.750
66.000 39.750
66.000 39.500
Building 4 5 0.062
65.750 39.750
65.750 40.000
66.000 40.000
66.000 39.750
Building 4 5 0.062
65.750 40.000
65.750 40.250
66.000 40.250
66.000 40.000
Building 4 5 0.062
65.750 40.250
65.750 40.500
66.000 40.500
66.000 40.250
Building 4 5 0.062
65.750 40.500
65.750 40.750
66.000 40.750
66.000 40.500
Building 4 5 0.062
65.750 40.750
65.750 41.000
66.000 41.000
66.000 40.750
Building 4 5 0.062
65.750 41.000
65.750 41.250
66.000 41.250
66.000 41.000
Building 4 5 0.062
65.750 41.250
65.750 41.500
66.000 41.500
66.000 41.250
Building 4 5 0.062
65.750 41.500
65.750 41.750
66.000 41.750
66.000 41.500
Building 4 5 0.062
65.750 41.750
65.750 42.000
66.000 42.000
66.000 41.750
Building 4 5 0.062
65.750 42.000
65.750 42.250
66.000 42.250
66.000 42.000
Building 4 5 0.062
65.750 42.250
65.750 42.500
66.000 42.500
66.000 42.250
Building 4 5 0.062
65.750 42.500
65.750 42.750
66.000 42.750
66.000 42.500
Building 4 5 0.062
65.750 42.750
65.750 43.000
66.000 43.000
66.000 42.750
Building 4 5 0.062
65.750 43.000
65.750 43.250
66.000 43.250
66.000 43.000
Building 4 5 0.062
65.750 43.250
65.750 43.500
66.000 43.500
66.000 43.250
Building 4 5 0.062
65.750 43.500
65.750 43.750
66.000 43.750
66.000 43.500
Building 4 5 0.062
65.750 43.750
65.750 44.000
66.000 44.000
66.000 43.750
Building 4 5 0.062
65.750 44.000
65.750 44.250
66.000 44.250
66.000 44.000
Building 4 5 0.062
65.750 44.250
65.750 44.500
66.000 44.500
66.000 44.250
Building 4 5 0.062
65.750 44.500
65.750 44.750
66.000 44.750
66.000 44.500
Building 4 5 0.062
65.750 44.750
65.750 45.000
66.000 45.000
66.000 44.750
Building 4 5 0.062
65.750 45.000
65.750 45.250
66.000 45.250
66.000 45.000
Building 4 5 0.062
65.750 45.250
65.750 45.500
66.000 45.500
66.000 45.250
Building 4 5 0.062
65.750 45.500
65.750 45.750
66.000 45.750
66.000 45.500
Building 4 5 0.062
65.750 45.750
65.750 46.000
66.000 46.000
66.000 45.750
Building 4 5 0.062
65.750 46.000
65.750 46.250
66.000 46.250
66.000 46.000
Building 4 5 0.062
65.750 46.250
65.750 46.500
66.000 46.500
66.000 46.250
Building 4 5 0.062
65.750 46.500
65.750 46.750
66.000 46.750
66.000 46.500
Building 4 5 0.062
65.750 46.750
65.750 47.000
66.000 47.000
66.000 46.750
Building 4 5 0.062
65.750 47.000
65.750 47.250
66.000 47.250
66.000 47.000
Building 4 5 0.062
65.750 47.250
65.750 47.500
66.000 47.500
66.000 47.250
Building 4 5 0.062
65.750 47.500
65.750 47.750
66.000 47.750
66.000 47.500
Building 4 5 0.062
65.750 47.750
65.750 48.000
66.000 48.000
66.000 47.750
Building 4 5 0.062
65.750 48.000
65.750 48.250
66.000 48.250
66.000 48.000
Building 4 5 0.062
65.750 48.250
65.750 48.500
66.000 48.500
66.000 48.250
Building 4 5 0.062
65.750 48.500
65.750 48.750
66.000 48.750
66.000 48.500
Building 4 5 0.062
65.750 48.750
65.750 49.000
66.000 49.000
66.000 48.750
Building 4 5 0.062
65.750 49.000
65.750 49.250
66.000 49.250
66.000 49.000
Building 4 5 0.062
65.750 49.250
65.750 49.500
66.000 49.500
66.000 49.250
Building 4 5 0.062
65.750 49.500
65.750 49.750
66.000 49.750
66.000 49.500
Building 4 5 0.062
65.750 49.750
65.750 50.000
66.000 50.000
66.000 49.750
Building 4 5 0.062
65.750 50.000
65.750 50.250
66.000 50.250
66.000 50.000
Building 4 5 0.062
65.750 50.250
65.750 50.500
66.000 50.500
66.000 50.250
Building 4 5 0.062
65.750 50.500
65.750 50.750
66.000 50.750
66.000 50.500
Building 4 5 0.062
65.750 50.750
65.750 51.000
66.000 51.000
66.000 50.750
Building 4 5 0.062
65.750 51.000
65.750 51.250
66.000 51.250
66.000 51.000
Building 4 5 0.062
65.750 51.250
65.750 51.500
66.000 51.500
66.000 51.250
Building 4 5 0.062
65.750 51.500
65.750 51.750
66.000 51.750
66.000 51.500
Building 4 5 0.062
65.750 51.750
65.750 52.000
66.000 52.000
66.000 51.750
Building 4 5 0.062
65.750 52.000
65.750 52.250
66.000 52.250
66.000 52.000
Building 4 5 0.062
65.750 52.250
65.750 52.500
66.000 52.500
66.000 52.250
Building 4 5 0.062
65.750 52.500
65.750 52.750
66.000 52.750
66.000 52.500
Building 4 5 0.062
65.750 52.750
65.750 53.000
66.000 53.000
66.000 52.750
Building 4 5 0.062
65.750 53.000
65.750 53.250
66.000 53.250
66.000 53.000
Building 4 5 0.062
65.750 53.250
65.750 53.500
66.000 53.500
66.000 53.250
Building 4 5 0.062
65.750 53.500
65.750 53.750
66.000 53.750
66.000 53.500
Building 4 5 0.062
65.750 53.750
65.750 54.000
66.000 54.000
66.000 53.750
Building 4 5 0.062
65.750 54.000
65.750 54.250
66.000 54.250
66.000 54.000
Building 4 5 0.062
65.750 54.250
65.750 54.500
66.000 54.500
66.000 54.250
Building 4 5 0.062
65.750 54.500
65.750 54.750
66.000 54.750
66.000 54.500
Building 4 5 0.062
65.750 54.750
65.750 55.000
66.000 55.000
66.000 54.750
Building 4 5 0.062
65.750 55.000
65.750 55.250
66.000 55.250
66.000 55.000
Building 4 5 0.062
65.750 55.250
65.750 55.500
66.000 55.500
66.000 55.250
Building 4 5 0.062
65.750 55.500
65.750 55.750
66.000 55.750
66.000 55.500
Building 4 5 0.062
65.750 55.750
65.750 56.000
66.000 56.000
66.000 55.750
Building 4 5 0.062
65.750 56.000
65.750 56.250
66.000 56.250
66.000 56.000
Building 4 5 0.062
65.750 56.250
65.750 56.500
66.000 56.500
66.000 56.250
Building 4 5 0.062
65.750 56.500
65.750 56.750
66.000 56.750
66.000 56.500
Building 4 5 0.062
65.750 56.750
65.750 57.000
66.000 57.000
66.000 56.750
Building 4 5 0.062
65.750 57.000
65.750 57.250
66.000 57.250
66.000 57.000
Building 4 5 0.062
65.750 57.250
65.750 57.500
66.000 57.500
66.000 57.250
Building 4 5 0.062
65.750 57.500
65.750 57.750
66.000 57.750
66.000 57.500
Building 4 5 0.062
65.750 57.750
65.750 58.000
66.000 58.000
66.000 57.750
Building 4 5 0.062
65.750 58.000
65.750 58.250
66.000 58.250
66.000 58.000
Building 4 5 0.062
65.750 58.250
65.750 58.500
66.000 58.500
66.000 58.250
Building 4 5 0.062
65.750 58.500
65.750 58.750
66.000 58.750
66.000 58.500
Building 4 5 0.062
65.750 58.750
65.750 59.000
66.000 59.000
66.000 58.750
Building 4 5 0.062
65.750 59.000
65.750 59.250
66.000 59.250
66.000 59.000
Building 4 5 0.062
65.750 59.250
65.750 59.500
66.000 59.500
66.000 59.250
Building 4 5 0.062
65.750 59.500
65.750 59.750
66.000 59.750
66.000 59.500
Building 4 5 0.062
65.750 59.750
65.750 60.000
66.000 60.000
66.000 59.750
Building 4 5 0.062
65.750 60.000
65.750 60.250
66.000 60.250
66.000 60.000
Building 4 5 0.062
65.750 60.250
65.750 60.500
66.000 60.500
66.000 60.250
Building 4 5 0.062
65.750 60.500
65.750 60.750
66.000 60.750
66.000 60.500
Building 4 5 0.062
65.750 60.750
65.750 61.000
66.000 61.000
66.000 60.750
Building 4 5 0.062
65.750 61.000
65.750 61.250
66.000 61.250
66.000 61.000
Building 4 5 0.062
65.750 61.250
65.750 61.500
66.000 61.500
66.000 61.250
Building 4 5 0.062
65.750 61.500
65.750 61.750
66.000 61.750
66.000 61.500
Building 4 5 0.062
65.750 61.750
65.750 62.000
66.000 62.000
66.000 61.750
Building 4 5 0.062
65.750 62.000
65.750 62.250
66.000 62.250
66.000 62.000
Building 4 5 0.062
65.750 62.250
65.750 62.500
66.000 62.500
66.000 62.250
Building 4 5 0.062
65.750 62.500
65.750 62.750
66.000 62.750
66.000 62.500
Building 4 5 0.062
65.750 62.750
65.750 63.000
66.000 63.000
66.000 62.750
Building 4 5 0.062
65.750 63.000
65.750 63.250
66.000 63.250
66.000 63.000
Building 4 5 0.062
65.750 63.250
65.750 63.500
66.000 63.500
66.000 63.250
Building 4 5 0.062
65.750 63.500
65.750 63.750
66.000 63.750
66.000 63.500
Building 4 5 0.062
66.000 64.000
66.000 63.750
65.750 63.750
65.750 64.000
Building 4 5 0.062
66.000 27.500
66.000 27.750
66.250 27.750
66.250 27.500
Building 4 5 0.062
66.000 27.750
66.000 28.000
66.250 28.000
66.250 27.750
Building 4 5 0.062
66.000 28.000
66.000 28.250
66.250 28.250
66.250 28.000
Building 4 5 0.062
66.000 28.250
66.000 28.500
66.250 28.500
66.250 28.250
Building 4 5 0.062
66.000 28.500
66.000 28.750
66.250 28.750
66.250 28.500
Building 4 5 0.062
66.000 28.750
66.000 29.000
66.250 29.000
66.250 28.750
Building 4 5 0.062
66.000 29.000
66.000 29.250
66.250 29.250
66.250 29.000
Building 4 5 0.062
66.000 29.250
66.000 29.500
66.250 29.500
66.250 29.250
Building 4 5 0.062
66.000 29.500
66.000 29.750
66.250 29.750
66.250 29.500
Building 4 5 0.062
66.000 29.750
66.000 30.000
66.250 30.000
66.250 29.750
Building 4 5 0.062
66.000 30.000
66.000 30.250
66.250 30.250
66.250 30.000
Building 4 5 0.062
66.000 30.250
66.000 30.500
66.250 30.500
66.250 30.250
Building 4 5 0.062
66.000 30.500
66.000 30.750
66.250 30.750
66.250 30.500
Building 4 5 0.062
66.000 30.750
66.000 31.000
66.250 31.000
66.250 30.750
Building 4 5 0.062
66.000 31.000
66.000 31.250
66.250 31.250
66.250 31.000
Building 4 5 0.062
66.000 31.250
66.000 31.500
66.250 31.500
66.250 31.250
Building 4 5 0.062
66.000 31.500
66.000 31.750
66.250 31.750
66.250 31.500
Building 4 5 0.062
66.000 31.750
66.000 32.000
66.250 32.000
66.250 31.750
Building 4 5 0.062
66.000 32.000
66.000 32.250
66.250 32.250
66.250 32.000
Building 4 5 0.062
66.000 32.250
66.000 32.500
66.250 32.500
66.250 32.250
Building 4 5 0.062
66.000 32.500
66.000 32.750
66.250 32.750
66.250 32.500
Building 4 5 0.062
66.000 32.750
66.000 33.000
66.250 33.000
66.250 32.750
Building 4 5 0.062
66.000 33.000
66.000 33.250
66.250 33.250
66.250 33.000
Building 4 5 0.062
66.000 33.250
66.000 33.500
66.250 33.500
66.250 33.250
Building 4 5 0.062
66.000 33.500
66.000 33.750
66.250 33.750
66.250 33.500
Building 4 5 0.062
66.000 33.750
66.000 34.000
66.250 34.000
66.250 33.750
Building 4 5 0.062
66.000 34.000
66.000 34.250
66.250 34.250
66.250 34.000
Building 4 5 0.062
66.000 34.250
66.000 34.500
66.250 34.500
66.250 34.250
Building 4 5 0.062
66.000 34.500
66.000 34.750
66.250 34.750
66.250 34.500
Building 4 5 0.062
66.000 34.750
66.000 35.000
66.250 35.000
66.250 34.750
Building 4 5 0.062
66.000 35.000
66.000 35.250
66.250 35.250
66.250 35.000
Building 4 5 0.062
66.000 35.250
66.000 35.500
66.250 35.500
66.250 35.250
Building 4 5 0.062
66.000 35.500
66.000 35.750
66.250 35.750
66.250 35.500
Building 4 5 0.062
66.000 35.750
66.000 36.000
66.250 36.000
66.250 35.750
Building 4 5 0.062
66.000 36.000
66.000 36.250
66.250 36.250
66.250 36.000
Building 4 5 0.062
66.000 36.250
66.000 36.500
66.250 36.500
66.250 36.250
Building 4 5 0.062
66.000 36.500
66.000 36.750
66.250 36.750
66.250 36.500
Building 4 5 0.062
66.000 36.750
66.000 37.000
66.250 37.000
66.250 36.750
Building 4 5 0.062
66.000 37.000
66.000 37.250
66.250 37.250
66.250 37.000
Building 4 5 0.062
66.000 37.250
66.000 37.500
66.250 37.500
66.250 37.250
Building 4 5 0.062
66.000 37.500
66.000 37.750
66.250 37.750
66.250 37.500
Building 4 5 0.062
66.000 37.750
66.000 38.000
66.250 38.000
66.250 37.750
Building 4 5 0.062
66.000 38.000
66.000 38.250
66.250 38.250
66.250 38.000
Building 4 5 0.062
66.000 38.250
66.000 38.500
66.250 38.500
66.250 38.250
Building 4 5 0.062
66.000 38.500
66.000 38.750
66.250 38.750
66.250 38.500
Building 4 5 0.062
66.000 38.750
66.000 39.000
66.250 39.000
66.250 38.750
Building 4 5 0.062
66.000 39.000
66.000 39.250
66.250 39.250
66.250 39.000
Building 4 5 0.062
66.000 39.250
66.000 39.500
66.250 39.500
66.250 39.250
Building 4 5 0.062
66.000 39.500
66.000 39.750
66.250 39.750
66.250 39.500
Building 4 5 0.062
66.000 39.750
66.000 40.000
66.250 40.000
66.250 39.750
Building 4 5 0.062
66.000 40.000
66.000 40.250
66.250 40.250
66.250 40.000
Building 4 5 0.062
66.000 40.250
66.000 40.500
66.250 40.500
66.250 40.250
Building 4 5 0.062
66.000 40.500
66.000 40.750
66.250 40.750
66.250 40.500
Building 4 5 0.062
66.000 40.750
66.000 41.000
66.250 41.000
66.250 40.750
Building 4 5 0.062
66.000 41.000
66.000 41.250
66.250 41.250
66.250 41.000
Building 4 5 0.062
66.000 41.250
66.000 41.500
66.250 41.500
66.250 41.250
Building 4 5 0.062
66.000 41.500
66.000 41.750
66.250 41.750
66.250 41.500
Building 4 5 0.062
66.000 41.750
66.000 42.000
66.250 42.000
66.250 41.750
Building 4 5 0.062
66.000 42.000
66.000 42.250
66.250 42.250
66.250 42.000
Building 4 5 0.062
66.000 42.250
66.000 42.500
66.250 42.500
66.250 42.250
Building 4 5 0.062
66.000 42.500
66.000 42.750
66.250 42.750
66.250 42.500
Building 4 5 0.062
66.000 42.750
66.000 43.000
66.250 43.000
66.250 42.750
Building 4 5 0.062
66.000 43.000
66.000 43.250
66.250 43.250
66.250 43.000
Building 4 5 0.062
66.000 43.250
66.000 43.500
66.250 43.500
66.250 43.250
Building 4 5 0.062
66.000 43.500
66.000 43.750
66.250 43.750
66.250 43.500
Building 4 5 0.062
66.000 43.750
66.000 44.000
66.250 44.000
66.250 43.750
Building 4 5 0.062
66.000 44.000
66.000 44.250
66.250 44.250
66.250 44.000
Building 4 5 0.062
66.000 44.250
66.000 44.500
66.250 44.500
66.250 44.250
Building 4 5 0.062
66.000 44.500
66.000 44.750
66.250 44.750
66.250 44.500
Building 4 5 0.062
66.000 44.750
66.000 45.000
66.250 45.000
66.250 44.750
Building 4 5 0.062
66.000 45.000
66.000 45.250
66.250 45.250
66.250 45.000
Building 4 5 0.062
66.000 45.250
66.000 45.500
66.250 45.500
66.250 45.250
Building 4 5 0.062
66.000 45.500
66.000 45.750
66.250 45.750
66.250 45.500
Building 4 5 0.062
66.000 45.750
66.000 46.000
66.250 46.000
66.250 45.750
Building 4 5 0.062
66.000 46.000
66.000 46.250
66.250 46.250
66.250 46.000
Building 4 5 0.062
66.000 46.250
66.000 46.500
66.250 46.500
66.250 46.250
Building 4 5 0.062
66.000 46.500
66.000 46.750
66.250 46.750
66.250 46.500
Building 4 5 0.062
66.000 46.750
66.000 47.000
66.250 47.000
66.250 46.750
Building 4 5 0.062
66.000 47.000
66.000 47.250
66.250 47.250
66.250 47.000
Building 4 5 0.062
66.000 47.250
66.000 47.500
66.250 47.500
66.250 47.250
Building 4 5 0.062
66.000 47.500
66.000 47.750
66.250 47.750
66.250 47.500
Building 4 5 0.062
66.000 47.750
66.000 48.000
66.250 48.000
66.250 47.750
Building 4 5 0.062
66.000 48.000
66.000 48.250
66.250 48.250
66.250 48.000
Building 4 5 0.062
66.000 48.250
66.000 48.500
66.250 48.500
66.250 48.250
Building 4 5 0.062
66.000 48.500
66.000 48.750
66.250 48.750
66.250 48.500
Building 4 5 0.062
66.000 48.750
66.000 49.000
66.250 49.000
66.250 48.750
Building 4 5 0.062
66.000 49.000
66.000 49.250
66.250 49.250
66.250 49.000
Building 4 5 0.062
66.000 49.250
66.000 49.500
66.250 49.500
66.250 49.250
Building 4 5 0.062
66.000 49.500
66.000 49.750
66.250 49.750
66.250 49.500
Building 4 5 0.062
66.000 49.750
66.000 50.000
66.250 50.000
66.250 49.750
Building 4 5 0.062
66.000 50.000
66.000 50.250
66.250 50.250
66.250 50.000
Building 4 5 0.062
66.000 50.250
66.000 50.500
66.250 50.500
66.250 50.250
Building 4 5 0.062
66.000 50.500
66.000 50.750
66.250 50.750
66.250 50.500
Building 4 5 0.062
66.000 50.750
66.000 51.000
66.250 51.000
66.250 50.750
Building 4 5 0.062
66.000 51.000
66.000 51.250
66.250 51.250
66.250 51.000
Building 4 5 0.062
66.000 51.250
66.000 51.500
66.250 51.500
66.250 51.250
Building 4 5 0.062
66.000 51.500
66.000 51.750
66.250 51.750
66.250 51.500
Building 4 5 0.062
66.000 51.750
66.000 52.000
66.250 52.000
66.250 51.750
Building 4 5 0.062
66.000 52.000
66.000 52.250
66.250 52.250
66.250 52.000
Building 4 5 0.062
66.000 52.250
66.000 52.500
66.250 52.500
66.250 52.250
Building 4 5 0.062
66.000 52.500
66.000 52.750
66.250 52.750
66.250 52.500
Building 4 5 0.062
66.000 52.750
66.000 53.000
66.250 53.000
66.250 52.750
Building 4 5 0.062
66.000 53.000
66.000 53.250
66.250 53.250
66.250 53.000
Building 4 5 0.062
66.000 53.250
66.000 53.500
66.250 53.500
66.250 53.250
Building 4 5 0.062
66.000 53.500
66.000 53.750
66.250 53.750
66.250 53.500
Building 4 5 0.062
66.000 53.750
66.000 54.000
66.250 54.000
66.250 53.750
Building 4 5 0.062
66.000 54.000
66.000 54.250
66.250 54.250
66.250 54.000
Building 4 5 0.062
66.000 54.250
66.000 54.500
66.250 54.500
66.250 54.250
Building 4 5 0.062
66.000 54.500
66.000 54.750
66.250 54.750
66.250 54.500
Building 4 5 0.062
66.000 54.750
66.000 55.000
66.250 55.000
66.250 54.750
Building 4 5 0.062
66.000 55.000
66.000 55.250
66.250 55.250
66.250 55.000
Building 4 5 0.062
66.000 55.250
66.000 55.500
66.250 55.500
66.250 55.250
Building 4 5 0.062
66.000 55.500
66.000 55.750
66.250 55.750
66.250 55.500
Building 4 5 0.062
66.000 55.750
66.000 56.000
66.250 56.000
66.250 55.750
Building 4 5 0.062
66.000 56.000
66.000 56.250
66.250 56.250
66.250 56.000
Building 4 5 0.062
66.000 56.250
66.000 56.500
66.250 56.500
66.250 56.250
Building 4 5 0.062
66.000 56.500
66.000 56.750
66.250 56.750
66.250 56.500
Building 4 5 0.062
66.000 56.750
66.000 57.000
66.250 57.000
66.250 56.750
Building 4 5 0.062
66.000 57.000
66.000 57.250
66.250 57.250
66.250 57.000
Building 4 5 0.062
66.000 57.250
66.000 57.500
66.250 57.500
66.250 57.250
Building 4 5 0.062
66.000 57.500
66.000 57.750
66.250 57.750
66.250 57.500
Building 4 5 0.062
66.000 57.750
66.000 58.000
66.250 58.000
66.250 57.750
Building 4 5 0.062
66.000 58.000
66.000 58.250
66.250 58.250
66.250 58.000
Building 4 5 0.062
66.000 58.250
66.000 58.500
66.250 58.500
66.250 58.250
Building 4 5 0.062
66.000 58.500
66.000 58.750
66.250 58.750
66.250 58.500
Building 4 5 0.062
66.000 58.750
66.000 59.000
66.250 59.000
66.250 58.750
Building 4 5 0.062
66.000 59.000
66.000 59.250
66.250 59.250
66.250 59.000
Building 4 5 0.062
66.000 59.250
66.000 59.500
66.250 59.500
66.250 59.250
Building 4 5 0.062
66.000 59.500
66.000 59.750
66.250 59.750
66.250 59.500
Building 4 5 0.062
66.000 59.750
66.000 60.000
66.250 60.000
66.250 59.750
Building 4 5 0.062
66.000 60.000
66.000 60.250
66.250 60.250
66.250 60.000
Building 4 5 0.062
66.000 60.250
66.000 60.500
66.250 60.500
66.250 60.250
Building 4 5 0.062
66.000 60.500
66.000 60.750
66.250 60.750
66.250 60.500
Building 4 5 0.062
66.000 60.750
66.000 61.000
66.250 61.000
66.250 60.750
Building 4 5 0.062
66.000 61.000
66.000 61.250
66.250 61.250
66.250 61.000
Building 4 5 0.062
66.000 61.250
66.000 61.500
66.250 61.500
66.250 61.250
Building 4 5 0.062
66.000 61.500
66.000 61.750
66.250 61.750
66.250 61.500
Building 4 5 0.062
66.000 61.750
66.000 62.000
66.250 62.000
66.250 61.750
Building 4 5 0.062
66.000 62.000
66.000 62.250
66.250 62.250
66.250 62.000
Building 4 5 0.062
66.000 62.250
66.000 62.500
66.250 62.500
66.250 62.250
Building 4 5 0.062
66.000 62.500
66.000 62.750
66.250 62.750
66.250 62.500
Building 4 5 0.062
66.000 62.750
66.000 63.000
66.250 63.000
66.250 62.750
Building 4 5 0.062
66.000 63.000
66.000 63.250
66.250 63.250
66.250 63.000
Building 4 5 0.062
66.000 63.250
66.000 63.500
66.250 63.500
66.250 63.250
Building 4 5 0.062
66.000 63.500
66.000 63.750
66.250 63.750
66.250 63.500
Building 4 5 0.062
66.250 64.000
66.250 63.750
66.000 63.750
66.000 64.000
Building 4 5 0.062
66.250 27.500
66.250 27.750
66.500 27.750
66.500 27.500
Building 4 5 0.062
66.250 27.750
66.250 28.000
66.500 28.000
66.500 27.750
Building 4 5 0.062
66.250 28.000
66.250 28.250
66.500 28.250
66.500 28.000
Building 4 5 0.062
66.250 28.250
66.250 28.500
66.500 28.500
66.500 28.250
Building 4 5 0.062
66.250 28.500
66.250 28.750
66.500 28.750
66.500 28.500
Building 4 5 0.062
66.250 28.750
66.250 29.000
66.500 29.000
66.500 28.750
Building 4 5 0.062
66.250 29.000
66.250 29.250
66.500 29.250
66.500 29.000
Building 4 5 0.062
66.250 29.250
66.250 29.500
66.500 29.500
66.500 29.250
Building 4 5 0.062
66.250 29.500
66.250 29.750
66.500 29.750
66.500 29.500
Building 4 5 0.062
66.250 29.750
66.250 30.000
66.500 30.000
66.500 29.750
Building 4 5 0.062
66.250 30.000
66.250 30.250
66.500 30.250
66.500 30.000
Building 4 5 0.062
66.250 30.250
66.250 30.500
66.500 30.500
66.500 30.250
Building 4 5 0.062
66.250 30.500
66.250 30.750
66.500 30.750
66.500 30.500
Building 4 5 0.062
66.250 30.750
66.250 31.000
66.500 31.000
66.500 30.750
Building 4 5 0.062
66.250 31.000
66.250 31.250
66.500 31.250
66.500 31.000
Building 4 5 0.062
66.250 31.250
66.250 31.500
66.500 31.500
66.500 31.250
Building 4 5 0.062
66.250 31.500
66.250 31.750
66.500 31.750
66.500 31.500
Building 4 5 0.062
66.250 31.750
66.250 32.000
66.500 32.000
66.500 31.750
Building 4 5 0.062
66.250 32.000
66.250 32.250
66.500 32.250
66.500 32.000
Building 4 5 0.062
66.250 32.250
66.250 32.500
66.500 32.500
66.500 32.250
Building 4 5 0.062
66.250 32.500
66.250 32.750
66.500 32.750
66.500 32.500
Building 4 5 0.062
66.250 32.750
66.250 33.000
66.500 33.000
66.500 32.750
Building 4 5 0.062
66.250 33.000
66.250 33.250
66.500 33.250
66.500 33.000
Building 4 5 0.062
66.250 33.250
66.250 33.500
66.500 33.500
66.500 33.250
Building 4 5 0.062
66.250 33.500
66.250 33.750
66.500 33.750
66.500 33.500
Building 4 5 0.062
66.250 33.750
66.250 34.000
66.500 34.000
66.500 33.750
Building 4 5 0.062
66.250 34.000
66.250 34.250
66.500 34.250
66.500 34.000
Building 4 5 0.062
66.250 34.250
66.250 34.500
66.500 34.500
66.500 34.250
Building 4 5 0.062
66.250 34.500
66.250 34.750
66.500 34.750
66.500 34.500
Building 4 5 0.062
66.250 34.750
66.250 35.000
66.500 35.000
66.500 34.750
Building 4 5 0.062
66.250 35.000
66.250 35.250
66.500 35.250
66.500 35.000
Building 4 5 0.062
66.250 35.250
66.250 35.500
66.500 35.500
66.500 35.250
Building 4 5 0.062
66.250 35.500
66.250 35.750
66.500 35.750
66.500 35.500
Building 4 5 0.062
66.250 35.750
66.250 36.000
66.500 36.000
66.500 35.750
Building 4 5 0.062
66.250 36.000
66.250 36.250
66.500 36.250
66.500 36.000
Building 4 5 0.062
66.250 36.250
66.250 36.500
66.500 36.500
66.500 36.250
Building 4 5 0.062
66.250 36.500
66.250 36.750
66.500 36.750
66.500 36.500
Building 4 5 0.062
66.250 36.750
66.250 37.000
66.500 37.000
66.500 36.750
Building 4 5 0.062
66.250 37.000
66.250 37.250
66.500 37.250
66.500 37.000
Building 4 5 0.062
66.250 37.250
66.250 37.500
66.500 37.500
66.500 37.250
Building 4 5 0.062
66.250 37.500
66.250 37.750
66.500 37.750
66.500 37.500
Building 4 5 0.062
66.250 37.750
66.250 38.000
66.500 38.000
66.500 37.750
Building 4 5 0.062
66.250 38.000
66.250 38.250
66.500 38.250
66.500 38.000
Building 4 5 0.062
66.250 38.250
66.250 38.500
66.500 38.500
66.500 38.250
Building 4 5 0.062
66.250 38.500
66.250 38.750
66.500 38.750
66.500 38.500
Building 4 5 0.062
66.250 38.750
66.250 39.000
66.500 39.000
66.500 38.750
Building 4 5 0.062
66.250 39.000
66.250 39.250
66.500 39.250
66.500 39.000
Building 4 5 0.062
66.250 39.250
66.250 39.500
66.500 39.500
66.500 39.250
Building 4 5 0.062
66.250 39.500
66.250 39.750
66.500 39.750
66.500 39.500
Building 4 5 0.062
66.250 39.750
66.250 40.000
66.500 40.000
66.500 39.750
Building 4 5 0.062
66.250 40.000
66.250 40.250
66.500 40.250
66.500 40.000
Building 4 5 0.062
66.250 40.250
66.250 40.500
66.500 40.500
66.500 40.250
Building 4 5 0.062
66.250 40.500
66.250 40.750
66.500 40.750
66.500 40.500
Building 4 5 0.062
66.250 40.750
66.250 41.000
66.500 41.000
66.500 40.750
Building 4 5 0.062
66.250 41.000
66.250 41.250
66.500 41.250
66.500 41.000
Building 4 5 0.062
66.250 41.250
66.250 41.500
66.500 41.500
66.500 41.250
Building 4 5 0.062
66.250 41.500
66.250 41.750
66.500 41.750
66.500 41.500
Building 4 5 0.062
66.250 41.750
66.250 42.000
66.500 42.000
66.500 41.750
Building 4 5 0.062
66.250 42.000
66.250 42.250
66.500 42.250
66.500 42.000
Building 4 5 0.062
66.250 42.250
66.250 42.500
66.500 42.500
66.500 42.250
Building 4 5 0.062
66.250 42.500
66.250 42.750
66.500 42.750
66.500 42.500
Building 4 5 0.062
66.250 42.750
66.250 43.000
66.500 43.000
66.500 42.750
Building 4 5 0.062
66.250 43.000
66.250 43.250
66.500 43.250
66.500 43.000
Building 4 5 0.062
66.250 43.250
66.250 43.500
66.500 43.500
66.500 43.250
Building 4 5 0.062
66.250 43.500
66.250 43.750
66.500 43.750
66.500 43.500
Building 4 5 0.062
66.250 43.750
66.250 44.000
66.500 44.000
66.500 43.750
Building 4 5 0.062
66.250 44.000
66.250 44.250
66.500 44.250
66.500 44.000
Building 4 5 0.062
66.250 44.250
66.250 44.500
66.500 44.500
66.500 44.250
Building 4 5 0.062
66.250 44.500
66.250 44.750
66.500 44.750
66.500 44.500
Building 4 5 0.062
66.250 44.750
66.250 45.000
66.500 45.000
66.500 44.750
Building 4 5 0.062
66.250 45.000
66.250 45.250
66.500 45.250
66.500 45.000
Building 4 5 0.062
66.250 45.250
66.250 45.500
66.500 45.500
66.500 45.250
Building 4 5 0.062
66.250 45.500
66.250 45.750
66.500 45.750
66.500 45.500
Building 4 5 0.062
66.250 45.750
66.250 46.000
66.500 46.000
66.500 45.750
Building 4 5 0.062
66.250 46.000
66.250 46.250
66.500 46.250
66.500 46.000
Building 4 5 0.062
66.250 46.250
66.250 46.500
66.500 46.500
66.500 46.250
Building 4 5 0.062
66.250 46.500
66.250 46.750
66.500 46.750
66.500 46.500
Building 4 5 0.062
66.250 46.750
66.250 47.000
66.500 47.000
66.500 46.750
Building 4 5 0.062
66.250 47.000
66.250 47.250
66.500 47.250
66.500 47.000
Building 4 5 0.062
66.250 47.250
66.250 47.500
66.500 47.500
66.500 47.250
Building 4 5 0.062
66.250 47.500
66.250 47.750
66.500 47.750
66.500 47.500
Building 4 5 0.062
66.250 47.750
66.250 48.000
66.500 48.000
66.500 47.750
Building 4 5 0.062
66.250 48.000
66.250 48.250
66.500 48.250
66.500 48.000
Building 4 5 0.062
66.250 48.250
66.250 48.500
66.500 48.500
66.500 48.250
Building 4 5 0.062
66.250 48.500
66.250 48.750
66.500 48.750
66.500 48.500
Building 4 5 0.062
66.250 48.750
66.250 49.000
66.500 49.000
66.500 48.750
Building 4 5 0.062
66.250 49.000
66.250 49.250
66.500 49.250
66.500 49.000
Building 4 5 0.062
66.250 49.250
66.250 49.500
66.500 49.500
66.500 49.250
Building 4 5 0.062
66.250 49.500
66.250 49.750
66.500 49.750
66.500 49.500
Building 4 5 0.062
66.250 49.750
66.250 50.000
66.500 50.000
66.500 49.750
Building 4 5 0.062
66.250 50.000
66.250 50.250
66.500 50.250
66.500 50.000
Building 4 5 0.062
66.250 50.250
66.250 50.500
66.500 50.500
66.500 50.250
Building 4 5 0.062
66.250 50.500
66.250 50.750
66.500 50.750
66.500 50.500
Building 4 5 0.062
66.250 50.750
66.250 51.000
66.500 51.000
66.500 50.750
Building 4 5 0.062
66.250 51.000
66.250 51.250
66.500 51.250
66.500 51.000
Building 4 5 0.062
66.250 51.250
66.250 51.500
66.500 51.500
66.500 51.250
Building 4 5 0.062
66.250 51.500
66.250 51.750
66.500 51.750
66.500 51.500
Building 4 5 0.062
66.250 51.750
66.250 52.000
66.500 52.000
66.500 51.750
Building 4 5 0.062
66.250 52.000
66.250 52.250
66.500 52.250
66.500 52.000
Building 4 5 0.062
66.250 52.250
66.250 52.500
66.500 52.500
66.500 52.250
Building 4 5 0.062
66.250 52.500
66.250 52.750
66.500 52.750
66.500 52.500
Building 4 5 0.062
66.250 52.750
66.250 53.000
66.500 53.000
66.500 52.750
Building 4 5 0.062
66.250 53.000
66.250 53.250
66.500 53.250
66.500 53.000
Building 4 5 0.062
66.250 53.250
66.250 53.500
66.500 53.500
66.500 53.250
Building 4 5 0.062
66.250 53.500
66.250 53.750
66.500 53.750
66.500 53.500
Building 4 5 0.062
66.250 53.750
66.250 54.000
66.500 54.000
66.500 53.750
Building 4 5 0.062
66.250 54.000
66.250 54.250
66.500 54.250
66.500 54.000
Building 4 5 0.062
66.250 54.250
66.250 54.500
66.500 54.500
66.500 54.250
Building 4 5 0.062
66.250 54.500
66.250 54.750
66.500 54.750
66.500 54.500
Building 4 5 0.062
66.250 54.750
66.250 55.000
66.500 55.000
66.500 54.750
Building 4 5 0.062
66.250 55.000
66.250 55.250
66.500 55.250
66.500 55.000
Building 4 5 0.062
66.250 55.250
66.250 55.500
66.500 55.500
66.500 55.250
Building 4 5 0.062
66.250 55.500
66.250 55.750
66.500 55.750
66.500 55.500
Building 4 5 0.062
66.250 55.750
66.250 56.000
66.500 56.000
66.500 55.750
Building 4 5 0.062
66.250 56.000
66.250 56.250
66.500 56.250
66.500 56.000
Building 4 5 0.062
66.250 56.250
66.250 56.500
66.500 56.500
66.500 56.250
Building 4 5 0.062
66.250 56.500
66.250 56.750
66.500 56.750
66.500 56.500
Building 4 5 0.062
66.250 56.750
66.250 57.000
66.500 57.000
66.500 56.750
Building 4 5 0.062
66.250 57.000
66.250 57.250
66.500 57.250
66.500 57.000
Building 4 5 0.062
66.250 57.250
66.250 57.500
66.500 57.500
66.500 57.250
Building 4 5 0.062
66.250 57.500
66.250 57.750
66.500 57.750
66.500 57.500
Building 4 5 0.062
66.250 57.750
66.250 58.000
66.500 58.000
66.500 57.750
Building 4 5 0.062
66.250 58.000
66.250 58.250
66.500 58.250
66.500 58.000
Building 4 5 0.062
66.250 58.250
66.250 58.500
66.500 58.500
66.500 58.250
Building 4 5 0.062
66.250 58.500
66.250 58.750
66.500 58.750
66.500 58.500
Building 4 5 0.062
66.250 58.750
66.250 59.000
66.500 59.000
66.500 58.750
Building 4 5 0.062
66.250 59.000
66.250 59.250
66.500 59.250
66.500 59.000
Building 4 5 0.062
66.250 59.250
66.250 59.500
66.500 59.500
66.500 59.250
Building 4 5 0.062
66.250 59.500
66.250 59.750
66.500 59.750
66.500 59.500
Building 4 5 0.062
66.250 59.750
66.250 60.000
66.500 60.000
66.500 59.750
Building 4 5 0.062
66.250 60.000
66.250 60.250
66.500 60.250
66.500 60.000
Building 4 5 0.062
66.250 60.250
66.250 60.500
66.500 60.500
66.500 60.250
Building 4 5 0.062
66.250 60.500
66.250 60.750
66.500 60.750
66.500 60.500
Building 4 5 0.062
66.250 60.750
66.250 61.000
66.500 61.000
66.500 60.750
Building 4 5 0.062
66.250 61.000
66.250 61.250
66.500 61.250
66.500 61.000
Building 4 5 0.062
66.250 61.250
66.250 61.500
66.500 61.500
66.500 61.250
Building 4 5 0.062
66.250 61.500
66.250 61.750
66.500 61.750
66.500 61.500
Building 4 5 0.062
66.250 61.750
66.250 62.000
66.500 62.000
66.500 61.750
Building 4 5 0.062
66.250 62.000
66.250 62.250
66.500 62.250
66.500 62.000
Building 4 5 0.062
66.250 62.250
66.250 62.500
66.500 62.500
66.500 62.250
Building 4 5 0.062
66.250 62.500
66.250 62.750
66.500 62.750
66.500 62.500
Building 4 5 0.062
66.250 62.750
66.250 63.000
66.500 63.000
66.500 62.750
Building 4 5 0.062
66.250 63.000
66.250 63.250
66.500 63.250
66.500 63.000
Building 4 5 0.062
66.250 63.250
66.250 63.500
66.500 63.500
66.500 63.250
Building 4 5 0.062
66.250 63.500
66.250 63.750
66.500 63.750
66.500 63.500
Building 4 5 0.062
66.500 64.000
66.500 63.750
66.250 63.750
66.250 64.000
Building 4 5 0.062
66.500 27.500
66.500 27.750
66.750 27.750
66.750 27.500
Building 4 5 0.062
66.500 27.750
66.500 28.000
66.750 28.000
66.750 27.750
Building 4 5 0.062
66.500 28.000
66.500 28.250
66.750 28.250
66.750 28.000
Building 4 5 0.062
66.500 28.250
66.500 28.500
66.750 28.500
66.750 28.250
Building 4 5 0.062
66.500 28.500
66.500 28.750
66.750 28.750
66.750 28.500
Building 4 5 0.062
66.500 28.750
66.500 29.000
66.750 29.000
66.750 28.750
Building 4 5 0.062
66.500 29.000
66.500 29.250
66.750 29.250
66.750 29.000
Building 4 5 0.062
66.500 29.250
66.500 29.500
66.750 29.500
66.750 29.250
Building 4 5 0.062
66.500 29.500
66.500 29.750
66.750 29.750
66.750 29.500
Building 4 5 0.062
66.500 29.750
66.500 30.000
66.750 30.000
66.750 29.750
Building 4 5 0.062
66.500 30.000
66.500 30.250
66.750 30.250
66.750 30.000
Building 4 5 0.062
66.500 30.250
66.500 30.500
66.750 30.500
66.750 30.250
Building 4 5 0.062
66.500 30.500
66.500 30.750
66.750 30.750
66.750 30.500
Building 4 5 0.062
66.500 30.750
66.500 31.000
66.750 31.000
66.750 30.750
Building 4 5 0.062
66.500 31.000
66.500 31.250
66.750 31.250
66.750 31.000
Building 4 5 0.062
66.500 31.250
66.500 31.500
66.750 31.500
66.750 31.250
Building 4 5 0.062
66.500 31.500
66.500 31.750
66.750 31.750
66.750 31.500
Building 4 5 0.062
66.500 31.750
66.500 32.000
66.750 32.000
66.750 31.750
Building 4 5 0.062
66.500 32.000
66.500 32.250
66.750 32.250
66.750 32.000
Building 4 5 0.062
66.500 32.250
66.500 32.500
66.750 32.500
66.750 32.250
Building 4 5 0.062
66.500 32.500
66.500 32.750
66.750 32.750
66.750 32.500
Building 4 5 0.062
66.500 32.750
66.500 33.000
66.750 33.000
66.750 32.750
Building 4 5 0.062
66.500 33.000
66.500 33.250
66.750 33.250
66.750 33.000
Building 4 5 0.062
66.500 33.250
66.500 33.500
66.750 33.500
66.750 33.250
Building 4 5 0.062
66.500 33.500
66.500 33.750
66.750 33.750
66.750 33.500
Building 4 5 0.062
66.500 33.750
66.500 34.000
66.750 34.000
66.750 33.750
Building 4 5 0.062
66.500 34.000
66.500 34.250
66.750 34.250
66.750 34.000
Building 4 5 0.062
66.500 34.250
66.500 34.500
66.750 34.500
66.750 34.250
Building 4 5 0.062
66.500 34.500
66.500 34.750
66.750 34.750
66.750 34.500
Building 4 5 0.062
66.500 34.750
66.500 35.000
66.750 35.000
66.750 34.750
Building 4 5 0.062
66.500 35.000
66.500 35.250
66.750 35.250
66.750 35.000
Building 4 5 0.062
66.500 35.250
66.500 35.500
66.750 35.500
66.750 35.250
Building 4 5 0.062
66.500 35.500
66.500 35.750
66.750 35.750
66.750 35.500
Building 4 5 0.062
66.500 35.750
66.500 36.000
66.750 36.000
66.750 35.750
Building 4 5 0.062
66.500 36.000
66.500 36.250
66.750 36.250
66.750 36.000
Building 4 5 0.062
66.500 36.250
66.500 36.500
66.750 36.500
66.750 36.250
Building 4 5 0.062
66.500 36.500
66.500 36.750
66.750 36.750
66.750 36.500
Building 4 5 0.062
66.500 36.750
66.500 37.000
66.750 37.000
66.750 36.750
Building 4 5 0.062
66.500 37.000
66.500 37.250
66.750 37.250
66.750 37.000
Building 4 5 0.062
66.500 37.250
66.500 37.500
66.750 37.500
66.750 37.250
Building 4 5 0.062
66.500 37.500
66.500 37.750
66.750 37.750
66.750 37.500
Building 4 5 0.062
66.500 37.750
66.500 38.000
66.750 38.000
66.750 37.750
Building 4 5 0.062
66.500 38.000
66.500 38.250
66.750 38.250
66.750 38.000
Building 4 5 0.062
66.500 38.250
66.500 38.500
66.750 38.500
66.750 38.250
Building 4 5 0.062
66.500 38.500
66.500 38.750
66.750 38.750
66.750 38.500
Building 4 5 0.062
66.500 38.750
66.500 39.000
66.750 39.000
66.750 38.750
Building 4 5 0.062
66.500 39.000
66.500 39.250
66.750 39.250
66.750 39.000
Building 4 5 0.062
66.500 39.250
66.500 39.500
66.750 39.500
66.750 39.250
Building 4 5 0.062
66.500 39.500
66.500 39.750
66.750 39.750
66.750 39.500
Building 4 5 0.062
66.500 39.750
66.500 40.000
66.750 40.000
66.750 39.750
Building 4 5 0.062
66.500 40.000
66.500 40.250
66.750 40.250
66.750 40.000
Building 4 5 0.062
66.500 40.250
66.500 40.500
66.750 40.500
66.750 40.250
Building 4 5 0.062
66.500 40.500
66.500 40.750
66.750 40.750
66.750 40.500
Building 4 5 0.062
66.500 40.750
66.500 41.000
66.750 41.000
66.750 40.750
Building 4 5 0.062
66.500 41.000
66.500 41.250
66.750 41.250
66.750 41.000
Building 4 5 0.062
66.500 41.250
66.500 41.500
66.750 41.500
66.750 41.250
Building 4 5 0.062
66.500 41.500
66.500 41.750
66.750 41.750
66.750 41.500
Building 4 5 0.062
66.500 41.750
66.500 42.000
66.750 42.000
66.750 41.750
Building 4 5 0.062
66.500 42.000
66.500 42.250
66.750 42.250
66.750 42.000
Building 4 5 0.062
66.500 42.250
66.500 42.500
66.750 42.500
66.750 42.250
Building 4 5 0.062
66.500 42.500
66.500 42.750
66.750 42.750
66.750 42.500
Building 4 5 0.062
66.500 42.750
66.500 43.000
66.750 43.000
66.750 42.750
Building 4 5 0.062
66.500 43.000
66.500 43.250
66.750 43.250
66.750 43.000
Building 4 5 0.062
66.500 43.250
66.500 43.500
66.750 43.500
66.750 43.250
Building 4 5 0.062
66.500 43.500
66.500 43.750
66.750 43.750
66.750 43.500
Building 4 5 0.062
66.500 43.750
66.500 44.000
66.750 44.000
66.750 43.750
Building 4 5 0.062
66.500 44.000
66.500 44.250
66.750 44.250
66.750 44.000
Building 4 5 0.062
66.500 44.250
66.500 44.500
66.750 44.500
66.750 44.250
Building 4 5 0.062
66.500 44.500
66.500 44.750
66.750 44.750
66.750 44.500
Building 4 5 0.062
66.500 44.750
66.500 45.000
66.750 45.000
66.750 44.750
Building 4 5 0.062
66.500 45.000
66.500 45.250
66.750 45.250
66.750 45.000
Building 4 5 0.062
66.500 45.250
66.500 45.500
66.750 45.500
66.750 45.250
Building 4 5 0.062
66.500 45.500
66.500 45.750
66.750 45.750
66.750 45.500
Building 4 5 0.062
66.500 45.750
66.500 46.000
66.750 46.000
66.750 45.750
Building 4 5 0.062
66.500 46.000
66.500 46.250
66.750 46.250
66.750 46.000
Building 4 5 0.062
66.500 46.250
66.500 46.500
66.750 46.500
66.750 46.250
Building 4 5 0.062
66.500 46.500
66.500 46.750
66.750 46.750
66.750 46.500
Building 4 5 0.062
66.500 46.750
66.500 47.000
66.750 47.000
66.750 46.750
Building 4 5 0.062
66.500 47.000
66.500 47.250
66.750 47.250
66.750 47.000
Building 4 5 0.062
66.500 47.250
66.500 47.500
66.750 47.500
66.750 47.250
Building 4 5 0.062
66.500 47.500
66.500 47.750
66.750 47.750
66.750 47.500
Building 4 5 0.062
66.500 47.750
66.500 48.000
66.750 48.000
66.750 47.750
Building 4 5 0.062
66.500 48.000
66.500 48.250
66.750 48.250
66.750 48.000
Building 4 5 0.062
66.500 48.250
66.500 48.500
66.750 48.500
66.750 48.250
Building 4 5 0.062
66.500 48.500
66.500 48.750
66.750 48.750
66.750 48.500
Building 4 5 0.062
66.500 48.750
66.500 49.000
66.750 49.000
66.750 48.750
Building 4 5 0.062
66.500 49.000
66.500 49.250
66.750 49.250
66.750 49.000
Building 4 5 0.062
66.500 49.250
66.500 49.500
66.750 49.500
66.750 49.250
Building 4 5 0.062
66.500 49.500
66.500 49.750
66.750 49.750
66.750 49.500
Building 4 5 0.062
66.500 49.750
66.500 50.000
66.750 50.000
66.750 49.750
Building 4 5 0.062
66.500 50.000
66.500 50.250
66.750 50.250
66.750 50.000
Building 4 5 0.062
66.500 50.250
66.500 50.500
66.750 50.500
66.750 50.250
Building 4 5 0.062
66.500 50.500
66.500 50.750
66.750 50.750
66.750 50.500
Building 4 5 0.062
66.500 50.750
66.500 51.000
66.750 51.000
66.750 50.750
Building 4 5 0.062
66.500 51.000
66.500 51.250
66.750 51.250
66.750 51.000
Building 4 5 0.062
66.500 51.250
66.500 51.500
66.750 51.500
66.750 51.250
Building 4 5 0.062
66.500 51.500
66.500 51.750
66.750 51.750
66.750 51.500
Building 4 5 0.062
66.500 51.750
66.500 52.000
66.750 52.000
66.750 51.750
Building 4 5 0.062
66.500 52.000
66.500 52.250
66.750 52.250
66.750 52.000
Building 4 5 0.062
66.500 52.250
66.500 52.500
66.750 52.500
66.750 52.250
Building 4 5 0.062
66.500 52.500
66.500 52.750
66.750 52.750
66.750 52.500
Building 4 5 0.062
66.500 52.750
66.500 53.000
66.750 53.000
66.750 52.750
Building 4 5 0.062
66.500 53.000
66.500 53.250
66.750 53.250
66.750 53.000
Building 4 5 0.062
66.500 53.250
66.500 53.500
66.750 53.500
66.750 53.250
Building 4 5 0.062
66.500 53.500
66.500 53.750
66.750 53.750
66.750 53.500
Building 4 5 0.062
66.500 53.750
66.500 54.000
66.750 54.000
66.750 53.750
Building 4 5 0.062
66.500 54.000
66.500 54.250
66.750 54.250
66.750 54.000
Building 4 5 0.062
66.500 54.250
66.500 54.500
66.750 54.500
66.750 54.250
Building 4 5 0.062
66.500 54.500
66.500 54.750
66.750 54.750
66.750 54.500
Building 4 5 0.062
66.500 54.750
66.500 55.000
66.750 55.000
66.750 54.750
Building 4 5 0.062
66.500 55.000
66.500 55.250
66.750 55.250
66.750 55.000
Building 4 5 0.062
66.500 55.250
66.500 55.500
66.750 55.500
66.750 55.250
Building 4 5 0.062
66.500 55.500
66.500 55.750
66.750 55.750
66.750 55.500
Building 4 5 0.062
66.500 55.750
66.500 56.000
66.750 56.000
66.750 55.750
Building 4 5 0.062
66.500 56.000
66.500 56.250
66.750 56.250
66.750 56.000
Building 4 5 0.062
66.500 56.250
66.500 56.500
66.750 56.500
66.750 56.250
Building 4 5 0.062
66.500 56.500
66.500 56.750
66.750 56.750
66.750 56.500
Building 4 5 0.062
66.500 56.750
66.500 57.000
66.750 57.000
66.750 56.750
Building 4 5 0.062
66.500 57.000
66.500 57.250
66.750 57.250
66.750 57.000
Building 4 5 0.062
66.500 57.250
66.500 57.500
66.750 57.500
66.750 57.250
Building 4 5 0.062
66.500 57.500
66.500 57.750
66.750 57.750
66.750 57.500
Building 4 5 0.062
66.500 57.750
66.500 58.000
66.750 58.000
66.750 57.750
Building 4 5 0.062
66.500 58.000
66.500 58.250
66.750 58.250
66.750 58.000
Building 4 5 0.062
66.500 58.250
66.500 58.500
66.750 58.500
66.750 58.250
Building 4 5 0.062
66.500 58.500
66.500 58.750
66.750 58.750
66.750 58.500
Building 4 5 0.062
66.500 58.750
66.500 59.000
66.750 59.000
66.750 58.750
Building 4 5 0.062
66.500 59.000
66.500 59.250
66.750 59.250
66.750 59.000
Building 4 5 0.062
66.500 59.250
66.500 59.500
66.750 59.500
66.750 59.250
Building 4 5 0.062
66.500 59.500
66.500 59.750
66.750 59.750
66.750 59.500
Building 4 5 0.062
66.500 59.750
66.500 60.000
66.750 60.000
66.750 59.750
Building 4 5 0.062
66.500 60.000
66.500 60.250
66.750 60.250
66.750 60.000
Building 4 5 0.062
66.500 60.250
66.500 60.500
66.750 60.500
66.750 60.250
Building 4 5 0.062
66.500 60.500
66.500 60.750
66.750 60.750
66.750 60.500
Building 4 5 0.062
66.500 60.750
66.500 61.000
66.750 61.000
66.750 60.750
Building 4 5 0.062
66.500 61.000
66.500 61.250
66.750 61.250
66.750 61.000
Building 4 5 0.062
66.500 61.250
66.500 61.500
66.750 61.500
66.750 61.250
Building 4 5 0.062
66.500 61.500
66.500 61.750
66.750 61.750
66.750 61.500
Building 4 5 0.062
66.500 61.750
66.500 62.000
66.750 62.000
66.750 61.750
Building 4 5 0.062
66.500 62.000
66.500 62.250
66.750 62.250
66.750 62.000
Building 4 5 0.062
66.500 62.250
66.500 62.500
66.750 62.500
66.750 62.250
Building 4 5 0.062
66.500 62.500
66.500 62.750
66.750 62.750
66.750 62.500
Building 4 5 0.062
66.500 62.750
66.500 63.000
66.750 63.000
66.750 62.750
Building 4 5 0.062
66.500 63.000
66.500 63.250
66.750 63.250
66.750 63.000
Building 4 5 0.062
66.500 63.250
66.500 63.500
66.750 63.500
66.750 63.250
Building 4 5 0.062
66.500 63.500
66.500 63.750
66.750 63.750
66.750 63.500
Building 4 5 0.062
66.750 64.000
66.750 63.750
66.500 63.750
66.500 64.000
Building 4 5 0.062
66.750 27.500
66.750 27.750
67.000 27.750
67.000 27.500
Building 4 5 0.062
66.750 27.750
66.750 28.000
67.000 28.000
67.000 27.750
Building 4 5 0.062
66.750 28.000
66.750 28.250
67.000 28.250
67.000 28.000
Building 4 5 0.062
66.750 28.250
66.750 28.500
67.000 28.500
67.000 28.250
Building 4 5 0.062
66.750 28.500
66.750 28.750
67.000 28.750
67.000 28.500
Building 4 5 0.062
66.750 28.750
66.750 29.000
67.000 29.000
67.000 28.750
Building 4 5 0.062
66.750 29.000
66.750 29.250
67.000 29.250
67.000 29.000
Building 4 5 0.062
66.750 29.250
66.750 29.500
67.000 29.500
67.000 29.250
Building 4 5 0.062
66.750 29.500
66.750 29.750
67.000 29.750
67.000 29.500
Building 4 5 0.062
66.750 29.750
66.750 30.000
67.000 30.000
67.000 29.750
Building 4 5 0.062
66.750 30.000
66.750 30.250
67.000 30.250
67.000 30.000
Building 4 5 0.062
66.750 30.250
66.750 30.500
67.000 30.500
67.000 30.250
Building 4 5 0.062
66.750 30.500
66.750 30.750
67.000 30.750
67.000 30.500
Building 4 5 0.062
66.750 30.750
66.750 31.000
67.000 31.000
67.000 30.750
Building 4 5 0.062
66.750 31.000
66.750 31.250
67.000 31.250
67.000 31.000
Building 4 5 0.062
66.750 31.250
66.750 31.500
67.000 31.500
67.000 31.250
Building 4 5 0.062
66.750 31.500
66.750 31.750
67.000 31.750
67.000 31.500
Building 4 5 0.062
66.750 31.750
66.750 32.000
67.000 32.000
67.000 31.750
Building 4 5 0.062
66.750 32.000
66.750 32.250
67.000 32.250
67.000 32.000
Building 4 5 0.062
66.750 32.250
66.750 32.500
67.000 32.500
67.000 32.250
Building 4 5 0.062
66.750 32.500
66.750 32.750
67.000 32.750
67.000 32.500
Building 4 5 0.062
66.750 32.750
66.750 33.000
67.000 33.000
67.000 32.750
Building 4 5 0.062
66.750 33.000
66.750 33.250
67.000 33.250
67.000 33.000
Building 4 5 0.062
66.750 33.250
66.750 33.500
67.000 33.500
67.000 33.250
Building 4 5 0.062
66.750 33.500
66.750 33.750
67.000 33.750
67.000 33.500
Building 4 5 0.062
66.750 33.750
66.750 34.000
67.000 34.000
67.000 33.750
Building 4 5 0.062
66.750 34.000
66.750 34.250
67.000 34.250
67.000 34.000
Building 4 5 0.062
66.750 34.250
66.750 34.500
67.000 34.500
67.000 34.250
Building 4 5 0.062
66.750 34.500
66.750 34.750
67.000 34.750
67.000 34.500
Building 4 5 0.062
66.750 34.750
66.750 35.000
67.000 35.000
67.000 34.750
Building 4 5 0.062
66.750 35.000
66.750 35.250
67.000 35.250
67.000 35.000
Building 4 5 0.062
66.750 35.250
66.750 35.500
67.000 35.500
67.000 35.250
Building 4 5 0.062
66.750 35.500
66.750 35.750
67.000 35.750
67.000 35.500
Building 4 5 0.062
66.750 35.750
66.750 36.000
67.000 36.000
67.000 35.750
Building 4 5 0.062
66.750 36.000
66.750 36.250
67.000 36.250
67.000 36.000
Building 4 5 0.062
66.750 36.250
66.750 36.500
67.000 36.500
67.000 36.250
Building 4 5 0.062
66.750 36.500
66.750 36.750
67.000 36.750
67.000 36.500
Building 4 5 0.062
66.750 36.750
66.750 37.000
67.000 37.000
67.000 36.750
Building 4 5 0.062
66.750 37.000
66.750 37.250
67.000 37.250
67.000 37.000
Building 4 5 0.062
66.750 37.250
66.750 37.500
67.000 37.500
67.000 37.250
Building 4 5 0.062
66.750 37.500
66.750 37.750
67.000 37.750
67.000 37.500
Building 4 5 0.062
66.750 37.750
66.750 38.000
67.000 38.000
67.000 37.750
Building 4 5 0.062
66.750 38.000
66.750 38.250
67.000 38.250
67.000 38.000
Building 4 5 0.062
66.750 38.250
66.750 38.500
67.000 38.500
67.000 38.250
Building 4 5 0.062
66.750 38.500
66.750 38.750
67.000 38.750
67.000 38.500
Building 4 5 0.062
66.750 38.750
66.750 39.000
67.000 39.000
67.000 38.750
Building 4 5 0.062
66.750 39.000
66.750 39.250
67.000 39.250
67.000 39.000
Building 4 5 0.062
66.750 39.250
66.750 39.500
67.000 39.500
67.000 39.250
Building 4 5 0.062
66.750 39.500
66.750 39.750
67.000 39.750
67.000 39.500
Building 4 5 0.062
66.750 39.750
66.750 40.000
67.000 40.000
67.000 39.750
Building 4 5 0.062
66.750 40.000
66.750 40.250
67.000 40.250
67.000 40.000
Building 4 5 0.062
66.750 40.250
66.750 40.500
67.000 40.500
67.000 40.250
Building 4 5 0.062
66.750 40.500
66.750 40.750
67.000 40.750
67.000 40.500
Building 4 5 0.062
66.750 40.750
66.750 41.000
67.000 41.000
67.000 40.750
Building 4 5 0.062
66.750 41.000
66.750 41.250
67.000 41.250
67.000 41.000
Building 4 5 0.062
66.750 41.250
66.750 41.500
67.000 41.500
67.000 41.250
Building 4 5 0.062
66.750 41.500
66.750 41.750
67.000 41.750
67.000 41.500
Building 4 5 0.062
66.750 41.750
66.750 42.000
67.000 42.000
67.000 41.750
Building 4 5 0.062
66.750 42.000
66.750 42.250
67.000 42.250
67.000 42.000
Building 4 5 0.062
66.750 42.250
66.750 42.500
67.000 42.500
67.000 42.250
Building 4 5 0.062
66.750 42.500
66.750 42.750
67.000 42.750
67.000 42.500
Building 4 5 0.062
66.750 42.750
66.750 43.000
67.000 43.000
67.000 42.750
Building 4 5 0.062
66.750 43.000
66.750 43.250
67.000 43.250
67.000 43.000
Building 4 5 0.062
66.750 43.250
66.750 43.500
67.000 43.500
67.000 43.250
Building 4 5 0.062
66.750 43.500
66.750 43.750
67.000 43.750
67.000 43.500
Building 4 5 0.062
66.750 43.750
66.750 44.000
67.000 44.000
67.000 43.750
Building 4 5 0.062
66.750 44.000
66.750 44.250
67.000 44.250
67.000 44.000
Building 4 5 0.062
66.750 44.250
66.750 44.500
67.000 44.500
67.000 44.250
Building 4 5 0.062
66.750 44.500
66.750 44.750
67.000 44.750
67.000 44.500
Building 4 5 0.062
66.750 44.750
66.750 45.000
67.000 45.000
67.000 44.750
Building 4 5 0.062
66.750 45.000
66.750 45.250
67.000 45.250
67.000 45.000
Building 4 5 0.062
66.750 45.250
66.750 45.500
67.000 45.500
67.000 45.250
Building 4 5 0.062
66.750 45.500
66.750 45.750
67.000 45.750
67.000 45.500
Building 4 5 0.062
66.750 45.750
66.750 46.000
67.000 46.000
67.000 45.750
Building 4 5 0.062
66.750 46.000
66.750 46.250
67.000 46.250
67.000 46.000
Building 4 5 0.062
66.750 46.250
66.750 46.500
67.000 46.500
67.000 46.250
Building 4 5 0.062
66.750 46.500
66.750 46.750
67.000 46.750
67.000 46.500
Building 4 5 0.062
66.750 46.750
66.750 47.000
67.000 47.000
67.000 46.750
Building 4 5 0.062
66.750 47.000
66.750 47.250
67.000 47.250
67.000 47.000
Building 4 5 0.062
66.750 47.250
66.750 47.500
67.000 47.500
67.000 47.250
Building 4 5 0.062
66.750 47.500
66.750 47.750
67.000 47.750
67.000 47.500
Building 4 5 0.062
66.750 47.750
66.750 48.000
67.000 48.000
67.000 47.750
Building 4 5 0.062
66.750 48.000
66.750 48.250
67.000 48.250
67.000 48.000
Building 4 5 0.062
66.750 48.250
66.750 48.500
67.000 48.500
67.000 48.250
Building 4 5 0.062
66.750 48.500
66.750 48.750
67.000 48.750
67.000 48.500
Building 4 5 0.062
66.750 48.750
66.750 49.000
67.000 49.000
67.000 48.750
Building 4 5 0.062
66.750 49.000
66.750 49.250
67.000 49.250
67.000 49.000
Building 4 5 0.062
66.750 49.250
66.750 49.500
67.000 49.500
67.000 49.250
Building 4 5 0.062
66.750 49.500
66.750 49.750
67.000 49.750
67.000 49.500
Building 4 5 0.062
66.750 49.750
66.750 50.000
67.000 50.000
67.000 49.750
Building 4 5 0.062
66.750 50.000
66.750 50.250
67.000 50.250
67.000 50.000
Building 4 5 0.062
66.750 50.250
66.750 50.500
67.000 50.500
67.000 50.250
Building 4 5 0.062
66.750 50.500
66.750 50.750
67.000 50.750
67.000 50.500
Building 4 5 0.062
66.750 50.750
66.750 51.000
67.000 51.000
67.000 50.750
Building 4 5 0.062
66.750 51.000
66.750 51.250
67.000 51.250
67.000 51.000
Building 4 5 0.062
66.750 51.250
66.750 51.500
67.000 51.500
67.000 51.250
Building 4 5 0.062
66.750 51.500
66.750 51.750
67.000 51.750
67.000 51.500
Building 4 5 0.062
66.750 51.750
66.750 52.000
67.000 52.000
67.000 51.750
Building 4 5 0.062
66.750 52.000
66.750 52.250
67.000 52.250
67.000 52.000
Building 4 5 0.062
66.750 52.250
66.750 52.500
67.000 52.500
67.000 52.250
Building 4 5 0.062
66.750 52.500
66.750 52.750
67.000 52.750
67.000 52.500
Building 4 5 0.062
66.750 52.750
66.750 53.000
67.000 53.000
67.000 52.750
Building 4 5 0.062
66.750 53.000
66.750 53.250
67.000 53.250
67.000 53.000
Building 4 5 0.062
66.750 53.250
66.750 53.500
67.000 53.500
67.000 53.250
Building 4 5 0.062
66.750 53.500
66.750 53.750
67.000 53.750
67.000 53.500
Building 4 5 0.062
66.750 53.750
66.750 54.000
67.000 54.000
67.000 53.750
Building 4 5 0.062
66.750 54.000
66.750 54.250
67.000 54.250
67.000 54.000
Building 4 5 0.062
66.750 54.250
66.750 54.500
67.000 54.500
67.000 54.250
Building 4 5 0.062
66.750 54.500
66.750 54.750
67.000 54.750
67.000 54.500
Building 4 5 0.062
66.750 54.750
66.750 55.000
67.000 55.000
67.000 54.750
Building 4 5 0.062
66.750 55.000
66.750 55.250
67.000 55.250
67.000 55.000
Building 4 5 0.062
66.750 55.250
66.750 55.500
67.000 55.500
67.000 55.250
Building 4 5 0.062
66.750 55.500
66.750 55.750
67.000 55.750
67.000 55.500
Building 4 5 0.062
66.750 55.750
66.750 56.000
67.000 56.000
67.000 55.750
Building 4 5 0.062
66.750 56.000
66.750 56.250
67.000 56.250
67.000 56.000
Building 4 5 0.062
66.750 56.250
66.750 56.500
67.000 56.500
67.000 56.250
Building 4 5 0.062
66.750 56.500
66.750 56.750
67.000 56.750
67.000 56.500
Building 4 5 0.062
66.750 56.750
66.750 57.000
67.000 57.000
67.000 56.750
Building 4 5 0.062
66.750 57.000
66.750 57.250
67.000 57.250
67.000 57.000
Building 4 5 0.062
66.750 57.250
66.750 57.500
67.000 57.500
67.000 57.250
Building 4 5 0.062
66.750 57.500
66.750 57.750
67.000 57.750
67.000 57.500
Building 4 5 0.062
66.750 57.750
66.750 58.000
67.000 58.000
67.000 57.750
Building 4 5 0.062
66.750 58.000
66.750 58.250
67.000 58.250
67.000 58.000
Building 4 5 0.062
66.750 58.250
66.750 58.500
67.000 58.500
67.000 58.250
Building 4 5 0.062
66.750 58.500
66.750 58.750
67.000 58.750
67.000 58.500
Building 4 5 0.062
66.750 58.750
66.750 59.000
67.000 59.000
67.000 58.750
Building 4 5 0.062
66.750 59.000
66.750 59.250
67.000 59.250
67.000 59.000
Building 4 5 0.062
66.750 59.250
66.750 59.500
67.000 59.500
67.000 59.250
Building 4 5 0.062
66.750 59.500
66.750 59.750
67.000 59.750
67.000 59.500
Building 4 5 0.062
66.750 59.750
66.750 60.000
67.000 60.000
67.000 59.750
Building 4 5 0.062
66.750 60.000
66.750 60.250
67.000 60.250
67.000 60.000
Building 4 5 0.062
66.750 60.250
66.750 60.500
67.000 60.500
67.000 60.250
Building 4 5 0.062
66.750 60.500
66.750 60.750
67.000 60.750
67.000 60.500
Building 4 5 0.062
66.750 60.750
66.750 61.000
67.000 61.000
67.000 60.750
Building 4 5 0.062
66.750 61.000
66.750 61.250
67.000 61.250
67.000 61.000
Building 4 5 0.062
66.750 61.250
66.750 61.500
67.000 61.500
67.000 61.250
Building 4 5 0.062
66.750 61.500
66.750 61.750
67.000 61.750
67.000 61.500
Building 4 5 0.062
66.750 61.750
66.750 62.000
67.000 62.000
67.000 61.750
Building 4 5 0.062
66.750 62.000
66.750 62.250
67.000 62.250
67.000 62.000
Building 4 5 0.062
66.750 62.250
66.750 62.500
67.000 62.500
67.000 62.250
Building 4 5 0.062
66.750 62.500
66.750 62.750
67.000 62.750
67.000 62.500
Building 4 5 0.062
66.750 62.750
66.750 63.000
67.000 63.000
67.000 62.750
Building 4 5 0.062
66.750 63.000
66.750 63.250
67.000 63.250
67.000 63.000
Building 4 5 0.062
66.750 63.250
66.750 63.500
67.000 63.500
67.000 63.250
Building 4 5 0.062
66.750 63.500
66.750 63.750
67.000 63.750
67.000 63.500
Building 4 5 0.062
67.000 64.000
67.000 63.750
66.750 63.750
66.750 64.000
Building 4 5 0.062
67.000 27.500
67.000 27.750
67.250 27.750
67.250 27.500
Building 4 5 0.062
67.000 27.750
67.000 28.000
67.250 28.000
67.250 27.750
Building 4 5 0.062
67.000 28.000
67.000 28.250
67.250 28.250
67.250 28.000
Building 4 5 0.062
67.000 28.250
67.000 28.500
67.250 28.500
67.250 28.250
Building 4 5 0.062
67.000 28.500
67.000 28.750
67.250 28.750
67.250 28.500
Building 4 5 0.062
67.000 28.750
67.000 29.000
67.250 29.000
67.250 28.750
Building 4 5 0.062
67.000 29.000
67.000 29.250
67.250 29.250
67.250 29.000
Building 4 5 0.062
67.000 29.250
67.000 29.500
67.250 29.500
67.250 29.250
Building 4 5 0.062
67.000 29.500
67.000 29.750
67.250 29.750
67.250 29.500
Building 4 5 0.062
67.000 29.750
67.000 30.000
67.250 30.000
67.250 29.750
Building 4 5 0.062
67.000 30.000
67.000 30.250
67.250 30.250
67.250 30.000
Building 4 5 0.062
67.000 30.250
67.000 30.500
67.250 30.500
67.250 30.250
Building 4 5 0.062
67.000 30.500
67.000 30.750
67.250 30.750
67.250 30.500
Building 4 5 0.062
67.000 30.750
67.000 31.000
67.250 31.000
67.250 30.750
Building 4 5 0.062
67.000 31.000
67.000 31.250
67.250 31.250
67.250 31.000
Building 4 5 0.062
67.000 31.250
67.000 31.500
67.250 31.500
67.250 31.250
Building 4 5 0.062
67.000 31.500
67.000 31.750
67.250 31.750
67.250 31.500
Building 4 5 0.062
67.000 31.750
67.000 32.000
67.250 32.000
67.250 31.750
Building 4 5 0.062
67.000 32.000
67.000 32.250
67.250 32.250
67.250 32.000
Building 4 5 0.062
67.000 32.250
67.000 32.500
67.250 32.500
67.250 32.250
Building 4 5 0.062
67.000 32.500
67.000 32.750
67.250 32.750
67.250 32.500
Building 4 5 0.062
67.000 32.750
67.000 33.000
67.250 33.000
67.250 32.750
Building 4 5 0.062
67.000 33.000
67.000 33.250
67.250 33.250
67.250 33.000
Building 4 5 0.062
67.000 33.250
67.000 33.500
67.250 33.500
67.250 33.250
Building 4 5 0.062
67.000 33.500
67.000 33.750
67.250 33.750
67.250 33.500
Building 4 5 0.062
67.000 33.750
67.000 34.000
67.250 34.000
67.250 33.750
Building 4 5 0.062
67.000 34.000
67.000 34.250
67.250 34.250
67.250 34.000
Building 4 5 0.062
67.000 34.250
67.000 34.500
67.250 34.500
67.250 34.250
Building 4 5 0.062
67.000 34.500
67.000 34.750
67.250 34.750
67.250 34.500
Building 4 5 0.062
67.000 34.750
67.000 35.000
67.250 35.000
67.250 34.750
Building 4 5 0.062
67.000 35.000
67.000 35.250
67.250 35.250
67.250 35.000
Building 4 5 0.062
67.000 35.250
67.000 35.500
67.250 35.500
67.250 35.250
Building 4 5 0.062
67.000 35.500
67.000 35.750
67.250 35.750
67.250 35.500
Building 4 5 0.062
67.000 35.750
67.000 36.000
67.250 36.000
67.250 35.750
Building 4 5 0.062
67.000 36.000
67.000 36.250
67.250 36.250
67.250 36.000
Building 4 5 0.062
67.000 36.250
67.000 36.500
67.250 36.500
67.250 36.250
Building 4 5 0.062
67.000 36.500
67.000 36.750
67.250 36.750
67.250 36.500
Building 4 5 0.062
67.000 36.750
67.000 37.000
67.250 37.000
67.250 36.750
Building 4 5 0.062
67.000 37.000
67.000 37.250
67.250 37.250
67.250 37.000
Building 4 5 0.062
67.000 37.250
67.000 37.500
67.250 37.500
67.250 37.250
Building 4 5 0.062
67.000 37.500
67.000 37.750
67.250 37.750
67.250 37.500
Building 4 5 0.062
67.000 37.750
67.000 38.000
67.250 38.000
67.250 37.750
Building 4 5 0.062
67.000 38.000
67.000 38.250
67.250 38.250
67.250 38.000
Building 4 5 0.062
67.000 38.250
67.000 38.500
67.250 38.500
67.250 38.250
Building 4 5 0.062
67.000 38.500
67.000 38.750
67.250 38.750
67.250 38.500
Building 4 5 0.062
67.000 38.750
67.000 39.000
67.250 39.000
67.250 38.750
Building 4 5 0.062
67.000 39.000
67.000 39.250
67.250 39.250
67.250 39.000
Building 4 5 0.062
67.000 39.250
67.000 39.500
67.250 39.500
67.250 39.250
Building 4 5 0.062
67.000 39.500
67.000 39.750
67.250 39.750
67.250 39.500
Building 4 5 0.062
67.000 39.750
67.000 40.000
67.250 40.000
67.250 39.750
Building 4 5 0.062
67.000 40.000
67.000 40.250
67.250 40.250
67.250 40.000
Building 4 5 0.062
67.000 40.250
67.000 40.500
67.250 40.500
67.250 40.250
Building 4 5 0.062
67.000 40.500
67.000 40.750
67.250 40.750
67.250 40.500
Building 4 5 0.062
67.000 40.750
67.000 41.000
67.250 41.000
67.250 40.750
Building 4 5 0.062
67.000 41.000
67.000 41.250
67.250 41.250
67.250 41.000
Building 4 5 0.062
67.000 41.250
67.000 41.500
67.250 41.500
67.250 41.250
Building 4 5 0.062
67.000 41.500
67.000 41.750
67.250 41.750
67.250 41.500
Building 4 5 0.062
67.000 41.750
67.000 42.000
67.250 42.000
67.250 41.750
Building 4 5 0.062
67.000 42.000
67.000 42.250
67.250 42.250
67.250 42.000
Building 4 5 0.062
67.000 42.250
67.000 42.500
67.250 42.500
67.250 42.250
Building 4 5 0.062
67.000 42.500
67.000 42.750
67.250 42.750
67.250 42.500
Building 4 5 0.062
67.000 42.750
67.000 43.000
67.250 43.000
67.250 42.750
Building 4 5 0.062
67.000 43.000
67.000 43.250
67.250 43.250
67.250 43.000
Building 4 5 0.062
67.000 43.250
67.000 43.500
67.250 43.500
67.250 43.250
Building 4 5 0.062
67.000 43.500
67.000 43.750
67.250 43.750
67.250 43.500
Building 4 5 0.062
67.000 43.750
67.000 44.000
67.250 44.000
67.250 43.750
Building 4 5 0.062
67.000 44.000
67.000 44.250
67.250 44.250
67.250 44.000
Building 4 5 0.062
67.000 44.250
67.000 44.500
67.250 44.500
67.250 44.250
Building 4 5 0.062
67.000 44.500
67.000 44.750
67.250 44.750
67.250 44.500
Building 4 5 0.062
67.000 44.750
67.000 45.000
67.250 45.000
67.250 44.750
Building 4 5 0.062
67.000 45.000
67.000 45.250
67.250 45.250
67.250 45.000
Building 4 5 0.062
67.000 45.250
67.000 45.500
67.250 45.500
67.250 45.250
Building 4 5 0.062
67.000 45.500
67.000 45.750
67.250 45.750
67.250 45.500
Building 4 5 0.062
67.000 45.750
67.000 46.000
67.250 46.000
67.250 45.750
Building 4 5 0.062
67.000 46.000
67.000 46.250
67.250 46.250
67.250 46.000
Building 4 5 0.062
67.000 46.250
67.000 46.500
67.250 46.500
67.250 46.250
Building 4 5 0.062
67.000 46.500
67.000 46.750
67.250 46.750
67.250 46.500
Building 4 5 0.062
67.000 46.750
67.000 47.000
67.250 47.000
67.250 46.750
Building 4 5 0.062
67.000 47.000
67.000 47.250
67.250 47.250
67.250 47.000
Building 4 5 0.062
67.000 47.250
67.000 47.500
67.250 47.500
67.250 47.250
Building 4 5 0.062
67.000 47.500
67.000 47.750
67.250 47.750
67.250 47.500
Building 4 5 0.062
67.000 47.750
67.000 48.000
67.250 48.000
67.250 47.750
Building 4 5 0.062
67.000 48.000
67.000 48.250
67.250 48.250
67.250 48.000
Building 4 5 0.062
67.000 48.250
67.000 48.500
67.250 48.500
67.250 48.250
Building 4 5 0.062
67.000 48.500
67.000 48.750
67.250 48.750
67.250 48.500
Building 4 5 0.062
67.000 48.750
67.000 49.000
67.250 49.000
67.250 48.750
Building 4 5 0.062
67.000 49.000
67.000 49.250
67.250 49.250
67.250 49.000
Building 4 5 0.062
67.000 49.250
67.000 49.500
67.250 49.500
67.250 49.250
Building 4 5 0.062
67.000 49.500
67.000 49.750
67.250 49.750
67.250 49.500
Building 4 5 0.062
67.000 49.750
67.000 50.000
67.250 50.000
67.250 49.750
Building 4 5 0.062
67.000 50.000
67.000 50.250
67.250 50.250
67.250 50.000
Building 4 5 0.062
67.000 50.250
67.000 50.500
67.250 50.500
67.250 50.250
Building 4 5 0.062
67.000 50.500
67.000 50.750
67.250 50.750
67.250 50.500
Building 4 5 0.062
67.000 50.750
67.000 51.000
67.250 51.000
67.250 50.750
Building 4 5 0.062
67.000 51.000
67.000 51.250
67.250 51.250
67.250 51.000
Building 4 5 0.062
67.000 51.250
67.000 51.500
67.250 51.500
67.250 51.250
Building 4 5 0.062
67.000 51.500
67.000 51.750
67.250 51.750
67.250 51.500
Building 4 5 0.062
67.000 51.750
67.000 52.000
67.250 52.000
67.250 51.750
Building 4 5 0.062
67.000 52.000
67.000 52.250
67.250 52.250
67.250 52.000
Building 4 5 0.062
67.000 52.250
67.000 52.500
67.250 52.500
67.250 52.250
Building 4 5 0.062
67.000 52.500
67.000 52.750
67.250 52.750
67.250 52.500
Building 4 5 0.062
67.000 52.750
67.000 53.000
67.250 53.000
67.250 52.750
Building 4 5 0.062
67.000 53.000
67.000 53.250
67.250 53.250
67.250 53.000
Building 4 5 0.062
67.000 53.250
67.000 53.500
67.250 53.500
67.250 53.250
Building 4 5 0.062
67.000 53.500
67.000 53.750
67.250 53.750
67.250 53.500
Building 4 5 0.062
67.000 53.750
67.000 54.000
67.250 54.000
67.250 53.750
Building 4 5 0.062
67.000 54.000
67.000 54.250
67.250 54.250
67.250 54.000
Building 4 5 0.062
67.000 54.250
67.000 54.500
67.250 54.500
67.250 54.250
Building 4 5 0.062
67.000 54.500
67.000 54.750
67.250 54.750
67.250 54.500
Building 4 5 0.062
67.000 54.750
67.000 55.000
67.250 55.000
67.250 54.750
Building 4 5 0.062
67.000 55.000
67.000 55.250
67.250 55.250
67.250 55.000
Building 4 5 0.062
67.000 55.250
67.000 55.500
67.250 55.500
67.250 55.250
Building 4 5 0.062
67.000 55.500
67.000 55.750
67.250 55.750
67.250 55.500
Building 4 5 0.062
67.000 55.750
67.000 56.000
67.250 56.000
67.250 55.750
Building 4 5 0.062
67.000 56.000
67.000 56.250
67.250 56.250
67.250 56.000
Building 4 5 0.062
67.000 56.250
67.000 56.500
67.250 56.500
67.250 56.250
Building 4 5 0.062
67.000 56.500
67.000 56.750
67.250 56.750
67.250 56.500
Building 4 5 0.062
67.000 56.750
67.000 57.000
67.250 57.000
67.250 56.750
Building 4 5 0.062
67.000 57.000
67.000 57.250
67.250 57.250
67.250 57.000
Building 4 5 0.062
67.000 57.250
67.000 57.500
67.250 57.500
67.250 57.250
Building 4 5 0.062
67.000 57.500
67.000 57.750
67.250 57.750
67.250 57.500
Building 4 5 0.062
67.000 57.750
67.000 58.000
67.250 58.000
67.250 57.750
Building 4 5 0.062
67.000 58.000
67.000 58.250
67.250 58.250
67.250 58.000
Building 4 5 0.062
67.000 58.250
67.000 58.500
67.250 58.500
67.250 58.250
Building 4 5 0.062
67.000 58.500
67.000 58.750
67.250 58.750
67.250 58.500
Building 4 5 0.062
67.000 58.750
67.000 59.000
67.250 59.000
67.250 58.750
Building 4 5 0.062
67.000 59.000
67.000 59.250
67.250 59.250
67.250 59.000
Building 4 5 0.062
67.000 59.250
67.000 59.500
67.250 59.500
67.250 59.250
Building 4 5 0.062
67.000 59.500
67.000 59.750
67.250 59.750
67.250 59.500
Building 4 5 0.062
67.000 59.750
67.000 60.000
67.250 60.000
67.250 59.750
Building 4 5 0.062
67.000 60.000
67.000 60.250
67.250 60.250
67.250 60.000
Building 4 5 0.062
67.000 60.250
67.000 60.500
67.250 60.500
67.250 60.250
Building 4 5 0.062
67.000 60.500
67.000 60.750
67.250 60.750
67.250 60.500
Building 4 5 0.062
67.000 60.750
67.000 61.000
67.250 61.000
67.250 60.750
Building 4 5 0.062
67.000 61.000
67.000 61.250
67.250 61.250
67.250 61.000
Building 4 5 0.062
67.000 61.250
67.000 61.500
67.250 61.500
67.250 61.250
Building 4 5 0.062
67.000 61.500
67.000 61.750
67.250 61.750
67.250 61.500
Building 4 5 0.062
67.000 61.750
67.000 62.000
67.250 62.000
67.250 61.750
Building 4 5 0.062
67.000 62.000
67.000 62.250
67.250 62.250
67.250 62.000
Building 4 5 0.062
67.000 62.250
67.000 62.500
67.250 62.500
67.250 62.250
Building 4 5 0.062
67.000 62.500
67.000 62.750
67.250 62.750
67.250 62.500
Building 4 5 0.062
67.000 62.750
67.000 63.000
67.250 63.000
67.250 62.750
Building 4 5 0.062
67.000 63.000
67.000 63.250
67.250 63.250
67.250 63.000
Building 4 5 0.062
67.000 63.250
67.000 63.500
67.250 63.500
67.250 63.250
Building 4 5 0.062
67.000 63.500
67.000 63.750
67.250 63.750
67.250 63.500
Building 4 5 0.062
67.250 64.000
67.250 63.750
67.000 63.750
67.000 64.000
Building 4 5 0.062
67.500 27.500
67.250 27.500
67.250 27.750
67.500 27.750
Building 4 5 0.062
67.500 27.750
67.250 27.750
67.250 28.000
67.500 28.000
Building 4 5 0.062
67.500 28.000
67.250 28.000
67.250 28.250
67.500 28.250
Building 4 5 0.062
67.500 28.250
67.250 28.250
67.250 28.500
67.500 28.500
Building 4 5 0.062
67.500 28.500
67.250 28.500
67.250 28.750
67.500 28.750
Building 4 5 0.062
67.500 28.750
67.250 28.750
67.250 29.000
67.500 29.000
Building 4 5 0.062
67.500 29.000
67.250 29.000
67.250 29.250
67.500 29.250
Building 4 5 0.062
67.500 29.250
67.250 29.250
67.250 29.500
67.500 29.500
Building 4 5 0.062
67.500 29.500
67.250 29.500
67.250 29.750
67.500 29.750
Building 4 5 0.062
67.500 29.750
67.250 29.750
67.250 30.000
67.500 30.000
Building 4 5 0.062
67.500 30.000
67.250 30.000
67.250 30.250
67.500 30.250
Building 4 5 0.062
67.500 30.250
67.250 30.250
67.250 30.500
67.500 30.500
Building 4 5 0.062
67.500 30.500
67.250 30.500
67.250 30.750
67.500 30.750
Building 4 5 0.062
67.500 30.750
67.250 30.750
67.250 31.000
67.500 31.000
Building 4 5 0.062
67.500 31.000
67.250 31.000
67.250 31.250
67.500 31.250
Building 4 5 0.062
67.500 31.250
67.250 31.250
67.250 31.500
67.500 31.500
Building 4 5 0.062
67.500 31.500
67.250 31.500
67.250 31.750
67.500 31.750
Building 4 5 0.062
67.500 31.750
67.250 31.750
67.250 32.000
67.500 32.000
Building 4 5 0.062
67.500 32.000
67.250 32.000
67.250 32.250
67.500 32.250
Building 4 5 0.062
67.500 32.250
67.250 32.250
67.250 32.500
67.500 32.500
Building 4 5 0.062
67.500 32.500
67.250 32.500
67.250 32.750
67.500 32.750
Building 4 5 0.062
67.500 32.750
67.250 32.750
67.250 33.000
67.500 33.000
Building 4 5 0.062
67.500 33.000
67.250 33.000
67.250 33.250
67.500 33.250
Building 4 5 0.062
67.500 33.250
67.250 33.250
67.250 33.500
67.500 33.500
Building 4 5 0.062
67.500 33.500
67.250 33.500
67.250 33.750
67.500 33.750
Building 4 5 0.062
67.500 33.750
67.250 33.750
67.250 34.000
67.500 34.000
Building 4 5 0.062
67.500 34.000
67.250 34.000
67.250 34.250
67.500 34.250
Building 4 5 0.062
67.500 34.250
67.250 34.250
67.250 34.500
67.500 34.500
Building 4 5 0.062
67.500 34.500
67.250 34.500
67.250 34.750
67.500 34.750
Building 4 5 0.062
67.500 34.750
67.250 34.750
67.250 35.000
67.500 35.000
Building 4 5 0.062
67.500 35.000
67.250 35.000
67.250 35.250
67.500 35.250
Building 4 5 0.062
67.500 35.250
67.250 35.250
67.250 35.500
67.500 35.500
Building 4 5 0.062
67.500 35.500
67.250 35.500
67.250 35.750
67.500 35.750
Building 4 5 0.062
67.500 35.750
67.250 35.750
67.250 36.000
67.500 36.000
Building 4 5 0.062
67.500 36.000
67.250 36.000
67.250 36.250
67.500 36.250
Building 4 5 0.062
67.500 36.250
67.250 36.250
67.250 36.500
67.500 36.500
Building 4 5 0.062
67.500 36.500
67.250 36.500
67.250 36.750
67.500 36.750
Building 4 5 0.062
67.500 36.750
67.250 36.750
67.250 37.000
67.500 37.000
Building 4 5 0.062
67.500 37.000
67.250 37.000
67.250 37.250
67.500 37.250
Building 4 5 0.062
67.500 37.250
67.250 37.250
67.250 37.500
67.500 37.500
Building 4 5 0.062
67.500 37.500
67.250 37.500
67.250 37.750
67.500 37.750
Building 4 5 0.062
67.500 37.750
67.250 37.750
67.250 38.000
67.500 38.000
Building 4 5 0.062
67.500 38.000
67.250 38.000
67.250 38.250
67.500 38.250
Building 4 5 0.062
67.500 38.250
67.250 38.250
67.250 38.500
67.500 38.500
Building 4 5 0.062
67.500 38.500
67.250 38.500
67.250 38.750
67.500 38.750
Building 4 5 0.062
67.500 38.750
67.250 38.750
67.250 39.000
67.500 39.000
Building 4 5 0.062
67.500 39.000
67.250 39.000
67.250 39.250
67.500 39.250
Building 4 5 0.062
67.500 39.250
67.250 39.250
67.250 39.500
67.500 39.500
Building 4 5 0.062
67.500 39.500
67.250 39.500
67.250 39.750
67.500 39.750
Building 4 5 0.062
67.500 39.750
67.250 39.750
67.250 40.000
67.500 40.000
Building 4 5 0.062
67.500 40.000
67.250 40.000
67.250 40.250
67.500 40.250
Building 4 5 0.062
67.500 40.250
67.250 40.250
67.250 40.500
67.500 40.500
Building 4 5 0.062
67.500 40.500
67.250 40.500
67.250 40.750
67.500 40.750
Building 4 5 0.062
67.500 40.750
67.250 40.750
67.250 41.000
67.500 41.000
Building 4 5 0.062
67.500 41.000
67.250 41.000
67.250 41.250
67.500 41.250
Building 4 5 0.062
67.500 41.250
67.250 41.250
67.250 41.500
67.500 41.500
Building 4 5 0.062
67.500 41.500
67.250 41.500
67.250 41.750
67.500 41.750
Building 4 5 0.062
67.500 41.750
67.250 41.750
67.250 42.000
67.500 42.000
Building 4 5 0.062
67.500 42.000
67.250 42.000
67.250 42.250
67.500 42.250
Building 4 5 0.062
67.500 42.250
67.250 42.250
67.250 42.500
67.500 42.500
Building 4 5 0.062
67.500 42.500
67.250 42.500
67.250 42.750
67.500 42.750
Building 4 5 0.062
67.500 42.750
67.250 42.750
67.250 43.000
67.500 43.000
Building 4 5 0.062
67.500 43.000
67.250 43.000
67.250 43.250
67.500 43.250
Building 4 5 0.062
67.500 43.250
67.250 43.250
67.250 43.500
67.500 43.500
Building 4 5 0.062
67.500 43.500
67.250 43.500
67.250 43.750
67.500 43.750
Building 4 5 0.062
67.500 43.750
67.250 43.750
67.250 44.000
67.500 44.000
Building 4 5 0.062
67.500 44.000
67.250 44.000
67.250 44.250
67.500 44.250
Building 4 5 0.062
67.500 44.250
67.250 44.250
67.250 44.500
67.500 44.500
Building 4 5 0.062
67.500 44.500
67.250 44.500
67.250 44.750
67.500 44.750
Building 4 5 0.062
67.500 44.750
67.250 44.750
67.250 45.000
67.500 45.000
Building 4 5 0.062
67.500 45.000
67.250 45.000
67.250 45.250
67.500 45.250
Building 4 5 0.062
67.500 45.250
67.250 45.250
67.250 45.500
67.500 45.500
Building 4 5 0.062
67.500 45.500
67.250 45.500
67.250 45.750
67.500 45.750
Building 4 5 0.062
67.500 45.750
67.250 45.750
67.250 46.000
67.500 46.000
Building 4 5 0.062
67.500 46.000
67.250 46.000
67.250 46.250
67.500 46.250
Building 4 5 0.062
67.500 46.250
67.250 46.250
67.250 46.500
67.500 46.500
Building 4 5 0.062
67.500 46.500
67.250 46.500
67.250 46.750
67.500 46.750
Building 4 5 0.062
67.500 46.750
67.250 46.750
67.250 47.000
67.500 47.000
Building 4 5 0.062
67.500 47.000
67.250 47.000
67.250 47.250
67.500 47.250
Building 4 5 0.062
67.500 47.250
67.250 47.250
67.250 47.500
67.500 47.500
Building 4 5 0.062
67.500 47.500
67.250 47.500
67.250 47.750
67.500 47.750
Building 4 5 0.062
67.500 47.750
67.250 47.750
67.250 48.000
67.500 48.000
Building 4 5 0.062
67.500 48.000
67.250 48.000
67.250 48.250
67.500 48.250
Building 4 5 0.062
67.500 48.250
67.250 48.250
67.250 48.500
67.500 48.500
Building 4 5 0.062
67.500 48.500
67.250 48.500
67.250 48.750
67.500 48.750
Building 4 5 0.062
67.500 48.750
67.250 48.750
67.250 49.000
67.500 49.000
Building 4 5 0.062
67.500 49.000
67.250 49.000
67.250 49.250
67.500 49.250
Building 4 5 0.062
67.500 49.250
67.250 49.250
67.250 49.500
67.500 49.500
Building 4 5 0.062
67.500 49.500
67.250 49.500
67.250 49.750
67.500 49.750
Building 4 5 0.062
67.500 49.750
67.250 49.750
67.250 50.000
67.500 50.000
Building 4 5 0.062
67.500 50.000
67.250 50.000
67.250 50.250
67.500 50.250
Building 4 5 0.062
67.500 50.250
67.250 50.250
67.250 50.500
67.500 50.500
Building 4 5 0.062
67.500 50.500
67.250 50.500
67.250 50.750
67.500 50.750
Building 4 5 0.062
67.500 50.750
67.250 50.750
67.250 51.000
67.500 51.000
Building 4 5 0.062
67.500 51.000
67.250 51.000
67.250 51.250
67.500 51.250
Building 4 5 0.062
67.500 51.250
67.250 51.250
67.250 51.500
67.500 51.500
Building 4 5 0.062
67.500 51.500
67.250 51.500
67.250 51.750
67.500 51.750
Building 4 5 0.062
67.500 51.750
67.250 51.750
67.250 52.000
67.500 52.000
Building 4 5 0.062
67.500 52.000
67.250 52.000
67.250 52.250
67.500 52.250
Building 4 5 0.062
67.500 52.250
67.250 52.250
67.250 52.500
67.500 52.500
Building 4 5 0.062
67.500 52.500
67.250 52.500
67.250 52.750
67.500 52.750
Building 4 5 0.062
67.500 52.750
67.250 52.750
67.250 53.000
67.500 53.000
Building 4 5 0.062
67.500 53.000
67.250 53.000
67.250 53.250
67.500 53.250
Building 4 5 0.062
67.500 53.250
67.250 53.250
67.250 53.500
67.500 53.500
Building 4 5 0.062
67.500 53.500
67.250 53.500
67.250 53.750
67.500 53.750
Building 4 5 0.062
67.500 53.750
67.250 53.750
67.250 54.000
67.500 54.000
Building 4 5 0.062
67.500 54.000
67.250 54.000
67.250 54.250
67.500 54.250
Building 4 5 0.062
67.500 54.250
67.250 54.250
67.250 54.500
67.500 54.500
Building 4 5 0.062
67.500 54.500
67.250 54.500
67.250 54.750
67.500 54.750
Building 4 5 0.062
67.500 54.750
67.250 54.750
67.250 55.000
67.500 55.000
Building 4 5 0.062
67.500 55.000
67.250 55.000
67.250 55.250
67.500 55.250
Building 4 5 0.062
67.500 55.250
67.250 55.250
67.250 55.500
67.500 55.500
Building 4 5 0.062
67.500 55.500
67.250 55.500
67.250 55.750
67.500 55.750
Building 4 5 0.062
67.500 55.750
67.250 55.750
67.250 56.000
67.500 56.000
Building 4 5 0.062
67.500 56.000
67.250 56.000
67.250 56.250
67.500 56.250
Building 4 5 0.062
67.500 56.250
67.250 56.250
67.250 56.500
67.500 56.500
Building 4 5 0.062
67.500 56.500
67.250 56.500
67.250 56.750
67.500 56.750
Building 4 5 0.062
67.500 56.750
67.250 56.750
67.250 57.000
67.500 57.000
Building 4 5 0.062
67.500 57.000
67.250 57.000
67.250 57.250
67.500 57.250
Building 4 5 0.062
67.500 57.250
67.250 57.250
67.250 57.500
67.500 57.500
Building 4 5 0.062
67.500 57.500
67.250 57.500
67.250 57.750
67.500 57.750
Building 4 5 0.062
67.500 57.750
67.250 57.750
67.250 58.000
67.500 58.000
Building 4 5 0.062
67.500 58.000
67.250 58.000
67.250 58.250
67.500 58.250
Building 4 5 0.062
67.500 58.250
67.250 58.250
67.250 58.500
67.500 58.500
Building 4 5 0.062
67.500 58.500
67.250 58.500
67.250 58.750
67.500 58.750
Building 4 5 0.062
67.500 58.750
67.250 58.750
67.250 59.000
67.500 59.000
Building 4 5 0.062
67.500 59.000
67.250 59.000
67.250 59.250
67.500 59.250
Building 4 5 0.062
67.500 59.250
67.250 59.250
67.250 59.500
67.500 59.500
Building 4 5 0.062
67.500 59.500
67.250 59.500
67.250 59.750
67.500 59.750
Building 4 5 0.062
67.500 59.750
67.250 59.750
67.250 60.000
67.500 60.000
Building 4 5 0.062
67.500 60.000
67.250 60.000
67.250 60.250
67.500 60.250
Building 4 5 0.062
67.500 60.250
67.250 60.250
67.250 60.500
67.500 60.500
Building 4 5 0.062
67.500 60.500
67.250 60.500
67.250 60.750
67.500 60.750
Building 4 5 0.062
67.500 60.750
67.250 60.750
67.250 61.000
67.500 61.000
Building 4 5 0.062
67.500 61.000
67.250 61.000
67.250 61.250
67.500 61.250
Building 4 5 0.062
67.500 61.250
67.250 61.250
67.250 61.500
67.500 61.500
Building 4 5 0.062
67.500 61.500
67.250 61.500
67.250 61.750
67.500 61.750
Building 4 5 0.062
67.500 61.750
67.250 61.750
67.250 62.000
67.500 62.000
Building 4 5 0.062
67.500 62.000
67.250 62.000
67.250 62.250
67.500 62.250
Building 4 5 0.062
67.500 62.250
67.250 62.250
67.250 62.500
67.500 62.500
Building 4 5 0.062
67.500 62.500
67.250 62.500
67.250 62.750
67.500 62.750
Building 4 5 0.062
67.500 62.750
67.250 62.750
67.250 63.000
67.500 63.000
Building 4 5 0.062
67.500 63.000
67.250 63.000
67.250 63.250
67.500 63.250
Building 4 5 0.062
67.500 63.250
67.250 63.250
67.250 63.500
67.500 63.500
Building 4 5 0.062
67.500 63.500
67.250 63.500
67.250 63.750
67.500 63.750
Building 4 5 0.062
67.500 64.000
67.500 63.750
67.250 63.750
67.250 64.000
